ZCTA,month,admin2,fatalities,event_count,neighbor_conflicts
15001,2022-01,Beaver,0,1,0.0
15001,2022-02,Beaver,0,0,0.0
15001,2022-03,Beaver,0,0,0.0
15001,2022-04,Beaver,0,0,0.0
15001,2022-05,Beaver,0,0,0.0
15001,2022-06,Beaver,0,0,0.0
15001,2022-07,Beaver,0,0,0.0
15001,2022-08,Beaver,0,0,0.0
15001,2022-09,Beaver,0,1,0.0
15001,2022-10,Beaver,0,0,1.0
15001,2022-11,Beaver,0,0,0.0
15001,2022-12,Beaver,0,0,1.0
15003,2022-01,0,0,0,1.0
15003,2022-02,0,0,0,0.0
15003,2022-03,0,0,0,1.0
15003,2022-04,0,0,0,0.0
15003,2022-05,0,0,0,0.0
15003,2022-06,0,0,0,0.0
15003,2022-07,0,0,0,0.0
15003,2022-08,0,0,0,0.0
15003,2022-09,0,0,0,1.0
15003,2022-10,0,0,0,0.0
15003,2022-11,0,0,0,0.0
15003,2022-12,0,0,0,0.0
15004,2022-01,0,0,0,0.0
15004,2022-02,0,0,0,0.0
15004,2022-03,0,0,0,0.0
15004,2022-04,0,0,0,0.0
15004,2022-05,0,0,0,0.0
15004,2022-06,0,0,0,0.0
15004,2022-07,0,0,0,0.0
15004,2022-08,0,0,0,0.0
15004,2022-09,0,0,0,0.0
15004,2022-10,0,0,0,0.0
15004,2022-11,0,0,0,0.0
15004,2022-12,0,0,0,0.0
15005,2022-01,0,0,0,1.0
15005,2022-02,0,0,0,0.0
15005,2022-03,0,0,0,1.0
15005,2022-04,0,0,0,0.0
15005,2022-05,0,0,0,0.0
15005,2022-06,0,0,0,1.0
15005,2022-07,0,0,0,0.0
15005,2022-08,0,0,0,0.0
15005,2022-09,0,0,0,1.0
15005,2022-10,0,0,0,0.0
15005,2022-11,0,0,0,0.0
15005,2022-12,0,0,0,0.0
15006,2022-01,0,0,0,0.0
15006,2022-02,0,0,0,0.0
15006,2022-03,0,0,0,0.0
15006,2022-04,0,0,0,0.0
15006,2022-05,0,0,0,0.0
15006,2022-06,0,0,0,0.0
15006,2022-07,0,0,0,0.0
15006,2022-08,0,0,0,0.0
15006,2022-09,0,0,0,0.0
15006,2022-10,0,0,0,0.0
15006,2022-11,0,0,0,0.0
15006,2022-12,0,0,0,0.0
15007,2022-01,0,0,0,0.0
15007,2022-02,0,0,0,0.0
15007,2022-03,0,0,0,0.0
15007,2022-04,0,0,0,0.0
15007,2022-05,0,0,0,0.0
15007,2022-06,0,0,0,0.0
15007,2022-07,0,0,0,0.0
15007,2022-08,0,0,0,0.0
15007,2022-09,0,0,0,0.0
15007,2022-10,0,0,0,0.0
15007,2022-11,0,0,0,0.0
15007,2022-12,0,0,0,0.0
15009,2022-01,Beaver,0,0,0.0
15009,2022-02,Beaver,0,0,0.0
15009,2022-03,Beaver,0,0,0.0
15009,2022-04,Beaver,0,0,0.0
15009,2022-05,Beaver,0,0,1.0
15009,2022-06,Beaver,0,2,0.0
15009,2022-07,Beaver,0,0,0.0
15009,2022-08,Beaver,0,0,0.0
15009,2022-09,Beaver,0,0,0.0
15009,2022-10,Beaver,0,0,0.0
15009,2022-11,Beaver,0,0,0.0
15009,2022-12,Beaver,0,0,0.0
15010,2022-01,Beaver,0,0,0.0
15010,2022-02,Beaver,0,0,0.0
15010,2022-03,Beaver,0,0,0.0
15010,2022-04,Beaver,0,0,0.0
15010,2022-05,Beaver,0,1,0.0
15010,2022-06,Beaver,0,0,2.0
15010,2022-07,Beaver,0,0,0.0
15010,2022-08,Beaver,0,0,0.0
15010,2022-09,Beaver,0,0,0.0
15010,2022-10,Beaver,0,0,0.0
15010,2022-11,Beaver,0,0,0.0
15010,2022-12,Beaver,0,0,0.0
15012,2022-01,0,0,0,0.0
15012,2022-02,0,0,0,0.0
15012,2022-03,0,0,0,0.0
15012,2022-04,0,0,0,0.0
15012,2022-05,0,0,0,0.0
15012,2022-06,0,0,0,0.0
15012,2022-07,0,0,0,1.0
15012,2022-08,0,0,0,0.0
15012,2022-09,0,0,0,0.0
15012,2022-10,0,0,0,0.0
15012,2022-11,0,0,0,0.0
15012,2022-12,0,0,0,0.0
15014,2022-01,0,0,0,0.0
15014,2022-02,0,0,0,0.0
15014,2022-03,0,0,0,1.0
15014,2022-04,0,0,0,0.0
15014,2022-05,0,0,0,0.0
15014,2022-06,0,0,0,0.0
15014,2022-07,0,0,0,4.0
15014,2022-08,0,0,0,0.0
15014,2022-09,0,0,0,0.0
15014,2022-10,0,0,0,0.0
15014,2022-11,0,0,0,0.0
15014,2022-12,0,0,0,1.0
15015,2022-01,0,0,0,0.0
15015,2022-02,0,0,0,0.0
15015,2022-03,0,0,0,0.0
15015,2022-04,0,0,0,0.0
15015,2022-05,0,0,0,0.0
15015,2022-06,0,0,0,1.0
15015,2022-07,0,0,0,0.0
15015,2022-08,0,0,0,0.0
15015,2022-09,0,0,0,0.0
15015,2022-10,0,0,0,0.0
15015,2022-11,0,0,0,0.0
15015,2022-12,0,0,0,0.0
15017,2022-01,0,0,0,0.0
15017,2022-02,0,0,0,0.0
15017,2022-03,0,0,0,0.0
15017,2022-04,0,0,0,0.0
15017,2022-05,0,0,0,0.0
15017,2022-06,0,0,0,0.0
15017,2022-07,0,0,0,0.0
15017,2022-08,0,0,0,0.0
15017,2022-09,0,0,0,0.0
15017,2022-10,0,0,0,0.0
15017,2022-11,0,0,0,0.0
15017,2022-12,0,0,0,0.0
15018,2022-01,0,0,0,0.0
15018,2022-02,0,0,0,0.0
15018,2022-03,0,0,0,0.0
15018,2022-04,0,0,0,0.0
15018,2022-05,0,0,0,0.0
15018,2022-06,0,0,0,0.0
15018,2022-07,0,0,0,1.0
15018,2022-08,0,0,0,0.0
15018,2022-09,0,0,0,2.0
15018,2022-10,0,0,0,0.0
15018,2022-11,0,0,0,0.0
15018,2022-12,0,0,0,0.0
15019,2022-01,0,0,0,0.0
15019,2022-02,0,0,0,0.0
15019,2022-03,0,0,0,0.0
15019,2022-04,0,0,0,0.0
15019,2022-05,0,0,0,0.0
15019,2022-06,0,0,0,0.0
15019,2022-07,0,0,0,0.0
15019,2022-08,0,0,0,0.0
15019,2022-09,0,0,0,0.0
15019,2022-10,0,0,0,1.0
15019,2022-11,0,0,0,0.0
15019,2022-12,0,0,0,1.0
15020,2022-01,0,0,0,0.0
15020,2022-02,0,0,0,0.0
15020,2022-03,0,0,0,0.0
15020,2022-04,0,0,0,0.0
15020,2022-05,0,0,0,0.0
15020,2022-06,0,0,0,0.0
15020,2022-07,0,0,0,1.0
15020,2022-08,0,0,0,0.0
15020,2022-09,0,0,0,0.0
15020,2022-10,0,0,0,0.0
15020,2022-11,0,0,0,0.0
15020,2022-12,0,0,0,0.0
15021,2022-01,0,0,0,0.0
15021,2022-02,0,0,0,0.0
15021,2022-03,0,0,0,0.0
15021,2022-04,0,0,0,0.0
15021,2022-05,0,0,0,0.0
15021,2022-06,0,0,0,0.0
15021,2022-07,0,0,0,0.0
15021,2022-08,0,0,0,0.0
15021,2022-09,0,0,0,0.0
15021,2022-10,0,0,0,1.0
15021,2022-11,0,0,0,0.0
15021,2022-12,0,0,0,1.0
15022,2022-01,0,0,0,0.0
15022,2022-02,0,0,0,0.0
15022,2022-03,0,0,0,0.0
15022,2022-04,0,0,0,0.0
15022,2022-05,0,0,0,0.0
15022,2022-06,0,0,0,0.0
15022,2022-07,0,0,0,0.0
15022,2022-08,0,0,0,0.0
15022,2022-09,0,0,0,0.0
15022,2022-10,0,0,0,0.0
15022,2022-11,0,0,0,0.0
15022,2022-12,0,0,0,0.0
15024,2022-01,0,0,0,0.0
15024,2022-02,0,0,0,0.0
15024,2022-03,0,0,0,1.0
15024,2022-04,0,0,0,0.0
15024,2022-05,0,0,0,0.0
15024,2022-06,0,0,0,0.0
15024,2022-07,0,0,0,4.0
15024,2022-08,0,0,0,0.0
15024,2022-09,0,0,0,0.0
15024,2022-10,0,0,0,0.0
15024,2022-11,0,0,0,2.0
15024,2022-12,0,0,0,1.0
15025,2022-01,Allegheny,0,0,0.0
15025,2022-02,Allegheny,0,0,0.0
15025,2022-03,Allegheny,0,0,0.0
15025,2022-04,Allegheny,0,0,0.0
15025,2022-05,Allegheny,0,1,0.0
15025,2022-06,Allegheny,0,0,0.0
15025,2022-07,Allegheny,0,0,1.0
15025,2022-08,Allegheny,0,0,0.0
15025,2022-09,Allegheny,0,0,0.0
15025,2022-10,Allegheny,0,0,0.0
15025,2022-11,Allegheny,0,0,0.0
15025,2022-12,Allegheny,0,0,0.0
15026,2022-01,Allegheny,0,0,1.0
15026,2022-02,Allegheny,0,0,0.0
15026,2022-03,Allegheny,0,0,0.0
15026,2022-04,Allegheny,0,0,0.0
15026,2022-05,Allegheny,0,0,0.0
15026,2022-06,Allegheny,0,0,0.0
15026,2022-07,Allegheny,0,0,0.0
15026,2022-08,Allegheny,0,0,0.0
15026,2022-09,Allegheny,0,0,1.0
15026,2022-10,Allegheny,0,1,0.0
15026,2022-11,Allegheny,0,0,0.0
15026,2022-12,Allegheny,0,1,0.0
15027,2022-01,0,0,0,1.0
15027,2022-02,0,0,0,0.0
15027,2022-03,0,0,0,0.0
15027,2022-04,0,0,0,0.0
15027,2022-05,0,0,0,0.0
15027,2022-06,0,0,0,0.0
15027,2022-07,0,0,0,0.0
15027,2022-08,0,0,0,0.0
15027,2022-09,0,0,0,1.0
15027,2022-10,0,0,0,0.0
15027,2022-11,0,0,0,0.0
15027,2022-12,0,0,0,0.0
15028,2022-01,0,0,0,0.0
15028,2022-02,0,0,0,0.0
15028,2022-03,0,0,0,0.0
15028,2022-04,0,0,0,0.0
15028,2022-05,0,0,0,0.0
15028,2022-06,0,0,0,0.0
15028,2022-07,0,0,0,0.0
15028,2022-08,0,0,0,0.0
15028,2022-09,0,0,0,2.0
15028,2022-10,0,0,0,0.0
15028,2022-11,0,0,0,0.0
15028,2022-12,0,0,0,0.0
15030,2022-01,0,0,0,0.0
15030,2022-02,0,0,0,0.0
15030,2022-03,0,0,0,1.0
15030,2022-04,0,0,0,0.0
15030,2022-05,0,0,0,0.0
15030,2022-06,0,0,0,0.0
15030,2022-07,0,0,0,4.0
15030,2022-08,0,0,0,0.0
15030,2022-09,0,0,0,0.0
15030,2022-10,0,0,0,0.0
15030,2022-11,0,0,0,1.0
15030,2022-12,0,0,0,1.0
15031,2022-01,0,0,0,0.0
15031,2022-02,0,0,0,0.0
15031,2022-03,0,0,0,0.0
15031,2022-04,0,0,0,0.0
15031,2022-05,0,0,0,0.0
15031,2022-06,0,0,0,0.0
15031,2022-07,0,0,0,0.0
15031,2022-08,0,0,0,0.0
15031,2022-09,0,0,0,0.0
15031,2022-10,0,0,0,0.0
15031,2022-11,0,0,0,0.0
15031,2022-12,0,0,0,0.0
15033,2022-01,0,0,0,0.0
15033,2022-02,0,0,0,0.0
15033,2022-03,0,0,0,0.0
15033,2022-04,0,0,0,0.0
15033,2022-05,0,0,0,0.0
15033,2022-06,0,0,0,0.0
15033,2022-07,0,0,0,0.0
15033,2022-08,0,0,0,0.0
15033,2022-09,0,0,0,0.0
15033,2022-10,0,0,0,0.0
15033,2022-11,0,0,0,0.0
15033,2022-12,0,0,0,0.0
15034,2022-01,0,0,0,0.0
15034,2022-02,0,0,0,0.0
15034,2022-03,0,0,0,1.0
15034,2022-04,0,0,0,0.0
15034,2022-05,0,0,0,1.0
15034,2022-06,0,0,0,0.0
15034,2022-07,0,0,0,0.0
15034,2022-08,0,0,0,0.0
15034,2022-09,0,0,0,0.0
15034,2022-10,0,0,0,1.0
15034,2022-11,0,0,0,0.0
15034,2022-12,0,0,0,0.0
15035,2022-01,0,0,0,0.0
15035,2022-02,0,0,0,0.0
15035,2022-03,0,0,0,0.0
15035,2022-04,0,0,0,0.0
15035,2022-05,0,0,0,0.0
15035,2022-06,0,0,0,0.0
15035,2022-07,0,0,0,0.0
15035,2022-08,0,0,0,0.0
15035,2022-09,0,0,0,0.0
15035,2022-10,0,0,0,0.0
15035,2022-11,0,0,0,0.0
15035,2022-12,0,0,0,0.0
15037,2022-01,Allegheny,0,0,0.0
15037,2022-02,Allegheny,0,0,0.0
15037,2022-03,Allegheny,0,0,1.0
15037,2022-04,Allegheny,0,0,0.0
15037,2022-05,Allegheny,0,0,1.0
15037,2022-06,Allegheny,0,0,0.0
15037,2022-07,Allegheny,0,1,0.0
15037,2022-08,Allegheny,0,0,0.0
15037,2022-09,Allegheny,0,0,0.0
15037,2022-10,Allegheny,0,0,1.0
15037,2022-11,Allegheny,0,0,0.0
15037,2022-12,Allegheny,0,0,0.0
15038,2022-01,0,0,0,0.0
15038,2022-02,0,0,0,0.0
15038,2022-03,0,0,0,0.0
15038,2022-04,0,0,0,0.0
15038,2022-05,0,0,0,1.0
15038,2022-06,0,0,0,0.0
15038,2022-07,0,0,0,1.0
15038,2022-08,0,0,0,0.0
15038,2022-09,0,0,0,0.0
15038,2022-10,0,0,0,0.0
15038,2022-11,0,0,0,0.0
15038,2022-12,0,0,0,0.0
15042,2022-01,0,0,0,0.0
15042,2022-02,0,0,0,0.0
15042,2022-03,0,0,0,0.0
15042,2022-04,0,0,0,0.0
15042,2022-05,0,0,0,0.0
15042,2022-06,0,0,0,0.0
15042,2022-07,0,0,0,0.0
15042,2022-08,0,0,0,0.0
15042,2022-09,0,0,0,0.0
15042,2022-10,0,0,0,0.0
15042,2022-11,0,0,0,0.0
15042,2022-12,0,0,0,0.0
15043,2022-01,0,0,0,0.0
15043,2022-02,0,0,0,0.0
15043,2022-03,0,0,0,0.0
15043,2022-04,0,0,0,0.0
15043,2022-05,0,0,0,0.0
15043,2022-06,0,0,0,0.0
15043,2022-07,0,0,0,0.0
15043,2022-08,0,0,0,0.0
15043,2022-09,0,0,0,0.0
15043,2022-10,0,0,0,0.0
15043,2022-11,0,0,0,0.0
15043,2022-12,0,0,0,0.0
15044,2022-01,0,0,0,0.0
15044,2022-02,0,0,0,0.0
15044,2022-03,0,0,0,0.0
15044,2022-04,0,0,0,0.0
15044,2022-05,0,0,0,0.0
15044,2022-06,0,0,0,1.0
15044,2022-07,0,0,0,1.0
15044,2022-08,0,0,0,0.0
15044,2022-09,0,0,0,0.0
15044,2022-10,0,0,0,0.0
15044,2022-11,0,0,0,1.0
15044,2022-12,0,0,0,0.0
15045,2022-01,0,0,0,0.0
15045,2022-02,0,0,0,0.0
15045,2022-03,0,0,0,1.0
15045,2022-04,0,0,0,0.0
15045,2022-05,0,0,0,1.0
15045,2022-06,0,0,0,0.0
15045,2022-07,0,0,0,1.0
15045,2022-08,0,0,0,0.0
15045,2022-09,0,0,0,0.0
15045,2022-10,0,0,0,1.0
15045,2022-11,0,0,0,0.0
15045,2022-12,0,0,0,0.0
15046,2022-01,0,0,0,1.0
15046,2022-02,0,0,0,0.0
15046,2022-03,0,0,0,1.0
15046,2022-04,0,0,0,0.0
15046,2022-05,0,0,0,0.0
15046,2022-06,0,0,0,0.0
15046,2022-07,0,0,0,0.0
15046,2022-08,0,0,0,0.0
15046,2022-09,0,0,0,1.0
15046,2022-10,0,0,0,0.0
15046,2022-11,0,0,0,0.0
15046,2022-12,0,0,0,0.0
15047,2022-01,0,0,0,0.0
15047,2022-02,0,0,0,0.0
15047,2022-03,0,0,0,1.0
15047,2022-04,0,0,0,0.0
15047,2022-05,0,0,0,0.0
15047,2022-06,0,0,0,0.0
15047,2022-07,0,0,0,0.0
15047,2022-08,0,0,0,0.0
15047,2022-09,0,0,0,0.0
15047,2022-10,0,0,0,1.0
15047,2022-11,0,0,0,0.0
15047,2022-12,0,0,0,0.0
15049,2022-01,0,0,0,0.0
15049,2022-02,0,0,0,0.0
15049,2022-03,0,0,0,0.0
15049,2022-04,0,0,0,0.0
15049,2022-05,0,0,0,0.0
15049,2022-06,0,0,0,0.0
15049,2022-07,0,0,0,1.0
15049,2022-08,0,0,0,0.0
15049,2022-09,0,0,0,0.0
15049,2022-10,0,0,0,0.0
15049,2022-11,0,0,0,1.0
15049,2022-12,0,0,0,0.0
15050,2022-01,0,0,0,1.0
15050,2022-02,0,0,0,0.0
15050,2022-03,0,0,0,0.0
15050,2022-04,0,0,0,0.0
15050,2022-05,0,0,0,0.0
15050,2022-06,0,0,0,0.0
15050,2022-07,0,0,0,0.0
15050,2022-08,0,0,0,0.0
15050,2022-09,0,0,0,1.0
15050,2022-10,0,0,0,1.0
15050,2022-11,0,0,0,0.0
15050,2022-12,0,0,0,1.0
15051,2022-01,0,0,0,0.0
15051,2022-02,0,0,0,0.0
15051,2022-03,0,0,0,0.0
15051,2022-04,0,0,0,0.0
15051,2022-05,0,0,0,0.0
15051,2022-06,0,0,0,0.0
15051,2022-07,0,0,0,0.0
15051,2022-08,0,0,0,0.0
15051,2022-09,0,0,0,0.0
15051,2022-10,0,0,0,0.0
15051,2022-11,0,0,0,0.0
15051,2022-12,0,0,0,0.0
15052,2022-01,0,0,0,0.0
15052,2022-02,0,0,0,0.0
15052,2022-03,0,0,0,0.0
15052,2022-04,0,0,0,0.0
15052,2022-05,0,0,0,1.0
15052,2022-06,0,0,0,2.0
15052,2022-07,0,0,0,0.0
15052,2022-08,0,0,0,0.0
15052,2022-09,0,0,0,0.0
15052,2022-10,0,0,0,0.0
15052,2022-11,0,0,0,0.0
15052,2022-12,0,0,0,0.0
15053,2022-01,0,0,0,0.0
15053,2022-02,0,0,0,0.0
15053,2022-03,0,0,0,0.0
15053,2022-04,0,0,0,0.0
15053,2022-05,0,0,0,0.0
15053,2022-06,0,0,0,0.0
15053,2022-07,0,0,0,0.0
15053,2022-08,0,0,0,0.0
15053,2022-09,0,0,0,0.0
15053,2022-10,0,0,0,0.0
15053,2022-11,0,0,0,0.0
15053,2022-12,0,0,0,0.0
15054,2022-01,0,0,0,0.0
15054,2022-02,0,0,0,0.0
15054,2022-03,0,0,0,0.0
15054,2022-04,0,0,0,0.0
15054,2022-05,0,0,0,0.0
15054,2022-06,0,0,0,0.0
15054,2022-07,0,0,0,0.0
15054,2022-08,0,0,0,0.0
15054,2022-09,0,0,0,0.0
15054,2022-10,0,0,0,0.0
15054,2022-11,0,0,0,0.0
15054,2022-12,0,0,0,0.0
15055,2022-01,0,0,0,0.0
15055,2022-02,0,0,0,0.0
15055,2022-03,0,0,0,0.0
15055,2022-04,0,0,0,0.0
15055,2022-05,0,0,0,0.0
15055,2022-06,0,0,0,0.0
15055,2022-07,0,0,0,0.0
15055,2022-08,0,0,0,0.0
15055,2022-09,0,0,0,0.0
15055,2022-10,0,0,0,0.0
15055,2022-11,0,0,0,0.0
15055,2022-12,0,0,0,0.0
15056,2022-01,0,0,0,0.0
15056,2022-02,0,0,0,0.0
15056,2022-03,0,0,0,1.0
15056,2022-04,0,0,0,0.0
15056,2022-05,0,0,0,0.0
15056,2022-06,0,0,0,0.0
15056,2022-07,0,0,0,0.0
15056,2022-08,0,0,0,0.0
15056,2022-09,0,0,0,0.0
15056,2022-10,0,0,0,0.0
15056,2022-11,0,0,0,0.0
15056,2022-12,0,0,0,0.0
15057,2022-01,0,0,0,0.0
15057,2022-02,0,0,0,0.0
15057,2022-03,0,0,0,0.0
15057,2022-04,0,0,0,0.0
15057,2022-05,0,0,0,0.0
15057,2022-06,0,0,0,0.0
15057,2022-07,0,0,0,0.0
15057,2022-08,0,0,0,0.0
15057,2022-09,0,0,0,0.0
15057,2022-10,0,0,0,0.0
15057,2022-11,0,0,0,0.0
15057,2022-12,0,0,0,0.0
15059,2022-01,0,0,0,0.0
15059,2022-02,0,0,0,0.0
15059,2022-03,0,0,0,0.0
15059,2022-04,0,0,0,0.0
15059,2022-05,0,0,0,1.0
15059,2022-06,0,0,0,0.0
15059,2022-07,0,0,0,0.0
15059,2022-08,0,0,0,0.0
15059,2022-09,0,0,0,0.0
15059,2022-10,0,0,0,0.0
15059,2022-11,0,0,0,0.0
15059,2022-12,0,0,0,0.0
15060,2022-01,0,0,0,0.0
15060,2022-02,0,0,0,0.0
15060,2022-03,0,0,0,0.0
15060,2022-04,0,0,0,0.0
15060,2022-05,0,0,0,0.0
15060,2022-06,0,0,0,0.0
15060,2022-07,0,0,0,0.0
15060,2022-08,0,0,0,0.0
15060,2022-09,0,0,0,0.0
15060,2022-10,0,0,0,0.0
15060,2022-11,0,0,0,0.0
15060,2022-12,0,0,0,0.0
15061,2022-01,0,0,0,1.0
15061,2022-02,0,0,0,0.0
15061,2022-03,0,0,0,0.0
15061,2022-04,0,0,0,0.0
15061,2022-05,0,0,0,0.0
15061,2022-06,0,0,0,2.0
15061,2022-07,0,0,0,0.0
15061,2022-08,0,0,0,0.0
15061,2022-09,0,0,0,1.0
15061,2022-10,0,0,0,0.0
15061,2022-11,0,0,0,0.0
15061,2022-12,0,0,0,0.0
15062,2022-01,0,0,0,0.0
15062,2022-02,0,0,0,0.0
15062,2022-03,0,0,0,0.0
15062,2022-04,0,0,0,0.0
15062,2022-05,0,0,0,0.0
15062,2022-06,0,0,0,0.0
15062,2022-07,0,0,0,0.0
15062,2022-08,0,0,0,0.0
15062,2022-09,0,0,0,0.0
15062,2022-10,0,0,0,0.0
15062,2022-11,0,0,0,0.0
15062,2022-12,0,0,0,0.0
15063,2022-01,0,0,0,0.0
15063,2022-02,0,0,0,0.0
15063,2022-03,0,0,0,0.0
15063,2022-04,0,0,0,0.0
15063,2022-05,0,0,0,0.0
15063,2022-06,0,0,0,0.0
15063,2022-07,0,0,0,1.0
15063,2022-08,0,0,0,0.0
15063,2022-09,0,0,0,0.0
15063,2022-10,0,0,0,0.0
15063,2022-11,0,0,0,0.0
15063,2022-12,0,0,0,0.0
15064,2022-01,0,0,0,0.0
15064,2022-02,0,0,0,0.0
15064,2022-03,0,0,0,0.0
15064,2022-04,0,0,0,0.0
15064,2022-05,0,0,0,0.0
15064,2022-06,0,0,0,0.0
15064,2022-07,0,0,0,0.0
15064,2022-08,0,0,0,0.0
15064,2022-09,0,0,0,0.0
15064,2022-10,0,0,0,0.0
15064,2022-11,0,0,0,0.0
15064,2022-12,0,0,0,0.0
15065,2022-01,0,0,0,0.0
15065,2022-02,0,0,0,0.0
15065,2022-03,0,0,0,1.0
15065,2022-04,0,0,0,0.0
15065,2022-05,0,0,0,0.0
15065,2022-06,0,0,0,0.0
15065,2022-07,0,0,0,4.0
15065,2022-08,0,0,0,0.0
15065,2022-09,0,0,0,0.0
15065,2022-10,0,0,0,0.0
15065,2022-11,0,0,0,0.0
15065,2022-12,0,0,0,1.0
15066,2022-01,0,0,0,0.0
15066,2022-02,0,0,0,0.0
15066,2022-03,0,0,0,0.0
15066,2022-04,0,0,0,0.0
15066,2022-05,0,0,0,1.0
15066,2022-06,0,0,0,2.0
15066,2022-07,0,0,0,0.0
15066,2022-08,0,0,0,0.0
15066,2022-09,0,0,0,0.0
15066,2022-10,0,0,0,0.0
15066,2022-11,0,0,0,0.0
15066,2022-12,0,0,0,0.0
15067,2022-01,0,0,0,0.0
15067,2022-02,0,0,0,0.0
15067,2022-03,0,0,0,0.0
15067,2022-04,0,0,0,0.0
15067,2022-05,0,0,0,0.0
15067,2022-06,0,0,0,0.0
15067,2022-07,0,0,0,0.0
15067,2022-08,0,0,0,0.0
15067,2022-09,0,0,0,0.0
15067,2022-10,0,0,0,0.0
15067,2022-11,0,0,0,0.0
15067,2022-12,0,0,0,0.0
15068,2022-01,Westmoreland,0,0,1.0
15068,2022-02,Westmoreland,0,0,0.0
15068,2022-03,Westmoreland,0,1,1.0
15068,2022-04,Westmoreland,0,0,0.0
15068,2022-05,Westmoreland,0,0,0.0
15068,2022-06,Westmoreland,0,0,0.0
15068,2022-07,Westmoreland,0,3,1.0
15068,2022-08,Westmoreland,0,0,0.0
15068,2022-09,Westmoreland,0,0,0.0
15068,2022-10,Westmoreland,0,0,0.0
15068,2022-11,Westmoreland,0,0,1.0
15068,2022-12,Westmoreland,0,1,0.0
15071,2022-01,0,0,0,0.0
15071,2022-02,0,0,0,0.0
15071,2022-03,0,0,0,0.0
15071,2022-04,0,0,0,0.0
15071,2022-05,0,0,0,0.0
15071,2022-06,0,0,0,0.0
15071,2022-07,0,0,0,0.0
15071,2022-08,0,0,0,0.0
15071,2022-09,0,0,0,0.0
15071,2022-10,0,0,0,0.0
15071,2022-11,0,0,0,0.0
15071,2022-12,0,0,0,0.0
15072,2022-01,0,0,0,0.0
15072,2022-02,0,0,0,0.0
15072,2022-03,0,0,0,0.0
15072,2022-04,0,0,0,0.0
15072,2022-05,0,0,0,0.0
15072,2022-06,0,0,0,0.0
15072,2022-07,0,0,0,0.0
15072,2022-08,0,0,0,0.0
15072,2022-09,0,0,0,0.0
15072,2022-10,0,0,0,0.0
15072,2022-11,0,0,0,0.0
15072,2022-12,0,0,0,0.0
15074,2022-01,0,0,0,0.0
15074,2022-02,0,0,0,0.0
15074,2022-03,0,0,0,0.0
15074,2022-04,0,0,0,0.0
15074,2022-05,0,0,0,0.0
15074,2022-06,0,0,0,2.0
15074,2022-07,0,0,0,0.0
15074,2022-08,0,0,0,0.0
15074,2022-09,0,0,0,0.0
15074,2022-10,0,0,0,0.0
15074,2022-11,0,0,0,0.0
15074,2022-12,0,0,0,0.0
15075,2022-01,0,0,0,0.0
15075,2022-02,0,0,0,0.0
15075,2022-03,0,0,0,0.0
15075,2022-04,0,0,0,0.0
15075,2022-05,0,0,0,0.0
15075,2022-06,0,0,0,0.0
15075,2022-07,0,0,0,0.0
15075,2022-08,0,0,0,0.0
15075,2022-09,0,0,0,0.0
15075,2022-10,0,0,0,0.0
15075,2022-11,0,0,0,0.0
15075,2022-12,0,0,0,0.0
15076,2022-01,0,0,0,0.0
15076,2022-02,0,0,0,0.0
15076,2022-03,0,0,0,0.0
15076,2022-04,0,0,0,0.0
15076,2022-05,0,0,0,0.0
15076,2022-06,0,0,0,0.0
15076,2022-07,0,0,0,1.0
15076,2022-08,0,0,0,0.0
15076,2022-09,0,0,0,0.0
15076,2022-10,0,0,0,0.0
15076,2022-11,0,0,0,0.0
15076,2022-12,0,0,0,0.0
15077,2022-01,0,0,0,1.0
15077,2022-02,0,0,0,0.0
15077,2022-03,0,0,0,0.0
15077,2022-04,0,0,0,0.0
15077,2022-05,0,0,0,0.0
15077,2022-06,0,0,0,2.0
15077,2022-07,0,0,0,0.0
15077,2022-08,0,0,0,0.0
15077,2022-09,0,0,0,1.0
15077,2022-10,0,0,0,0.0
15077,2022-11,0,0,0,0.0
15077,2022-12,0,0,0,0.0
15078,2022-01,0,0,0,0.0
15078,2022-02,0,0,0,0.0
15078,2022-03,0,0,0,0.0
15078,2022-04,0,0,0,0.0
15078,2022-05,0,0,0,0.0
15078,2022-06,0,0,0,0.0
15078,2022-07,0,0,0,0.0
15078,2022-08,0,0,0,0.0
15078,2022-09,0,0,0,0.0
15078,2022-10,0,0,0,0.0
15078,2022-11,0,0,0,0.0
15078,2022-12,0,0,0,0.0
15081,2022-01,0,0,0,1.0
15081,2022-02,0,0,0,0.0
15081,2022-03,0,0,0,0.0
15081,2022-04,0,0,0,0.0
15081,2022-05,0,0,0,0.0
15081,2022-06,0,0,0,0.0
15081,2022-07,0,0,0,0.0
15081,2022-08,0,0,0,0.0
15081,2022-09,0,0,0,1.0
15081,2022-10,0,0,0,0.0
15081,2022-11,0,0,0,0.0
15081,2022-12,0,0,0,0.0
15082,2022-01,0,0,0,0.0
15082,2022-02,0,0,0,0.0
15082,2022-03,0,0,0,0.0
15082,2022-04,0,0,0,0.0
15082,2022-05,0,0,0,0.0
15082,2022-06,0,0,0,0.0
15082,2022-07,0,0,0,0.0
15082,2022-08,0,0,0,0.0
15082,2022-09,0,0,0,0.0
15082,2022-10,0,0,0,0.0
15082,2022-11,0,0,0,0.0
15082,2022-12,0,0,0,0.0
15083,2022-01,0,0,0,0.0
15083,2022-02,0,0,0,0.0
15083,2022-03,0,0,0,0.0
15083,2022-04,0,0,0,0.0
15083,2022-05,0,0,0,0.0
15083,2022-06,0,0,0,0.0
15083,2022-07,0,0,0,0.0
15083,2022-08,0,0,0,0.0
15083,2022-09,0,0,0,2.0
15083,2022-10,0,0,0,0.0
15083,2022-11,0,0,0,0.0
15083,2022-12,0,0,0,0.0
15084,2022-01,Allegheny,0,0,0.0
15084,2022-02,Allegheny,0,0,0.0
15084,2022-03,Allegheny,0,0,1.0
15084,2022-04,Allegheny,0,0,0.0
15084,2022-05,Allegheny,0,0,0.0
15084,2022-06,Allegheny,0,0,0.0
15084,2022-07,Allegheny,0,1,3.0
15084,2022-08,Allegheny,0,0,0.0
15084,2022-09,Allegheny,0,0,0.0
15084,2022-10,Allegheny,0,0,0.0
15084,2022-11,Allegheny,0,0,1.0
15084,2022-12,Allegheny,0,0,1.0
15085,2022-01,0,0,0,1.0
15085,2022-02,0,0,0,0.0
15085,2022-03,0,0,0,0.0
15085,2022-04,0,0,0,0.0
15085,2022-05,0,0,0,1.0
15085,2022-06,0,0,0,0.0
15085,2022-07,0,0,0,0.0
15085,2022-08,0,0,0,1.0
15085,2022-09,0,0,0,2.0
15085,2022-10,0,0,0,0.0
15085,2022-11,0,0,0,0.0
15085,2022-12,0,0,0,0.0
15086,2022-01,0,0,0,0.0
15086,2022-02,0,0,0,0.0
15086,2022-03,0,0,0,0.0
15086,2022-04,0,0,0,0.0
15086,2022-05,0,0,0,0.0
15086,2022-06,0,0,0,1.0
15086,2022-07,0,0,0,0.0
15086,2022-08,0,0,0,0.0
15086,2022-09,0,0,0,0.0
15086,2022-10,0,0,0,0.0
15086,2022-11,0,0,0,0.0
15086,2022-12,0,0,0,0.0
15087,2022-01,0,0,0,0.0
15087,2022-02,0,0,0,0.0
15087,2022-03,0,0,0,0.0
15087,2022-04,0,0,0,0.0
15087,2022-05,0,0,0,0.0
15087,2022-06,0,0,0,0.0
15087,2022-07,0,0,0,1.0
15087,2022-08,0,0,0,0.0
15087,2022-09,0,0,0,0.0
15087,2022-10,0,0,0,0.0
15087,2022-11,0,0,0,0.0
15087,2022-12,0,0,0,0.0
15088,2022-01,0,0,0,0.0
15088,2022-02,0,0,0,0.0
15088,2022-03,0,0,0,0.0
15088,2022-04,0,0,0,0.0
15088,2022-05,0,0,0,1.0
15088,2022-06,0,0,0,0.0
15088,2022-07,0,0,0,1.0
15088,2022-08,0,0,0,0.0
15088,2022-09,0,0,0,0.0
15088,2022-10,0,0,0,0.0
15088,2022-11,0,0,0,0.0
15088,2022-12,0,0,0,0.0
15089,2022-01,0,0,0,0.0
15089,2022-02,0,0,0,0.0
15089,2022-03,0,0,0,0.0
15089,2022-04,0,0,0,0.0
15089,2022-05,0,0,0,0.0
15089,2022-06,0,0,0,0.0
15089,2022-07,0,0,0,1.0
15089,2022-08,0,0,0,0.0
15089,2022-09,0,0,0,2.0
15089,2022-10,0,0,0,0.0
15089,2022-11,0,0,0,0.0
15089,2022-12,0,0,0,0.0
15090,2022-01,Allegheny,0,0,0.0
15090,2022-02,Allegheny,0,0,0.0
15090,2022-03,Allegheny,0,0,1.0
15090,2022-04,Allegheny,0,0,0.0
15090,2022-05,Allegheny,0,0,0.0
15090,2022-06,Allegheny,0,1,0.0
15090,2022-07,Allegheny,0,0,0.0
15090,2022-08,Allegheny,0,0,0.0
15090,2022-09,Allegheny,0,0,0.0
15090,2022-10,Allegheny,0,0,0.0
15090,2022-11,Allegheny,0,0,1.0
15090,2022-12,Allegheny,0,0,0.0
15101,2022-01,Allegheny,0,0,0.0
15101,2022-02,Allegheny,0,0,0.0
15101,2022-03,Allegheny,0,0,0.0
15101,2022-04,Allegheny,0,0,0.0
15101,2022-05,Allegheny,0,0,0.0
15101,2022-06,Allegheny,0,0,1.0
15101,2022-07,Allegheny,0,0,0.0
15101,2022-08,Allegheny,0,0,0.0
15101,2022-09,Allegheny,0,0,0.0
15101,2022-10,Allegheny,0,0,0.0
15101,2022-11,Allegheny,0,1,0.0
15101,2022-12,Allegheny,0,0,0.0
15102,2022-01,0,0,0,0.0
15102,2022-02,0,0,0,0.0
15102,2022-03,0,0,0,0.0
15102,2022-04,0,0,0,0.0
15102,2022-05,0,0,0,1.0
15102,2022-06,0,0,0,0.0
15102,2022-07,0,0,0,0.0
15102,2022-08,0,0,0,0.0
15102,2022-09,0,0,0,0.0
15102,2022-10,0,0,0,1.0
15102,2022-11,0,0,0,0.0
15102,2022-12,0,0,0,0.0
15104,2022-01,0,0,0,0.0
15104,2022-02,0,0,0,0.0
15104,2022-03,0,0,0,0.0
15104,2022-04,0,0,0,0.0
15104,2022-05,0,0,0,0.0
15104,2022-06,0,0,0,0.0
15104,2022-07,0,0,0,0.0
15104,2022-08,0,0,0,0.0
15104,2022-09,0,0,0,0.0
15104,2022-10,0,0,0,0.0
15104,2022-11,0,0,0,0.0
15104,2022-12,0,0,0,0.0
15106,2022-01,0,0,0,0.0
15106,2022-02,0,0,0,0.0
15106,2022-03,0,0,0,0.0
15106,2022-04,0,0,0,0.0
15106,2022-05,0,0,0,0.0
15106,2022-06,0,0,0,0.0
15106,2022-07,0,0,0,0.0
15106,2022-08,0,0,0,0.0
15106,2022-09,0,0,0,0.0
15106,2022-10,0,0,0,0.0
15106,2022-11,0,0,0,0.0
15106,2022-12,0,0,0,0.0
15108,2022-01,0,0,0,1.0
15108,2022-02,0,0,0,0.0
15108,2022-03,0,0,0,1.0
15108,2022-04,0,0,0,0.0
15108,2022-05,0,0,0,0.0
15108,2022-06,0,0,0,0.0
15108,2022-07,0,0,0,0.0
15108,2022-08,0,0,0,0.0
15108,2022-09,0,0,0,1.0
15108,2022-10,0,0,0,1.0
15108,2022-11,0,0,0,0.0
15108,2022-12,0,0,0,1.0
15110,2022-01,0,0,0,0.0
15110,2022-02,0,0,0,0.0
15110,2022-03,0,0,0,1.0
15110,2022-04,0,0,0,0.0
15110,2022-05,0,0,0,0.0
15110,2022-06,0,0,0,0.0
15110,2022-07,0,0,0,0.0
15110,2022-08,0,0,0,0.0
15110,2022-09,0,0,0,0.0
15110,2022-10,0,0,0,1.0
15110,2022-11,0,0,0,0.0
15110,2022-12,0,0,0,0.0
15112,2022-01,0,0,0,0.0
15112,2022-02,0,0,0,0.0
15112,2022-03,0,0,0,0.0
15112,2022-04,0,0,0,0.0
15112,2022-05,0,0,0,0.0
15112,2022-06,0,0,0,0.0
15112,2022-07,0,0,0,0.0
15112,2022-08,0,0,0,0.0
15112,2022-09,0,0,0,0.0
15112,2022-10,0,0,0,0.0
15112,2022-11,0,0,0,0.0
15112,2022-12,0,0,0,0.0
15116,2022-01,0,0,0,0.0
15116,2022-02,0,0,0,0.0
15116,2022-03,0,0,0,0.0
15116,2022-04,0,0,0,0.0
15116,2022-05,0,0,0,0.0
15116,2022-06,0,0,0,0.0
15116,2022-07,0,0,0,0.0
15116,2022-08,0,0,0,0.0
15116,2022-09,0,0,0,0.0
15116,2022-10,0,0,0,0.0
15116,2022-11,0,0,0,1.0
15116,2022-12,0,0,0,0.0
15120,2022-01,0,0,0,0.0
15120,2022-02,0,0,0,0.0
15120,2022-03,0,0,0,0.0
15120,2022-04,0,0,0,0.0
15120,2022-05,0,0,0,0.0
15120,2022-06,0,0,0,0.0
15120,2022-07,0,0,0,0.0
15120,2022-08,0,0,0,0.0
15120,2022-09,0,0,0,0.0
15120,2022-10,0,0,0,0.0
15120,2022-11,0,0,0,0.0
15120,2022-12,0,0,0,0.0
15122,2022-01,0,0,0,0.0
15122,2022-02,0,0,0,0.0
15122,2022-03,0,0,0,1.0
15122,2022-04,0,0,0,0.0
15122,2022-05,0,0,0,1.0
15122,2022-06,0,0,0,0.0
15122,2022-07,0,0,0,0.0
15122,2022-08,0,0,0,0.0
15122,2022-09,0,0,0,0.0
15122,2022-10,0,0,0,1.0
15122,2022-11,0,0,0,0.0
15122,2022-12,0,0,0,0.0
15123,2022-01,0,0,0,0.0
15123,2022-02,0,0,0,0.0
15123,2022-03,0,0,0,0.0
15123,2022-04,0,0,0,0.0
15123,2022-05,0,0,0,0.0
15123,2022-06,0,0,0,0.0
15123,2022-07,0,0,0,0.0
15123,2022-08,0,0,0,0.0
15123,2022-09,0,0,0,0.0
15123,2022-10,0,0,0,0.0
15123,2022-11,0,0,0,0.0
15123,2022-12,0,0,0,0.0
15126,2022-01,0,0,0,0.0
15126,2022-02,0,0,0,0.0
15126,2022-03,0,0,0,0.0
15126,2022-04,0,0,0,0.0
15126,2022-05,0,0,0,0.0
15126,2022-06,0,0,0,0.0
15126,2022-07,0,0,0,0.0
15126,2022-08,0,0,0,0.0
15126,2022-09,0,0,0,0.0
15126,2022-10,0,0,0,1.0
15126,2022-11,0,0,0,0.0
15126,2022-12,0,0,0,1.0
15129,2022-01,0,0,0,0.0
15129,2022-02,0,0,0,0.0
15129,2022-03,0,0,0,0.0
15129,2022-04,0,0,0,0.0
15129,2022-05,0,0,0,1.0
15129,2022-06,0,0,0,0.0
15129,2022-07,0,0,0,0.0
15129,2022-08,0,0,0,0.0
15129,2022-09,0,0,0,0.0
15129,2022-10,0,0,0,0.0
15129,2022-11,0,0,0,0.0
15129,2022-12,0,0,0,0.0
15131,2022-01,0,0,0,0.0
15131,2022-02,0,0,0,0.0
15131,2022-03,0,0,0,1.0
15131,2022-04,0,0,0,0.0
15131,2022-05,0,0,0,0.0
15131,2022-06,0,0,0,0.0
15131,2022-07,0,0,0,0.0
15131,2022-08,0,0,0,0.0
15131,2022-09,0,0,0,2.0
15131,2022-10,0,0,0,1.0
15131,2022-11,0,0,0,0.0
15131,2022-12,0,0,0,0.0
15132,2022-01,Allegheny,0,0,0.0
15132,2022-02,Allegheny,0,0,0.0
15132,2022-03,Allegheny,0,1,0.0
15132,2022-04,Allegheny,0,0,0.0
15132,2022-05,Allegheny,0,0,0.0
15132,2022-06,Allegheny,0,0,0.0
15132,2022-07,Allegheny,0,0,1.0
15132,2022-08,Allegheny,0,0,0.0
15132,2022-09,Allegheny,0,0,0.0
15132,2022-10,Allegheny,0,1,0.0
15132,2022-11,Allegheny,0,0,0.0
15132,2022-12,Allegheny,0,0,0.0
15133,2022-01,0,0,0,0.0
15133,2022-02,0,0,0,0.0
15133,2022-03,0,0,0,1.0
15133,2022-04,0,0,0,0.0
15133,2022-05,0,0,0,0.0
15133,2022-06,0,0,0,0.0
15133,2022-07,0,0,0,1.0
15133,2022-08,0,0,0,0.0
15133,2022-09,0,0,0,0.0
15133,2022-10,0,0,0,1.0
15133,2022-11,0,0,0,0.0
15133,2022-12,0,0,0,0.0
15135,2022-01,0,0,0,0.0
15135,2022-02,0,0,0,0.0
15135,2022-03,0,0,0,1.0
15135,2022-04,0,0,0,0.0
15135,2022-05,0,0,0,0.0
15135,2022-06,0,0,0,0.0
15135,2022-07,0,0,0,1.0
15135,2022-08,0,0,0,0.0
15135,2022-09,0,0,0,2.0
15135,2022-10,0,0,0,1.0
15135,2022-11,0,0,0,0.0
15135,2022-12,0,0,0,0.0
15136,2022-01,0,0,0,0.0
15136,2022-02,0,0,0,0.0
15136,2022-03,0,0,0,0.0
15136,2022-04,0,0,0,0.0
15136,2022-05,0,0,0,0.0
15136,2022-06,0,0,0,0.0
15136,2022-07,0,0,0,0.0
15136,2022-08,0,0,0,0.0
15136,2022-09,0,0,0,0.0
15136,2022-10,0,0,0,0.0
15136,2022-11,0,0,0,0.0
15136,2022-12,0,0,0,0.0
15137,2022-01,0,0,0,0.0
15137,2022-02,0,0,0,0.0
15137,2022-03,0,0,0,1.0
15137,2022-04,0,0,0,0.0
15137,2022-05,0,0,0,1.0
15137,2022-06,0,0,0,0.0
15137,2022-07,0,0,0,0.0
15137,2022-08,0,0,0,1.0
15137,2022-09,0,0,0,2.0
15137,2022-10,0,0,0,1.0
15137,2022-11,0,0,0,0.0
15137,2022-12,0,0,0,0.0
15139,2022-01,0,0,0,0.0
15139,2022-02,0,0,0,0.0
15139,2022-03,0,0,0,1.0
15139,2022-04,0,0,0,0.0
15139,2022-05,0,0,0,0.0
15139,2022-06,0,0,0,0.0
15139,2022-07,0,0,0,3.0
15139,2022-08,0,0,0,0.0
15139,2022-09,0,0,0,0.0
15139,2022-10,0,0,0,0.0
15139,2022-11,0,0,0,0.0
15139,2022-12,0,0,0,1.0
15140,2022-01,0,0,0,0.0
15140,2022-02,0,0,0,0.0
15140,2022-03,0,0,0,0.0
15140,2022-04,0,0,0,0.0
15140,2022-05,0,0,0,1.0
15140,2022-06,0,0,0,0.0
15140,2022-07,0,0,0,0.0
15140,2022-08,0,0,0,1.0
15140,2022-09,0,0,0,0.0
15140,2022-10,0,0,0,0.0
15140,2022-11,0,0,0,0.0
15140,2022-12,0,0,0,0.0
15142,2022-01,0,0,0,0.0
15142,2022-02,0,0,0,0.0
15142,2022-03,0,0,0,0.0
15142,2022-04,0,0,0,0.0
15142,2022-05,0,0,0,0.0
15142,2022-06,0,0,0,0.0
15142,2022-07,0,0,0,0.0
15142,2022-08,0,0,0,0.0
15142,2022-09,0,0,0,0.0
15142,2022-10,0,0,0,0.0
15142,2022-11,0,0,0,0.0
15142,2022-12,0,0,0,0.0
15143,2022-01,Allegheny,0,0,0.0
15143,2022-02,Allegheny,0,0,0.0
15143,2022-03,Allegheny,0,1,0.0
15143,2022-04,Allegheny,0,0,0.0
15143,2022-05,Allegheny,0,0,0.0
15143,2022-06,Allegheny,0,0,1.0
15143,2022-07,Allegheny,0,0,0.0
15143,2022-08,Allegheny,0,0,0.0
15143,2022-09,Allegheny,0,0,0.0
15143,2022-10,Allegheny,0,0,0.0
15143,2022-11,Allegheny,0,0,0.0
15143,2022-12,Allegheny,0,0,0.0
15144,2022-01,Allegheny,0,0,0.0
15144,2022-02,Allegheny,0,0,0.0
15144,2022-03,Allegheny,0,0,1.0
15144,2022-04,Allegheny,0,0,0.0
15144,2022-05,Allegheny,0,0,0.0
15144,2022-06,Allegheny,0,0,0.0
15144,2022-07,Allegheny,0,0,4.0
15144,2022-08,Allegheny,0,0,0.0
15144,2022-09,Allegheny,0,0,0.0
15144,2022-10,Allegheny,0,0,0.0
15144,2022-11,Allegheny,0,1,0.0
15144,2022-12,Allegheny,0,0,1.0
15145,2022-01,0,0,0,0.0
15145,2022-02,0,0,0,0.0
15145,2022-03,0,0,0,0.0
15145,2022-04,0,0,0,0.0
15145,2022-05,0,0,0,1.0
15145,2022-06,0,0,0,0.0
15145,2022-07,0,0,0,0.0
15145,2022-08,0,0,0,1.0
15145,2022-09,0,0,0,0.0
15145,2022-10,0,0,0,0.0
15145,2022-11,0,0,0,0.0
15145,2022-12,0,0,0,0.0
15146,2022-01,Allegheny,0,0,1.0
15146,2022-02,Allegheny,0,0,0.0
15146,2022-03,Allegheny,0,0,0.0
15146,2022-04,Allegheny,0,0,0.0
15146,2022-05,Allegheny,0,1,0.0
15146,2022-06,Allegheny,0,0,0.0
15146,2022-07,Allegheny,0,0,0.0
15146,2022-08,Allegheny,0,1,0.0
15146,2022-09,Allegheny,0,0,0.0
15146,2022-10,Allegheny,0,0,0.0
15146,2022-11,Allegheny,0,0,0.0
15146,2022-12,Allegheny,0,0,0.0
15147,2022-01,0,0,0,0.0
15147,2022-02,0,0,0,0.0
15147,2022-03,0,0,0,1.0
15147,2022-04,0,0,0,0.0
15147,2022-05,0,0,0,0.0
15147,2022-06,0,0,0,0.0
15147,2022-07,0,0,0,3.0
15147,2022-08,0,0,0,0.0
15147,2022-09,0,0,0,0.0
15147,2022-10,0,0,0,0.0
15147,2022-11,0,0,0,0.0
15147,2022-12,0,0,0,1.0
15148,2022-01,0,0,0,0.0
15148,2022-02,0,0,0,0.0
15148,2022-03,0,0,0,0.0
15148,2022-04,0,0,0,0.0
15148,2022-05,0,0,0,1.0
15148,2022-06,0,0,0,0.0
15148,2022-07,0,0,0,0.0
15148,2022-08,0,0,0,1.0
15148,2022-09,0,0,0,0.0
15148,2022-10,0,0,0,0.0
15148,2022-11,0,0,0,0.0
15148,2022-12,0,0,0,0.0
15201,2022-01,0,0,0,5.0
15201,2022-02,0,0,0,10.0
15201,2022-03,0,0,0,10.0
15201,2022-04,0,0,0,10.0
15201,2022-05,0,0,0,8.0
15201,2022-06,0,0,0,9.0
15201,2022-07,0,0,0,8.0
15201,2022-08,0,0,0,6.0
15201,2022-09,0,0,0,5.0
15201,2022-10,0,0,0,21.0
15201,2022-11,0,0,0,20.0
15201,2022-12,0,0,0,16.0
15202,2022-01,0,0,0,0.0
15202,2022-02,0,0,0,0.0
15202,2022-03,0,0,0,0.0
15202,2022-04,0,0,0,0.0
15202,2022-05,0,0,0,0.0
15202,2022-06,0,0,0,0.0
15202,2022-07,0,0,0,0.0
15202,2022-08,0,0,0,0.0
15202,2022-09,0,0,0,0.0
15202,2022-10,0,0,0,0.0
15202,2022-11,0,0,0,0.0
15202,2022-12,0,0,0,0.0
15203,2022-01,0,0,0,5.0
15203,2022-02,0,0,0,10.0
15203,2022-03,0,0,0,10.0
15203,2022-04,0,0,0,10.0
15203,2022-05,0,0,0,8.0
15203,2022-06,0,0,0,9.0
15203,2022-07,0,0,0,8.0
15203,2022-08,0,0,0,6.0
15203,2022-09,0,0,0,5.0
15203,2022-10,0,0,0,21.0
15203,2022-11,0,0,0,20.0
15203,2022-12,0,0,0,16.0
15204,2022-01,0,0,0,0.0
15204,2022-02,0,0,0,0.0
15204,2022-03,0,0,0,0.0
15204,2022-04,0,0,0,0.0
15204,2022-05,0,0,0,0.0
15204,2022-06,0,0,0,0.0
15204,2022-07,0,0,0,0.0
15204,2022-08,0,0,0,0.0
15204,2022-09,0,0,0,0.0
15204,2022-10,0,0,0,0.0
15204,2022-11,0,0,0,0.0
15204,2022-12,0,0,0,0.0
15205,2022-01,0,0,0,0.0
15205,2022-02,0,0,0,0.0
15205,2022-03,0,0,0,0.0
15205,2022-04,0,0,0,0.0
15205,2022-05,0,0,0,0.0
15205,2022-06,0,0,0,0.0
15205,2022-07,0,0,0,0.0
15205,2022-08,0,0,0,0.0
15205,2022-09,0,0,0,0.0
15205,2022-10,0,0,0,0.0
15205,2022-11,0,0,0,0.0
15205,2022-12,0,0,0,0.0
15206,2022-01,0,0,0,0.0
15206,2022-02,0,0,0,0.0
15206,2022-03,0,0,0,0.0
15206,2022-04,0,0,0,0.0
15206,2022-05,0,0,0,0.0
15206,2022-06,0,0,0,0.0
15206,2022-07,0,0,0,0.0
15206,2022-08,0,0,0,0.0
15206,2022-09,0,0,0,0.0
15206,2022-10,0,0,0,0.0
15206,2022-11,0,0,0,0.0
15206,2022-12,0,0,0,0.0
15207,2022-01,0,0,0,5.0
15207,2022-02,0,0,0,10.0
15207,2022-03,0,0,0,10.0
15207,2022-04,0,0,0,10.0
15207,2022-05,0,0,0,8.0
15207,2022-06,0,0,0,9.0
15207,2022-07,0,0,0,8.0
15207,2022-08,0,0,0,6.0
15207,2022-09,0,0,0,5.0
15207,2022-10,0,0,0,21.0
15207,2022-11,0,0,0,20.0
15207,2022-12,0,0,0,16.0
15208,2022-01,0,0,0,0.0
15208,2022-02,0,0,0,0.0
15208,2022-03,0,0,0,0.0
15208,2022-04,0,0,0,0.0
15208,2022-05,0,0,0,0.0
15208,2022-06,0,0,0,0.0
15208,2022-07,0,0,0,0.0
15208,2022-08,0,0,0,0.0
15208,2022-09,0,0,0,0.0
15208,2022-10,0,0,0,0.0
15208,2022-11,0,0,0,0.0
15208,2022-12,0,0,0,0.0
15209,2022-01,0,0,0,0.0
15209,2022-02,0,0,0,0.0
15209,2022-03,0,0,0,0.0
15209,2022-04,0,0,0,0.0
15209,2022-05,0,0,0,0.0
15209,2022-06,0,0,0,0.0
15209,2022-07,0,0,0,0.0
15209,2022-08,0,0,0,0.0
15209,2022-09,0,0,0,0.0
15209,2022-10,0,0,0,0.0
15209,2022-11,0,0,0,0.0
15209,2022-12,0,0,0,0.0
15210,2022-01,0,0,0,0.0
15210,2022-02,0,0,0,0.0
15210,2022-03,0,0,0,0.0
15210,2022-04,0,0,0,0.0
15210,2022-05,0,0,0,0.0
15210,2022-06,0,0,0,0.0
15210,2022-07,0,0,0,0.0
15210,2022-08,0,0,0,0.0
15210,2022-09,0,0,0,0.0
15210,2022-10,0,0,0,0.0
15210,2022-11,0,0,0,0.0
15210,2022-12,0,0,0,0.0
15211,2022-01,0,0,0,5.0
15211,2022-02,0,0,0,10.0
15211,2022-03,0,0,0,10.0
15211,2022-04,0,0,0,10.0
15211,2022-05,0,0,0,8.0
15211,2022-06,0,0,0,9.0
15211,2022-07,0,0,0,8.0
15211,2022-08,0,0,0,6.0
15211,2022-09,0,0,0,5.0
15211,2022-10,0,0,0,21.0
15211,2022-11,0,0,0,20.0
15211,2022-12,0,0,0,16.0
15212,2022-01,0,0,0,5.0
15212,2022-02,0,0,0,10.0
15212,2022-03,0,0,0,10.0
15212,2022-04,0,0,0,10.0
15212,2022-05,0,0,0,8.0
15212,2022-06,0,0,0,9.0
15212,2022-07,0,0,0,8.0
15212,2022-08,0,0,0,6.0
15212,2022-09,0,0,0,5.0
15212,2022-10,0,0,0,21.0
15212,2022-11,0,0,0,20.0
15212,2022-12,0,0,0,16.0
15213,2022-01,0,0,0,5.0
15213,2022-02,0,0,0,10.0
15213,2022-03,0,0,0,10.0
15213,2022-04,0,0,0,10.0
15213,2022-05,0,0,0,8.0
15213,2022-06,0,0,0,9.0
15213,2022-07,0,0,0,8.0
15213,2022-08,0,0,0,6.0
15213,2022-09,0,0,0,5.0
15213,2022-10,0,0,0,21.0
15213,2022-11,0,0,0,20.0
15213,2022-12,0,0,0,16.0
15214,2022-01,0,0,0,0.0
15214,2022-02,0,0,0,0.0
15214,2022-03,0,0,0,0.0
15214,2022-04,0,0,0,0.0
15214,2022-05,0,0,0,0.0
15214,2022-06,0,0,0,0.0
15214,2022-07,0,0,0,0.0
15214,2022-08,0,0,0,0.0
15214,2022-09,0,0,0,0.0
15214,2022-10,0,0,0,0.0
15214,2022-11,0,0,0,0.0
15214,2022-12,0,0,0,0.0
15215,2022-01,0,0,0,0.0
15215,2022-02,0,0,0,0.0
15215,2022-03,0,0,0,0.0
15215,2022-04,0,0,0,0.0
15215,2022-05,0,0,0,0.0
15215,2022-06,0,0,0,0.0
15215,2022-07,0,0,0,0.0
15215,2022-08,0,0,0,0.0
15215,2022-09,0,0,0,0.0
15215,2022-10,0,0,0,0.0
15215,2022-11,0,0,0,0.0
15215,2022-12,0,0,0,0.0
15216,2022-01,0,0,0,0.0
15216,2022-02,0,0,0,0.0
15216,2022-03,0,0,0,0.0
15216,2022-04,0,0,0,0.0
15216,2022-05,0,0,0,1.0
15216,2022-06,0,0,0,0.0
15216,2022-07,0,0,0,0.0
15216,2022-08,0,0,0,0.0
15216,2022-09,0,0,0,0.0
15216,2022-10,0,0,0,1.0
15216,2022-11,0,0,0,0.0
15216,2022-12,0,0,0,0.0
15217,2022-01,0,0,0,0.0
15217,2022-02,0,0,0,0.0
15217,2022-03,0,0,0,0.0
15217,2022-04,0,0,0,0.0
15217,2022-05,0,0,0,0.0
15217,2022-06,0,0,0,0.0
15217,2022-07,0,0,0,0.0
15217,2022-08,0,0,0,0.0
15217,2022-09,0,0,0,0.0
15217,2022-10,0,0,0,0.0
15217,2022-11,0,0,0,0.0
15217,2022-12,0,0,0,0.0
15218,2022-01,0,0,0,0.0
15218,2022-02,0,0,0,0.0
15218,2022-03,0,0,0,0.0
15218,2022-04,0,0,0,0.0
15218,2022-05,0,0,0,0.0
15218,2022-06,0,0,0,0.0
15218,2022-07,0,0,0,0.0
15218,2022-08,0,0,0,0.0
15218,2022-09,0,0,0,0.0
15218,2022-10,0,0,0,0.0
15218,2022-11,0,0,0,0.0
15218,2022-12,0,0,0,0.0
15219,2022-01,Allegheny,0,5,0.0
15219,2022-02,Allegheny,0,10,0.0
15219,2022-03,Allegheny,0,10,0.0
15219,2022-04,Allegheny,0,10,0.0
15219,2022-05,Allegheny,0,8,0.0
15219,2022-06,Allegheny,0,9,0.0
15219,2022-07,Allegheny,0,8,0.0
15219,2022-08,Allegheny,0,6,0.0
15219,2022-09,Allegheny,0,5,0.0
15219,2022-10,Allegheny,0,21,0.0
15219,2022-11,Allegheny,0,20,0.0
15219,2022-12,Allegheny,0,16,0.0
15220,2022-01,0,0,0,5.0
15220,2022-02,0,0,0,10.0
15220,2022-03,0,0,0,10.0
15220,2022-04,0,0,0,10.0
15220,2022-05,0,0,0,8.0
15220,2022-06,0,0,0,9.0
15220,2022-07,0,0,0,8.0
15220,2022-08,0,0,0,6.0
15220,2022-09,0,0,0,5.0
15220,2022-10,0,0,0,21.0
15220,2022-11,0,0,0,20.0
15220,2022-12,0,0,0,16.0
15221,2022-01,0,0,0,0.0
15221,2022-02,0,0,0,0.0
15221,2022-03,0,0,0,0.0
15221,2022-04,0,0,0,0.0
15221,2022-05,0,0,0,0.0
15221,2022-06,0,0,0,0.0
15221,2022-07,0,0,0,0.0
15221,2022-08,0,0,0,0.0
15221,2022-09,0,0,0,0.0
15221,2022-10,0,0,0,0.0
15221,2022-11,0,0,0,0.0
15221,2022-12,0,0,0,0.0
15222,2022-01,0,0,0,5.0
15222,2022-02,0,0,0,10.0
15222,2022-03,0,0,0,10.0
15222,2022-04,0,0,0,10.0
15222,2022-05,0,0,0,8.0
15222,2022-06,0,0,0,9.0
15222,2022-07,0,0,0,8.0
15222,2022-08,0,0,0,6.0
15222,2022-09,0,0,0,5.0
15222,2022-10,0,0,0,21.0
15222,2022-11,0,0,0,20.0
15222,2022-12,0,0,0,16.0
15223,2022-01,0,0,0,0.0
15223,2022-02,0,0,0,0.0
15223,2022-03,0,0,0,0.0
15223,2022-04,0,0,0,0.0
15223,2022-05,0,0,0,0.0
15223,2022-06,0,0,0,0.0
15223,2022-07,0,0,0,0.0
15223,2022-08,0,0,0,0.0
15223,2022-09,0,0,0,0.0
15223,2022-10,0,0,0,0.0
15223,2022-11,0,0,0,0.0
15223,2022-12,0,0,0,0.0
15224,2022-01,0,0,0,0.0
15224,2022-02,0,0,0,0.0
15224,2022-03,0,0,0,0.0
15224,2022-04,0,0,0,0.0
15224,2022-05,0,0,0,0.0
15224,2022-06,0,0,0,0.0
15224,2022-07,0,0,0,0.0
15224,2022-08,0,0,0,0.0
15224,2022-09,0,0,0,0.0
15224,2022-10,0,0,0,0.0
15224,2022-11,0,0,0,0.0
15224,2022-12,0,0,0,0.0
15225,2022-01,0,0,0,0.0
15225,2022-02,0,0,0,0.0
15225,2022-03,0,0,0,1.0
15225,2022-04,0,0,0,0.0
15225,2022-05,0,0,0,0.0
15225,2022-06,0,0,0,0.0
15225,2022-07,0,0,0,0.0
15225,2022-08,0,0,0,0.0
15225,2022-09,0,0,0,0.0
15225,2022-10,0,0,0,0.0
15225,2022-11,0,0,0,0.0
15225,2022-12,0,0,0,0.0
15226,2022-01,0,0,0,0.0
15226,2022-02,0,0,0,0.0
15226,2022-03,0,0,0,0.0
15226,2022-04,0,0,0,0.0
15226,2022-05,0,0,0,1.0
15226,2022-06,0,0,0,0.0
15226,2022-07,0,0,0,0.0
15226,2022-08,0,0,0,0.0
15226,2022-09,0,0,0,0.0
15226,2022-10,0,0,0,1.0
15226,2022-11,0,0,0,0.0
15226,2022-12,0,0,0,0.0
15227,2022-01,0,0,0,0.0
15227,2022-02,0,0,0,0.0
15227,2022-03,0,0,0,0.0
15227,2022-04,0,0,0,0.0
15227,2022-05,0,0,0,0.0
15227,2022-06,0,0,0,0.0
15227,2022-07,0,0,0,0.0
15227,2022-08,0,0,0,0.0
15227,2022-09,0,0,0,0.0
15227,2022-10,0,0,0,0.0
15227,2022-11,0,0,0,0.0
15227,2022-12,0,0,0,0.0
15228,2022-01,Allegheny,0,0,0.0
15228,2022-02,Allegheny,0,0,0.0
15228,2022-03,Allegheny,0,0,0.0
15228,2022-04,Allegheny,0,0,0.0
15228,2022-05,Allegheny,0,1,0.0
15228,2022-06,Allegheny,0,0,0.0
15228,2022-07,Allegheny,0,0,0.0
15228,2022-08,Allegheny,0,0,0.0
15228,2022-09,Allegheny,0,0,0.0
15228,2022-10,Allegheny,0,1,0.0
15228,2022-11,Allegheny,0,0,0.0
15228,2022-12,Allegheny,0,0,0.0
15229,2022-01,0,0,0,0.0
15229,2022-02,0,0,0,0.0
15229,2022-03,0,0,0,0.0
15229,2022-04,0,0,0,0.0
15229,2022-05,0,0,0,0.0
15229,2022-06,0,0,0,0.0
15229,2022-07,0,0,0,0.0
15229,2022-08,0,0,0,0.0
15229,2022-09,0,0,0,0.0
15229,2022-10,0,0,0,0.0
15229,2022-11,0,0,0,0.0
15229,2022-12,0,0,0,0.0
15232,2022-01,0,0,0,0.0
15232,2022-02,0,0,0,0.0
15232,2022-03,0,0,0,0.0
15232,2022-04,0,0,0,0.0
15232,2022-05,0,0,0,0.0
15232,2022-06,0,0,0,0.0
15232,2022-07,0,0,0,0.0
15232,2022-08,0,0,0,0.0
15232,2022-09,0,0,0,0.0
15232,2022-10,0,0,0,0.0
15232,2022-11,0,0,0,0.0
15232,2022-12,0,0,0,0.0
15233,2022-01,0,0,0,5.0
15233,2022-02,0,0,0,10.0
15233,2022-03,0,0,0,10.0
15233,2022-04,0,0,0,10.0
15233,2022-05,0,0,0,8.0
15233,2022-06,0,0,0,9.0
15233,2022-07,0,0,0,8.0
15233,2022-08,0,0,0,6.0
15233,2022-09,0,0,0,5.0
15233,2022-10,0,0,0,21.0
15233,2022-11,0,0,0,20.0
15233,2022-12,0,0,0,16.0
15234,2022-01,0,0,0,0.0
15234,2022-02,0,0,0,0.0
15234,2022-03,0,0,0,0.0
15234,2022-04,0,0,0,0.0
15234,2022-05,0,0,0,1.0
15234,2022-06,0,0,0,0.0
15234,2022-07,0,0,0,0.0
15234,2022-08,0,0,0,0.0
15234,2022-09,0,0,0,0.0
15234,2022-10,0,0,0,1.0
15234,2022-11,0,0,0,0.0
15234,2022-12,0,0,0,0.0
15235,2022-01,0,0,0,0.0
15235,2022-02,0,0,0,0.0
15235,2022-03,0,0,0,0.0
15235,2022-04,0,0,0,0.0
15235,2022-05,0,0,0,1.0
15235,2022-06,0,0,0,0.0
15235,2022-07,0,0,0,0.0
15235,2022-08,0,0,0,1.0
15235,2022-09,0,0,0,0.0
15235,2022-10,0,0,0,0.0
15235,2022-11,0,0,0,0.0
15235,2022-12,0,0,0,0.0
15236,2022-01,0,0,0,0.0
15236,2022-02,0,0,0,0.0
15236,2022-03,0,0,0,0.0
15236,2022-04,0,0,0,0.0
15236,2022-05,0,0,0,1.0
15236,2022-06,0,0,0,0.0
15236,2022-07,0,0,0,0.0
15236,2022-08,0,0,0,0.0
15236,2022-09,0,0,0,0.0
15236,2022-10,0,0,0,0.0
15236,2022-11,0,0,0,0.0
15236,2022-12,0,0,0,0.0
15237,2022-01,0,0,0,0.0
15237,2022-02,0,0,0,0.0
15237,2022-03,0,0,0,1.0
15237,2022-04,0,0,0,0.0
15237,2022-05,0,0,0,0.0
15237,2022-06,0,0,0,1.0
15237,2022-07,0,0,0,0.0
15237,2022-08,0,0,0,0.0
15237,2022-09,0,0,0,0.0
15237,2022-10,0,0,0,0.0
15237,2022-11,0,0,0,1.0
15237,2022-12,0,0,0,0.0
15238,2022-01,0,0,0,0.0
15238,2022-02,0,0,0,0.0
15238,2022-03,0,0,0,1.0
15238,2022-04,0,0,0,0.0
15238,2022-05,0,0,0,0.0
15238,2022-06,0,0,0,0.0
15238,2022-07,0,0,0,3.0
15238,2022-08,0,0,0,0.0
15238,2022-09,0,0,0,0.0
15238,2022-10,0,0,0,0.0
15238,2022-11,0,0,0,1.0
15238,2022-12,0,0,0,1.0
15239,2022-01,0,0,0,1.0
15239,2022-02,0,0,0,0.0
15239,2022-03,0,0,0,1.0
15239,2022-04,0,0,0,0.0
15239,2022-05,0,0,0,1.0
15239,2022-06,0,0,0,0.0
15239,2022-07,0,0,0,3.0
15239,2022-08,0,0,0,1.0
15239,2022-09,0,0,0,0.0
15239,2022-10,0,0,0,0.0
15239,2022-11,0,0,0,0.0
15239,2022-12,0,0,0,1.0
15241,2022-01,0,0,0,0.0
15241,2022-02,0,0,0,0.0
15241,2022-03,0,0,0,0.0
15241,2022-04,0,0,0,0.0
15241,2022-05,0,0,0,1.0
15241,2022-06,0,0,0,0.0
15241,2022-07,0,0,0,0.0
15241,2022-08,0,0,0,0.0
15241,2022-09,0,0,0,0.0
15241,2022-10,0,0,0,1.0
15241,2022-11,0,0,0,0.0
15241,2022-12,0,0,0,0.0
15243,2022-01,0,0,0,0.0
15243,2022-02,0,0,0,0.0
15243,2022-03,0,0,0,0.0
15243,2022-04,0,0,0,0.0
15243,2022-05,0,0,0,1.0
15243,2022-06,0,0,0,0.0
15243,2022-07,0,0,0,0.0
15243,2022-08,0,0,0,0.0
15243,2022-09,0,0,0,0.0
15243,2022-10,0,0,0,1.0
15243,2022-11,0,0,0,0.0
15243,2022-12,0,0,0,0.0
15260,2022-01,0,0,0,0.0
15260,2022-02,0,0,0,0.0
15260,2022-03,0,0,0,0.0
15260,2022-04,0,0,0,0.0
15260,2022-05,0,0,0,0.0
15260,2022-06,0,0,0,0.0
15260,2022-07,0,0,0,0.0
15260,2022-08,0,0,0,0.0
15260,2022-09,0,0,0,0.0
15260,2022-10,0,0,0,0.0
15260,2022-11,0,0,0,0.0
15260,2022-12,0,0,0,0.0
15275,2022-01,0,0,0,0.0
15275,2022-02,0,0,0,0.0
15275,2022-03,0,0,0,0.0
15275,2022-04,0,0,0,0.0
15275,2022-05,0,0,0,0.0
15275,2022-06,0,0,0,0.0
15275,2022-07,0,0,0,0.0
15275,2022-08,0,0,0,0.0
15275,2022-09,0,0,0,0.0
15275,2022-10,0,0,0,0.0
15275,2022-11,0,0,0,0.0
15275,2022-12,0,0,0,0.0
15282,2022-01,0,0,0,0.0
15282,2022-02,0,0,0,0.0
15282,2022-03,0,0,0,0.0
15282,2022-04,0,0,0,0.0
15282,2022-05,0,0,0,0.0
15282,2022-06,0,0,0,0.0
15282,2022-07,0,0,0,0.0
15282,2022-08,0,0,0,0.0
15282,2022-09,0,0,0,0.0
15282,2022-10,0,0,0,0.0
15282,2022-11,0,0,0,0.0
15282,2022-12,0,0,0,0.0
15290,2022-01,0,0,0,0.0
15290,2022-02,0,0,0,0.0
15290,2022-03,0,0,0,0.0
15290,2022-04,0,0,0,0.0
15290,2022-05,0,0,0,0.0
15290,2022-06,0,0,0,0.0
15290,2022-07,0,0,0,0.0
15290,2022-08,0,0,0,0.0
15290,2022-09,0,0,0,0.0
15290,2022-10,0,0,0,0.0
15290,2022-11,0,0,0,0.0
15290,2022-12,0,0,0,0.0
15301,2022-01,Washington,0,0,0.0
15301,2022-02,Washington,0,0,0.0
15301,2022-03,Washington,0,1,0.0
15301,2022-04,Washington,0,0,0.0
15301,2022-05,Washington,0,0,0.0
15301,2022-06,Washington,0,0,0.0
15301,2022-07,Washington,0,0,0.0
15301,2022-08,Washington,0,0,0.0
15301,2022-09,Washington,0,1,0.0
15301,2022-10,Washington,0,0,0.0
15301,2022-11,Washington,0,0,0.0
15301,2022-12,Washington,0,0,0.0
15310,2022-01,0,0,0,0.0
15310,2022-02,0,0,0,0.0
15310,2022-03,0,0,0,0.0
15310,2022-04,0,0,0,0.0
15310,2022-05,0,0,0,0.0
15310,2022-06,0,0,0,0.0
15310,2022-07,0,0,0,0.0
15310,2022-08,0,0,0,0.0
15310,2022-09,0,0,0,0.0
15310,2022-10,0,0,0,0.0
15310,2022-11,0,0,0,0.0
15310,2022-12,0,0,0,0.0
15311,2022-01,0,0,0,0.0
15311,2022-02,0,0,0,1.0
15311,2022-03,0,0,0,1.0
15311,2022-04,0,0,0,0.0
15311,2022-05,0,0,0,0.0
15311,2022-06,0,0,0,1.0
15311,2022-07,0,0,0,0.0
15311,2022-08,0,0,0,0.0
15311,2022-09,0,0,0,1.0
15311,2022-10,0,0,0,0.0
15311,2022-11,0,0,0,0.0
15311,2022-12,0,0,0,0.0
15312,2022-01,0,0,0,0.0
15312,2022-02,0,0,0,0.0
15312,2022-03,0,0,0,1.0
15312,2022-04,0,0,0,0.0
15312,2022-05,0,0,0,0.0
15312,2022-06,0,0,0,0.0
15312,2022-07,0,0,0,0.0
15312,2022-08,0,0,0,0.0
15312,2022-09,0,0,0,1.0
15312,2022-10,0,0,0,0.0
15312,2022-11,0,0,0,0.0
15312,2022-12,0,0,0,0.0
15313,2022-01,0,0,0,0.0
15313,2022-02,0,0,0,0.0
15313,2022-03,0,0,0,0.0
15313,2022-04,0,0,0,0.0
15313,2022-05,0,0,0,0.0
15313,2022-06,0,0,0,0.0
15313,2022-07,0,0,0,0.0
15313,2022-08,0,0,0,0.0
15313,2022-09,0,0,0,0.0
15313,2022-10,0,0,0,0.0
15313,2022-11,0,0,0,0.0
15313,2022-12,0,0,0,0.0
15314,2022-01,0,0,0,0.0
15314,2022-02,0,0,0,0.0
15314,2022-03,0,0,0,0.0
15314,2022-04,0,0,0,0.0
15314,2022-05,0,0,0,0.0
15314,2022-06,0,0,0,0.0
15314,2022-07,0,0,0,0.0
15314,2022-08,0,0,0,0.0
15314,2022-09,0,0,0,0.0
15314,2022-10,0,0,0,0.0
15314,2022-11,0,0,0,0.0
15314,2022-12,0,0,0,0.0
15315,2022-01,0,0,0,0.0
15315,2022-02,0,0,0,0.0
15315,2022-03,0,0,0,0.0
15315,2022-04,0,0,0,0.0
15315,2022-05,0,0,0,0.0
15315,2022-06,0,0,0,0.0
15315,2022-07,0,0,0,0.0
15315,2022-08,0,0,0,0.0
15315,2022-09,0,0,0,0.0
15315,2022-10,0,0,0,0.0
15315,2022-11,0,0,0,0.0
15315,2022-12,0,0,0,0.0
15316,2022-01,0,0,0,0.0
15316,2022-02,0,0,0,0.0
15316,2022-03,0,0,0,0.0
15316,2022-04,0,0,0,0.0
15316,2022-05,0,0,0,0.0
15316,2022-06,0,0,0,0.0
15316,2022-07,0,0,0,0.0
15316,2022-08,0,0,0,0.0
15316,2022-09,0,0,0,0.0
15316,2022-10,0,0,0,0.0
15316,2022-11,0,0,0,0.0
15316,2022-12,0,0,0,0.0
15317,2022-01,0,0,0,0.0
15317,2022-02,0,0,0,0.0
15317,2022-03,0,0,0,1.0
15317,2022-04,0,0,0,0.0
15317,2022-05,0,0,0,0.0
15317,2022-06,0,0,0,0.0
15317,2022-07,0,0,0,0.0
15317,2022-08,0,0,0,0.0
15317,2022-09,0,0,0,1.0
15317,2022-10,0,0,0,0.0
15317,2022-11,0,0,0,0.0
15317,2022-12,0,0,0,0.0
15320,2022-01,0,0,0,0.0
15320,2022-02,0,0,0,1.0
15320,2022-03,0,0,0,0.0
15320,2022-04,0,0,0,0.0
15320,2022-05,0,0,0,0.0
15320,2022-06,0,0,0,1.0
15320,2022-07,0,0,0,0.0
15320,2022-08,0,0,0,0.0
15320,2022-09,0,0,0,0.0
15320,2022-10,0,0,0,0.0
15320,2022-11,0,0,0,0.0
15320,2022-12,0,0,0,0.0
15321,2022-01,0,0,0,0.0
15321,2022-02,0,0,0,0.0
15321,2022-03,0,0,0,0.0
15321,2022-04,0,0,0,0.0
15321,2022-05,0,0,0,0.0
15321,2022-06,0,0,0,0.0
15321,2022-07,0,0,0,0.0
15321,2022-08,0,0,0,0.0
15321,2022-09,0,0,0,0.0
15321,2022-10,0,0,0,0.0
15321,2022-11,0,0,0,0.0
15321,2022-12,0,0,0,0.0
15322,2022-01,0,0,0,0.0
15322,2022-02,0,0,0,1.0
15322,2022-03,0,0,0,0.0
15322,2022-04,0,0,0,0.0
15322,2022-05,0,0,0,0.0
15322,2022-06,0,0,0,1.0
15322,2022-07,0,0,0,0.0
15322,2022-08,0,0,0,0.0
15322,2022-09,0,0,0,0.0
15322,2022-10,0,0,0,0.0
15322,2022-11,0,0,0,0.0
15322,2022-12,0,0,0,0.0
15323,2022-01,0,0,0,0.0
15323,2022-02,0,0,0,0.0
15323,2022-03,0,0,0,1.0
15323,2022-04,0,0,0,0.0
15323,2022-05,0,0,0,0.0
15323,2022-06,0,0,0,0.0
15323,2022-07,0,0,0,0.0
15323,2022-08,0,0,0,0.0
15323,2022-09,0,0,0,1.0
15323,2022-10,0,0,0,0.0
15323,2022-11,0,0,0,0.0
15323,2022-12,0,0,0,0.0
15324,2022-01,0,0,0,0.0
15324,2022-02,0,0,0,0.0
15324,2022-03,0,0,0,0.0
15324,2022-04,0,0,0,0.0
15324,2022-05,0,0,0,0.0
15324,2022-06,0,0,0,0.0
15324,2022-07,0,0,0,0.0
15324,2022-08,0,0,0,0.0
15324,2022-09,0,0,0,0.0
15324,2022-10,0,0,0,0.0
15324,2022-11,0,0,0,0.0
15324,2022-12,0,0,0,0.0
15325,2022-01,0,0,0,0.0
15325,2022-02,0,0,0,0.0
15325,2022-03,0,0,0,0.0
15325,2022-04,0,0,0,0.0
15325,2022-05,0,0,0,0.0
15325,2022-06,0,0,0,0.0
15325,2022-07,0,0,0,0.0
15325,2022-08,0,0,0,0.0
15325,2022-09,0,0,0,0.0
15325,2022-10,0,0,0,0.0
15325,2022-11,0,0,0,0.0
15325,2022-12,0,0,0,0.0
15327,2022-01,0,0,0,0.0
15327,2022-02,0,0,0,0.0
15327,2022-03,0,0,0,0.0
15327,2022-04,0,0,0,0.0
15327,2022-05,0,0,0,0.0
15327,2022-06,0,0,0,0.0
15327,2022-07,0,0,0,0.0
15327,2022-08,0,0,0,0.0
15327,2022-09,0,0,0,0.0
15327,2022-10,0,0,0,0.0
15327,2022-11,0,0,0,0.0
15327,2022-12,0,0,0,0.0
15329,2022-01,0,0,0,0.0
15329,2022-02,0,0,0,1.0
15329,2022-03,0,0,0,1.0
15329,2022-04,0,0,0,0.0
15329,2022-05,0,0,0,0.0
15329,2022-06,0,0,0,1.0
15329,2022-07,0,0,0,0.0
15329,2022-08,0,0,0,0.0
15329,2022-09,0,0,0,1.0
15329,2022-10,0,0,0,0.0
15329,2022-11,0,0,0,0.0
15329,2022-12,0,0,0,0.0
15330,2022-01,0,0,0,0.0
15330,2022-02,0,0,0,0.0
15330,2022-03,0,0,0,1.0
15330,2022-04,0,0,0,0.0
15330,2022-05,0,0,0,0.0
15330,2022-06,0,0,0,0.0
15330,2022-07,0,0,0,0.0
15330,2022-08,0,0,0,0.0
15330,2022-09,0,0,0,1.0
15330,2022-10,0,0,0,0.0
15330,2022-11,0,0,0,0.0
15330,2022-12,0,0,0,0.0
15331,2022-01,0,0,0,0.0
15331,2022-02,0,0,0,0.0
15331,2022-03,0,0,0,0.0
15331,2022-04,0,0,0,0.0
15331,2022-05,0,0,0,0.0
15331,2022-06,0,0,0,0.0
15331,2022-07,0,0,0,0.0
15331,2022-08,0,0,0,0.0
15331,2022-09,0,0,0,0.0
15331,2022-10,0,0,0,0.0
15331,2022-11,0,0,0,0.0
15331,2022-12,0,0,0,0.0
15332,2022-01,0,0,0,0.0
15332,2022-02,0,0,0,0.0
15332,2022-03,0,0,0,0.0
15332,2022-04,0,0,0,0.0
15332,2022-05,0,0,0,1.0
15332,2022-06,0,0,0,0.0
15332,2022-07,0,0,0,1.0
15332,2022-08,0,0,0,0.0
15332,2022-09,0,0,0,0.0
15332,2022-10,0,0,0,0.0
15332,2022-11,0,0,0,0.0
15332,2022-12,0,0,0,0.0
15333,2022-01,0,0,0,0.0
15333,2022-02,0,0,0,0.0
15333,2022-03,0,0,0,0.0
15333,2022-04,0,0,0,0.0
15333,2022-05,0,0,0,0.0
15333,2022-06,0,0,0,0.0
15333,2022-07,0,0,0,0.0
15333,2022-08,0,0,0,0.0
15333,2022-09,0,0,0,0.0
15333,2022-10,0,0,0,0.0
15333,2022-11,0,0,0,0.0
15333,2022-12,0,0,0,0.0
15334,2022-01,0,0,0,0.0
15334,2022-02,0,0,0,0.0
15334,2022-03,0,0,0,0.0
15334,2022-04,0,0,0,0.0
15334,2022-05,0,0,0,0.0
15334,2022-06,0,0,0,0.0
15334,2022-07,0,0,0,0.0
15334,2022-08,0,0,0,0.0
15334,2022-09,0,0,0,0.0
15334,2022-10,0,0,0,0.0
15334,2022-11,0,0,0,0.0
15334,2022-12,0,0,0,0.0
15337,2022-01,0,0,0,0.0
15337,2022-02,0,0,0,1.0
15337,2022-03,0,0,0,0.0
15337,2022-04,0,0,0,0.0
15337,2022-05,0,0,0,0.0
15337,2022-06,0,0,0,1.0
15337,2022-07,0,0,0,0.0
15337,2022-08,0,0,0,0.0
15337,2022-09,0,0,0,0.0
15337,2022-10,0,0,0,0.0
15337,2022-11,0,0,0,0.0
15337,2022-12,0,0,0,0.0
15338,2022-01,0,0,0,0.0
15338,2022-02,0,0,0,0.0
15338,2022-03,0,0,0,0.0
15338,2022-04,0,0,0,0.0
15338,2022-05,0,0,0,0.0
15338,2022-06,0,0,0,0.0
15338,2022-07,0,0,0,0.0
15338,2022-08,0,0,0,0.0
15338,2022-09,0,0,0,0.0
15338,2022-10,0,0,0,0.0
15338,2022-11,0,0,0,0.0
15338,2022-12,0,0,0,0.0
15340,2022-01,0,0,0,0.0
15340,2022-02,0,0,0,0.0
15340,2022-03,0,0,0,1.0
15340,2022-04,0,0,0,0.0
15340,2022-05,0,0,0,0.0
15340,2022-06,0,0,0,0.0
15340,2022-07,0,0,0,0.0
15340,2022-08,0,0,0,0.0
15340,2022-09,0,0,0,1.0
15340,2022-10,0,0,0,0.0
15340,2022-11,0,0,0,0.0
15340,2022-12,0,0,0,0.0
15341,2022-01,0,0,0,0.0
15341,2022-02,0,0,0,1.0
15341,2022-03,0,0,0,0.0
15341,2022-04,0,0,0,0.0
15341,2022-05,0,0,0,0.0
15341,2022-06,0,0,0,1.0
15341,2022-07,0,0,0,0.0
15341,2022-08,0,0,0,0.0
15341,2022-09,0,0,0,0.0
15341,2022-10,0,0,0,0.0
15341,2022-11,0,0,0,0.0
15341,2022-12,0,0,0,0.0
15342,2022-01,0,0,0,0.0
15342,2022-02,0,0,0,0.0
15342,2022-03,0,0,0,1.0
15342,2022-04,0,0,0,0.0
15342,2022-05,0,0,0,0.0
15342,2022-06,0,0,0,0.0
15342,2022-07,0,0,0,0.0
15342,2022-08,0,0,0,0.0
15342,2022-09,0,0,0,1.0
15342,2022-10,0,0,0,0.0
15342,2022-11,0,0,0,0.0
15342,2022-12,0,0,0,0.0
15344,2022-01,0,0,0,0.0
15344,2022-02,0,0,0,1.0
15344,2022-03,0,0,0,0.0
15344,2022-04,0,0,0,0.0
15344,2022-05,0,0,0,0.0
15344,2022-06,0,0,0,1.0
15344,2022-07,0,0,0,0.0
15344,2022-08,0,0,0,0.0
15344,2022-09,0,0,0,0.0
15344,2022-10,0,0,0,0.0
15344,2022-11,0,0,0,0.0
15344,2022-12,0,0,0,0.0
15345,2022-01,0,0,0,0.0
15345,2022-02,0,0,0,1.0
15345,2022-03,0,0,0,0.0
15345,2022-04,0,0,0,0.0
15345,2022-05,0,0,0,0.0
15345,2022-06,0,0,0,1.0
15345,2022-07,0,0,0,0.0
15345,2022-08,0,0,0,0.0
15345,2022-09,0,0,0,0.0
15345,2022-10,0,0,0,0.0
15345,2022-11,0,0,0,0.0
15345,2022-12,0,0,0,0.0
15346,2022-01,0,0,0,0.0
15346,2022-02,0,0,0,1.0
15346,2022-03,0,0,0,0.0
15346,2022-04,0,0,0,0.0
15346,2022-05,0,0,0,0.0
15346,2022-06,0,0,0,1.0
15346,2022-07,0,0,0,0.0
15346,2022-08,0,0,0,0.0
15346,2022-09,0,0,0,0.0
15346,2022-10,0,0,0,0.0
15346,2022-11,0,0,0,0.0
15346,2022-12,0,0,0,0.0
15347,2022-01,0,0,0,0.0
15347,2022-02,0,0,0,0.0
15347,2022-03,0,0,0,1.0
15347,2022-04,0,0,0,0.0
15347,2022-05,0,0,0,0.0
15347,2022-06,0,0,0,0.0
15347,2022-07,0,0,0,0.0
15347,2022-08,0,0,0,0.0
15347,2022-09,0,0,0,1.0
15347,2022-10,0,0,0,0.0
15347,2022-11,0,0,0,0.0
15347,2022-12,0,0,0,0.0
15348,2022-01,0,0,0,0.0
15348,2022-02,0,0,0,0.0
15348,2022-03,0,0,0,0.0
15348,2022-04,0,0,0,0.0
15348,2022-05,0,0,0,0.0
15348,2022-06,0,0,0,0.0
15348,2022-07,0,0,0,0.0
15348,2022-08,0,0,0,0.0
15348,2022-09,0,0,0,0.0
15348,2022-10,0,0,0,0.0
15348,2022-11,0,0,0,0.0
15348,2022-12,0,0,0,0.0
15349,2022-01,0,0,0,0.0
15349,2022-02,0,0,0,1.0
15349,2022-03,0,0,0,0.0
15349,2022-04,0,0,0,0.0
15349,2022-05,0,0,0,0.0
15349,2022-06,0,0,0,1.0
15349,2022-07,0,0,0,0.0
15349,2022-08,0,0,0,0.0
15349,2022-09,0,0,0,0.0
15349,2022-10,0,0,0,0.0
15349,2022-11,0,0,0,0.0
15349,2022-12,0,0,0,0.0
15350,2022-01,0,0,0,0.0
15350,2022-02,0,0,0,0.0
15350,2022-03,0,0,0,0.0
15350,2022-04,0,0,0,0.0
15350,2022-05,0,0,0,0.0
15350,2022-06,0,0,0,0.0
15350,2022-07,0,0,0,0.0
15350,2022-08,0,0,0,0.0
15350,2022-09,0,0,0,0.0
15350,2022-10,0,0,0,0.0
15350,2022-11,0,0,0,0.0
15350,2022-12,0,0,0,0.0
15351,2022-01,0,0,0,0.0
15351,2022-02,0,0,0,0.0
15351,2022-03,0,0,0,0.0
15351,2022-04,0,0,0,0.0
15351,2022-05,0,0,0,0.0
15351,2022-06,0,0,0,0.0
15351,2022-07,0,0,0,0.0
15351,2022-08,0,0,0,0.0
15351,2022-09,0,0,0,0.0
15351,2022-10,0,0,0,0.0
15351,2022-11,0,0,0,0.0
15351,2022-12,0,0,0,0.0
15352,2022-01,0,0,0,0.0
15352,2022-02,0,0,0,0.0
15352,2022-03,0,0,0,0.0
15352,2022-04,0,0,0,0.0
15352,2022-05,0,0,0,0.0
15352,2022-06,0,0,0,0.0
15352,2022-07,0,0,0,0.0
15352,2022-08,0,0,0,0.0
15352,2022-09,0,0,0,0.0
15352,2022-10,0,0,0,0.0
15352,2022-11,0,0,0,0.0
15352,2022-12,0,0,0,0.0
15353,2022-01,0,0,0,0.0
15353,2022-02,0,0,0,0.0
15353,2022-03,0,0,0,0.0
15353,2022-04,0,0,0,0.0
15353,2022-05,0,0,0,0.0
15353,2022-06,0,0,0,0.0
15353,2022-07,0,0,0,0.0
15353,2022-08,0,0,0,0.0
15353,2022-09,0,0,0,0.0
15353,2022-10,0,0,0,0.0
15353,2022-11,0,0,0,0.0
15353,2022-12,0,0,0,0.0
15357,2022-01,0,0,0,0.0
15357,2022-02,0,0,0,0.0
15357,2022-03,0,0,0,0.0
15357,2022-04,0,0,0,0.0
15357,2022-05,0,0,0,0.0
15357,2022-06,0,0,0,0.0
15357,2022-07,0,0,0,0.0
15357,2022-08,0,0,0,0.0
15357,2022-09,0,0,0,0.0
15357,2022-10,0,0,0,0.0
15357,2022-11,0,0,0,0.0
15357,2022-12,0,0,0,0.0
15358,2022-01,0,0,0,0.0
15358,2022-02,0,0,0,0.0
15358,2022-03,0,0,0,0.0
15358,2022-04,0,0,0,0.0
15358,2022-05,0,0,0,0.0
15358,2022-06,0,0,0,0.0
15358,2022-07,0,0,0,0.0
15358,2022-08,0,0,0,0.0
15358,2022-09,0,0,0,0.0
15358,2022-10,0,0,0,0.0
15358,2022-11,0,0,0,0.0
15358,2022-12,0,0,0,0.0
15359,2022-01,0,0,0,0.0
15359,2022-02,0,0,0,1.0
15359,2022-03,0,0,0,0.0
15359,2022-04,0,0,0,0.0
15359,2022-05,0,0,0,0.0
15359,2022-06,0,0,0,1.0
15359,2022-07,0,0,0,0.0
15359,2022-08,0,0,0,0.0
15359,2022-09,0,0,0,0.0
15359,2022-10,0,0,0,0.0
15359,2022-11,0,0,0,0.0
15359,2022-12,0,0,0,0.0
15360,2022-01,0,0,0,0.0
15360,2022-02,0,0,0,0.0
15360,2022-03,0,0,0,1.0
15360,2022-04,0,0,0,0.0
15360,2022-05,0,0,0,0.0
15360,2022-06,0,0,0,0.0
15360,2022-07,0,0,0,0.0
15360,2022-08,0,0,0,0.0
15360,2022-09,0,0,0,1.0
15360,2022-10,0,0,0,0.0
15360,2022-11,0,0,0,0.0
15360,2022-12,0,0,0,0.0
15361,2022-01,0,0,0,0.0
15361,2022-02,0,0,0,0.0
15361,2022-03,0,0,0,0.0
15361,2022-04,0,0,0,0.0
15361,2022-05,0,0,0,0.0
15361,2022-06,0,0,0,0.0
15361,2022-07,0,0,0,0.0
15361,2022-08,0,0,0,0.0
15361,2022-09,0,0,0,0.0
15361,2022-10,0,0,0,0.0
15361,2022-11,0,0,0,0.0
15361,2022-12,0,0,0,0.0
15362,2022-01,0,0,0,0.0
15362,2022-02,0,0,0,1.0
15362,2022-03,0,0,0,0.0
15362,2022-04,0,0,0,0.0
15362,2022-05,0,0,0,0.0
15362,2022-06,0,0,0,1.0
15362,2022-07,0,0,0,0.0
15362,2022-08,0,0,0,0.0
15362,2022-09,0,0,0,0.0
15362,2022-10,0,0,0,0.0
15362,2022-11,0,0,0,0.0
15362,2022-12,0,0,0,0.0
15363,2022-01,0,0,0,0.0
15363,2022-02,0,0,0,0.0
15363,2022-03,0,0,0,0.0
15363,2022-04,0,0,0,0.0
15363,2022-05,0,0,0,0.0
15363,2022-06,0,0,0,0.0
15363,2022-07,0,0,0,0.0
15363,2022-08,0,0,0,0.0
15363,2022-09,0,0,0,0.0
15363,2022-10,0,0,0,0.0
15363,2022-11,0,0,0,0.0
15363,2022-12,0,0,0,0.0
15364,2022-01,0,0,0,0.0
15364,2022-02,0,0,0,1.0
15364,2022-03,0,0,0,0.0
15364,2022-04,0,0,0,0.0
15364,2022-05,0,0,0,0.0
15364,2022-06,0,0,0,1.0
15364,2022-07,0,0,0,0.0
15364,2022-08,0,0,0,0.0
15364,2022-09,0,0,0,0.0
15364,2022-10,0,0,0,0.0
15364,2022-11,0,0,0,0.0
15364,2022-12,0,0,0,0.0
15365,2022-01,0,0,0,0.0
15365,2022-02,0,0,0,0.0
15365,2022-03,0,0,0,0.0
15365,2022-04,0,0,0,0.0
15365,2022-05,0,0,0,0.0
15365,2022-06,0,0,0,0.0
15365,2022-07,0,0,0,0.0
15365,2022-08,0,0,0,0.0
15365,2022-09,0,0,0,0.0
15365,2022-10,0,0,0,0.0
15365,2022-11,0,0,0,0.0
15365,2022-12,0,0,0,0.0
15366,2022-01,0,0,0,0.0
15366,2022-02,0,0,0,0.0
15366,2022-03,0,0,0,0.0
15366,2022-04,0,0,0,0.0
15366,2022-05,0,0,0,0.0
15366,2022-06,0,0,0,0.0
15366,2022-07,0,0,0,0.0
15366,2022-08,0,0,0,0.0
15366,2022-09,0,0,0,0.0
15366,2022-10,0,0,0,0.0
15366,2022-11,0,0,0,0.0
15366,2022-12,0,0,0,0.0
15367,2022-01,0,0,0,0.0
15367,2022-02,0,0,0,0.0
15367,2022-03,0,0,0,0.0
15367,2022-04,0,0,0,0.0
15367,2022-05,0,0,0,0.0
15367,2022-06,0,0,0,0.0
15367,2022-07,0,0,0,0.0
15367,2022-08,0,0,0,0.0
15367,2022-09,0,0,0,0.0
15367,2022-10,0,0,0,0.0
15367,2022-11,0,0,0,0.0
15367,2022-12,0,0,0,0.0
15368,2022-01,0,0,0,0.0
15368,2022-02,0,0,0,0.0
15368,2022-03,0,0,0,0.0
15368,2022-04,0,0,0,0.0
15368,2022-05,0,0,0,0.0
15368,2022-06,0,0,0,0.0
15368,2022-07,0,0,0,0.0
15368,2022-08,0,0,0,0.0
15368,2022-09,0,0,0,0.0
15368,2022-10,0,0,0,0.0
15368,2022-11,0,0,0,0.0
15368,2022-12,0,0,0,0.0
15370,2022-01,Greene,0,0,0.0
15370,2022-02,Greene,0,1,0.0
15370,2022-03,Greene,0,0,0.0
15370,2022-04,Greene,0,0,0.0
15370,2022-05,Greene,0,0,0.0
15370,2022-06,Greene,0,1,0.0
15370,2022-07,Greene,0,0,0.0
15370,2022-08,Greene,0,0,0.0
15370,2022-09,Greene,0,0,0.0
15370,2022-10,Greene,0,0,0.0
15370,2022-11,Greene,0,0,0.0
15370,2022-12,Greene,0,0,0.0
15376,2022-01,0,0,0,0.0
15376,2022-02,0,0,0,0.0
15376,2022-03,0,0,0,0.0
15376,2022-04,0,0,0,0.0
15376,2022-05,0,0,0,0.0
15376,2022-06,0,0,0,0.0
15376,2022-07,0,0,0,0.0
15376,2022-08,0,0,0,0.0
15376,2022-09,0,0,0,0.0
15376,2022-10,0,0,0,0.0
15376,2022-11,0,0,0,0.0
15376,2022-12,0,0,0,0.0
15377,2022-01,0,0,0,0.0
15377,2022-02,0,0,0,0.0
15377,2022-03,0,0,0,0.0
15377,2022-04,0,0,0,0.0
15377,2022-05,0,0,0,0.0
15377,2022-06,0,0,0,0.0
15377,2022-07,0,0,0,0.0
15377,2022-08,0,0,0,0.0
15377,2022-09,0,0,0,0.0
15377,2022-10,0,0,0,0.0
15377,2022-11,0,0,0,0.0
15377,2022-12,0,0,0,0.0
15378,2022-01,0,0,0,0.0
15378,2022-02,0,0,0,0.0
15378,2022-03,0,0,0,0.0
15378,2022-04,0,0,0,0.0
15378,2022-05,0,0,0,0.0
15378,2022-06,0,0,0,0.0
15378,2022-07,0,0,0,0.0
15378,2022-08,0,0,0,0.0
15378,2022-09,0,0,0,0.0
15378,2022-10,0,0,0,0.0
15378,2022-11,0,0,0,0.0
15378,2022-12,0,0,0,0.0
15379,2022-01,0,0,0,0.0
15379,2022-02,0,0,0,0.0
15379,2022-03,0,0,0,0.0
15379,2022-04,0,0,0,0.0
15379,2022-05,0,0,0,0.0
15379,2022-06,0,0,0,0.0
15379,2022-07,0,0,0,0.0
15379,2022-08,0,0,0,0.0
15379,2022-09,0,0,0,0.0
15379,2022-10,0,0,0,0.0
15379,2022-11,0,0,0,0.0
15379,2022-12,0,0,0,0.0
15380,2022-01,0,0,0,0.0
15380,2022-02,0,0,0,0.0
15380,2022-03,0,0,0,0.0
15380,2022-04,0,0,0,0.0
15380,2022-05,0,0,0,0.0
15380,2022-06,0,0,0,0.0
15380,2022-07,0,0,0,0.0
15380,2022-08,0,0,0,0.0
15380,2022-09,0,0,0,0.0
15380,2022-10,0,0,0,0.0
15380,2022-11,0,0,0,0.0
15380,2022-12,0,0,0,0.0
15401,2022-01,Fayette,0,0,0.0
15401,2022-02,Fayette,0,0,0.0
15401,2022-03,Fayette,0,0,0.0
15401,2022-04,Fayette,0,0,0.0
15401,2022-05,Fayette,0,0,0.0
15401,2022-06,Fayette,0,0,0.0
15401,2022-07,Fayette,0,0,0.0
15401,2022-08,Fayette,0,0,0.0
15401,2022-09,Fayette,0,0,0.0
15401,2022-10,Fayette,0,1,0.0
15401,2022-11,Fayette,0,0,0.0
15401,2022-12,Fayette,0,0,0.0
15410,2022-01,0,0,0,0.0
15410,2022-02,0,0,0,0.0
15410,2022-03,0,0,0,0.0
15410,2022-04,0,0,0,0.0
15410,2022-05,0,0,0,0.0
15410,2022-06,0,0,0,0.0
15410,2022-07,0,0,0,0.0
15410,2022-08,0,0,0,0.0
15410,2022-09,0,0,0,0.0
15410,2022-10,0,0,0,0.0
15410,2022-11,0,0,0,0.0
15410,2022-12,0,0,0,0.0
15411,2022-01,0,0,0,0.0
15411,2022-02,0,0,0,0.0
15411,2022-03,0,0,0,0.0
15411,2022-04,0,0,0,0.0
15411,2022-05,0,0,0,0.0
15411,2022-06,0,0,0,0.0
15411,2022-07,0,0,0,0.0
15411,2022-08,0,0,0,0.0
15411,2022-09,0,0,0,0.0
15411,2022-10,0,0,0,0.0
15411,2022-11,0,0,0,0.0
15411,2022-12,0,0,0,0.0
15412,2022-01,0,0,0,0.0
15412,2022-02,0,0,0,0.0
15412,2022-03,0,0,0,0.0
15412,2022-04,0,0,0,0.0
15412,2022-05,0,0,0,0.0
15412,2022-06,0,0,0,0.0
15412,2022-07,0,0,0,0.0
15412,2022-08,0,0,0,0.0
15412,2022-09,0,0,0,0.0
15412,2022-10,0,0,0,0.0
15412,2022-11,0,0,0,0.0
15412,2022-12,0,0,0,0.0
15413,2022-01,0,0,0,0.0
15413,2022-02,0,0,0,0.0
15413,2022-03,0,0,0,0.0
15413,2022-04,0,0,0,0.0
15413,2022-05,0,0,0,0.0
15413,2022-06,0,0,0,0.0
15413,2022-07,0,0,0,0.0
15413,2022-08,0,0,0,0.0
15413,2022-09,0,0,0,0.0
15413,2022-10,0,0,0,0.0
15413,2022-11,0,0,0,0.0
15413,2022-12,0,0,0,0.0
15416,2022-01,0,0,0,0.0
15416,2022-02,0,0,0,0.0
15416,2022-03,0,0,0,0.0
15416,2022-04,0,0,0,0.0
15416,2022-05,0,0,0,0.0
15416,2022-06,0,0,0,0.0
15416,2022-07,0,0,0,0.0
15416,2022-08,0,0,0,0.0
15416,2022-09,0,0,0,0.0
15416,2022-10,0,0,0,0.0
15416,2022-11,0,0,0,0.0
15416,2022-12,0,0,0,0.0
15417,2022-01,0,0,0,0.0
15417,2022-02,0,0,0,0.0
15417,2022-03,0,0,0,0.0
15417,2022-04,0,0,0,0.0
15417,2022-05,0,0,0,0.0
15417,2022-06,0,0,0,0.0
15417,2022-07,0,0,0,0.0
15417,2022-08,0,0,0,0.0
15417,2022-09,0,0,0,0.0
15417,2022-10,0,0,0,0.0
15417,2022-11,0,0,0,0.0
15417,2022-12,0,0,0,0.0
15419,2022-01,0,0,0,0.0
15419,2022-02,0,0,0,0.0
15419,2022-03,0,0,0,0.0
15419,2022-04,0,0,0,0.0
15419,2022-05,0,0,0,0.0
15419,2022-06,0,0,0,0.0
15419,2022-07,0,0,0,0.0
15419,2022-08,0,0,0,0.0
15419,2022-09,0,0,0,0.0
15419,2022-10,0,0,0,0.0
15419,2022-11,0,0,0,0.0
15419,2022-12,0,0,0,0.0
15420,2022-01,0,0,0,0.0
15420,2022-02,0,0,0,0.0
15420,2022-03,0,0,0,0.0
15420,2022-04,0,0,0,0.0
15420,2022-05,0,0,0,0.0
15420,2022-06,0,0,0,0.0
15420,2022-07,0,0,0,0.0
15420,2022-08,0,0,0,0.0
15420,2022-09,0,0,0,0.0
15420,2022-10,0,0,0,0.0
15420,2022-11,0,0,0,0.0
15420,2022-12,0,0,0,0.0
15421,2022-01,0,0,0,0.0
15421,2022-02,0,0,0,0.0
15421,2022-03,0,0,0,0.0
15421,2022-04,0,0,0,0.0
15421,2022-05,0,0,0,0.0
15421,2022-06,0,0,0,0.0
15421,2022-07,0,0,0,0.0
15421,2022-08,0,0,0,0.0
15421,2022-09,0,0,0,0.0
15421,2022-10,0,0,0,0.0
15421,2022-11,0,0,0,0.0
15421,2022-12,0,0,0,0.0
15422,2022-01,0,0,0,0.0
15422,2022-02,0,0,0,0.0
15422,2022-03,0,0,0,0.0
15422,2022-04,0,0,0,0.0
15422,2022-05,0,0,0,0.0
15422,2022-06,0,0,0,0.0
15422,2022-07,0,0,0,0.0
15422,2022-08,0,0,0,0.0
15422,2022-09,0,0,0,0.0
15422,2022-10,0,0,0,0.0
15422,2022-11,0,0,0,0.0
15422,2022-12,0,0,0,0.0
15423,2022-01,0,0,0,0.0
15423,2022-02,0,0,0,0.0
15423,2022-03,0,0,0,0.0
15423,2022-04,0,0,0,0.0
15423,2022-05,0,0,0,0.0
15423,2022-06,0,0,0,0.0
15423,2022-07,0,0,0,0.0
15423,2022-08,0,0,0,0.0
15423,2022-09,0,0,0,0.0
15423,2022-10,0,0,0,0.0
15423,2022-11,0,0,0,0.0
15423,2022-12,0,0,0,0.0
15424,2022-01,0,0,0,0.0
15424,2022-02,0,0,0,0.0
15424,2022-03,0,0,0,0.0
15424,2022-04,0,0,0,0.0
15424,2022-05,0,0,0,0.0
15424,2022-06,0,0,0,0.0
15424,2022-07,0,0,0,0.0
15424,2022-08,0,0,0,0.0
15424,2022-09,0,0,0,0.0
15424,2022-10,0,0,0,0.0
15424,2022-11,0,0,0,0.0
15424,2022-12,0,0,0,0.0
15425,2022-01,0,0,0,0.0
15425,2022-02,0,0,0,0.0
15425,2022-03,0,0,0,0.0
15425,2022-04,0,0,0,0.0
15425,2022-05,0,0,0,0.0
15425,2022-06,0,0,0,0.0
15425,2022-07,0,0,0,0.0
15425,2022-08,0,0,0,0.0
15425,2022-09,0,0,0,0.0
15425,2022-10,0,0,0,0.0
15425,2022-11,0,0,0,0.0
15425,2022-12,0,0,0,0.0
15427,2022-01,0,0,0,0.0
15427,2022-02,0,0,0,0.0
15427,2022-03,0,0,0,0.0
15427,2022-04,0,0,0,0.0
15427,2022-05,0,0,0,0.0
15427,2022-06,0,0,0,0.0
15427,2022-07,0,0,0,0.0
15427,2022-08,0,0,0,0.0
15427,2022-09,0,0,0,0.0
15427,2022-10,0,0,0,0.0
15427,2022-11,0,0,0,0.0
15427,2022-12,0,0,0,0.0
15428,2022-01,0,0,0,0.0
15428,2022-02,0,0,0,0.0
15428,2022-03,0,0,0,0.0
15428,2022-04,0,0,0,0.0
15428,2022-05,0,0,0,0.0
15428,2022-06,0,0,0,0.0
15428,2022-07,0,0,0,0.0
15428,2022-08,0,0,0,0.0
15428,2022-09,0,0,0,0.0
15428,2022-10,0,0,0,0.0
15428,2022-11,0,0,0,0.0
15428,2022-12,0,0,0,0.0
15429,2022-01,0,0,0,0.0
15429,2022-02,0,0,0,0.0
15429,2022-03,0,0,0,0.0
15429,2022-04,0,0,0,0.0
15429,2022-05,0,0,0,0.0
15429,2022-06,0,0,0,0.0
15429,2022-07,0,0,0,0.0
15429,2022-08,0,0,0,0.0
15429,2022-09,0,0,0,0.0
15429,2022-10,0,0,0,0.0
15429,2022-11,0,0,0,0.0
15429,2022-12,0,0,0,0.0
15430,2022-01,0,0,0,0.0
15430,2022-02,0,0,0,0.0
15430,2022-03,0,0,0,0.0
15430,2022-04,0,0,0,0.0
15430,2022-05,0,0,0,0.0
15430,2022-06,0,0,0,0.0
15430,2022-07,0,0,0,0.0
15430,2022-08,0,0,0,0.0
15430,2022-09,0,0,0,0.0
15430,2022-10,0,0,0,0.0
15430,2022-11,0,0,0,0.0
15430,2022-12,0,0,0,0.0
15431,2022-01,0,0,0,0.0
15431,2022-02,0,0,0,0.0
15431,2022-03,0,0,0,0.0
15431,2022-04,0,0,0,0.0
15431,2022-05,0,0,0,0.0
15431,2022-06,0,0,0,0.0
15431,2022-07,0,0,0,0.0
15431,2022-08,0,0,0,0.0
15431,2022-09,0,0,0,0.0
15431,2022-10,0,0,0,1.0
15431,2022-11,0,0,0,0.0
15431,2022-12,0,0,0,0.0
15432,2022-01,0,0,0,0.0
15432,2022-02,0,0,0,0.0
15432,2022-03,0,0,0,0.0
15432,2022-04,0,0,0,0.0
15432,2022-05,0,0,0,0.0
15432,2022-06,0,0,0,0.0
15432,2022-07,0,0,0,0.0
15432,2022-08,0,0,0,0.0
15432,2022-09,0,0,0,0.0
15432,2022-10,0,0,0,0.0
15432,2022-11,0,0,0,0.0
15432,2022-12,0,0,0,0.0
15433,2022-01,0,0,0,0.0
15433,2022-02,0,0,0,0.0
15433,2022-03,0,0,0,0.0
15433,2022-04,0,0,0,0.0
15433,2022-05,0,0,0,0.0
15433,2022-06,0,0,0,0.0
15433,2022-07,0,0,0,0.0
15433,2022-08,0,0,0,0.0
15433,2022-09,0,0,0,0.0
15433,2022-10,0,0,0,0.0
15433,2022-11,0,0,0,0.0
15433,2022-12,0,0,0,0.0
15434,2022-01,0,0,0,0.0
15434,2022-02,0,0,0,0.0
15434,2022-03,0,0,0,0.0
15434,2022-04,0,0,0,0.0
15434,2022-05,0,0,0,0.0
15434,2022-06,0,0,0,0.0
15434,2022-07,0,0,0,0.0
15434,2022-08,0,0,0,0.0
15434,2022-09,0,0,0,0.0
15434,2022-10,0,0,0,0.0
15434,2022-11,0,0,0,0.0
15434,2022-12,0,0,0,0.0
15435,2022-01,0,0,0,0.0
15435,2022-02,0,0,0,0.0
15435,2022-03,0,0,0,0.0
15435,2022-04,0,0,0,0.0
15435,2022-05,0,0,0,0.0
15435,2022-06,0,0,0,0.0
15435,2022-07,0,0,0,0.0
15435,2022-08,0,0,0,0.0
15435,2022-09,0,0,0,0.0
15435,2022-10,0,0,0,0.0
15435,2022-11,0,0,0,0.0
15435,2022-12,0,0,0,0.0
15436,2022-01,0,0,0,0.0
15436,2022-02,0,0,0,0.0
15436,2022-03,0,0,0,0.0
15436,2022-04,0,0,0,0.0
15436,2022-05,0,0,0,0.0
15436,2022-06,0,0,0,0.0
15436,2022-07,0,0,0,0.0
15436,2022-08,0,0,0,0.0
15436,2022-09,0,0,0,0.0
15436,2022-10,0,0,0,1.0
15436,2022-11,0,0,0,0.0
15436,2022-12,0,0,0,0.0
15437,2022-01,0,0,0,0.0
15437,2022-02,0,0,0,0.0
15437,2022-03,0,0,0,0.0
15437,2022-04,0,0,0,0.0
15437,2022-05,0,0,0,0.0
15437,2022-06,0,0,0,0.0
15437,2022-07,0,0,0,0.0
15437,2022-08,0,0,0,0.0
15437,2022-09,0,0,0,0.0
15437,2022-10,0,0,0,1.0
15437,2022-11,0,0,0,0.0
15437,2022-12,0,0,0,0.0
15438,2022-01,0,0,0,0.0
15438,2022-02,0,0,0,0.0
15438,2022-03,0,0,0,0.0
15438,2022-04,0,0,0,0.0
15438,2022-05,0,0,0,0.0
15438,2022-06,0,0,0,0.0
15438,2022-07,0,0,0,0.0
15438,2022-08,0,0,0,0.0
15438,2022-09,0,0,0,0.0
15438,2022-10,0,0,0,0.0
15438,2022-11,0,0,0,0.0
15438,2022-12,0,0,0,0.0
15440,2022-01,0,0,0,0.0
15440,2022-02,0,0,0,0.0
15440,2022-03,0,0,0,0.0
15440,2022-04,0,0,0,0.0
15440,2022-05,0,0,0,0.0
15440,2022-06,0,0,0,0.0
15440,2022-07,0,0,0,0.0
15440,2022-08,0,0,0,0.0
15440,2022-09,0,0,0,0.0
15440,2022-10,0,0,0,0.0
15440,2022-11,0,0,0,0.0
15440,2022-12,0,0,0,0.0
15442,2022-01,0,0,0,0.0
15442,2022-02,0,0,0,0.0
15442,2022-03,0,0,0,0.0
15442,2022-04,0,0,0,0.0
15442,2022-05,0,0,0,0.0
15442,2022-06,0,0,0,0.0
15442,2022-07,0,0,0,0.0
15442,2022-08,0,0,0,0.0
15442,2022-09,0,0,0,0.0
15442,2022-10,0,0,0,0.0
15442,2022-11,0,0,0,0.0
15442,2022-12,0,0,0,0.0
15443,2022-01,0,0,0,0.0
15443,2022-02,0,0,0,0.0
15443,2022-03,0,0,0,0.0
15443,2022-04,0,0,0,0.0
15443,2022-05,0,0,0,0.0
15443,2022-06,0,0,0,0.0
15443,2022-07,0,0,0,0.0
15443,2022-08,0,0,0,0.0
15443,2022-09,0,0,0,0.0
15443,2022-10,0,0,0,0.0
15443,2022-11,0,0,0,0.0
15443,2022-12,0,0,0,0.0
15444,2022-01,0,0,0,0.0
15444,2022-02,0,0,0,0.0
15444,2022-03,0,0,0,0.0
15444,2022-04,0,0,0,0.0
15444,2022-05,0,0,0,0.0
15444,2022-06,0,0,0,0.0
15444,2022-07,0,0,0,0.0
15444,2022-08,0,0,0,0.0
15444,2022-09,0,0,0,0.0
15444,2022-10,0,0,0,0.0
15444,2022-11,0,0,0,0.0
15444,2022-12,0,0,0,0.0
15445,2022-01,0,0,0,0.0
15445,2022-02,0,0,0,0.0
15445,2022-03,0,0,0,0.0
15445,2022-04,0,0,0,0.0
15445,2022-05,0,0,0,0.0
15445,2022-06,0,0,0,0.0
15445,2022-07,0,0,0,0.0
15445,2022-08,0,0,0,0.0
15445,2022-09,0,0,0,0.0
15445,2022-10,0,0,0,1.0
15445,2022-11,0,0,0,0.0
15445,2022-12,0,0,0,0.0
15446,2022-01,0,0,0,0.0
15446,2022-02,0,0,0,0.0
15446,2022-03,0,0,0,0.0
15446,2022-04,0,0,0,0.0
15446,2022-05,0,0,0,0.0
15446,2022-06,0,0,0,0.0
15446,2022-07,0,0,0,0.0
15446,2022-08,0,0,0,0.0
15446,2022-09,0,0,0,0.0
15446,2022-10,0,0,0,0.0
15446,2022-11,0,0,0,0.0
15446,2022-12,0,0,0,0.0
15447,2022-01,0,0,0,0.0
15447,2022-02,0,0,0,0.0
15447,2022-03,0,0,0,0.0
15447,2022-04,0,0,0,0.0
15447,2022-05,0,0,0,0.0
15447,2022-06,0,0,0,0.0
15447,2022-07,0,0,0,0.0
15447,2022-08,0,0,0,0.0
15447,2022-09,0,0,0,0.0
15447,2022-10,0,0,0,0.0
15447,2022-11,0,0,0,0.0
15447,2022-12,0,0,0,0.0
15448,2022-01,0,0,0,0.0
15448,2022-02,0,0,0,0.0
15448,2022-03,0,0,0,0.0
15448,2022-04,0,0,0,0.0
15448,2022-05,0,0,0,0.0
15448,2022-06,0,0,0,0.0
15448,2022-07,0,0,0,0.0
15448,2022-08,0,0,0,0.0
15448,2022-09,0,0,0,0.0
15448,2022-10,0,0,0,0.0
15448,2022-11,0,0,0,0.0
15448,2022-12,0,0,0,0.0
15449,2022-01,0,0,0,0.0
15449,2022-02,0,0,0,0.0
15449,2022-03,0,0,0,0.0
15449,2022-04,0,0,0,0.0
15449,2022-05,0,0,0,0.0
15449,2022-06,0,0,0,0.0
15449,2022-07,0,0,0,0.0
15449,2022-08,0,0,0,0.0
15449,2022-09,0,0,0,0.0
15449,2022-10,0,0,0,0.0
15449,2022-11,0,0,0,0.0
15449,2022-12,0,0,0,0.0
15450,2022-01,0,0,0,0.0
15450,2022-02,0,0,0,0.0
15450,2022-03,0,0,0,0.0
15450,2022-04,0,0,0,0.0
15450,2022-05,0,0,0,0.0
15450,2022-06,0,0,0,0.0
15450,2022-07,0,0,0,0.0
15450,2022-08,0,0,0,0.0
15450,2022-09,0,0,0,0.0
15450,2022-10,0,0,0,0.0
15450,2022-11,0,0,0,0.0
15450,2022-12,0,0,0,0.0
15451,2022-01,0,0,0,0.0
15451,2022-02,0,0,0,0.0
15451,2022-03,0,0,0,0.0
15451,2022-04,0,0,0,0.0
15451,2022-05,0,0,0,0.0
15451,2022-06,0,0,0,0.0
15451,2022-07,0,0,0,0.0
15451,2022-08,0,0,0,0.0
15451,2022-09,0,0,0,0.0
15451,2022-10,0,0,0,0.0
15451,2022-11,0,0,0,0.0
15451,2022-12,0,0,0,0.0
15454,2022-01,0,0,0,0.0
15454,2022-02,0,0,0,0.0
15454,2022-03,0,0,0,0.0
15454,2022-04,0,0,0,0.0
15454,2022-05,0,0,0,0.0
15454,2022-06,0,0,0,0.0
15454,2022-07,0,0,0,0.0
15454,2022-08,0,0,0,0.0
15454,2022-09,0,0,0,0.0
15454,2022-10,0,0,0,0.0
15454,2022-11,0,0,0,0.0
15454,2022-12,0,0,0,0.0
15455,2022-01,0,0,0,0.0
15455,2022-02,0,0,0,0.0
15455,2022-03,0,0,0,0.0
15455,2022-04,0,0,0,0.0
15455,2022-05,0,0,0,0.0
15455,2022-06,0,0,0,0.0
15455,2022-07,0,0,0,0.0
15455,2022-08,0,0,0,0.0
15455,2022-09,0,0,0,0.0
15455,2022-10,0,0,0,0.0
15455,2022-11,0,0,0,0.0
15455,2022-12,0,0,0,0.0
15456,2022-01,0,0,0,0.0
15456,2022-02,0,0,0,0.0
15456,2022-03,0,0,0,0.0
15456,2022-04,0,0,0,0.0
15456,2022-05,0,0,0,0.0
15456,2022-06,0,0,0,0.0
15456,2022-07,0,0,0,0.0
15456,2022-08,0,0,0,0.0
15456,2022-09,0,0,0,0.0
15456,2022-10,0,0,0,1.0
15456,2022-11,0,0,0,0.0
15456,2022-12,0,0,0,0.0
15458,2022-01,0,0,0,0.0
15458,2022-02,0,0,0,0.0
15458,2022-03,0,0,0,0.0
15458,2022-04,0,0,0,0.0
15458,2022-05,0,0,0,0.0
15458,2022-06,0,0,0,0.0
15458,2022-07,0,0,0,0.0
15458,2022-08,0,0,0,0.0
15458,2022-09,0,0,0,0.0
15458,2022-10,0,0,0,1.0
15458,2022-11,0,0,0,0.0
15458,2022-12,0,0,0,0.0
15459,2022-01,0,0,0,0.0
15459,2022-02,0,0,0,0.0
15459,2022-03,0,0,0,0.0
15459,2022-04,0,0,0,0.0
15459,2022-05,0,0,0,0.0
15459,2022-06,0,0,0,0.0
15459,2022-07,0,0,0,0.0
15459,2022-08,0,0,0,0.0
15459,2022-09,0,0,0,0.0
15459,2022-10,0,0,0,0.0
15459,2022-11,0,0,0,0.0
15459,2022-12,0,0,0,0.0
15460,2022-01,0,0,0,0.0
15460,2022-02,0,0,0,0.0
15460,2022-03,0,0,0,0.0
15460,2022-04,0,0,0,0.0
15460,2022-05,0,0,0,0.0
15460,2022-06,0,0,0,0.0
15460,2022-07,0,0,0,0.0
15460,2022-08,0,0,0,0.0
15460,2022-09,0,0,0,0.0
15460,2022-10,0,0,0,0.0
15460,2022-11,0,0,0,0.0
15460,2022-12,0,0,0,0.0
15461,2022-01,0,0,0,0.0
15461,2022-02,0,0,0,0.0
15461,2022-03,0,0,0,0.0
15461,2022-04,0,0,0,0.0
15461,2022-05,0,0,0,0.0
15461,2022-06,0,0,0,0.0
15461,2022-07,0,0,0,0.0
15461,2022-08,0,0,0,0.0
15461,2022-09,0,0,0,0.0
15461,2022-10,0,0,0,0.0
15461,2022-11,0,0,0,0.0
15461,2022-12,0,0,0,0.0
15462,2022-01,0,0,0,0.0
15462,2022-02,0,0,0,0.0
15462,2022-03,0,0,0,0.0
15462,2022-04,0,0,0,0.0
15462,2022-05,0,0,0,0.0
15462,2022-06,0,0,0,0.0
15462,2022-07,0,0,0,0.0
15462,2022-08,0,0,0,0.0
15462,2022-09,0,0,0,0.0
15462,2022-10,0,0,0,0.0
15462,2022-11,0,0,0,0.0
15462,2022-12,0,0,0,0.0
15463,2022-01,0,0,0,0.0
15463,2022-02,0,0,0,0.0
15463,2022-03,0,0,0,0.0
15463,2022-04,0,0,0,0.0
15463,2022-05,0,0,0,0.0
15463,2022-06,0,0,0,0.0
15463,2022-07,0,0,0,0.0
15463,2022-08,0,0,0,0.0
15463,2022-09,0,0,0,0.0
15463,2022-10,0,0,0,0.0
15463,2022-11,0,0,0,0.0
15463,2022-12,0,0,0,0.0
15464,2022-01,0,0,0,0.0
15464,2022-02,0,0,0,0.0
15464,2022-03,0,0,0,0.0
15464,2022-04,0,0,0,0.0
15464,2022-05,0,0,0,0.0
15464,2022-06,0,0,0,0.0
15464,2022-07,0,0,0,0.0
15464,2022-08,0,0,0,0.0
15464,2022-09,0,0,0,0.0
15464,2022-10,0,0,0,0.0
15464,2022-11,0,0,0,0.0
15464,2022-12,0,0,0,0.0
15465,2022-01,0,0,0,0.0
15465,2022-02,0,0,0,0.0
15465,2022-03,0,0,0,0.0
15465,2022-04,0,0,0,0.0
15465,2022-05,0,0,0,0.0
15465,2022-06,0,0,0,0.0
15465,2022-07,0,0,0,0.0
15465,2022-08,0,0,0,0.0
15465,2022-09,0,0,0,0.0
15465,2022-10,0,0,0,0.0
15465,2022-11,0,0,0,0.0
15465,2022-12,0,0,0,0.0
15466,2022-01,0,0,0,0.0
15466,2022-02,0,0,0,0.0
15466,2022-03,0,0,0,0.0
15466,2022-04,0,0,0,0.0
15466,2022-05,0,0,0,0.0
15466,2022-06,0,0,0,0.0
15466,2022-07,0,0,0,0.0
15466,2022-08,0,0,0,0.0
15466,2022-09,0,0,0,0.0
15466,2022-10,0,0,0,0.0
15466,2022-11,0,0,0,0.0
15466,2022-12,0,0,0,0.0
15467,2022-01,0,0,0,0.0
15467,2022-02,0,0,0,0.0
15467,2022-03,0,0,0,0.0
15467,2022-04,0,0,0,0.0
15467,2022-05,0,0,0,0.0
15467,2022-06,0,0,0,0.0
15467,2022-07,0,0,0,0.0
15467,2022-08,0,0,0,0.0
15467,2022-09,0,0,0,0.0
15467,2022-10,0,0,0,0.0
15467,2022-11,0,0,0,0.0
15467,2022-12,0,0,0,0.0
15468,2022-01,0,0,0,0.0
15468,2022-02,0,0,0,0.0
15468,2022-03,0,0,0,0.0
15468,2022-04,0,0,0,0.0
15468,2022-05,0,0,0,0.0
15468,2022-06,0,0,0,0.0
15468,2022-07,0,0,0,0.0
15468,2022-08,0,0,0,0.0
15468,2022-09,0,0,0,0.0
15468,2022-10,0,0,0,1.0
15468,2022-11,0,0,0,0.0
15468,2022-12,0,0,0,0.0
15469,2022-01,0,0,0,0.0
15469,2022-02,0,0,0,0.0
15469,2022-03,0,0,0,0.0
15469,2022-04,0,0,0,0.0
15469,2022-05,0,0,0,0.0
15469,2022-06,0,0,0,0.0
15469,2022-07,0,0,0,0.0
15469,2022-08,0,0,0,0.0
15469,2022-09,0,0,0,0.0
15469,2022-10,0,0,0,0.0
15469,2022-11,0,0,0,0.0
15469,2022-12,0,0,0,0.0
15470,2022-01,0,0,0,0.0
15470,2022-02,0,0,0,0.0
15470,2022-03,0,0,0,0.0
15470,2022-04,0,0,0,0.0
15470,2022-05,0,0,0,0.0
15470,2022-06,0,0,0,0.0
15470,2022-07,0,0,0,0.0
15470,2022-08,0,0,0,0.0
15470,2022-09,0,0,0,0.0
15470,2022-10,0,0,0,0.0
15470,2022-11,0,0,0,0.0
15470,2022-12,0,0,0,0.0
15472,2022-01,0,0,0,0.0
15472,2022-02,0,0,0,0.0
15472,2022-03,0,0,0,0.0
15472,2022-04,0,0,0,0.0
15472,2022-05,0,0,0,0.0
15472,2022-06,0,0,0,0.0
15472,2022-07,0,0,0,0.0
15472,2022-08,0,0,0,0.0
15472,2022-09,0,0,0,0.0
15472,2022-10,0,0,0,1.0
15472,2022-11,0,0,0,0.0
15472,2022-12,0,0,0,0.0
15473,2022-01,0,0,0,0.0
15473,2022-02,0,0,0,0.0
15473,2022-03,0,0,0,0.0
15473,2022-04,0,0,0,0.0
15473,2022-05,0,0,0,0.0
15473,2022-06,0,0,0,0.0
15473,2022-07,0,0,0,0.0
15473,2022-08,0,0,0,0.0
15473,2022-09,0,0,0,0.0
15473,2022-10,0,0,0,0.0
15473,2022-11,0,0,0,0.0
15473,2022-12,0,0,0,0.0
15474,2022-01,0,0,0,0.0
15474,2022-02,0,0,0,0.0
15474,2022-03,0,0,0,0.0
15474,2022-04,0,0,0,0.0
15474,2022-05,0,0,0,0.0
15474,2022-06,0,0,0,0.0
15474,2022-07,0,0,0,0.0
15474,2022-08,0,0,0,0.0
15474,2022-09,0,0,0,0.0
15474,2022-10,0,0,0,0.0
15474,2022-11,0,0,0,0.0
15474,2022-12,0,0,0,0.0
15475,2022-01,0,0,0,0.0
15475,2022-02,0,0,0,0.0
15475,2022-03,0,0,0,0.0
15475,2022-04,0,0,0,0.0
15475,2022-05,0,0,0,0.0
15475,2022-06,0,0,0,0.0
15475,2022-07,0,0,0,0.0
15475,2022-08,0,0,0,0.0
15475,2022-09,0,0,0,0.0
15475,2022-10,0,0,0,0.0
15475,2022-11,0,0,0,0.0
15475,2022-12,0,0,0,0.0
15476,2022-01,0,0,0,0.0
15476,2022-02,0,0,0,0.0
15476,2022-03,0,0,0,0.0
15476,2022-04,0,0,0,0.0
15476,2022-05,0,0,0,0.0
15476,2022-06,0,0,0,0.0
15476,2022-07,0,0,0,0.0
15476,2022-08,0,0,0,0.0
15476,2022-09,0,0,0,0.0
15476,2022-10,0,0,0,0.0
15476,2022-11,0,0,0,0.0
15476,2022-12,0,0,0,0.0
15477,2022-01,0,0,0,0.0
15477,2022-02,0,0,0,0.0
15477,2022-03,0,0,0,0.0
15477,2022-04,0,0,0,0.0
15477,2022-05,0,0,0,0.0
15477,2022-06,0,0,0,0.0
15477,2022-07,0,0,0,0.0
15477,2022-08,0,0,0,0.0
15477,2022-09,0,0,0,0.0
15477,2022-10,0,0,0,0.0
15477,2022-11,0,0,0,0.0
15477,2022-12,0,0,0,0.0
15478,2022-01,0,0,0,0.0
15478,2022-02,0,0,0,0.0
15478,2022-03,0,0,0,0.0
15478,2022-04,0,0,0,0.0
15478,2022-05,0,0,0,0.0
15478,2022-06,0,0,0,0.0
15478,2022-07,0,0,0,0.0
15478,2022-08,0,0,0,0.0
15478,2022-09,0,0,0,0.0
15478,2022-10,0,0,0,1.0
15478,2022-11,0,0,0,0.0
15478,2022-12,0,0,0,0.0
15479,2022-01,0,0,0,0.0
15479,2022-02,0,0,0,0.0
15479,2022-03,0,0,0,0.0
15479,2022-04,0,0,0,0.0
15479,2022-05,0,0,0,0.0
15479,2022-06,0,0,0,0.0
15479,2022-07,0,0,0,0.0
15479,2022-08,0,0,0,0.0
15479,2022-09,0,0,0,0.0
15479,2022-10,0,0,0,0.0
15479,2022-11,0,0,0,0.0
15479,2022-12,0,0,0,0.0
15480,2022-01,0,0,0,0.0
15480,2022-02,0,0,0,0.0
15480,2022-03,0,0,0,0.0
15480,2022-04,0,0,0,0.0
15480,2022-05,0,0,0,0.0
15480,2022-06,0,0,0,0.0
15480,2022-07,0,0,0,0.0
15480,2022-08,0,0,0,0.0
15480,2022-09,0,0,0,0.0
15480,2022-10,0,0,0,1.0
15480,2022-11,0,0,0,0.0
15480,2022-12,0,0,0,0.0
15482,2022-01,0,0,0,0.0
15482,2022-02,0,0,0,0.0
15482,2022-03,0,0,0,0.0
15482,2022-04,0,0,0,0.0
15482,2022-05,0,0,0,0.0
15482,2022-06,0,0,0,0.0
15482,2022-07,0,0,0,0.0
15482,2022-08,0,0,0,0.0
15482,2022-09,0,0,0,0.0
15482,2022-10,0,0,0,0.0
15482,2022-11,0,0,0,0.0
15482,2022-12,0,0,0,0.0
15483,2022-01,0,0,0,0.0
15483,2022-02,0,0,0,0.0
15483,2022-03,0,0,0,0.0
15483,2022-04,0,0,0,0.0
15483,2022-05,0,0,0,0.0
15483,2022-06,0,0,0,0.0
15483,2022-07,0,0,0,0.0
15483,2022-08,0,0,0,0.0
15483,2022-09,0,0,0,0.0
15483,2022-10,0,0,0,0.0
15483,2022-11,0,0,0,0.0
15483,2022-12,0,0,0,0.0
15484,2022-01,0,0,0,0.0
15484,2022-02,0,0,0,0.0
15484,2022-03,0,0,0,0.0
15484,2022-04,0,0,0,0.0
15484,2022-05,0,0,0,0.0
15484,2022-06,0,0,0,0.0
15484,2022-07,0,0,0,0.0
15484,2022-08,0,0,0,0.0
15484,2022-09,0,0,0,0.0
15484,2022-10,0,0,0,1.0
15484,2022-11,0,0,0,0.0
15484,2022-12,0,0,0,0.0
15486,2022-01,0,0,0,0.0
15486,2022-02,0,0,0,0.0
15486,2022-03,0,0,0,0.0
15486,2022-04,0,0,0,0.0
15486,2022-05,0,0,0,0.0
15486,2022-06,0,0,0,0.0
15486,2022-07,0,0,0,0.0
15486,2022-08,0,0,0,0.0
15486,2022-09,0,0,0,0.0
15486,2022-10,0,0,0,0.0
15486,2022-11,0,0,0,0.0
15486,2022-12,0,0,0,0.0
15488,2022-01,0,0,0,0.0
15488,2022-02,0,0,0,0.0
15488,2022-03,0,0,0,0.0
15488,2022-04,0,0,0,0.0
15488,2022-05,0,0,0,0.0
15488,2022-06,0,0,0,0.0
15488,2022-07,0,0,0,0.0
15488,2022-08,0,0,0,0.0
15488,2022-09,0,0,0,0.0
15488,2022-10,0,0,0,0.0
15488,2022-11,0,0,0,0.0
15488,2022-12,0,0,0,0.0
15489,2022-01,0,0,0,0.0
15489,2022-02,0,0,0,0.0
15489,2022-03,0,0,0,0.0
15489,2022-04,0,0,0,0.0
15489,2022-05,0,0,0,0.0
15489,2022-06,0,0,0,0.0
15489,2022-07,0,0,0,0.0
15489,2022-08,0,0,0,0.0
15489,2022-09,0,0,0,0.0
15489,2022-10,0,0,0,1.0
15489,2022-11,0,0,0,0.0
15489,2022-12,0,0,0,0.0
15490,2022-01,0,0,0,0.0
15490,2022-02,0,0,0,0.0
15490,2022-03,0,0,0,0.0
15490,2022-04,0,0,0,0.0
15490,2022-05,0,0,0,0.0
15490,2022-06,0,0,0,0.0
15490,2022-07,0,0,0,0.0
15490,2022-08,0,0,0,0.0
15490,2022-09,0,0,0,0.0
15490,2022-10,0,0,0,0.0
15490,2022-11,0,0,0,0.0
15490,2022-12,0,0,0,0.0
15492,2022-01,0,0,0,0.0
15492,2022-02,0,0,0,0.0
15492,2022-03,0,0,0,0.0
15492,2022-04,0,0,0,0.0
15492,2022-05,0,0,0,0.0
15492,2022-06,0,0,0,0.0
15492,2022-07,0,0,0,0.0
15492,2022-08,0,0,0,0.0
15492,2022-09,0,0,0,0.0
15492,2022-10,0,0,0,0.0
15492,2022-11,0,0,0,0.0
15492,2022-12,0,0,0,0.0
15501,2022-01,Somerset,0,0,0.0
15501,2022-02,Somerset,0,0,0.0
15501,2022-03,Somerset,0,0,0.0
15501,2022-04,Somerset,0,0,0.0
15501,2022-05,Somerset,0,0,0.0
15501,2022-06,Somerset,0,0,0.0
15501,2022-07,Somerset,0,1,0.0
15501,2022-08,Somerset,0,0,0.0
15501,2022-09,Somerset,0,0,0.0
15501,2022-10,Somerset,0,0,0.0
15501,2022-11,Somerset,0,0,0.0
15501,2022-12,Somerset,0,0,0.0
15502,2022-01,0,0,0,0.0
15502,2022-02,0,0,0,0.0
15502,2022-03,0,0,0,0.0
15502,2022-04,0,0,0,0.0
15502,2022-05,0,0,0,0.0
15502,2022-06,0,0,0,0.0
15502,2022-07,0,0,0,1.0
15502,2022-08,0,0,0,0.0
15502,2022-09,0,0,0,0.0
15502,2022-10,0,0,0,0.0
15502,2022-11,0,0,0,0.0
15502,2022-12,0,0,0,0.0
15510,2022-01,0,0,0,0.0
15510,2022-02,0,0,0,0.0
15510,2022-03,0,0,0,0.0
15510,2022-04,0,0,0,0.0
15510,2022-05,0,0,0,0.0
15510,2022-06,0,0,0,0.0
15510,2022-07,0,0,0,1.0
15510,2022-08,0,0,0,0.0
15510,2022-09,0,0,0,0.0
15510,2022-10,0,0,0,0.0
15510,2022-11,0,0,0,0.0
15510,2022-12,0,0,0,0.0
15520,2022-01,0,0,0,0.0
15520,2022-02,0,0,0,0.0
15520,2022-03,0,0,0,0.0
15520,2022-04,0,0,0,0.0
15520,2022-05,0,0,0,0.0
15520,2022-06,0,0,0,0.0
15520,2022-07,0,0,0,1.0
15520,2022-08,0,0,0,0.0
15520,2022-09,0,0,0,0.0
15520,2022-10,0,0,0,0.0
15520,2022-11,0,0,0,0.0
15520,2022-12,0,0,0,0.0
15521,2022-01,0,0,0,0.0
15521,2022-02,0,0,0,0.0
15521,2022-03,0,0,0,0.0
15521,2022-04,0,0,0,0.0
15521,2022-05,0,0,0,0.0
15521,2022-06,0,0,0,0.0
15521,2022-07,0,0,0,0.0
15521,2022-08,0,0,0,0.0
15521,2022-09,0,0,0,0.0
15521,2022-10,0,0,0,0.0
15521,2022-11,0,0,0,0.0
15521,2022-12,0,0,0,0.0
15522,2022-01,0,0,0,0.0
15522,2022-02,0,0,0,0.0
15522,2022-03,0,0,0,0.0
15522,2022-04,0,0,0,0.0
15522,2022-05,0,0,0,0.0
15522,2022-06,0,0,0,0.0
15522,2022-07,0,0,0,0.0
15522,2022-08,0,0,0,0.0
15522,2022-09,0,0,0,0.0
15522,2022-10,0,0,0,0.0
15522,2022-11,0,0,0,0.0
15522,2022-12,0,0,0,0.0
15530,2022-01,0,0,0,0.0
15530,2022-02,0,0,0,0.0
15530,2022-03,0,0,0,0.0
15530,2022-04,0,0,0,0.0
15530,2022-05,0,0,0,1.0
15530,2022-06,0,0,0,0.0
15530,2022-07,0,0,0,1.0
15530,2022-08,0,0,0,0.0
15530,2022-09,0,0,0,0.0
15530,2022-10,0,0,0,0.0
15530,2022-11,0,0,0,0.0
15530,2022-12,0,0,0,0.0
15531,2022-01,0,0,0,0.0
15531,2022-02,0,0,0,0.0
15531,2022-03,0,0,0,0.0
15531,2022-04,0,0,0,0.0
15531,2022-05,0,0,0,0.0
15531,2022-06,0,0,0,0.0
15531,2022-07,0,0,0,1.0
15531,2022-08,0,0,0,0.0
15531,2022-09,0,0,0,0.0
15531,2022-10,0,0,0,0.0
15531,2022-11,0,0,0,0.0
15531,2022-12,0,0,0,0.0
15532,2022-01,0,0,0,0.0
15532,2022-02,0,0,0,0.0
15532,2022-03,0,0,0,0.0
15532,2022-04,0,0,0,0.0
15532,2022-05,0,0,0,1.0
15532,2022-06,0,0,0,0.0
15532,2022-07,0,0,0,0.0
15532,2022-08,0,0,0,0.0
15532,2022-09,0,0,0,0.0
15532,2022-10,0,0,0,0.0
15532,2022-11,0,0,0,0.0
15532,2022-12,0,0,0,0.0
15533,2022-01,0,0,0,0.0
15533,2022-02,0,0,0,0.0
15533,2022-03,0,0,0,0.0
15533,2022-04,0,0,0,0.0
15533,2022-05,0,0,0,0.0
15533,2022-06,0,0,0,0.0
15533,2022-07,0,0,0,0.0
15533,2022-08,0,0,0,0.0
15533,2022-09,0,0,0,0.0
15533,2022-10,0,0,0,0.0
15533,2022-11,0,0,0,0.0
15533,2022-12,0,0,0,0.0
15534,2022-01,0,0,0,0.0
15534,2022-02,0,0,0,0.0
15534,2022-03,0,0,0,0.0
15534,2022-04,0,0,0,0.0
15534,2022-05,0,0,0,0.0
15534,2022-06,0,0,0,0.0
15534,2022-07,0,0,0,0.0
15534,2022-08,0,0,0,0.0
15534,2022-09,0,0,0,0.0
15534,2022-10,0,0,0,0.0
15534,2022-11,0,0,0,0.0
15534,2022-12,0,0,0,0.0
15535,2022-01,0,0,0,0.0
15535,2022-02,0,0,0,0.0
15535,2022-03,0,0,0,0.0
15535,2022-04,0,0,0,0.0
15535,2022-05,0,0,0,0.0
15535,2022-06,0,0,0,0.0
15535,2022-07,0,0,0,0.0
15535,2022-08,0,0,0,0.0
15535,2022-09,0,0,0,0.0
15535,2022-10,0,0,0,0.0
15535,2022-11,0,0,0,0.0
15535,2022-12,0,0,0,0.0
15536,2022-01,0,0,0,0.0
15536,2022-02,0,0,0,0.0
15536,2022-03,0,0,0,0.0
15536,2022-04,0,0,0,0.0
15536,2022-05,0,0,0,0.0
15536,2022-06,0,0,0,0.0
15536,2022-07,0,0,0,0.0
15536,2022-08,0,0,0,0.0
15536,2022-09,0,0,0,0.0
15536,2022-10,0,0,0,0.0
15536,2022-11,0,0,0,0.0
15536,2022-12,0,0,0,0.0
15537,2022-01,0,0,0,0.0
15537,2022-02,0,0,0,0.0
15537,2022-03,0,0,0,0.0
15537,2022-04,0,0,0,0.0
15537,2022-05,0,0,0,0.0
15537,2022-06,0,0,0,0.0
15537,2022-07,0,0,0,0.0
15537,2022-08,0,0,0,0.0
15537,2022-09,0,0,0,0.0
15537,2022-10,0,0,0,0.0
15537,2022-11,0,0,0,0.0
15537,2022-12,0,0,0,0.0
15538,2022-01,0,0,0,0.0
15538,2022-02,0,0,0,0.0
15538,2022-03,0,0,0,0.0
15538,2022-04,0,0,0,0.0
15538,2022-05,0,0,0,1.0
15538,2022-06,0,0,0,0.0
15538,2022-07,0,0,0,0.0
15538,2022-08,0,0,0,0.0
15538,2022-09,0,0,0,0.0
15538,2022-10,0,0,0,0.0
15538,2022-11,0,0,0,0.0
15538,2022-12,0,0,0,0.0
15539,2022-01,0,0,0,0.0
15539,2022-02,0,0,0,0.0
15539,2022-03,0,0,0,0.0
15539,2022-04,0,0,0,0.0
15539,2022-05,0,0,0,0.0
15539,2022-06,0,0,0,0.0
15539,2022-07,0,0,0,0.0
15539,2022-08,0,0,0,0.0
15539,2022-09,0,0,0,0.0
15539,2022-10,0,0,0,0.0
15539,2022-11,0,0,0,0.0
15539,2022-12,0,0,0,0.0
15540,2022-01,0,0,0,0.0
15540,2022-02,0,0,0,0.0
15540,2022-03,0,0,0,0.0
15540,2022-04,0,0,0,0.0
15540,2022-05,0,0,0,1.0
15540,2022-06,0,0,0,0.0
15540,2022-07,0,0,0,0.0
15540,2022-08,0,0,0,0.0
15540,2022-09,0,0,0,0.0
15540,2022-10,0,0,0,0.0
15540,2022-11,0,0,0,0.0
15540,2022-12,0,0,0,0.0
15541,2022-01,0,0,0,0.0
15541,2022-02,0,0,0,0.0
15541,2022-03,0,0,0,0.0
15541,2022-04,0,0,0,0.0
15541,2022-05,0,0,0,0.0
15541,2022-06,0,0,0,0.0
15541,2022-07,0,0,0,1.0
15541,2022-08,0,0,0,0.0
15541,2022-09,0,0,0,0.0
15541,2022-10,0,0,0,0.0
15541,2022-11,0,0,0,0.0
15541,2022-12,0,0,0,0.0
15542,2022-01,0,0,0,0.0
15542,2022-02,0,0,0,0.0
15542,2022-03,0,0,0,0.0
15542,2022-04,0,0,0,0.0
15542,2022-05,0,0,0,1.0
15542,2022-06,0,0,0,0.0
15542,2022-07,0,0,0,1.0
15542,2022-08,0,0,0,0.0
15542,2022-09,0,0,0,0.0
15542,2022-10,0,0,0,0.0
15542,2022-11,0,0,0,0.0
15542,2022-12,0,0,0,0.0
15544,2022-01,0,0,0,0.0
15544,2022-02,0,0,0,0.0
15544,2022-03,0,0,0,0.0
15544,2022-04,0,0,0,0.0
15544,2022-05,0,0,0,0.0
15544,2022-06,0,0,0,0.0
15544,2022-07,0,0,0,0.0
15544,2022-08,0,0,0,0.0
15544,2022-09,0,0,0,0.0
15544,2022-10,0,0,0,0.0
15544,2022-11,0,0,0,0.0
15544,2022-12,0,0,0,0.0
15545,2022-01,0,0,0,0.0
15545,2022-02,0,0,0,0.0
15545,2022-03,0,0,0,0.0
15545,2022-04,0,0,0,0.0
15545,2022-05,0,0,0,1.0
15545,2022-06,0,0,0,0.0
15545,2022-07,0,0,0,0.0
15545,2022-08,0,0,0,0.0
15545,2022-09,0,0,0,0.0
15545,2022-10,0,0,0,0.0
15545,2022-11,0,0,0,0.0
15545,2022-12,0,0,0,0.0
15546,2022-01,0,0,0,0.0
15546,2022-02,0,0,0,0.0
15546,2022-03,0,0,0,0.0
15546,2022-04,0,0,0,0.0
15546,2022-05,0,0,0,0.0
15546,2022-06,0,0,0,0.0
15546,2022-07,0,0,0,0.0
15546,2022-08,0,0,0,0.0
15546,2022-09,0,0,0,0.0
15546,2022-10,0,0,0,0.0
15546,2022-11,0,0,0,0.0
15546,2022-12,0,0,0,0.0
15547,2022-01,0,0,0,0.0
15547,2022-02,0,0,0,0.0
15547,2022-03,0,0,0,0.0
15547,2022-04,0,0,0,0.0
15547,2022-05,0,0,0,0.0
15547,2022-06,0,0,0,0.0
15547,2022-07,0,0,0,0.0
15547,2022-08,0,0,0,0.0
15547,2022-09,0,0,0,0.0
15547,2022-10,0,0,0,0.0
15547,2022-11,0,0,0,0.0
15547,2022-12,0,0,0,0.0
15550,2022-01,0,0,0,0.0
15550,2022-02,0,0,0,0.0
15550,2022-03,0,0,0,0.0
15550,2022-04,0,0,0,0.0
15550,2022-05,0,0,0,0.0
15550,2022-06,0,0,0,0.0
15550,2022-07,0,0,0,0.0
15550,2022-08,0,0,0,0.0
15550,2022-09,0,0,0,0.0
15550,2022-10,0,0,0,0.0
15550,2022-11,0,0,0,0.0
15550,2022-12,0,0,0,0.0
15551,2022-01,0,0,0,0.0
15551,2022-02,0,0,0,0.0
15551,2022-03,0,0,0,0.0
15551,2022-04,0,0,0,0.0
15551,2022-05,0,0,0,0.0
15551,2022-06,0,0,0,0.0
15551,2022-07,0,0,0,0.0
15551,2022-08,0,0,0,0.0
15551,2022-09,0,0,0,0.0
15551,2022-10,0,0,0,0.0
15551,2022-11,0,0,0,0.0
15551,2022-12,0,0,0,0.0
15552,2022-01,Somerset,0,0,0.0
15552,2022-02,Somerset,0,0,0.0
15552,2022-03,Somerset,0,0,0.0
15552,2022-04,Somerset,0,0,0.0
15552,2022-05,Somerset,0,1,0.0
15552,2022-06,Somerset,0,0,0.0
15552,2022-07,Somerset,0,0,0.0
15552,2022-08,Somerset,0,0,0.0
15552,2022-09,Somerset,0,0,0.0
15552,2022-10,Somerset,0,0,0.0
15552,2022-11,Somerset,0,0,0.0
15552,2022-12,Somerset,0,0,0.0
15554,2022-01,0,0,0,0.0
15554,2022-02,0,0,0,0.0
15554,2022-03,0,0,0,0.0
15554,2022-04,0,0,0,0.0
15554,2022-05,0,0,0,0.0
15554,2022-06,0,0,0,0.0
15554,2022-07,0,0,0,0.0
15554,2022-08,0,0,0,0.0
15554,2022-09,0,0,0,0.0
15554,2022-10,0,0,0,0.0
15554,2022-11,0,0,0,0.0
15554,2022-12,0,0,0,0.0
15555,2022-01,0,0,0,0.0
15555,2022-02,0,0,0,0.0
15555,2022-03,0,0,0,0.0
15555,2022-04,0,0,0,0.0
15555,2022-05,0,0,0,0.0
15555,2022-06,0,0,0,0.0
15555,2022-07,0,0,0,1.0
15555,2022-08,0,0,0,0.0
15555,2022-09,0,0,0,0.0
15555,2022-10,0,0,0,0.0
15555,2022-11,0,0,0,0.0
15555,2022-12,0,0,0,0.0
15557,2022-01,0,0,0,0.0
15557,2022-02,0,0,0,0.0
15557,2022-03,0,0,0,0.0
15557,2022-04,0,0,0,0.0
15557,2022-05,0,0,0,1.0
15557,2022-06,0,0,0,0.0
15557,2022-07,0,0,0,1.0
15557,2022-08,0,0,0,0.0
15557,2022-09,0,0,0,0.0
15557,2022-10,0,0,0,0.0
15557,2022-11,0,0,0,0.0
15557,2022-12,0,0,0,0.0
15558,2022-01,0,0,0,0.0
15558,2022-02,0,0,0,0.0
15558,2022-03,0,0,0,0.0
15558,2022-04,0,0,0,0.0
15558,2022-05,0,0,0,1.0
15558,2022-06,0,0,0,0.0
15558,2022-07,0,0,0,0.0
15558,2022-08,0,0,0,0.0
15558,2022-09,0,0,0,0.0
15558,2022-10,0,0,0,0.0
15558,2022-11,0,0,0,0.0
15558,2022-12,0,0,0,0.0
15559,2022-01,0,0,0,0.0
15559,2022-02,0,0,0,0.0
15559,2022-03,0,0,0,0.0
15559,2022-04,0,0,0,0.0
15559,2022-05,0,0,0,0.0
15559,2022-06,0,0,0,0.0
15559,2022-07,0,0,0,0.0
15559,2022-08,0,0,0,0.0
15559,2022-09,0,0,0,0.0
15559,2022-10,0,0,0,0.0
15559,2022-11,0,0,0,0.0
15559,2022-12,0,0,0,0.0
15560,2022-01,0,0,0,0.0
15560,2022-02,0,0,0,0.0
15560,2022-03,0,0,0,0.0
15560,2022-04,0,0,0,0.0
15560,2022-05,0,0,0,0.0
15560,2022-06,0,0,0,0.0
15560,2022-07,0,0,0,0.0
15560,2022-08,0,0,0,0.0
15560,2022-09,0,0,0,0.0
15560,2022-10,0,0,0,0.0
15560,2022-11,0,0,0,0.0
15560,2022-12,0,0,0,0.0
15561,2022-01,0,0,0,0.0
15561,2022-02,0,0,0,0.0
15561,2022-03,0,0,0,0.0
15561,2022-04,0,0,0,0.0
15561,2022-05,0,0,0,0.0
15561,2022-06,0,0,0,0.0
15561,2022-07,0,0,0,1.0
15561,2022-08,0,0,0,0.0
15561,2022-09,0,0,0,0.0
15561,2022-10,0,0,0,0.0
15561,2022-11,0,0,0,0.0
15561,2022-12,0,0,0,0.0
15562,2022-01,0,0,0,0.0
15562,2022-02,0,0,0,0.0
15562,2022-03,0,0,0,0.0
15562,2022-04,0,0,0,0.0
15562,2022-05,0,0,0,0.0
15562,2022-06,0,0,0,0.0
15562,2022-07,0,0,0,0.0
15562,2022-08,0,0,0,0.0
15562,2022-09,0,0,0,0.0
15562,2022-10,0,0,0,0.0
15562,2022-11,0,0,0,0.0
15562,2022-12,0,0,0,0.0
15563,2022-01,0,0,0,0.0
15563,2022-02,0,0,0,0.0
15563,2022-03,0,0,0,0.0
15563,2022-04,0,0,0,0.0
15563,2022-05,0,0,0,0.0
15563,2022-06,0,0,0,0.0
15563,2022-07,0,0,0,0.0
15563,2022-08,0,0,0,0.0
15563,2022-09,0,0,0,0.0
15563,2022-10,0,0,0,0.0
15563,2022-11,0,0,0,0.0
15563,2022-12,0,0,0,0.0
15564,2022-01,0,0,0,0.0
15564,2022-02,0,0,0,0.0
15564,2022-03,0,0,0,0.0
15564,2022-04,0,0,0,0.0
15564,2022-05,0,0,0,0.0
15564,2022-06,0,0,0,0.0
15564,2022-07,0,0,0,0.0
15564,2022-08,0,0,0,0.0
15564,2022-09,0,0,0,0.0
15564,2022-10,0,0,0,0.0
15564,2022-11,0,0,0,0.0
15564,2022-12,0,0,0,0.0
15565,2022-01,0,0,0,0.0
15565,2022-02,0,0,0,0.0
15565,2022-03,0,0,0,0.0
15565,2022-04,0,0,0,0.0
15565,2022-05,0,0,0,0.0
15565,2022-06,0,0,0,0.0
15565,2022-07,0,0,0,0.0
15565,2022-08,0,0,0,0.0
15565,2022-09,0,0,0,0.0
15565,2022-10,0,0,0,0.0
15565,2022-11,0,0,0,0.0
15565,2022-12,0,0,0,0.0
15601,2022-01,Westmoreland,0,1,0.0
15601,2022-02,Westmoreland,0,0,0.0
15601,2022-03,Westmoreland,0,0,2.0
15601,2022-04,Westmoreland,0,1,0.0
15601,2022-05,Westmoreland,0,0,0.0
15601,2022-06,Westmoreland,0,2,0.0
15601,2022-07,Westmoreland,0,1,0.0
15601,2022-08,Westmoreland,0,0,0.0
15601,2022-09,Westmoreland,0,0,3.0
15601,2022-10,Westmoreland,0,0,0.0
15601,2022-11,Westmoreland,0,0,0.0
15601,2022-12,Westmoreland,0,0,0.0
15610,2022-01,0,0,0,0.0
15610,2022-02,0,0,0,0.0
15610,2022-03,0,0,0,2.0
15610,2022-04,0,0,0,0.0
15610,2022-05,0,0,0,0.0
15610,2022-06,0,0,0,0.0
15610,2022-07,0,0,0,0.0
15610,2022-08,0,0,0,0.0
15610,2022-09,0,0,0,0.0
15610,2022-10,0,0,0,0.0
15610,2022-11,0,0,0,0.0
15610,2022-12,0,0,0,0.0
15611,2022-01,0,0,0,1.0
15611,2022-02,0,0,0,0.0
15611,2022-03,0,0,0,0.0
15611,2022-04,0,0,0,1.0
15611,2022-05,0,0,0,0.0
15611,2022-06,0,0,0,2.0
15611,2022-07,0,0,0,1.0
15611,2022-08,0,0,0,0.0
15611,2022-09,0,0,0,2.0
15611,2022-10,0,0,0,0.0
15611,2022-11,0,0,0,0.0
15611,2022-12,0,0,0,0.0
15612,2022-01,0,0,0,0.0
15612,2022-02,0,0,0,0.0
15612,2022-03,0,0,0,0.0
15612,2022-04,0,0,0,0.0
15612,2022-05,0,0,0,0.0
15612,2022-06,0,0,0,0.0
15612,2022-07,0,0,0,0.0
15612,2022-08,0,0,0,0.0
15612,2022-09,0,0,0,0.0
15612,2022-10,0,0,0,0.0
15612,2022-11,0,0,0,0.0
15612,2022-12,0,0,0,0.0
15613,2022-01,Westmoreland,0,0,1.0
15613,2022-02,Westmoreland,0,0,0.0
15613,2022-03,Westmoreland,0,1,1.0
15613,2022-04,Westmoreland,0,0,0.0
15613,2022-05,Westmoreland,0,0,0.0
15613,2022-06,Westmoreland,0,0,0.0
15613,2022-07,Westmoreland,0,0,3.0
15613,2022-08,Westmoreland,0,0,0.0
15613,2022-09,Westmoreland,0,0,0.0
15613,2022-10,Westmoreland,0,0,0.0
15613,2022-11,Westmoreland,0,0,0.0
15613,2022-12,Westmoreland,0,0,1.0
15615,2022-01,0,0,0,0.0
15615,2022-02,0,0,0,0.0
15615,2022-03,0,0,0,0.0
15615,2022-04,0,0,0,0.0
15615,2022-05,0,0,0,0.0
15615,2022-06,0,0,0,0.0
15615,2022-07,0,0,0,0.0
15615,2022-08,0,0,0,0.0
15615,2022-09,0,0,0,2.0
15615,2022-10,0,0,0,0.0
15615,2022-11,0,0,0,0.0
15615,2022-12,0,0,0,0.0
15616,2022-01,0,0,0,1.0
15616,2022-02,0,0,0,0.0
15616,2022-03,0,0,0,1.0
15616,2022-04,0,0,0,1.0
15616,2022-05,0,0,0,0.0
15616,2022-06,0,0,0,2.0
15616,2022-07,0,0,0,1.0
15616,2022-08,0,0,0,0.0
15616,2022-09,0,0,0,0.0
15616,2022-10,0,0,0,0.0
15616,2022-11,0,0,0,0.0
15616,2022-12,0,0,0,0.0
15617,2022-01,0,0,0,1.0
15617,2022-02,0,0,0,0.0
15617,2022-03,0,0,0,0.0
15617,2022-04,0,0,0,1.0
15617,2022-05,0,0,0,0.0
15617,2022-06,0,0,0,2.0
15617,2022-07,0,0,0,1.0
15617,2022-08,0,0,0,0.0
15617,2022-09,0,0,0,2.0
15617,2022-10,0,0,0,0.0
15617,2022-11,0,0,0,0.0
15617,2022-12,0,0,0,0.0
15618,2022-01,0,0,0,0.0
15618,2022-02,0,0,0,0.0
15618,2022-03,0,0,0,1.0
15618,2022-04,0,0,0,0.0
15618,2022-05,0,0,0,0.0
15618,2022-06,0,0,0,0.0
15618,2022-07,0,0,0,0.0
15618,2022-08,0,0,0,0.0
15618,2022-09,0,0,0,0.0
15618,2022-10,0,0,0,0.0
15618,2022-11,0,0,0,0.0
15618,2022-12,0,0,0,0.0
15619,2022-01,0,0,0,0.0
15619,2022-02,0,0,0,0.0
15619,2022-03,0,0,0,0.0
15619,2022-04,0,0,0,0.0
15619,2022-05,0,0,0,0.0
15619,2022-06,0,0,0,0.0
15619,2022-07,0,0,0,0.0
15619,2022-08,0,0,0,0.0
15619,2022-09,0,0,0,0.0
15619,2022-10,0,0,0,0.0
15619,2022-11,0,0,0,0.0
15619,2022-12,0,0,0,0.0
15620,2022-01,0,0,0,0.0
15620,2022-02,0,0,0,0.0
15620,2022-03,0,0,0,2.0
15620,2022-04,0,0,0,0.0
15620,2022-05,0,0,0,0.0
15620,2022-06,0,0,0,0.0
15620,2022-07,0,0,0,0.0
15620,2022-08,0,0,0,0.0
15620,2022-09,0,0,0,0.0
15620,2022-10,0,0,0,0.0
15620,2022-11,0,0,0,0.0
15620,2022-12,0,0,0,0.0
15622,2022-01,0,0,0,0.0
15622,2022-02,0,0,0,0.0
15622,2022-03,0,0,0,0.0
15622,2022-04,0,0,0,0.0
15622,2022-05,0,0,0,0.0
15622,2022-06,0,0,0,0.0
15622,2022-07,0,0,0,1.0
15622,2022-08,0,0,0,0.0
15622,2022-09,0,0,0,0.0
15622,2022-10,0,0,0,0.0
15622,2022-11,0,0,0,0.0
15622,2022-12,0,0,0,0.0
15623,2022-01,0,0,0,0.0
15623,2022-02,0,0,0,0.0
15623,2022-03,0,0,0,0.0
15623,2022-04,0,0,0,0.0
15623,2022-05,0,0,0,0.0
15623,2022-06,0,0,0,0.0
15623,2022-07,0,0,0,0.0
15623,2022-08,0,0,0,0.0
15623,2022-09,0,0,0,0.0
15623,2022-10,0,0,0,0.0
15623,2022-11,0,0,0,0.0
15623,2022-12,0,0,0,0.0
15624,2022-01,0,0,0,1.0
15624,2022-02,0,0,0,0.0
15624,2022-03,0,0,0,2.0
15624,2022-04,0,0,0,1.0
15624,2022-05,0,0,0,0.0
15624,2022-06,0,0,0,2.0
15624,2022-07,0,0,0,1.0
15624,2022-08,0,0,0,0.0
15624,2022-09,0,0,0,0.0
15624,2022-10,0,0,0,0.0
15624,2022-11,0,0,0,0.0
15624,2022-12,0,0,0,0.0
15625,2022-01,0,0,0,0.0
15625,2022-02,0,0,0,0.0
15625,2022-03,0,0,0,0.0
15625,2022-04,0,0,0,0.0
15625,2022-05,0,0,0,0.0
15625,2022-06,0,0,0,0.0
15625,2022-07,0,0,0,0.0
15625,2022-08,0,0,0,0.0
15625,2022-09,0,0,0,2.0
15625,2022-10,0,0,0,0.0
15625,2022-11,0,0,0,0.0
15625,2022-12,0,0,0,0.0
15626,2022-01,Westmoreland,0,0,1.0
15626,2022-02,Westmoreland,0,0,0.0
15626,2022-03,Westmoreland,0,0,0.0
15626,2022-04,Westmoreland,0,0,1.0
15626,2022-05,Westmoreland,0,0,0.0
15626,2022-06,Westmoreland,0,0,2.0
15626,2022-07,Westmoreland,0,0,1.0
15626,2022-08,Westmoreland,0,0,0.0
15626,2022-09,Westmoreland,0,1,0.0
15626,2022-10,Westmoreland,0,0,0.0
15626,2022-11,Westmoreland,0,0,0.0
15626,2022-12,Westmoreland,0,0,0.0
15627,2022-01,0,0,0,0.0
15627,2022-02,0,0,0,0.0
15627,2022-03,0,0,0,2.0
15627,2022-04,0,0,0,0.0
15627,2022-05,0,0,0,0.0
15627,2022-06,0,0,0,0.0
15627,2022-07,0,0,0,0.0
15627,2022-08,0,0,0,0.0
15627,2022-09,0,0,0,0.0
15627,2022-10,0,0,0,0.0
15627,2022-11,0,0,0,0.0
15627,2022-12,0,0,0,0.0
15628,2022-01,0,0,0,0.0
15628,2022-02,0,0,0,0.0
15628,2022-03,0,0,0,0.0
15628,2022-04,0,0,0,0.0
15628,2022-05,0,0,0,0.0
15628,2022-06,0,0,0,0.0
15628,2022-07,0,0,0,0.0
15628,2022-08,0,0,0,0.0
15628,2022-09,0,0,0,0.0
15628,2022-10,0,0,0,0.0
15628,2022-11,0,0,0,0.0
15628,2022-12,0,0,0,0.0
15629,2022-01,0,0,0,0.0
15629,2022-02,0,0,0,0.0
15629,2022-03,0,0,0,0.0
15629,2022-04,0,0,0,0.0
15629,2022-05,0,0,0,0.0
15629,2022-06,0,0,0,0.0
15629,2022-07,0,0,0,0.0
15629,2022-08,0,0,0,0.0
15629,2022-09,0,0,0,0.0
15629,2022-10,0,0,0,0.0
15629,2022-11,0,0,0,0.0
15629,2022-12,0,0,0,0.0
15631,2022-01,0,0,0,0.0
15631,2022-02,0,0,0,0.0
15631,2022-03,0,0,0,0.0
15631,2022-04,0,0,0,0.0
15631,2022-05,0,0,0,0.0
15631,2022-06,0,0,0,0.0
15631,2022-07,0,0,0,0.0
15631,2022-08,0,0,0,0.0
15631,2022-09,0,0,0,0.0
15631,2022-10,0,0,0,0.0
15631,2022-11,0,0,0,0.0
15631,2022-12,0,0,0,0.0
15632,2022-01,0,0,0,2.0
15632,2022-02,0,0,0,0.0
15632,2022-03,0,0,0,1.0
15632,2022-04,0,0,0,1.0
15632,2022-05,0,0,0,0.0
15632,2022-06,0,0,0,2.0
15632,2022-07,0,0,0,1.0
15632,2022-08,0,0,0,0.0
15632,2022-09,0,0,0,1.0
15632,2022-10,0,0,0,0.0
15632,2022-11,0,0,0,0.0
15632,2022-12,0,0,0,0.0
15633,2022-01,0,0,0,1.0
15633,2022-02,0,0,0,0.0
15633,2022-03,0,0,0,0.0
15633,2022-04,0,0,0,1.0
15633,2022-05,0,0,0,0.0
15633,2022-06,0,0,0,2.0
15633,2022-07,0,0,0,1.0
15633,2022-08,0,0,0,0.0
15633,2022-09,0,0,0,0.0
15633,2022-10,0,0,0,0.0
15633,2022-11,0,0,0,0.0
15633,2022-12,0,0,0,0.0
15634,2022-01,0,0,0,1.0
15634,2022-02,0,0,0,0.0
15634,2022-03,0,0,0,0.0
15634,2022-04,0,0,0,1.0
15634,2022-05,0,0,0,0.0
15634,2022-06,0,0,0,2.0
15634,2022-07,0,0,0,1.0
15634,2022-08,0,0,0,0.0
15634,2022-09,0,0,0,0.0
15634,2022-10,0,0,0,0.0
15634,2022-11,0,0,0,0.0
15634,2022-12,0,0,0,0.0
15635,2022-01,0,0,0,1.0
15635,2022-02,0,0,0,0.0
15635,2022-03,0,0,0,0.0
15635,2022-04,0,0,0,1.0
15635,2022-05,0,0,0,0.0
15635,2022-06,0,0,0,2.0
15635,2022-07,0,0,0,1.0
15635,2022-08,0,0,0,0.0
15635,2022-09,0,0,0,0.0
15635,2022-10,0,0,0,0.0
15635,2022-11,0,0,0,0.0
15635,2022-12,0,0,0,0.0
15636,2022-01,0,0,0,0.0
15636,2022-02,0,0,0,0.0
15636,2022-03,0,0,0,0.0
15636,2022-04,0,0,0,0.0
15636,2022-05,0,0,0,0.0
15636,2022-06,0,0,0,0.0
15636,2022-07,0,0,0,0.0
15636,2022-08,0,0,0,0.0
15636,2022-09,0,0,0,2.0
15636,2022-10,0,0,0,0.0
15636,2022-11,0,0,0,0.0
15636,2022-12,0,0,0,0.0
15637,2022-01,0,0,0,0.0
15637,2022-02,0,0,0,0.0
15637,2022-03,0,0,0,0.0
15637,2022-04,0,0,0,0.0
15637,2022-05,0,0,0,0.0
15637,2022-06,0,0,0,0.0
15637,2022-07,0,0,0,0.0
15637,2022-08,0,0,0,0.0
15637,2022-09,0,0,0,2.0
15637,2022-10,0,0,0,0.0
15637,2022-11,0,0,0,0.0
15637,2022-12,0,0,0,0.0
15638,2022-01,0,0,0,0.0
15638,2022-02,0,0,0,0.0
15638,2022-03,0,0,0,2.0
15638,2022-04,0,0,0,0.0
15638,2022-05,0,0,0,0.0
15638,2022-06,0,0,0,0.0
15638,2022-07,0,0,0,0.0
15638,2022-08,0,0,0,0.0
15638,2022-09,0,0,0,0.0
15638,2022-10,0,0,0,0.0
15638,2022-11,0,0,0,0.0
15638,2022-12,0,0,0,0.0
15639,2022-01,Westmoreland,0,0,0.0
15639,2022-02,Westmoreland,0,0,0.0
15639,2022-03,Westmoreland,0,1,0.0
15639,2022-04,Westmoreland,0,0,0.0
15639,2022-05,Westmoreland,0,0,0.0
15639,2022-06,Westmoreland,0,0,0.0
15639,2022-07,Westmoreland,0,0,0.0
15639,2022-08,Westmoreland,0,0,0.0
15639,2022-09,Westmoreland,0,0,0.0
15639,2022-10,Westmoreland,0,0,0.0
15639,2022-11,Westmoreland,0,0,0.0
15639,2022-12,Westmoreland,0,0,0.0
15640,2022-01,0,0,0,0.0
15640,2022-02,0,0,0,0.0
15640,2022-03,0,0,0,0.0
15640,2022-04,0,0,0,0.0
15640,2022-05,0,0,0,0.0
15640,2022-06,0,0,0,0.0
15640,2022-07,0,0,0,0.0
15640,2022-08,0,0,0,0.0
15640,2022-09,0,0,0,0.0
15640,2022-10,0,0,0,0.0
15640,2022-11,0,0,0,0.0
15640,2022-12,0,0,0,0.0
15641,2022-01,0,0,0,0.0
15641,2022-02,0,0,0,0.0
15641,2022-03,0,0,0,0.0
15641,2022-04,0,0,0,0.0
15641,2022-05,0,0,0,0.0
15641,2022-06,0,0,0,0.0
15641,2022-07,0,0,0,0.0
15641,2022-08,0,0,0,0.0
15641,2022-09,0,0,0,0.0
15641,2022-10,0,0,0,0.0
15641,2022-11,0,0,0,0.0
15641,2022-12,0,0,0,0.0
15642,2022-01,Westmoreland,0,0,1.0
15642,2022-02,Westmoreland,0,0,0.0
15642,2022-03,Westmoreland,0,0,0.0
15642,2022-04,Westmoreland,0,0,1.0
15642,2022-05,Westmoreland,0,0,0.0
15642,2022-06,Westmoreland,0,0,2.0
15642,2022-07,Westmoreland,0,0,1.0
15642,2022-08,Westmoreland,0,0,0.0
15642,2022-09,Westmoreland,0,2,0.0
15642,2022-10,Westmoreland,0,0,0.0
15642,2022-11,Westmoreland,0,0,0.0
15642,2022-12,Westmoreland,0,0,0.0
15644,2022-01,0,0,0,1.0
15644,2022-02,0,0,0,0.0
15644,2022-03,0,0,0,0.0
15644,2022-04,0,0,0,1.0
15644,2022-05,0,0,0,0.0
15644,2022-06,0,0,0,2.0
15644,2022-07,0,0,0,1.0
15644,2022-08,0,0,0,0.0
15644,2022-09,0,0,0,3.0
15644,2022-10,0,0,0,0.0
15644,2022-11,0,0,0,0.0
15644,2022-12,0,0,0,0.0
15646,2022-01,0,0,0,0.0
15646,2022-02,0,0,0,0.0
15646,2022-03,0,0,0,0.0
15646,2022-04,0,0,0,0.0
15646,2022-05,0,0,0,0.0
15646,2022-06,0,0,0,0.0
15646,2022-07,0,0,0,1.0
15646,2022-08,0,0,0,0.0
15646,2022-09,0,0,0,0.0
15646,2022-10,0,0,0,0.0
15646,2022-11,0,0,0,0.0
15646,2022-12,0,0,0,0.0
15647,2022-01,0,0,0,0.0
15647,2022-02,0,0,0,0.0
15647,2022-03,0,0,0,0.0
15647,2022-04,0,0,0,0.0
15647,2022-05,0,0,0,0.0
15647,2022-06,0,0,0,0.0
15647,2022-07,0,0,0,0.0
15647,2022-08,0,0,0,0.0
15647,2022-09,0,0,0,2.0
15647,2022-10,0,0,0,0.0
15647,2022-11,0,0,0,0.0
15647,2022-12,0,0,0,0.0
15650,2022-01,Westmoreland,0,0,1.0
15650,2022-02,Westmoreland,0,0,0.0
15650,2022-03,Westmoreland,0,2,0.0
15650,2022-04,Westmoreland,0,0,1.0
15650,2022-05,Westmoreland,0,0,0.0
15650,2022-06,Westmoreland,0,0,2.0
15650,2022-07,Westmoreland,0,0,1.0
15650,2022-08,Westmoreland,0,0,0.0
15650,2022-09,Westmoreland,0,0,0.0
15650,2022-10,Westmoreland,0,0,0.0
15650,2022-11,Westmoreland,0,0,0.0
15650,2022-12,Westmoreland,0,0,0.0
15655,2022-01,0,0,0,0.0
15655,2022-02,0,0,0,0.0
15655,2022-03,0,0,0,0.0
15655,2022-04,0,0,0,0.0
15655,2022-05,0,0,0,0.0
15655,2022-06,0,0,0,0.0
15655,2022-07,0,0,0,0.0
15655,2022-08,0,0,0,0.0
15655,2022-09,0,0,0,0.0
15655,2022-10,0,0,0,0.0
15655,2022-11,0,0,0,0.0
15655,2022-12,0,0,0,0.0
15656,2022-01,0,0,0,0.0
15656,2022-02,0,0,0,0.0
15656,2022-03,0,0,0,2.0
15656,2022-04,0,0,0,0.0
15656,2022-05,0,0,0,0.0
15656,2022-06,0,0,0,0.0
15656,2022-07,0,0,0,3.0
15656,2022-08,0,0,0,0.0
15656,2022-09,0,0,0,0.0
15656,2022-10,0,0,0,0.0
15656,2022-11,0,0,0,0.0
15656,2022-12,0,0,0,1.0
15658,2022-01,0,0,0,0.0
15658,2022-02,0,0,0,0.0
15658,2022-03,0,0,0,2.0
15658,2022-04,0,0,0,0.0
15658,2022-05,0,0,0,0.0
15658,2022-06,0,0,0,0.0
15658,2022-07,0,0,0,0.0
15658,2022-08,0,0,0,0.0
15658,2022-09,0,0,0,0.0
15658,2022-10,0,0,0,0.0
15658,2022-11,0,0,0,0.0
15658,2022-12,0,0,0,0.0
15660,2022-01,0,0,0,0.0
15660,2022-02,0,0,0,0.0
15660,2022-03,0,0,0,0.0
15660,2022-04,0,0,0,0.0
15660,2022-05,0,0,0,0.0
15660,2022-06,0,0,0,0.0
15660,2022-07,0,0,0,0.0
15660,2022-08,0,0,0,0.0
15660,2022-09,0,0,0,2.0
15660,2022-10,0,0,0,0.0
15660,2022-11,0,0,0,0.0
15660,2022-12,0,0,0,0.0
15661,2022-01,0,0,0,0.0
15661,2022-02,0,0,0,0.0
15661,2022-03,0,0,0,2.0
15661,2022-04,0,0,0,0.0
15661,2022-05,0,0,0,0.0
15661,2022-06,0,0,0,0.0
15661,2022-07,0,0,0,0.0
15661,2022-08,0,0,0,0.0
15661,2022-09,0,0,0,0.0
15661,2022-10,0,0,0,0.0
15661,2022-11,0,0,0,0.0
15661,2022-12,0,0,0,0.0
15662,2022-01,0,0,0,1.0
15662,2022-02,0,0,0,0.0
15662,2022-03,0,0,0,0.0
15662,2022-04,0,0,0,1.0
15662,2022-05,0,0,0,0.0
15662,2022-06,0,0,0,2.0
15662,2022-07,0,0,0,1.0
15662,2022-08,0,0,0,0.0
15662,2022-09,0,0,0,0.0
15662,2022-10,0,0,0,0.0
15662,2022-11,0,0,0,0.0
15662,2022-12,0,0,0,0.0
15663,2022-01,0,0,0,0.0
15663,2022-02,0,0,0,0.0
15663,2022-03,0,0,0,0.0
15663,2022-04,0,0,0,0.0
15663,2022-05,0,0,0,0.0
15663,2022-06,0,0,0,0.0
15663,2022-07,0,0,0,0.0
15663,2022-08,0,0,0,0.0
15663,2022-09,0,0,0,2.0
15663,2022-10,0,0,0,0.0
15663,2022-11,0,0,0,0.0
15663,2022-12,0,0,0,0.0
15665,2022-01,0,0,0,0.0
15665,2022-02,0,0,0,0.0
15665,2022-03,0,0,0,0.0
15665,2022-04,0,0,0,0.0
15665,2022-05,0,0,0,0.0
15665,2022-06,0,0,0,0.0
15665,2022-07,0,0,0,0.0
15665,2022-08,0,0,0,0.0
15665,2022-09,0,0,0,2.0
15665,2022-10,0,0,0,0.0
15665,2022-11,0,0,0,0.0
15665,2022-12,0,0,0,0.0
15666,2022-01,0,0,0,1.0
15666,2022-02,0,0,0,0.0
15666,2022-03,0,0,0,3.0
15666,2022-04,0,0,0,1.0
15666,2022-05,0,0,0,0.0
15666,2022-06,0,0,0,2.0
15666,2022-07,0,0,0,1.0
15666,2022-08,0,0,0,0.0
15666,2022-09,0,0,0,0.0
15666,2022-10,0,0,0,0.0
15666,2022-11,0,0,0,0.0
15666,2022-12,0,0,0,0.0
15668,2022-01,Westmoreland,0,1,0.0
15668,2022-02,Westmoreland,0,0,0.0
15668,2022-03,Westmoreland,0,0,2.0
15668,2022-04,Westmoreland,0,0,0.0
15668,2022-05,Westmoreland,0,0,1.0
15668,2022-06,Westmoreland,0,0,0.0
15668,2022-07,Westmoreland,0,0,3.0
15668,2022-08,Westmoreland,0,0,1.0
15668,2022-09,Westmoreland,0,0,0.0
15668,2022-10,Westmoreland,0,0,0.0
15668,2022-11,Westmoreland,0,0,0.0
15668,2022-12,Westmoreland,0,0,1.0
15670,2022-01,0,0,0,1.0
15670,2022-02,0,0,0,0.0
15670,2022-03,0,0,0,2.0
15670,2022-04,0,0,0,1.0
15670,2022-05,0,0,0,0.0
15670,2022-06,0,0,0,2.0
15670,2022-07,0,0,0,1.0
15670,2022-08,0,0,0,0.0
15670,2022-09,0,0,0,0.0
15670,2022-10,0,0,0,0.0
15670,2022-11,0,0,0,0.0
15670,2022-12,0,0,0,0.0
15671,2022-01,0,0,0,0.0
15671,2022-02,0,0,0,0.0
15671,2022-03,0,0,0,0.0
15671,2022-04,0,0,0,0.0
15671,2022-05,0,0,0,0.0
15671,2022-06,0,0,0,0.0
15671,2022-07,0,0,0,0.0
15671,2022-08,0,0,0,0.0
15671,2022-09,0,0,0,0.0
15671,2022-10,0,0,0,0.0
15671,2022-11,0,0,0,0.0
15671,2022-12,0,0,0,0.0
15672,2022-01,0,0,0,1.0
15672,2022-02,0,0,0,0.0
15672,2022-03,0,0,0,1.0
15672,2022-04,0,0,0,1.0
15672,2022-05,0,0,0,0.0
15672,2022-06,0,0,0,2.0
15672,2022-07,0,0,0,1.0
15672,2022-08,0,0,0,0.0
15672,2022-09,0,0,0,2.0
15672,2022-10,0,0,0,0.0
15672,2022-11,0,0,0,0.0
15672,2022-12,0,0,0,0.0
15673,2022-01,0,0,0,0.0
15673,2022-02,0,0,0,0.0
15673,2022-03,0,0,0,1.0
15673,2022-04,0,0,0,0.0
15673,2022-05,0,0,0,0.0
15673,2022-06,0,0,0,0.0
15673,2022-07,0,0,0,0.0
15673,2022-08,0,0,0,0.0
15673,2022-09,0,0,0,0.0
15673,2022-10,0,0,0,0.0
15673,2022-11,0,0,0,0.0
15673,2022-12,0,0,0,0.0
15674,2022-01,0,0,0,0.0
15674,2022-02,0,0,0,0.0
15674,2022-03,0,0,0,0.0
15674,2022-04,0,0,0,0.0
15674,2022-05,0,0,0,0.0
15674,2022-06,0,0,0,0.0
15674,2022-07,0,0,0,0.0
15674,2022-08,0,0,0,0.0
15674,2022-09,0,0,0,0.0
15674,2022-10,0,0,0,0.0
15674,2022-11,0,0,0,0.0
15674,2022-12,0,0,0,0.0
15675,2022-01,0,0,0,0.0
15675,2022-02,0,0,0,0.0
15675,2022-03,0,0,0,0.0
15675,2022-04,0,0,0,0.0
15675,2022-05,0,0,0,0.0
15675,2022-06,0,0,0,0.0
15675,2022-07,0,0,0,0.0
15675,2022-08,0,0,0,0.0
15675,2022-09,0,0,0,2.0
15675,2022-10,0,0,0,0.0
15675,2022-11,0,0,0,0.0
15675,2022-12,0,0,0,0.0
15676,2022-01,0,0,0,1.0
15676,2022-02,0,0,0,0.0
15676,2022-03,0,0,0,2.0
15676,2022-04,0,0,0,1.0
15676,2022-05,0,0,0,0.0
15676,2022-06,0,0,0,2.0
15676,2022-07,0,0,0,1.0
15676,2022-08,0,0,0,0.0
15676,2022-09,0,0,0,0.0
15676,2022-10,0,0,0,0.0
15676,2022-11,0,0,0,0.0
15676,2022-12,0,0,0,0.0
15677,2022-01,0,0,0,0.0
15677,2022-02,0,0,0,0.0
15677,2022-03,0,0,0,0.0
15677,2022-04,0,0,0,0.0
15677,2022-05,0,0,0,0.0
15677,2022-06,0,0,0,0.0
15677,2022-07,0,0,0,1.0
15677,2022-08,0,0,0,0.0
15677,2022-09,0,0,0,0.0
15677,2022-10,0,0,0,0.0
15677,2022-11,0,0,0,0.0
15677,2022-12,0,0,0,0.0
15678,2022-01,0,0,0,0.0
15678,2022-02,0,0,0,0.0
15678,2022-03,0,0,0,0.0
15678,2022-04,0,0,0,0.0
15678,2022-05,0,0,0,0.0
15678,2022-06,0,0,0,0.0
15678,2022-07,0,0,0,0.0
15678,2022-08,0,0,0,0.0
15678,2022-09,0,0,0,2.0
15678,2022-10,0,0,0,0.0
15678,2022-11,0,0,0,0.0
15678,2022-12,0,0,0,0.0
15679,2022-01,0,0,0,0.0
15679,2022-02,0,0,0,0.0
15679,2022-03,0,0,0,1.0
15679,2022-04,0,0,0,0.0
15679,2022-05,0,0,0,0.0
15679,2022-06,0,0,0,0.0
15679,2022-07,0,0,0,0.0
15679,2022-08,0,0,0,0.0
15679,2022-09,0,0,0,0.0
15679,2022-10,0,0,0,0.0
15679,2022-11,0,0,0,0.0
15679,2022-12,0,0,0,0.0
15680,2022-01,0,0,0,0.0
15680,2022-02,0,0,0,0.0
15680,2022-03,0,0,0,0.0
15680,2022-04,0,0,0,0.0
15680,2022-05,0,0,0,0.0
15680,2022-06,0,0,0,0.0
15680,2022-07,0,0,0,0.0
15680,2022-08,0,0,0,0.0
15680,2022-09,0,0,0,0.0
15680,2022-10,0,0,0,0.0
15680,2022-11,0,0,0,0.0
15680,2022-12,0,0,0,0.0
15681,2022-01,0,0,0,0.0
15681,2022-02,0,0,0,0.0
15681,2022-03,0,0,0,1.0
15681,2022-04,0,0,0,0.0
15681,2022-05,0,0,0,0.0
15681,2022-06,0,0,0,0.0
15681,2022-07,0,0,0,0.0
15681,2022-08,0,0,0,0.0
15681,2022-09,0,0,0,0.0
15681,2022-10,0,0,0,0.0
15681,2022-11,0,0,0,0.0
15681,2022-12,0,0,0,0.0
15682,2022-01,0,0,0,0.0
15682,2022-02,0,0,0,0.0
15682,2022-03,0,0,0,0.0
15682,2022-04,0,0,0,0.0
15682,2022-05,0,0,0,0.0
15682,2022-06,0,0,0,0.0
15682,2022-07,0,0,0,0.0
15682,2022-08,0,0,0,0.0
15682,2022-09,0,0,0,0.0
15682,2022-10,0,0,0,0.0
15682,2022-11,0,0,0,0.0
15682,2022-12,0,0,0,0.0
15683,2022-01,0,0,0,0.0
15683,2022-02,0,0,0,0.0
15683,2022-03,0,0,0,0.0
15683,2022-04,0,0,0,0.0
15683,2022-05,0,0,0,0.0
15683,2022-06,0,0,0,0.0
15683,2022-07,0,0,0,0.0
15683,2022-08,0,0,0,0.0
15683,2022-09,0,0,0,0.0
15683,2022-10,0,0,0,0.0
15683,2022-11,0,0,0,0.0
15683,2022-12,0,0,0,0.0
15684,2022-01,0,0,0,1.0
15684,2022-02,0,0,0,0.0
15684,2022-03,0,0,0,0.0
15684,2022-04,0,0,0,1.0
15684,2022-05,0,0,0,0.0
15684,2022-06,0,0,0,2.0
15684,2022-07,0,0,0,1.0
15684,2022-08,0,0,0,0.0
15684,2022-09,0,0,0,0.0
15684,2022-10,0,0,0,0.0
15684,2022-11,0,0,0,0.0
15684,2022-12,0,0,0,0.0
15686,2022-01,0,0,0,0.0
15686,2022-02,0,0,0,0.0
15686,2022-03,0,0,0,1.0
15686,2022-04,0,0,0,0.0
15686,2022-05,0,0,0,0.0
15686,2022-06,0,0,0,0.0
15686,2022-07,0,0,0,0.0
15686,2022-08,0,0,0,0.0
15686,2022-09,0,0,0,0.0
15686,2022-10,0,0,0,0.0
15686,2022-11,0,0,0,0.0
15686,2022-12,0,0,0,0.0
15687,2022-01,0,0,0,0.0
15687,2022-02,0,0,0,0.0
15687,2022-03,0,0,0,2.0
15687,2022-04,0,0,0,0.0
15687,2022-05,0,0,0,0.0
15687,2022-06,0,0,0,0.0
15687,2022-07,0,0,0,1.0
15687,2022-08,0,0,0,0.0
15687,2022-09,0,0,0,0.0
15687,2022-10,0,0,0,0.0
15687,2022-11,0,0,0,0.0
15687,2022-12,0,0,0,0.0
15688,2022-01,0,0,0,0.0
15688,2022-02,0,0,0,0.0
15688,2022-03,0,0,0,1.0
15688,2022-04,0,0,0,0.0
15688,2022-05,0,0,0,0.0
15688,2022-06,0,0,0,0.0
15688,2022-07,0,0,0,0.0
15688,2022-08,0,0,0,0.0
15688,2022-09,0,0,0,0.0
15688,2022-10,0,0,0,0.0
15688,2022-11,0,0,0,0.0
15688,2022-12,0,0,0,0.0
15689,2022-01,0,0,0,1.0
15689,2022-02,0,0,0,0.0
15689,2022-03,0,0,0,0.0
15689,2022-04,0,0,0,1.0
15689,2022-05,0,0,0,0.0
15689,2022-06,0,0,0,2.0
15689,2022-07,0,0,0,1.0
15689,2022-08,0,0,0,0.0
15689,2022-09,0,0,0,0.0
15689,2022-10,0,0,0,0.0
15689,2022-11,0,0,0,0.0
15689,2022-12,0,0,0,0.0
15690,2022-01,0,0,0,0.0
15690,2022-02,0,0,0,0.0
15690,2022-03,0,0,0,1.0
15690,2022-04,0,0,0,0.0
15690,2022-05,0,0,0,0.0
15690,2022-06,0,0,0,0.0
15690,2022-07,0,0,0,0.0
15690,2022-08,0,0,0,0.0
15690,2022-09,0,0,0,0.0
15690,2022-10,0,0,0,0.0
15690,2022-11,0,0,0,0.0
15690,2022-12,0,0,0,0.0
15691,2022-01,0,0,0,0.0
15691,2022-02,0,0,0,0.0
15691,2022-03,0,0,0,0.0
15691,2022-04,0,0,0,0.0
15691,2022-05,0,0,0,0.0
15691,2022-06,0,0,0,0.0
15691,2022-07,0,0,0,0.0
15691,2022-08,0,0,0,0.0
15691,2022-09,0,0,0,2.0
15691,2022-10,0,0,0,0.0
15691,2022-11,0,0,0,0.0
15691,2022-12,0,0,0,0.0
15692,2022-01,0,0,0,0.0
15692,2022-02,0,0,0,0.0
15692,2022-03,0,0,0,0.0
15692,2022-04,0,0,0,0.0
15692,2022-05,0,0,0,0.0
15692,2022-06,0,0,0,0.0
15692,2022-07,0,0,0,0.0
15692,2022-08,0,0,0,0.0
15692,2022-09,0,0,0,2.0
15692,2022-10,0,0,0,0.0
15692,2022-11,0,0,0,0.0
15692,2022-12,0,0,0,0.0
15693,2022-01,0,0,0,0.0
15693,2022-02,0,0,0,0.0
15693,2022-03,0,0,0,2.0
15693,2022-04,0,0,0,0.0
15693,2022-05,0,0,0,0.0
15693,2022-06,0,0,0,0.0
15693,2022-07,0,0,0,0.0
15693,2022-08,0,0,0,0.0
15693,2022-09,0,0,0,0.0
15693,2022-10,0,0,0,0.0
15693,2022-11,0,0,0,0.0
15693,2022-12,0,0,0,0.0
15695,2022-01,0,0,0,0.0
15695,2022-02,0,0,0,0.0
15695,2022-03,0,0,0,0.0
15695,2022-04,0,0,0,0.0
15695,2022-05,0,0,0,0.0
15695,2022-06,0,0,0,0.0
15695,2022-07,0,0,0,0.0
15695,2022-08,0,0,0,0.0
15695,2022-09,0,0,0,0.0
15695,2022-10,0,0,0,0.0
15695,2022-11,0,0,0,0.0
15695,2022-12,0,0,0,0.0
15696,2022-01,0,0,0,0.0
15696,2022-02,0,0,0,0.0
15696,2022-03,0,0,0,2.0
15696,2022-04,0,0,0,0.0
15696,2022-05,0,0,0,0.0
15696,2022-06,0,0,0,0.0
15696,2022-07,0,0,0,0.0
15696,2022-08,0,0,0,0.0
15696,2022-09,0,0,0,0.0
15696,2022-10,0,0,0,0.0
15696,2022-11,0,0,0,0.0
15696,2022-12,0,0,0,0.0
15697,2022-01,0,0,0,1.0
15697,2022-02,0,0,0,0.0
15697,2022-03,0,0,0,1.0
15697,2022-04,0,0,0,1.0
15697,2022-05,0,0,0,0.0
15697,2022-06,0,0,0,2.0
15697,2022-07,0,0,0,1.0
15697,2022-08,0,0,0,0.0
15697,2022-09,0,0,0,0.0
15697,2022-10,0,0,0,0.0
15697,2022-11,0,0,0,0.0
15697,2022-12,0,0,0,0.0
15698,2022-01,0,0,0,0.0
15698,2022-02,0,0,0,0.0
15698,2022-03,0,0,0,0.0
15698,2022-04,0,0,0,0.0
15698,2022-05,0,0,0,0.0
15698,2022-06,0,0,0,0.0
15698,2022-07,0,0,0,0.0
15698,2022-08,0,0,0,0.0
15698,2022-09,0,0,0,0.0
15698,2022-10,0,0,0,0.0
15698,2022-11,0,0,0,0.0
15698,2022-12,0,0,0,0.0
15701,2022-01,Indiana,0,0,0.0
15701,2022-02,Indiana,0,0,0.0
15701,2022-03,Indiana,0,0,0.0
15701,2022-04,Indiana,0,0,0.0
15701,2022-05,Indiana,0,0,0.0
15701,2022-06,Indiana,0,1,0.0
15701,2022-07,Indiana,0,0,0.0
15701,2022-08,Indiana,0,0,0.0
15701,2022-09,Indiana,0,0,0.0
15701,2022-10,Indiana,0,0,0.0
15701,2022-11,Indiana,0,0,0.0
15701,2022-12,Indiana,0,0,0.0
15705,2022-01,0,0,0,0.0
15705,2022-02,0,0,0,0.0
15705,2022-03,0,0,0,0.0
15705,2022-04,0,0,0,0.0
15705,2022-05,0,0,0,0.0
15705,2022-06,0,0,0,0.0
15705,2022-07,0,0,0,0.0
15705,2022-08,0,0,0,0.0
15705,2022-09,0,0,0,0.0
15705,2022-10,0,0,0,0.0
15705,2022-11,0,0,0,0.0
15705,2022-12,0,0,0,0.0
15710,2022-01,0,0,0,0.0
15710,2022-02,0,0,0,0.0
15710,2022-03,0,0,0,0.0
15710,2022-04,0,0,0,0.0
15710,2022-05,0,0,0,0.0
15710,2022-06,0,0,0,0.0
15710,2022-07,0,0,0,0.0
15710,2022-08,0,0,0,0.0
15710,2022-09,0,0,0,0.0
15710,2022-10,0,0,0,0.0
15710,2022-11,0,0,0,0.0
15710,2022-12,0,0,0,0.0
15711,2022-01,0,0,0,0.0
15711,2022-02,0,0,0,1.0
15711,2022-03,0,0,0,0.0
15711,2022-04,0,0,0,0.0
15711,2022-05,0,0,0,0.0
15711,2022-06,0,0,0,0.0
15711,2022-07,0,0,0,0.0
15711,2022-08,0,0,0,0.0
15711,2022-09,0,0,0,0.0
15711,2022-10,0,0,0,0.0
15711,2022-11,0,0,0,0.0
15711,2022-12,0,0,0,0.0
15712,2022-01,0,0,0,0.0
15712,2022-02,0,0,0,0.0
15712,2022-03,0,0,0,0.0
15712,2022-04,0,0,0,0.0
15712,2022-05,0,0,0,0.0
15712,2022-06,0,0,0,0.0
15712,2022-07,0,0,0,0.0
15712,2022-08,0,0,0,0.0
15712,2022-09,0,0,0,0.0
15712,2022-10,0,0,0,0.0
15712,2022-11,0,0,0,0.0
15712,2022-12,0,0,0,0.0
15713,2022-01,0,0,0,0.0
15713,2022-02,0,0,0,0.0
15713,2022-03,0,0,0,0.0
15713,2022-04,0,0,0,0.0
15713,2022-05,0,0,0,0.0
15713,2022-06,0,0,0,1.0
15713,2022-07,0,0,0,0.0
15713,2022-08,0,0,0,0.0
15713,2022-09,0,0,0,0.0
15713,2022-10,0,0,0,0.0
15713,2022-11,0,0,0,0.0
15713,2022-12,0,0,0,0.0
15714,2022-01,0,0,0,0.0
15714,2022-02,0,0,0,0.0
15714,2022-03,0,0,0,0.0
15714,2022-04,0,0,0,0.0
15714,2022-05,0,0,0,0.0
15714,2022-06,0,0,0,0.0
15714,2022-07,0,0,0,0.0
15714,2022-08,0,0,0,0.0
15714,2022-09,0,0,0,0.0
15714,2022-10,0,0,0,0.0
15714,2022-11,0,0,0,0.0
15714,2022-12,0,0,0,0.0
15715,2022-01,0,0,0,0.0
15715,2022-02,0,0,0,1.0
15715,2022-03,0,0,0,0.0
15715,2022-04,0,0,0,0.0
15715,2022-05,0,0,0,0.0
15715,2022-06,0,0,0,0.0
15715,2022-07,0,0,0,0.0
15715,2022-08,0,0,0,0.0
15715,2022-09,0,0,0,0.0
15715,2022-10,0,0,0,0.0
15715,2022-11,0,0,0,0.0
15715,2022-12,0,0,0,0.0
15716,2022-01,0,0,0,0.0
15716,2022-02,0,0,0,0.0
15716,2022-03,0,0,0,0.0
15716,2022-04,0,0,0,0.0
15716,2022-05,0,0,0,0.0
15716,2022-06,0,0,0,0.0
15716,2022-07,0,0,0,0.0
15716,2022-08,0,0,0,0.0
15716,2022-09,0,0,0,0.0
15716,2022-10,0,0,0,0.0
15716,2022-11,0,0,0,0.0
15716,2022-12,0,0,0,0.0
15717,2022-01,0,0,0,0.0
15717,2022-02,0,0,0,0.0
15717,2022-03,0,0,0,0.0
15717,2022-04,0,0,0,0.0
15717,2022-05,0,0,0,0.0
15717,2022-06,0,0,0,0.0
15717,2022-07,0,0,0,0.0
15717,2022-08,0,0,0,0.0
15717,2022-09,0,0,0,0.0
15717,2022-10,0,0,0,0.0
15717,2022-11,0,0,0,0.0
15717,2022-12,0,0,0,0.0
15720,2022-01,0,0,0,0.0
15720,2022-02,0,0,0,0.0
15720,2022-03,0,0,0,0.0
15720,2022-04,0,0,0,0.0
15720,2022-05,0,0,0,0.0
15720,2022-06,0,0,0,0.0
15720,2022-07,0,0,0,0.0
15720,2022-08,0,0,0,0.0
15720,2022-09,0,0,0,0.0
15720,2022-10,0,0,0,0.0
15720,2022-11,0,0,0,0.0
15720,2022-12,0,0,0,0.0
15721,2022-01,0,0,0,0.0
15721,2022-02,0,0,0,0.0
15721,2022-03,0,0,0,0.0
15721,2022-04,0,0,0,0.0
15721,2022-05,0,0,0,0.0
15721,2022-06,0,0,0,0.0
15721,2022-07,0,0,0,0.0
15721,2022-08,0,0,0,0.0
15721,2022-09,0,0,0,0.0
15721,2022-10,0,0,0,0.0
15721,2022-11,0,0,0,0.0
15721,2022-12,0,0,0,0.0
15722,2022-01,0,0,0,1.0
15722,2022-02,0,0,0,0.0
15722,2022-03,0,0,0,0.0
15722,2022-04,0,0,0,0.0
15722,2022-05,0,0,0,0.0
15722,2022-06,0,0,0,0.0
15722,2022-07,0,0,0,0.0
15722,2022-08,0,0,0,0.0
15722,2022-09,0,0,0,0.0
15722,2022-10,0,0,0,0.0
15722,2022-11,0,0,0,0.0
15722,2022-12,0,0,0,0.0
15723,2022-01,0,0,0,0.0
15723,2022-02,0,0,0,0.0
15723,2022-03,0,0,0,0.0
15723,2022-04,0,0,0,0.0
15723,2022-05,0,0,0,0.0
15723,2022-06,0,0,0,1.0
15723,2022-07,0,0,0,0.0
15723,2022-08,0,0,0,0.0
15723,2022-09,0,0,0,0.0
15723,2022-10,0,0,0,0.0
15723,2022-11,0,0,0,0.0
15723,2022-12,0,0,0,0.0
15724,2022-01,0,0,0,0.0
15724,2022-02,0,0,0,0.0
15724,2022-03,0,0,0,0.0
15724,2022-04,0,0,0,0.0
15724,2022-05,0,0,0,0.0
15724,2022-06,0,0,0,0.0
15724,2022-07,0,0,0,0.0
15724,2022-08,0,0,0,0.0
15724,2022-09,0,0,0,0.0
15724,2022-10,0,0,0,0.0
15724,2022-11,0,0,0,0.0
15724,2022-12,0,0,0,0.0
15725,2022-01,0,0,0,0.0
15725,2022-02,0,0,0,0.0
15725,2022-03,0,0,0,0.0
15725,2022-04,0,0,0,0.0
15725,2022-05,0,0,0,0.0
15725,2022-06,0,0,0,0.0
15725,2022-07,0,0,0,0.0
15725,2022-08,0,0,0,0.0
15725,2022-09,0,0,0,0.0
15725,2022-10,0,0,0,0.0
15725,2022-11,0,0,0,0.0
15725,2022-12,0,0,0,0.0
15727,2022-01,0,0,0,0.0
15727,2022-02,0,0,0,0.0
15727,2022-03,0,0,0,0.0
15727,2022-04,0,0,0,0.0
15727,2022-05,0,0,0,0.0
15727,2022-06,0,0,0,0.0
15727,2022-07,0,0,0,0.0
15727,2022-08,0,0,0,0.0
15727,2022-09,0,0,0,0.0
15727,2022-10,0,0,0,0.0
15727,2022-11,0,0,0,0.0
15727,2022-12,0,0,0,0.0
15728,2022-01,0,0,0,0.0
15728,2022-02,0,0,0,0.0
15728,2022-03,0,0,0,0.0
15728,2022-04,0,0,0,0.0
15728,2022-05,0,0,0,0.0
15728,2022-06,0,0,0,1.0
15728,2022-07,0,0,0,0.0
15728,2022-08,0,0,0,0.0
15728,2022-09,0,0,0,0.0
15728,2022-10,0,0,0,0.0
15728,2022-11,0,0,0,0.0
15728,2022-12,0,0,0,0.0
15729,2022-01,0,0,0,0.0
15729,2022-02,0,0,0,0.0
15729,2022-03,0,0,0,0.0
15729,2022-04,0,0,0,0.0
15729,2022-05,0,0,0,0.0
15729,2022-06,0,0,0,0.0
15729,2022-07,0,0,0,0.0
15729,2022-08,0,0,0,0.0
15729,2022-09,0,0,0,0.0
15729,2022-10,0,0,0,0.0
15729,2022-11,0,0,0,0.0
15729,2022-12,0,0,0,0.0
15730,2022-01,0,0,0,0.0
15730,2022-02,0,0,0,0.0
15730,2022-03,0,0,0,0.0
15730,2022-04,0,0,0,0.0
15730,2022-05,0,0,0,1.0
15730,2022-06,0,0,0,0.0
15730,2022-07,0,0,0,0.0
15730,2022-08,0,0,0,0.0
15730,2022-09,0,0,0,0.0
15730,2022-10,0,0,0,0.0
15730,2022-11,0,0,0,0.0
15730,2022-12,0,0,0,0.0
15731,2022-01,0,0,0,0.0
15731,2022-02,0,0,0,0.0
15731,2022-03,0,0,0,0.0
15731,2022-04,0,0,0,0.0
15731,2022-05,0,0,0,0.0
15731,2022-06,0,0,0,0.0
15731,2022-07,0,0,0,0.0
15731,2022-08,0,0,0,0.0
15731,2022-09,0,0,0,0.0
15731,2022-10,0,0,0,0.0
15731,2022-11,0,0,0,0.0
15731,2022-12,0,0,0,0.0
15732,2022-01,0,0,0,0.0
15732,2022-02,0,0,0,0.0
15732,2022-03,0,0,0,0.0
15732,2022-04,0,0,0,0.0
15732,2022-05,0,0,0,0.0
15732,2022-06,0,0,0,1.0
15732,2022-07,0,0,0,0.0
15732,2022-08,0,0,0,0.0
15732,2022-09,0,0,0,0.0
15732,2022-10,0,0,0,0.0
15732,2022-11,0,0,0,0.0
15732,2022-12,0,0,0,0.0
15733,2022-01,0,0,0,0.0
15733,2022-02,0,0,0,1.0
15733,2022-03,0,0,0,0.0
15733,2022-04,0,0,0,0.0
15733,2022-05,0,0,0,0.0
15733,2022-06,0,0,0,0.0
15733,2022-07,0,0,0,0.0
15733,2022-08,0,0,0,0.0
15733,2022-09,0,0,0,0.0
15733,2022-10,0,0,0,0.0
15733,2022-11,0,0,0,0.0
15733,2022-12,0,0,0,0.0
15734,2022-01,0,0,0,0.0
15734,2022-02,0,0,0,0.0
15734,2022-03,0,0,0,0.0
15734,2022-04,0,0,0,0.0
15734,2022-05,0,0,0,0.0
15734,2022-06,0,0,0,0.0
15734,2022-07,0,0,0,0.0
15734,2022-08,0,0,0,0.0
15734,2022-09,0,0,0,0.0
15734,2022-10,0,0,0,0.0
15734,2022-11,0,0,0,0.0
15734,2022-12,0,0,0,0.0
15736,2022-01,0,0,0,0.0
15736,2022-02,0,0,0,0.0
15736,2022-03,0,0,0,5.0
15736,2022-04,0,0,0,0.0
15736,2022-05,0,0,0,0.0
15736,2022-06,0,0,0,0.0
15736,2022-07,0,0,0,0.0
15736,2022-08,0,0,0,0.0
15736,2022-09,0,0,0,0.0
15736,2022-10,0,0,0,0.0
15736,2022-11,0,0,0,0.0
15736,2022-12,0,0,0,0.0
15737,2022-01,0,0,0,0.0
15737,2022-02,0,0,0,0.0
15737,2022-03,0,0,0,0.0
15737,2022-04,0,0,0,0.0
15737,2022-05,0,0,0,0.0
15737,2022-06,0,0,0,0.0
15737,2022-07,0,0,0,0.0
15737,2022-08,0,0,0,0.0
15737,2022-09,0,0,0,0.0
15737,2022-10,0,0,0,0.0
15737,2022-11,0,0,0,0.0
15737,2022-12,0,0,0,0.0
15738,2022-01,0,0,0,0.0
15738,2022-02,0,0,0,0.0
15738,2022-03,0,0,0,0.0
15738,2022-04,0,0,0,0.0
15738,2022-05,0,0,0,0.0
15738,2022-06,0,0,0,0.0
15738,2022-07,0,0,0,0.0
15738,2022-08,0,0,0,0.0
15738,2022-09,0,0,0,0.0
15738,2022-10,0,0,0,0.0
15738,2022-11,0,0,0,0.0
15738,2022-12,0,0,0,0.0
15739,2022-01,0,0,0,0.0
15739,2022-02,0,0,0,0.0
15739,2022-03,0,0,0,0.0
15739,2022-04,0,0,0,0.0
15739,2022-05,0,0,0,0.0
15739,2022-06,0,0,0,1.0
15739,2022-07,0,0,0,0.0
15739,2022-08,0,0,0,0.0
15739,2022-09,0,0,0,0.0
15739,2022-10,0,0,0,0.0
15739,2022-11,0,0,0,0.0
15739,2022-12,0,0,0,0.0
15741,2022-01,0,0,0,0.0
15741,2022-02,0,0,0,0.0
15741,2022-03,0,0,0,0.0
15741,2022-04,0,0,0,0.0
15741,2022-05,0,0,0,0.0
15741,2022-06,0,0,0,0.0
15741,2022-07,0,0,0,0.0
15741,2022-08,0,0,0,0.0
15741,2022-09,0,0,0,0.0
15741,2022-10,0,0,0,0.0
15741,2022-11,0,0,0,0.0
15741,2022-12,0,0,0,0.0
15742,2022-01,0,0,0,0.0
15742,2022-02,0,0,0,0.0
15742,2022-03,0,0,0,0.0
15742,2022-04,0,0,0,0.0
15742,2022-05,0,0,0,0.0
15742,2022-06,0,0,0,0.0
15742,2022-07,0,0,0,0.0
15742,2022-08,0,0,0,0.0
15742,2022-09,0,0,0,0.0
15742,2022-10,0,0,0,0.0
15742,2022-11,0,0,0,0.0
15742,2022-12,0,0,0,0.0
15744,2022-01,0,0,0,0.0
15744,2022-02,0,0,0,1.0
15744,2022-03,0,0,0,0.0
15744,2022-04,0,0,0,0.0
15744,2022-05,0,0,0,0.0
15744,2022-06,0,0,0,0.0
15744,2022-07,0,0,0,0.0
15744,2022-08,0,0,0,0.0
15744,2022-09,0,0,0,0.0
15744,2022-10,0,0,0,0.0
15744,2022-11,0,0,0,0.0
15744,2022-12,0,0,0,0.0
15745,2022-01,0,0,0,0.0
15745,2022-02,0,0,0,0.0
15745,2022-03,0,0,0,0.0
15745,2022-04,0,0,0,0.0
15745,2022-05,0,0,0,0.0
15745,2022-06,0,0,0,0.0
15745,2022-07,0,0,0,0.0
15745,2022-08,0,0,0,0.0
15745,2022-09,0,0,0,0.0
15745,2022-10,0,0,0,0.0
15745,2022-11,0,0,0,0.0
15745,2022-12,0,0,0,0.0
15746,2022-01,0,0,0,0.0
15746,2022-02,0,0,0,0.0
15746,2022-03,0,0,0,0.0
15746,2022-04,0,0,0,0.0
15746,2022-05,0,0,0,0.0
15746,2022-06,0,0,0,0.0
15746,2022-07,0,0,0,0.0
15746,2022-08,0,0,0,0.0
15746,2022-09,0,0,0,0.0
15746,2022-10,0,0,0,0.0
15746,2022-11,0,0,0,0.0
15746,2022-12,0,0,0,0.0
15747,2022-01,0,0,0,0.0
15747,2022-02,0,0,0,0.0
15747,2022-03,0,0,0,0.0
15747,2022-04,0,0,0,0.0
15747,2022-05,0,0,0,0.0
15747,2022-06,0,0,0,1.0
15747,2022-07,0,0,0,0.0
15747,2022-08,0,0,0,0.0
15747,2022-09,0,0,0,0.0
15747,2022-10,0,0,0,0.0
15747,2022-11,0,0,0,0.0
15747,2022-12,0,0,0,0.0
15748,2022-01,0,0,0,0.0
15748,2022-02,0,0,0,0.0
15748,2022-03,0,0,0,0.0
15748,2022-04,0,0,0,0.0
15748,2022-05,0,0,0,0.0
15748,2022-06,0,0,0,1.0
15748,2022-07,0,0,0,0.0
15748,2022-08,0,0,0,0.0
15748,2022-09,0,0,0,0.0
15748,2022-10,0,0,0,0.0
15748,2022-11,0,0,0,0.0
15748,2022-12,0,0,0,0.0
15750,2022-01,0,0,0,0.0
15750,2022-02,0,0,0,0.0
15750,2022-03,0,0,0,0.0
15750,2022-04,0,0,0,0.0
15750,2022-05,0,0,0,0.0
15750,2022-06,0,0,0,0.0
15750,2022-07,0,0,0,0.0
15750,2022-08,0,0,0,0.0
15750,2022-09,0,0,0,0.0
15750,2022-10,0,0,0,0.0
15750,2022-11,0,0,0,0.0
15750,2022-12,0,0,0,0.0
15752,2022-01,0,0,0,0.0
15752,2022-02,0,0,0,0.0
15752,2022-03,0,0,0,0.0
15752,2022-04,0,0,0,0.0
15752,2022-05,0,0,0,0.0
15752,2022-06,0,0,0,0.0
15752,2022-07,0,0,0,0.0
15752,2022-08,0,0,0,0.0
15752,2022-09,0,0,0,0.0
15752,2022-10,0,0,0,0.0
15752,2022-11,0,0,0,0.0
15752,2022-12,0,0,0,0.0
15753,2022-01,0,0,0,0.0
15753,2022-02,0,0,0,0.0
15753,2022-03,0,0,0,0.0
15753,2022-04,0,0,0,0.0
15753,2022-05,0,0,0,0.0
15753,2022-06,0,0,0,0.0
15753,2022-07,0,0,0,0.0
15753,2022-08,0,0,0,0.0
15753,2022-09,0,0,0,0.0
15753,2022-10,0,0,0,0.0
15753,2022-11,0,0,0,0.0
15753,2022-12,0,0,0,0.0
15754,2022-01,0,0,0,0.0
15754,2022-02,0,0,0,0.0
15754,2022-03,0,0,0,0.0
15754,2022-04,0,0,0,0.0
15754,2022-05,0,0,0,0.0
15754,2022-06,0,0,0,1.0
15754,2022-07,0,0,0,0.0
15754,2022-08,0,0,0,0.0
15754,2022-09,0,0,0,0.0
15754,2022-10,0,0,0,0.0
15754,2022-11,0,0,0,0.0
15754,2022-12,0,0,0,0.0
15756,2022-01,0,0,0,0.0
15756,2022-02,0,0,0,0.0
15756,2022-03,0,0,0,0.0
15756,2022-04,0,0,0,0.0
15756,2022-05,0,0,0,0.0
15756,2022-06,0,0,0,0.0
15756,2022-07,0,0,0,0.0
15756,2022-08,0,0,0,0.0
15756,2022-09,0,0,0,0.0
15756,2022-10,0,0,0,0.0
15756,2022-11,0,0,0,0.0
15756,2022-12,0,0,0,0.0
15757,2022-01,0,0,0,0.0
15757,2022-02,0,0,0,1.0
15757,2022-03,0,0,0,0.0
15757,2022-04,0,0,0,0.0
15757,2022-05,0,0,0,0.0
15757,2022-06,0,0,0,0.0
15757,2022-07,0,0,0,0.0
15757,2022-08,0,0,0,0.0
15757,2022-09,0,0,0,0.0
15757,2022-10,0,0,0,0.0
15757,2022-11,0,0,0,0.0
15757,2022-12,0,0,0,0.0
15759,2022-01,0,0,0,0.0
15759,2022-02,0,0,0,0.0
15759,2022-03,0,0,0,0.0
15759,2022-04,0,0,0,0.0
15759,2022-05,0,0,0,0.0
15759,2022-06,0,0,0,1.0
15759,2022-07,0,0,0,0.0
15759,2022-08,0,0,0,0.0
15759,2022-09,0,0,0,0.0
15759,2022-10,0,0,0,0.0
15759,2022-11,0,0,0,0.0
15759,2022-12,0,0,0,0.0
15760,2022-01,0,0,0,0.0
15760,2022-02,0,0,0,0.0
15760,2022-03,0,0,0,0.0
15760,2022-04,0,0,0,0.0
15760,2022-05,0,0,0,0.0
15760,2022-06,0,0,0,0.0
15760,2022-07,0,0,0,0.0
15760,2022-08,0,0,0,0.0
15760,2022-09,0,0,0,0.0
15760,2022-10,0,0,0,0.0
15760,2022-11,0,0,0,0.0
15760,2022-12,0,0,0,0.0
15761,2022-01,0,0,0,0.0
15761,2022-02,0,0,0,0.0
15761,2022-03,0,0,0,0.0
15761,2022-04,0,0,0,0.0
15761,2022-05,0,0,0,0.0
15761,2022-06,0,0,0,0.0
15761,2022-07,0,0,0,0.0
15761,2022-08,0,0,0,0.0
15761,2022-09,0,0,0,0.0
15761,2022-10,0,0,0,0.0
15761,2022-11,0,0,0,0.0
15761,2022-12,0,0,0,0.0
15762,2022-01,0,0,0,0.0
15762,2022-02,0,0,0,0.0
15762,2022-03,0,0,0,0.0
15762,2022-04,0,0,0,0.0
15762,2022-05,0,0,0,0.0
15762,2022-06,0,0,0,0.0
15762,2022-07,0,0,0,0.0
15762,2022-08,0,0,0,0.0
15762,2022-09,0,0,0,0.0
15762,2022-10,0,0,0,0.0
15762,2022-11,0,0,0,0.0
15762,2022-12,0,0,0,0.0
15763,2022-01,0,0,0,0.0
15763,2022-02,0,0,0,0.0
15763,2022-03,0,0,0,0.0
15763,2022-04,0,0,0,0.0
15763,2022-05,0,0,0,0.0
15763,2022-06,0,0,0,0.0
15763,2022-07,0,0,0,0.0
15763,2022-08,0,0,0,0.0
15763,2022-09,0,0,0,0.0
15763,2022-10,0,0,0,0.0
15763,2022-11,0,0,0,0.0
15763,2022-12,0,0,0,0.0
15764,2022-01,0,0,0,0.0
15764,2022-02,0,0,0,1.0
15764,2022-03,0,0,0,0.0
15764,2022-04,0,0,0,0.0
15764,2022-05,0,0,0,0.0
15764,2022-06,0,0,0,0.0
15764,2022-07,0,0,0,0.0
15764,2022-08,0,0,0,0.0
15764,2022-09,0,0,0,0.0
15764,2022-10,0,0,0,0.0
15764,2022-11,0,0,0,0.0
15764,2022-12,0,0,0,0.0
15765,2022-01,0,0,0,0.0
15765,2022-02,0,0,0,0.0
15765,2022-03,0,0,0,0.0
15765,2022-04,0,0,0,0.0
15765,2022-05,0,0,0,0.0
15765,2022-06,0,0,0,1.0
15765,2022-07,0,0,0,0.0
15765,2022-08,0,0,0,0.0
15765,2022-09,0,0,0,0.0
15765,2022-10,0,0,0,0.0
15765,2022-11,0,0,0,0.0
15765,2022-12,0,0,0,0.0
15767,2022-01,Jefferson,0,0,0.0
15767,2022-02,Jefferson,0,1,0.0
15767,2022-03,Jefferson,0,0,0.0
15767,2022-04,Jefferson,0,0,0.0
15767,2022-05,Jefferson,0,0,1.0
15767,2022-06,Jefferson,0,0,0.0
15767,2022-07,Jefferson,0,0,0.0
15767,2022-08,Jefferson,0,0,0.0
15767,2022-09,Jefferson,0,0,1.0
15767,2022-10,Jefferson,0,0,0.0
15767,2022-11,Jefferson,0,0,0.0
15767,2022-12,Jefferson,0,0,0.0
15770,2022-01,0,0,0,0.0
15770,2022-02,0,0,0,1.0
15770,2022-03,0,0,0,0.0
15770,2022-04,0,0,0,0.0
15770,2022-05,0,0,0,0.0
15770,2022-06,0,0,0,0.0
15770,2022-07,0,0,0,0.0
15770,2022-08,0,0,0,0.0
15770,2022-09,0,0,0,0.0
15770,2022-10,0,0,0,0.0
15770,2022-11,0,0,0,0.0
15770,2022-12,0,0,0,0.0
15771,2022-01,0,0,0,0.0
15771,2022-02,0,0,0,1.0
15771,2022-03,0,0,0,0.0
15771,2022-04,0,0,0,0.0
15771,2022-05,0,0,0,0.0
15771,2022-06,0,0,0,0.0
15771,2022-07,0,0,0,0.0
15771,2022-08,0,0,0,0.0
15771,2022-09,0,0,0,0.0
15771,2022-10,0,0,0,0.0
15771,2022-11,0,0,0,0.0
15771,2022-12,0,0,0,0.0
15772,2022-01,0,0,0,0.0
15772,2022-02,0,0,0,1.0
15772,2022-03,0,0,0,0.0
15772,2022-04,0,0,0,0.0
15772,2022-05,0,0,0,0.0
15772,2022-06,0,0,0,0.0
15772,2022-07,0,0,0,0.0
15772,2022-08,0,0,0,0.0
15772,2022-09,0,0,0,0.0
15772,2022-10,0,0,0,0.0
15772,2022-11,0,0,0,0.0
15772,2022-12,0,0,0,0.0
15773,2022-01,0,0,0,0.0
15773,2022-02,0,0,0,0.0
15773,2022-03,0,0,0,0.0
15773,2022-04,0,0,0,0.0
15773,2022-05,0,0,0,0.0
15773,2022-06,0,0,0,0.0
15773,2022-07,0,0,0,0.0
15773,2022-08,0,0,0,0.0
15773,2022-09,0,0,0,0.0
15773,2022-10,0,0,0,0.0
15773,2022-11,0,0,0,0.0
15773,2022-12,0,0,0,0.0
15774,2022-01,0,0,0,0.0
15774,2022-02,0,0,0,0.0
15774,2022-03,0,0,0,5.0
15774,2022-04,0,0,0,0.0
15774,2022-05,0,0,0,0.0
15774,2022-06,0,0,0,1.0
15774,2022-07,0,0,0,0.0
15774,2022-08,0,0,0,0.0
15774,2022-09,0,0,0,0.0
15774,2022-10,0,0,0,0.0
15774,2022-11,0,0,0,0.0
15774,2022-12,0,0,0,0.0
15775,2022-01,0,0,0,0.0
15775,2022-02,0,0,0,0.0
15775,2022-03,0,0,0,0.0
15775,2022-04,0,0,0,0.0
15775,2022-05,0,0,0,0.0
15775,2022-06,0,0,0,0.0
15775,2022-07,0,0,0,0.0
15775,2022-08,0,0,0,0.0
15775,2022-09,0,0,0,0.0
15775,2022-10,0,0,0,0.0
15775,2022-11,0,0,0,0.0
15775,2022-12,0,0,0,0.0
15776,2022-01,0,0,0,0.0
15776,2022-02,0,0,0,1.0
15776,2022-03,0,0,0,0.0
15776,2022-04,0,0,0,0.0
15776,2022-05,0,0,0,0.0
15776,2022-06,0,0,0,0.0
15776,2022-07,0,0,0,0.0
15776,2022-08,0,0,0,0.0
15776,2022-09,0,0,0,0.0
15776,2022-10,0,0,0,0.0
15776,2022-11,0,0,0,0.0
15776,2022-12,0,0,0,0.0
15777,2022-01,0,0,0,0.0
15777,2022-02,0,0,0,0.0
15777,2022-03,0,0,0,0.0
15777,2022-04,0,0,0,0.0
15777,2022-05,0,0,0,0.0
15777,2022-06,0,0,0,0.0
15777,2022-07,0,0,0,0.0
15777,2022-08,0,0,0,0.0
15777,2022-09,0,0,0,0.0
15777,2022-10,0,0,0,0.0
15777,2022-11,0,0,0,0.0
15777,2022-12,0,0,0,0.0
15778,2022-01,0,0,0,0.0
15778,2022-02,0,0,0,1.0
15778,2022-03,0,0,0,0.0
15778,2022-04,0,0,0,0.0
15778,2022-05,0,0,0,0.0
15778,2022-06,0,0,0,0.0
15778,2022-07,0,0,0,0.0
15778,2022-08,0,0,0,0.0
15778,2022-09,0,0,0,0.0
15778,2022-10,0,0,0,0.0
15778,2022-11,0,0,0,0.0
15778,2022-12,0,0,0,0.0
15779,2022-01,0,0,0,0.0
15779,2022-02,0,0,0,0.0
15779,2022-03,0,0,0,0.0
15779,2022-04,0,0,0,0.0
15779,2022-05,0,0,0,0.0
15779,2022-06,0,0,0,0.0
15779,2022-07,0,0,0,0.0
15779,2022-08,0,0,0,0.0
15779,2022-09,0,0,0,0.0
15779,2022-10,0,0,0,0.0
15779,2022-11,0,0,0,0.0
15779,2022-12,0,0,0,0.0
15780,2022-01,0,0,0,0.0
15780,2022-02,0,0,0,1.0
15780,2022-03,0,0,0,0.0
15780,2022-04,0,0,0,0.0
15780,2022-05,0,0,0,0.0
15780,2022-06,0,0,0,0.0
15780,2022-07,0,0,0,0.0
15780,2022-08,0,0,0,0.0
15780,2022-09,0,0,0,0.0
15780,2022-10,0,0,0,0.0
15780,2022-11,0,0,0,0.0
15780,2022-12,0,0,0,0.0
15781,2022-01,0,0,0,0.0
15781,2022-02,0,0,0,1.0
15781,2022-03,0,0,0,0.0
15781,2022-04,0,0,0,0.0
15781,2022-05,0,0,0,0.0
15781,2022-06,0,0,0,0.0
15781,2022-07,0,0,0,0.0
15781,2022-08,0,0,0,0.0
15781,2022-09,0,0,0,0.0
15781,2022-10,0,0,0,0.0
15781,2022-11,0,0,0,0.0
15781,2022-12,0,0,0,0.0
15783,2022-01,0,0,0,0.0
15783,2022-02,0,0,0,0.0
15783,2022-03,0,0,0,0.0
15783,2022-04,0,0,0,0.0
15783,2022-05,0,0,0,0.0
15783,2022-06,0,0,0,0.0
15783,2022-07,0,0,0,0.0
15783,2022-08,0,0,0,0.0
15783,2022-09,0,0,0,0.0
15783,2022-10,0,0,0,0.0
15783,2022-11,0,0,0,0.0
15783,2022-12,0,0,0,0.0
15784,2022-01,0,0,0,0.0
15784,2022-02,0,0,0,0.0
15784,2022-03,0,0,0,0.0
15784,2022-04,0,0,0,0.0
15784,2022-05,0,0,0,0.0
15784,2022-06,0,0,0,0.0
15784,2022-07,0,0,0,0.0
15784,2022-08,0,0,0,0.0
15784,2022-09,0,0,0,0.0
15784,2022-10,0,0,0,0.0
15784,2022-11,0,0,0,0.0
15784,2022-12,0,0,0,0.0
15801,2022-01,Clearfield,0,0,0.0
15801,2022-02,Clearfield,0,0,1.0
15801,2022-03,Clearfield,0,0,0.0
15801,2022-04,Clearfield,0,0,0.0
15801,2022-05,Clearfield,0,0,0.0
15801,2022-06,Clearfield,0,0,0.0
15801,2022-07,Clearfield,0,0,0.0
15801,2022-08,Clearfield,0,0,0.0
15801,2022-09,Clearfield,0,1,0.0
15801,2022-10,Clearfield,0,0,0.0
15801,2022-11,Clearfield,0,0,0.0
15801,2022-12,Clearfield,0,0,0.0
15821,2022-01,0,0,0,0.0
15821,2022-02,0,0,0,0.0
15821,2022-03,0,0,0,0.0
15821,2022-04,0,0,0,0.0
15821,2022-05,0,0,0,0.0
15821,2022-06,0,0,0,0.0
15821,2022-07,0,0,0,0.0
15821,2022-08,0,0,0,0.0
15821,2022-09,0,0,0,0.0
15821,2022-10,0,0,0,0.0
15821,2022-11,0,0,0,0.0
15821,2022-12,0,0,0,0.0
15823,2022-01,0,0,0,0.0
15823,2022-02,0,0,0,0.0
15823,2022-03,0,0,0,0.0
15823,2022-04,0,0,0,0.0
15823,2022-05,0,0,0,0.0
15823,2022-06,0,0,0,0.0
15823,2022-07,0,0,0,0.0
15823,2022-08,0,0,0,0.0
15823,2022-09,0,0,0,1.0
15823,2022-10,0,0,0,0.0
15823,2022-11,0,0,0,0.0
15823,2022-12,0,0,0,0.0
15824,2022-01,0,0,0,0.0
15824,2022-02,0,0,0,0.0
15824,2022-03,0,0,0,0.0
15824,2022-04,0,0,0,0.0
15824,2022-05,0,0,0,1.0
15824,2022-06,0,0,0,0.0
15824,2022-07,0,0,0,0.0
15824,2022-08,0,0,0,0.0
15824,2022-09,0,0,0,1.0
15824,2022-10,0,0,0,0.0
15824,2022-11,0,0,0,0.0
15824,2022-12,0,0,0,0.0
15825,2022-01,Jefferson,0,0,0.0
15825,2022-02,Jefferson,0,0,1.0
15825,2022-03,Jefferson,0,0,0.0
15825,2022-04,Jefferson,0,0,0.0
15825,2022-05,Jefferson,0,1,0.0
15825,2022-06,Jefferson,0,0,0.0
15825,2022-07,Jefferson,0,0,0.0
15825,2022-08,Jefferson,0,0,0.0
15825,2022-09,Jefferson,0,0,0.0
15825,2022-10,Jefferson,0,0,0.0
15825,2022-11,Jefferson,0,0,0.0
15825,2022-12,Jefferson,0,0,0.0
15827,2022-01,0,0,0,0.0
15827,2022-02,0,0,0,0.0
15827,2022-03,0,0,0,0.0
15827,2022-04,0,0,0,0.0
15827,2022-05,0,0,0,0.0
15827,2022-06,0,0,0,0.0
15827,2022-07,0,0,0,0.0
15827,2022-08,0,0,0,0.0
15827,2022-09,0,0,0,0.0
15827,2022-10,0,0,0,0.0
15827,2022-11,0,0,0,0.0
15827,2022-12,0,0,0,0.0
15828,2022-01,0,0,0,0.0
15828,2022-02,0,0,0,0.0
15828,2022-03,0,0,0,0.0
15828,2022-04,0,0,0,0.0
15828,2022-05,0,0,0,0.0
15828,2022-06,0,0,0,0.0
15828,2022-07,0,0,0,0.0
15828,2022-08,0,0,0,0.0
15828,2022-09,0,0,0,0.0
15828,2022-10,0,0,0,0.0
15828,2022-11,0,0,0,0.0
15828,2022-12,0,0,0,0.0
15829,2022-01,0,0,0,0.0
15829,2022-02,0,0,0,0.0
15829,2022-03,0,0,0,0.0
15829,2022-04,0,0,0,0.0
15829,2022-05,0,0,0,1.0
15829,2022-06,0,0,0,0.0
15829,2022-07,0,0,0,0.0
15829,2022-08,0,0,0,0.0
15829,2022-09,0,0,0,0.0
15829,2022-10,0,0,0,0.0
15829,2022-11,0,0,0,0.0
15829,2022-12,0,0,0,0.0
15831,2022-01,0,0,0,0.0
15831,2022-02,0,0,0,0.0
15831,2022-03,0,0,0,0.0
15831,2022-04,0,0,0,0.0
15831,2022-05,0,0,0,0.0
15831,2022-06,0,0,0,0.0
15831,2022-07,0,0,0,0.0
15831,2022-08,0,0,0,0.0
15831,2022-09,0,0,0,0.0
15831,2022-10,0,0,0,0.0
15831,2022-11,0,0,0,0.0
15831,2022-12,0,0,0,0.0
15832,2022-01,0,0,0,0.0
15832,2022-02,0,0,0,0.0
15832,2022-03,0,0,0,0.0
15832,2022-04,0,0,0,0.0
15832,2022-05,0,0,0,0.0
15832,2022-06,0,0,0,0.0
15832,2022-07,0,0,0,0.0
15832,2022-08,0,0,0,0.0
15832,2022-09,0,0,0,0.0
15832,2022-10,0,0,0,0.0
15832,2022-11,0,0,0,0.0
15832,2022-12,0,0,0,0.0
15834,2022-01,0,0,0,0.0
15834,2022-02,0,0,0,0.0
15834,2022-03,0,0,0,0.0
15834,2022-04,0,0,0,0.0
15834,2022-05,0,0,0,0.0
15834,2022-06,0,0,0,0.0
15834,2022-07,0,0,0,0.0
15834,2022-08,0,0,0,0.0
15834,2022-09,0,0,0,0.0
15834,2022-10,0,0,0,0.0
15834,2022-11,0,0,0,0.0
15834,2022-12,0,0,0,0.0
15840,2022-01,0,0,0,0.0
15840,2022-02,0,0,0,0.0
15840,2022-03,0,0,0,0.0
15840,2022-04,0,0,0,0.0
15840,2022-05,0,0,0,0.0
15840,2022-06,0,0,0,0.0
15840,2022-07,0,0,0,0.0
15840,2022-08,0,0,0,0.0
15840,2022-09,0,0,0,1.0
15840,2022-10,0,0,0,0.0
15840,2022-11,0,0,0,0.0
15840,2022-12,0,0,0,0.0
15841,2022-01,0,0,0,0.0
15841,2022-02,0,0,0,0.0
15841,2022-03,0,0,0,0.0
15841,2022-04,0,0,0,0.0
15841,2022-05,0,0,0,0.0
15841,2022-06,0,0,0,0.0
15841,2022-07,0,0,0,0.0
15841,2022-08,0,0,0,0.0
15841,2022-09,0,0,0,0.0
15841,2022-10,0,0,0,0.0
15841,2022-11,0,0,0,0.0
15841,2022-12,0,0,0,0.0
15845,2022-01,0,0,0,0.0
15845,2022-02,0,0,0,0.0
15845,2022-03,0,0,0,0.0
15845,2022-04,0,0,0,0.0
15845,2022-05,0,0,0,0.0
15845,2022-06,0,0,0,0.0
15845,2022-07,0,0,0,0.0
15845,2022-08,0,0,0,0.0
15845,2022-09,0,0,0,0.0
15845,2022-10,0,0,0,0.0
15845,2022-11,0,0,0,0.0
15845,2022-12,0,0,0,0.0
15846,2022-01,0,0,0,0.0
15846,2022-02,0,0,0,0.0
15846,2022-03,0,0,0,0.0
15846,2022-04,0,0,0,0.0
15846,2022-05,0,0,0,0.0
15846,2022-06,0,0,0,0.0
15846,2022-07,0,0,0,0.0
15846,2022-08,0,0,0,0.0
15846,2022-09,0,0,0,0.0
15846,2022-10,0,0,0,0.0
15846,2022-11,0,0,0,0.0
15846,2022-12,0,0,0,0.0
15847,2022-01,0,0,0,0.0
15847,2022-02,0,0,0,0.0
15847,2022-03,0,0,0,0.0
15847,2022-04,0,0,0,0.0
15847,2022-05,0,0,0,1.0
15847,2022-06,0,0,0,0.0
15847,2022-07,0,0,0,0.0
15847,2022-08,0,0,0,0.0
15847,2022-09,0,0,0,0.0
15847,2022-10,0,0,0,0.0
15847,2022-11,0,0,0,0.0
15847,2022-12,0,0,0,0.0
15848,2022-01,0,0,0,0.0
15848,2022-02,0,0,0,1.0
15848,2022-03,0,0,0,0.0
15848,2022-04,0,0,0,0.0
15848,2022-05,0,0,0,0.0
15848,2022-06,0,0,0,0.0
15848,2022-07,0,0,0,0.0
15848,2022-08,0,0,0,0.0
15848,2022-09,0,0,0,1.0
15848,2022-10,0,0,0,0.0
15848,2022-11,0,0,0,0.0
15848,2022-12,0,0,0,0.0
15849,2022-01,0,0,0,0.0
15849,2022-02,0,0,0,0.0
15849,2022-03,0,0,0,0.0
15849,2022-04,0,0,0,0.0
15849,2022-05,0,0,0,0.0
15849,2022-06,0,0,0,0.0
15849,2022-07,0,0,0,0.0
15849,2022-08,0,0,0,0.0
15849,2022-09,0,0,0,1.0
15849,2022-10,0,0,0,0.0
15849,2022-11,0,0,0,0.0
15849,2022-12,0,0,0,0.0
15851,2022-01,0,0,0,0.0
15851,2022-02,0,0,0,1.0
15851,2022-03,0,0,0,0.0
15851,2022-04,0,0,0,0.0
15851,2022-05,0,0,0,1.0
15851,2022-06,0,0,0,0.0
15851,2022-07,0,0,0,0.0
15851,2022-08,0,0,0,0.0
15851,2022-09,0,0,0,1.0
15851,2022-10,0,0,0,0.0
15851,2022-11,0,0,0,0.0
15851,2022-12,0,0,0,0.0
15853,2022-01,0,0,0,0.0
15853,2022-02,0,0,0,0.0
15853,2022-03,0,0,0,0.0
15853,2022-04,0,0,0,0.0
15853,2022-05,0,0,0,1.0
15853,2022-06,0,0,0,0.0
15853,2022-07,0,0,0,0.0
15853,2022-08,0,0,0,0.0
15853,2022-09,0,0,0,0.0
15853,2022-10,0,0,0,0.0
15853,2022-11,0,0,0,0.0
15853,2022-12,0,0,0,0.0
15856,2022-01,0,0,0,0.0
15856,2022-02,0,0,0,0.0
15856,2022-03,0,0,0,0.0
15856,2022-04,0,0,0,0.0
15856,2022-05,0,0,0,0.0
15856,2022-06,0,0,0,0.0
15856,2022-07,0,0,0,0.0
15856,2022-08,0,0,0,0.0
15856,2022-09,0,0,0,1.0
15856,2022-10,0,0,0,0.0
15856,2022-11,0,0,0,0.0
15856,2022-12,0,0,0,0.0
15857,2022-01,0,0,0,0.0
15857,2022-02,0,0,0,0.0
15857,2022-03,0,0,0,0.0
15857,2022-04,0,0,0,0.0
15857,2022-05,0,0,0,0.0
15857,2022-06,0,0,0,0.0
15857,2022-07,0,0,0,0.0
15857,2022-08,0,0,0,0.0
15857,2022-09,0,0,0,0.0
15857,2022-10,0,0,0,0.0
15857,2022-11,0,0,0,0.0
15857,2022-12,0,0,0,0.0
15860,2022-01,0,0,0,0.0
15860,2022-02,0,0,0,0.0
15860,2022-03,0,0,0,0.0
15860,2022-04,0,0,0,0.0
15860,2022-05,0,0,0,1.0
15860,2022-06,0,0,0,0.0
15860,2022-07,0,0,0,0.0
15860,2022-08,0,0,0,0.0
15860,2022-09,0,0,0,0.0
15860,2022-10,0,0,0,0.0
15860,2022-11,0,0,0,0.0
15860,2022-12,0,0,0,0.0
15861,2022-01,0,0,0,0.0
15861,2022-02,0,0,0,0.0
15861,2022-03,0,0,0,0.0
15861,2022-04,0,0,0,0.0
15861,2022-05,0,0,0,0.0
15861,2022-06,0,0,0,0.0
15861,2022-07,0,0,0,0.0
15861,2022-08,0,0,0,0.0
15861,2022-09,0,0,0,0.0
15861,2022-10,0,0,0,0.0
15861,2022-11,0,0,0,0.0
15861,2022-12,0,0,0,0.0
15863,2022-01,0,0,0,0.0
15863,2022-02,0,0,0,1.0
15863,2022-03,0,0,0,0.0
15863,2022-04,0,0,0,0.0
15863,2022-05,0,0,0,0.0
15863,2022-06,0,0,0,0.0
15863,2022-07,0,0,0,0.0
15863,2022-08,0,0,0,0.0
15863,2022-09,0,0,0,0.0
15863,2022-10,0,0,0,0.0
15863,2022-11,0,0,0,0.0
15863,2022-12,0,0,0,0.0
15864,2022-01,0,0,0,0.0
15864,2022-02,0,0,0,1.0
15864,2022-03,0,0,0,0.0
15864,2022-04,0,0,0,0.0
15864,2022-05,0,0,0,2.0
15864,2022-06,0,0,0,0.0
15864,2022-07,0,0,0,0.0
15864,2022-08,0,0,0,0.0
15864,2022-09,0,0,0,0.0
15864,2022-10,0,0,0,1.0
15864,2022-11,0,0,0,0.0
15864,2022-12,0,0,0,0.0
15865,2022-01,0,0,0,0.0
15865,2022-02,0,0,0,1.0
15865,2022-03,0,0,0,0.0
15865,2022-04,0,0,0,0.0
15865,2022-05,0,0,0,0.0
15865,2022-06,0,0,0,0.0
15865,2022-07,0,0,0,0.0
15865,2022-08,0,0,0,0.0
15865,2022-09,0,0,0,1.0
15865,2022-10,0,0,0,0.0
15865,2022-11,0,0,0,0.0
15865,2022-12,0,0,0,0.0
15866,2022-01,0,0,0,0.0
15866,2022-02,0,0,0,1.0
15866,2022-03,0,0,0,0.0
15866,2022-04,0,0,0,0.0
15866,2022-05,0,0,0,0.0
15866,2022-06,0,0,0,0.0
15866,2022-07,0,0,0,0.0
15866,2022-08,0,0,0,0.0
15866,2022-09,0,0,0,1.0
15866,2022-10,0,0,0,0.0
15866,2022-11,0,0,0,0.0
15866,2022-12,0,0,0,0.0
15868,2022-01,0,0,0,0.0
15868,2022-02,0,0,0,0.0
15868,2022-03,0,0,0,0.0
15868,2022-04,0,0,0,0.0
15868,2022-05,0,0,0,0.0
15868,2022-06,0,0,0,0.0
15868,2022-07,0,0,0,0.0
15868,2022-08,0,0,0,0.0
15868,2022-09,0,0,0,0.0
15868,2022-10,0,0,0,0.0
15868,2022-11,0,0,0,0.0
15868,2022-12,0,0,0,0.0
15870,2022-01,0,0,0,0.0
15870,2022-02,0,0,0,0.0
15870,2022-03,0,0,0,0.0
15870,2022-04,0,0,0,0.0
15870,2022-05,0,0,0,0.0
15870,2022-06,0,0,0,0.0
15870,2022-07,0,0,0,0.0
15870,2022-08,0,0,0,0.0
15870,2022-09,0,0,0,0.0
15870,2022-10,0,0,0,0.0
15870,2022-11,0,0,0,0.0
15870,2022-12,0,0,0,0.0
15901,2022-01,Cambria,0,0,0.0
15901,2022-02,Cambria,0,0,0.0
15901,2022-03,Cambria,0,0,0.0
15901,2022-04,Cambria,0,0,0.0
15901,2022-05,Cambria,0,1,0.0
15901,2022-06,Cambria,0,1,0.0
15901,2022-07,Cambria,0,1,0.0
15901,2022-08,Cambria,0,0,0.0
15901,2022-09,Cambria,0,1,0.0
15901,2022-10,Cambria,0,0,0.0
15901,2022-11,Cambria,0,0,0.0
15901,2022-12,Cambria,0,0,0.0
15902,2022-01,0,0,0,0.0
15902,2022-02,0,0,0,0.0
15902,2022-03,0,0,0,0.0
15902,2022-04,0,0,0,0.0
15902,2022-05,0,0,0,1.0
15902,2022-06,0,0,0,1.0
15902,2022-07,0,0,0,1.0
15902,2022-08,0,0,0,0.0
15902,2022-09,0,0,0,1.0
15902,2022-10,0,0,0,0.0
15902,2022-11,0,0,0,0.0
15902,2022-12,0,0,0,0.0
15904,2022-01,0,0,0,0.0
15904,2022-02,0,0,0,0.0
15904,2022-03,0,0,0,0.0
15904,2022-04,0,0,0,0.0
15904,2022-05,0,0,0,0.0
15904,2022-06,0,0,0,0.0
15904,2022-07,0,0,0,0.0
15904,2022-08,0,0,0,0.0
15904,2022-09,0,0,0,0.0
15904,2022-10,0,0,0,0.0
15904,2022-11,0,0,0,0.0
15904,2022-12,0,0,0,0.0
15905,2022-01,0,0,0,0.0
15905,2022-02,0,0,0,0.0
15905,2022-03,0,0,0,0.0
15905,2022-04,0,0,0,0.0
15905,2022-05,0,0,0,1.0
15905,2022-06,0,0,0,1.0
15905,2022-07,0,0,0,1.0
15905,2022-08,0,0,0,0.0
15905,2022-09,0,0,0,1.0
15905,2022-10,0,0,0,0.0
15905,2022-11,0,0,0,0.0
15905,2022-12,0,0,0,0.0
15906,2022-01,0,0,0,0.0
15906,2022-02,0,0,0,0.0
15906,2022-03,0,0,0,0.0
15906,2022-04,0,0,0,0.0
15906,2022-05,0,0,0,1.0
15906,2022-06,0,0,0,1.0
15906,2022-07,0,0,0,1.0
15906,2022-08,0,0,0,0.0
15906,2022-09,0,0,0,1.0
15906,2022-10,0,0,0,0.0
15906,2022-11,0,0,0,0.0
15906,2022-12,0,0,0,0.0
15909,2022-01,0,0,0,0.0
15909,2022-02,0,0,0,0.0
15909,2022-03,0,0,0,0.0
15909,2022-04,0,0,0,0.0
15909,2022-05,0,0,0,1.0
15909,2022-06,0,0,0,1.0
15909,2022-07,0,0,0,1.0
15909,2022-08,0,0,0,0.0
15909,2022-09,0,0,0,1.0
15909,2022-10,0,0,0,0.0
15909,2022-11,0,0,0,0.0
15909,2022-12,0,0,0,0.0
15920,2022-01,0,0,0,0.0
15920,2022-02,0,0,0,0.0
15920,2022-03,0,0,0,0.0
15920,2022-04,0,0,0,0.0
15920,2022-05,0,0,0,0.0
15920,2022-06,0,0,0,0.0
15920,2022-07,0,0,0,0.0
15920,2022-08,0,0,0,0.0
15920,2022-09,0,0,0,0.0
15920,2022-10,0,0,0,0.0
15920,2022-11,0,0,0,0.0
15920,2022-12,0,0,0,0.0
15921,2022-01,0,0,0,0.0
15921,2022-02,0,0,0,0.0
15921,2022-03,0,0,0,0.0
15921,2022-04,0,0,0,0.0
15921,2022-05,0,0,0,0.0
15921,2022-06,0,0,0,0.0
15921,2022-07,0,0,0,0.0
15921,2022-08,0,0,0,0.0
15921,2022-09,0,0,0,0.0
15921,2022-10,0,0,0,0.0
15921,2022-11,0,0,0,0.0
15921,2022-12,0,0,0,0.0
15922,2022-01,0,0,0,0.0
15922,2022-02,0,0,0,0.0
15922,2022-03,0,0,0,0.0
15922,2022-04,0,0,0,0.0
15922,2022-05,0,0,0,0.0
15922,2022-06,0,0,0,0.0
15922,2022-07,0,0,0,0.0
15922,2022-08,0,0,0,0.0
15922,2022-09,0,0,0,0.0
15922,2022-10,0,0,0,0.0
15922,2022-11,0,0,0,0.0
15922,2022-12,0,0,0,0.0
15923,2022-01,0,0,0,0.0
15923,2022-02,0,0,0,0.0
15923,2022-03,0,0,0,0.0
15923,2022-04,0,0,0,0.0
15923,2022-05,0,0,0,0.0
15923,2022-06,0,0,0,0.0
15923,2022-07,0,0,0,0.0
15923,2022-08,0,0,0,0.0
15923,2022-09,0,0,0,0.0
15923,2022-10,0,0,0,0.0
15923,2022-11,0,0,0,0.0
15923,2022-12,0,0,0,0.0
15924,2022-01,0,0,0,0.0
15924,2022-02,0,0,0,0.0
15924,2022-03,0,0,0,0.0
15924,2022-04,0,0,0,0.0
15924,2022-05,0,0,0,0.0
15924,2022-06,0,0,0,0.0
15924,2022-07,0,0,0,0.0
15924,2022-08,0,0,0,0.0
15924,2022-09,0,0,0,0.0
15924,2022-10,0,0,0,0.0
15924,2022-11,0,0,0,0.0
15924,2022-12,0,0,0,0.0
15925,2022-01,0,0,0,0.0
15925,2022-02,0,0,0,0.0
15925,2022-03,0,0,0,0.0
15925,2022-04,0,0,0,0.0
15925,2022-05,0,0,0,0.0
15925,2022-06,0,0,0,0.0
15925,2022-07,0,0,0,0.0
15925,2022-08,0,0,0,0.0
15925,2022-09,0,0,0,0.0
15925,2022-10,0,0,0,0.0
15925,2022-11,0,0,0,0.0
15925,2022-12,0,0,0,0.0
15926,2022-01,0,0,0,0.0
15926,2022-02,0,0,0,0.0
15926,2022-03,0,0,0,0.0
15926,2022-04,0,0,0,0.0
15926,2022-05,0,0,0,0.0
15926,2022-06,0,0,0,0.0
15926,2022-07,0,0,0,0.0
15926,2022-08,0,0,0,0.0
15926,2022-09,0,0,0,0.0
15926,2022-10,0,0,0,0.0
15926,2022-11,0,0,0,0.0
15926,2022-12,0,0,0,0.0
15927,2022-01,0,0,0,0.0
15927,2022-02,0,0,0,0.0
15927,2022-03,0,0,0,0.0
15927,2022-04,0,0,0,0.0
15927,2022-05,0,0,0,0.0
15927,2022-06,0,0,0,0.0
15927,2022-07,0,0,0,0.0
15927,2022-08,0,0,0,0.0
15927,2022-09,0,0,0,0.0
15927,2022-10,0,0,0,0.0
15927,2022-11,0,0,0,0.0
15927,2022-12,0,0,0,0.0
15928,2022-01,0,0,0,0.0
15928,2022-02,0,0,0,0.0
15928,2022-03,0,0,0,0.0
15928,2022-04,0,0,0,0.0
15928,2022-05,0,0,0,0.0
15928,2022-06,0,0,0,0.0
15928,2022-07,0,0,0,0.0
15928,2022-08,0,0,0,0.0
15928,2022-09,0,0,0,0.0
15928,2022-10,0,0,0,0.0
15928,2022-11,0,0,0,0.0
15928,2022-12,0,0,0,0.0
15929,2022-01,0,0,0,0.0
15929,2022-02,0,0,0,0.0
15929,2022-03,0,0,0,0.0
15929,2022-04,0,0,0,0.0
15929,2022-05,0,0,0,0.0
15929,2022-06,0,0,0,0.0
15929,2022-07,0,0,0,0.0
15929,2022-08,0,0,0,0.0
15929,2022-09,0,0,0,0.0
15929,2022-10,0,0,0,0.0
15929,2022-11,0,0,0,0.0
15929,2022-12,0,0,0,0.0
15930,2022-01,0,0,0,0.0
15930,2022-02,0,0,0,0.0
15930,2022-03,0,0,0,0.0
15930,2022-04,0,0,0,0.0
15930,2022-05,0,0,0,0.0
15930,2022-06,0,0,0,0.0
15930,2022-07,0,0,0,0.0
15930,2022-08,0,0,0,0.0
15930,2022-09,0,0,0,0.0
15930,2022-10,0,0,0,0.0
15930,2022-11,0,0,0,0.0
15930,2022-12,0,0,0,0.0
15931,2022-01,0,0,0,1.0
15931,2022-02,0,0,0,0.0
15931,2022-03,0,0,0,0.0
15931,2022-04,0,0,0,0.0
15931,2022-05,0,0,0,0.0
15931,2022-06,0,0,0,0.0
15931,2022-07,0,0,0,0.0
15931,2022-08,0,0,0,0.0
15931,2022-09,0,0,0,0.0
15931,2022-10,0,0,0,0.0
15931,2022-11,0,0,0,0.0
15931,2022-12,0,0,0,0.0
15934,2022-01,0,0,0,0.0
15934,2022-02,0,0,0,0.0
15934,2022-03,0,0,0,0.0
15934,2022-04,0,0,0,0.0
15934,2022-05,0,0,0,0.0
15934,2022-06,0,0,0,0.0
15934,2022-07,0,0,0,0.0
15934,2022-08,0,0,0,0.0
15934,2022-09,0,0,0,0.0
15934,2022-10,0,0,0,0.0
15934,2022-11,0,0,0,0.0
15934,2022-12,0,0,0,0.0
15935,2022-01,0,0,0,0.0
15935,2022-02,0,0,0,0.0
15935,2022-03,0,0,0,0.0
15935,2022-04,0,0,0,0.0
15935,2022-05,0,0,0,0.0
15935,2022-06,0,0,0,0.0
15935,2022-07,0,0,0,0.0
15935,2022-08,0,0,0,0.0
15935,2022-09,0,0,0,0.0
15935,2022-10,0,0,0,0.0
15935,2022-11,0,0,0,0.0
15935,2022-12,0,0,0,0.0
15936,2022-01,0,0,0,0.0
15936,2022-02,0,0,0,0.0
15936,2022-03,0,0,0,0.0
15936,2022-04,0,0,0,0.0
15936,2022-05,0,0,0,0.0
15936,2022-06,0,0,0,0.0
15936,2022-07,0,0,0,0.0
15936,2022-08,0,0,0,0.0
15936,2022-09,0,0,0,0.0
15936,2022-10,0,0,0,0.0
15936,2022-11,0,0,0,0.0
15936,2022-12,0,0,0,0.0
15937,2022-01,0,0,0,0.0
15937,2022-02,0,0,0,0.0
15937,2022-03,0,0,0,0.0
15937,2022-04,0,0,0,0.0
15937,2022-05,0,0,0,0.0
15937,2022-06,0,0,0,0.0
15937,2022-07,0,0,0,0.0
15937,2022-08,0,0,0,0.0
15937,2022-09,0,0,0,0.0
15937,2022-10,0,0,0,0.0
15937,2022-11,0,0,0,0.0
15937,2022-12,0,0,0,0.0
15938,2022-01,0,0,0,1.0
15938,2022-02,0,0,0,0.0
15938,2022-03,0,0,0,0.0
15938,2022-04,0,0,0,0.0
15938,2022-05,0,0,0,0.0
15938,2022-06,0,0,0,0.0
15938,2022-07,0,0,0,0.0
15938,2022-08,0,0,0,0.0
15938,2022-09,0,0,0,0.0
15938,2022-10,0,0,0,0.0
15938,2022-11,0,0,0,0.0
15938,2022-12,0,0,0,0.0
15940,2022-01,Cambria,0,1,0.0
15940,2022-02,Cambria,0,0,0.0
15940,2022-03,Cambria,0,0,0.0
15940,2022-04,Cambria,0,0,0.0
15940,2022-05,Cambria,0,0,0.0
15940,2022-06,Cambria,0,0,0.0
15940,2022-07,Cambria,0,0,0.0
15940,2022-08,Cambria,0,0,0.0
15940,2022-09,Cambria,0,0,0.0
15940,2022-10,Cambria,0,0,0.0
15940,2022-11,Cambria,0,0,0.0
15940,2022-12,Cambria,0,0,0.0
15942,2022-01,0,0,0,0.0
15942,2022-02,0,0,0,0.0
15942,2022-03,0,0,0,0.0
15942,2022-04,0,0,0,0.0
15942,2022-05,0,0,0,0.0
15942,2022-06,0,0,0,0.0
15942,2022-07,0,0,0,0.0
15942,2022-08,0,0,0,0.0
15942,2022-09,0,0,0,0.0
15942,2022-10,0,0,0,0.0
15942,2022-11,0,0,0,0.0
15942,2022-12,0,0,0,0.0
15943,2022-01,0,0,0,0.0
15943,2022-02,0,0,0,0.0
15943,2022-03,0,0,0,0.0
15943,2022-04,0,0,0,0.0
15943,2022-05,0,0,0,0.0
15943,2022-06,0,0,0,0.0
15943,2022-07,0,0,0,0.0
15943,2022-08,0,0,0,0.0
15943,2022-09,0,0,0,0.0
15943,2022-10,0,0,0,0.0
15943,2022-11,0,0,0,0.0
15943,2022-12,0,0,0,0.0
15944,2022-01,0,0,0,0.0
15944,2022-02,0,0,0,0.0
15944,2022-03,0,0,0,0.0
15944,2022-04,0,0,0,0.0
15944,2022-05,0,0,0,0.0
15944,2022-06,0,0,0,0.0
15944,2022-07,0,0,0,0.0
15944,2022-08,0,0,0,0.0
15944,2022-09,0,0,0,0.0
15944,2022-10,0,0,0,0.0
15944,2022-11,0,0,0,0.0
15944,2022-12,0,0,0,0.0
15945,2022-01,0,0,0,0.0
15945,2022-02,0,0,0,0.0
15945,2022-03,0,0,0,0.0
15945,2022-04,0,0,0,0.0
15945,2022-05,0,0,0,0.0
15945,2022-06,0,0,0,0.0
15945,2022-07,0,0,0,0.0
15945,2022-08,0,0,0,0.0
15945,2022-09,0,0,0,0.0
15945,2022-10,0,0,0,0.0
15945,2022-11,0,0,0,0.0
15945,2022-12,0,0,0,0.0
15946,2022-01,0,0,0,0.0
15946,2022-02,0,0,0,0.0
15946,2022-03,0,0,0,0.0
15946,2022-04,0,0,0,0.0
15946,2022-05,0,0,0,0.0
15946,2022-06,0,0,0,0.0
15946,2022-07,0,0,0,0.0
15946,2022-08,0,0,0,0.0
15946,2022-09,0,0,0,0.0
15946,2022-10,0,0,0,0.0
15946,2022-11,0,0,0,0.0
15946,2022-12,0,0,0,0.0
15948,2022-01,0,0,0,0.0
15948,2022-02,0,0,0,0.0
15948,2022-03,0,0,0,0.0
15948,2022-04,0,0,0,0.0
15948,2022-05,0,0,0,0.0
15948,2022-06,0,0,0,0.0
15948,2022-07,0,0,0,0.0
15948,2022-08,0,0,0,0.0
15948,2022-09,0,0,0,0.0
15948,2022-10,0,0,0,0.0
15948,2022-11,0,0,0,0.0
15948,2022-12,0,0,0,0.0
15949,2022-01,0,0,0,0.0
15949,2022-02,0,0,0,0.0
15949,2022-03,0,0,0,0.0
15949,2022-04,0,0,0,0.0
15949,2022-05,0,0,0,0.0
15949,2022-06,0,0,0,0.0
15949,2022-07,0,0,0,0.0
15949,2022-08,0,0,0,0.0
15949,2022-09,0,0,0,0.0
15949,2022-10,0,0,0,0.0
15949,2022-11,0,0,0,0.0
15949,2022-12,0,0,0,0.0
15951,2022-01,0,0,0,0.0
15951,2022-02,0,0,0,0.0
15951,2022-03,0,0,0,0.0
15951,2022-04,0,0,0,0.0
15951,2022-05,0,0,0,0.0
15951,2022-06,0,0,0,0.0
15951,2022-07,0,0,0,0.0
15951,2022-08,0,0,0,0.0
15951,2022-09,0,0,0,0.0
15951,2022-10,0,0,0,0.0
15951,2022-11,0,0,0,0.0
15951,2022-12,0,0,0,0.0
15952,2022-01,0,0,0,0.0
15952,2022-02,0,0,0,0.0
15952,2022-03,0,0,0,0.0
15952,2022-04,0,0,0,0.0
15952,2022-05,0,0,0,0.0
15952,2022-06,0,0,0,0.0
15952,2022-07,0,0,0,0.0
15952,2022-08,0,0,0,0.0
15952,2022-09,0,0,0,0.0
15952,2022-10,0,0,0,0.0
15952,2022-11,0,0,0,0.0
15952,2022-12,0,0,0,0.0
15953,2022-01,0,0,0,0.0
15953,2022-02,0,0,0,0.0
15953,2022-03,0,0,0,0.0
15953,2022-04,0,0,0,0.0
15953,2022-05,0,0,0,0.0
15953,2022-06,0,0,0,0.0
15953,2022-07,0,0,0,0.0
15953,2022-08,0,0,0,0.0
15953,2022-09,0,0,0,0.0
15953,2022-10,0,0,0,0.0
15953,2022-11,0,0,0,0.0
15953,2022-12,0,0,0,0.0
15954,2022-01,0,0,0,0.0
15954,2022-02,0,0,0,0.0
15954,2022-03,0,0,0,0.0
15954,2022-04,0,0,0,0.0
15954,2022-05,0,0,0,0.0
15954,2022-06,0,0,0,0.0
15954,2022-07,0,0,0,0.0
15954,2022-08,0,0,0,0.0
15954,2022-09,0,0,0,0.0
15954,2022-10,0,0,0,0.0
15954,2022-11,0,0,0,0.0
15954,2022-12,0,0,0,0.0
15955,2022-01,0,0,0,0.0
15955,2022-02,0,0,0,0.0
15955,2022-03,0,0,0,0.0
15955,2022-04,0,0,0,0.0
15955,2022-05,0,0,0,0.0
15955,2022-06,0,0,0,0.0
15955,2022-07,0,0,0,0.0
15955,2022-08,0,0,0,0.0
15955,2022-09,0,0,0,0.0
15955,2022-10,0,0,0,0.0
15955,2022-11,0,0,0,0.0
15955,2022-12,0,0,0,0.0
15956,2022-01,0,0,0,0.0
15956,2022-02,0,0,0,0.0
15956,2022-03,0,0,0,0.0
15956,2022-04,0,0,0,0.0
15956,2022-05,0,0,0,0.0
15956,2022-06,0,0,0,0.0
15956,2022-07,0,0,0,0.0
15956,2022-08,0,0,0,0.0
15956,2022-09,0,0,0,0.0
15956,2022-10,0,0,0,0.0
15956,2022-11,0,0,0,0.0
15956,2022-12,0,0,0,0.0
15957,2022-01,0,0,0,0.0
15957,2022-02,0,0,0,0.0
15957,2022-03,0,0,0,0.0
15957,2022-04,0,0,0,0.0
15957,2022-05,0,0,0,0.0
15957,2022-06,0,0,0,0.0
15957,2022-07,0,0,0,0.0
15957,2022-08,0,0,0,0.0
15957,2022-09,0,0,0,0.0
15957,2022-10,0,0,0,0.0
15957,2022-11,0,0,0,0.0
15957,2022-12,0,0,0,0.0
15958,2022-01,0,0,0,0.0
15958,2022-02,0,0,0,0.0
15958,2022-03,0,0,0,0.0
15958,2022-04,0,0,0,0.0
15958,2022-05,0,0,0,0.0
15958,2022-06,0,0,0,0.0
15958,2022-07,0,0,0,0.0
15958,2022-08,0,0,0,0.0
15958,2022-09,0,0,0,0.0
15958,2022-10,0,0,0,0.0
15958,2022-11,0,0,0,0.0
15958,2022-12,0,0,0,0.0
15960,2022-01,0,0,0,0.0
15960,2022-02,0,0,0,0.0
15960,2022-03,0,0,0,0.0
15960,2022-04,0,0,0,0.0
15960,2022-05,0,0,0,0.0
15960,2022-06,0,0,0,0.0
15960,2022-07,0,0,0,0.0
15960,2022-08,0,0,0,0.0
15960,2022-09,0,0,0,0.0
15960,2022-10,0,0,0,0.0
15960,2022-11,0,0,0,0.0
15960,2022-12,0,0,0,0.0
15961,2022-01,0,0,0,0.0
15961,2022-02,0,0,0,0.0
15961,2022-03,0,0,0,0.0
15961,2022-04,0,0,0,0.0
15961,2022-05,0,0,0,0.0
15961,2022-06,0,0,0,0.0
15961,2022-07,0,0,0,0.0
15961,2022-08,0,0,0,0.0
15961,2022-09,0,0,0,0.0
15961,2022-10,0,0,0,0.0
15961,2022-11,0,0,0,0.0
15961,2022-12,0,0,0,0.0
15962,2022-01,0,0,0,0.0
15962,2022-02,0,0,0,0.0
15962,2022-03,0,0,0,0.0
15962,2022-04,0,0,0,0.0
15962,2022-05,0,0,0,0.0
15962,2022-06,0,0,0,0.0
15962,2022-07,0,0,0,0.0
15962,2022-08,0,0,0,0.0
15962,2022-09,0,0,0,0.0
15962,2022-10,0,0,0,0.0
15962,2022-11,0,0,0,0.0
15962,2022-12,0,0,0,0.0
15963,2022-01,0,0,0,0.0
15963,2022-02,0,0,0,0.0
15963,2022-03,0,0,0,0.0
15963,2022-04,0,0,0,0.0
15963,2022-05,0,0,0,0.0
15963,2022-06,0,0,0,0.0
15963,2022-07,0,0,0,0.0
15963,2022-08,0,0,0,0.0
15963,2022-09,0,0,0,0.0
15963,2022-10,0,0,0,0.0
15963,2022-11,0,0,0,0.0
15963,2022-12,0,0,0,0.0
16001,2022-01,Butler,0,0,0.0
16001,2022-02,Butler,0,0,0.0
16001,2022-03,Butler,0,0,0.0
16001,2022-04,Butler,0,0,0.0
16001,2022-05,Butler,0,0,0.0
16001,2022-06,Butler,0,0,0.0
16001,2022-07,Butler,0,0,1.0
16001,2022-08,Butler,0,1,0.0
16001,2022-09,Butler,0,0,0.0
16001,2022-10,Butler,0,0,0.0
16001,2022-11,Butler,0,0,0.0
16001,2022-12,Butler,0,0,0.0
16002,2022-01,0,0,0,0.0
16002,2022-02,0,0,0,0.0
16002,2022-03,0,0,0,0.0
16002,2022-04,0,0,0,0.0
16002,2022-05,0,0,0,0.0
16002,2022-06,0,0,0,0.0
16002,2022-07,0,0,0,0.0
16002,2022-08,0,0,0,1.0
16002,2022-09,0,0,0,0.0
16002,2022-10,0,0,0,0.0
16002,2022-11,0,0,0,0.0
16002,2022-12,0,0,0,0.0
16020,2022-01,0,0,0,0.0
16020,2022-02,0,0,0,0.0
16020,2022-03,0,0,0,0.0
16020,2022-04,0,0,0,0.0
16020,2022-05,0,0,0,0.0
16020,2022-06,0,0,0,0.0
16020,2022-07,0,0,0,1.0
16020,2022-08,0,0,0,0.0
16020,2022-09,0,0,0,0.0
16020,2022-10,0,0,0,0.0
16020,2022-11,0,0,0,0.0
16020,2022-12,0,0,0,0.0
16022,2022-01,0,0,0,0.0
16022,2022-02,0,0,0,0.0
16022,2022-03,0,0,0,0.0
16022,2022-04,0,0,0,0.0
16022,2022-05,0,0,0,0.0
16022,2022-06,0,0,0,0.0
16022,2022-07,0,0,0,0.0
16022,2022-08,0,0,0,0.0
16022,2022-09,0,0,0,0.0
16022,2022-10,0,0,0,0.0
16022,2022-11,0,0,0,0.0
16022,2022-12,0,0,0,0.0
16023,2022-01,0,0,0,0.0
16023,2022-02,0,0,0,0.0
16023,2022-03,0,0,0,0.0
16023,2022-04,0,0,0,0.0
16023,2022-05,0,0,0,0.0
16023,2022-06,0,0,0,0.0
16023,2022-07,0,0,0,0.0
16023,2022-08,0,0,0,0.0
16023,2022-09,0,0,0,0.0
16023,2022-10,0,0,0,0.0
16023,2022-11,0,0,0,0.0
16023,2022-12,0,0,0,0.0
16024,2022-01,0,0,0,0.0
16024,2022-02,0,0,0,0.0
16024,2022-03,0,0,0,0.0
16024,2022-04,0,0,0,0.0
16024,2022-05,0,0,0,0.0
16024,2022-06,0,0,0,0.0
16024,2022-07,0,0,0,0.0
16024,2022-08,0,0,0,0.0
16024,2022-09,0,0,0,0.0
16024,2022-10,0,0,0,0.0
16024,2022-11,0,0,0,0.0
16024,2022-12,0,0,0,0.0
16025,2022-01,0,0,0,0.0
16025,2022-02,0,0,0,0.0
16025,2022-03,0,0,0,0.0
16025,2022-04,0,0,0,0.0
16025,2022-05,0,0,0,0.0
16025,2022-06,0,0,0,0.0
16025,2022-07,0,0,0,0.0
16025,2022-08,0,0,0,1.0
16025,2022-09,0,0,0,0.0
16025,2022-10,0,0,0,0.0
16025,2022-11,0,0,0,0.0
16025,2022-12,0,0,0,0.0
16027,2022-01,0,0,0,0.0
16027,2022-02,0,0,0,0.0
16027,2022-03,0,0,0,0.0
16027,2022-04,0,0,0,0.0
16027,2022-05,0,0,0,0.0
16027,2022-06,0,0,0,0.0
16027,2022-07,0,0,0,0.0
16027,2022-08,0,0,0,0.0
16027,2022-09,0,0,0,0.0
16027,2022-10,0,0,0,0.0
16027,2022-11,0,0,0,0.0
16027,2022-12,0,0,0,0.0
16028,2022-01,0,0,0,0.0
16028,2022-02,0,0,0,0.0
16028,2022-03,0,0,0,0.0
16028,2022-04,0,0,0,0.0
16028,2022-05,0,0,0,0.0
16028,2022-06,0,0,0,0.0
16028,2022-07,0,0,0,0.0
16028,2022-08,0,0,0,0.0
16028,2022-09,0,0,0,0.0
16028,2022-10,0,0,0,0.0
16028,2022-11,0,0,0,0.0
16028,2022-12,0,0,0,0.0
16029,2022-01,0,0,0,0.0
16029,2022-02,0,0,0,0.0
16029,2022-03,0,0,0,0.0
16029,2022-04,0,0,0,0.0
16029,2022-05,0,0,0,0.0
16029,2022-06,0,0,0,0.0
16029,2022-07,0,0,0,0.0
16029,2022-08,0,0,0,1.0
16029,2022-09,0,0,0,0.0
16029,2022-10,0,0,0,0.0
16029,2022-11,0,0,0,0.0
16029,2022-12,0,0,0,0.0
16030,2022-01,0,0,0,0.0
16030,2022-02,0,0,0,0.0
16030,2022-03,0,0,0,0.0
16030,2022-04,0,0,0,0.0
16030,2022-05,0,0,0,0.0
16030,2022-06,0,0,0,0.0
16030,2022-07,0,0,0,0.0
16030,2022-08,0,0,0,0.0
16030,2022-09,0,0,0,0.0
16030,2022-10,0,0,0,0.0
16030,2022-11,0,0,0,0.0
16030,2022-12,0,0,0,0.0
16033,2022-01,0,0,0,0.0
16033,2022-02,0,0,0,0.0
16033,2022-03,0,0,0,0.0
16033,2022-04,0,0,0,0.0
16033,2022-05,0,0,0,0.0
16033,2022-06,0,0,0,0.0
16033,2022-07,0,0,0,0.0
16033,2022-08,0,0,0,0.0
16033,2022-09,0,0,0,3.0
16033,2022-10,0,0,0,0.0
16033,2022-11,0,0,0,0.0
16033,2022-12,0,0,0,0.0
16034,2022-01,0,0,0,0.0
16034,2022-02,0,0,0,0.0
16034,2022-03,0,0,0,0.0
16034,2022-04,0,0,0,0.0
16034,2022-05,0,0,0,0.0
16034,2022-06,0,0,0,0.0
16034,2022-07,0,0,0,0.0
16034,2022-08,0,0,0,0.0
16034,2022-09,0,0,0,0.0
16034,2022-10,0,0,0,0.0
16034,2022-11,0,0,0,0.0
16034,2022-12,0,0,0,0.0
16035,2022-01,0,0,0,0.0
16035,2022-02,0,0,0,0.0
16035,2022-03,0,0,0,0.0
16035,2022-04,0,0,0,0.0
16035,2022-05,0,0,0,0.0
16035,2022-06,0,0,0,0.0
16035,2022-07,0,0,0,1.0
16035,2022-08,0,0,0,0.0
16035,2022-09,0,0,0,0.0
16035,2022-10,0,0,0,0.0
16035,2022-11,0,0,0,0.0
16035,2022-12,0,0,0,0.0
16036,2022-01,0,0,0,0.0
16036,2022-02,0,0,0,0.0
16036,2022-03,0,0,0,0.0
16036,2022-04,0,0,0,0.0
16036,2022-05,0,0,0,0.0
16036,2022-06,0,0,0,0.0
16036,2022-07,0,0,0,0.0
16036,2022-08,0,0,0,0.0
16036,2022-09,0,0,0,0.0
16036,2022-10,0,0,0,0.0
16036,2022-11,0,0,0,0.0
16036,2022-12,0,0,0,0.0
16037,2022-01,Butler,0,0,0.0
16037,2022-02,Butler,0,0,0.0
16037,2022-03,Butler,0,0,0.0
16037,2022-04,Butler,0,0,0.0
16037,2022-05,Butler,0,0,0.0
16037,2022-06,Butler,0,0,0.0
16037,2022-07,Butler,0,0,0.0
16037,2022-08,Butler,0,0,0.0
16037,2022-09,Butler,0,3,0.0
16037,2022-10,Butler,0,0,0.0
16037,2022-11,Butler,0,0,0.0
16037,2022-12,Butler,0,0,0.0
16038,2022-01,0,0,0,0.0
16038,2022-02,0,0,0,0.0
16038,2022-03,0,0,0,0.0
16038,2022-04,0,0,0,0.0
16038,2022-05,0,0,0,0.0
16038,2022-06,0,0,0,0.0
16038,2022-07,0,0,0,1.0
16038,2022-08,0,0,0,0.0
16038,2022-09,0,0,0,0.0
16038,2022-10,0,0,0,0.0
16038,2022-11,0,0,0,0.0
16038,2022-12,0,0,0,0.0
16040,2022-01,0,0,0,0.0
16040,2022-02,0,0,0,0.0
16040,2022-03,0,0,0,0.0
16040,2022-04,0,0,0,0.0
16040,2022-05,0,0,0,0.0
16040,2022-06,0,0,0,0.0
16040,2022-07,0,0,0,0.0
16040,2022-08,0,0,0,0.0
16040,2022-09,0,0,0,0.0
16040,2022-10,0,0,0,0.0
16040,2022-11,0,0,0,0.0
16040,2022-12,0,0,0,0.0
16041,2022-01,0,0,0,0.0
16041,2022-02,0,0,0,0.0
16041,2022-03,0,0,0,0.0
16041,2022-04,0,0,0,0.0
16041,2022-05,0,0,0,0.0
16041,2022-06,0,0,0,0.0
16041,2022-07,0,0,0,0.0
16041,2022-08,0,0,0,0.0
16041,2022-09,0,0,0,0.0
16041,2022-10,0,0,0,0.0
16041,2022-11,0,0,0,0.0
16041,2022-12,0,0,0,0.0
16045,2022-01,0,0,0,0.0
16045,2022-02,0,0,0,0.0
16045,2022-03,0,0,0,0.0
16045,2022-04,0,0,0,0.0
16045,2022-05,0,0,0,0.0
16045,2022-06,0,0,0,0.0
16045,2022-07,0,0,0,0.0
16045,2022-08,0,0,0,1.0
16045,2022-09,0,0,0,0.0
16045,2022-10,0,0,0,0.0
16045,2022-11,0,0,0,0.0
16045,2022-12,0,0,0,0.0
16046,2022-01,0,0,0,0.0
16046,2022-02,0,0,0,0.0
16046,2022-03,0,0,0,0.0
16046,2022-04,0,0,0,0.0
16046,2022-05,0,0,0,0.0
16046,2022-06,0,0,0,1.0
16046,2022-07,0,0,0,0.0
16046,2022-08,0,0,0,0.0
16046,2022-09,0,0,0,0.0
16046,2022-10,0,0,0,0.0
16046,2022-11,0,0,0,0.0
16046,2022-12,0,0,0,0.0
16048,2022-01,0,0,0,0.0
16048,2022-02,0,0,0,0.0
16048,2022-03,0,0,0,0.0
16048,2022-04,0,0,0,0.0
16048,2022-05,0,0,0,0.0
16048,2022-06,0,0,0,0.0
16048,2022-07,0,0,0,0.0
16048,2022-08,0,0,0,0.0
16048,2022-09,0,0,0,0.0
16048,2022-10,0,0,0,0.0
16048,2022-11,0,0,0,0.0
16048,2022-12,0,0,0,0.0
16049,2022-01,0,0,0,0.0
16049,2022-02,0,0,0,0.0
16049,2022-03,0,0,0,0.0
16049,2022-04,0,0,0,0.0
16049,2022-05,0,0,0,0.0
16049,2022-06,0,0,0,0.0
16049,2022-07,0,0,0,0.0
16049,2022-08,0,0,0,0.0
16049,2022-09,0,0,0,0.0
16049,2022-10,0,0,0,0.0
16049,2022-11,0,0,0,0.0
16049,2022-12,0,0,0,0.0
16050,2022-01,0,0,0,0.0
16050,2022-02,0,0,0,0.0
16050,2022-03,0,0,0,0.0
16050,2022-04,0,0,0,0.0
16050,2022-05,0,0,0,0.0
16050,2022-06,0,0,0,0.0
16050,2022-07,0,0,0,0.0
16050,2022-08,0,0,0,0.0
16050,2022-09,0,0,0,0.0
16050,2022-10,0,0,0,0.0
16050,2022-11,0,0,0,0.0
16050,2022-12,0,0,0,0.0
16051,2022-01,0,0,0,0.0
16051,2022-02,0,0,0,0.0
16051,2022-03,0,0,0,0.0
16051,2022-04,0,0,0,0.0
16051,2022-05,0,0,0,0.0
16051,2022-06,0,0,0,0.0
16051,2022-07,0,0,0,1.0
16051,2022-08,0,0,0,0.0
16051,2022-09,0,0,0,4.0
16051,2022-10,0,0,0,0.0
16051,2022-11,0,0,0,0.0
16051,2022-12,0,0,0,0.0
16052,2022-01,0,0,0,0.0
16052,2022-02,0,0,0,0.0
16052,2022-03,0,0,0,0.0
16052,2022-04,0,0,0,0.0
16052,2022-05,0,0,0,0.0
16052,2022-06,0,0,0,0.0
16052,2022-07,0,0,0,1.0
16052,2022-08,0,0,0,1.0
16052,2022-09,0,0,0,3.0
16052,2022-10,0,0,0,0.0
16052,2022-11,0,0,0,0.0
16052,2022-12,0,0,0,0.0
16053,2022-01,0,0,0,0.0
16053,2022-02,0,0,0,0.0
16053,2022-03,0,0,0,0.0
16053,2022-04,0,0,0,0.0
16053,2022-05,0,0,0,0.0
16053,2022-06,0,0,0,0.0
16053,2022-07,0,0,0,0.0
16053,2022-08,0,0,0,1.0
16053,2022-09,0,0,0,0.0
16053,2022-10,0,0,0,0.0
16053,2022-11,0,0,0,0.0
16053,2022-12,0,0,0,0.0
16054,2022-01,0,0,0,0.0
16054,2022-02,0,0,0,0.0
16054,2022-03,0,0,0,0.0
16054,2022-04,0,0,0,0.0
16054,2022-05,0,0,0,0.0
16054,2022-06,0,0,0,0.0
16054,2022-07,0,0,0,0.0
16054,2022-08,0,0,0,0.0
16054,2022-09,0,0,0,0.0
16054,2022-10,0,0,0,0.0
16054,2022-11,0,0,0,0.0
16054,2022-12,0,0,0,0.0
16055,2022-01,0,0,0,0.0
16055,2022-02,0,0,0,0.0
16055,2022-03,0,0,0,0.0
16055,2022-04,0,0,0,0.0
16055,2022-05,0,0,0,0.0
16055,2022-06,0,0,0,0.0
16055,2022-07,0,0,0,1.0
16055,2022-08,0,0,0,0.0
16055,2022-09,0,0,0,0.0
16055,2022-10,0,0,0,0.0
16055,2022-11,0,0,0,0.0
16055,2022-12,0,0,0,0.0
16056,2022-01,0,0,0,0.0
16056,2022-02,0,0,0,0.0
16056,2022-03,0,0,0,0.0
16056,2022-04,0,0,0,0.0
16056,2022-05,0,0,0,0.0
16056,2022-06,0,0,0,0.0
16056,2022-07,0,0,0,1.0
16056,2022-08,0,0,0,0.0
16056,2022-09,0,0,0,0.0
16056,2022-10,0,0,0,0.0
16056,2022-11,0,0,0,0.0
16056,2022-12,0,0,0,0.0
16057,2022-01,Butler,0,0,0.0
16057,2022-02,Butler,0,0,0.0
16057,2022-03,Butler,0,0,0.0
16057,2022-04,Butler,0,0,0.0
16057,2022-05,Butler,0,0,0.0
16057,2022-06,Butler,0,0,0.0
16057,2022-07,Butler,0,1,0.0
16057,2022-08,Butler,0,0,1.0
16057,2022-09,Butler,0,0,1.0
16057,2022-10,Butler,0,0,0.0
16057,2022-11,Butler,0,0,0.0
16057,2022-12,Butler,0,0,0.0
16059,2022-01,0,0,0,0.0
16059,2022-02,0,0,0,0.0
16059,2022-03,0,0,0,0.0
16059,2022-04,0,0,0,0.0
16059,2022-05,0,0,0,0.0
16059,2022-06,0,0,0,0.0
16059,2022-07,0,0,0,0.0
16059,2022-08,0,0,0,0.0
16059,2022-09,0,0,0,0.0
16059,2022-10,0,0,0,0.0
16059,2022-11,0,0,0,0.0
16059,2022-12,0,0,0,0.0
16061,2022-01,0,0,0,0.0
16061,2022-02,0,0,0,0.0
16061,2022-03,0,0,0,0.0
16061,2022-04,0,0,0,0.0
16061,2022-05,0,0,0,0.0
16061,2022-06,0,0,0,0.0
16061,2022-07,0,0,0,1.0
16061,2022-08,0,0,0,1.0
16061,2022-09,0,0,0,0.0
16061,2022-10,0,0,0,0.0
16061,2022-11,0,0,0,0.0
16061,2022-12,0,0,0,0.0
16063,2022-01,0,0,0,0.0
16063,2022-02,0,0,0,0.0
16063,2022-03,0,0,0,0.0
16063,2022-04,0,0,0,0.0
16063,2022-05,0,0,0,0.0
16063,2022-06,0,0,0,0.0
16063,2022-07,0,0,0,0.0
16063,2022-08,0,0,0,0.0
16063,2022-09,0,0,0,3.0
16063,2022-10,0,0,0,0.0
16063,2022-11,0,0,0,0.0
16063,2022-12,0,0,0,0.0
16066,2022-01,0,0,0,0.0
16066,2022-02,0,0,0,0.0
16066,2022-03,0,0,0,0.0
16066,2022-04,0,0,0,0.0
16066,2022-05,0,0,0,0.0
16066,2022-06,0,0,0,0.0
16066,2022-07,0,0,0,0.0
16066,2022-08,0,0,0,0.0
16066,2022-09,0,0,0,0.0
16066,2022-10,0,0,0,0.0
16066,2022-11,0,0,0,0.0
16066,2022-12,0,0,0,0.0
16101,2022-01,Lawrence,0,0,0.0
16101,2022-02,Lawrence,0,0,0.0
16101,2022-03,Lawrence,0,0,0.0
16101,2022-04,Lawrence,0,0,0.0
16101,2022-05,Lawrence,0,0,0.0
16101,2022-06,Lawrence,0,0,0.0
16101,2022-07,Lawrence,0,0,1.0
16101,2022-08,Lawrence,0,0,0.0
16101,2022-09,Lawrence,0,1,0.0
16101,2022-10,Lawrence,0,0,0.0
16101,2022-11,Lawrence,0,0,0.0
16101,2022-12,Lawrence,0,0,0.0
16102,2022-01,0,0,0,0.0
16102,2022-02,0,0,0,0.0
16102,2022-03,0,0,0,0.0
16102,2022-04,0,0,0,0.0
16102,2022-05,0,0,0,0.0
16102,2022-06,0,0,0,0.0
16102,2022-07,0,0,0,0.0
16102,2022-08,0,0,0,0.0
16102,2022-09,0,0,0,1.0
16102,2022-10,0,0,0,0.0
16102,2022-11,0,0,0,0.0
16102,2022-12,0,0,0,0.0
16105,2022-01,0,0,0,0.0
16105,2022-02,0,0,0,0.0
16105,2022-03,0,0,0,0.0
16105,2022-04,0,0,0,0.0
16105,2022-05,0,0,0,0.0
16105,2022-06,0,0,0,0.0
16105,2022-07,0,0,0,0.0
16105,2022-08,0,0,0,0.0
16105,2022-09,0,0,0,1.0
16105,2022-10,0,0,0,0.0
16105,2022-11,0,0,0,0.0
16105,2022-12,0,0,0,0.0
16110,2022-01,0,0,0,0.0
16110,2022-02,0,0,0,0.0
16110,2022-03,0,0,0,0.0
16110,2022-04,0,0,0,0.0
16110,2022-05,0,0,0,1.0
16110,2022-06,0,0,0,1.0
16110,2022-07,0,0,0,0.0
16110,2022-08,0,0,0,0.0
16110,2022-09,0,0,0,0.0
16110,2022-10,0,0,0,0.0
16110,2022-11,0,0,0,0.0
16110,2022-12,0,0,0,0.0
16111,2022-01,0,0,0,0.0
16111,2022-02,0,0,0,0.0
16111,2022-03,0,0,0,0.0
16111,2022-04,0,0,0,0.0
16111,2022-05,0,0,0,0.0
16111,2022-06,0,0,0,0.0
16111,2022-07,0,0,0,0.0
16111,2022-08,0,0,0,0.0
16111,2022-09,0,0,0,0.0
16111,2022-10,0,0,0,0.0
16111,2022-11,0,0,0,0.0
16111,2022-12,0,0,0,0.0
16112,2022-01,0,0,0,0.0
16112,2022-02,0,0,0,0.0
16112,2022-03,0,0,0,0.0
16112,2022-04,0,0,0,0.0
16112,2022-05,0,0,0,0.0
16112,2022-06,0,0,0,0.0
16112,2022-07,0,0,0,0.0
16112,2022-08,0,0,0,0.0
16112,2022-09,0,0,0,0.0
16112,2022-10,0,0,0,0.0
16112,2022-11,0,0,0,0.0
16112,2022-12,0,0,0,0.0
16113,2022-01,0,0,0,0.0
16113,2022-02,0,0,0,0.0
16113,2022-03,0,0,0,0.0
16113,2022-04,0,0,0,0.0
16113,2022-05,0,0,0,0.0
16113,2022-06,0,0,0,0.0
16113,2022-07,0,0,0,0.0
16113,2022-08,0,0,0,0.0
16113,2022-09,0,0,0,0.0
16113,2022-10,0,0,0,0.0
16113,2022-11,0,0,0,0.0
16113,2022-12,0,0,0,0.0
16114,2022-01,0,0,0,0.0
16114,2022-02,0,0,0,0.0
16114,2022-03,0,0,0,0.0
16114,2022-04,0,0,0,0.0
16114,2022-05,0,0,0,0.0
16114,2022-06,0,0,0,0.0
16114,2022-07,0,0,0,0.0
16114,2022-08,0,0,0,0.0
16114,2022-09,0,0,0,0.0
16114,2022-10,0,0,0,0.0
16114,2022-11,0,0,0,0.0
16114,2022-12,0,0,0,0.0
16115,2022-01,0,0,0,0.0
16115,2022-02,0,0,0,0.0
16115,2022-03,0,0,0,0.0
16115,2022-04,0,0,0,0.0
16115,2022-05,0,0,0,1.0
16115,2022-06,0,0,0,0.0
16115,2022-07,0,0,0,0.0
16115,2022-08,0,0,0,0.0
16115,2022-09,0,0,0,0.0
16115,2022-10,0,0,0,0.0
16115,2022-11,0,0,0,0.0
16115,2022-12,0,0,0,0.0
16116,2022-01,0,0,0,0.0
16116,2022-02,0,0,0,0.0
16116,2022-03,0,0,0,0.0
16116,2022-04,0,0,0,0.0
16116,2022-05,0,0,0,0.0
16116,2022-06,0,0,0,0.0
16116,2022-07,0,0,0,0.0
16116,2022-08,0,0,0,0.0
16116,2022-09,0,0,0,1.0
16116,2022-10,0,0,0,0.0
16116,2022-11,0,0,0,0.0
16116,2022-12,0,0,0,0.0
16117,2022-01,0,0,0,0.0
16117,2022-02,0,0,0,0.0
16117,2022-03,0,0,0,0.0
16117,2022-04,0,0,0,0.0
16117,2022-05,0,0,0,1.0
16117,2022-06,0,0,0,0.0
16117,2022-07,0,0,0,0.0
16117,2022-08,0,0,0,0.0
16117,2022-09,0,0,0,1.0
16117,2022-10,0,0,0,0.0
16117,2022-11,0,0,0,0.0
16117,2022-12,0,0,0,0.0
16120,2022-01,0,0,0,0.0
16120,2022-02,0,0,0,0.0
16120,2022-03,0,0,0,0.0
16120,2022-04,0,0,0,0.0
16120,2022-05,0,0,0,0.0
16120,2022-06,0,0,0,0.0
16120,2022-07,0,0,0,0.0
16120,2022-08,0,0,0,0.0
16120,2022-09,0,0,0,0.0
16120,2022-10,0,0,0,0.0
16120,2022-11,0,0,0,0.0
16120,2022-12,0,0,0,0.0
16121,2022-01,Mercer,0,0,0.0
16121,2022-02,Mercer,0,0,0.0
16121,2022-03,Mercer,0,0,0.0
16121,2022-04,Mercer,0,0,0.0
16121,2022-05,Mercer,0,1,0.0
16121,2022-06,Mercer,0,0,0.0
16121,2022-07,Mercer,0,0,0.0
16121,2022-08,Mercer,0,0,0.0
16121,2022-09,Mercer,0,0,0.0
16121,2022-10,Mercer,0,0,0.0
16121,2022-11,Mercer,0,0,0.0
16121,2022-12,Mercer,0,0,0.0
16123,2022-01,0,0,0,0.0
16123,2022-02,0,0,0,0.0
16123,2022-03,0,0,0,0.0
16123,2022-04,0,0,0,0.0
16123,2022-05,0,0,0,0.0
16123,2022-06,0,0,0,0.0
16123,2022-07,0,0,0,0.0
16123,2022-08,0,0,0,0.0
16123,2022-09,0,0,0,3.0
16123,2022-10,0,0,0,0.0
16123,2022-11,0,0,0,0.0
16123,2022-12,0,0,0,0.0
16124,2022-01,0,0,0,0.0
16124,2022-02,0,0,0,0.0
16124,2022-03,0,0,0,0.0
16124,2022-04,0,0,0,0.0
16124,2022-05,0,0,0,1.0
16124,2022-06,0,0,0,1.0
16124,2022-07,0,0,0,0.0
16124,2022-08,0,0,0,0.0
16124,2022-09,0,0,0,0.0
16124,2022-10,0,0,0,0.0
16124,2022-11,0,0,0,0.0
16124,2022-12,0,0,0,0.0
16125,2022-01,0,0,0,0.0
16125,2022-02,0,0,0,0.0
16125,2022-03,0,0,0,0.0
16125,2022-04,0,0,0,0.0
16125,2022-05,0,0,0,1.0
16125,2022-06,0,0,0,1.0
16125,2022-07,0,0,0,0.0
16125,2022-08,0,0,0,0.0
16125,2022-09,0,0,0,0.0
16125,2022-10,0,0,0,0.0
16125,2022-11,0,0,0,0.0
16125,2022-12,0,0,0,0.0
16127,2022-01,0,0,0,0.0
16127,2022-02,0,0,0,0.0
16127,2022-03,0,0,0,1.0
16127,2022-04,0,0,0,0.0
16127,2022-05,0,0,0,1.0
16127,2022-06,0,0,0,1.0
16127,2022-07,0,0,0,1.0
16127,2022-08,0,0,0,0.0
16127,2022-09,0,0,0,0.0
16127,2022-10,0,0,0,0.0
16127,2022-11,0,0,0,0.0
16127,2022-12,0,0,0,0.0
16130,2022-01,0,0,0,0.0
16130,2022-02,0,0,0,0.0
16130,2022-03,0,0,0,0.0
16130,2022-04,0,0,0,0.0
16130,2022-05,0,0,0,0.0
16130,2022-06,0,0,0,0.0
16130,2022-07,0,0,0,0.0
16130,2022-08,0,0,0,0.0
16130,2022-09,0,0,0,0.0
16130,2022-10,0,0,0,0.0
16130,2022-11,0,0,0,0.0
16130,2022-12,0,0,0,0.0
16131,2022-01,0,0,0,0.0
16131,2022-02,0,0,0,0.0
16131,2022-03,0,0,0,0.0
16131,2022-04,0,0,0,0.0
16131,2022-05,0,0,0,1.0
16131,2022-06,0,0,0,1.0
16131,2022-07,0,0,0,0.0
16131,2022-08,0,0,0,0.0
16131,2022-09,0,0,0,0.0
16131,2022-10,0,0,0,0.0
16131,2022-11,0,0,0,0.0
16131,2022-12,0,0,0,0.0
16132,2022-01,0,0,0,0.0
16132,2022-02,0,0,0,0.0
16132,2022-03,0,0,0,0.0
16132,2022-04,0,0,0,0.0
16132,2022-05,0,0,0,0.0
16132,2022-06,0,0,0,0.0
16132,2022-07,0,0,0,0.0
16132,2022-08,0,0,0,0.0
16132,2022-09,0,0,0,0.0
16132,2022-10,0,0,0,0.0
16132,2022-11,0,0,0,0.0
16132,2022-12,0,0,0,0.0
16133,2022-01,Mercer,0,0,0.0
16133,2022-02,Mercer,0,0,0.0
16133,2022-03,Mercer,0,1,0.0
16133,2022-04,Mercer,0,0,0.0
16133,2022-05,Mercer,0,0,1.0
16133,2022-06,Mercer,0,0,1.0
16133,2022-07,Mercer,0,0,0.0
16133,2022-08,Mercer,0,0,0.0
16133,2022-09,Mercer,0,0,0.0
16133,2022-10,Mercer,0,0,0.0
16133,2022-11,Mercer,0,0,0.0
16133,2022-12,Mercer,0,0,0.0
16134,2022-01,Mercer,0,0,0.0
16134,2022-02,Mercer,0,0,0.0
16134,2022-03,Mercer,0,0,0.0
16134,2022-04,Mercer,0,0,0.0
16134,2022-05,Mercer,0,1,0.0
16134,2022-06,Mercer,0,1,0.0
16134,2022-07,Mercer,0,0,0.0
16134,2022-08,Mercer,0,0,0.0
16134,2022-09,Mercer,0,0,0.0
16134,2022-10,Mercer,0,0,0.0
16134,2022-11,Mercer,0,0,0.0
16134,2022-12,Mercer,0,0,0.0
16136,2022-01,0,0,0,0.0
16136,2022-02,0,0,0,0.0
16136,2022-03,0,0,0,0.0
16136,2022-04,0,0,0,0.0
16136,2022-05,0,0,0,1.0
16136,2022-06,0,0,0,0.0
16136,2022-07,0,0,0,0.0
16136,2022-08,0,0,0,0.0
16136,2022-09,0,0,0,0.0
16136,2022-10,0,0,0,0.0
16136,2022-11,0,0,0,0.0
16136,2022-12,0,0,0,0.0
16137,2022-01,Mercer,0,0,0.0
16137,2022-02,Mercer,0,0,0.0
16137,2022-03,Mercer,0,0,1.0
16137,2022-04,Mercer,0,0,0.0
16137,2022-05,Mercer,0,1,0.0
16137,2022-06,Mercer,0,1,0.0
16137,2022-07,Mercer,0,0,0.0
16137,2022-08,Mercer,0,0,0.0
16137,2022-09,Mercer,0,0,0.0
16137,2022-10,Mercer,0,0,0.0
16137,2022-11,Mercer,0,0,0.0
16137,2022-12,Mercer,0,0,0.0
16140,2022-01,0,0,0,0.0
16140,2022-02,0,0,0,0.0
16140,2022-03,0,0,0,0.0
16140,2022-04,0,0,0,0.0
16140,2022-05,0,0,0,0.0
16140,2022-06,0,0,0,0.0
16140,2022-07,0,0,0,0.0
16140,2022-08,0,0,0,0.0
16140,2022-09,0,0,0,0.0
16140,2022-10,0,0,0,0.0
16140,2022-11,0,0,0,0.0
16140,2022-12,0,0,0,0.0
16141,2022-01,0,0,0,0.0
16141,2022-02,0,0,0,0.0
16141,2022-03,0,0,0,0.0
16141,2022-04,0,0,0,0.0
16141,2022-05,0,0,0,0.0
16141,2022-06,0,0,0,0.0
16141,2022-07,0,0,0,0.0
16141,2022-08,0,0,0,0.0
16141,2022-09,0,0,0,0.0
16141,2022-10,0,0,0,0.0
16141,2022-11,0,0,0,0.0
16141,2022-12,0,0,0,0.0
16142,2022-01,0,0,0,0.0
16142,2022-02,0,0,0,0.0
16142,2022-03,0,0,0,0.0
16142,2022-04,0,0,0,0.0
16142,2022-05,0,0,0,1.0
16142,2022-06,0,0,0,1.0
16142,2022-07,0,0,0,0.0
16142,2022-08,0,0,0,0.0
16142,2022-09,0,0,0,0.0
16142,2022-10,0,0,0,0.0
16142,2022-11,0,0,0,0.0
16142,2022-12,0,0,0,0.0
16143,2022-01,0,0,0,0.0
16143,2022-02,0,0,0,0.0
16143,2022-03,0,0,0,0.0
16143,2022-04,0,0,0,0.0
16143,2022-05,0,0,0,0.0
16143,2022-06,0,0,0,0.0
16143,2022-07,0,0,0,0.0
16143,2022-08,0,0,0,0.0
16143,2022-09,0,0,0,0.0
16143,2022-10,0,0,0,0.0
16143,2022-11,0,0,0,0.0
16143,2022-12,0,0,0,0.0
16145,2022-01,0,0,0,0.0
16145,2022-02,0,0,0,0.0
16145,2022-03,0,0,0,0.0
16145,2022-04,0,0,0,0.0
16145,2022-05,0,0,0,0.0
16145,2022-06,0,0,0,0.0
16145,2022-07,0,0,0,0.0
16145,2022-08,0,0,0,0.0
16145,2022-09,0,0,0,0.0
16145,2022-10,0,0,0,0.0
16145,2022-11,0,0,0,0.0
16145,2022-12,0,0,0,0.0
16146,2022-01,0,0,0,0.0
16146,2022-02,0,0,0,0.0
16146,2022-03,0,0,0,0.0
16146,2022-04,0,0,0,0.0
16146,2022-05,0,0,0,1.0
16146,2022-06,0,0,0,0.0
16146,2022-07,0,0,0,0.0
16146,2022-08,0,0,0,0.0
16146,2022-09,0,0,0,0.0
16146,2022-10,0,0,0,0.0
16146,2022-11,0,0,0,0.0
16146,2022-12,0,0,0,0.0
16148,2022-01,0,0,0,0.0
16148,2022-02,0,0,0,0.0
16148,2022-03,0,0,0,0.0
16148,2022-04,0,0,0,0.0
16148,2022-05,0,0,0,2.0
16148,2022-06,0,0,0,1.0
16148,2022-07,0,0,0,0.0
16148,2022-08,0,0,0,0.0
16148,2022-09,0,0,0,0.0
16148,2022-10,0,0,0,0.0
16148,2022-11,0,0,0,0.0
16148,2022-12,0,0,0,0.0
16150,2022-01,0,0,0,0.0
16150,2022-02,0,0,0,0.0
16150,2022-03,0,0,0,0.0
16150,2022-04,0,0,0,0.0
16150,2022-05,0,0,0,1.0
16150,2022-06,0,0,0,1.0
16150,2022-07,0,0,0,0.0
16150,2022-08,0,0,0,0.0
16150,2022-09,0,0,0,0.0
16150,2022-10,0,0,0,0.0
16150,2022-11,0,0,0,0.0
16150,2022-12,0,0,0,0.0
16151,2022-01,0,0,0,0.0
16151,2022-02,0,0,0,0.0
16151,2022-03,0,0,0,0.0
16151,2022-04,0,0,0,0.0
16151,2022-05,0,0,0,0.0
16151,2022-06,0,0,0,0.0
16151,2022-07,0,0,0,0.0
16151,2022-08,0,0,0,0.0
16151,2022-09,0,0,0,0.0
16151,2022-10,0,0,0,0.0
16151,2022-11,0,0,0,0.0
16151,2022-12,0,0,0,0.0
16153,2022-01,0,0,0,0.0
16153,2022-02,0,0,0,0.0
16153,2022-03,0,0,0,1.0
16153,2022-04,0,0,0,0.0
16153,2022-05,0,0,0,1.0
16153,2022-06,0,0,0,1.0
16153,2022-07,0,0,0,0.0
16153,2022-08,0,0,0,0.0
16153,2022-09,0,0,0,0.0
16153,2022-10,0,0,0,0.0
16153,2022-11,0,0,0,0.0
16153,2022-12,0,0,0,0.0
16154,2022-01,0,0,0,0.0
16154,2022-02,0,0,0,0.0
16154,2022-03,0,0,0,0.0
16154,2022-04,0,0,0,0.0
16154,2022-05,0,0,0,1.0
16154,2022-06,0,0,0,1.0
16154,2022-07,0,0,0,0.0
16154,2022-08,0,0,0,0.0
16154,2022-09,0,0,0,0.0
16154,2022-10,0,0,0,0.0
16154,2022-11,0,0,0,0.0
16154,2022-12,0,0,0,0.0
16155,2022-01,0,0,0,0.0
16155,2022-02,0,0,0,0.0
16155,2022-03,0,0,0,0.0
16155,2022-04,0,0,0,0.0
16155,2022-05,0,0,0,0.0
16155,2022-06,0,0,0,0.0
16155,2022-07,0,0,0,0.0
16155,2022-08,0,0,0,0.0
16155,2022-09,0,0,0,0.0
16155,2022-10,0,0,0,0.0
16155,2022-11,0,0,0,0.0
16155,2022-12,0,0,0,0.0
16156,2022-01,0,0,0,0.0
16156,2022-02,0,0,0,0.0
16156,2022-03,0,0,0,0.0
16156,2022-04,0,0,0,0.0
16156,2022-05,0,0,0,1.0
16156,2022-06,0,0,0,1.0
16156,2022-07,0,0,0,1.0
16156,2022-08,0,0,0,0.0
16156,2022-09,0,0,0,1.0
16156,2022-10,0,0,0,0.0
16156,2022-11,0,0,0,0.0
16156,2022-12,0,0,0,0.0
16157,2022-01,0,0,0,0.0
16157,2022-02,0,0,0,0.0
16157,2022-03,0,0,0,0.0
16157,2022-04,0,0,0,0.0
16157,2022-05,0,0,0,1.0
16157,2022-06,0,0,0,0.0
16157,2022-07,0,0,0,0.0
16157,2022-08,0,0,0,0.0
16157,2022-09,0,0,0,1.0
16157,2022-10,0,0,0,0.0
16157,2022-11,0,0,0,0.0
16157,2022-12,0,0,0,0.0
16159,2022-01,0,0,0,0.0
16159,2022-02,0,0,0,0.0
16159,2022-03,0,0,0,0.0
16159,2022-04,0,0,0,0.0
16159,2022-05,0,0,0,2.0
16159,2022-06,0,0,0,1.0
16159,2022-07,0,0,0,0.0
16159,2022-08,0,0,0,0.0
16159,2022-09,0,0,0,0.0
16159,2022-10,0,0,0,0.0
16159,2022-11,0,0,0,0.0
16159,2022-12,0,0,0,0.0
16160,2022-01,0,0,0,0.0
16160,2022-02,0,0,0,0.0
16160,2022-03,0,0,0,0.0
16160,2022-04,0,0,0,0.0
16160,2022-05,0,0,0,0.0
16160,2022-06,0,0,0,0.0
16160,2022-07,0,0,0,0.0
16160,2022-08,0,0,0,0.0
16160,2022-09,0,0,0,1.0
16160,2022-10,0,0,0,0.0
16160,2022-11,0,0,0,0.0
16160,2022-12,0,0,0,0.0
16161,2022-01,0,0,0,0.0
16161,2022-02,0,0,0,0.0
16161,2022-03,0,0,0,0.0
16161,2022-04,0,0,0,0.0
16161,2022-05,0,0,0,1.0
16161,2022-06,0,0,0,0.0
16161,2022-07,0,0,0,0.0
16161,2022-08,0,0,0,0.0
16161,2022-09,0,0,0,0.0
16161,2022-10,0,0,0,0.0
16161,2022-11,0,0,0,0.0
16161,2022-12,0,0,0,0.0
16172,2022-01,0,0,0,0.0
16172,2022-02,0,0,0,0.0
16172,2022-03,0,0,0,0.0
16172,2022-04,0,0,0,0.0
16172,2022-05,0,0,0,0.0
16172,2022-06,0,0,0,0.0
16172,2022-07,0,0,0,0.0
16172,2022-08,0,0,0,0.0
16172,2022-09,0,0,0,0.0
16172,2022-10,0,0,0,0.0
16172,2022-11,0,0,0,0.0
16172,2022-12,0,0,0,0.0
16201,2022-01,Armstrong,0,0,0.0
16201,2022-02,Armstrong,0,0,0.0
16201,2022-03,Armstrong,0,5,0.0
16201,2022-04,Armstrong,0,0,0.0
16201,2022-05,Armstrong,0,0,0.0
16201,2022-06,Armstrong,0,0,0.0
16201,2022-07,Armstrong,0,0,0.0
16201,2022-08,Armstrong,0,0,0.0
16201,2022-09,Armstrong,0,0,0.0
16201,2022-10,Armstrong,0,0,0.0
16201,2022-11,Armstrong,0,0,0.0
16201,2022-12,Armstrong,0,0,0.0
16210,2022-01,0,0,0,0.0
16210,2022-02,0,0,0,0.0
16210,2022-03,0,0,0,5.0
16210,2022-04,0,0,0,0.0
16210,2022-05,0,0,0,0.0
16210,2022-06,0,0,0,0.0
16210,2022-07,0,0,0,0.0
16210,2022-08,0,0,0,0.0
16210,2022-09,0,0,0,0.0
16210,2022-10,0,0,0,0.0
16210,2022-11,0,0,0,0.0
16210,2022-12,0,0,0,0.0
16211,2022-01,0,0,0,0.0
16211,2022-02,0,0,0,0.0
16211,2022-03,0,0,0,0.0
16211,2022-04,0,0,0,0.0
16211,2022-05,0,0,0,0.0
16211,2022-06,0,0,0,0.0
16211,2022-07,0,0,0,0.0
16211,2022-08,0,0,0,0.0
16211,2022-09,0,0,0,0.0
16211,2022-10,0,0,0,0.0
16211,2022-11,0,0,0,0.0
16211,2022-12,0,0,0,0.0
16212,2022-01,0,0,0,0.0
16212,2022-02,0,0,0,0.0
16212,2022-03,0,0,0,5.0
16212,2022-04,0,0,0,0.0
16212,2022-05,0,0,0,0.0
16212,2022-06,0,0,0,0.0
16212,2022-07,0,0,0,0.0
16212,2022-08,0,0,0,0.0
16212,2022-09,0,0,0,0.0
16212,2022-10,0,0,0,0.0
16212,2022-11,0,0,0,0.0
16212,2022-12,0,0,0,0.0
16213,2022-01,0,0,0,0.0
16213,2022-02,0,0,0,0.0
16213,2022-03,0,0,0,0.0
16213,2022-04,0,0,0,0.0
16213,2022-05,0,0,0,0.0
16213,2022-06,0,0,0,0.0
16213,2022-07,0,0,0,0.0
16213,2022-08,0,0,0,0.0
16213,2022-09,0,0,0,0.0
16213,2022-10,0,0,0,0.0
16213,2022-11,0,0,0,0.0
16213,2022-12,0,0,0,0.0
16214,2022-01,Clarion,0,0,0.0
16214,2022-02,Clarion,0,0,0.0
16214,2022-03,Clarion,0,0,0.0
16214,2022-04,Clarion,0,0,0.0
16214,2022-05,Clarion,0,1,0.0
16214,2022-06,Clarion,0,0,0.0
16214,2022-07,Clarion,0,0,0.0
16214,2022-08,Clarion,0,0,0.0
16214,2022-09,Clarion,0,0,0.0
16214,2022-10,Clarion,0,1,0.0
16214,2022-11,Clarion,0,0,0.0
16214,2022-12,Clarion,0,0,0.0
16217,2022-01,0,0,0,0.0
16217,2022-02,0,0,0,0.0
16217,2022-03,0,0,0,0.0
16217,2022-04,0,0,0,0.0
16217,2022-05,0,0,0,0.0
16217,2022-06,0,0,0,0.0
16217,2022-07,0,0,0,0.0
16217,2022-08,0,0,0,0.0
16217,2022-09,0,0,0,0.0
16217,2022-10,0,0,0,0.0
16217,2022-11,0,0,0,0.0
16217,2022-12,0,0,0,0.0
16218,2022-01,0,0,0,0.0
16218,2022-02,0,0,0,0.0
16218,2022-03,0,0,0,5.0
16218,2022-04,0,0,0,0.0
16218,2022-05,0,0,0,0.0
16218,2022-06,0,0,0,0.0
16218,2022-07,0,0,0,0.0
16218,2022-08,0,0,0,0.0
16218,2022-09,0,0,0,0.0
16218,2022-10,0,0,0,0.0
16218,2022-11,0,0,0,0.0
16218,2022-12,0,0,0,0.0
16220,2022-01,0,0,0,0.0
16220,2022-02,0,0,0,0.0
16220,2022-03,0,0,0,0.0
16220,2022-04,0,0,0,0.0
16220,2022-05,0,0,0,0.0
16220,2022-06,0,0,0,0.0
16220,2022-07,0,0,0,0.0
16220,2022-08,0,0,0,0.0
16220,2022-09,0,0,0,0.0
16220,2022-10,0,0,0,0.0
16220,2022-11,0,0,0,0.0
16220,2022-12,0,0,0,0.0
16222,2022-01,0,0,0,0.0
16222,2022-02,0,0,0,1.0
16222,2022-03,0,0,0,5.0
16222,2022-04,0,0,0,0.0
16222,2022-05,0,0,0,0.0
16222,2022-06,0,0,0,0.0
16222,2022-07,0,0,0,0.0
16222,2022-08,0,0,0,0.0
16222,2022-09,0,0,0,0.0
16222,2022-10,0,0,0,0.0
16222,2022-11,0,0,0,0.0
16222,2022-12,0,0,0,0.0
16223,2022-01,0,0,0,0.0
16223,2022-02,0,0,0,0.0
16223,2022-03,0,0,0,0.0
16223,2022-04,0,0,0,0.0
16223,2022-05,0,0,0,0.0
16223,2022-06,0,0,0,0.0
16223,2022-07,0,0,0,0.0
16223,2022-08,0,0,0,0.0
16223,2022-09,0,0,0,0.0
16223,2022-10,0,0,0,0.0
16223,2022-11,0,0,0,0.0
16223,2022-12,0,0,0,0.0
16224,2022-01,0,0,0,0.0
16224,2022-02,0,0,0,0.0
16224,2022-03,0,0,0,0.0
16224,2022-04,0,0,0,0.0
16224,2022-05,0,0,0,1.0
16224,2022-06,0,0,0,0.0
16224,2022-07,0,0,0,0.0
16224,2022-08,0,0,0,0.0
16224,2022-09,0,0,0,0.0
16224,2022-10,0,0,0,1.0
16224,2022-11,0,0,0,0.0
16224,2022-12,0,0,0,0.0
16226,2022-01,0,0,0,0.0
16226,2022-02,0,0,0,0.0
16226,2022-03,0,0,0,6.0
16226,2022-04,0,0,0,0.0
16226,2022-05,0,0,0,0.0
16226,2022-06,0,0,0,0.0
16226,2022-07,0,0,0,0.0
16226,2022-08,0,0,0,0.0
16226,2022-09,0,0,0,0.0
16226,2022-10,0,0,0,0.0
16226,2022-11,0,0,0,0.0
16226,2022-12,0,0,0,0.0
16228,2022-01,0,0,0,0.0
16228,2022-02,0,0,0,0.0
16228,2022-03,0,0,0,0.0
16228,2022-04,0,0,0,0.0
16228,2022-05,0,0,0,0.0
16228,2022-06,0,0,0,0.0
16228,2022-07,0,0,0,0.0
16228,2022-08,0,0,0,0.0
16228,2022-09,0,0,0,0.0
16228,2022-10,0,0,0,0.0
16228,2022-11,0,0,0,0.0
16228,2022-12,0,0,0,0.0
16229,2022-01,0,0,0,0.0
16229,2022-02,0,0,0,0.0
16229,2022-03,0,0,0,6.0
16229,2022-04,0,0,0,0.0
16229,2022-05,0,0,0,0.0
16229,2022-06,0,0,0,0.0
16229,2022-07,0,0,0,3.0
16229,2022-08,0,0,0,0.0
16229,2022-09,0,0,0,0.0
16229,2022-10,0,0,0,0.0
16229,2022-11,0,0,0,0.0
16229,2022-12,0,0,0,1.0
16230,2022-01,0,0,0,0.0
16230,2022-02,0,0,0,0.0
16230,2022-03,0,0,0,0.0
16230,2022-04,0,0,0,0.0
16230,2022-05,0,0,0,0.0
16230,2022-06,0,0,0,0.0
16230,2022-07,0,0,0,0.0
16230,2022-08,0,0,0,0.0
16230,2022-09,0,0,0,0.0
16230,2022-10,0,0,0,0.0
16230,2022-11,0,0,0,0.0
16230,2022-12,0,0,0,0.0
16232,2022-01,0,0,0,0.0
16232,2022-02,0,0,0,0.0
16232,2022-03,0,0,0,0.0
16232,2022-04,0,0,0,0.0
16232,2022-05,0,0,0,1.0
16232,2022-06,0,0,0,0.0
16232,2022-07,0,0,0,0.0
16232,2022-08,0,0,0,0.0
16232,2022-09,0,0,0,0.0
16232,2022-10,0,0,0,1.0
16232,2022-11,0,0,0,0.0
16232,2022-12,0,0,0,0.0
16233,2022-01,0,0,0,0.0
16233,2022-02,0,0,0,0.0
16233,2022-03,0,0,0,0.0
16233,2022-04,0,0,0,0.0
16233,2022-05,0,0,0,0.0
16233,2022-06,0,0,0,0.0
16233,2022-07,0,0,0,0.0
16233,2022-08,0,0,0,0.0
16233,2022-09,0,0,0,0.0
16233,2022-10,0,0,0,0.0
16233,2022-11,0,0,0,0.0
16233,2022-12,0,0,0,0.0
16235,2022-01,0,0,0,0.0
16235,2022-02,0,0,0,0.0
16235,2022-03,0,0,0,0.0
16235,2022-04,0,0,0,0.0
16235,2022-05,0,0,0,1.0
16235,2022-06,0,0,0,0.0
16235,2022-07,0,0,0,0.0
16235,2022-08,0,0,0,0.0
16235,2022-09,0,0,0,0.0
16235,2022-10,0,0,0,1.0
16235,2022-11,0,0,0,0.0
16235,2022-12,0,0,0,0.0
16236,2022-01,0,0,0,0.0
16236,2022-02,0,0,0,0.0
16236,2022-03,0,0,0,5.0
16236,2022-04,0,0,0,0.0
16236,2022-05,0,0,0,0.0
16236,2022-06,0,0,0,0.0
16236,2022-07,0,0,0,0.0
16236,2022-08,0,0,0,0.0
16236,2022-09,0,0,0,0.0
16236,2022-10,0,0,0,0.0
16236,2022-11,0,0,0,0.0
16236,2022-12,0,0,0,0.0
16238,2022-01,0,0,0,0.0
16238,2022-02,0,0,0,0.0
16238,2022-03,0,0,0,5.0
16238,2022-04,0,0,0,0.0
16238,2022-05,0,0,0,0.0
16238,2022-06,0,0,0,0.0
16238,2022-07,0,0,0,0.0
16238,2022-08,0,0,0,0.0
16238,2022-09,0,0,0,0.0
16238,2022-10,0,0,0,0.0
16238,2022-11,0,0,0,0.0
16238,2022-12,0,0,0,0.0
16239,2022-01,0,0,0,0.0
16239,2022-02,0,0,0,0.0
16239,2022-03,0,0,0,0.0
16239,2022-04,0,0,0,0.0
16239,2022-05,0,0,0,0.0
16239,2022-06,0,0,0,0.0
16239,2022-07,0,0,0,0.0
16239,2022-08,0,0,0,0.0
16239,2022-09,0,0,0,0.0
16239,2022-10,0,0,0,0.0
16239,2022-11,0,0,0,0.0
16239,2022-12,0,0,0,0.0
16240,2022-01,0,0,0,0.0
16240,2022-02,0,0,0,1.0
16240,2022-03,0,0,0,0.0
16240,2022-04,0,0,0,0.0
16240,2022-05,0,0,0,0.0
16240,2022-06,0,0,0,0.0
16240,2022-07,0,0,0,0.0
16240,2022-08,0,0,0,0.0
16240,2022-09,0,0,0,0.0
16240,2022-10,0,0,0,0.0
16240,2022-11,0,0,0,0.0
16240,2022-12,0,0,0,0.0
16242,2022-01,0,0,0,0.0
16242,2022-02,0,0,0,0.0
16242,2022-03,0,0,0,5.0
16242,2022-04,0,0,0,0.0
16242,2022-05,0,0,0,1.0
16242,2022-06,0,0,0,0.0
16242,2022-07,0,0,0,0.0
16242,2022-08,0,0,0,0.0
16242,2022-09,0,0,0,0.0
16242,2022-10,0,0,0,1.0
16242,2022-11,0,0,0,0.0
16242,2022-12,0,0,0,0.0
16244,2022-01,0,0,0,0.0
16244,2022-02,0,0,0,0.0
16244,2022-03,0,0,0,0.0
16244,2022-04,0,0,0,0.0
16244,2022-05,0,0,0,0.0
16244,2022-06,0,0,0,0.0
16244,2022-07,0,0,0,0.0
16244,2022-08,0,0,0,0.0
16244,2022-09,0,0,0,0.0
16244,2022-10,0,0,0,0.0
16244,2022-11,0,0,0,0.0
16244,2022-12,0,0,0,0.0
16245,2022-01,0,0,0,0.0
16245,2022-02,0,0,0,0.0
16245,2022-03,0,0,0,0.0
16245,2022-04,0,0,0,0.0
16245,2022-05,0,0,0,0.0
16245,2022-06,0,0,0,0.0
16245,2022-07,0,0,0,0.0
16245,2022-08,0,0,0,0.0
16245,2022-09,0,0,0,0.0
16245,2022-10,0,0,0,0.0
16245,2022-11,0,0,0,0.0
16245,2022-12,0,0,0,0.0
16246,2022-01,0,0,0,0.0
16246,2022-02,0,0,0,0.0
16246,2022-03,0,0,0,0.0
16246,2022-04,0,0,0,0.0
16246,2022-05,0,0,0,0.0
16246,2022-06,0,0,0,0.0
16246,2022-07,0,0,0,0.0
16246,2022-08,0,0,0,0.0
16246,2022-09,0,0,0,0.0
16246,2022-10,0,0,0,0.0
16246,2022-11,0,0,0,0.0
16246,2022-12,0,0,0,0.0
16248,2022-01,0,0,0,0.0
16248,2022-02,0,0,0,0.0
16248,2022-03,0,0,0,0.0
16248,2022-04,0,0,0,0.0
16248,2022-05,0,0,0,0.0
16248,2022-06,0,0,0,0.0
16248,2022-07,0,0,0,0.0
16248,2022-08,0,0,0,0.0
16248,2022-09,0,0,0,0.0
16248,2022-10,0,0,0,0.0
16248,2022-11,0,0,0,0.0
16248,2022-12,0,0,0,0.0
16249,2022-01,0,0,0,0.0
16249,2022-02,0,0,0,0.0
16249,2022-03,0,0,0,5.0
16249,2022-04,0,0,0,0.0
16249,2022-05,0,0,0,0.0
16249,2022-06,0,0,0,0.0
16249,2022-07,0,0,0,0.0
16249,2022-08,0,0,0,0.0
16249,2022-09,0,0,0,0.0
16249,2022-10,0,0,0,0.0
16249,2022-11,0,0,0,0.0
16249,2022-12,0,0,0,0.0
16250,2022-01,0,0,0,0.0
16250,2022-02,0,0,0,0.0
16250,2022-03,0,0,0,0.0
16250,2022-04,0,0,0,0.0
16250,2022-05,0,0,0,0.0
16250,2022-06,0,0,0,0.0
16250,2022-07,0,0,0,0.0
16250,2022-08,0,0,0,0.0
16250,2022-09,0,0,0,0.0
16250,2022-10,0,0,0,0.0
16250,2022-11,0,0,0,0.0
16250,2022-12,0,0,0,0.0
16253,2022-01,0,0,0,0.0
16253,2022-02,0,0,0,0.0
16253,2022-03,0,0,0,0.0
16253,2022-04,0,0,0,0.0
16253,2022-05,0,0,0,0.0
16253,2022-06,0,0,0,0.0
16253,2022-07,0,0,0,0.0
16253,2022-08,0,0,0,0.0
16253,2022-09,0,0,0,0.0
16253,2022-10,0,0,0,0.0
16253,2022-11,0,0,0,0.0
16253,2022-12,0,0,0,0.0
16254,2022-01,0,0,0,0.0
16254,2022-02,0,0,0,0.0
16254,2022-03,0,0,0,0.0
16254,2022-04,0,0,0,0.0
16254,2022-05,0,0,0,1.0
16254,2022-06,0,0,0,0.0
16254,2022-07,0,0,0,0.0
16254,2022-08,0,0,0,0.0
16254,2022-09,0,0,0,0.0
16254,2022-10,0,0,0,1.0
16254,2022-11,0,0,0,0.0
16254,2022-12,0,0,0,0.0
16255,2022-01,0,0,0,0.0
16255,2022-02,0,0,0,0.0
16255,2022-03,0,0,0,0.0
16255,2022-04,0,0,0,0.0
16255,2022-05,0,0,0,1.0
16255,2022-06,0,0,0,0.0
16255,2022-07,0,0,0,0.0
16255,2022-08,0,0,0,0.0
16255,2022-09,0,0,0,0.0
16255,2022-10,0,0,0,1.0
16255,2022-11,0,0,0,0.0
16255,2022-12,0,0,0,0.0
16256,2022-01,0,0,0,0.0
16256,2022-02,0,0,0,1.0
16256,2022-03,0,0,0,0.0
16256,2022-04,0,0,0,0.0
16256,2022-05,0,0,0,0.0
16256,2022-06,0,0,0,0.0
16256,2022-07,0,0,0,0.0
16256,2022-08,0,0,0,0.0
16256,2022-09,0,0,0,0.0
16256,2022-10,0,0,0,0.0
16256,2022-11,0,0,0,0.0
16256,2022-12,0,0,0,0.0
16258,2022-01,0,0,0,0.0
16258,2022-02,0,0,0,0.0
16258,2022-03,0,0,0,0.0
16258,2022-04,0,0,0,0.0
16258,2022-05,0,0,0,1.0
16258,2022-06,0,0,0,0.0
16258,2022-07,0,0,0,0.0
16258,2022-08,0,0,0,0.0
16258,2022-09,0,0,0,0.0
16258,2022-10,0,0,0,1.0
16258,2022-11,0,0,0,0.0
16258,2022-12,0,0,0,0.0
16259,2022-01,0,0,0,0.0
16259,2022-02,0,0,0,0.0
16259,2022-03,0,0,0,5.0
16259,2022-04,0,0,0,0.0
16259,2022-05,0,0,0,0.0
16259,2022-06,0,0,0,0.0
16259,2022-07,0,0,0,0.0
16259,2022-08,0,0,0,0.0
16259,2022-09,0,0,0,0.0
16259,2022-10,0,0,0,0.0
16259,2022-11,0,0,0,0.0
16259,2022-12,0,0,0,0.0
16260,2022-01,0,0,0,0.0
16260,2022-02,0,0,0,0.0
16260,2022-03,0,0,0,0.0
16260,2022-04,0,0,0,0.0
16260,2022-05,0,0,0,0.0
16260,2022-06,0,0,0,0.0
16260,2022-07,0,0,0,0.0
16260,2022-08,0,0,0,0.0
16260,2022-09,0,0,0,0.0
16260,2022-10,0,0,0,0.0
16260,2022-11,0,0,0,0.0
16260,2022-12,0,0,0,0.0
16262,2022-01,0,0,0,0.0
16262,2022-02,0,0,0,0.0
16262,2022-03,0,0,0,5.0
16262,2022-04,0,0,0,0.0
16262,2022-05,0,0,0,0.0
16262,2022-06,0,0,0,0.0
16262,2022-07,0,0,0,0.0
16262,2022-08,0,0,0,0.0
16262,2022-09,0,0,0,0.0
16262,2022-10,0,0,0,0.0
16262,2022-11,0,0,0,0.0
16262,2022-12,0,0,0,0.0
16263,2022-01,0,0,0,0.0
16263,2022-02,0,0,0,0.0
16263,2022-03,0,0,0,5.0
16263,2022-04,0,0,0,0.0
16263,2022-05,0,0,0,0.0
16263,2022-06,0,0,0,0.0
16263,2022-07,0,0,0,0.0
16263,2022-08,0,0,0,0.0
16263,2022-09,0,0,0,0.0
16263,2022-10,0,0,0,0.0
16263,2022-11,0,0,0,0.0
16263,2022-12,0,0,0,0.0
16301,2022-01,Venango,0,0,0.0
16301,2022-02,Venango,0,0,0.0
16301,2022-03,Venango,0,0,0.0
16301,2022-04,Venango,0,0,0.0
16301,2022-05,Venango,0,1,0.0
16301,2022-06,Venango,0,0,0.0
16301,2022-07,Venango,0,0,1.0
16301,2022-08,Venango,0,0,2.0
16301,2022-09,Venango,0,0,0.0
16301,2022-10,Venango,0,0,0.0
16301,2022-11,Venango,0,0,0.0
16301,2022-12,Venango,0,0,0.0
16311,2022-01,0,0,0,0.0
16311,2022-02,0,0,0,0.0
16311,2022-03,0,0,0,0.0
16311,2022-04,0,0,0,0.0
16311,2022-05,0,0,0,0.0
16311,2022-06,0,0,0,0.0
16311,2022-07,0,0,0,0.0
16311,2022-08,0,0,0,0.0
16311,2022-09,0,0,0,0.0
16311,2022-10,0,0,0,0.0
16311,2022-11,0,0,0,0.0
16311,2022-12,0,0,0,0.0
16312,2022-01,0,0,0,0.0
16312,2022-02,0,0,0,0.0
16312,2022-03,0,0,0,0.0
16312,2022-04,0,0,0,0.0
16312,2022-05,0,0,0,1.0
16312,2022-06,0,0,0,0.0
16312,2022-07,0,0,0,0.0
16312,2022-08,0,0,0,0.0
16312,2022-09,0,0,0,0.0
16312,2022-10,0,0,0,0.0
16312,2022-11,0,0,0,0.0
16312,2022-12,0,0,0,0.0
16313,2022-01,0,0,0,0.0
16313,2022-02,0,0,0,0.0
16313,2022-03,0,0,0,0.0
16313,2022-04,0,0,0,0.0
16313,2022-05,0,0,0,1.0
16313,2022-06,0,0,0,0.0
16313,2022-07,0,0,0,0.0
16313,2022-08,0,0,0,0.0
16313,2022-09,0,0,0,0.0
16313,2022-10,0,0,0,0.0
16313,2022-11,0,0,0,0.0
16313,2022-12,0,0,0,0.0
16314,2022-01,0,0,0,0.0
16314,2022-02,0,0,0,1.0
16314,2022-03,0,0,0,0.0
16314,2022-04,0,0,0,0.0
16314,2022-05,0,0,0,0.0
16314,2022-06,0,0,0,0.0
16314,2022-07,0,0,0,1.0
16314,2022-08,0,0,0,2.0
16314,2022-09,0,0,0,0.0
16314,2022-10,0,0,0,0.0
16314,2022-11,0,0,0,0.0
16314,2022-12,0,0,0,0.0
16316,2022-01,0,0,0,0.0
16316,2022-02,0,0,0,1.0
16316,2022-03,0,0,0,0.0
16316,2022-04,0,0,0,0.0
16316,2022-05,0,0,0,0.0
16316,2022-06,0,0,0,0.0
16316,2022-07,0,0,0,0.0
16316,2022-08,0,0,0,0.0
16316,2022-09,0,0,0,0.0
16316,2022-10,0,0,0,0.0
16316,2022-11,0,0,0,0.0
16316,2022-12,0,0,0,0.0
16317,2022-01,0,0,0,0.0
16317,2022-02,0,0,0,0.0
16317,2022-03,0,0,0,0.0
16317,2022-04,0,0,0,0.0
16317,2022-05,0,0,0,1.0
16317,2022-06,0,0,0,0.0
16317,2022-07,0,0,0,1.0
16317,2022-08,0,0,0,2.0
16317,2022-09,0,0,0,0.0
16317,2022-10,0,0,0,0.0
16317,2022-11,0,0,0,0.0
16317,2022-12,0,0,0,0.0
16319,2022-01,0,0,0,0.0
16319,2022-02,0,0,0,0.0
16319,2022-03,0,0,0,0.0
16319,2022-04,0,0,0,0.0
16319,2022-05,0,0,0,1.0
16319,2022-06,0,0,0,0.0
16319,2022-07,0,0,0,1.0
16319,2022-08,0,0,0,2.0
16319,2022-09,0,0,0,0.0
16319,2022-10,0,0,0,0.0
16319,2022-11,0,0,0,0.0
16319,2022-12,0,0,0,0.0
16321,2022-01,0,0,0,0.0
16321,2022-02,0,0,0,0.0
16321,2022-03,0,0,0,0.0
16321,2022-04,0,0,0,0.0
16321,2022-05,0,0,0,0.0
16321,2022-06,0,0,0,0.0
16321,2022-07,0,0,0,0.0
16321,2022-08,0,0,0,0.0
16321,2022-09,0,0,0,0.0
16321,2022-10,0,0,0,0.0
16321,2022-11,0,0,0,0.0
16321,2022-12,0,0,0,0.0
16322,2022-01,0,0,0,0.0
16322,2022-02,0,0,0,0.0
16322,2022-03,0,0,0,0.0
16322,2022-04,0,0,0,0.0
16322,2022-05,0,0,0,0.0
16322,2022-06,0,0,0,0.0
16322,2022-07,0,0,0,0.0
16322,2022-08,0,0,0,0.0
16322,2022-09,0,0,0,0.0
16322,2022-10,0,0,0,0.0
16322,2022-11,0,0,0,0.0
16322,2022-12,0,0,0,0.0
16323,2022-01,Venango,0,0,0.0
16323,2022-02,Venango,0,0,0.0
16323,2022-03,Venango,0,0,0.0
16323,2022-04,Venango,0,0,0.0
16323,2022-05,Venango,0,0,1.0
16323,2022-06,Venango,0,0,0.0
16323,2022-07,Venango,0,1,0.0
16323,2022-08,Venango,0,2,0.0
16323,2022-09,Venango,0,0,0.0
16323,2022-10,Venango,0,0,0.0
16323,2022-11,Venango,0,0,0.0
16323,2022-12,Venango,0,0,0.0
16326,2022-01,0,0,0,0.0
16326,2022-02,0,0,0,0.0
16326,2022-03,0,0,0,0.0
16326,2022-04,0,0,0,0.0
16326,2022-05,0,0,0,0.0
16326,2022-06,0,0,0,0.0
16326,2022-07,0,0,0,0.0
16326,2022-08,0,0,0,0.0
16326,2022-09,0,0,0,0.0
16326,2022-10,0,0,0,0.0
16326,2022-11,0,0,0,0.0
16326,2022-12,0,0,0,0.0
16327,2022-01,0,0,0,0.0
16327,2022-02,0,0,0,1.0
16327,2022-03,0,0,0,0.0
16327,2022-04,0,0,0,0.0
16327,2022-05,0,0,0,0.0
16327,2022-06,0,0,0,0.0
16327,2022-07,0,0,0,0.0
16327,2022-08,0,0,0,0.0
16327,2022-09,0,0,0,0.0
16327,2022-10,0,0,0,0.0
16327,2022-11,0,0,0,0.0
16327,2022-12,0,0,0,0.0
16328,2022-01,0,0,0,0.0
16328,2022-02,0,0,0,0.0
16328,2022-03,0,0,0,0.0
16328,2022-04,0,0,0,0.0
16328,2022-05,0,0,0,0.0
16328,2022-06,0,0,0,0.0
16328,2022-07,0,0,0,0.0
16328,2022-08,0,0,0,0.0
16328,2022-09,0,0,0,0.0
16328,2022-10,0,0,0,0.0
16328,2022-11,0,0,0,0.0
16328,2022-12,0,0,0,0.0
16329,2022-01,0,0,0,0.0
16329,2022-02,0,0,0,0.0
16329,2022-03,0,0,0,0.0
16329,2022-04,0,0,0,0.0
16329,2022-05,0,0,0,1.0
16329,2022-06,0,0,0,0.0
16329,2022-07,0,0,0,0.0
16329,2022-08,0,0,0,0.0
16329,2022-09,0,0,0,0.0
16329,2022-10,0,0,0,0.0
16329,2022-11,0,0,0,0.0
16329,2022-12,0,0,0,0.0
16331,2022-01,0,0,0,0.0
16331,2022-02,0,0,0,0.0
16331,2022-03,0,0,0,0.0
16331,2022-04,0,0,0,0.0
16331,2022-05,0,0,0,0.0
16331,2022-06,0,0,0,0.0
16331,2022-07,0,0,0,0.0
16331,2022-08,0,0,0,0.0
16331,2022-09,0,0,0,0.0
16331,2022-10,0,0,0,0.0
16331,2022-11,0,0,0,0.0
16331,2022-12,0,0,0,0.0
16332,2022-01,0,0,0,0.0
16332,2022-02,0,0,0,0.0
16332,2022-03,0,0,0,0.0
16332,2022-04,0,0,0,0.0
16332,2022-05,0,0,0,0.0
16332,2022-06,0,0,0,0.0
16332,2022-07,0,0,0,0.0
16332,2022-08,0,0,0,0.0
16332,2022-09,0,0,0,0.0
16332,2022-10,0,0,0,0.0
16332,2022-11,0,0,0,0.0
16332,2022-12,0,0,0,0.0
16333,2022-01,0,0,0,0.0
16333,2022-02,0,0,0,0.0
16333,2022-03,0,0,0,0.0
16333,2022-04,0,0,0,0.0
16333,2022-05,0,0,0,0.0
16333,2022-06,0,0,0,0.0
16333,2022-07,0,0,0,0.0
16333,2022-08,0,0,0,0.0
16333,2022-09,0,0,0,0.0
16333,2022-10,0,0,0,0.0
16333,2022-11,0,0,0,0.0
16333,2022-12,0,0,0,0.0
16334,2022-01,0,0,0,0.0
16334,2022-02,0,0,0,0.0
16334,2022-03,0,0,0,0.0
16334,2022-04,0,0,0,0.0
16334,2022-05,0,0,0,0.0
16334,2022-06,0,0,0,0.0
16334,2022-07,0,0,0,0.0
16334,2022-08,0,0,0,0.0
16334,2022-09,0,0,0,0.0
16334,2022-10,0,0,0,0.0
16334,2022-11,0,0,0,0.0
16334,2022-12,0,0,0,0.0
16335,2022-01,Crawford,0,0,0.0
16335,2022-02,Crawford,0,1,0.0
16335,2022-03,Crawford,0,0,0.0
16335,2022-04,Crawford,0,0,0.0
16335,2022-05,Crawford,0,0,0.0
16335,2022-06,Crawford,0,0,0.0
16335,2022-07,Crawford,0,0,0.0
16335,2022-08,Crawford,0,0,0.0
16335,2022-09,Crawford,0,0,0.0
16335,2022-10,Crawford,0,0,0.0
16335,2022-11,Crawford,0,0,0.0
16335,2022-12,Crawford,0,0,0.0
16340,2022-01,0,0,0,0.0
16340,2022-02,0,0,0,0.0
16340,2022-03,0,0,0,0.0
16340,2022-04,0,0,0,0.0
16340,2022-05,0,0,0,0.0
16340,2022-06,0,0,0,0.0
16340,2022-07,0,0,0,0.0
16340,2022-08,0,0,0,0.0
16340,2022-09,0,0,0,0.0
16340,2022-10,0,0,0,0.0
16340,2022-11,0,0,0,0.0
16340,2022-12,0,0,0,0.0
16341,2022-01,0,0,0,0.0
16341,2022-02,0,0,0,0.0
16341,2022-03,0,0,0,0.0
16341,2022-04,0,0,0,0.0
16341,2022-05,0,0,0,1.0
16341,2022-06,0,0,0,0.0
16341,2022-07,0,0,0,0.0
16341,2022-08,0,0,0,0.0
16341,2022-09,0,0,0,0.0
16341,2022-10,0,0,0,0.0
16341,2022-11,0,0,0,0.0
16341,2022-12,0,0,0,0.0
16342,2022-01,0,0,0,0.0
16342,2022-02,0,0,0,0.0
16342,2022-03,0,0,0,0.0
16342,2022-04,0,0,0,0.0
16342,2022-05,0,0,0,0.0
16342,2022-06,0,0,0,0.0
16342,2022-07,0,0,0,1.0
16342,2022-08,0,0,0,2.0
16342,2022-09,0,0,0,0.0
16342,2022-10,0,0,0,0.0
16342,2022-11,0,0,0,0.0
16342,2022-12,0,0,0,0.0
16343,2022-01,0,0,0,0.0
16343,2022-02,0,0,0,0.0
16343,2022-03,0,0,0,0.0
16343,2022-04,0,0,0,0.0
16343,2022-05,0,0,0,1.0
16343,2022-06,0,0,0,0.0
16343,2022-07,0,0,0,1.0
16343,2022-08,0,0,0,2.0
16343,2022-09,0,0,0,0.0
16343,2022-10,0,0,0,0.0
16343,2022-11,0,0,0,0.0
16343,2022-12,0,0,0,0.0
16344,2022-01,0,0,0,0.0
16344,2022-02,0,0,0,0.0
16344,2022-03,0,0,0,0.0
16344,2022-04,0,0,0,0.0
16344,2022-05,0,0,0,1.0
16344,2022-06,0,0,0,0.0
16344,2022-07,0,0,0,0.0
16344,2022-08,0,0,0,0.0
16344,2022-09,0,0,0,0.0
16344,2022-10,0,0,0,0.0
16344,2022-11,0,0,0,0.0
16344,2022-12,0,0,0,0.0
16345,2022-01,0,0,0,0.0
16345,2022-02,0,0,0,0.0
16345,2022-03,0,0,0,0.0
16345,2022-04,0,0,0,0.0
16345,2022-05,0,0,0,1.0
16345,2022-06,0,0,0,0.0
16345,2022-07,0,0,0,0.0
16345,2022-08,0,0,0,0.0
16345,2022-09,0,0,0,0.0
16345,2022-10,0,0,0,0.0
16345,2022-11,0,0,0,0.0
16345,2022-12,0,0,0,0.0
16346,2022-01,0,0,0,0.0
16346,2022-02,0,0,0,0.0
16346,2022-03,0,0,0,0.0
16346,2022-04,0,0,0,0.0
16346,2022-05,0,0,0,1.0
16346,2022-06,0,0,0,0.0
16346,2022-07,0,0,0,1.0
16346,2022-08,0,0,0,2.0
16346,2022-09,0,0,0,0.0
16346,2022-10,0,0,0,0.0
16346,2022-11,0,0,0,0.0
16346,2022-12,0,0,0,0.0
16347,2022-01,0,0,0,0.0
16347,2022-02,0,0,0,0.0
16347,2022-03,0,0,0,0.0
16347,2022-04,0,0,0,0.0
16347,2022-05,0,0,0,0.0
16347,2022-06,0,0,0,0.0
16347,2022-07,0,0,0,0.0
16347,2022-08,0,0,0,0.0
16347,2022-09,0,0,0,0.0
16347,2022-10,0,0,0,0.0
16347,2022-11,0,0,0,0.0
16347,2022-12,0,0,0,0.0
16350,2022-01,0,0,0,0.0
16350,2022-02,0,0,0,0.0
16350,2022-03,0,0,0,0.0
16350,2022-04,0,0,0,0.0
16350,2022-05,0,0,0,1.0
16350,2022-06,0,0,0,0.0
16350,2022-07,0,0,0,0.0
16350,2022-08,0,0,0,0.0
16350,2022-09,0,0,0,0.0
16350,2022-10,0,0,0,0.0
16350,2022-11,0,0,0,0.0
16350,2022-12,0,0,0,0.0
16351,2022-01,0,0,0,0.0
16351,2022-02,0,0,0,0.0
16351,2022-03,0,0,0,0.0
16351,2022-04,0,0,0,0.0
16351,2022-05,0,0,0,1.0
16351,2022-06,0,0,0,0.0
16351,2022-07,0,0,0,0.0
16351,2022-08,0,0,0,0.0
16351,2022-09,0,0,0,0.0
16351,2022-10,0,0,0,0.0
16351,2022-11,0,0,0,0.0
16351,2022-12,0,0,0,0.0
16352,2022-01,0,0,0,0.0
16352,2022-02,0,0,0,0.0
16352,2022-03,0,0,0,0.0
16352,2022-04,0,0,0,0.0
16352,2022-05,0,0,0,0.0
16352,2022-06,0,0,0,0.0
16352,2022-07,0,0,0,0.0
16352,2022-08,0,0,0,0.0
16352,2022-09,0,0,0,0.0
16352,2022-10,0,0,0,0.0
16352,2022-11,0,0,0,0.0
16352,2022-12,0,0,0,0.0
16353,2022-01,0,0,0,0.0
16353,2022-02,0,0,0,0.0
16353,2022-03,0,0,0,0.0
16353,2022-04,0,0,0,0.0
16353,2022-05,0,0,0,1.0
16353,2022-06,0,0,0,0.0
16353,2022-07,0,0,0,0.0
16353,2022-08,0,0,0,0.0
16353,2022-09,0,0,0,0.0
16353,2022-10,0,0,0,0.0
16353,2022-11,0,0,0,0.0
16353,2022-12,0,0,0,0.0
16354,2022-01,0,0,0,0.0
16354,2022-02,0,0,0,0.0
16354,2022-03,0,0,0,0.0
16354,2022-04,0,0,0,0.0
16354,2022-05,0,0,0,1.0
16354,2022-06,0,0,0,0.0
16354,2022-07,0,0,0,0.0
16354,2022-08,0,0,0,0.0
16354,2022-09,0,0,0,0.0
16354,2022-10,0,0,0,0.0
16354,2022-11,0,0,0,0.0
16354,2022-12,0,0,0,0.0
16360,2022-01,0,0,0,0.0
16360,2022-02,0,0,0,0.0
16360,2022-03,0,0,0,0.0
16360,2022-04,0,0,0,0.0
16360,2022-05,0,0,0,0.0
16360,2022-06,0,0,0,0.0
16360,2022-07,0,0,0,0.0
16360,2022-08,0,0,0,0.0
16360,2022-09,0,0,0,0.0
16360,2022-10,0,0,0,0.0
16360,2022-11,0,0,0,0.0
16360,2022-12,0,0,0,0.0
16361,2022-01,0,0,0,0.0
16361,2022-02,0,0,0,0.0
16361,2022-03,0,0,0,0.0
16361,2022-04,0,0,0,0.0
16361,2022-05,0,0,0,0.0
16361,2022-06,0,0,0,0.0
16361,2022-07,0,0,0,0.0
16361,2022-08,0,0,0,0.0
16361,2022-09,0,0,0,0.0
16361,2022-10,0,0,0,0.0
16361,2022-11,0,0,0,0.0
16361,2022-12,0,0,0,0.0
16362,2022-01,0,0,0,0.0
16362,2022-02,0,0,0,0.0
16362,2022-03,0,0,0,0.0
16362,2022-04,0,0,0,0.0
16362,2022-05,0,0,0,0.0
16362,2022-06,0,0,0,0.0
16362,2022-07,0,0,0,1.0
16362,2022-08,0,0,0,2.0
16362,2022-09,0,0,0,0.0
16362,2022-10,0,0,0,0.0
16362,2022-11,0,0,0,0.0
16362,2022-12,0,0,0,0.0
16364,2022-01,0,0,0,0.0
16364,2022-02,0,0,0,0.0
16364,2022-03,0,0,0,0.0
16364,2022-04,0,0,0,0.0
16364,2022-05,0,0,0,1.0
16364,2022-06,0,0,0,0.0
16364,2022-07,0,0,0,0.0
16364,2022-08,0,0,0,0.0
16364,2022-09,0,0,0,0.0
16364,2022-10,0,0,0,0.0
16364,2022-11,0,0,0,0.0
16364,2022-12,0,0,0,0.0
16365,2022-01,Warren,0,0,0.0
16365,2022-02,Warren,0,0,0.0
16365,2022-03,Warren,0,0,0.0
16365,2022-04,Warren,0,0,0.0
16365,2022-05,Warren,0,1,0.0
16365,2022-06,Warren,0,0,0.0
16365,2022-07,Warren,0,0,0.0
16365,2022-08,Warren,0,0,0.0
16365,2022-09,Warren,0,0,0.0
16365,2022-10,Warren,0,0,0.0
16365,2022-11,Warren,0,0,0.0
16365,2022-12,Warren,0,0,0.0
16370,2022-01,0,0,0,0.0
16370,2022-02,0,0,0,0.0
16370,2022-03,0,0,0,0.0
16370,2022-04,0,0,0,0.0
16370,2022-05,0,0,0,0.0
16370,2022-06,0,0,0,0.0
16370,2022-07,0,0,0,0.0
16370,2022-08,0,0,0,0.0
16370,2022-09,0,0,0,0.0
16370,2022-10,0,0,0,0.0
16370,2022-11,0,0,0,0.0
16370,2022-12,0,0,0,0.0
16371,2022-01,0,0,0,0.0
16371,2022-02,0,0,0,0.0
16371,2022-03,0,0,0,0.0
16371,2022-04,0,0,0,0.0
16371,2022-05,0,0,0,1.0
16371,2022-06,0,0,0,0.0
16371,2022-07,0,0,0,0.0
16371,2022-08,0,0,0,0.0
16371,2022-09,0,0,0,0.0
16371,2022-10,0,0,0,0.0
16371,2022-11,0,0,0,0.0
16371,2022-12,0,0,0,0.0
16372,2022-01,0,0,0,0.0
16372,2022-02,0,0,0,0.0
16372,2022-03,0,0,0,0.0
16372,2022-04,0,0,0,0.0
16372,2022-05,0,0,0,0.0
16372,2022-06,0,0,0,0.0
16372,2022-07,0,0,0,0.0
16372,2022-08,0,0,0,0.0
16372,2022-09,0,0,0,0.0
16372,2022-10,0,0,0,0.0
16372,2022-11,0,0,0,0.0
16372,2022-12,0,0,0,0.0
16373,2022-01,0,0,0,0.0
16373,2022-02,0,0,0,0.0
16373,2022-03,0,0,0,0.0
16373,2022-04,0,0,0,0.0
16373,2022-05,0,0,0,0.0
16373,2022-06,0,0,0,0.0
16373,2022-07,0,0,0,0.0
16373,2022-08,0,0,0,0.0
16373,2022-09,0,0,0,0.0
16373,2022-10,0,0,0,0.0
16373,2022-11,0,0,0,0.0
16373,2022-12,0,0,0,0.0
16374,2022-01,0,0,0,0.0
16374,2022-02,0,0,0,0.0
16374,2022-03,0,0,0,0.0
16374,2022-04,0,0,0,0.0
16374,2022-05,0,0,0,0.0
16374,2022-06,0,0,0,0.0
16374,2022-07,0,0,0,1.0
16374,2022-08,0,0,0,2.0
16374,2022-09,0,0,0,0.0
16374,2022-10,0,0,0,0.0
16374,2022-11,0,0,0,0.0
16374,2022-12,0,0,0,0.0
16401,2022-01,0,0,0,0.0
16401,2022-02,0,0,0,0.0
16401,2022-03,0,0,0,0.0
16401,2022-04,0,0,0,0.0
16401,2022-05,0,0,0,0.0
16401,2022-06,0,0,0,0.0
16401,2022-07,0,0,0,0.0
16401,2022-08,0,0,0,0.0
16401,2022-09,0,0,0,0.0
16401,2022-10,0,0,0,0.0
16401,2022-11,0,0,0,0.0
16401,2022-12,0,0,0,0.0
16402,2022-01,0,0,0,0.0
16402,2022-02,0,0,0,0.0
16402,2022-03,0,0,0,0.0
16402,2022-04,0,0,0,0.0
16402,2022-05,0,0,0,0.0
16402,2022-06,0,0,0,0.0
16402,2022-07,0,0,0,0.0
16402,2022-08,0,0,0,0.0
16402,2022-09,0,0,0,0.0
16402,2022-10,0,0,0,0.0
16402,2022-11,0,0,0,0.0
16402,2022-12,0,0,0,0.0
16403,2022-01,0,0,0,0.0
16403,2022-02,0,0,0,0.0
16403,2022-03,0,0,0,0.0
16403,2022-04,0,0,0,0.0
16403,2022-05,0,0,0,0.0
16403,2022-06,0,0,0,0.0
16403,2022-07,0,0,0,0.0
16403,2022-08,0,0,0,0.0
16403,2022-09,0,0,0,0.0
16403,2022-10,0,0,0,0.0
16403,2022-11,0,0,0,0.0
16403,2022-12,0,0,0,0.0
16404,2022-01,0,0,0,0.0
16404,2022-02,0,0,0,0.0
16404,2022-03,0,0,0,0.0
16404,2022-04,0,0,0,0.0
16404,2022-05,0,0,0,0.0
16404,2022-06,0,0,0,0.0
16404,2022-07,0,0,0,0.0
16404,2022-08,0,0,0,0.0
16404,2022-09,0,0,0,0.0
16404,2022-10,0,0,0,0.0
16404,2022-11,0,0,0,0.0
16404,2022-12,0,0,0,0.0
16405,2022-01,0,0,0,0.0
16405,2022-02,0,0,0,0.0
16405,2022-03,0,0,0,0.0
16405,2022-04,0,0,0,0.0
16405,2022-05,0,0,0,0.0
16405,2022-06,0,0,0,0.0
16405,2022-07,0,0,0,0.0
16405,2022-08,0,0,0,0.0
16405,2022-09,0,0,0,0.0
16405,2022-10,0,0,0,0.0
16405,2022-11,0,0,0,0.0
16405,2022-12,0,0,0,0.0
16406,2022-01,0,0,0,0.0
16406,2022-02,0,0,0,1.0
16406,2022-03,0,0,0,0.0
16406,2022-04,0,0,0,0.0
16406,2022-05,0,0,0,0.0
16406,2022-06,0,0,0,0.0
16406,2022-07,0,0,0,0.0
16406,2022-08,0,0,0,0.0
16406,2022-09,0,0,0,0.0
16406,2022-10,0,0,0,0.0
16406,2022-11,0,0,0,0.0
16406,2022-12,0,0,0,0.0
16407,2022-01,0,0,0,0.0
16407,2022-02,0,0,0,0.0
16407,2022-03,0,0,0,0.0
16407,2022-04,0,0,0,0.0
16407,2022-05,0,0,0,0.0
16407,2022-06,0,0,0,0.0
16407,2022-07,0,0,0,0.0
16407,2022-08,0,0,0,0.0
16407,2022-09,0,0,0,0.0
16407,2022-10,0,0,0,0.0
16407,2022-11,0,0,0,0.0
16407,2022-12,0,0,0,0.0
16410,2022-01,0,0,0,0.0
16410,2022-02,0,0,0,0.0
16410,2022-03,0,0,0,0.0
16410,2022-04,0,0,0,0.0
16410,2022-05,0,0,0,0.0
16410,2022-06,0,0,0,0.0
16410,2022-07,0,0,0,0.0
16410,2022-08,0,0,0,0.0
16410,2022-09,0,0,0,0.0
16410,2022-10,0,0,0,0.0
16410,2022-11,0,0,0,0.0
16410,2022-12,0,0,0,0.0
16411,2022-01,0,0,0,0.0
16411,2022-02,0,0,0,0.0
16411,2022-03,0,0,0,0.0
16411,2022-04,0,0,0,0.0
16411,2022-05,0,0,0,0.0
16411,2022-06,0,0,0,0.0
16411,2022-07,0,0,0,0.0
16411,2022-08,0,0,0,0.0
16411,2022-09,0,0,0,0.0
16411,2022-10,0,0,0,0.0
16411,2022-11,0,0,0,0.0
16411,2022-12,0,0,0,0.0
16412,2022-01,0,0,0,0.0
16412,2022-02,0,0,0,0.0
16412,2022-03,0,0,0,0.0
16412,2022-04,0,0,0,0.0
16412,2022-05,0,0,0,0.0
16412,2022-06,0,0,0,0.0
16412,2022-07,0,0,0,0.0
16412,2022-08,0,0,0,0.0
16412,2022-09,0,0,0,0.0
16412,2022-10,0,0,0,0.0
16412,2022-11,0,0,0,0.0
16412,2022-12,0,0,0,0.0
16415,2022-01,Erie,0,0,0.0
16415,2022-02,Erie,0,0,0.0
16415,2022-03,Erie,0,1,0.0
16415,2022-04,Erie,0,0,0.0
16415,2022-05,Erie,0,0,0.0
16415,2022-06,Erie,0,1,0.0
16415,2022-07,Erie,0,0,0.0
16415,2022-08,Erie,0,0,0.0
16415,2022-09,Erie,0,0,0.0
16415,2022-10,Erie,0,0,0.0
16415,2022-11,Erie,0,0,0.0
16415,2022-12,Erie,0,0,0.0
16416,2022-01,0,0,0,0.0
16416,2022-02,0,0,0,0.0
16416,2022-03,0,0,0,0.0
16416,2022-04,0,0,0,0.0
16416,2022-05,0,0,0,0.0
16416,2022-06,0,0,0,0.0
16416,2022-07,0,0,0,0.0
16416,2022-08,0,0,0,0.0
16416,2022-09,0,0,0,0.0
16416,2022-10,0,0,0,0.0
16416,2022-11,0,0,0,0.0
16416,2022-12,0,0,0,0.0
16417,2022-01,0,0,0,0.0
16417,2022-02,0,0,0,0.0
16417,2022-03,0,0,0,1.0
16417,2022-04,0,0,0,0.0
16417,2022-05,0,0,0,0.0
16417,2022-06,0,0,0,1.0
16417,2022-07,0,0,0,0.0
16417,2022-08,0,0,0,0.0
16417,2022-09,0,0,0,0.0
16417,2022-10,0,0,0,0.0
16417,2022-11,0,0,0,0.0
16417,2022-12,0,0,0,0.0
16420,2022-01,0,0,0,0.0
16420,2022-02,0,0,0,0.0
16420,2022-03,0,0,0,0.0
16420,2022-04,0,0,0,0.0
16420,2022-05,0,0,0,0.0
16420,2022-06,0,0,0,0.0
16420,2022-07,0,0,0,0.0
16420,2022-08,0,0,0,0.0
16420,2022-09,0,0,0,0.0
16420,2022-10,0,0,0,0.0
16420,2022-11,0,0,0,0.0
16420,2022-12,0,0,0,0.0
16421,2022-01,0,0,0,0.0
16421,2022-02,0,0,0,0.0
16421,2022-03,0,0,0,1.0
16421,2022-04,0,0,0,0.0
16421,2022-05,0,0,0,0.0
16421,2022-06,0,0,0,0.0
16421,2022-07,0,0,0,0.0
16421,2022-08,0,0,0,0.0
16421,2022-09,0,0,0,0.0
16421,2022-10,0,0,0,0.0
16421,2022-11,0,0,0,0.0
16421,2022-12,0,0,0,0.0
16422,2022-01,0,0,0,0.0
16422,2022-02,0,0,0,1.0
16422,2022-03,0,0,0,0.0
16422,2022-04,0,0,0,0.0
16422,2022-05,0,0,0,0.0
16422,2022-06,0,0,0,0.0
16422,2022-07,0,0,0,0.0
16422,2022-08,0,0,0,0.0
16422,2022-09,0,0,0,0.0
16422,2022-10,0,0,0,0.0
16422,2022-11,0,0,0,0.0
16422,2022-12,0,0,0,0.0
16423,2022-01,0,0,0,0.0
16423,2022-02,0,0,0,0.0
16423,2022-03,0,0,0,1.0
16423,2022-04,0,0,0,0.0
16423,2022-05,0,0,0,0.0
16423,2022-06,0,0,0,1.0
16423,2022-07,0,0,0,0.0
16423,2022-08,0,0,0,0.0
16423,2022-09,0,0,0,0.0
16423,2022-10,0,0,0,0.0
16423,2022-11,0,0,0,0.0
16423,2022-12,0,0,0,0.0
16424,2022-01,0,0,0,0.0
16424,2022-02,0,0,0,0.0
16424,2022-03,0,0,0,0.0
16424,2022-04,0,0,0,0.0
16424,2022-05,0,0,0,1.0
16424,2022-06,0,0,0,1.0
16424,2022-07,0,0,0,0.0
16424,2022-08,0,0,0,0.0
16424,2022-09,0,0,0,0.0
16424,2022-10,0,0,0,0.0
16424,2022-11,0,0,0,0.0
16424,2022-12,0,0,0,0.0
16426,2022-01,0,0,0,0.0
16426,2022-02,0,0,0,0.0
16426,2022-03,0,0,0,1.0
16426,2022-04,0,0,0,0.0
16426,2022-05,0,0,0,0.0
16426,2022-06,0,0,0,1.0
16426,2022-07,0,0,0,0.0
16426,2022-08,0,0,0,0.0
16426,2022-09,0,0,0,1.0
16426,2022-10,0,0,0,0.0
16426,2022-11,0,0,0,0.0
16426,2022-12,0,0,0,0.0
16427,2022-01,0,0,0,0.0
16427,2022-02,0,0,0,0.0
16427,2022-03,0,0,0,0.0
16427,2022-04,0,0,0,0.0
16427,2022-05,0,0,0,0.0
16427,2022-06,0,0,0,0.0
16427,2022-07,0,0,0,0.0
16427,2022-08,0,0,0,0.0
16427,2022-09,0,0,0,0.0
16427,2022-10,0,0,0,0.0
16427,2022-11,0,0,0,0.0
16427,2022-12,0,0,0,0.0
16428,2022-01,0,0,0,0.0
16428,2022-02,0,0,0,0.0
16428,2022-03,0,0,0,1.0
16428,2022-04,0,0,0,0.0
16428,2022-05,0,0,0,0.0
16428,2022-06,0,0,0,0.0
16428,2022-07,0,0,0,0.0
16428,2022-08,0,0,0,0.0
16428,2022-09,0,0,0,0.0
16428,2022-10,0,0,0,0.0
16428,2022-11,0,0,0,0.0
16428,2022-12,0,0,0,0.0
16430,2022-01,0,0,0,0.0
16430,2022-02,0,0,0,0.0
16430,2022-03,0,0,0,0.0
16430,2022-04,0,0,0,0.0
16430,2022-05,0,0,0,0.0
16430,2022-06,0,0,0,0.0
16430,2022-07,0,0,0,0.0
16430,2022-08,0,0,0,0.0
16430,2022-09,0,0,0,0.0
16430,2022-10,0,0,0,0.0
16430,2022-11,0,0,0,0.0
16430,2022-12,0,0,0,0.0
16433,2022-01,0,0,0,0.0
16433,2022-02,0,0,0,1.0
16433,2022-03,0,0,0,0.0
16433,2022-04,0,0,0,0.0
16433,2022-05,0,0,0,0.0
16433,2022-06,0,0,0,0.0
16433,2022-07,0,0,0,0.0
16433,2022-08,0,0,0,0.0
16433,2022-09,0,0,0,0.0
16433,2022-10,0,0,0,0.0
16433,2022-11,0,0,0,0.0
16433,2022-12,0,0,0,0.0
16434,2022-01,0,0,0,0.0
16434,2022-02,0,0,0,0.0
16434,2022-03,0,0,0,0.0
16434,2022-04,0,0,0,0.0
16434,2022-05,0,0,0,0.0
16434,2022-06,0,0,0,0.0
16434,2022-07,0,0,0,0.0
16434,2022-08,0,0,0,0.0
16434,2022-09,0,0,0,0.0
16434,2022-10,0,0,0,0.0
16434,2022-11,0,0,0,0.0
16434,2022-12,0,0,0,0.0
16435,2022-01,0,0,0,0.0
16435,2022-02,0,0,0,0.0
16435,2022-03,0,0,0,0.0
16435,2022-04,0,0,0,0.0
16435,2022-05,0,0,0,0.0
16435,2022-06,0,0,0,0.0
16435,2022-07,0,0,0,0.0
16435,2022-08,0,0,0,0.0
16435,2022-09,0,0,0,0.0
16435,2022-10,0,0,0,0.0
16435,2022-11,0,0,0,0.0
16435,2022-12,0,0,0,0.0
16436,2022-01,0,0,0,0.0
16436,2022-02,0,0,0,0.0
16436,2022-03,0,0,0,0.0
16436,2022-04,0,0,0,0.0
16436,2022-05,0,0,0,0.0
16436,2022-06,0,0,0,0.0
16436,2022-07,0,0,0,0.0
16436,2022-08,0,0,0,0.0
16436,2022-09,0,0,0,0.0
16436,2022-10,0,0,0,0.0
16436,2022-11,0,0,0,0.0
16436,2022-12,0,0,0,0.0
16438,2022-01,0,0,0,0.0
16438,2022-02,0,0,0,0.0
16438,2022-03,0,0,0,0.0
16438,2022-04,0,0,0,0.0
16438,2022-05,0,0,0,0.0
16438,2022-06,0,0,0,0.0
16438,2022-07,0,0,0,0.0
16438,2022-08,0,0,0,0.0
16438,2022-09,0,0,0,0.0
16438,2022-10,0,0,0,0.0
16438,2022-11,0,0,0,0.0
16438,2022-12,0,0,0,0.0
16440,2022-01,0,0,0,0.0
16440,2022-02,0,0,0,0.0
16440,2022-03,0,0,0,0.0
16440,2022-04,0,0,0,0.0
16440,2022-05,0,0,0,0.0
16440,2022-06,0,0,0,0.0
16440,2022-07,0,0,0,0.0
16440,2022-08,0,0,0,0.0
16440,2022-09,0,0,0,0.0
16440,2022-10,0,0,0,0.0
16440,2022-11,0,0,0,0.0
16440,2022-12,0,0,0,0.0
16441,2022-01,0,0,0,0.0
16441,2022-02,0,0,0,0.0
16441,2022-03,0,0,0,0.0
16441,2022-04,0,0,0,0.0
16441,2022-05,0,0,0,0.0
16441,2022-06,0,0,0,0.0
16441,2022-07,0,0,0,0.0
16441,2022-08,0,0,0,0.0
16441,2022-09,0,0,0,1.0
16441,2022-10,0,0,0,0.0
16441,2022-11,0,0,0,0.0
16441,2022-12,0,0,0,0.0
16442,2022-01,0,0,0,0.0
16442,2022-02,0,0,0,0.0
16442,2022-03,0,0,0,0.0
16442,2022-04,0,0,0,0.0
16442,2022-05,0,0,0,0.0
16442,2022-06,0,0,0,0.0
16442,2022-07,0,0,0,0.0
16442,2022-08,0,0,0,0.0
16442,2022-09,0,0,0,0.0
16442,2022-10,0,0,0,0.0
16442,2022-11,0,0,0,0.0
16442,2022-12,0,0,0,0.0
16443,2022-01,0,0,0,0.0
16443,2022-02,0,0,0,0.0
16443,2022-03,0,0,0,0.0
16443,2022-04,0,0,0,0.0
16443,2022-05,0,0,0,0.0
16443,2022-06,0,0,0,0.0
16443,2022-07,0,0,0,0.0
16443,2022-08,0,0,0,0.0
16443,2022-09,0,0,0,0.0
16443,2022-10,0,0,0,0.0
16443,2022-11,0,0,0,0.0
16443,2022-12,0,0,0,0.0
16444,2022-01,0,0,0,0.0
16444,2022-02,0,0,0,0.0
16444,2022-03,0,0,0,0.0
16444,2022-04,0,0,0,0.0
16444,2022-05,0,0,0,0.0
16444,2022-06,0,0,0,0.0
16444,2022-07,0,0,0,0.0
16444,2022-08,0,0,0,0.0
16444,2022-09,0,0,0,0.0
16444,2022-10,0,0,0,0.0
16444,2022-11,0,0,0,0.0
16444,2022-12,0,0,0,0.0
16475,2022-01,0,0,0,0.0
16475,2022-02,0,0,0,0.0
16475,2022-03,0,0,0,0.0
16475,2022-04,0,0,0,0.0
16475,2022-05,0,0,0,0.0
16475,2022-06,0,0,0,0.0
16475,2022-07,0,0,0,0.0
16475,2022-08,0,0,0,0.0
16475,2022-09,0,0,0,0.0
16475,2022-10,0,0,0,0.0
16475,2022-11,0,0,0,0.0
16475,2022-12,0,0,0,0.0
16501,2022-01,Erie,0,1,0.0
16501,2022-02,Erie,0,2,0.0
16501,2022-03,Erie,0,1,0.0
16501,2022-04,Erie,0,0,0.0
16501,2022-05,Erie,0,2,0.0
16501,2022-06,Erie,0,6,0.0
16501,2022-07,Erie,0,0,0.0
16501,2022-08,Erie,0,0,0.0
16501,2022-09,Erie,0,0,0.0
16501,2022-10,Erie,0,2,0.0
16501,2022-11,Erie,0,1,0.0
16501,2022-12,Erie,0,0,0.0
16502,2022-01,0,0,0,1.0
16502,2022-02,0,0,0,2.0
16502,2022-03,0,0,0,1.0
16502,2022-04,0,0,0,0.0
16502,2022-05,0,0,0,2.0
16502,2022-06,0,0,0,6.0
16502,2022-07,0,0,0,0.0
16502,2022-08,0,0,0,0.0
16502,2022-09,0,0,0,0.0
16502,2022-10,0,0,0,2.0
16502,2022-11,0,0,0,1.0
16502,2022-12,0,0,0,0.0
16503,2022-01,0,0,0,1.0
16503,2022-02,0,0,0,2.0
16503,2022-03,0,0,0,2.0
16503,2022-04,0,0,0,0.0
16503,2022-05,0,0,0,2.0
16503,2022-06,0,0,0,6.0
16503,2022-07,0,0,0,0.0
16503,2022-08,0,0,0,0.0
16503,2022-09,0,0,0,0.0
16503,2022-10,0,0,0,2.0
16503,2022-11,0,0,0,1.0
16503,2022-12,0,0,0,0.0
16504,2022-01,0,0,0,0.0
16504,2022-02,0,0,0,0.0
16504,2022-03,0,0,0,0.0
16504,2022-04,0,0,0,0.0
16504,2022-05,0,0,0,0.0
16504,2022-06,0,0,0,0.0
16504,2022-07,0,0,0,0.0
16504,2022-08,0,0,0,0.0
16504,2022-09,0,0,0,1.0
16504,2022-10,0,0,0,0.0
16504,2022-11,0,0,0,0.0
16504,2022-12,0,0,0,0.0
16505,2022-01,0,0,0,1.0
16505,2022-02,0,0,0,2.0
16505,2022-03,0,0,0,2.0
16505,2022-04,0,0,0,0.0
16505,2022-05,0,0,0,2.0
16505,2022-06,0,0,0,7.0
16505,2022-07,0,0,0,0.0
16505,2022-08,0,0,0,0.0
16505,2022-09,0,0,0,0.0
16505,2022-10,0,0,0,2.0
16505,2022-11,0,0,0,1.0
16505,2022-12,0,0,0,0.0
16506,2022-01,0,0,0,0.0
16506,2022-02,0,0,0,0.0
16506,2022-03,0,0,0,1.0
16506,2022-04,0,0,0,0.0
16506,2022-05,0,0,0,0.0
16506,2022-06,0,0,0,1.0
16506,2022-07,0,0,0,0.0
16506,2022-08,0,0,0,0.0
16506,2022-09,0,0,0,1.0
16506,2022-10,0,0,0,0.0
16506,2022-11,0,0,0,0.0
16506,2022-12,0,0,0,0.0
16507,2022-01,0,0,0,1.0
16507,2022-02,0,0,0,2.0
16507,2022-03,0,0,0,2.0
16507,2022-04,0,0,0,0.0
16507,2022-05,0,0,0,2.0
16507,2022-06,0,0,0,6.0
16507,2022-07,0,0,0,0.0
16507,2022-08,0,0,0,0.0
16507,2022-09,0,0,0,0.0
16507,2022-10,0,0,0,2.0
16507,2022-11,0,0,0,1.0
16507,2022-12,0,0,0,0.0
16508,2022-01,0,0,0,0.0
16508,2022-02,0,0,0,0.0
16508,2022-03,0,0,0,0.0
16508,2022-04,0,0,0,0.0
16508,2022-05,0,0,0,0.0
16508,2022-06,0,0,0,0.0
16508,2022-07,0,0,0,0.0
16508,2022-08,0,0,0,0.0
16508,2022-09,0,0,0,1.0
16508,2022-10,0,0,0,0.0
16508,2022-11,0,0,0,0.0
16508,2022-12,0,0,0,0.0
16509,2022-01,Erie,0,0,0.0
16509,2022-02,Erie,0,0,0.0
16509,2022-03,Erie,0,0,0.0
16509,2022-04,Erie,0,0,0.0
16509,2022-05,Erie,0,0,0.0
16509,2022-06,Erie,0,0,0.0
16509,2022-07,Erie,0,0,0.0
16509,2022-08,Erie,0,0,0.0
16509,2022-09,Erie,0,1,0.0
16509,2022-10,Erie,0,0,0.0
16509,2022-11,Erie,0,0,0.0
16509,2022-12,Erie,0,0,0.0
16510,2022-01,0,0,0,0.0
16510,2022-02,0,0,0,0.0
16510,2022-03,0,0,0,1.0
16510,2022-04,0,0,0,0.0
16510,2022-05,0,0,0,0.0
16510,2022-06,0,0,0,0.0
16510,2022-07,0,0,0,0.0
16510,2022-08,0,0,0,0.0
16510,2022-09,0,0,0,1.0
16510,2022-10,0,0,0,0.0
16510,2022-11,0,0,0,0.0
16510,2022-12,0,0,0,0.0
16511,2022-01,Erie,0,0,0.0
16511,2022-02,Erie,0,0,0.0
16511,2022-03,Erie,0,1,0.0
16511,2022-04,Erie,0,0,0.0
16511,2022-05,Erie,0,0,0.0
16511,2022-06,Erie,0,0,0.0
16511,2022-07,Erie,0,0,0.0
16511,2022-08,Erie,0,0,0.0
16511,2022-09,Erie,0,0,0.0
16511,2022-10,Erie,0,0,0.0
16511,2022-11,Erie,0,0,0.0
16511,2022-12,Erie,0,0,0.0
16546,2022-01,0,0,0,0.0
16546,2022-02,0,0,0,0.0
16546,2022-03,0,0,0,0.0
16546,2022-04,0,0,0,0.0
16546,2022-05,0,0,0,0.0
16546,2022-06,0,0,0,0.0
16546,2022-07,0,0,0,0.0
16546,2022-08,0,0,0,0.0
16546,2022-09,0,0,0,0.0
16546,2022-10,0,0,0,0.0
16546,2022-11,0,0,0,0.0
16546,2022-12,0,0,0,0.0
16550,2022-01,0,0,0,0.0
16550,2022-02,0,0,0,0.0
16550,2022-03,0,0,0,0.0
16550,2022-04,0,0,0,0.0
16550,2022-05,0,0,0,0.0
16550,2022-06,0,0,0,0.0
16550,2022-07,0,0,0,0.0
16550,2022-08,0,0,0,0.0
16550,2022-09,0,0,0,0.0
16550,2022-10,0,0,0,0.0
16550,2022-11,0,0,0,0.0
16550,2022-12,0,0,0,0.0
16563,2022-01,0,0,0,0.0
16563,2022-02,0,0,0,0.0
16563,2022-03,0,0,0,0.0
16563,2022-04,0,0,0,0.0
16563,2022-05,0,0,0,0.0
16563,2022-06,0,0,0,0.0
16563,2022-07,0,0,0,0.0
16563,2022-08,0,0,0,0.0
16563,2022-09,0,0,0,0.0
16563,2022-10,0,0,0,0.0
16563,2022-11,0,0,0,0.0
16563,2022-12,0,0,0,0.0
16601,2022-01,Blair,0,0,0.0
16601,2022-02,Blair,0,0,1.0
16601,2022-03,Blair,0,0,0.0
16601,2022-04,Blair,0,0,0.0
16601,2022-05,Blair,0,0,1.0
16601,2022-06,Blair,0,0,0.0
16601,2022-07,Blair,0,0,1.0
16601,2022-08,Blair,0,0,0.0
16601,2022-09,Blair,0,0,0.0
16601,2022-10,Blair,0,1,1.0
16601,2022-11,Blair,0,0,0.0
16601,2022-12,Blair,0,0,0.0
16602,2022-01,0,0,0,0.0
16602,2022-02,0,0,0,1.0
16602,2022-03,0,0,0,0.0
16602,2022-04,0,0,0,0.0
16602,2022-05,0,0,0,1.0
16602,2022-06,0,0,0,0.0
16602,2022-07,0,0,0,1.0
16602,2022-08,0,0,0,0.0
16602,2022-09,0,0,0,0.0
16602,2022-10,0,0,0,2.0
16602,2022-11,0,0,0,0.0
16602,2022-12,0,0,0,0.0
16611,2022-01,0,0,0,0.0
16611,2022-02,0,0,0,0.0
16611,2022-03,0,0,0,0.0
16611,2022-04,0,0,0,0.0
16611,2022-05,0,0,0,0.0
16611,2022-06,0,0,0,0.0
16611,2022-07,0,0,0,0.0
16611,2022-08,0,0,0,0.0
16611,2022-09,0,0,0,0.0
16611,2022-10,0,0,0,0.0
16611,2022-11,0,0,0,0.0
16611,2022-12,0,0,0,0.0
16613,2022-01,0,0,0,1.0
16613,2022-02,0,0,0,0.0
16613,2022-03,0,0,0,0.0
16613,2022-04,0,0,0,0.0
16613,2022-05,0,0,0,0.0
16613,2022-06,0,0,0,0.0
16613,2022-07,0,0,0,0.0
16613,2022-08,0,0,0,0.0
16613,2022-09,0,0,0,0.0
16613,2022-10,0,0,0,1.0
16613,2022-11,0,0,0,0.0
16613,2022-12,0,0,0,0.0
16616,2022-01,0,0,0,0.0
16616,2022-02,0,0,0,0.0
16616,2022-03,0,0,0,0.0
16616,2022-04,0,0,0,0.0
16616,2022-05,0,0,0,0.0
16616,2022-06,0,0,0,0.0
16616,2022-07,0,0,0,0.0
16616,2022-08,0,0,0,0.0
16616,2022-09,0,0,0,0.0
16616,2022-10,0,0,0,0.0
16616,2022-11,0,0,0,0.0
16616,2022-12,0,0,0,0.0
16617,2022-01,0,0,0,0.0
16617,2022-02,0,0,0,0.0
16617,2022-03,0,0,0,0.0
16617,2022-04,0,0,0,0.0
16617,2022-05,0,0,0,0.0
16617,2022-06,0,0,0,0.0
16617,2022-07,0,0,0,0.0
16617,2022-08,0,0,0,0.0
16617,2022-09,0,0,0,0.0
16617,2022-10,0,0,0,1.0
16617,2022-11,0,0,0,0.0
16617,2022-12,0,0,0,0.0
16619,2022-01,0,0,0,0.0
16619,2022-02,0,0,0,0.0
16619,2022-03,0,0,0,0.0
16619,2022-04,0,0,0,0.0
16619,2022-05,0,0,0,0.0
16619,2022-06,0,0,0,0.0
16619,2022-07,0,0,0,0.0
16619,2022-08,0,0,0,0.0
16619,2022-09,0,0,0,0.0
16619,2022-10,0,0,0,1.0
16619,2022-11,0,0,0,0.0
16619,2022-12,0,0,0,0.0
16620,2022-01,0,0,0,0.0
16620,2022-02,0,0,0,0.0
16620,2022-03,0,0,0,1.0
16620,2022-04,0,0,0,0.0
16620,2022-05,0,0,0,0.0
16620,2022-06,0,0,0,0.0
16620,2022-07,0,0,0,0.0
16620,2022-08,0,0,0,0.0
16620,2022-09,0,0,0,0.0
16620,2022-10,0,0,0,0.0
16620,2022-11,0,0,0,0.0
16620,2022-12,0,0,0,0.0
16621,2022-01,0,0,0,0.0
16621,2022-02,0,0,0,0.0
16621,2022-03,0,0,0,0.0
16621,2022-04,0,0,0,0.0
16621,2022-05,0,0,0,0.0
16621,2022-06,0,0,0,0.0
16621,2022-07,0,0,0,0.0
16621,2022-08,0,0,0,0.0
16621,2022-09,0,0,0,0.0
16621,2022-10,0,0,0,0.0
16621,2022-11,0,0,0,0.0
16621,2022-12,0,0,0,0.0
16622,2022-01,0,0,0,0.0
16622,2022-02,0,0,0,0.0
16622,2022-03,0,0,0,0.0
16622,2022-04,0,0,0,0.0
16622,2022-05,0,0,0,0.0
16622,2022-06,0,0,0,0.0
16622,2022-07,0,0,0,0.0
16622,2022-08,0,0,0,0.0
16622,2022-09,0,0,0,0.0
16622,2022-10,0,0,0,0.0
16622,2022-11,0,0,0,0.0
16622,2022-12,0,0,0,0.0
16623,2022-01,0,0,0,0.0
16623,2022-02,0,0,0,0.0
16623,2022-03,0,0,0,0.0
16623,2022-04,0,0,0,0.0
16623,2022-05,0,0,0,0.0
16623,2022-06,0,0,0,0.0
16623,2022-07,0,0,0,0.0
16623,2022-08,0,0,0,0.0
16623,2022-09,0,0,0,0.0
16623,2022-10,0,0,0,0.0
16623,2022-11,0,0,0,0.0
16623,2022-12,0,0,0,0.0
16624,2022-01,0,0,0,1.0
16624,2022-02,0,0,0,0.0
16624,2022-03,0,0,0,0.0
16624,2022-04,0,0,0,0.0
16624,2022-05,0,0,0,0.0
16624,2022-06,0,0,0,0.0
16624,2022-07,0,0,0,0.0
16624,2022-08,0,0,0,0.0
16624,2022-09,0,0,0,0.0
16624,2022-10,0,0,0,0.0
16624,2022-11,0,0,0,0.0
16624,2022-12,0,0,0,0.0
16625,2022-01,0,0,0,0.0
16625,2022-02,0,0,0,0.0
16625,2022-03,0,0,0,0.0
16625,2022-04,0,0,0,0.0
16625,2022-05,0,0,0,0.0
16625,2022-06,0,0,0,0.0
16625,2022-07,0,0,0,0.0
16625,2022-08,0,0,0,0.0
16625,2022-09,0,0,0,0.0
16625,2022-10,0,0,0,0.0
16625,2022-11,0,0,0,0.0
16625,2022-12,0,0,0,0.0
16627,2022-01,0,0,0,0.0
16627,2022-02,0,0,0,0.0
16627,2022-03,0,0,0,0.0
16627,2022-04,0,0,0,0.0
16627,2022-05,0,0,0,0.0
16627,2022-06,0,0,0,0.0
16627,2022-07,0,0,0,0.0
16627,2022-08,0,0,0,0.0
16627,2022-09,0,0,0,0.0
16627,2022-10,0,0,0,0.0
16627,2022-11,0,0,0,0.0
16627,2022-12,0,0,0,0.0
16630,2022-01,0,0,0,1.0
16630,2022-02,0,0,0,0.0
16630,2022-03,0,0,0,0.0
16630,2022-04,0,0,0,0.0
16630,2022-05,0,0,0,0.0
16630,2022-06,0,0,0,0.0
16630,2022-07,0,0,0,0.0
16630,2022-08,0,0,0,0.0
16630,2022-09,0,0,0,0.0
16630,2022-10,0,0,0,0.0
16630,2022-11,0,0,0,0.0
16630,2022-12,0,0,0,0.0
16631,2022-01,0,0,0,0.0
16631,2022-02,0,0,0,0.0
16631,2022-03,0,0,0,0.0
16631,2022-04,0,0,0,0.0
16631,2022-05,0,0,0,0.0
16631,2022-06,0,0,0,0.0
16631,2022-07,0,0,0,0.0
16631,2022-08,0,0,0,0.0
16631,2022-09,0,0,0,0.0
16631,2022-10,0,0,0,0.0
16631,2022-11,0,0,0,0.0
16631,2022-12,0,0,0,0.0
16633,2022-01,0,0,0,0.0
16633,2022-02,0,0,0,0.0
16633,2022-03,0,0,0,0.0
16633,2022-04,0,0,0,0.0
16633,2022-05,0,0,0,0.0
16633,2022-06,0,0,0,0.0
16633,2022-07,0,0,0,0.0
16633,2022-08,0,0,0,0.0
16633,2022-09,0,0,0,0.0
16633,2022-10,0,0,0,0.0
16633,2022-11,0,0,0,0.0
16633,2022-12,0,0,0,0.0
16634,2022-01,0,0,0,0.0
16634,2022-02,0,0,0,0.0
16634,2022-03,0,0,0,0.0
16634,2022-04,0,0,0,0.0
16634,2022-05,0,0,0,0.0
16634,2022-06,0,0,0,0.0
16634,2022-07,0,0,0,0.0
16634,2022-08,0,0,0,0.0
16634,2022-09,0,0,0,0.0
16634,2022-10,0,0,0,0.0
16634,2022-11,0,0,0,0.0
16634,2022-12,0,0,0,0.0
16635,2022-01,0,0,0,0.0
16635,2022-02,0,0,0,1.0
16635,2022-03,0,0,0,0.0
16635,2022-04,0,0,0,0.0
16635,2022-05,0,0,0,1.0
16635,2022-06,0,0,0,0.0
16635,2022-07,0,0,0,1.0
16635,2022-08,0,0,0,0.0
16635,2022-09,0,0,0,0.0
16635,2022-10,0,0,0,2.0
16635,2022-11,0,0,0,0.0
16635,2022-12,0,0,0,0.0
16636,2022-01,0,0,0,0.0
16636,2022-02,0,0,0,0.0
16636,2022-03,0,0,0,0.0
16636,2022-04,0,0,0,0.0
16636,2022-05,0,0,0,0.0
16636,2022-06,0,0,0,0.0
16636,2022-07,0,0,0,0.0
16636,2022-08,0,0,0,0.0
16636,2022-09,0,0,0,0.0
16636,2022-10,0,0,0,1.0
16636,2022-11,0,0,0,0.0
16636,2022-12,0,0,0,0.0
16637,2022-01,0,0,0,0.0
16637,2022-02,0,0,0,1.0
16637,2022-03,0,0,0,0.0
16637,2022-04,0,0,0,0.0
16637,2022-05,0,0,0,1.0
16637,2022-06,0,0,0,0.0
16637,2022-07,0,0,0,1.0
16637,2022-08,0,0,0,0.0
16637,2022-09,0,0,0,0.0
16637,2022-10,0,0,0,1.0
16637,2022-11,0,0,0,0.0
16637,2022-12,0,0,0,0.0
16638,2022-01,0,0,0,0.0
16638,2022-02,0,0,0,0.0
16638,2022-03,0,0,0,0.0
16638,2022-04,0,0,0,0.0
16638,2022-05,0,0,0,0.0
16638,2022-06,0,0,0,0.0
16638,2022-07,0,0,0,0.0
16638,2022-08,0,0,0,0.0
16638,2022-09,0,0,0,0.0
16638,2022-10,0,0,0,0.0
16638,2022-11,0,0,0,0.0
16638,2022-12,0,0,0,0.0
16639,2022-01,0,0,0,0.0
16639,2022-02,0,0,0,0.0
16639,2022-03,0,0,0,0.0
16639,2022-04,0,0,0,0.0
16639,2022-05,0,0,0,0.0
16639,2022-06,0,0,0,0.0
16639,2022-07,0,0,0,0.0
16639,2022-08,0,0,0,0.0
16639,2022-09,0,0,0,0.0
16639,2022-10,0,0,0,0.0
16639,2022-11,0,0,0,0.0
16639,2022-12,0,0,0,0.0
16640,2022-01,0,0,0,0.0
16640,2022-02,0,0,0,0.0
16640,2022-03,0,0,0,0.0
16640,2022-04,0,0,0,0.0
16640,2022-05,0,0,0,0.0
16640,2022-06,0,0,0,0.0
16640,2022-07,0,0,0,0.0
16640,2022-08,0,0,0,0.0
16640,2022-09,0,0,0,0.0
16640,2022-10,0,0,0,0.0
16640,2022-11,0,0,0,0.0
16640,2022-12,0,0,0,0.0
16641,2022-01,0,0,0,1.0
16641,2022-02,0,0,0,0.0
16641,2022-03,0,0,0,0.0
16641,2022-04,0,0,0,0.0
16641,2022-05,0,0,0,0.0
16641,2022-06,0,0,0,0.0
16641,2022-07,0,0,0,0.0
16641,2022-08,0,0,0,0.0
16641,2022-09,0,0,0,0.0
16641,2022-10,0,0,0,1.0
16641,2022-11,0,0,0,0.0
16641,2022-12,0,0,0,0.0
16645,2022-01,0,0,0,0.0
16645,2022-02,0,0,0,0.0
16645,2022-03,0,0,0,0.0
16645,2022-04,0,0,0,0.0
16645,2022-05,0,0,0,0.0
16645,2022-06,0,0,0,0.0
16645,2022-07,0,0,0,0.0
16645,2022-08,0,0,0,0.0
16645,2022-09,0,0,0,0.0
16645,2022-10,0,0,0,0.0
16645,2022-11,0,0,0,0.0
16645,2022-12,0,0,0,0.0
16646,2022-01,0,0,0,0.0
16646,2022-02,0,0,0,0.0
16646,2022-03,0,0,0,0.0
16646,2022-04,0,0,0,0.0
16646,2022-05,0,0,0,0.0
16646,2022-06,0,0,0,0.0
16646,2022-07,0,0,0,0.0
16646,2022-08,0,0,0,0.0
16646,2022-09,0,0,0,0.0
16646,2022-10,0,0,0,0.0
16646,2022-11,0,0,0,0.0
16646,2022-12,0,0,0,0.0
16647,2022-01,0,0,0,0.0
16647,2022-02,0,0,0,0.0
16647,2022-03,0,0,0,0.0
16647,2022-04,0,0,0,0.0
16647,2022-05,0,0,0,0.0
16647,2022-06,0,0,0,0.0
16647,2022-07,0,0,0,0.0
16647,2022-08,0,0,0,0.0
16647,2022-09,0,0,0,0.0
16647,2022-10,0,0,0,0.0
16647,2022-11,0,0,0,0.0
16647,2022-12,0,0,0,0.0
16648,2022-01,Blair,0,0,0.0
16648,2022-02,Blair,0,1,0.0
16648,2022-03,Blair,0,0,0.0
16648,2022-04,Blair,0,0,0.0
16648,2022-05,Blair,0,1,0.0
16648,2022-06,Blair,0,0,0.0
16648,2022-07,Blair,0,1,0.0
16648,2022-08,Blair,0,0,0.0
16648,2022-09,Blair,0,0,0.0
16648,2022-10,Blair,0,1,1.0
16648,2022-11,Blair,0,0,0.0
16648,2022-12,Blair,0,0,0.0
16650,2022-01,0,0,0,0.0
16650,2022-02,0,0,0,0.0
16650,2022-03,0,0,0,0.0
16650,2022-04,0,0,0,0.0
16650,2022-05,0,0,0,0.0
16650,2022-06,0,0,0,0.0
16650,2022-07,0,0,0,0.0
16650,2022-08,0,0,0,0.0
16650,2022-09,0,0,0,0.0
16650,2022-10,0,0,0,0.0
16650,2022-11,0,0,0,0.0
16650,2022-12,0,0,0,0.0
16651,2022-01,Clearfield,0,0,0.0
16651,2022-02,Clearfield,0,0,0.0
16651,2022-03,Clearfield,0,1,1.0
16651,2022-04,Clearfield,0,0,0.0
16651,2022-05,Clearfield,0,0,0.0
16651,2022-06,Clearfield,0,0,0.0
16651,2022-07,Clearfield,0,0,0.0
16651,2022-08,Clearfield,0,0,0.0
16651,2022-09,Clearfield,0,0,0.0
16651,2022-10,Clearfield,0,0,0.0
16651,2022-11,Clearfield,0,0,0.0
16651,2022-12,Clearfield,0,0,0.0
16652,2022-01,0,0,0,0.0
16652,2022-02,0,0,0,0.0
16652,2022-03,0,0,0,0.0
16652,2022-04,0,0,0,0.0
16652,2022-05,0,0,0,0.0
16652,2022-06,0,0,0,0.0
16652,2022-07,0,0,0,0.0
16652,2022-08,0,0,0,0.0
16652,2022-09,0,0,0,0.0
16652,2022-10,0,0,0,0.0
16652,2022-11,0,0,0,0.0
16652,2022-12,0,0,0,0.0
16654,2022-01,0,0,0,0.0
16654,2022-02,0,0,0,0.0
16654,2022-03,0,0,0,0.0
16654,2022-04,0,0,0,0.0
16654,2022-05,0,0,0,0.0
16654,2022-06,0,0,0,0.0
16654,2022-07,0,0,0,0.0
16654,2022-08,0,0,0,0.0
16654,2022-09,0,0,0,0.0
16654,2022-10,0,0,0,0.0
16654,2022-11,0,0,0,0.0
16654,2022-12,0,0,0,0.0
16655,2022-01,0,0,0,0.0
16655,2022-02,0,0,0,0.0
16655,2022-03,0,0,0,0.0
16655,2022-04,0,0,0,0.0
16655,2022-05,0,0,0,0.0
16655,2022-06,0,0,0,0.0
16655,2022-07,0,0,0,0.0
16655,2022-08,0,0,0,0.0
16655,2022-09,0,0,0,0.0
16655,2022-10,0,0,0,0.0
16655,2022-11,0,0,0,0.0
16655,2022-12,0,0,0,0.0
16656,2022-01,0,0,0,0.0
16656,2022-02,0,0,0,0.0
16656,2022-03,0,0,0,0.0
16656,2022-04,0,0,0,0.0
16656,2022-05,0,0,0,0.0
16656,2022-06,0,0,0,0.0
16656,2022-07,0,0,0,0.0
16656,2022-08,0,0,0,0.0
16656,2022-09,0,0,0,0.0
16656,2022-10,0,0,0,0.0
16656,2022-11,0,0,0,0.0
16656,2022-12,0,0,0,0.0
16657,2022-01,0,0,0,0.0
16657,2022-02,0,0,0,0.0
16657,2022-03,0,0,0,0.0
16657,2022-04,0,0,0,0.0
16657,2022-05,0,0,0,0.0
16657,2022-06,0,0,0,0.0
16657,2022-07,0,0,0,0.0
16657,2022-08,0,0,0,0.0
16657,2022-09,0,0,0,0.0
16657,2022-10,0,0,0,0.0
16657,2022-11,0,0,0,0.0
16657,2022-12,0,0,0,0.0
16659,2022-01,0,0,0,0.0
16659,2022-02,0,0,0,0.0
16659,2022-03,0,0,0,0.0
16659,2022-04,0,0,0,0.0
16659,2022-05,0,0,0,0.0
16659,2022-06,0,0,0,0.0
16659,2022-07,0,0,0,0.0
16659,2022-08,0,0,0,0.0
16659,2022-09,0,0,0,0.0
16659,2022-10,0,0,0,0.0
16659,2022-11,0,0,0,0.0
16659,2022-12,0,0,0,0.0
16661,2022-01,0,0,0,0.0
16661,2022-02,0,0,0,0.0
16661,2022-03,0,0,0,1.0
16661,2022-04,0,0,0,0.0
16661,2022-05,0,0,0,0.0
16661,2022-06,0,0,0,0.0
16661,2022-07,0,0,0,0.0
16661,2022-08,0,0,0,0.0
16661,2022-09,0,0,0,0.0
16661,2022-10,0,0,0,0.0
16661,2022-11,0,0,0,0.0
16661,2022-12,0,0,0,0.0
16662,2022-01,0,0,0,0.0
16662,2022-02,0,0,0,1.0
16662,2022-03,0,0,0,0.0
16662,2022-04,0,0,0,0.0
16662,2022-05,0,0,0,1.0
16662,2022-06,0,0,0,0.0
16662,2022-07,0,0,0,1.0
16662,2022-08,0,0,0,0.0
16662,2022-09,0,0,0,0.0
16662,2022-10,0,0,0,1.0
16662,2022-11,0,0,0,0.0
16662,2022-12,0,0,0,0.0
16664,2022-01,0,0,0,0.0
16664,2022-02,0,0,0,0.0
16664,2022-03,0,0,0,0.0
16664,2022-04,0,0,0,0.0
16664,2022-05,0,0,0,0.0
16664,2022-06,0,0,0,0.0
16664,2022-07,0,0,0,0.0
16664,2022-08,0,0,0,0.0
16664,2022-09,0,0,0,0.0
16664,2022-10,0,0,0,0.0
16664,2022-11,0,0,0,0.0
16664,2022-12,0,0,0,0.0
16665,2022-01,0,0,0,0.0
16665,2022-02,0,0,0,0.0
16665,2022-03,0,0,0,0.0
16665,2022-04,0,0,0,0.0
16665,2022-05,0,0,0,0.0
16665,2022-06,0,0,0,0.0
16665,2022-07,0,0,0,0.0
16665,2022-08,0,0,0,0.0
16665,2022-09,0,0,0,0.0
16665,2022-10,0,0,0,0.0
16665,2022-11,0,0,0,0.0
16665,2022-12,0,0,0,0.0
16666,2022-01,0,0,0,0.0
16666,2022-02,0,0,0,0.0
16666,2022-03,0,0,0,2.0
16666,2022-04,0,0,0,0.0
16666,2022-05,0,0,0,0.0
16666,2022-06,0,0,0,0.0
16666,2022-07,0,0,0,0.0
16666,2022-08,0,0,0,0.0
16666,2022-09,0,0,0,0.0
16666,2022-10,0,0,0,0.0
16666,2022-11,0,0,0,0.0
16666,2022-12,0,0,0,0.0
16667,2022-01,0,0,0,0.0
16667,2022-02,0,0,0,0.0
16667,2022-03,0,0,0,0.0
16667,2022-04,0,0,0,0.0
16667,2022-05,0,0,0,0.0
16667,2022-06,0,0,0,0.0
16667,2022-07,0,0,0,0.0
16667,2022-08,0,0,0,0.0
16667,2022-09,0,0,0,0.0
16667,2022-10,0,0,0,0.0
16667,2022-11,0,0,0,0.0
16667,2022-12,0,0,0,0.0
16668,2022-01,0,0,0,1.0
16668,2022-02,0,0,0,0.0
16668,2022-03,0,0,0,0.0
16668,2022-04,0,0,0,0.0
16668,2022-05,0,0,0,0.0
16668,2022-06,0,0,0,0.0
16668,2022-07,0,0,0,0.0
16668,2022-08,0,0,0,0.0
16668,2022-09,0,0,0,0.0
16668,2022-10,0,0,0,0.0
16668,2022-11,0,0,0,0.0
16668,2022-12,0,0,0,0.0
16669,2022-01,0,0,0,1.0
16669,2022-02,0,0,0,1.0
16669,2022-03,0,0,0,3.0
16669,2022-04,0,0,0,3.0
16669,2022-05,0,0,0,3.0
16669,2022-06,0,0,0,1.0
16669,2022-07,0,0,0,1.0
16669,2022-08,0,0,0,1.0
16669,2022-09,0,0,0,1.0
16669,2022-10,0,0,0,4.0
16669,2022-11,0,0,0,5.0
16669,2022-12,0,0,0,2.0
16670,2022-01,0,0,0,0.0
16670,2022-02,0,0,0,0.0
16670,2022-03,0,0,0,0.0
16670,2022-04,0,0,0,0.0
16670,2022-05,0,0,0,0.0
16670,2022-06,0,0,0,0.0
16670,2022-07,0,0,0,0.0
16670,2022-08,0,0,0,0.0
16670,2022-09,0,0,0,0.0
16670,2022-10,0,0,0,0.0
16670,2022-11,0,0,0,0.0
16670,2022-12,0,0,0,0.0
16671,2022-01,0,0,0,0.0
16671,2022-02,0,0,0,0.0
16671,2022-03,0,0,0,1.0
16671,2022-04,0,0,0,0.0
16671,2022-05,0,0,0,0.0
16671,2022-06,0,0,0,0.0
16671,2022-07,0,0,0,0.0
16671,2022-08,0,0,0,0.0
16671,2022-09,0,0,0,0.0
16671,2022-10,0,0,0,0.0
16671,2022-11,0,0,0,0.0
16671,2022-12,0,0,0,0.0
16672,2022-01,0,0,0,0.0
16672,2022-02,0,0,0,0.0
16672,2022-03,0,0,0,0.0
16672,2022-04,0,0,0,0.0
16672,2022-05,0,0,0,0.0
16672,2022-06,0,0,0,0.0
16672,2022-07,0,0,0,0.0
16672,2022-08,0,0,0,0.0
16672,2022-09,0,0,0,0.0
16672,2022-10,0,0,0,0.0
16672,2022-11,0,0,0,0.0
16672,2022-12,0,0,0,0.0
16673,2022-01,0,0,0,0.0
16673,2022-02,0,0,0,1.0
16673,2022-03,0,0,0,0.0
16673,2022-04,0,0,0,0.0
16673,2022-05,0,0,0,1.0
16673,2022-06,0,0,0,0.0
16673,2022-07,0,0,0,1.0
16673,2022-08,0,0,0,0.0
16673,2022-09,0,0,0,0.0
16673,2022-10,0,0,0,1.0
16673,2022-11,0,0,0,0.0
16673,2022-12,0,0,0,0.0
16674,2022-01,0,0,0,0.0
16674,2022-02,0,0,0,0.0
16674,2022-03,0,0,0,0.0
16674,2022-04,0,0,0,0.0
16674,2022-05,0,0,0,0.0
16674,2022-06,0,0,0,0.0
16674,2022-07,0,0,0,0.0
16674,2022-08,0,0,0,0.0
16674,2022-09,0,0,0,0.0
16674,2022-10,0,0,0,0.0
16674,2022-11,0,0,0,0.0
16674,2022-12,0,0,0,0.0
16675,2022-01,0,0,0,0.0
16675,2022-02,0,0,0,0.0
16675,2022-03,0,0,0,0.0
16675,2022-04,0,0,0,0.0
16675,2022-05,0,0,0,0.0
16675,2022-06,0,0,0,0.0
16675,2022-07,0,0,0,0.0
16675,2022-08,0,0,0,0.0
16675,2022-09,0,0,0,0.0
16675,2022-10,0,0,0,0.0
16675,2022-11,0,0,0,0.0
16675,2022-12,0,0,0,0.0
16677,2022-01,0,0,0,0.0
16677,2022-02,0,0,0,0.0
16677,2022-03,0,0,0,1.0
16677,2022-04,0,0,0,0.0
16677,2022-05,0,0,0,0.0
16677,2022-06,0,0,0,0.0
16677,2022-07,0,0,0,0.0
16677,2022-08,0,0,0,0.0
16677,2022-09,0,0,0,0.0
16677,2022-10,0,0,0,0.0
16677,2022-11,0,0,0,0.0
16677,2022-12,0,0,0,0.0
16678,2022-01,0,0,0,0.0
16678,2022-02,0,0,0,0.0
16678,2022-03,0,0,0,0.0
16678,2022-04,0,0,0,0.0
16678,2022-05,0,0,0,0.0
16678,2022-06,0,0,0,0.0
16678,2022-07,0,0,0,0.0
16678,2022-08,0,0,0,0.0
16678,2022-09,0,0,0,0.0
16678,2022-10,0,0,0,0.0
16678,2022-11,0,0,0,0.0
16678,2022-12,0,0,0,0.0
16679,2022-01,0,0,0,0.0
16679,2022-02,0,0,0,0.0
16679,2022-03,0,0,0,0.0
16679,2022-04,0,0,0,0.0
16679,2022-05,0,0,0,0.0
16679,2022-06,0,0,0,0.0
16679,2022-07,0,0,0,0.0
16679,2022-08,0,0,0,0.0
16679,2022-09,0,0,0,0.0
16679,2022-10,0,0,0,0.0
16679,2022-11,0,0,0,0.0
16679,2022-12,0,0,0,0.0
16680,2022-01,0,0,0,0.0
16680,2022-02,0,0,0,0.0
16680,2022-03,0,0,0,2.0
16680,2022-04,0,0,0,0.0
16680,2022-05,0,0,0,0.0
16680,2022-06,0,0,0,0.0
16680,2022-07,0,0,0,0.0
16680,2022-08,0,0,0,0.0
16680,2022-09,0,0,0,0.0
16680,2022-10,0,0,0,0.0
16680,2022-11,0,0,0,0.0
16680,2022-12,0,0,0,0.0
16682,2022-01,0,0,0,0.0
16682,2022-02,0,0,0,0.0
16682,2022-03,0,0,0,0.0
16682,2022-04,0,0,0,0.0
16682,2022-05,0,0,0,0.0
16682,2022-06,0,0,0,0.0
16682,2022-07,0,0,0,0.0
16682,2022-08,0,0,0,0.0
16682,2022-09,0,0,0,0.0
16682,2022-10,0,0,0,0.0
16682,2022-11,0,0,0,0.0
16682,2022-12,0,0,0,0.0
16683,2022-01,0,0,0,0.0
16683,2022-02,0,0,0,0.0
16683,2022-03,0,0,0,0.0
16683,2022-04,0,0,0,0.0
16683,2022-05,0,0,0,0.0
16683,2022-06,0,0,0,0.0
16683,2022-07,0,0,0,0.0
16683,2022-08,0,0,0,0.0
16683,2022-09,0,0,0,0.0
16683,2022-10,0,0,0,0.0
16683,2022-11,0,0,0,0.0
16683,2022-12,0,0,0,0.0
16684,2022-01,0,0,0,0.0
16684,2022-02,0,0,0,0.0
16684,2022-03,0,0,0,0.0
16684,2022-04,0,0,0,0.0
16684,2022-05,0,0,0,0.0
16684,2022-06,0,0,0,0.0
16684,2022-07,0,0,0,0.0
16684,2022-08,0,0,0,0.0
16684,2022-09,0,0,0,0.0
16684,2022-10,0,0,0,0.0
16684,2022-11,0,0,0,0.0
16684,2022-12,0,0,0,0.0
16685,2022-01,0,0,0,0.0
16685,2022-02,0,0,0,0.0
16685,2022-03,0,0,0,0.0
16685,2022-04,0,0,0,0.0
16685,2022-05,0,0,0,0.0
16685,2022-06,0,0,0,0.0
16685,2022-07,0,0,0,0.0
16685,2022-08,0,0,0,0.0
16685,2022-09,0,0,0,0.0
16685,2022-10,0,0,0,0.0
16685,2022-11,0,0,0,0.0
16685,2022-12,0,0,0,0.0
16686,2022-01,0,0,0,0.0
16686,2022-02,0,0,0,0.0
16686,2022-03,0,0,0,1.0
16686,2022-04,0,0,0,0.0
16686,2022-05,0,0,0,0.0
16686,2022-06,0,0,0,0.0
16686,2022-07,0,0,0,0.0
16686,2022-08,0,0,0,0.0
16686,2022-09,0,0,0,0.0
16686,2022-10,0,0,0,1.0
16686,2022-11,0,0,0,0.0
16686,2022-12,0,0,0,0.0
16689,2022-01,0,0,0,0.0
16689,2022-02,0,0,0,0.0
16689,2022-03,0,0,0,0.0
16689,2022-04,0,0,0,0.0
16689,2022-05,0,0,0,0.0
16689,2022-06,0,0,0,0.0
16689,2022-07,0,0,0,0.0
16689,2022-08,0,0,0,0.0
16689,2022-09,0,0,0,0.0
16689,2022-10,0,0,0,0.0
16689,2022-11,0,0,0,0.0
16689,2022-12,0,0,0,0.0
16691,2022-01,0,0,0,0.0
16691,2022-02,0,0,0,0.0
16691,2022-03,0,0,0,0.0
16691,2022-04,0,0,0,0.0
16691,2022-05,0,0,0,0.0
16691,2022-06,0,0,0,0.0
16691,2022-07,0,0,0,0.0
16691,2022-08,0,0,0,0.0
16691,2022-09,0,0,0,0.0
16691,2022-10,0,0,0,0.0
16691,2022-11,0,0,0,0.0
16691,2022-12,0,0,0,0.0
16692,2022-01,0,0,0,0.0
16692,2022-02,0,0,0,0.0
16692,2022-03,0,0,0,0.0
16692,2022-04,0,0,0,0.0
16692,2022-05,0,0,0,0.0
16692,2022-06,0,0,0,0.0
16692,2022-07,0,0,0,0.0
16692,2022-08,0,0,0,0.0
16692,2022-09,0,0,0,0.0
16692,2022-10,0,0,0,0.0
16692,2022-11,0,0,0,0.0
16692,2022-12,0,0,0,0.0
16693,2022-01,0,0,0,0.0
16693,2022-02,0,0,0,1.0
16693,2022-03,0,0,0,0.0
16693,2022-04,0,0,0,0.0
16693,2022-05,0,0,0,1.0
16693,2022-06,0,0,0,0.0
16693,2022-07,0,0,0,1.0
16693,2022-08,0,0,0,0.0
16693,2022-09,0,0,0,0.0
16693,2022-10,0,0,0,2.0
16693,2022-11,0,0,0,0.0
16693,2022-12,0,0,0,0.0
16694,2022-01,0,0,0,0.0
16694,2022-02,0,0,0,0.0
16694,2022-03,0,0,0,0.0
16694,2022-04,0,0,0,0.0
16694,2022-05,0,0,0,0.0
16694,2022-06,0,0,0,0.0
16694,2022-07,0,0,0,0.0
16694,2022-08,0,0,0,0.0
16694,2022-09,0,0,0,0.0
16694,2022-10,0,0,0,0.0
16694,2022-11,0,0,0,0.0
16694,2022-12,0,0,0,0.0
16695,2022-01,0,0,0,0.0
16695,2022-02,0,0,0,0.0
16695,2022-03,0,0,0,0.0
16695,2022-04,0,0,0,0.0
16695,2022-05,0,0,0,0.0
16695,2022-06,0,0,0,0.0
16695,2022-07,0,0,0,0.0
16695,2022-08,0,0,0,0.0
16695,2022-09,0,0,0,0.0
16695,2022-10,0,0,0,0.0
16695,2022-11,0,0,0,0.0
16695,2022-12,0,0,0,0.0
16699,2022-01,0,0,0,0.0
16699,2022-02,0,0,0,0.0
16699,2022-03,0,0,0,0.0
16699,2022-04,0,0,0,0.0
16699,2022-05,0,0,0,0.0
16699,2022-06,0,0,0,0.0
16699,2022-07,0,0,0,0.0
16699,2022-08,0,0,0,0.0
16699,2022-09,0,0,0,0.0
16699,2022-10,0,0,0,0.0
16699,2022-11,0,0,0,0.0
16699,2022-12,0,0,0,0.0
16701,2022-01,0,0,0,0.0
16701,2022-02,0,0,0,0.0
16701,2022-03,0,0,0,0.0
16701,2022-04,0,0,0,0.0
16701,2022-05,0,0,0,1.0
16701,2022-06,0,0,0,0.0
16701,2022-07,0,0,0,0.0
16701,2022-08,0,0,0,0.0
16701,2022-09,0,0,0,0.0
16701,2022-10,0,0,0,0.0
16701,2022-11,0,0,0,0.0
16701,2022-12,0,0,0,0.0
16720,2022-01,0,0,0,0.0
16720,2022-02,0,0,0,0.0
16720,2022-03,0,0,0,0.0
16720,2022-04,0,0,0,0.0
16720,2022-05,0,0,0,0.0
16720,2022-06,0,0,0,0.0
16720,2022-07,0,0,0,0.0
16720,2022-08,0,0,0,0.0
16720,2022-09,0,0,0,0.0
16720,2022-10,0,0,0,0.0
16720,2022-11,0,0,0,0.0
16720,2022-12,0,0,0,0.0
16724,2022-01,0,0,0,0.0
16724,2022-02,0,0,0,0.0
16724,2022-03,0,0,0,0.0
16724,2022-04,0,0,0,0.0
16724,2022-05,0,0,0,0.0
16724,2022-06,0,0,0,0.0
16724,2022-07,0,0,0,0.0
16724,2022-08,0,0,0,0.0
16724,2022-09,0,0,0,0.0
16724,2022-10,0,0,0,0.0
16724,2022-11,0,0,0,0.0
16724,2022-12,0,0,0,0.0
16725,2022-01,0,0,0,0.0
16725,2022-02,0,0,0,0.0
16725,2022-03,0,0,0,0.0
16725,2022-04,0,0,0,0.0
16725,2022-05,0,0,0,0.0
16725,2022-06,0,0,0,0.0
16725,2022-07,0,0,0,0.0
16725,2022-08,0,0,0,0.0
16725,2022-09,0,0,0,0.0
16725,2022-10,0,0,0,0.0
16725,2022-11,0,0,0,0.0
16725,2022-12,0,0,0,0.0
16726,2022-01,0,0,0,0.0
16726,2022-02,0,0,0,0.0
16726,2022-03,0,0,0,0.0
16726,2022-04,0,0,0,0.0
16726,2022-05,0,0,0,0.0
16726,2022-06,0,0,0,0.0
16726,2022-07,0,0,0,0.0
16726,2022-08,0,0,0,0.0
16726,2022-09,0,0,0,0.0
16726,2022-10,0,0,0,0.0
16726,2022-11,0,0,0,0.0
16726,2022-12,0,0,0,0.0
16727,2022-01,0,0,0,0.0
16727,2022-02,0,0,0,0.0
16727,2022-03,0,0,0,0.0
16727,2022-04,0,0,0,0.0
16727,2022-05,0,0,0,0.0
16727,2022-06,0,0,0,0.0
16727,2022-07,0,0,0,0.0
16727,2022-08,0,0,0,0.0
16727,2022-09,0,0,0,0.0
16727,2022-10,0,0,0,0.0
16727,2022-11,0,0,0,0.0
16727,2022-12,0,0,0,0.0
16729,2022-01,0,0,0,0.0
16729,2022-02,0,0,0,0.0
16729,2022-03,0,0,0,0.0
16729,2022-04,0,0,0,0.0
16729,2022-05,0,0,0,0.0
16729,2022-06,0,0,0,0.0
16729,2022-07,0,0,0,0.0
16729,2022-08,0,0,0,0.0
16729,2022-09,0,0,0,0.0
16729,2022-10,0,0,0,0.0
16729,2022-11,0,0,0,0.0
16729,2022-12,0,0,0,0.0
16730,2022-01,0,0,0,0.0
16730,2022-02,0,0,0,0.0
16730,2022-03,0,0,0,0.0
16730,2022-04,0,0,0,0.0
16730,2022-05,0,0,0,0.0
16730,2022-06,0,0,0,0.0
16730,2022-07,0,0,0,0.0
16730,2022-08,0,0,0,0.0
16730,2022-09,0,0,0,0.0
16730,2022-10,0,0,0,0.0
16730,2022-11,0,0,0,0.0
16730,2022-12,0,0,0,0.0
16731,2022-01,0,0,0,0.0
16731,2022-02,0,0,0,0.0
16731,2022-03,0,0,0,0.0
16731,2022-04,0,0,0,0.0
16731,2022-05,0,0,0,0.0
16731,2022-06,0,0,0,0.0
16731,2022-07,0,0,0,0.0
16731,2022-08,0,0,0,0.0
16731,2022-09,0,0,0,0.0
16731,2022-10,0,0,0,0.0
16731,2022-11,0,0,0,0.0
16731,2022-12,0,0,0,0.0
16732,2022-01,0,0,0,0.0
16732,2022-02,0,0,0,0.0
16732,2022-03,0,0,0,0.0
16732,2022-04,0,0,0,0.0
16732,2022-05,0,0,0,0.0
16732,2022-06,0,0,0,0.0
16732,2022-07,0,0,0,0.0
16732,2022-08,0,0,0,0.0
16732,2022-09,0,0,0,0.0
16732,2022-10,0,0,0,0.0
16732,2022-11,0,0,0,0.0
16732,2022-12,0,0,0,0.0
16733,2022-01,0,0,0,0.0
16733,2022-02,0,0,0,0.0
16733,2022-03,0,0,0,0.0
16733,2022-04,0,0,0,0.0
16733,2022-05,0,0,0,0.0
16733,2022-06,0,0,0,0.0
16733,2022-07,0,0,0,0.0
16733,2022-08,0,0,0,0.0
16733,2022-09,0,0,0,0.0
16733,2022-10,0,0,0,0.0
16733,2022-11,0,0,0,0.0
16733,2022-12,0,0,0,0.0
16734,2022-01,0,0,0,0.0
16734,2022-02,0,0,0,0.0
16734,2022-03,0,0,0,0.0
16734,2022-04,0,0,0,0.0
16734,2022-05,0,0,0,0.0
16734,2022-06,0,0,0,0.0
16734,2022-07,0,0,0,0.0
16734,2022-08,0,0,0,0.0
16734,2022-09,0,0,0,0.0
16734,2022-10,0,0,0,0.0
16734,2022-11,0,0,0,0.0
16734,2022-12,0,0,0,0.0
16735,2022-01,0,0,0,0.0
16735,2022-02,0,0,0,0.0
16735,2022-03,0,0,0,0.0
16735,2022-04,0,0,0,0.0
16735,2022-05,0,0,0,1.0
16735,2022-06,0,0,0,0.0
16735,2022-07,0,0,0,0.0
16735,2022-08,0,0,0,0.0
16735,2022-09,0,0,0,0.0
16735,2022-10,0,0,0,0.0
16735,2022-11,0,0,0,0.0
16735,2022-12,0,0,0,0.0
16738,2022-01,0,0,0,0.0
16738,2022-02,0,0,0,0.0
16738,2022-03,0,0,0,0.0
16738,2022-04,0,0,0,0.0
16738,2022-05,0,0,0,0.0
16738,2022-06,0,0,0,0.0
16738,2022-07,0,0,0,0.0
16738,2022-08,0,0,0,0.0
16738,2022-09,0,0,0,0.0
16738,2022-10,0,0,0,0.0
16738,2022-11,0,0,0,0.0
16738,2022-12,0,0,0,0.0
16740,2022-01,0,0,0,0.0
16740,2022-02,0,0,0,0.0
16740,2022-03,0,0,0,0.0
16740,2022-04,0,0,0,0.0
16740,2022-05,0,0,0,0.0
16740,2022-06,0,0,0,0.0
16740,2022-07,0,0,0,0.0
16740,2022-08,0,0,0,0.0
16740,2022-09,0,0,0,0.0
16740,2022-10,0,0,0,0.0
16740,2022-11,0,0,0,0.0
16740,2022-12,0,0,0,0.0
16743,2022-01,0,0,0,0.0
16743,2022-02,0,0,0,0.0
16743,2022-03,0,0,0,0.0
16743,2022-04,0,0,0,0.0
16743,2022-05,0,0,0,0.0
16743,2022-06,0,0,0,0.0
16743,2022-07,0,0,0,0.0
16743,2022-08,0,0,0,0.0
16743,2022-09,0,0,0,0.0
16743,2022-10,0,0,0,0.0
16743,2022-11,0,0,0,0.0
16743,2022-12,0,0,0,0.0
16744,2022-01,0,0,0,0.0
16744,2022-02,0,0,0,0.0
16744,2022-03,0,0,0,0.0
16744,2022-04,0,0,0,0.0
16744,2022-05,0,0,0,0.0
16744,2022-06,0,0,0,0.0
16744,2022-07,0,0,0,0.0
16744,2022-08,0,0,0,0.0
16744,2022-09,0,0,0,0.0
16744,2022-10,0,0,0,0.0
16744,2022-11,0,0,0,0.0
16744,2022-12,0,0,0,0.0
16745,2022-01,0,0,0,0.0
16745,2022-02,0,0,0,0.0
16745,2022-03,0,0,0,0.0
16745,2022-04,0,0,0,0.0
16745,2022-05,0,0,0,0.0
16745,2022-06,0,0,0,0.0
16745,2022-07,0,0,0,0.0
16745,2022-08,0,0,0,0.0
16745,2022-09,0,0,0,0.0
16745,2022-10,0,0,0,0.0
16745,2022-11,0,0,0,0.0
16745,2022-12,0,0,0,0.0
16746,2022-01,0,0,0,0.0
16746,2022-02,0,0,0,0.0
16746,2022-03,0,0,0,0.0
16746,2022-04,0,0,0,0.0
16746,2022-05,0,0,0,0.0
16746,2022-06,0,0,0,0.0
16746,2022-07,0,0,0,0.0
16746,2022-08,0,0,0,0.0
16746,2022-09,0,0,0,0.0
16746,2022-10,0,0,0,0.0
16746,2022-11,0,0,0,0.0
16746,2022-12,0,0,0,0.0
16748,2022-01,0,0,0,0.0
16748,2022-02,0,0,0,0.0
16748,2022-03,0,0,0,0.0
16748,2022-04,0,0,0,0.0
16748,2022-05,0,0,0,0.0
16748,2022-06,0,0,0,0.0
16748,2022-07,0,0,0,0.0
16748,2022-08,0,0,0,0.0
16748,2022-09,0,0,0,0.0
16748,2022-10,0,0,0,0.0
16748,2022-11,0,0,0,0.0
16748,2022-12,0,0,0,0.0
16749,2022-01,0,0,0,0.0
16749,2022-02,0,0,0,0.0
16749,2022-03,0,0,0,0.0
16749,2022-04,0,0,0,0.0
16749,2022-05,0,0,0,0.0
16749,2022-06,0,0,0,0.0
16749,2022-07,0,0,0,0.0
16749,2022-08,0,0,0,0.0
16749,2022-09,0,0,0,0.0
16749,2022-10,0,0,0,0.0
16749,2022-11,0,0,0,0.0
16749,2022-12,0,0,0,0.0
16750,2022-01,0,0,0,0.0
16750,2022-02,0,0,0,0.0
16750,2022-03,0,0,0,0.0
16750,2022-04,0,0,0,0.0
16750,2022-05,0,0,0,0.0
16750,2022-06,0,0,0,0.0
16750,2022-07,0,0,0,0.0
16750,2022-08,0,0,0,0.0
16750,2022-09,0,0,0,0.0
16750,2022-10,0,0,0,0.0
16750,2022-11,0,0,0,0.0
16750,2022-12,0,0,0,0.0
16801,2022-01,Centre,0,1,0.0
16801,2022-02,Centre,0,1,0.0
16801,2022-03,Centre,0,3,0.0
16801,2022-04,Centre,0,3,1.0
16801,2022-05,Centre,0,3,0.0
16801,2022-06,Centre,0,1,0.0
16801,2022-07,Centre,0,1,0.0
16801,2022-08,Centre,0,1,0.0
16801,2022-09,Centre,0,1,0.0
16801,2022-10,Centre,0,4,0.0
16801,2022-11,Centre,0,5,0.0
16801,2022-12,Centre,0,2,0.0
16802,2022-01,0,0,0,1.0
16802,2022-02,0,0,0,1.0
16802,2022-03,0,0,0,3.0
16802,2022-04,0,0,0,3.0
16802,2022-05,0,0,0,3.0
16802,2022-06,0,0,0,1.0
16802,2022-07,0,0,0,1.0
16802,2022-08,0,0,0,1.0
16802,2022-09,0,0,0,1.0
16802,2022-10,0,0,0,4.0
16802,2022-11,0,0,0,5.0
16802,2022-12,0,0,0,2.0
16803,2022-01,0,0,0,1.0
16803,2022-02,0,0,0,1.0
16803,2022-03,0,0,0,3.0
16803,2022-04,0,0,0,3.0
16803,2022-05,0,0,0,3.0
16803,2022-06,0,0,0,1.0
16803,2022-07,0,0,0,1.0
16803,2022-08,0,0,0,1.0
16803,2022-09,0,0,0,1.0
16803,2022-10,0,0,0,4.0
16803,2022-11,0,0,0,5.0
16803,2022-12,0,0,0,2.0
16820,2022-01,0,0,0,0.0
16820,2022-02,0,0,0,0.0
16820,2022-03,0,0,0,0.0
16820,2022-04,0,0,0,0.0
16820,2022-05,0,0,0,0.0
16820,2022-06,0,0,0,0.0
16820,2022-07,0,0,0,0.0
16820,2022-08,0,0,0,0.0
16820,2022-09,0,0,0,0.0
16820,2022-10,0,0,0,0.0
16820,2022-11,0,0,0,0.0
16820,2022-12,0,0,0,0.0
16821,2022-01,0,0,0,0.0
16821,2022-02,0,0,0,0.0
16821,2022-03,0,0,0,0.0
16821,2022-04,0,0,0,0.0
16821,2022-05,0,0,0,0.0
16821,2022-06,0,0,0,0.0
16821,2022-07,0,0,0,0.0
16821,2022-08,0,0,0,0.0
16821,2022-09,0,0,0,0.0
16821,2022-10,0,0,0,0.0
16821,2022-11,0,0,0,0.0
16821,2022-12,0,0,0,0.0
16822,2022-01,0,0,0,0.0
16822,2022-02,0,0,0,0.0
16822,2022-03,0,0,0,0.0
16822,2022-04,0,0,0,0.0
16822,2022-05,0,0,0,0.0
16822,2022-06,0,0,0,0.0
16822,2022-07,0,0,0,0.0
16822,2022-08,0,0,0,0.0
16822,2022-09,0,0,0,0.0
16822,2022-10,0,0,0,0.0
16822,2022-11,0,0,0,0.0
16822,2022-12,0,0,0,0.0
16823,2022-01,0,0,0,1.0
16823,2022-02,0,0,0,1.0
16823,2022-03,0,0,0,3.0
16823,2022-04,0,0,0,4.0
16823,2022-05,0,0,0,3.0
16823,2022-06,0,0,0,1.0
16823,2022-07,0,0,0,1.0
16823,2022-08,0,0,0,1.0
16823,2022-09,0,0,0,1.0
16823,2022-10,0,0,0,4.0
16823,2022-11,0,0,0,5.0
16823,2022-12,0,0,0,2.0
16825,2022-01,0,0,0,0.0
16825,2022-02,0,0,0,0.0
16825,2022-03,0,0,0,0.0
16825,2022-04,0,0,0,0.0
16825,2022-05,0,0,0,0.0
16825,2022-06,0,0,0,0.0
16825,2022-07,0,0,0,0.0
16825,2022-08,0,0,0,0.0
16825,2022-09,0,0,0,0.0
16825,2022-10,0,0,0,0.0
16825,2022-11,0,0,0,0.0
16825,2022-12,0,0,0,0.0
16826,2022-01,0,0,0,0.0
16826,2022-02,0,0,0,0.0
16826,2022-03,0,0,0,0.0
16826,2022-04,0,0,0,0.0
16826,2022-05,0,0,0,0.0
16826,2022-06,0,0,0,0.0
16826,2022-07,0,0,0,0.0
16826,2022-08,0,0,0,0.0
16826,2022-09,0,0,0,0.0
16826,2022-10,0,0,0,0.0
16826,2022-11,0,0,0,0.0
16826,2022-12,0,0,0,0.0
16827,2022-01,0,0,0,1.0
16827,2022-02,0,0,0,1.0
16827,2022-03,0,0,0,3.0
16827,2022-04,0,0,0,4.0
16827,2022-05,0,0,0,3.0
16827,2022-06,0,0,0,1.0
16827,2022-07,0,0,0,1.0
16827,2022-08,0,0,0,1.0
16827,2022-09,0,0,0,1.0
16827,2022-10,0,0,0,4.0
16827,2022-11,0,0,0,5.0
16827,2022-12,0,0,0,2.0
16828,2022-01,Centre,0,0,1.0
16828,2022-02,Centre,0,0,1.0
16828,2022-03,Centre,0,0,3.0
16828,2022-04,Centre,0,1,3.0
16828,2022-05,Centre,0,0,3.0
16828,2022-06,Centre,0,0,1.0
16828,2022-07,Centre,0,0,1.0
16828,2022-08,Centre,0,0,1.0
16828,2022-09,Centre,0,0,1.0
16828,2022-10,Centre,0,0,4.0
16828,2022-11,Centre,0,0,5.0
16828,2022-12,Centre,0,0,2.0
16829,2022-01,0,0,0,0.0
16829,2022-02,0,0,0,0.0
16829,2022-03,0,0,0,0.0
16829,2022-04,0,0,0,0.0
16829,2022-05,0,0,0,0.0
16829,2022-06,0,0,0,0.0
16829,2022-07,0,0,0,0.0
16829,2022-08,0,0,0,0.0
16829,2022-09,0,0,0,0.0
16829,2022-10,0,0,0,0.0
16829,2022-11,0,0,0,0.0
16829,2022-12,0,0,0,0.0
16830,2022-01,0,0,0,0.0
16830,2022-02,0,0,0,0.0
16830,2022-03,0,0,0,1.0
16830,2022-04,0,0,0,0.0
16830,2022-05,0,0,0,0.0
16830,2022-06,0,0,0,0.0
16830,2022-07,0,0,0,0.0
16830,2022-08,0,0,0,0.0
16830,2022-09,0,0,0,0.0
16830,2022-10,0,0,0,0.0
16830,2022-11,0,0,0,0.0
16830,2022-12,0,0,0,0.0
16832,2022-01,0,0,0,0.0
16832,2022-02,0,0,0,0.0
16832,2022-03,0,0,0,0.0
16832,2022-04,0,0,0,0.0
16832,2022-05,0,0,0,0.0
16832,2022-06,0,0,0,0.0
16832,2022-07,0,0,0,0.0
16832,2022-08,0,0,0,0.0
16832,2022-09,0,0,0,0.0
16832,2022-10,0,0,0,0.0
16832,2022-11,0,0,0,0.0
16832,2022-12,0,0,0,0.0
16833,2022-01,0,0,0,0.0
16833,2022-02,0,0,0,0.0
16833,2022-03,0,0,0,0.0
16833,2022-04,0,0,0,0.0
16833,2022-05,0,0,0,0.0
16833,2022-06,0,0,0,0.0
16833,2022-07,0,0,0,0.0
16833,2022-08,0,0,0,0.0
16833,2022-09,0,0,0,0.0
16833,2022-10,0,0,0,0.0
16833,2022-11,0,0,0,0.0
16833,2022-12,0,0,0,0.0
16834,2022-01,0,0,0,0.0
16834,2022-02,0,0,0,0.0
16834,2022-03,0,0,0,1.0
16834,2022-04,0,0,0,0.0
16834,2022-05,0,0,0,0.0
16834,2022-06,0,0,0,0.0
16834,2022-07,0,0,0,0.0
16834,2022-08,0,0,0,0.0
16834,2022-09,0,0,0,0.0
16834,2022-10,0,0,0,0.0
16834,2022-11,0,0,0,0.0
16834,2022-12,0,0,0,0.0
16835,2022-01,0,0,0,0.0
16835,2022-02,0,0,0,0.0
16835,2022-03,0,0,0,0.0
16835,2022-04,0,0,0,0.0
16835,2022-05,0,0,0,0.0
16835,2022-06,0,0,0,0.0
16835,2022-07,0,0,0,0.0
16835,2022-08,0,0,0,0.0
16835,2022-09,0,0,0,0.0
16835,2022-10,0,0,0,0.0
16835,2022-11,0,0,0,0.0
16835,2022-12,0,0,0,0.0
16836,2022-01,0,0,0,0.0
16836,2022-02,0,0,0,0.0
16836,2022-03,0,0,0,0.0
16836,2022-04,0,0,0,0.0
16836,2022-05,0,0,0,0.0
16836,2022-06,0,0,0,0.0
16836,2022-07,0,0,0,0.0
16836,2022-08,0,0,0,0.0
16836,2022-09,0,0,0,0.0
16836,2022-10,0,0,0,0.0
16836,2022-11,0,0,0,0.0
16836,2022-12,0,0,0,0.0
16837,2022-01,0,0,0,0.0
16837,2022-02,0,0,0,0.0
16837,2022-03,0,0,0,0.0
16837,2022-04,0,0,0,0.0
16837,2022-05,0,0,0,0.0
16837,2022-06,0,0,0,0.0
16837,2022-07,0,0,0,0.0
16837,2022-08,0,0,0,0.0
16837,2022-09,0,0,0,0.0
16837,2022-10,0,0,0,0.0
16837,2022-11,0,0,0,0.0
16837,2022-12,0,0,0,0.0
16838,2022-01,0,0,0,0.0
16838,2022-02,0,0,0,0.0
16838,2022-03,0,0,0,0.0
16838,2022-04,0,0,0,0.0
16838,2022-05,0,0,0,0.0
16838,2022-06,0,0,0,0.0
16838,2022-07,0,0,0,0.0
16838,2022-08,0,0,0,0.0
16838,2022-09,0,0,0,0.0
16838,2022-10,0,0,0,0.0
16838,2022-11,0,0,0,0.0
16838,2022-12,0,0,0,0.0
16839,2022-01,0,0,0,0.0
16839,2022-02,0,0,0,0.0
16839,2022-03,0,0,0,0.0
16839,2022-04,0,0,0,0.0
16839,2022-05,0,0,0,0.0
16839,2022-06,0,0,0,0.0
16839,2022-07,0,0,0,0.0
16839,2022-08,0,0,0,0.0
16839,2022-09,0,0,0,0.0
16839,2022-10,0,0,0,0.0
16839,2022-11,0,0,0,0.0
16839,2022-12,0,0,0,0.0
16840,2022-01,0,0,0,0.0
16840,2022-02,0,0,0,0.0
16840,2022-03,0,0,0,1.0
16840,2022-04,0,0,0,0.0
16840,2022-05,0,0,0,0.0
16840,2022-06,0,0,0,0.0
16840,2022-07,0,0,0,0.0
16840,2022-08,0,0,0,0.0
16840,2022-09,0,0,0,0.0
16840,2022-10,0,0,0,0.0
16840,2022-11,0,0,0,0.0
16840,2022-12,0,0,0,0.0
16841,2022-01,0,0,0,0.0
16841,2022-02,0,0,0,0.0
16841,2022-03,0,0,0,0.0
16841,2022-04,0,0,0,1.0
16841,2022-05,0,0,0,0.0
16841,2022-06,0,0,0,0.0
16841,2022-07,0,0,0,0.0
16841,2022-08,0,0,0,0.0
16841,2022-09,0,0,0,0.0
16841,2022-10,0,0,0,0.0
16841,2022-11,0,0,0,0.0
16841,2022-12,0,0,0,0.0
16843,2022-01,0,0,0,0.0
16843,2022-02,0,0,0,0.0
16843,2022-03,0,0,0,0.0
16843,2022-04,0,0,0,0.0
16843,2022-05,0,0,0,0.0
16843,2022-06,0,0,0,0.0
16843,2022-07,0,0,0,0.0
16843,2022-08,0,0,0,0.0
16843,2022-09,0,0,0,0.0
16843,2022-10,0,0,0,0.0
16843,2022-11,0,0,0,0.0
16843,2022-12,0,0,0,0.0
16844,2022-01,0,0,0,0.0
16844,2022-02,0,0,0,0.0
16844,2022-03,0,0,0,1.0
16844,2022-04,0,0,0,0.0
16844,2022-05,0,0,0,0.0
16844,2022-06,0,0,0,0.0
16844,2022-07,0,0,0,0.0
16844,2022-08,0,0,0,0.0
16844,2022-09,0,0,0,0.0
16844,2022-10,0,0,0,0.0
16844,2022-11,0,0,0,0.0
16844,2022-12,0,0,0,0.0
16845,2022-01,0,0,0,0.0
16845,2022-02,0,0,0,0.0
16845,2022-03,0,0,0,0.0
16845,2022-04,0,0,0,0.0
16845,2022-05,0,0,0,0.0
16845,2022-06,0,0,0,0.0
16845,2022-07,0,0,0,0.0
16845,2022-08,0,0,0,0.0
16845,2022-09,0,0,0,0.0
16845,2022-10,0,0,0,0.0
16845,2022-11,0,0,0,0.0
16845,2022-12,0,0,0,0.0
16847,2022-01,0,0,0,0.0
16847,2022-02,0,0,0,0.0
16847,2022-03,0,0,0,0.0
16847,2022-04,0,0,0,0.0
16847,2022-05,0,0,0,0.0
16847,2022-06,0,0,0,0.0
16847,2022-07,0,0,0,0.0
16847,2022-08,0,0,0,0.0
16847,2022-09,0,0,0,0.0
16847,2022-10,0,0,0,0.0
16847,2022-11,0,0,0,0.0
16847,2022-12,0,0,0,0.0
16848,2022-01,0,0,0,0.0
16848,2022-02,0,0,0,0.0
16848,2022-03,0,0,0,0.0
16848,2022-04,0,0,0,0.0
16848,2022-05,0,0,0,0.0
16848,2022-06,0,0,0,0.0
16848,2022-07,0,0,0,0.0
16848,2022-08,0,0,0,0.0
16848,2022-09,0,0,0,0.0
16848,2022-10,0,0,0,0.0
16848,2022-11,0,0,0,0.0
16848,2022-12,0,0,0,0.0
16849,2022-01,0,0,0,0.0
16849,2022-02,0,0,0,0.0
16849,2022-03,0,0,0,1.0
16849,2022-04,0,0,0,0.0
16849,2022-05,0,0,0,0.0
16849,2022-06,0,0,0,0.0
16849,2022-07,0,0,0,0.0
16849,2022-08,0,0,0,0.0
16849,2022-09,0,0,0,0.0
16849,2022-10,0,0,0,0.0
16849,2022-11,0,0,0,0.0
16849,2022-12,0,0,0,0.0
16851,2022-01,0,0,0,1.0
16851,2022-02,0,0,0,1.0
16851,2022-03,0,0,0,3.0
16851,2022-04,0,0,0,4.0
16851,2022-05,0,0,0,3.0
16851,2022-06,0,0,0,1.0
16851,2022-07,0,0,0,1.0
16851,2022-08,0,0,0,1.0
16851,2022-09,0,0,0,1.0
16851,2022-10,0,0,0,4.0
16851,2022-11,0,0,0,5.0
16851,2022-12,0,0,0,2.0
16852,2022-01,0,0,0,0.0
16852,2022-02,0,0,0,0.0
16852,2022-03,0,0,0,0.0
16852,2022-04,0,0,0,0.0
16852,2022-05,0,0,0,0.0
16852,2022-06,0,0,0,0.0
16852,2022-07,0,0,0,0.0
16852,2022-08,0,0,0,0.0
16852,2022-09,0,0,0,0.0
16852,2022-10,0,0,0,0.0
16852,2022-11,0,0,0,0.0
16852,2022-12,0,0,0,0.0
16853,2022-01,0,0,0,0.0
16853,2022-02,0,0,0,0.0
16853,2022-03,0,0,0,0.0
16853,2022-04,0,0,0,0.0
16853,2022-05,0,0,0,0.0
16853,2022-06,0,0,0,0.0
16853,2022-07,0,0,0,0.0
16853,2022-08,0,0,0,0.0
16853,2022-09,0,0,0,0.0
16853,2022-10,0,0,0,0.0
16853,2022-11,0,0,0,0.0
16853,2022-12,0,0,0,0.0
16854,2022-01,0,0,0,0.0
16854,2022-02,0,0,0,0.0
16854,2022-03,0,0,0,0.0
16854,2022-04,0,0,0,0.0
16854,2022-05,0,0,0,0.0
16854,2022-06,0,0,0,0.0
16854,2022-07,0,0,0,0.0
16854,2022-08,0,0,0,0.0
16854,2022-09,0,0,0,0.0
16854,2022-10,0,0,0,0.0
16854,2022-11,0,0,0,0.0
16854,2022-12,0,0,0,0.0
16855,2022-01,0,0,0,0.0
16855,2022-02,0,0,0,0.0
16855,2022-03,0,0,0,0.0
16855,2022-04,0,0,0,0.0
16855,2022-05,0,0,0,0.0
16855,2022-06,0,0,0,0.0
16855,2022-07,0,0,0,0.0
16855,2022-08,0,0,0,0.0
16855,2022-09,0,0,0,0.0
16855,2022-10,0,0,0,0.0
16855,2022-11,0,0,0,0.0
16855,2022-12,0,0,0,0.0
16856,2022-01,0,0,0,0.0
16856,2022-02,0,0,0,0.0
16856,2022-03,0,0,0,0.0
16856,2022-04,0,0,0,0.0
16856,2022-05,0,0,0,0.0
16856,2022-06,0,0,0,0.0
16856,2022-07,0,0,0,0.0
16856,2022-08,0,0,0,0.0
16856,2022-09,0,0,0,0.0
16856,2022-10,0,0,0,0.0
16856,2022-11,0,0,0,0.0
16856,2022-12,0,0,0,0.0
16858,2022-01,0,0,0,0.0
16858,2022-02,0,0,0,0.0
16858,2022-03,0,0,0,1.0
16858,2022-04,0,0,0,0.0
16858,2022-05,0,0,0,0.0
16858,2022-06,0,0,0,0.0
16858,2022-07,0,0,0,0.0
16858,2022-08,0,0,0,0.0
16858,2022-09,0,0,0,0.0
16858,2022-10,0,0,0,0.0
16858,2022-11,0,0,0,0.0
16858,2022-12,0,0,0,0.0
16859,2022-01,0,0,0,0.0
16859,2022-02,0,0,0,0.0
16859,2022-03,0,0,0,1.0
16859,2022-04,0,0,0,0.0
16859,2022-05,0,0,0,0.0
16859,2022-06,0,0,0,0.0
16859,2022-07,0,0,0,0.0
16859,2022-08,0,0,0,0.0
16859,2022-09,0,0,0,0.0
16859,2022-10,0,0,0,0.0
16859,2022-11,0,0,0,0.0
16859,2022-12,0,0,0,0.0
16860,2022-01,0,0,0,0.0
16860,2022-02,0,0,0,0.0
16860,2022-03,0,0,0,1.0
16860,2022-04,0,0,0,0.0
16860,2022-05,0,0,0,0.0
16860,2022-06,0,0,0,0.0
16860,2022-07,0,0,0,0.0
16860,2022-08,0,0,0,0.0
16860,2022-09,0,0,0,0.0
16860,2022-10,0,0,0,0.0
16860,2022-11,0,0,0,0.0
16860,2022-12,0,0,0,0.0
16861,2022-01,0,0,0,0.0
16861,2022-02,0,0,0,0.0
16861,2022-03,0,0,0,0.0
16861,2022-04,0,0,0,0.0
16861,2022-05,0,0,0,0.0
16861,2022-06,0,0,0,0.0
16861,2022-07,0,0,0,0.0
16861,2022-08,0,0,0,0.0
16861,2022-09,0,0,0,0.0
16861,2022-10,0,0,0,0.0
16861,2022-11,0,0,0,0.0
16861,2022-12,0,0,0,0.0
16863,2022-01,0,0,0,0.0
16863,2022-02,0,0,0,0.0
16863,2022-03,0,0,0,1.0
16863,2022-04,0,0,0,0.0
16863,2022-05,0,0,0,0.0
16863,2022-06,0,0,0,0.0
16863,2022-07,0,0,0,0.0
16863,2022-08,0,0,0,0.0
16863,2022-09,0,0,0,0.0
16863,2022-10,0,0,0,0.0
16863,2022-11,0,0,0,0.0
16863,2022-12,0,0,0,0.0
16864,2022-01,0,0,0,0.0
16864,2022-02,0,0,0,0.0
16864,2022-03,0,0,0,0.0
16864,2022-04,0,0,0,0.0
16864,2022-05,0,0,0,0.0
16864,2022-06,0,0,0,0.0
16864,2022-07,0,0,0,0.0
16864,2022-08,0,0,0,0.0
16864,2022-09,0,0,0,0.0
16864,2022-10,0,0,0,0.0
16864,2022-11,0,0,0,0.0
16864,2022-12,0,0,0,0.0
16865,2022-01,0,0,0,1.0
16865,2022-02,0,0,0,1.0
16865,2022-03,0,0,0,3.0
16865,2022-04,0,0,0,3.0
16865,2022-05,0,0,0,3.0
16865,2022-06,0,0,0,1.0
16865,2022-07,0,0,0,1.0
16865,2022-08,0,0,0,1.0
16865,2022-09,0,0,0,1.0
16865,2022-10,0,0,0,4.0
16865,2022-11,0,0,0,5.0
16865,2022-12,0,0,0,2.0
16866,2022-01,Centre,0,0,0.0
16866,2022-02,Centre,0,0,0.0
16866,2022-03,Centre,0,1,1.0
16866,2022-04,Centre,0,0,0.0
16866,2022-05,Centre,0,0,0.0
16866,2022-06,Centre,0,0,0.0
16866,2022-07,Centre,0,0,0.0
16866,2022-08,Centre,0,0,0.0
16866,2022-09,Centre,0,0,0.0
16866,2022-10,Centre,0,0,0.0
16866,2022-11,Centre,0,0,0.0
16866,2022-12,Centre,0,0,0.0
16868,2022-01,0,0,0,1.0
16868,2022-02,0,0,0,1.0
16868,2022-03,0,0,0,3.0
16868,2022-04,0,0,0,3.0
16868,2022-05,0,0,0,3.0
16868,2022-06,0,0,0,1.0
16868,2022-07,0,0,0,1.0
16868,2022-08,0,0,0,1.0
16868,2022-09,0,0,0,1.0
16868,2022-10,0,0,0,4.0
16868,2022-11,0,0,0,5.0
16868,2022-12,0,0,0,2.0
16870,2022-01,0,0,0,0.0
16870,2022-02,0,0,0,0.0
16870,2022-03,0,0,0,1.0
16870,2022-04,0,0,0,0.0
16870,2022-05,0,0,0,0.0
16870,2022-06,0,0,0,0.0
16870,2022-07,0,0,0,0.0
16870,2022-08,0,0,0,0.0
16870,2022-09,0,0,0,0.0
16870,2022-10,0,0,0,0.0
16870,2022-11,0,0,0,0.0
16870,2022-12,0,0,0,0.0
16871,2022-01,0,0,0,0.0
16871,2022-02,0,0,0,0.0
16871,2022-03,0,0,0,0.0
16871,2022-04,0,0,0,0.0
16871,2022-05,0,0,0,0.0
16871,2022-06,0,0,0,0.0
16871,2022-07,0,0,0,0.0
16871,2022-08,0,0,0,0.0
16871,2022-09,0,0,0,0.0
16871,2022-10,0,0,0,0.0
16871,2022-11,0,0,0,0.0
16871,2022-12,0,0,0,0.0
16872,2022-01,0,0,0,0.0
16872,2022-02,0,0,0,0.0
16872,2022-03,0,0,0,0.0
16872,2022-04,0,0,0,0.0
16872,2022-05,0,0,0,0.0
16872,2022-06,0,0,0,0.0
16872,2022-07,0,0,0,0.0
16872,2022-08,0,0,0,0.0
16872,2022-09,0,0,0,0.0
16872,2022-10,0,0,0,0.0
16872,2022-11,0,0,0,0.0
16872,2022-12,0,0,0,0.0
16874,2022-01,0,0,0,0.0
16874,2022-02,0,0,0,0.0
16874,2022-03,0,0,0,1.0
16874,2022-04,0,0,0,0.0
16874,2022-05,0,0,0,0.0
16874,2022-06,0,0,0,0.0
16874,2022-07,0,0,0,0.0
16874,2022-08,0,0,0,0.0
16874,2022-09,0,0,0,0.0
16874,2022-10,0,0,0,0.0
16874,2022-11,0,0,0,0.0
16874,2022-12,0,0,0,0.0
16875,2022-01,0,0,0,0.0
16875,2022-02,0,0,0,0.0
16875,2022-03,0,0,0,0.0
16875,2022-04,0,0,0,1.0
16875,2022-05,0,0,0,0.0
16875,2022-06,0,0,0,0.0
16875,2022-07,0,0,0,0.0
16875,2022-08,0,0,0,0.0
16875,2022-09,0,0,0,0.0
16875,2022-10,0,0,0,0.0
16875,2022-11,0,0,0,0.0
16875,2022-12,0,0,0,0.0
16876,2022-01,0,0,0,0.0
16876,2022-02,0,0,0,0.0
16876,2022-03,0,0,0,0.0
16876,2022-04,0,0,0,0.0
16876,2022-05,0,0,0,0.0
16876,2022-06,0,0,0,0.0
16876,2022-07,0,0,0,0.0
16876,2022-08,0,0,0,0.0
16876,2022-09,0,0,0,0.0
16876,2022-10,0,0,0,0.0
16876,2022-11,0,0,0,0.0
16876,2022-12,0,0,0,0.0
16877,2022-01,0,0,0,0.0
16877,2022-02,0,0,0,0.0
16877,2022-03,0,0,0,0.0
16877,2022-04,0,0,0,0.0
16877,2022-05,0,0,0,0.0
16877,2022-06,0,0,0,0.0
16877,2022-07,0,0,0,0.0
16877,2022-08,0,0,0,0.0
16877,2022-09,0,0,0,0.0
16877,2022-10,0,0,0,0.0
16877,2022-11,0,0,0,0.0
16877,2022-12,0,0,0,0.0
16878,2022-01,0,0,0,0.0
16878,2022-02,0,0,0,0.0
16878,2022-03,0,0,0,1.0
16878,2022-04,0,0,0,0.0
16878,2022-05,0,0,0,0.0
16878,2022-06,0,0,0,0.0
16878,2022-07,0,0,0,0.0
16878,2022-08,0,0,0,0.0
16878,2022-09,0,0,0,0.0
16878,2022-10,0,0,0,0.0
16878,2022-11,0,0,0,0.0
16878,2022-12,0,0,0,0.0
16879,2022-01,0,0,0,0.0
16879,2022-02,0,0,0,0.0
16879,2022-03,0,0,0,0.0
16879,2022-04,0,0,0,0.0
16879,2022-05,0,0,0,0.0
16879,2022-06,0,0,0,0.0
16879,2022-07,0,0,0,0.0
16879,2022-08,0,0,0,0.0
16879,2022-09,0,0,0,0.0
16879,2022-10,0,0,0,0.0
16879,2022-11,0,0,0,0.0
16879,2022-12,0,0,0,0.0
16881,2022-01,0,0,0,0.0
16881,2022-02,0,0,0,0.0
16881,2022-03,0,0,0,0.0
16881,2022-04,0,0,0,0.0
16881,2022-05,0,0,0,0.0
16881,2022-06,0,0,0,0.0
16881,2022-07,0,0,0,0.0
16881,2022-08,0,0,0,0.0
16881,2022-09,0,0,0,0.0
16881,2022-10,0,0,0,0.0
16881,2022-11,0,0,0,0.0
16881,2022-12,0,0,0,0.0
16882,2022-01,0,0,0,0.0
16882,2022-02,0,0,0,0.0
16882,2022-03,0,0,0,0.0
16882,2022-04,0,0,0,0.0
16882,2022-05,0,0,0,0.0
16882,2022-06,0,0,0,0.0
16882,2022-07,0,0,0,0.0
16882,2022-08,0,0,0,0.0
16882,2022-09,0,0,0,0.0
16882,2022-10,0,0,0,0.0
16882,2022-11,0,0,0,0.0
16882,2022-12,0,0,0,0.0
16901,2022-01,0,0,0,0.0
16901,2022-02,0,0,0,0.0
16901,2022-03,0,0,0,0.0
16901,2022-04,0,0,0,0.0
16901,2022-05,0,0,0,0.0
16901,2022-06,0,0,0,0.0
16901,2022-07,0,0,0,0.0
16901,2022-08,0,0,0,0.0
16901,2022-09,0,0,0,0.0
16901,2022-10,0,0,0,0.0
16901,2022-11,0,0,0,0.0
16901,2022-12,0,0,0,0.0
16910,2022-01,0,0,0,0.0
16910,2022-02,0,0,0,0.0
16910,2022-03,0,0,0,0.0
16910,2022-04,0,0,0,0.0
16910,2022-05,0,0,0,0.0
16910,2022-06,0,0,0,0.0
16910,2022-07,0,0,0,0.0
16910,2022-08,0,0,0,0.0
16910,2022-09,0,0,0,0.0
16910,2022-10,0,0,0,0.0
16910,2022-11,0,0,0,0.0
16910,2022-12,0,0,0,0.0
16911,2022-01,0,0,0,0.0
16911,2022-02,0,0,0,0.0
16911,2022-03,0,0,0,0.0
16911,2022-04,0,0,0,0.0
16911,2022-05,0,0,0,0.0
16911,2022-06,0,0,0,0.0
16911,2022-07,0,0,0,0.0
16911,2022-08,0,0,0,0.0
16911,2022-09,0,0,0,0.0
16911,2022-10,0,0,0,0.0
16911,2022-11,0,0,0,0.0
16911,2022-12,0,0,0,0.0
16912,2022-01,0,0,0,0.0
16912,2022-02,0,0,0,0.0
16912,2022-03,0,0,0,0.0
16912,2022-04,0,0,0,0.0
16912,2022-05,0,0,0,0.0
16912,2022-06,0,0,0,0.0
16912,2022-07,0,0,0,0.0
16912,2022-08,0,0,0,0.0
16912,2022-09,0,0,0,0.0
16912,2022-10,0,0,0,0.0
16912,2022-11,0,0,0,0.0
16912,2022-12,0,0,0,0.0
16914,2022-01,0,0,0,0.0
16914,2022-02,0,0,0,0.0
16914,2022-03,0,0,0,0.0
16914,2022-04,0,0,0,0.0
16914,2022-05,0,0,0,0.0
16914,2022-06,0,0,0,0.0
16914,2022-07,0,0,0,0.0
16914,2022-08,0,0,0,0.0
16914,2022-09,0,0,0,0.0
16914,2022-10,0,0,0,0.0
16914,2022-11,0,0,0,0.0
16914,2022-12,0,0,0,0.0
16915,2022-01,0,0,0,0.0
16915,2022-02,0,0,0,0.0
16915,2022-03,0,0,0,0.0
16915,2022-04,0,0,0,0.0
16915,2022-05,0,0,0,0.0
16915,2022-06,0,0,0,0.0
16915,2022-07,0,0,0,0.0
16915,2022-08,0,0,0,0.0
16915,2022-09,0,0,0,0.0
16915,2022-10,0,0,0,0.0
16915,2022-11,0,0,0,0.0
16915,2022-12,0,0,0,0.0
16917,2022-01,0,0,0,0.0
16917,2022-02,0,0,0,0.0
16917,2022-03,0,0,0,0.0
16917,2022-04,0,0,0,0.0
16917,2022-05,0,0,0,0.0
16917,2022-06,0,0,0,0.0
16917,2022-07,0,0,0,0.0
16917,2022-08,0,0,0,0.0
16917,2022-09,0,0,0,0.0
16917,2022-10,0,0,0,0.0
16917,2022-11,0,0,0,0.0
16917,2022-12,0,0,0,0.0
16920,2022-01,0,0,0,0.0
16920,2022-02,0,0,0,0.0
16920,2022-03,0,0,0,0.0
16920,2022-04,0,0,0,0.0
16920,2022-05,0,0,0,0.0
16920,2022-06,0,0,0,0.0
16920,2022-07,0,0,0,0.0
16920,2022-08,0,0,0,0.0
16920,2022-09,0,0,0,0.0
16920,2022-10,0,0,0,0.0
16920,2022-11,0,0,0,0.0
16920,2022-12,0,0,0,0.0
16921,2022-01,0,0,0,0.0
16921,2022-02,0,0,0,0.0
16921,2022-03,0,0,0,0.0
16921,2022-04,0,0,0,0.0
16921,2022-05,0,0,0,0.0
16921,2022-06,0,0,0,0.0
16921,2022-07,0,0,0,0.0
16921,2022-08,0,0,0,0.0
16921,2022-09,0,0,0,0.0
16921,2022-10,0,0,0,0.0
16921,2022-11,0,0,0,0.0
16921,2022-12,0,0,0,0.0
16922,2022-01,0,0,0,0.0
16922,2022-02,0,0,0,0.0
16922,2022-03,0,0,0,0.0
16922,2022-04,0,0,0,0.0
16922,2022-05,0,0,0,0.0
16922,2022-06,0,0,0,0.0
16922,2022-07,0,0,0,0.0
16922,2022-08,0,0,0,0.0
16922,2022-09,0,0,0,0.0
16922,2022-10,0,0,0,0.0
16922,2022-11,0,0,0,0.0
16922,2022-12,0,0,0,0.0
16923,2022-01,0,0,0,0.0
16923,2022-02,0,0,0,0.0
16923,2022-03,0,0,0,0.0
16923,2022-04,0,0,0,0.0
16923,2022-05,0,0,0,0.0
16923,2022-06,0,0,0,0.0
16923,2022-07,0,0,0,0.0
16923,2022-08,0,0,0,0.0
16923,2022-09,0,0,0,0.0
16923,2022-10,0,0,0,0.0
16923,2022-11,0,0,0,0.0
16923,2022-12,0,0,0,0.0
16925,2022-01,0,0,0,0.0
16925,2022-02,0,0,0,0.0
16925,2022-03,0,0,0,0.0
16925,2022-04,0,0,0,0.0
16925,2022-05,0,0,0,0.0
16925,2022-06,0,0,0,0.0
16925,2022-07,0,0,0,0.0
16925,2022-08,0,0,0,0.0
16925,2022-09,0,0,0,0.0
16925,2022-10,0,0,0,0.0
16925,2022-11,0,0,0,0.0
16925,2022-12,0,0,0,0.0
16926,2022-01,0,0,0,0.0
16926,2022-02,0,0,0,0.0
16926,2022-03,0,0,0,0.0
16926,2022-04,0,0,0,0.0
16926,2022-05,0,0,0,0.0
16926,2022-06,0,0,0,0.0
16926,2022-07,0,0,0,0.0
16926,2022-08,0,0,0,0.0
16926,2022-09,0,0,0,0.0
16926,2022-10,0,0,0,0.0
16926,2022-11,0,0,0,0.0
16926,2022-12,0,0,0,0.0
16927,2022-01,0,0,0,0.0
16927,2022-02,0,0,0,0.0
16927,2022-03,0,0,0,0.0
16927,2022-04,0,0,0,0.0
16927,2022-05,0,0,0,0.0
16927,2022-06,0,0,0,0.0
16927,2022-07,0,0,0,0.0
16927,2022-08,0,0,0,0.0
16927,2022-09,0,0,0,0.0
16927,2022-10,0,0,0,0.0
16927,2022-11,0,0,0,0.0
16927,2022-12,0,0,0,0.0
16928,2022-01,0,0,0,0.0
16928,2022-02,0,0,0,0.0
16928,2022-03,0,0,0,0.0
16928,2022-04,0,0,0,0.0
16928,2022-05,0,0,0,0.0
16928,2022-06,0,0,0,0.0
16928,2022-07,0,0,0,0.0
16928,2022-08,0,0,0,0.0
16928,2022-09,0,0,0,0.0
16928,2022-10,0,0,0,0.0
16928,2022-11,0,0,0,0.0
16928,2022-12,0,0,0,0.0
16929,2022-01,0,0,0,0.0
16929,2022-02,0,0,0,0.0
16929,2022-03,0,0,0,0.0
16929,2022-04,0,0,0,0.0
16929,2022-05,0,0,0,0.0
16929,2022-06,0,0,0,0.0
16929,2022-07,0,0,0,0.0
16929,2022-08,0,0,0,0.0
16929,2022-09,0,0,0,0.0
16929,2022-10,0,0,0,0.0
16929,2022-11,0,0,0,0.0
16929,2022-12,0,0,0,0.0
16930,2022-01,0,0,0,0.0
16930,2022-02,0,0,0,0.0
16930,2022-03,0,0,0,0.0
16930,2022-04,0,0,0,0.0
16930,2022-05,0,0,0,0.0
16930,2022-06,0,0,0,0.0
16930,2022-07,0,0,0,0.0
16930,2022-08,0,0,0,0.0
16930,2022-09,0,0,0,0.0
16930,2022-10,0,0,0,0.0
16930,2022-11,0,0,0,0.0
16930,2022-12,0,0,0,0.0
16932,2022-01,0,0,0,0.0
16932,2022-02,0,0,0,0.0
16932,2022-03,0,0,0,0.0
16932,2022-04,0,0,0,0.0
16932,2022-05,0,0,0,0.0
16932,2022-06,0,0,0,0.0
16932,2022-07,0,0,0,0.0
16932,2022-08,0,0,0,0.0
16932,2022-09,0,0,0,0.0
16932,2022-10,0,0,0,0.0
16932,2022-11,0,0,0,0.0
16932,2022-12,0,0,0,0.0
16933,2022-01,0,0,0,0.0
16933,2022-02,0,0,0,0.0
16933,2022-03,0,0,0,0.0
16933,2022-04,0,0,0,0.0
16933,2022-05,0,0,0,0.0
16933,2022-06,0,0,0,0.0
16933,2022-07,0,0,0,0.0
16933,2022-08,0,0,0,0.0
16933,2022-09,0,0,0,0.0
16933,2022-10,0,0,0,0.0
16933,2022-11,0,0,0,0.0
16933,2022-12,0,0,0,0.0
16935,2022-01,0,0,0,0.0
16935,2022-02,0,0,0,0.0
16935,2022-03,0,0,0,0.0
16935,2022-04,0,0,0,0.0
16935,2022-05,0,0,0,0.0
16935,2022-06,0,0,0,0.0
16935,2022-07,0,0,0,0.0
16935,2022-08,0,0,0,0.0
16935,2022-09,0,0,0,0.0
16935,2022-10,0,0,0,0.0
16935,2022-11,0,0,0,0.0
16935,2022-12,0,0,0,0.0
16936,2022-01,0,0,0,0.0
16936,2022-02,0,0,0,0.0
16936,2022-03,0,0,0,0.0
16936,2022-04,0,0,0,0.0
16936,2022-05,0,0,0,0.0
16936,2022-06,0,0,0,0.0
16936,2022-07,0,0,0,0.0
16936,2022-08,0,0,0,0.0
16936,2022-09,0,0,0,0.0
16936,2022-10,0,0,0,0.0
16936,2022-11,0,0,0,0.0
16936,2022-12,0,0,0,0.0
16937,2022-01,0,0,0,0.0
16937,2022-02,0,0,0,0.0
16937,2022-03,0,0,0,0.0
16937,2022-04,0,0,0,0.0
16937,2022-05,0,0,0,0.0
16937,2022-06,0,0,0,0.0
16937,2022-07,0,0,0,0.0
16937,2022-08,0,0,0,0.0
16937,2022-09,0,0,0,0.0
16937,2022-10,0,0,0,0.0
16937,2022-11,0,0,0,0.0
16937,2022-12,0,0,0,0.0
16938,2022-01,0,0,0,0.0
16938,2022-02,0,0,0,0.0
16938,2022-03,0,0,0,0.0
16938,2022-04,0,0,0,0.0
16938,2022-05,0,0,0,0.0
16938,2022-06,0,0,0,0.0
16938,2022-07,0,0,0,0.0
16938,2022-08,0,0,0,0.0
16938,2022-09,0,0,0,0.0
16938,2022-10,0,0,0,0.0
16938,2022-11,0,0,0,0.0
16938,2022-12,0,0,0,0.0
16939,2022-01,0,0,0,0.0
16939,2022-02,0,0,0,0.0
16939,2022-03,0,0,0,0.0
16939,2022-04,0,0,0,0.0
16939,2022-05,0,0,0,0.0
16939,2022-06,0,0,0,0.0
16939,2022-07,0,0,0,0.0
16939,2022-08,0,0,0,0.0
16939,2022-09,0,0,0,0.0
16939,2022-10,0,0,0,0.0
16939,2022-11,0,0,0,0.0
16939,2022-12,0,0,0,0.0
16940,2022-01,0,0,0,0.0
16940,2022-02,0,0,0,0.0
16940,2022-03,0,0,0,0.0
16940,2022-04,0,0,0,0.0
16940,2022-05,0,0,0,0.0
16940,2022-06,0,0,0,0.0
16940,2022-07,0,0,0,0.0
16940,2022-08,0,0,0,0.0
16940,2022-09,0,0,0,0.0
16940,2022-10,0,0,0,0.0
16940,2022-11,0,0,0,0.0
16940,2022-12,0,0,0,0.0
16941,2022-01,0,0,0,0.0
16941,2022-02,0,0,0,0.0
16941,2022-03,0,0,0,0.0
16941,2022-04,0,0,0,0.0
16941,2022-05,0,0,0,0.0
16941,2022-06,0,0,0,0.0
16941,2022-07,0,0,0,0.0
16941,2022-08,0,0,0,0.0
16941,2022-09,0,0,0,0.0
16941,2022-10,0,0,0,0.0
16941,2022-11,0,0,0,0.0
16941,2022-12,0,0,0,0.0
16942,2022-01,0,0,0,0.0
16942,2022-02,0,0,0,0.0
16942,2022-03,0,0,0,0.0
16942,2022-04,0,0,0,0.0
16942,2022-05,0,0,0,0.0
16942,2022-06,0,0,0,0.0
16942,2022-07,0,0,0,0.0
16942,2022-08,0,0,0,0.0
16942,2022-09,0,0,0,0.0
16942,2022-10,0,0,0,0.0
16942,2022-11,0,0,0,0.0
16942,2022-12,0,0,0,0.0
16943,2022-01,0,0,0,0.0
16943,2022-02,0,0,0,0.0
16943,2022-03,0,0,0,0.0
16943,2022-04,0,0,0,0.0
16943,2022-05,0,0,0,0.0
16943,2022-06,0,0,0,0.0
16943,2022-07,0,0,0,0.0
16943,2022-08,0,0,0,0.0
16943,2022-09,0,0,0,0.0
16943,2022-10,0,0,0,0.0
16943,2022-11,0,0,0,0.0
16943,2022-12,0,0,0,0.0
16946,2022-01,0,0,0,0.0
16946,2022-02,0,0,0,0.0
16946,2022-03,0,0,0,0.0
16946,2022-04,0,0,0,0.0
16946,2022-05,0,0,0,0.0
16946,2022-06,0,0,0,0.0
16946,2022-07,0,0,0,0.0
16946,2022-08,0,0,0,0.0
16946,2022-09,0,0,0,0.0
16946,2022-10,0,0,0,0.0
16946,2022-11,0,0,0,0.0
16946,2022-12,0,0,0,0.0
16947,2022-01,0,0,0,0.0
16947,2022-02,0,0,0,0.0
16947,2022-03,0,0,0,0.0
16947,2022-04,0,0,0,0.0
16947,2022-05,0,0,0,0.0
16947,2022-06,0,0,0,0.0
16947,2022-07,0,0,0,0.0
16947,2022-08,0,0,0,0.0
16947,2022-09,0,0,0,0.0
16947,2022-10,0,0,0,0.0
16947,2022-11,0,0,0,0.0
16947,2022-12,0,0,0,0.0
16948,2022-01,0,0,0,0.0
16948,2022-02,0,0,0,0.0
16948,2022-03,0,0,0,0.0
16948,2022-04,0,0,0,0.0
16948,2022-05,0,0,0,0.0
16948,2022-06,0,0,0,0.0
16948,2022-07,0,0,0,0.0
16948,2022-08,0,0,0,0.0
16948,2022-09,0,0,0,0.0
16948,2022-10,0,0,0,0.0
16948,2022-11,0,0,0,0.0
16948,2022-12,0,0,0,0.0
16950,2022-01,0,0,0,0.0
16950,2022-02,0,0,0,0.0
16950,2022-03,0,0,0,0.0
16950,2022-04,0,0,0,0.0
16950,2022-05,0,0,0,0.0
16950,2022-06,0,0,0,0.0
16950,2022-07,0,0,0,0.0
16950,2022-08,0,0,0,0.0
16950,2022-09,0,0,0,0.0
16950,2022-10,0,0,0,0.0
16950,2022-11,0,0,0,0.0
16950,2022-12,0,0,0,0.0
17002,2022-01,0,0,0,0.0
17002,2022-02,0,0,0,0.0
17002,2022-03,0,0,0,0.0
17002,2022-04,0,0,0,0.0
17002,2022-05,0,0,0,0.0
17002,2022-06,0,0,0,0.0
17002,2022-07,0,0,0,0.0
17002,2022-08,0,0,0,0.0
17002,2022-09,0,0,0,0.0
17002,2022-10,0,0,0,0.0
17002,2022-11,0,0,0,0.0
17002,2022-12,0,0,0,0.0
17003,2022-01,0,0,0,0.0
17003,2022-02,0,0,0,0.0
17003,2022-03,0,0,0,0.0
17003,2022-04,0,0,0,0.0
17003,2022-05,0,0,0,0.0
17003,2022-06,0,0,0,0.0
17003,2022-07,0,0,0,2.0
17003,2022-08,0,0,0,0.0
17003,2022-09,0,0,0,0.0
17003,2022-10,0,0,0,0.0
17003,2022-11,0,0,0,0.0
17003,2022-12,0,0,0,0.0
17004,2022-01,0,0,0,0.0
17004,2022-02,0,0,0,0.0
17004,2022-03,0,0,0,0.0
17004,2022-04,0,0,0,0.0
17004,2022-05,0,0,0,0.0
17004,2022-06,0,0,0,0.0
17004,2022-07,0,0,0,0.0
17004,2022-08,0,0,0,0.0
17004,2022-09,0,0,0,0.0
17004,2022-10,0,0,0,0.0
17004,2022-11,0,0,0,0.0
17004,2022-12,0,0,0,0.0
17005,2022-01,0,0,0,0.0
17005,2022-02,0,0,0,0.0
17005,2022-03,0,0,0,0.0
17005,2022-04,0,0,0,0.0
17005,2022-05,0,0,0,0.0
17005,2022-06,0,0,0,0.0
17005,2022-07,0,0,0,0.0
17005,2022-08,0,0,0,0.0
17005,2022-09,0,0,0,0.0
17005,2022-10,0,0,0,0.0
17005,2022-11,0,0,0,0.0
17005,2022-12,0,0,0,0.0
17006,2022-01,0,0,0,0.0
17006,2022-02,0,0,0,0.0
17006,2022-03,0,0,0,0.0
17006,2022-04,0,0,0,0.0
17006,2022-05,0,0,0,0.0
17006,2022-06,0,0,0,0.0
17006,2022-07,0,0,0,0.0
17006,2022-08,0,0,0,0.0
17006,2022-09,0,0,0,0.0
17006,2022-10,0,0,0,0.0
17006,2022-11,0,0,0,0.0
17006,2022-12,0,0,0,0.0
17007,2022-01,0,0,0,0.0
17007,2022-02,0,0,0,0.0
17007,2022-03,0,0,0,0.0
17007,2022-04,0,0,0,0.0
17007,2022-05,0,0,0,1.0
17007,2022-06,0,0,0,0.0
17007,2022-07,0,0,0,0.0
17007,2022-08,0,0,0,0.0
17007,2022-09,0,0,0,0.0
17007,2022-10,0,0,0,0.0
17007,2022-11,0,0,0,0.0
17007,2022-12,0,0,0,0.0
17009,2022-01,0,0,0,0.0
17009,2022-02,0,0,0,0.0
17009,2022-03,0,0,0,0.0
17009,2022-04,0,0,0,0.0
17009,2022-05,0,0,0,0.0
17009,2022-06,0,0,0,0.0
17009,2022-07,0,0,0,0.0
17009,2022-08,0,0,0,0.0
17009,2022-09,0,0,0,0.0
17009,2022-10,0,0,0,0.0
17009,2022-11,0,0,0,0.0
17009,2022-12,0,0,0,0.0
17010,2022-01,0,0,0,0.0
17010,2022-02,0,0,0,0.0
17010,2022-03,0,0,0,0.0
17010,2022-04,0,0,0,0.0
17010,2022-05,0,0,0,0.0
17010,2022-06,0,0,0,0.0
17010,2022-07,0,0,0,0.0
17010,2022-08,0,0,0,0.0
17010,2022-09,0,0,0,0.0
17010,2022-10,0,0,0,0.0
17010,2022-11,0,0,0,0.0
17010,2022-12,0,0,0,0.0
17011,2022-01,Cumberland,0,0,0.0
17011,2022-02,Cumberland,0,0,0.0
17011,2022-03,Cumberland,0,0,0.0
17011,2022-04,Cumberland,0,0,0.0
17011,2022-05,Cumberland,0,0,0.0
17011,2022-06,Cumberland,0,0,0.0
17011,2022-07,Cumberland,0,0,0.0
17011,2022-08,Cumberland,0,0,0.0
17011,2022-09,Cumberland,0,3,0.0
17011,2022-10,Cumberland,0,0,0.0
17011,2022-11,Cumberland,0,0,0.0
17011,2022-12,Cumberland,0,0,0.0
17013,2022-01,Cumberland,0,0,0.0
17013,2022-02,Cumberland,0,0,0.0
17013,2022-03,Cumberland,0,0,0.0
17013,2022-04,Cumberland,0,0,0.0
17013,2022-05,Cumberland,0,2,0.0
17013,2022-06,Cumberland,0,2,0.0
17013,2022-07,Cumberland,0,1,0.0
17013,2022-08,Cumberland,0,0,0.0
17013,2022-09,Cumberland,0,0,0.0
17013,2022-10,Cumberland,0,0,0.0
17013,2022-11,Cumberland,0,0,0.0
17013,2022-12,Cumberland,0,0,0.0
17014,2022-01,0,0,0,0.0
17014,2022-02,0,0,0,0.0
17014,2022-03,0,0,0,0.0
17014,2022-04,0,0,0,0.0
17014,2022-05,0,0,0,0.0
17014,2022-06,0,0,0,0.0
17014,2022-07,0,0,0,0.0
17014,2022-08,0,0,0,0.0
17014,2022-09,0,0,0,0.0
17014,2022-10,0,0,0,0.0
17014,2022-11,0,0,0,0.0
17014,2022-12,0,0,0,0.0
17015,2022-01,0,0,0,0.0
17015,2022-02,0,0,0,0.0
17015,2022-03,0,0,0,0.0
17015,2022-04,0,0,0,0.0
17015,2022-05,0,0,0,2.0
17015,2022-06,0,0,0,2.0
17015,2022-07,0,0,0,1.0
17015,2022-08,0,0,0,0.0
17015,2022-09,0,0,0,0.0
17015,2022-10,0,0,0,0.0
17015,2022-11,0,0,0,0.0
17015,2022-12,0,0,0,0.0
17016,2022-01,0,0,0,0.0
17016,2022-02,0,0,0,0.0
17016,2022-03,0,0,0,0.0
17016,2022-04,0,0,0,0.0
17016,2022-05,0,0,0,0.0
17016,2022-06,0,0,0,0.0
17016,2022-07,0,0,0,2.0
17016,2022-08,0,0,0,0.0
17016,2022-09,0,0,0,0.0
17016,2022-10,0,0,0,0.0
17016,2022-11,0,0,0,0.0
17016,2022-12,0,0,0,0.0
17017,2022-01,0,0,0,0.0
17017,2022-02,0,0,0,0.0
17017,2022-03,0,0,0,0.0
17017,2022-04,0,0,0,0.0
17017,2022-05,0,0,0,0.0
17017,2022-06,0,0,0,0.0
17017,2022-07,0,0,0,0.0
17017,2022-08,0,0,0,0.0
17017,2022-09,0,0,0,0.0
17017,2022-10,0,0,0,0.0
17017,2022-11,0,0,0,0.0
17017,2022-12,0,0,0,0.0
17018,2022-01,0,0,0,0.0
17018,2022-02,0,0,0,0.0
17018,2022-03,0,0,0,0.0
17018,2022-04,0,0,0,0.0
17018,2022-05,0,0,0,0.0
17018,2022-06,0,0,0,0.0
17018,2022-07,0,0,0,0.0
17018,2022-08,0,0,0,0.0
17018,2022-09,0,0,0,0.0
17018,2022-10,0,0,0,0.0
17018,2022-11,0,0,0,0.0
17018,2022-12,0,0,0,0.0
17019,2022-01,York,0,0,0.0
17019,2022-02,York,0,0,0.0
17019,2022-03,York,0,0,0.0
17019,2022-04,York,0,0,0.0
17019,2022-05,York,0,1,0.0
17019,2022-06,York,0,0,0.0
17019,2022-07,York,0,0,0.0
17019,2022-08,York,0,0,0.0
17019,2022-09,York,0,0,0.0
17019,2022-10,York,0,0,0.0
17019,2022-11,York,0,0,0.0
17019,2022-12,York,0,0,0.0
17020,2022-01,0,0,0,0.0
17020,2022-02,0,0,0,0.0
17020,2022-03,0,0,0,0.0
17020,2022-04,0,0,0,0.0
17020,2022-05,0,0,0,0.0
17020,2022-06,0,0,0,0.0
17020,2022-07,0,0,0,1.0
17020,2022-08,0,0,0,0.0
17020,2022-09,0,0,0,0.0
17020,2022-10,0,0,0,0.0
17020,2022-11,0,0,0,0.0
17020,2022-12,0,0,0,0.0
17021,2022-01,0,0,0,0.0
17021,2022-02,0,0,0,0.0
17021,2022-03,0,0,0,0.0
17021,2022-04,0,0,0,0.0
17021,2022-05,0,0,0,0.0
17021,2022-06,0,0,0,0.0
17021,2022-07,0,0,0,0.0
17021,2022-08,0,0,0,0.0
17021,2022-09,0,0,0,0.0
17021,2022-10,0,0,0,0.0
17021,2022-11,0,0,0,0.0
17021,2022-12,0,0,0,0.0
17022,2022-01,Lancaster,0,0,0.0
17022,2022-02,Lancaster,0,0,0.0
17022,2022-03,Lancaster,0,1,0.0
17022,2022-04,Lancaster,0,0,0.0
17022,2022-05,Lancaster,0,0,0.0
17022,2022-06,Lancaster,0,0,0.0
17022,2022-07,Lancaster,0,0,0.0
17022,2022-08,Lancaster,0,0,0.0
17022,2022-09,Lancaster,0,0,0.0
17022,2022-10,Lancaster,0,1,0.0
17022,2022-11,Lancaster,0,0,0.0
17022,2022-12,Lancaster,0,0,0.0
17023,2022-01,0,0,0,0.0
17023,2022-02,0,0,0,0.0
17023,2022-03,0,0,0,0.0
17023,2022-04,0,0,0,0.0
17023,2022-05,0,0,0,0.0
17023,2022-06,0,0,0,0.0
17023,2022-07,0,0,0,0.0
17023,2022-08,0,0,0,0.0
17023,2022-09,0,0,0,0.0
17023,2022-10,0,0,0,0.0
17023,2022-11,0,0,0,0.0
17023,2022-12,0,0,0,0.0
17024,2022-01,0,0,0,0.0
17024,2022-02,0,0,0,0.0
17024,2022-03,0,0,0,0.0
17024,2022-04,0,0,0,0.0
17024,2022-05,0,0,0,0.0
17024,2022-06,0,0,0,0.0
17024,2022-07,0,0,0,1.0
17024,2022-08,0,0,0,0.0
17024,2022-09,0,0,0,0.0
17024,2022-10,0,0,0,0.0
17024,2022-11,0,0,0,0.0
17024,2022-12,0,0,0,0.0
17025,2022-01,0,0,0,2.0
17025,2022-02,0,0,0,7.0
17025,2022-03,0,0,0,5.0
17025,2022-04,0,0,0,8.0
17025,2022-05,0,0,0,12.0
17025,2022-06,0,0,0,20.0
17025,2022-07,0,0,0,1.0
17025,2022-08,0,0,0,1.0
17025,2022-09,0,0,0,14.0
17025,2022-10,0,0,0,3.0
17025,2022-11,0,0,0,2.0
17025,2022-12,0,0,0,1.0
17026,2022-01,0,0,0,0.0
17026,2022-02,0,0,0,0.0
17026,2022-03,0,0,0,0.0
17026,2022-04,0,0,0,0.0
17026,2022-05,0,0,0,0.0
17026,2022-06,0,0,0,0.0
17026,2022-07,0,0,0,0.0
17026,2022-08,0,0,0,0.0
17026,2022-09,0,0,0,0.0
17026,2022-10,0,0,0,0.0
17026,2022-11,0,0,0,0.0
17026,2022-12,0,0,0,0.0
17027,2022-01,0,0,0,0.0
17027,2022-02,0,0,0,0.0
17027,2022-03,0,0,0,0.0
17027,2022-04,0,0,0,0.0
17027,2022-05,0,0,0,1.0
17027,2022-06,0,0,0,0.0
17027,2022-07,0,0,0,0.0
17027,2022-08,0,0,0,0.0
17027,2022-09,0,0,0,0.0
17027,2022-10,0,0,0,0.0
17027,2022-11,0,0,0,0.0
17027,2022-12,0,0,0,0.0
17028,2022-01,0,0,0,0.0
17028,2022-02,0,0,0,0.0
17028,2022-03,0,0,0,0.0
17028,2022-04,0,0,0,0.0
17028,2022-05,0,0,0,0.0
17028,2022-06,0,0,0,0.0
17028,2022-07,0,0,0,0.0
17028,2022-08,0,0,0,0.0
17028,2022-09,0,0,0,0.0
17028,2022-10,0,0,0,0.0
17028,2022-11,0,0,0,0.0
17028,2022-12,0,0,0,0.0
17029,2022-01,0,0,0,0.0
17029,2022-02,0,0,0,0.0
17029,2022-03,0,0,0,0.0
17029,2022-04,0,0,0,0.0
17029,2022-05,0,0,0,0.0
17029,2022-06,0,0,0,0.0
17029,2022-07,0,0,0,0.0
17029,2022-08,0,0,0,0.0
17029,2022-09,0,0,0,0.0
17029,2022-10,0,0,0,0.0
17029,2022-11,0,0,0,0.0
17029,2022-12,0,0,0,0.0
17030,2022-01,0,0,0,0.0
17030,2022-02,0,0,0,0.0
17030,2022-03,0,0,0,0.0
17030,2022-04,0,0,0,0.0
17030,2022-05,0,0,0,0.0
17030,2022-06,0,0,0,0.0
17030,2022-07,0,0,0,0.0
17030,2022-08,0,0,0,0.0
17030,2022-09,0,0,0,0.0
17030,2022-10,0,0,0,0.0
17030,2022-11,0,0,0,0.0
17030,2022-12,0,0,0,0.0
17032,2022-01,0,0,0,0.0
17032,2022-02,0,0,0,0.0
17032,2022-03,0,0,0,0.0
17032,2022-04,0,0,0,0.0
17032,2022-05,0,0,0,0.0
17032,2022-06,0,0,0,0.0
17032,2022-07,0,0,0,0.0
17032,2022-08,0,0,0,0.0
17032,2022-09,0,0,0,0.0
17032,2022-10,0,0,0,0.0
17032,2022-11,0,0,0,0.0
17032,2022-12,0,0,0,0.0
17033,2022-01,0,0,0,0.0
17033,2022-02,0,0,0,0.0
17033,2022-03,0,0,0,1.0
17033,2022-04,0,0,0,0.0
17033,2022-05,0,0,0,0.0
17033,2022-06,0,0,0,0.0
17033,2022-07,0,0,0,0.0
17033,2022-08,0,0,0,0.0
17033,2022-09,0,0,0,0.0
17033,2022-10,0,0,0,1.0
17033,2022-11,0,0,0,0.0
17033,2022-12,0,0,0,0.0
17034,2022-01,0,0,0,0.0
17034,2022-02,0,0,0,0.0
17034,2022-03,0,0,0,0.0
17034,2022-04,0,0,0,0.0
17034,2022-05,0,0,0,0.0
17034,2022-06,0,0,0,0.0
17034,2022-07,0,0,0,0.0
17034,2022-08,0,0,0,0.0
17034,2022-09,0,0,0,0.0
17034,2022-10,0,0,0,0.0
17034,2022-11,0,0,0,0.0
17034,2022-12,0,0,0,0.0
17035,2022-01,0,0,0,0.0
17035,2022-02,0,0,0,0.0
17035,2022-03,0,0,0,0.0
17035,2022-04,0,0,0,0.0
17035,2022-05,0,0,0,0.0
17035,2022-06,0,0,0,0.0
17035,2022-07,0,0,0,0.0
17035,2022-08,0,0,0,0.0
17035,2022-09,0,0,0,0.0
17035,2022-10,0,0,0,0.0
17035,2022-11,0,0,0,0.0
17035,2022-12,0,0,0,0.0
17036,2022-01,0,0,0,0.0
17036,2022-02,0,0,0,0.0
17036,2022-03,0,0,0,1.0
17036,2022-04,0,0,0,0.0
17036,2022-05,0,0,0,0.0
17036,2022-06,0,0,0,0.0
17036,2022-07,0,0,0,0.0
17036,2022-08,0,0,0,0.0
17036,2022-09,0,0,0,0.0
17036,2022-10,0,0,0,1.0
17036,2022-11,0,0,0,0.0
17036,2022-12,0,0,0,0.0
17037,2022-01,0,0,0,0.0
17037,2022-02,0,0,0,0.0
17037,2022-03,0,0,0,0.0
17037,2022-04,0,0,0,0.0
17037,2022-05,0,0,0,0.0
17037,2022-06,0,0,0,0.0
17037,2022-07,0,0,0,0.0
17037,2022-08,0,0,0,0.0
17037,2022-09,0,0,0,0.0
17037,2022-10,0,0,0,0.0
17037,2022-11,0,0,0,0.0
17037,2022-12,0,0,0,0.0
17038,2022-01,0,0,0,0.0
17038,2022-02,0,0,0,0.0
17038,2022-03,0,0,0,0.0
17038,2022-04,0,0,0,0.0
17038,2022-05,0,0,0,0.0
17038,2022-06,0,0,0,0.0
17038,2022-07,0,0,0,0.0
17038,2022-08,0,0,0,0.0
17038,2022-09,0,0,0,0.0
17038,2022-10,0,0,0,0.0
17038,2022-11,0,0,0,0.0
17038,2022-12,0,0,0,0.0
17039,2022-01,0,0,0,0.0
17039,2022-02,0,0,0,0.0
17039,2022-03,0,0,0,0.0
17039,2022-04,0,0,0,0.0
17039,2022-05,0,0,0,0.0
17039,2022-06,0,0,0,0.0
17039,2022-07,0,0,0,0.0
17039,2022-08,0,0,0,0.0
17039,2022-09,0,0,0,0.0
17039,2022-10,0,0,0,0.0
17039,2022-11,0,0,0,0.0
17039,2022-12,0,0,0,0.0
17040,2022-01,0,0,0,0.0
17040,2022-02,0,0,0,0.0
17040,2022-03,0,0,0,0.0
17040,2022-04,0,0,0,0.0
17040,2022-05,0,0,0,2.0
17040,2022-06,0,0,0,2.0
17040,2022-07,0,0,0,2.0
17040,2022-08,0,0,0,0.0
17040,2022-09,0,0,0,0.0
17040,2022-10,0,0,0,0.0
17040,2022-11,0,0,0,0.0
17040,2022-12,0,0,0,0.0
17041,2022-01,0,0,0,0.0
17041,2022-02,0,0,0,0.0
17041,2022-03,0,0,0,0.0
17041,2022-04,0,0,0,0.0
17041,2022-05,0,0,0,0.0
17041,2022-06,0,0,0,0.0
17041,2022-07,0,0,0,0.0
17041,2022-08,0,0,0,0.0
17041,2022-09,0,0,0,0.0
17041,2022-10,0,0,0,0.0
17041,2022-11,0,0,0,0.0
17041,2022-12,0,0,0,0.0
17042,2022-01,Lebanon,0,0,0.0
17042,2022-02,Lebanon,0,0,0.0
17042,2022-03,Lebanon,0,0,0.0
17042,2022-04,Lebanon,0,0,0.0
17042,2022-05,Lebanon,0,0,0.0
17042,2022-06,Lebanon,0,0,1.0
17042,2022-07,Lebanon,0,2,0.0
17042,2022-08,Lebanon,0,0,0.0
17042,2022-09,Lebanon,0,0,0.0
17042,2022-10,Lebanon,0,0,0.0
17042,2022-11,Lebanon,0,0,0.0
17042,2022-12,Lebanon,0,0,0.0
17043,2022-01,0,0,0,2.0
17043,2022-02,0,0,0,7.0
17043,2022-03,0,0,0,5.0
17043,2022-04,0,0,0,8.0
17043,2022-05,0,0,0,12.0
17043,2022-06,0,0,0,20.0
17043,2022-07,0,0,0,1.0
17043,2022-08,0,0,0,1.0
17043,2022-09,0,0,0,14.0
17043,2022-10,0,0,0,3.0
17043,2022-11,0,0,0,2.0
17043,2022-12,0,0,0,1.0
17044,2022-01,0,0,0,0.0
17044,2022-02,0,0,0,0.0
17044,2022-03,0,0,0,0.0
17044,2022-04,0,0,0,0.0
17044,2022-05,0,0,0,0.0
17044,2022-06,0,0,0,0.0
17044,2022-07,0,0,0,0.0
17044,2022-08,0,0,0,0.0
17044,2022-09,0,0,0,0.0
17044,2022-10,0,0,0,0.0
17044,2022-11,0,0,0,0.0
17044,2022-12,0,0,0,0.0
17045,2022-01,0,0,0,0.0
17045,2022-02,0,0,0,0.0
17045,2022-03,0,0,0,0.0
17045,2022-04,0,0,0,0.0
17045,2022-05,0,0,0,0.0
17045,2022-06,0,0,0,0.0
17045,2022-07,0,0,0,0.0
17045,2022-08,0,0,0,0.0
17045,2022-09,0,0,0,0.0
17045,2022-10,0,0,0,0.0
17045,2022-11,0,0,0,0.0
17045,2022-12,0,0,0,0.0
17046,2022-01,0,0,0,0.0
17046,2022-02,0,0,0,0.0
17046,2022-03,0,0,0,0.0
17046,2022-04,0,0,0,0.0
17046,2022-05,0,0,0,0.0
17046,2022-06,0,0,0,0.0
17046,2022-07,0,0,0,2.0
17046,2022-08,0,0,0,0.0
17046,2022-09,0,0,0,0.0
17046,2022-10,0,0,0,0.0
17046,2022-11,0,0,0,0.0
17046,2022-12,0,0,0,0.0
17047,2022-01,0,0,0,0.0
17047,2022-02,0,0,0,0.0
17047,2022-03,0,0,0,0.0
17047,2022-04,0,0,0,0.0
17047,2022-05,0,0,0,0.0
17047,2022-06,0,0,0,0.0
17047,2022-07,0,0,0,0.0
17047,2022-08,0,0,0,0.0
17047,2022-09,0,0,0,0.0
17047,2022-10,0,0,0,0.0
17047,2022-11,0,0,0,0.0
17047,2022-12,0,0,0,0.0
17048,2022-01,0,0,0,0.0
17048,2022-02,0,0,0,0.0
17048,2022-03,0,0,0,0.0
17048,2022-04,0,0,0,0.0
17048,2022-05,0,0,0,0.0
17048,2022-06,0,0,0,0.0
17048,2022-07,0,0,0,0.0
17048,2022-08,0,0,0,0.0
17048,2022-09,0,0,0,0.0
17048,2022-10,0,0,0,0.0
17048,2022-11,0,0,0,0.0
17048,2022-12,0,0,0,0.0
17049,2022-01,0,0,0,0.0
17049,2022-02,0,0,0,0.0
17049,2022-03,0,0,0,0.0
17049,2022-04,0,0,0,0.0
17049,2022-05,0,0,0,0.0
17049,2022-06,0,0,0,0.0
17049,2022-07,0,0,0,0.0
17049,2022-08,0,0,0,0.0
17049,2022-09,0,0,0,0.0
17049,2022-10,0,0,0,0.0
17049,2022-11,0,0,0,0.0
17049,2022-12,0,0,0,0.0
17050,2022-01,0,0,0,0.0
17050,2022-02,0,0,0,0.0
17050,2022-03,0,0,0,0.0
17050,2022-04,0,0,0,0.0
17050,2022-05,0,0,0,0.0
17050,2022-06,0,0,0,0.0
17050,2022-07,0,0,0,0.0
17050,2022-08,0,0,0,0.0
17050,2022-09,0,0,0,3.0
17050,2022-10,0,0,0,0.0
17050,2022-11,0,0,0,0.0
17050,2022-12,0,0,0,0.0
17051,2022-01,0,0,0,0.0
17051,2022-02,0,0,0,0.0
17051,2022-03,0,0,0,0.0
17051,2022-04,0,0,0,0.0
17051,2022-05,0,0,0,0.0
17051,2022-06,0,0,0,0.0
17051,2022-07,0,0,0,0.0
17051,2022-08,0,0,0,0.0
17051,2022-09,0,0,0,0.0
17051,2022-10,0,0,0,0.0
17051,2022-11,0,0,0,0.0
17051,2022-12,0,0,0,0.0
17052,2022-01,0,0,0,0.0
17052,2022-02,0,0,0,0.0
17052,2022-03,0,0,0,0.0
17052,2022-04,0,0,0,0.0
17052,2022-05,0,0,0,0.0
17052,2022-06,0,0,0,0.0
17052,2022-07,0,0,0,0.0
17052,2022-08,0,0,0,0.0
17052,2022-09,0,0,0,0.0
17052,2022-10,0,0,0,0.0
17052,2022-11,0,0,0,0.0
17052,2022-12,0,0,0,0.0
17053,2022-01,0,0,0,0.0
17053,2022-02,0,0,0,0.0
17053,2022-03,0,0,0,0.0
17053,2022-04,0,0,0,0.0
17053,2022-05,0,0,0,2.0
17053,2022-06,0,0,0,2.0
17053,2022-07,0,0,0,1.0
17053,2022-08,0,0,0,0.0
17053,2022-09,0,0,0,0.0
17053,2022-10,0,0,0,0.0
17053,2022-11,0,0,0,0.0
17053,2022-12,0,0,0,0.0
17054,2022-01,0,0,0,0.0
17054,2022-02,0,0,0,0.0
17054,2022-03,0,0,0,0.0
17054,2022-04,0,0,0,0.0
17054,2022-05,0,0,0,0.0
17054,2022-06,0,0,0,0.0
17054,2022-07,0,0,0,0.0
17054,2022-08,0,0,0,0.0
17054,2022-09,0,0,0,0.0
17054,2022-10,0,0,0,0.0
17054,2022-11,0,0,0,0.0
17054,2022-12,0,0,0,0.0
17055,2022-01,0,0,0,0.0
17055,2022-02,0,0,0,0.0
17055,2022-03,0,0,0,0.0
17055,2022-04,0,0,0,0.0
17055,2022-05,0,0,0,1.0
17055,2022-06,0,0,0,0.0
17055,2022-07,0,0,0,0.0
17055,2022-08,0,0,0,0.0
17055,2022-09,0,0,0,3.0
17055,2022-10,0,0,0,0.0
17055,2022-11,0,0,0,0.0
17055,2022-12,0,0,0,0.0
17056,2022-01,0,0,0,0.0
17056,2022-02,0,0,0,0.0
17056,2022-03,0,0,0,0.0
17056,2022-04,0,0,0,0.0
17056,2022-05,0,0,0,0.0
17056,2022-06,0,0,0,0.0
17056,2022-07,0,0,0,0.0
17056,2022-08,0,0,0,0.0
17056,2022-09,0,0,0,0.0
17056,2022-10,0,0,0,0.0
17056,2022-11,0,0,0,0.0
17056,2022-12,0,0,0,0.0
17057,2022-01,0,0,0,0.0
17057,2022-02,0,0,0,0.0
17057,2022-03,0,0,0,1.0
17057,2022-04,0,0,0,0.0
17057,2022-05,0,0,0,0.0
17057,2022-06,0,0,0,0.0
17057,2022-07,0,0,0,0.0
17057,2022-08,0,0,0,0.0
17057,2022-09,0,0,0,0.0
17057,2022-10,0,0,0,1.0
17057,2022-11,0,0,0,0.0
17057,2022-12,0,0,0,0.0
17058,2022-01,0,0,0,0.0
17058,2022-02,0,0,0,0.0
17058,2022-03,0,0,0,0.0
17058,2022-04,0,0,0,0.0
17058,2022-05,0,0,0,0.0
17058,2022-06,0,0,0,0.0
17058,2022-07,0,0,0,0.0
17058,2022-08,0,0,0,0.0
17058,2022-09,0,0,0,0.0
17058,2022-10,0,0,0,0.0
17058,2022-11,0,0,0,0.0
17058,2022-12,0,0,0,0.0
17059,2022-01,0,0,0,0.0
17059,2022-02,0,0,0,0.0
17059,2022-03,0,0,0,0.0
17059,2022-04,0,0,0,0.0
17059,2022-05,0,0,0,0.0
17059,2022-06,0,0,0,0.0
17059,2022-07,0,0,0,0.0
17059,2022-08,0,0,0,0.0
17059,2022-09,0,0,0,0.0
17059,2022-10,0,0,0,0.0
17059,2022-11,0,0,0,0.0
17059,2022-12,0,0,0,0.0
17060,2022-01,0,0,0,0.0
17060,2022-02,0,0,0,0.0
17060,2022-03,0,0,0,0.0
17060,2022-04,0,0,0,0.0
17060,2022-05,0,0,0,0.0
17060,2022-06,0,0,0,0.0
17060,2022-07,0,0,0,0.0
17060,2022-08,0,0,0,0.0
17060,2022-09,0,0,0,0.0
17060,2022-10,0,0,0,0.0
17060,2022-11,0,0,0,0.0
17060,2022-12,0,0,0,0.0
17061,2022-01,0,0,0,0.0
17061,2022-02,0,0,0,0.0
17061,2022-03,0,0,0,0.0
17061,2022-04,0,0,0,0.0
17061,2022-05,0,0,0,0.0
17061,2022-06,0,0,0,0.0
17061,2022-07,0,0,0,0.0
17061,2022-08,0,0,0,0.0
17061,2022-09,0,0,0,0.0
17061,2022-10,0,0,0,0.0
17061,2022-11,0,0,0,0.0
17061,2022-12,0,0,0,0.0
17062,2022-01,0,0,0,0.0
17062,2022-02,0,0,0,0.0
17062,2022-03,0,0,0,0.0
17062,2022-04,0,0,0,0.0
17062,2022-05,0,0,0,0.0
17062,2022-06,0,0,0,0.0
17062,2022-07,0,0,0,0.0
17062,2022-08,0,0,0,0.0
17062,2022-09,0,0,0,0.0
17062,2022-10,0,0,0,0.0
17062,2022-11,0,0,0,0.0
17062,2022-12,0,0,0,0.0
17063,2022-01,0,0,0,0.0
17063,2022-02,0,0,0,0.0
17063,2022-03,0,0,0,0.0
17063,2022-04,0,0,0,0.0
17063,2022-05,0,0,0,0.0
17063,2022-06,0,0,0,0.0
17063,2022-07,0,0,0,0.0
17063,2022-08,0,0,0,0.0
17063,2022-09,0,0,0,0.0
17063,2022-10,0,0,0,0.0
17063,2022-11,0,0,0,0.0
17063,2022-12,0,0,0,0.0
17064,2022-01,0,0,0,0.0
17064,2022-02,0,0,0,0.0
17064,2022-03,0,0,0,0.0
17064,2022-04,0,0,0,0.0
17064,2022-05,0,0,0,0.0
17064,2022-06,0,0,0,0.0
17064,2022-07,0,0,0,2.0
17064,2022-08,0,0,0,0.0
17064,2022-09,0,0,0,0.0
17064,2022-10,0,0,0,0.0
17064,2022-11,0,0,0,0.0
17064,2022-12,0,0,0,0.0
17065,2022-01,0,0,0,0.0
17065,2022-02,0,0,0,0.0
17065,2022-03,0,0,0,0.0
17065,2022-04,0,0,0,0.0
17065,2022-05,0,0,0,0.0
17065,2022-06,0,0,0,0.0
17065,2022-07,0,0,0,0.0
17065,2022-08,0,0,0,0.0
17065,2022-09,0,0,0,0.0
17065,2022-10,0,0,0,0.0
17065,2022-11,0,0,0,0.0
17065,2022-12,0,0,0,0.0
17066,2022-01,0,0,0,0.0
17066,2022-02,0,0,0,0.0
17066,2022-03,0,0,0,0.0
17066,2022-04,0,0,0,0.0
17066,2022-05,0,0,0,0.0
17066,2022-06,0,0,0,0.0
17066,2022-07,0,0,0,0.0
17066,2022-08,0,0,0,0.0
17066,2022-09,0,0,0,0.0
17066,2022-10,0,0,0,0.0
17066,2022-11,0,0,0,0.0
17066,2022-12,0,0,0,0.0
17067,2022-01,0,0,0,0.0
17067,2022-02,0,0,0,0.0
17067,2022-03,0,0,0,0.0
17067,2022-04,0,0,0,0.0
17067,2022-05,0,0,0,0.0
17067,2022-06,0,0,0,0.0
17067,2022-07,0,0,0,2.0
17067,2022-08,0,0,0,0.0
17067,2022-09,0,0,0,0.0
17067,2022-10,0,0,0,0.0
17067,2022-11,0,0,0,0.0
17067,2022-12,0,0,0,0.0
17068,2022-01,Perry,0,0,0.0
17068,2022-02,Perry,0,0,0.0
17068,2022-03,Perry,0,0,0.0
17068,2022-04,Perry,0,0,0.0
17068,2022-05,Perry,0,0,0.0
17068,2022-06,Perry,0,0,0.0
17068,2022-07,Perry,0,1,0.0
17068,2022-08,Perry,0,0,0.0
17068,2022-09,Perry,0,0,0.0
17068,2022-10,Perry,0,0,0.0
17068,2022-11,Perry,0,0,0.0
17068,2022-12,Perry,0,0,0.0
17069,2022-01,0,0,0,0.0
17069,2022-02,0,0,0,0.0
17069,2022-03,0,0,0,0.0
17069,2022-04,0,0,0,0.0
17069,2022-05,0,0,0,0.0
17069,2022-06,0,0,0,0.0
17069,2022-07,0,0,0,0.0
17069,2022-08,0,0,0,0.0
17069,2022-09,0,0,0,0.0
17069,2022-10,0,0,0,0.0
17069,2022-11,0,0,0,0.0
17069,2022-12,0,0,0,0.0
17070,2022-01,0,0,0,0.0
17070,2022-02,0,0,0,0.0
17070,2022-03,0,0,0,0.0
17070,2022-04,0,0,0,0.0
17070,2022-05,0,0,0,0.0
17070,2022-06,0,0,0,0.0
17070,2022-07,0,0,0,0.0
17070,2022-08,0,0,0,0.0
17070,2022-09,0,0,0,3.0
17070,2022-10,0,0,0,0.0
17070,2022-11,0,0,0,0.0
17070,2022-12,0,0,0,0.0
17071,2022-01,0,0,0,0.0
17071,2022-02,0,0,0,0.0
17071,2022-03,0,0,0,0.0
17071,2022-04,0,0,0,0.0
17071,2022-05,0,0,0,0.0
17071,2022-06,0,0,0,0.0
17071,2022-07,0,0,0,0.0
17071,2022-08,0,0,0,0.0
17071,2022-09,0,0,0,0.0
17071,2022-10,0,0,0,0.0
17071,2022-11,0,0,0,0.0
17071,2022-12,0,0,0,0.0
17073,2022-01,0,0,0,0.0
17073,2022-02,0,0,0,0.0
17073,2022-03,0,0,0,0.0
17073,2022-04,0,0,0,0.0
17073,2022-05,0,0,0,0.0
17073,2022-06,0,0,0,1.0
17073,2022-07,0,0,0,2.0
17073,2022-08,0,0,0,0.0
17073,2022-09,0,0,0,0.0
17073,2022-10,0,0,0,0.0
17073,2022-11,0,0,0,0.0
17073,2022-12,0,0,0,0.0
17074,2022-01,0,0,0,0.0
17074,2022-02,0,0,0,0.0
17074,2022-03,0,0,0,0.0
17074,2022-04,0,0,0,0.0
17074,2022-05,0,0,0,0.0
17074,2022-06,0,0,0,0.0
17074,2022-07,0,0,0,1.0
17074,2022-08,0,0,0,0.0
17074,2022-09,0,0,0,0.0
17074,2022-10,0,0,0,0.0
17074,2022-11,0,0,0,0.0
17074,2022-12,0,0,0,0.0
17075,2022-01,0,0,0,0.0
17075,2022-02,0,0,0,0.0
17075,2022-03,0,0,0,0.0
17075,2022-04,0,0,0,0.0
17075,2022-05,0,0,0,0.0
17075,2022-06,0,0,0,0.0
17075,2022-07,0,0,0,0.0
17075,2022-08,0,0,0,0.0
17075,2022-09,0,0,0,0.0
17075,2022-10,0,0,0,0.0
17075,2022-11,0,0,0,0.0
17075,2022-12,0,0,0,0.0
17076,2022-01,0,0,0,0.0
17076,2022-02,0,0,0,0.0
17076,2022-03,0,0,0,0.0
17076,2022-04,0,0,0,0.0
17076,2022-05,0,0,0,0.0
17076,2022-06,0,0,0,0.0
17076,2022-07,0,0,0,0.0
17076,2022-08,0,0,0,0.0
17076,2022-09,0,0,0,0.0
17076,2022-10,0,0,0,0.0
17076,2022-11,0,0,0,0.0
17076,2022-12,0,0,0,0.0
17077,2022-01,0,0,0,0.0
17077,2022-02,0,0,0,0.0
17077,2022-03,0,0,0,0.0
17077,2022-04,0,0,0,0.0
17077,2022-05,0,0,0,0.0
17077,2022-06,0,0,0,0.0
17077,2022-07,0,0,0,0.0
17077,2022-08,0,0,0,0.0
17077,2022-09,0,0,0,0.0
17077,2022-10,0,0,0,0.0
17077,2022-11,0,0,0,0.0
17077,2022-12,0,0,0,0.0
17078,2022-01,0,0,0,0.0
17078,2022-02,0,0,0,0.0
17078,2022-03,0,0,0,1.0
17078,2022-04,0,0,0,0.0
17078,2022-05,0,0,0,0.0
17078,2022-06,0,0,0,0.0
17078,2022-07,0,0,0,2.0
17078,2022-08,0,0,0,0.0
17078,2022-09,0,0,0,0.0
17078,2022-10,0,0,0,1.0
17078,2022-11,0,0,0,0.0
17078,2022-12,0,0,0,0.0
17080,2022-01,0,0,0,0.0
17080,2022-02,0,0,0,0.0
17080,2022-03,0,0,0,0.0
17080,2022-04,0,0,0,0.0
17080,2022-05,0,0,0,0.0
17080,2022-06,0,0,0,0.0
17080,2022-07,0,0,0,0.0
17080,2022-08,0,0,0,0.0
17080,2022-09,0,0,0,0.0
17080,2022-10,0,0,0,0.0
17080,2022-11,0,0,0,0.0
17080,2022-12,0,0,0,0.0
17081,2022-01,0,0,0,0.0
17081,2022-02,0,0,0,0.0
17081,2022-03,0,0,0,0.0
17081,2022-04,0,0,0,0.0
17081,2022-05,0,0,0,0.0
17081,2022-06,0,0,0,0.0
17081,2022-07,0,0,0,0.0
17081,2022-08,0,0,0,0.0
17081,2022-09,0,0,0,0.0
17081,2022-10,0,0,0,0.0
17081,2022-11,0,0,0,0.0
17081,2022-12,0,0,0,0.0
17082,2022-01,0,0,0,0.0
17082,2022-02,0,0,0,0.0
17082,2022-03,0,0,0,0.0
17082,2022-04,0,0,0,0.0
17082,2022-05,0,0,0,0.0
17082,2022-06,0,0,0,0.0
17082,2022-07,0,0,0,0.0
17082,2022-08,0,0,0,0.0
17082,2022-09,0,0,0,0.0
17082,2022-10,0,0,0,0.0
17082,2022-11,0,0,0,0.0
17082,2022-12,0,0,0,0.0
17084,2022-01,0,0,0,0.0
17084,2022-02,0,0,0,0.0
17084,2022-03,0,0,0,0.0
17084,2022-04,0,0,0,0.0
17084,2022-05,0,0,0,0.0
17084,2022-06,0,0,0,0.0
17084,2022-07,0,0,0,0.0
17084,2022-08,0,0,0,0.0
17084,2022-09,0,0,0,0.0
17084,2022-10,0,0,0,0.0
17084,2022-11,0,0,0,0.0
17084,2022-12,0,0,0,0.0
17086,2022-01,0,0,0,0.0
17086,2022-02,0,0,0,0.0
17086,2022-03,0,0,0,0.0
17086,2022-04,0,0,0,0.0
17086,2022-05,0,0,0,0.0
17086,2022-06,0,0,0,0.0
17086,2022-07,0,0,0,0.0
17086,2022-08,0,0,0,0.0
17086,2022-09,0,0,0,0.0
17086,2022-10,0,0,0,0.0
17086,2022-11,0,0,0,0.0
17086,2022-12,0,0,0,0.0
17087,2022-01,0,0,0,0.0
17087,2022-02,0,0,0,0.0
17087,2022-03,0,0,0,0.0
17087,2022-04,0,0,0,0.0
17087,2022-05,0,0,0,0.0
17087,2022-06,0,0,0,0.0
17087,2022-07,0,0,0,0.0
17087,2022-08,0,0,0,0.0
17087,2022-09,0,0,0,0.0
17087,2022-10,0,0,0,0.0
17087,2022-11,0,0,0,0.0
17087,2022-12,0,0,0,0.0
17088,2022-01,0,0,0,0.0
17088,2022-02,0,0,0,0.0
17088,2022-03,0,0,0,0.0
17088,2022-04,0,0,0,0.0
17088,2022-05,0,0,0,0.0
17088,2022-06,0,0,0,0.0
17088,2022-07,0,0,0,2.0
17088,2022-08,0,0,0,0.0
17088,2022-09,0,0,0,0.0
17088,2022-10,0,0,0,0.0
17088,2022-11,0,0,0,0.0
17088,2022-12,0,0,0,0.0
17090,2022-01,0,0,0,0.0
17090,2022-02,0,0,0,0.0
17090,2022-03,0,0,0,0.0
17090,2022-04,0,0,0,0.0
17090,2022-05,0,0,0,2.0
17090,2022-06,0,0,0,2.0
17090,2022-07,0,0,0,2.0
17090,2022-08,0,0,0,0.0
17090,2022-09,0,0,0,0.0
17090,2022-10,0,0,0,0.0
17090,2022-11,0,0,0,0.0
17090,2022-12,0,0,0,0.0
17093,2022-01,0,0,0,0.0
17093,2022-02,0,0,0,0.0
17093,2022-03,0,0,0,0.0
17093,2022-04,0,0,0,0.0
17093,2022-05,0,0,0,0.0
17093,2022-06,0,0,0,0.0
17093,2022-07,0,0,0,0.0
17093,2022-08,0,0,0,0.0
17093,2022-09,0,0,0,0.0
17093,2022-10,0,0,0,0.0
17093,2022-11,0,0,0,0.0
17093,2022-12,0,0,0,0.0
17094,2022-01,0,0,0,0.0
17094,2022-02,0,0,0,0.0
17094,2022-03,0,0,0,0.0
17094,2022-04,0,0,0,0.0
17094,2022-05,0,0,0,0.0
17094,2022-06,0,0,0,0.0
17094,2022-07,0,0,0,0.0
17094,2022-08,0,0,0,0.0
17094,2022-09,0,0,0,0.0
17094,2022-10,0,0,0,0.0
17094,2022-11,0,0,0,0.0
17094,2022-12,0,0,0,0.0
17097,2022-01,0,0,0,0.0
17097,2022-02,0,0,0,0.0
17097,2022-03,0,0,0,0.0
17097,2022-04,0,0,0,0.0
17097,2022-05,0,0,0,0.0
17097,2022-06,0,0,0,0.0
17097,2022-07,0,0,0,0.0
17097,2022-08,0,0,0,0.0
17097,2022-09,0,0,0,0.0
17097,2022-10,0,0,0,0.0
17097,2022-11,0,0,0,0.0
17097,2022-12,0,0,0,0.0
17098,2022-01,0,0,0,0.0
17098,2022-02,0,0,0,0.0
17098,2022-03,0,0,0,0.0
17098,2022-04,0,0,0,0.0
17098,2022-05,0,0,0,0.0
17098,2022-06,0,0,0,0.0
17098,2022-07,0,0,0,0.0
17098,2022-08,0,0,0,0.0
17098,2022-09,0,0,0,0.0
17098,2022-10,0,0,0,0.0
17098,2022-11,0,0,0,0.0
17098,2022-12,0,0,0,0.0
17099,2022-01,0,0,0,0.0
17099,2022-02,0,0,0,0.0
17099,2022-03,0,0,0,0.0
17099,2022-04,0,0,0,0.0
17099,2022-05,0,0,0,0.0
17099,2022-06,0,0,0,0.0
17099,2022-07,0,0,0,0.0
17099,2022-08,0,0,0,0.0
17099,2022-09,0,0,0,0.0
17099,2022-10,0,0,0,0.0
17099,2022-11,0,0,0,0.0
17099,2022-12,0,0,0,0.0
17101,2022-01,0,0,0,2.0
17101,2022-02,0,0,0,7.0
17101,2022-03,0,0,0,5.0
17101,2022-04,0,0,0,8.0
17101,2022-05,0,0,0,12.0
17101,2022-06,0,0,0,20.0
17101,2022-07,0,0,0,1.0
17101,2022-08,0,0,0,1.0
17101,2022-09,0,0,0,11.0
17101,2022-10,0,0,0,3.0
17101,2022-11,0,0,0,2.0
17101,2022-12,0,0,0,1.0
17102,2022-01,Dauphin,0,2,0.0
17102,2022-02,Dauphin,0,7,0.0
17102,2022-03,Dauphin,0,5,0.0
17102,2022-04,Dauphin,0,8,0.0
17102,2022-05,Dauphin,0,12,0.0
17102,2022-06,Dauphin,0,20,0.0
17102,2022-07,Dauphin,0,1,0.0
17102,2022-08,Dauphin,0,1,0.0
17102,2022-09,Dauphin,0,11,0.0
17102,2022-10,Dauphin,0,3,0.0
17102,2022-11,Dauphin,0,2,0.0
17102,2022-12,Dauphin,0,1,0.0
17103,2022-01,0,0,0,2.0
17103,2022-02,0,0,0,7.0
17103,2022-03,0,0,0,5.0
17103,2022-04,0,0,0,8.0
17103,2022-05,0,0,0,12.0
17103,2022-06,0,0,0,20.0
17103,2022-07,0,0,0,1.0
17103,2022-08,0,0,0,1.0
17103,2022-09,0,0,0,11.0
17103,2022-10,0,0,0,3.0
17103,2022-11,0,0,0,2.0
17103,2022-12,0,0,0,1.0
17104,2022-01,0,0,0,0.0
17104,2022-02,0,0,0,0.0
17104,2022-03,0,0,0,0.0
17104,2022-04,0,0,0,0.0
17104,2022-05,0,0,0,0.0
17104,2022-06,0,0,0,0.0
17104,2022-07,0,0,0,0.0
17104,2022-08,0,0,0,0.0
17104,2022-09,0,0,0,0.0
17104,2022-10,0,0,0,0.0
17104,2022-11,0,0,0,0.0
17104,2022-12,0,0,0,0.0
17109,2022-01,0,0,0,0.0
17109,2022-02,0,0,0,0.0
17109,2022-03,0,0,0,0.0
17109,2022-04,0,0,0,0.0
17109,2022-05,0,0,0,0.0
17109,2022-06,0,0,0,0.0
17109,2022-07,0,0,0,0.0
17109,2022-08,0,0,0,0.0
17109,2022-09,0,0,0,0.0
17109,2022-10,0,0,0,0.0
17109,2022-11,0,0,0,0.0
17109,2022-12,0,0,0,0.0
17110,2022-01,0,0,0,2.0
17110,2022-02,0,0,0,7.0
17110,2022-03,0,0,0,5.0
17110,2022-04,0,0,0,8.0
17110,2022-05,0,0,0,12.0
17110,2022-06,0,0,0,20.0
17110,2022-07,0,0,0,1.0
17110,2022-08,0,0,0,1.0
17110,2022-09,0,0,0,11.0
17110,2022-10,0,0,0,3.0
17110,2022-11,0,0,0,2.0
17110,2022-12,0,0,0,1.0
17111,2022-01,0,0,0,0.0
17111,2022-02,0,0,0,0.0
17111,2022-03,0,0,0,0.0
17111,2022-04,0,0,0,0.0
17111,2022-05,0,0,0,0.0
17111,2022-06,0,0,0,0.0
17111,2022-07,0,0,0,0.0
17111,2022-08,0,0,0,0.0
17111,2022-09,0,0,0,0.0
17111,2022-10,0,0,0,0.0
17111,2022-11,0,0,0,0.0
17111,2022-12,0,0,0,0.0
17112,2022-01,0,0,0,0.0
17112,2022-02,0,0,0,0.0
17112,2022-03,0,0,0,0.0
17112,2022-04,0,0,0,0.0
17112,2022-05,0,0,0,0.0
17112,2022-06,0,0,0,0.0
17112,2022-07,0,0,0,0.0
17112,2022-08,0,0,0,0.0
17112,2022-09,0,0,0,0.0
17112,2022-10,0,0,0,0.0
17112,2022-11,0,0,0,0.0
17112,2022-12,0,0,0,0.0
17113,2022-01,0,0,0,0.0
17113,2022-02,0,0,0,0.0
17113,2022-03,0,0,0,0.0
17113,2022-04,0,0,0,0.0
17113,2022-05,0,0,0,0.0
17113,2022-06,0,0,0,0.0
17113,2022-07,0,0,0,0.0
17113,2022-08,0,0,0,0.0
17113,2022-09,0,0,0,0.0
17113,2022-10,0,0,0,0.0
17113,2022-11,0,0,0,0.0
17113,2022-12,0,0,0,0.0
17120,2022-01,0,0,0,2.0
17120,2022-02,0,0,0,7.0
17120,2022-03,0,0,0,5.0
17120,2022-04,0,0,0,8.0
17120,2022-05,0,0,0,12.0
17120,2022-06,0,0,0,20.0
17120,2022-07,0,0,0,1.0
17120,2022-08,0,0,0,1.0
17120,2022-09,0,0,0,11.0
17120,2022-10,0,0,0,3.0
17120,2022-11,0,0,0,2.0
17120,2022-12,0,0,0,1.0
17201,2022-01,Franklin,0,1,0.0
17201,2022-02,Franklin,0,0,0.0
17201,2022-03,Franklin,0,0,0.0
17201,2022-04,Franklin,0,1,0.0
17201,2022-05,Franklin,0,0,0.0
17201,2022-06,Franklin,0,0,0.0
17201,2022-07,Franklin,0,0,0.0
17201,2022-08,Franklin,0,0,0.0
17201,2022-09,Franklin,0,1,0.0
17201,2022-10,Franklin,0,0,0.0
17201,2022-11,Franklin,0,0,0.0
17201,2022-12,Franklin,0,0,0.0
17202,2022-01,0,0,0,1.0
17202,2022-02,0,0,0,0.0
17202,2022-03,0,0,0,0.0
17202,2022-04,0,0,0,1.0
17202,2022-05,0,0,0,0.0
17202,2022-06,0,0,0,0.0
17202,2022-07,0,0,0,0.0
17202,2022-08,0,0,0,0.0
17202,2022-09,0,0,0,1.0
17202,2022-10,0,0,0,0.0
17202,2022-11,0,0,0,0.0
17202,2022-12,0,0,0,0.0
17210,2022-01,0,0,0,0.0
17210,2022-02,0,0,0,0.0
17210,2022-03,0,0,0,0.0
17210,2022-04,0,0,0,0.0
17210,2022-05,0,0,0,0.0
17210,2022-06,0,0,0,0.0
17210,2022-07,0,0,0,0.0
17210,2022-08,0,0,0,0.0
17210,2022-09,0,0,0,0.0
17210,2022-10,0,0,0,0.0
17210,2022-11,0,0,0,0.0
17210,2022-12,0,0,0,0.0
17211,2022-01,0,0,0,0.0
17211,2022-02,0,0,0,0.0
17211,2022-03,0,0,0,0.0
17211,2022-04,0,0,0,0.0
17211,2022-05,0,0,0,0.0
17211,2022-06,0,0,0,0.0
17211,2022-07,0,0,0,0.0
17211,2022-08,0,0,0,0.0
17211,2022-09,0,0,0,0.0
17211,2022-10,0,0,0,0.0
17211,2022-11,0,0,0,0.0
17211,2022-12,0,0,0,0.0
17212,2022-01,0,0,0,0.0
17212,2022-02,0,0,0,0.0
17212,2022-03,0,0,0,0.0
17212,2022-04,0,0,0,0.0
17212,2022-05,0,0,0,0.0
17212,2022-06,0,0,0,0.0
17212,2022-07,0,0,0,0.0
17212,2022-08,0,0,0,0.0
17212,2022-09,0,0,0,0.0
17212,2022-10,0,0,0,0.0
17212,2022-11,0,0,0,0.0
17212,2022-12,0,0,0,0.0
17213,2022-01,0,0,0,0.0
17213,2022-02,0,0,0,0.0
17213,2022-03,0,0,0,0.0
17213,2022-04,0,0,0,0.0
17213,2022-05,0,0,0,0.0
17213,2022-06,0,0,0,0.0
17213,2022-07,0,0,0,0.0
17213,2022-08,0,0,0,0.0
17213,2022-09,0,0,0,0.0
17213,2022-10,0,0,0,0.0
17213,2022-11,0,0,0,0.0
17213,2022-12,0,0,0,0.0
17214,2022-01,0,0,0,0.0
17214,2022-02,0,0,0,0.0
17214,2022-03,0,0,0,0.0
17214,2022-04,0,0,0,0.0
17214,2022-05,0,0,0,0.0
17214,2022-06,0,0,0,0.0
17214,2022-07,0,0,0,0.0
17214,2022-08,0,0,0,0.0
17214,2022-09,0,0,0,0.0
17214,2022-10,0,0,0,0.0
17214,2022-11,0,0,0,0.0
17214,2022-12,0,0,0,0.0
17215,2022-01,0,0,0,0.0
17215,2022-02,0,0,0,0.0
17215,2022-03,0,0,0,0.0
17215,2022-04,0,0,0,0.0
17215,2022-05,0,0,0,0.0
17215,2022-06,0,0,0,0.0
17215,2022-07,0,0,0,0.0
17215,2022-08,0,0,0,0.0
17215,2022-09,0,0,0,0.0
17215,2022-10,0,0,0,0.0
17215,2022-11,0,0,0,0.0
17215,2022-12,0,0,0,0.0
17217,2022-01,0,0,0,0.0
17217,2022-02,0,0,0,0.0
17217,2022-03,0,0,0,0.0
17217,2022-04,0,0,0,0.0
17217,2022-05,0,0,0,0.0
17217,2022-06,0,0,0,0.0
17217,2022-07,0,0,0,0.0
17217,2022-08,0,0,0,0.0
17217,2022-09,0,0,0,0.0
17217,2022-10,0,0,0,0.0
17217,2022-11,0,0,0,0.0
17217,2022-12,0,0,0,0.0
17219,2022-01,0,0,0,0.0
17219,2022-02,0,0,0,0.0
17219,2022-03,0,0,0,0.0
17219,2022-04,0,0,0,0.0
17219,2022-05,0,0,0,0.0
17219,2022-06,0,0,0,0.0
17219,2022-07,0,0,0,0.0
17219,2022-08,0,0,0,0.0
17219,2022-09,0,0,0,0.0
17219,2022-10,0,0,0,0.0
17219,2022-11,0,0,0,0.0
17219,2022-12,0,0,0,0.0
17220,2022-01,0,0,0,0.0
17220,2022-02,0,0,0,0.0
17220,2022-03,0,0,0,0.0
17220,2022-04,0,0,0,0.0
17220,2022-05,0,0,0,0.0
17220,2022-06,0,0,0,0.0
17220,2022-07,0,0,0,0.0
17220,2022-08,0,0,0,0.0
17220,2022-09,0,0,0,0.0
17220,2022-10,0,0,0,0.0
17220,2022-11,0,0,0,0.0
17220,2022-12,0,0,0,0.0
17221,2022-01,0,0,0,0.0
17221,2022-02,0,0,0,0.0
17221,2022-03,0,0,0,0.0
17221,2022-04,0,0,0,0.0
17221,2022-05,0,0,0,0.0
17221,2022-06,0,0,0,0.0
17221,2022-07,0,0,0,0.0
17221,2022-08,0,0,0,0.0
17221,2022-09,0,0,0,0.0
17221,2022-10,0,0,0,0.0
17221,2022-11,0,0,0,0.0
17221,2022-12,0,0,0,0.0
17222,2022-01,0,0,0,0.0
17222,2022-02,0,0,0,0.0
17222,2022-03,0,0,0,0.0
17222,2022-04,0,0,0,0.0
17222,2022-05,0,0,0,0.0
17222,2022-06,0,0,0,0.0
17222,2022-07,0,0,0,0.0
17222,2022-08,0,0,0,0.0
17222,2022-09,0,0,0,0.0
17222,2022-10,0,0,0,0.0
17222,2022-11,0,0,0,0.0
17222,2022-12,0,0,0,0.0
17223,2022-01,0,0,0,0.0
17223,2022-02,0,0,0,0.0
17223,2022-03,0,0,0,0.0
17223,2022-04,0,0,0,0.0
17223,2022-05,0,0,0,0.0
17223,2022-06,0,0,0,0.0
17223,2022-07,0,0,0,0.0
17223,2022-08,0,0,0,0.0
17223,2022-09,0,0,0,0.0
17223,2022-10,0,0,0,0.0
17223,2022-11,0,0,0,0.0
17223,2022-12,0,0,0,0.0
17224,2022-01,0,0,0,0.0
17224,2022-02,0,0,0,0.0
17224,2022-03,0,0,0,0.0
17224,2022-04,0,0,0,0.0
17224,2022-05,0,0,0,0.0
17224,2022-06,0,0,0,0.0
17224,2022-07,0,0,0,0.0
17224,2022-08,0,0,0,0.0
17224,2022-09,0,0,0,0.0
17224,2022-10,0,0,0,0.0
17224,2022-11,0,0,0,0.0
17224,2022-12,0,0,0,0.0
17225,2022-01,0,0,0,0.0
17225,2022-02,0,0,0,0.0
17225,2022-03,0,0,0,0.0
17225,2022-04,0,0,0,0.0
17225,2022-05,0,0,0,0.0
17225,2022-06,0,0,0,0.0
17225,2022-07,0,0,0,0.0
17225,2022-08,0,0,0,0.0
17225,2022-09,0,0,0,0.0
17225,2022-10,0,0,0,0.0
17225,2022-11,0,0,0,0.0
17225,2022-12,0,0,0,0.0
17228,2022-01,0,0,0,0.0
17228,2022-02,0,0,0,0.0
17228,2022-03,0,0,0,0.0
17228,2022-04,0,0,0,0.0
17228,2022-05,0,0,0,0.0
17228,2022-06,0,0,0,0.0
17228,2022-07,0,0,0,0.0
17228,2022-08,0,0,0,0.0
17228,2022-09,0,0,0,0.0
17228,2022-10,0,0,0,0.0
17228,2022-11,0,0,0,0.0
17228,2022-12,0,0,0,0.0
17229,2022-01,0,0,0,0.0
17229,2022-02,0,0,0,0.0
17229,2022-03,0,0,0,0.0
17229,2022-04,0,0,0,0.0
17229,2022-05,0,0,0,0.0
17229,2022-06,0,0,0,0.0
17229,2022-07,0,0,0,0.0
17229,2022-08,0,0,0,0.0
17229,2022-09,0,0,0,0.0
17229,2022-10,0,0,0,0.0
17229,2022-11,0,0,0,0.0
17229,2022-12,0,0,0,0.0
17232,2022-01,0,0,0,0.0
17232,2022-02,0,0,0,0.0
17232,2022-03,0,0,0,0.0
17232,2022-04,0,0,0,0.0
17232,2022-05,0,0,0,0.0
17232,2022-06,0,0,0,0.0
17232,2022-07,0,0,0,0.0
17232,2022-08,0,0,0,0.0
17232,2022-09,0,0,0,0.0
17232,2022-10,0,0,0,0.0
17232,2022-11,0,0,0,0.0
17232,2022-12,0,0,0,0.0
17233,2022-01,0,0,0,0.0
17233,2022-02,0,0,0,0.0
17233,2022-03,0,0,0,0.0
17233,2022-04,0,0,0,0.0
17233,2022-05,0,0,0,0.0
17233,2022-06,0,0,0,0.0
17233,2022-07,0,0,0,0.0
17233,2022-08,0,0,0,0.0
17233,2022-09,0,0,0,0.0
17233,2022-10,0,0,0,0.0
17233,2022-11,0,0,0,0.0
17233,2022-12,0,0,0,0.0
17235,2022-01,0,0,0,0.0
17235,2022-02,0,0,0,0.0
17235,2022-03,0,0,0,0.0
17235,2022-04,0,0,0,0.0
17235,2022-05,0,0,0,0.0
17235,2022-06,0,0,0,0.0
17235,2022-07,0,0,0,0.0
17235,2022-08,0,0,0,0.0
17235,2022-09,0,0,0,0.0
17235,2022-10,0,0,0,0.0
17235,2022-11,0,0,0,0.0
17235,2022-12,0,0,0,0.0
17236,2022-01,0,0,0,0.0
17236,2022-02,0,0,0,0.0
17236,2022-03,0,0,0,0.0
17236,2022-04,0,0,0,0.0
17236,2022-05,0,0,0,0.0
17236,2022-06,0,0,0,0.0
17236,2022-07,0,0,0,0.0
17236,2022-08,0,0,0,0.0
17236,2022-09,0,0,0,0.0
17236,2022-10,0,0,0,0.0
17236,2022-11,0,0,0,0.0
17236,2022-12,0,0,0,0.0
17237,2022-01,0,0,0,0.0
17237,2022-02,0,0,0,0.0
17237,2022-03,0,0,0,0.0
17237,2022-04,0,0,0,0.0
17237,2022-05,0,0,0,0.0
17237,2022-06,0,0,0,0.0
17237,2022-07,0,0,0,0.0
17237,2022-08,0,0,0,0.0
17237,2022-09,0,0,0,0.0
17237,2022-10,0,0,0,0.0
17237,2022-11,0,0,0,0.0
17237,2022-12,0,0,0,0.0
17238,2022-01,0,0,0,0.0
17238,2022-02,0,0,0,0.0
17238,2022-03,0,0,0,0.0
17238,2022-04,0,0,0,0.0
17238,2022-05,0,0,0,0.0
17238,2022-06,0,0,0,0.0
17238,2022-07,0,0,0,0.0
17238,2022-08,0,0,0,0.0
17238,2022-09,0,0,0,0.0
17238,2022-10,0,0,0,0.0
17238,2022-11,0,0,0,0.0
17238,2022-12,0,0,0,0.0
17239,2022-01,0,0,0,0.0
17239,2022-02,0,0,0,0.0
17239,2022-03,0,0,0,0.0
17239,2022-04,0,0,0,0.0
17239,2022-05,0,0,0,0.0
17239,2022-06,0,0,0,0.0
17239,2022-07,0,0,0,0.0
17239,2022-08,0,0,0,0.0
17239,2022-09,0,0,0,0.0
17239,2022-10,0,0,0,0.0
17239,2022-11,0,0,0,0.0
17239,2022-12,0,0,0,0.0
17240,2022-01,0,0,0,0.0
17240,2022-02,0,0,0,0.0
17240,2022-03,0,0,0,0.0
17240,2022-04,0,0,0,0.0
17240,2022-05,0,0,0,0.0
17240,2022-06,0,0,0,0.0
17240,2022-07,0,0,0,0.0
17240,2022-08,0,0,0,0.0
17240,2022-09,0,0,0,0.0
17240,2022-10,0,0,0,0.0
17240,2022-11,0,0,0,0.0
17240,2022-12,0,0,0,0.0
17241,2022-01,0,0,0,0.0
17241,2022-02,0,0,0,0.0
17241,2022-03,0,0,0,0.0
17241,2022-04,0,0,0,0.0
17241,2022-05,0,0,0,0.0
17241,2022-06,0,0,0,0.0
17241,2022-07,0,0,0,0.0
17241,2022-08,0,0,0,0.0
17241,2022-09,0,0,0,0.0
17241,2022-10,0,0,0,0.0
17241,2022-11,0,0,0,0.0
17241,2022-12,0,0,0,0.0
17243,2022-01,0,0,0,0.0
17243,2022-02,0,0,0,0.0
17243,2022-03,0,0,0,0.0
17243,2022-04,0,0,0,0.0
17243,2022-05,0,0,0,0.0
17243,2022-06,0,0,0,0.0
17243,2022-07,0,0,0,0.0
17243,2022-08,0,0,0,0.0
17243,2022-09,0,0,0,0.0
17243,2022-10,0,0,0,0.0
17243,2022-11,0,0,0,0.0
17243,2022-12,0,0,0,0.0
17244,2022-01,0,0,0,0.0
17244,2022-02,0,0,0,0.0
17244,2022-03,0,0,0,0.0
17244,2022-04,0,0,0,0.0
17244,2022-05,0,0,0,0.0
17244,2022-06,0,0,0,0.0
17244,2022-07,0,0,0,0.0
17244,2022-08,0,0,0,0.0
17244,2022-09,0,0,0,0.0
17244,2022-10,0,0,0,0.0
17244,2022-11,0,0,0,0.0
17244,2022-12,0,0,0,0.0
17246,2022-01,0,0,0,0.0
17246,2022-02,0,0,0,0.0
17246,2022-03,0,0,0,0.0
17246,2022-04,0,0,0,0.0
17246,2022-05,0,0,0,0.0
17246,2022-06,0,0,0,0.0
17246,2022-07,0,0,0,0.0
17246,2022-08,0,0,0,0.0
17246,2022-09,0,0,0,0.0
17246,2022-10,0,0,0,0.0
17246,2022-11,0,0,0,0.0
17246,2022-12,0,0,0,0.0
17247,2022-01,0,0,0,0.0
17247,2022-02,0,0,0,0.0
17247,2022-03,0,0,0,0.0
17247,2022-04,0,0,0,0.0
17247,2022-05,0,0,0,0.0
17247,2022-06,0,0,0,0.0
17247,2022-07,0,0,0,0.0
17247,2022-08,0,0,0,0.0
17247,2022-09,0,0,0,0.0
17247,2022-10,0,0,0,0.0
17247,2022-11,0,0,0,0.0
17247,2022-12,0,0,0,0.0
17249,2022-01,0,0,0,0.0
17249,2022-02,0,0,0,0.0
17249,2022-03,0,0,0,0.0
17249,2022-04,0,0,0,0.0
17249,2022-05,0,0,0,0.0
17249,2022-06,0,0,0,0.0
17249,2022-07,0,0,0,0.0
17249,2022-08,0,0,0,0.0
17249,2022-09,0,0,0,0.0
17249,2022-10,0,0,0,0.0
17249,2022-11,0,0,0,0.0
17249,2022-12,0,0,0,0.0
17250,2022-01,0,0,0,0.0
17250,2022-02,0,0,0,0.0
17250,2022-03,0,0,0,0.0
17250,2022-04,0,0,0,0.0
17250,2022-05,0,0,0,0.0
17250,2022-06,0,0,0,0.0
17250,2022-07,0,0,0,0.0
17250,2022-08,0,0,0,0.0
17250,2022-09,0,0,0,0.0
17250,2022-10,0,0,0,0.0
17250,2022-11,0,0,0,0.0
17250,2022-12,0,0,0,0.0
17251,2022-01,0,0,0,0.0
17251,2022-02,0,0,0,0.0
17251,2022-03,0,0,0,0.0
17251,2022-04,0,0,0,0.0
17251,2022-05,0,0,0,0.0
17251,2022-06,0,0,0,0.0
17251,2022-07,0,0,0,0.0
17251,2022-08,0,0,0,0.0
17251,2022-09,0,0,0,0.0
17251,2022-10,0,0,0,0.0
17251,2022-11,0,0,0,0.0
17251,2022-12,0,0,0,0.0
17252,2022-01,0,0,0,0.0
17252,2022-02,0,0,0,0.0
17252,2022-03,0,0,0,0.0
17252,2022-04,0,0,0,0.0
17252,2022-05,0,0,0,0.0
17252,2022-06,0,0,0,0.0
17252,2022-07,0,0,0,0.0
17252,2022-08,0,0,0,0.0
17252,2022-09,0,0,0,0.0
17252,2022-10,0,0,0,0.0
17252,2022-11,0,0,0,0.0
17252,2022-12,0,0,0,0.0
17253,2022-01,0,0,0,0.0
17253,2022-02,0,0,0,0.0
17253,2022-03,0,0,0,0.0
17253,2022-04,0,0,0,0.0
17253,2022-05,0,0,0,0.0
17253,2022-06,0,0,0,0.0
17253,2022-07,0,0,0,0.0
17253,2022-08,0,0,0,0.0
17253,2022-09,0,0,0,0.0
17253,2022-10,0,0,0,0.0
17253,2022-11,0,0,0,0.0
17253,2022-12,0,0,0,0.0
17254,2022-01,0,0,0,0.0
17254,2022-02,0,0,0,0.0
17254,2022-03,0,0,0,0.0
17254,2022-04,0,0,0,0.0
17254,2022-05,0,0,0,0.0
17254,2022-06,0,0,0,0.0
17254,2022-07,0,0,0,0.0
17254,2022-08,0,0,0,0.0
17254,2022-09,0,0,0,0.0
17254,2022-10,0,0,0,0.0
17254,2022-11,0,0,0,0.0
17254,2022-12,0,0,0,0.0
17255,2022-01,0,0,0,0.0
17255,2022-02,0,0,0,0.0
17255,2022-03,0,0,0,0.0
17255,2022-04,0,0,0,0.0
17255,2022-05,0,0,0,0.0
17255,2022-06,0,0,0,0.0
17255,2022-07,0,0,0,0.0
17255,2022-08,0,0,0,0.0
17255,2022-09,0,0,0,0.0
17255,2022-10,0,0,0,0.0
17255,2022-11,0,0,0,0.0
17255,2022-12,0,0,0,0.0
17257,2022-01,0,0,0,0.0
17257,2022-02,0,0,0,0.0
17257,2022-03,0,0,0,0.0
17257,2022-04,0,0,0,0.0
17257,2022-05,0,0,0,0.0
17257,2022-06,0,0,0,0.0
17257,2022-07,0,0,0,0.0
17257,2022-08,0,0,0,0.0
17257,2022-09,0,0,0,0.0
17257,2022-10,0,0,0,0.0
17257,2022-11,0,0,0,0.0
17257,2022-12,0,0,0,0.0
17260,2022-01,0,0,0,0.0
17260,2022-02,0,0,0,0.0
17260,2022-03,0,0,0,0.0
17260,2022-04,0,0,0,0.0
17260,2022-05,0,0,0,0.0
17260,2022-06,0,0,0,0.0
17260,2022-07,0,0,0,0.0
17260,2022-08,0,0,0,0.0
17260,2022-09,0,0,0,0.0
17260,2022-10,0,0,0,0.0
17260,2022-11,0,0,0,0.0
17260,2022-12,0,0,0,0.0
17261,2022-01,0,0,0,0.0
17261,2022-02,0,0,0,0.0
17261,2022-03,0,0,0,0.0
17261,2022-04,0,0,0,0.0
17261,2022-05,0,0,0,0.0
17261,2022-06,0,0,0,0.0
17261,2022-07,0,0,0,0.0
17261,2022-08,0,0,0,0.0
17261,2022-09,0,0,0,0.0
17261,2022-10,0,0,0,0.0
17261,2022-11,0,0,0,0.0
17261,2022-12,0,0,0,0.0
17262,2022-01,0,0,0,0.0
17262,2022-02,0,0,0,0.0
17262,2022-03,0,0,0,0.0
17262,2022-04,0,0,0,0.0
17262,2022-05,0,0,0,0.0
17262,2022-06,0,0,0,0.0
17262,2022-07,0,0,0,0.0
17262,2022-08,0,0,0,0.0
17262,2022-09,0,0,0,0.0
17262,2022-10,0,0,0,0.0
17262,2022-11,0,0,0,0.0
17262,2022-12,0,0,0,0.0
17263,2022-01,0,0,0,0.0
17263,2022-02,0,0,0,0.0
17263,2022-03,0,0,0,0.0
17263,2022-04,0,0,0,0.0
17263,2022-05,0,0,0,0.0
17263,2022-06,0,0,0,0.0
17263,2022-07,0,0,0,0.0
17263,2022-08,0,0,0,0.0
17263,2022-09,0,0,0,0.0
17263,2022-10,0,0,0,0.0
17263,2022-11,0,0,0,0.0
17263,2022-12,0,0,0,0.0
17264,2022-01,0,0,0,0.0
17264,2022-02,0,0,0,0.0
17264,2022-03,0,0,0,0.0
17264,2022-04,0,0,0,0.0
17264,2022-05,0,0,0,0.0
17264,2022-06,0,0,0,0.0
17264,2022-07,0,0,0,0.0
17264,2022-08,0,0,0,0.0
17264,2022-09,0,0,0,0.0
17264,2022-10,0,0,0,0.0
17264,2022-11,0,0,0,0.0
17264,2022-12,0,0,0,0.0
17265,2022-01,0,0,0,0.0
17265,2022-02,0,0,0,0.0
17265,2022-03,0,0,0,0.0
17265,2022-04,0,0,0,0.0
17265,2022-05,0,0,0,0.0
17265,2022-06,0,0,0,0.0
17265,2022-07,0,0,0,0.0
17265,2022-08,0,0,0,0.0
17265,2022-09,0,0,0,0.0
17265,2022-10,0,0,0,0.0
17265,2022-11,0,0,0,0.0
17265,2022-12,0,0,0,0.0
17266,2022-01,0,0,0,0.0
17266,2022-02,0,0,0,0.0
17266,2022-03,0,0,0,0.0
17266,2022-04,0,0,0,0.0
17266,2022-05,0,0,0,0.0
17266,2022-06,0,0,0,0.0
17266,2022-07,0,0,0,0.0
17266,2022-08,0,0,0,0.0
17266,2022-09,0,0,0,0.0
17266,2022-10,0,0,0,0.0
17266,2022-11,0,0,0,0.0
17266,2022-12,0,0,0,0.0
17267,2022-01,0,0,0,0.0
17267,2022-02,0,0,0,0.0
17267,2022-03,0,0,0,0.0
17267,2022-04,0,0,0,0.0
17267,2022-05,0,0,0,0.0
17267,2022-06,0,0,0,0.0
17267,2022-07,0,0,0,0.0
17267,2022-08,0,0,0,0.0
17267,2022-09,0,0,0,0.0
17267,2022-10,0,0,0,0.0
17267,2022-11,0,0,0,0.0
17267,2022-12,0,0,0,0.0
17268,2022-01,0,0,0,0.0
17268,2022-02,0,0,0,0.0
17268,2022-03,0,0,0,0.0
17268,2022-04,0,0,0,0.0
17268,2022-05,0,0,0,0.0
17268,2022-06,0,0,0,0.0
17268,2022-07,0,0,0,0.0
17268,2022-08,0,0,0,0.0
17268,2022-09,0,0,0,0.0
17268,2022-10,0,0,0,0.0
17268,2022-11,0,0,0,0.0
17268,2022-12,0,0,0,0.0
17271,2022-01,0,0,0,0.0
17271,2022-02,0,0,0,0.0
17271,2022-03,0,0,0,0.0
17271,2022-04,0,0,0,0.0
17271,2022-05,0,0,0,0.0
17271,2022-06,0,0,0,0.0
17271,2022-07,0,0,0,0.0
17271,2022-08,0,0,0,0.0
17271,2022-09,0,0,0,0.0
17271,2022-10,0,0,0,0.0
17271,2022-11,0,0,0,0.0
17271,2022-12,0,0,0,0.0
17301,2022-01,0,0,0,0.0
17301,2022-02,0,0,0,1.0
17301,2022-03,0,0,0,0.0
17301,2022-04,0,0,0,0.0
17301,2022-05,0,0,0,0.0
17301,2022-06,0,0,0,0.0
17301,2022-07,0,0,0,1.0
17301,2022-08,0,0,0,0.0
17301,2022-09,0,0,0,0.0
17301,2022-10,0,0,0,0.0
17301,2022-11,0,0,0,0.0
17301,2022-12,0,0,0,0.0
17302,2022-01,0,0,0,0.0
17302,2022-02,0,0,0,0.0
17302,2022-03,0,0,0,0.0
17302,2022-04,0,0,0,0.0
17302,2022-05,0,0,0,0.0
17302,2022-06,0,0,0,0.0
17302,2022-07,0,0,0,0.0
17302,2022-08,0,0,0,0.0
17302,2022-09,0,0,0,0.0
17302,2022-10,0,0,0,0.0
17302,2022-11,0,0,0,0.0
17302,2022-12,0,0,0,0.0
17303,2022-01,0,0,0,0.0
17303,2022-02,0,0,0,0.0
17303,2022-03,0,0,0,0.0
17303,2022-04,0,0,0,0.0
17303,2022-05,0,0,0,0.0
17303,2022-06,0,0,0,0.0
17303,2022-07,0,0,0,0.0
17303,2022-08,0,0,0,0.0
17303,2022-09,0,0,0,0.0
17303,2022-10,0,0,0,0.0
17303,2022-11,0,0,0,0.0
17303,2022-12,0,0,0,0.0
17304,2022-01,0,0,0,0.0
17304,2022-02,0,0,0,0.0
17304,2022-03,0,0,0,2.0
17304,2022-04,0,0,0,0.0
17304,2022-05,0,0,0,0.0
17304,2022-06,0,0,0,0.0
17304,2022-07,0,0,0,0.0
17304,2022-08,0,0,0,0.0
17304,2022-09,0,0,0,0.0
17304,2022-10,0,0,0,0.0
17304,2022-11,0,0,0,0.0
17304,2022-12,0,0,0,0.0
17306,2022-01,0,0,0,0.0
17306,2022-02,0,0,0,0.0
17306,2022-03,0,0,0,0.0
17306,2022-04,0,0,0,0.0
17306,2022-05,0,0,0,0.0
17306,2022-06,0,0,0,0.0
17306,2022-07,0,0,0,0.0
17306,2022-08,0,0,0,0.0
17306,2022-09,0,0,0,0.0
17306,2022-10,0,0,0,0.0
17306,2022-11,0,0,0,0.0
17306,2022-12,0,0,0,0.0
17307,2022-01,0,0,0,0.0
17307,2022-02,0,0,0,0.0
17307,2022-03,0,0,0,2.0
17307,2022-04,0,0,0,0.0
17307,2022-05,0,0,0,0.0
17307,2022-06,0,0,0,0.0
17307,2022-07,0,0,0,0.0
17307,2022-08,0,0,0,0.0
17307,2022-09,0,0,0,0.0
17307,2022-10,0,0,0,0.0
17307,2022-11,0,0,0,0.0
17307,2022-12,0,0,0,0.0
17309,2022-01,0,0,0,0.0
17309,2022-02,0,0,0,0.0
17309,2022-03,0,0,0,0.0
17309,2022-04,0,0,0,0.0
17309,2022-05,0,0,0,0.0
17309,2022-06,0,0,0,0.0
17309,2022-07,0,0,0,0.0
17309,2022-08,0,0,0,0.0
17309,2022-09,0,0,0,0.0
17309,2022-10,0,0,0,0.0
17309,2022-11,0,0,0,0.0
17309,2022-12,0,0,0,0.0
17311,2022-01,0,0,0,0.0
17311,2022-02,0,0,0,0.0
17311,2022-03,0,0,0,0.0
17311,2022-04,0,0,0,0.0
17311,2022-05,0,0,0,0.0
17311,2022-06,0,0,0,0.0
17311,2022-07,0,0,0,0.0
17311,2022-08,0,0,0,0.0
17311,2022-09,0,0,0,0.0
17311,2022-10,0,0,0,0.0
17311,2022-11,0,0,0,0.0
17311,2022-12,0,0,0,0.0
17313,2022-01,0,0,0,0.0
17313,2022-02,0,0,0,0.0
17313,2022-03,0,0,0,0.0
17313,2022-04,0,0,0,0.0
17313,2022-05,0,0,0,0.0
17313,2022-06,0,0,0,0.0
17313,2022-07,0,0,0,0.0
17313,2022-08,0,0,0,0.0
17313,2022-09,0,0,0,0.0
17313,2022-10,0,0,0,0.0
17313,2022-11,0,0,0,0.0
17313,2022-12,0,0,0,0.0
17314,2022-01,0,0,0,0.0
17314,2022-02,0,0,0,0.0
17314,2022-03,0,0,0,0.0
17314,2022-04,0,0,0,0.0
17314,2022-05,0,0,0,0.0
17314,2022-06,0,0,0,0.0
17314,2022-07,0,0,0,0.0
17314,2022-08,0,0,0,0.0
17314,2022-09,0,0,0,0.0
17314,2022-10,0,0,0,0.0
17314,2022-11,0,0,0,0.0
17314,2022-12,0,0,0,0.0
17315,2022-01,0,0,0,1.0
17315,2022-02,0,0,0,0.0
17315,2022-03,0,0,0,0.0
17315,2022-04,0,0,0,0.0
17315,2022-05,0,0,0,0.0
17315,2022-06,0,0,0,0.0
17315,2022-07,0,0,0,0.0
17315,2022-08,0,0,0,0.0
17315,2022-09,0,0,0,0.0
17315,2022-10,0,0,0,0.0
17315,2022-11,0,0,0,0.0
17315,2022-12,0,0,0,0.0
17316,2022-01,0,0,0,0.0
17316,2022-02,0,0,0,0.0
17316,2022-03,0,0,0,0.0
17316,2022-04,0,0,0,0.0
17316,2022-05,0,0,0,1.0
17316,2022-06,0,0,0,0.0
17316,2022-07,0,0,0,0.0
17316,2022-08,0,0,0,0.0
17316,2022-09,0,0,0,0.0
17316,2022-10,0,0,0,0.0
17316,2022-11,0,0,0,0.0
17316,2022-12,0,0,0,0.0
17317,2022-01,0,0,0,0.0
17317,2022-02,0,0,0,0.0
17317,2022-03,0,0,0,0.0
17317,2022-04,0,0,0,0.0
17317,2022-05,0,0,0,0.0
17317,2022-06,0,0,0,0.0
17317,2022-07,0,0,0,0.0
17317,2022-08,0,0,0,0.0
17317,2022-09,0,0,0,0.0
17317,2022-10,0,0,0,0.0
17317,2022-11,0,0,0,0.0
17317,2022-12,0,0,0,0.0
17318,2022-01,0,0,0,0.0
17318,2022-02,0,0,0,0.0
17318,2022-03,0,0,0,0.0
17318,2022-04,0,0,0,0.0
17318,2022-05,0,0,0,0.0
17318,2022-06,0,0,0,0.0
17318,2022-07,0,0,0,0.0
17318,2022-08,0,0,0,0.0
17318,2022-09,0,0,0,0.0
17318,2022-10,0,0,0,0.0
17318,2022-11,0,0,0,0.0
17318,2022-12,0,0,0,0.0
17319,2022-01,0,0,0,0.0
17319,2022-02,0,0,0,0.0
17319,2022-03,0,0,0,0.0
17319,2022-04,0,0,0,0.0
17319,2022-05,0,0,0,0.0
17319,2022-06,0,0,0,0.0
17319,2022-07,0,0,0,0.0
17319,2022-08,0,0,0,0.0
17319,2022-09,0,0,0,0.0
17319,2022-10,0,0,0,0.0
17319,2022-11,0,0,0,0.0
17319,2022-12,0,0,0,0.0
17320,2022-01,0,0,0,0.0
17320,2022-02,0,0,0,0.0
17320,2022-03,0,0,0,2.0
17320,2022-04,0,0,0,0.0
17320,2022-05,0,0,0,0.0
17320,2022-06,0,0,0,0.0
17320,2022-07,0,0,0,0.0
17320,2022-08,0,0,0,0.0
17320,2022-09,0,0,0,0.0
17320,2022-10,0,0,0,0.0
17320,2022-11,0,0,0,0.0
17320,2022-12,0,0,0,0.0
17321,2022-01,0,0,0,0.0
17321,2022-02,0,0,0,0.0
17321,2022-03,0,0,0,0.0
17321,2022-04,0,0,0,0.0
17321,2022-05,0,0,0,0.0
17321,2022-06,0,0,0,0.0
17321,2022-07,0,0,0,0.0
17321,2022-08,0,0,0,0.0
17321,2022-09,0,0,0,0.0
17321,2022-10,0,0,0,0.0
17321,2022-11,0,0,0,0.0
17321,2022-12,0,0,0,0.0
17322,2022-01,0,0,0,0.0
17322,2022-02,0,0,0,0.0
17322,2022-03,0,0,0,0.0
17322,2022-04,0,0,0,0.0
17322,2022-05,0,0,0,0.0
17322,2022-06,0,0,0,0.0
17322,2022-07,0,0,0,0.0
17322,2022-08,0,0,0,0.0
17322,2022-09,0,0,0,0.0
17322,2022-10,0,0,0,0.0
17322,2022-11,0,0,0,0.0
17322,2022-12,0,0,0,0.0
17323,2022-01,0,0,0,0.0
17323,2022-02,0,0,0,0.0
17323,2022-03,0,0,0,0.0
17323,2022-04,0,0,0,0.0
17323,2022-05,0,0,0,0.0
17323,2022-06,0,0,0,0.0
17323,2022-07,0,0,0,0.0
17323,2022-08,0,0,0,0.0
17323,2022-09,0,0,0,0.0
17323,2022-10,0,0,0,0.0
17323,2022-11,0,0,0,0.0
17323,2022-12,0,0,0,0.0
17324,2022-01,0,0,0,0.0
17324,2022-02,0,0,0,0.0
17324,2022-03,0,0,0,0.0
17324,2022-04,0,0,0,0.0
17324,2022-05,0,0,0,1.0
17324,2022-06,0,0,0,0.0
17324,2022-07,0,0,0,0.0
17324,2022-08,0,0,0,0.0
17324,2022-09,0,0,0,0.0
17324,2022-10,0,0,0,0.0
17324,2022-11,0,0,0,0.0
17324,2022-12,0,0,0,0.0
17325,2022-01,Adams,0,0,0.0
17325,2022-02,Adams,0,0,1.0
17325,2022-03,Adams,0,2,0.0
17325,2022-04,Adams,0,0,0.0
17325,2022-05,Adams,0,0,0.0
17325,2022-06,Adams,0,0,0.0
17325,2022-07,Adams,0,0,1.0
17325,2022-08,Adams,0,0,0.0
17325,2022-09,Adams,0,0,0.0
17325,2022-10,Adams,0,0,0.0
17325,2022-11,Adams,0,0,0.0
17325,2022-12,Adams,0,0,0.0
17327,2022-01,0,0,0,0.0
17327,2022-02,0,0,0,0.0
17327,2022-03,0,0,0,0.0
17327,2022-04,0,0,0,0.0
17327,2022-05,0,0,0,0.0
17327,2022-06,0,0,0,0.0
17327,2022-07,0,0,0,0.0
17327,2022-08,0,0,0,0.0
17327,2022-09,0,0,0,0.0
17327,2022-10,0,0,0,0.0
17327,2022-11,0,0,0,0.0
17327,2022-12,0,0,0,0.0
17329,2022-01,0,0,0,0.0
17329,2022-02,0,0,0,1.0
17329,2022-03,0,0,0,0.0
17329,2022-04,0,0,0,0.0
17329,2022-05,0,0,0,0.0
17329,2022-06,0,0,0,0.0
17329,2022-07,0,0,0,1.0
17329,2022-08,0,0,0,0.0
17329,2022-09,0,0,0,0.0
17329,2022-10,0,0,0,0.0
17329,2022-11,0,0,0,0.0
17329,2022-12,0,0,0,0.0
17331,2022-01,York,0,0,0.0
17331,2022-02,York,0,1,0.0
17331,2022-03,York,0,0,2.0
17331,2022-04,York,0,0,0.0
17331,2022-05,York,0,0,0.0
17331,2022-06,York,0,0,0.0
17331,2022-07,York,0,1,0.0
17331,2022-08,York,0,0,0.0
17331,2022-09,York,0,0,0.0
17331,2022-10,York,0,0,0.0
17331,2022-11,York,0,0,0.0
17331,2022-12,York,0,0,0.0
17339,2022-01,0,0,0,0.0
17339,2022-02,0,0,0,0.0
17339,2022-03,0,0,0,0.0
17339,2022-04,0,0,0,0.0
17339,2022-05,0,0,0,1.0
17339,2022-06,0,0,0,0.0
17339,2022-07,0,0,0,0.0
17339,2022-08,0,0,0,0.0
17339,2022-09,0,0,0,0.0
17339,2022-10,0,0,0,0.0
17339,2022-11,0,0,0,0.0
17339,2022-12,0,0,0,0.0
17340,2022-01,0,0,0,0.0
17340,2022-02,0,0,0,1.0
17340,2022-03,0,0,0,2.0
17340,2022-04,0,0,0,0.0
17340,2022-05,0,0,0,0.0
17340,2022-06,0,0,0,0.0
17340,2022-07,0,0,0,1.0
17340,2022-08,0,0,0,0.0
17340,2022-09,0,0,0,0.0
17340,2022-10,0,0,0,0.0
17340,2022-11,0,0,0,0.0
17340,2022-12,0,0,0,0.0
17342,2022-01,0,0,0,0.0
17342,2022-02,0,0,0,0.0
17342,2022-03,0,0,0,0.0
17342,2022-04,0,0,0,0.0
17342,2022-05,0,0,0,0.0
17342,2022-06,0,0,0,0.0
17342,2022-07,0,0,0,0.0
17342,2022-08,0,0,0,0.0
17342,2022-09,0,0,0,0.0
17342,2022-10,0,0,0,0.0
17342,2022-11,0,0,0,0.0
17342,2022-12,0,0,0,0.0
17343,2022-01,0,0,0,0.0
17343,2022-02,0,0,0,0.0
17343,2022-03,0,0,0,2.0
17343,2022-04,0,0,0,0.0
17343,2022-05,0,0,0,0.0
17343,2022-06,0,0,0,0.0
17343,2022-07,0,0,0,0.0
17343,2022-08,0,0,0,0.0
17343,2022-09,0,0,0,0.0
17343,2022-10,0,0,0,0.0
17343,2022-11,0,0,0,0.0
17343,2022-12,0,0,0,0.0
17344,2022-01,0,0,0,0.0
17344,2022-02,0,0,0,1.0
17344,2022-03,0,0,0,0.0
17344,2022-04,0,0,0,0.0
17344,2022-05,0,0,0,0.0
17344,2022-06,0,0,0,0.0
17344,2022-07,0,0,0,1.0
17344,2022-08,0,0,0,0.0
17344,2022-09,0,0,0,0.0
17344,2022-10,0,0,0,0.0
17344,2022-11,0,0,0,0.0
17344,2022-12,0,0,0,0.0
17345,2022-01,0,0,0,0.0
17345,2022-02,0,0,0,0.0
17345,2022-03,0,0,0,0.0
17345,2022-04,0,0,0,0.0
17345,2022-05,0,0,0,0.0
17345,2022-06,0,0,0,0.0
17345,2022-07,0,0,0,0.0
17345,2022-08,0,0,0,0.0
17345,2022-09,0,0,0,0.0
17345,2022-10,0,0,0,0.0
17345,2022-11,0,0,0,0.0
17345,2022-12,0,0,0,0.0
17347,2022-01,0,0,0,0.0
17347,2022-02,0,0,0,0.0
17347,2022-03,0,0,0,0.0
17347,2022-04,0,0,0,0.0
17347,2022-05,0,0,0,0.0
17347,2022-06,0,0,0,0.0
17347,2022-07,0,0,0,0.0
17347,2022-08,0,0,0,0.0
17347,2022-09,0,0,0,0.0
17347,2022-10,0,0,0,0.0
17347,2022-11,0,0,0,0.0
17347,2022-12,0,0,0,0.0
17349,2022-01,0,0,0,0.0
17349,2022-02,0,0,0,0.0
17349,2022-03,0,0,0,0.0
17349,2022-04,0,0,0,0.0
17349,2022-05,0,0,0,0.0
17349,2022-06,0,0,0,0.0
17349,2022-07,0,0,0,0.0
17349,2022-08,0,0,0,0.0
17349,2022-09,0,0,0,0.0
17349,2022-10,0,0,0,0.0
17349,2022-11,0,0,0,0.0
17349,2022-12,0,0,0,0.0
17350,2022-01,0,0,0,0.0
17350,2022-02,0,0,0,1.0
17350,2022-03,0,0,0,2.0
17350,2022-04,0,0,0,0.0
17350,2022-05,0,0,0,0.0
17350,2022-06,0,0,0,0.0
17350,2022-07,0,0,0,1.0
17350,2022-08,0,0,0,0.0
17350,2022-09,0,0,0,0.0
17350,2022-10,0,0,0,0.0
17350,2022-11,0,0,0,0.0
17350,2022-12,0,0,0,0.0
17352,2022-01,0,0,0,0.0
17352,2022-02,0,0,0,0.0
17352,2022-03,0,0,0,0.0
17352,2022-04,0,0,0,0.0
17352,2022-05,0,0,0,0.0
17352,2022-06,0,0,0,0.0
17352,2022-07,0,0,0,0.0
17352,2022-08,0,0,0,0.0
17352,2022-09,0,0,0,0.0
17352,2022-10,0,0,0,0.0
17352,2022-11,0,0,0,0.0
17352,2022-12,0,0,0,0.0
17353,2022-01,0,0,0,0.0
17353,2022-02,0,0,0,0.0
17353,2022-03,0,0,0,2.0
17353,2022-04,0,0,0,0.0
17353,2022-05,0,0,0,0.0
17353,2022-06,0,0,0,0.0
17353,2022-07,0,0,0,0.0
17353,2022-08,0,0,0,0.0
17353,2022-09,0,0,0,0.0
17353,2022-10,0,0,0,0.0
17353,2022-11,0,0,0,0.0
17353,2022-12,0,0,0,0.0
17355,2022-01,0,0,0,0.0
17355,2022-02,0,0,0,0.0
17355,2022-03,0,0,0,0.0
17355,2022-04,0,0,0,0.0
17355,2022-05,0,0,0,0.0
17355,2022-06,0,0,0,0.0
17355,2022-07,0,0,0,0.0
17355,2022-08,0,0,0,0.0
17355,2022-09,0,0,0,0.0
17355,2022-10,0,0,0,0.0
17355,2022-11,0,0,0,0.0
17355,2022-12,0,0,0,0.0
17356,2022-01,0,0,0,0.0
17356,2022-02,0,0,0,0.0
17356,2022-03,0,0,0,0.0
17356,2022-04,0,0,0,0.0
17356,2022-05,0,0,0,0.0
17356,2022-06,0,0,0,0.0
17356,2022-07,0,0,0,0.0
17356,2022-08,0,0,0,0.0
17356,2022-09,0,0,0,0.0
17356,2022-10,0,0,0,0.0
17356,2022-11,0,0,0,0.0
17356,2022-12,0,0,0,0.0
17360,2022-01,0,0,0,1.0
17360,2022-02,0,0,0,0.0
17360,2022-03,0,0,0,0.0
17360,2022-04,0,0,0,0.0
17360,2022-05,0,0,0,0.0
17360,2022-06,0,0,0,0.0
17360,2022-07,0,0,0,0.0
17360,2022-08,0,0,0,0.0
17360,2022-09,0,0,0,0.0
17360,2022-10,0,0,0,0.0
17360,2022-11,0,0,0,0.0
17360,2022-12,0,0,0,0.0
17361,2022-01,0,0,0,0.0
17361,2022-02,0,0,0,0.0
17361,2022-03,0,0,0,0.0
17361,2022-04,0,0,0,0.0
17361,2022-05,0,0,0,0.0
17361,2022-06,0,0,0,0.0
17361,2022-07,0,0,0,0.0
17361,2022-08,0,0,0,0.0
17361,2022-09,0,0,0,0.0
17361,2022-10,0,0,0,0.0
17361,2022-11,0,0,0,0.0
17361,2022-12,0,0,0,0.0
17362,2022-01,0,0,0,1.0
17362,2022-02,0,0,0,1.0
17362,2022-03,0,0,0,0.0
17362,2022-04,0,0,0,0.0
17362,2022-05,0,0,0,0.0
17362,2022-06,0,0,0,0.0
17362,2022-07,0,0,0,1.0
17362,2022-08,0,0,0,0.0
17362,2022-09,0,0,0,0.0
17362,2022-10,0,0,0,0.0
17362,2022-11,0,0,0,0.0
17362,2022-12,0,0,0,0.0
17363,2022-01,0,0,0,0.0
17363,2022-02,0,0,0,0.0
17363,2022-03,0,0,0,0.0
17363,2022-04,0,0,0,0.0
17363,2022-05,0,0,0,0.0
17363,2022-06,0,0,0,0.0
17363,2022-07,0,0,0,0.0
17363,2022-08,0,0,0,0.0
17363,2022-09,0,0,0,0.0
17363,2022-10,0,0,0,0.0
17363,2022-11,0,0,0,0.0
17363,2022-12,0,0,0,0.0
17364,2022-01,0,0,0,1.0
17364,2022-02,0,0,0,0.0
17364,2022-03,0,0,0,0.0
17364,2022-04,0,0,0,0.0
17364,2022-05,0,0,0,0.0
17364,2022-06,0,0,0,0.0
17364,2022-07,0,0,0,0.0
17364,2022-08,0,0,0,0.0
17364,2022-09,0,0,0,0.0
17364,2022-10,0,0,0,0.0
17364,2022-11,0,0,0,0.0
17364,2022-12,0,0,0,0.0
17365,2022-01,0,0,0,0.0
17365,2022-02,0,0,0,0.0
17365,2022-03,0,0,0,0.0
17365,2022-04,0,0,0,0.0
17365,2022-05,0,0,0,1.0
17365,2022-06,0,0,0,0.0
17365,2022-07,0,0,0,0.0
17365,2022-08,0,0,0,0.0
17365,2022-09,0,0,0,0.0
17365,2022-10,0,0,0,0.0
17365,2022-11,0,0,0,0.0
17365,2022-12,0,0,0,0.0
17366,2022-01,0,0,0,0.0
17366,2022-02,0,0,0,0.0
17366,2022-03,0,0,0,0.0
17366,2022-04,0,0,0,0.0
17366,2022-05,0,0,0,0.0
17366,2022-06,0,0,0,0.0
17366,2022-07,0,0,0,0.0
17366,2022-08,0,0,0,0.0
17366,2022-09,0,0,0,0.0
17366,2022-10,0,0,0,0.0
17366,2022-11,0,0,0,0.0
17366,2022-12,0,0,0,0.0
17368,2022-01,0,0,0,0.0
17368,2022-02,0,0,0,0.0
17368,2022-03,0,0,0,0.0
17368,2022-04,0,0,0,0.0
17368,2022-05,0,0,0,0.0
17368,2022-06,0,0,0,0.0
17368,2022-07,0,0,0,0.0
17368,2022-08,0,0,0,0.0
17368,2022-09,0,0,0,0.0
17368,2022-10,0,0,0,0.0
17368,2022-11,0,0,0,0.0
17368,2022-12,0,0,0,0.0
17370,2022-01,0,0,0,0.0
17370,2022-02,0,0,0,0.0
17370,2022-03,0,0,0,0.0
17370,2022-04,0,0,0,0.0
17370,2022-05,0,0,0,0.0
17370,2022-06,0,0,0,0.0
17370,2022-07,0,0,0,0.0
17370,2022-08,0,0,0,0.0
17370,2022-09,0,0,0,0.0
17370,2022-10,0,0,0,0.0
17370,2022-11,0,0,0,0.0
17370,2022-12,0,0,0,0.0
17371,2022-01,0,0,0,1.0
17371,2022-02,0,0,0,0.0
17371,2022-03,0,0,0,0.0
17371,2022-04,0,0,0,0.0
17371,2022-05,0,0,0,0.0
17371,2022-06,0,0,0,0.0
17371,2022-07,0,0,0,0.0
17371,2022-08,0,0,0,0.0
17371,2022-09,0,0,0,0.0
17371,2022-10,0,0,0,0.0
17371,2022-11,0,0,0,0.0
17371,2022-12,0,0,0,0.0
17372,2022-01,0,0,0,0.0
17372,2022-02,0,0,0,0.0
17372,2022-03,0,0,0,2.0
17372,2022-04,0,0,0,0.0
17372,2022-05,0,0,0,1.0
17372,2022-06,0,0,0,0.0
17372,2022-07,0,0,0,0.0
17372,2022-08,0,0,0,0.0
17372,2022-09,0,0,0,0.0
17372,2022-10,0,0,0,0.0
17372,2022-11,0,0,0,0.0
17372,2022-12,0,0,0,0.0
17401,2022-01,York,0,0,0.0
17401,2022-02,York,0,0,0.0
17401,2022-03,York,0,1,0.0
17401,2022-04,York,0,1,0.0
17401,2022-05,York,0,0,0.0
17401,2022-06,York,0,0,0.0
17401,2022-07,York,0,1,0.0
17401,2022-08,York,0,1,0.0
17401,2022-09,York,0,1,0.0
17401,2022-10,York,0,0,0.0
17401,2022-11,York,0,1,0.0
17401,2022-12,York,0,2,0.0
17402,2022-01,0,0,0,0.0
17402,2022-02,0,0,0,0.0
17402,2022-03,0,0,0,0.0
17402,2022-04,0,0,0,0.0
17402,2022-05,0,0,0,0.0
17402,2022-06,0,0,0,0.0
17402,2022-07,0,0,0,0.0
17402,2022-08,0,0,0,0.0
17402,2022-09,0,0,0,0.0
17402,2022-10,0,0,0,0.0
17402,2022-11,0,0,0,0.0
17402,2022-12,0,0,0,0.0
17403,2022-01,0,0,0,1.0
17403,2022-02,0,0,0,0.0
17403,2022-03,0,0,0,1.0
17403,2022-04,0,0,0,1.0
17403,2022-05,0,0,0,0.0
17403,2022-06,0,0,0,0.0
17403,2022-07,0,0,0,1.0
17403,2022-08,0,0,0,1.0
17403,2022-09,0,0,0,1.0
17403,2022-10,0,0,0,0.0
17403,2022-11,0,0,0,1.0
17403,2022-12,0,0,0,2.0
17404,2022-01,0,0,0,1.0
17404,2022-02,0,0,0,0.0
17404,2022-03,0,0,0,1.0
17404,2022-04,0,0,0,1.0
17404,2022-05,0,0,0,0.0
17404,2022-06,0,0,0,0.0
17404,2022-07,0,0,0,1.0
17404,2022-08,0,0,0,1.0
17404,2022-09,0,0,0,1.0
17404,2022-10,0,0,0,0.0
17404,2022-11,0,0,0,1.0
17404,2022-12,0,0,0,2.0
17406,2022-01,0,0,0,0.0
17406,2022-02,0,0,0,0.0
17406,2022-03,0,0,0,0.0
17406,2022-04,0,0,0,0.0
17406,2022-05,0,0,0,0.0
17406,2022-06,0,0,0,0.0
17406,2022-07,0,0,0,0.0
17406,2022-08,0,0,0,0.0
17406,2022-09,0,0,0,0.0
17406,2022-10,0,0,0,0.0
17406,2022-11,0,0,0,0.0
17406,2022-12,0,0,0,0.0
17407,2022-01,0,0,0,0.0
17407,2022-02,0,0,0,0.0
17407,2022-03,0,0,0,0.0
17407,2022-04,0,0,0,0.0
17407,2022-05,0,0,0,0.0
17407,2022-06,0,0,0,0.0
17407,2022-07,0,0,0,0.0
17407,2022-08,0,0,0,0.0
17407,2022-09,0,0,0,0.0
17407,2022-10,0,0,0,0.0
17407,2022-11,0,0,0,0.0
17407,2022-12,0,0,0,0.0
17408,2022-01,York,0,1,0.0
17408,2022-02,York,0,0,0.0
17408,2022-03,York,0,0,0.0
17408,2022-04,York,0,0,0.0
17408,2022-05,York,0,0,0.0
17408,2022-06,York,0,0,0.0
17408,2022-07,York,0,0,0.0
17408,2022-08,York,0,0,0.0
17408,2022-09,York,0,0,0.0
17408,2022-10,York,0,0,0.0
17408,2022-11,York,0,0,0.0
17408,2022-12,York,0,0,0.0
17501,2022-01,0,0,0,0.0
17501,2022-02,0,0,0,0.0
17501,2022-03,0,0,0,0.0
17501,2022-04,0,0,0,0.0
17501,2022-05,0,0,0,0.0
17501,2022-06,0,0,0,0.0
17501,2022-07,0,0,0,0.0
17501,2022-08,0,0,0,0.0
17501,2022-09,0,0,0,0.0
17501,2022-10,0,0,0,0.0
17501,2022-11,0,0,0,0.0
17501,2022-12,0,0,0,0.0
17502,2022-01,0,0,0,0.0
17502,2022-02,0,0,0,0.0
17502,2022-03,0,0,0,1.0
17502,2022-04,0,0,0,0.0
17502,2022-05,0,0,0,0.0
17502,2022-06,0,0,0,0.0
17502,2022-07,0,0,0,0.0
17502,2022-08,0,0,0,0.0
17502,2022-09,0,0,0,0.0
17502,2022-10,0,0,0,1.0
17502,2022-11,0,0,0,0.0
17502,2022-12,0,0,0,0.0
17504,2022-01,0,0,0,0.0
17504,2022-02,0,0,0,0.0
17504,2022-03,0,0,0,0.0
17504,2022-04,0,0,0,0.0
17504,2022-05,0,0,0,0.0
17504,2022-06,0,0,0,0.0
17504,2022-07,0,0,0,0.0
17504,2022-08,0,0,0,0.0
17504,2022-09,0,0,0,0.0
17504,2022-10,0,0,0,0.0
17504,2022-11,0,0,0,0.0
17504,2022-12,0,0,0,0.0
17505,2022-01,0,0,0,0.0
17505,2022-02,0,0,0,0.0
17505,2022-03,0,0,0,0.0
17505,2022-04,0,0,0,0.0
17505,2022-05,0,0,0,3.0
17505,2022-06,0,0,0,3.0
17505,2022-07,0,0,0,0.0
17505,2022-08,0,0,0,0.0
17505,2022-09,0,0,0,5.0
17505,2022-10,0,0,0,1.0
17505,2022-11,0,0,0,1.0
17505,2022-12,0,0,0,1.0
17506,2022-01,0,0,0,0.0
17506,2022-02,0,0,0,0.0
17506,2022-03,0,0,0,0.0
17506,2022-04,0,0,0,0.0
17506,2022-05,0,0,0,0.0
17506,2022-06,0,0,0,0.0
17506,2022-07,0,0,0,0.0
17506,2022-08,0,0,0,0.0
17506,2022-09,0,0,0,0.0
17506,2022-10,0,0,0,0.0
17506,2022-11,0,0,0,0.0
17506,2022-12,0,0,0,0.0
17507,2022-01,0,0,0,0.0
17507,2022-02,0,0,0,0.0
17507,2022-03,0,0,0,0.0
17507,2022-04,0,0,0,0.0
17507,2022-05,0,0,0,0.0
17507,2022-06,0,0,0,0.0
17507,2022-07,0,0,0,0.0
17507,2022-08,0,0,0,0.0
17507,2022-09,0,0,0,0.0
17507,2022-10,0,0,0,0.0
17507,2022-11,0,0,0,0.0
17507,2022-12,0,0,0,0.0
17508,2022-01,0,0,0,0.0
17508,2022-02,0,0,0,0.0
17508,2022-03,0,0,0,0.0
17508,2022-04,0,0,0,0.0
17508,2022-05,0,0,0,0.0
17508,2022-06,0,0,0,0.0
17508,2022-07,0,0,0,0.0
17508,2022-08,0,0,0,0.0
17508,2022-09,0,0,0,0.0
17508,2022-10,0,0,0,0.0
17508,2022-11,0,0,0,0.0
17508,2022-12,0,0,0,0.0
17509,2022-01,0,0,0,0.0
17509,2022-02,0,0,0,0.0
17509,2022-03,0,0,0,0.0
17509,2022-04,0,0,0,0.0
17509,2022-05,0,0,0,0.0
17509,2022-06,0,0,0,0.0
17509,2022-07,0,0,0,0.0
17509,2022-08,0,0,0,0.0
17509,2022-09,0,0,0,0.0
17509,2022-10,0,0,0,0.0
17509,2022-11,0,0,0,0.0
17509,2022-12,0,0,0,0.0
17512,2022-01,0,0,0,0.0
17512,2022-02,0,0,0,0.0
17512,2022-03,0,0,0,0.0
17512,2022-04,0,0,0,0.0
17512,2022-05,0,0,0,0.0
17512,2022-06,0,0,0,0.0
17512,2022-07,0,0,0,0.0
17512,2022-08,0,0,0,0.0
17512,2022-09,0,0,0,0.0
17512,2022-10,0,0,0,0.0
17512,2022-11,0,0,0,0.0
17512,2022-12,0,0,0,0.0
17516,2022-01,0,0,0,0.0
17516,2022-02,0,0,0,0.0
17516,2022-03,0,0,0,0.0
17516,2022-04,0,0,0,0.0
17516,2022-05,0,0,0,0.0
17516,2022-06,0,0,0,0.0
17516,2022-07,0,0,0,0.0
17516,2022-08,0,0,0,0.0
17516,2022-09,0,0,0,0.0
17516,2022-10,0,0,0,0.0
17516,2022-11,0,0,0,0.0
17516,2022-12,0,0,0,0.0
17517,2022-01,0,0,0,0.0
17517,2022-02,0,0,0,0.0
17517,2022-03,0,0,0,0.0
17517,2022-04,0,0,0,0.0
17517,2022-05,0,0,0,0.0
17517,2022-06,0,0,0,1.0
17517,2022-07,0,0,0,0.0
17517,2022-08,0,0,0,0.0
17517,2022-09,0,0,0,0.0
17517,2022-10,0,0,0,0.0
17517,2022-11,0,0,0,0.0
17517,2022-12,0,0,0,0.0
17518,2022-01,0,0,0,0.0
17518,2022-02,0,0,0,0.0
17518,2022-03,0,0,0,0.0
17518,2022-04,0,0,0,0.0
17518,2022-05,0,0,0,0.0
17518,2022-06,0,0,0,0.0
17518,2022-07,0,0,0,0.0
17518,2022-08,0,0,0,0.0
17518,2022-09,0,0,0,0.0
17518,2022-10,0,0,0,0.0
17518,2022-11,0,0,0,0.0
17518,2022-12,0,0,0,0.0
17519,2022-01,0,0,0,0.0
17519,2022-02,0,0,0,0.0
17519,2022-03,0,0,0,0.0
17519,2022-04,0,0,0,0.0
17519,2022-05,0,0,0,0.0
17519,2022-06,0,0,0,0.0
17519,2022-07,0,0,0,0.0
17519,2022-08,0,0,0,0.0
17519,2022-09,0,0,0,0.0
17519,2022-10,0,0,0,0.0
17519,2022-11,0,0,0,0.0
17519,2022-12,0,0,0,0.0
17520,2022-01,0,0,0,0.0
17520,2022-02,0,0,0,0.0
17520,2022-03,0,0,0,0.0
17520,2022-04,0,0,0,0.0
17520,2022-05,0,0,0,0.0
17520,2022-06,0,0,0,1.0
17520,2022-07,0,0,0,0.0
17520,2022-08,0,0,0,0.0
17520,2022-09,0,0,0,0.0
17520,2022-10,0,0,0,0.0
17520,2022-11,0,0,0,0.0
17520,2022-12,0,0,0,0.0
17522,2022-01,0,0,0,0.0
17522,2022-02,0,0,0,0.0
17522,2022-03,0,0,0,0.0
17522,2022-04,0,0,0,0.0
17522,2022-05,0,0,0,0.0
17522,2022-06,0,0,0,1.0
17522,2022-07,0,0,0,0.0
17522,2022-08,0,0,0,0.0
17522,2022-09,0,0,0,0.0
17522,2022-10,0,0,0,0.0
17522,2022-11,0,0,0,0.0
17522,2022-12,0,0,0,0.0
17527,2022-01,0,0,0,0.0
17527,2022-02,0,0,0,0.0
17527,2022-03,0,0,0,0.0
17527,2022-04,0,0,0,0.0
17527,2022-05,0,0,0,0.0
17527,2022-06,0,0,0,0.0
17527,2022-07,0,0,0,0.0
17527,2022-08,0,0,0,0.0
17527,2022-09,0,0,0,0.0
17527,2022-10,0,0,0,0.0
17527,2022-11,0,0,0,0.0
17527,2022-12,0,0,0,0.0
17529,2022-01,0,0,0,0.0
17529,2022-02,0,0,0,0.0
17529,2022-03,0,0,0,0.0
17529,2022-04,0,0,0,0.0
17529,2022-05,0,0,0,0.0
17529,2022-06,0,0,0,0.0
17529,2022-07,0,0,0,0.0
17529,2022-08,0,0,0,0.0
17529,2022-09,0,0,0,0.0
17529,2022-10,0,0,0,0.0
17529,2022-11,0,0,0,0.0
17529,2022-12,0,0,0,0.0
17532,2022-01,0,0,0,0.0
17532,2022-02,0,0,0,0.0
17532,2022-03,0,0,0,0.0
17532,2022-04,0,0,0,0.0
17532,2022-05,0,0,0,0.0
17532,2022-06,0,0,0,0.0
17532,2022-07,0,0,0,0.0
17532,2022-08,0,0,0,0.0
17532,2022-09,0,0,0,0.0
17532,2022-10,0,0,0,0.0
17532,2022-11,0,0,0,0.0
17532,2022-12,0,0,0,0.0
17534,2022-01,0,0,0,0.0
17534,2022-02,0,0,0,0.0
17534,2022-03,0,0,0,0.0
17534,2022-04,0,0,0,0.0
17534,2022-05,0,0,0,0.0
17534,2022-06,0,0,0,0.0
17534,2022-07,0,0,0,0.0
17534,2022-08,0,0,0,0.0
17534,2022-09,0,0,0,0.0
17534,2022-10,0,0,0,0.0
17534,2022-11,0,0,0,0.0
17534,2022-12,0,0,0,0.0
17535,2022-01,0,0,0,0.0
17535,2022-02,0,0,0,0.0
17535,2022-03,0,0,0,0.0
17535,2022-04,0,0,0,0.0
17535,2022-05,0,0,0,0.0
17535,2022-06,0,0,0,0.0
17535,2022-07,0,0,0,0.0
17535,2022-08,0,0,0,0.0
17535,2022-09,0,0,0,0.0
17535,2022-10,0,0,0,0.0
17535,2022-11,0,0,0,0.0
17535,2022-12,0,0,0,0.0
17536,2022-01,0,0,0,0.0
17536,2022-02,0,0,0,0.0
17536,2022-03,0,0,0,0.0
17536,2022-04,0,0,0,0.0
17536,2022-05,0,0,0,0.0
17536,2022-06,0,0,0,0.0
17536,2022-07,0,0,0,0.0
17536,2022-08,0,0,0,0.0
17536,2022-09,0,0,0,0.0
17536,2022-10,0,0,0,0.0
17536,2022-11,0,0,0,0.0
17536,2022-12,0,0,0,0.0
17538,2022-01,Lancaster,0,0,0.0
17538,2022-02,Lancaster,0,0,0.0
17538,2022-03,Lancaster,0,0,0.0
17538,2022-04,Lancaster,0,0,0.0
17538,2022-05,Lancaster,0,1,0.0
17538,2022-06,Lancaster,0,1,0.0
17538,2022-07,Lancaster,0,1,0.0
17538,2022-08,Lancaster,0,0,0.0
17538,2022-09,Lancaster,0,0,0.0
17538,2022-10,Lancaster,0,0,0.0
17538,2022-11,Lancaster,0,0,0.0
17538,2022-12,Lancaster,0,0,0.0
17540,2022-01,0,0,0,0.0
17540,2022-02,0,0,0,0.0
17540,2022-03,0,0,0,0.0
17540,2022-04,0,0,0,0.0
17540,2022-05,0,0,0,0.0
17540,2022-06,0,0,0,1.0
17540,2022-07,0,0,0,0.0
17540,2022-08,0,0,0,0.0
17540,2022-09,0,0,0,0.0
17540,2022-10,0,0,0,0.0
17540,2022-11,0,0,0,0.0
17540,2022-12,0,0,0,0.0
17543,2022-01,Lancaster,0,0,0.0
17543,2022-02,Lancaster,0,0,0.0
17543,2022-03,Lancaster,0,0,0.0
17543,2022-04,Lancaster,0,0,0.0
17543,2022-05,Lancaster,0,0,0.0
17543,2022-06,Lancaster,0,1,0.0
17543,2022-07,Lancaster,0,0,2.0
17543,2022-08,Lancaster,0,0,0.0
17543,2022-09,Lancaster,0,0,0.0
17543,2022-10,Lancaster,0,0,0.0
17543,2022-11,Lancaster,0,0,0.0
17543,2022-12,Lancaster,0,0,0.0
17545,2022-01,0,0,0,0.0
17545,2022-02,0,0,0,0.0
17545,2022-03,0,0,0,1.0
17545,2022-04,0,0,0,0.0
17545,2022-05,0,0,0,1.0
17545,2022-06,0,0,0,2.0
17545,2022-07,0,0,0,3.0
17545,2022-08,0,0,0,0.0
17545,2022-09,0,0,0,0.0
17545,2022-10,0,0,0,1.0
17545,2022-11,0,0,0,0.0
17545,2022-12,0,0,0,0.0
17547,2022-01,0,0,0,0.0
17547,2022-02,0,0,0,0.0
17547,2022-03,0,0,0,1.0
17547,2022-04,0,0,0,0.0
17547,2022-05,0,0,0,0.0
17547,2022-06,0,0,0,0.0
17547,2022-07,0,0,0,0.0
17547,2022-08,0,0,0,0.0
17547,2022-09,0,0,0,0.0
17547,2022-10,0,0,0,1.0
17547,2022-11,0,0,0,0.0
17547,2022-12,0,0,0,0.0
17550,2022-01,0,0,0,0.0
17550,2022-02,0,0,0,0.0
17550,2022-03,0,0,0,0.0
17550,2022-04,0,0,0,0.0
17550,2022-05,0,0,0,0.0
17550,2022-06,0,0,0,0.0
17550,2022-07,0,0,0,0.0
17550,2022-08,0,0,0,0.0
17550,2022-09,0,0,0,0.0
17550,2022-10,0,0,0,0.0
17550,2022-11,0,0,0,0.0
17550,2022-12,0,0,0,0.0
17551,2022-01,0,0,0,0.0
17551,2022-02,0,0,0,0.0
17551,2022-03,0,0,0,0.0
17551,2022-04,0,0,0,0.0
17551,2022-05,0,0,0,0.0
17551,2022-06,0,0,0,0.0
17551,2022-07,0,0,0,0.0
17551,2022-08,0,0,0,0.0
17551,2022-09,0,0,0,0.0
17551,2022-10,0,0,0,0.0
17551,2022-11,0,0,0,0.0
17551,2022-12,0,0,0,0.0
17552,2022-01,0,0,0,0.0
17552,2022-02,0,0,0,0.0
17552,2022-03,0,0,0,1.0
17552,2022-04,0,0,0,0.0
17552,2022-05,0,0,0,1.0
17552,2022-06,0,0,0,1.0
17552,2022-07,0,0,0,1.0
17552,2022-08,0,0,0,0.0
17552,2022-09,0,0,0,0.0
17552,2022-10,0,0,0,1.0
17552,2022-11,0,0,0,0.0
17552,2022-12,0,0,0,0.0
17554,2022-01,0,0,0,0.0
17554,2022-02,0,0,0,0.0
17554,2022-03,0,0,0,0.0
17554,2022-04,0,0,0,0.0
17554,2022-05,0,0,0,0.0
17554,2022-06,0,0,0,0.0
17554,2022-07,0,0,0,0.0
17554,2022-08,0,0,0,0.0
17554,2022-09,0,0,0,0.0
17554,2022-10,0,0,0,0.0
17554,2022-11,0,0,0,0.0
17554,2022-12,0,0,0,0.0
17555,2022-01,0,0,0,0.0
17555,2022-02,0,0,0,0.0
17555,2022-03,0,0,0,0.0
17555,2022-04,0,0,0,0.0
17555,2022-05,0,0,0,0.0
17555,2022-06,0,0,0,0.0
17555,2022-07,0,0,0,0.0
17555,2022-08,0,0,0,0.0
17555,2022-09,0,0,0,0.0
17555,2022-10,0,0,0,0.0
17555,2022-11,0,0,0,0.0
17555,2022-12,0,0,0,0.0
17557,2022-01,0,0,0,0.0
17557,2022-02,0,0,0,0.0
17557,2022-03,0,0,0,0.0
17557,2022-04,0,0,0,0.0
17557,2022-05,0,0,0,0.0
17557,2022-06,0,0,0,0.0
17557,2022-07,0,0,0,0.0
17557,2022-08,0,0,0,0.0
17557,2022-09,0,0,0,0.0
17557,2022-10,0,0,0,0.0
17557,2022-11,0,0,0,0.0
17557,2022-12,0,0,0,0.0
17560,2022-01,0,0,0,0.0
17560,2022-02,0,0,0,0.0
17560,2022-03,0,0,0,0.0
17560,2022-04,0,0,0,0.0
17560,2022-05,0,0,0,0.0
17560,2022-06,0,0,0,1.0
17560,2022-07,0,0,0,0.0
17560,2022-08,0,0,0,0.0
17560,2022-09,0,0,0,0.0
17560,2022-10,0,0,0,0.0
17560,2022-11,0,0,0,0.0
17560,2022-12,0,0,0,0.0
17562,2022-01,0,0,0,0.0
17562,2022-02,0,0,0,0.0
17562,2022-03,0,0,0,0.0
17562,2022-04,0,0,0,0.0
17562,2022-05,0,0,0,0.0
17562,2022-06,0,0,0,1.0
17562,2022-07,0,0,0,0.0
17562,2022-08,0,0,0,0.0
17562,2022-09,0,0,0,0.0
17562,2022-10,0,0,0,0.0
17562,2022-11,0,0,0,0.0
17562,2022-12,0,0,0,0.0
17563,2022-01,0,0,0,0.0
17563,2022-02,0,0,0,0.0
17563,2022-03,0,0,0,0.0
17563,2022-04,0,0,0,0.0
17563,2022-05,0,0,0,0.0
17563,2022-06,0,0,0,0.0
17563,2022-07,0,0,0,0.0
17563,2022-08,0,0,0,0.0
17563,2022-09,0,0,0,0.0
17563,2022-10,0,0,0,0.0
17563,2022-11,0,0,0,0.0
17563,2022-12,0,0,0,0.0
17565,2022-01,0,0,0,0.0
17565,2022-02,0,0,0,0.0
17565,2022-03,0,0,0,0.0
17565,2022-04,0,0,0,0.0
17565,2022-05,0,0,0,0.0
17565,2022-06,0,0,0,0.0
17565,2022-07,0,0,0,0.0
17565,2022-08,0,0,0,0.0
17565,2022-09,0,0,0,0.0
17565,2022-10,0,0,0,0.0
17565,2022-11,0,0,0,0.0
17565,2022-12,0,0,0,0.0
17566,2022-01,0,0,0,0.0
17566,2022-02,0,0,0,0.0
17566,2022-03,0,0,0,0.0
17566,2022-04,0,0,0,0.0
17566,2022-05,0,0,0,0.0
17566,2022-06,0,0,0,1.0
17566,2022-07,0,0,0,0.0
17566,2022-08,0,0,0,0.0
17566,2022-09,0,0,0,0.0
17566,2022-10,0,0,0,0.0
17566,2022-11,0,0,0,0.0
17566,2022-12,0,0,0,0.0
17568,2022-01,0,0,0,0.0
17568,2022-02,0,0,0,0.0
17568,2022-03,0,0,0,0.0
17568,2022-04,0,0,0,0.0
17568,2022-05,0,0,0,0.0
17568,2022-06,0,0,0,0.0
17568,2022-07,0,0,0,0.0
17568,2022-08,0,0,0,0.0
17568,2022-09,0,0,0,0.0
17568,2022-10,0,0,0,0.0
17568,2022-11,0,0,0,0.0
17568,2022-12,0,0,0,0.0
17569,2022-01,0,0,0,0.0
17569,2022-02,0,0,0,0.0
17569,2022-03,0,0,0,0.0
17569,2022-04,0,0,0,0.0
17569,2022-05,0,0,0,0.0
17569,2022-06,0,0,0,0.0
17569,2022-07,0,0,0,0.0
17569,2022-08,0,0,0,0.0
17569,2022-09,0,0,0,0.0
17569,2022-10,0,0,0,0.0
17569,2022-11,0,0,0,0.0
17569,2022-12,0,0,0,0.0
17570,2022-01,0,0,0,0.0
17570,2022-02,0,0,0,0.0
17570,2022-03,0,0,0,1.0
17570,2022-04,0,0,0,0.0
17570,2022-05,0,0,0,0.0
17570,2022-06,0,0,0,0.0
17570,2022-07,0,0,0,0.0
17570,2022-08,0,0,0,0.0
17570,2022-09,0,0,0,0.0
17570,2022-10,0,0,0,1.0
17570,2022-11,0,0,0,0.0
17570,2022-12,0,0,0,0.0
17572,2022-01,0,0,0,0.0
17572,2022-02,0,0,0,0.0
17572,2022-03,0,0,0,0.0
17572,2022-04,0,0,0,0.0
17572,2022-05,0,0,0,3.0
17572,2022-06,0,0,0,3.0
17572,2022-07,0,0,0,0.0
17572,2022-08,0,0,0,0.0
17572,2022-09,0,0,0,5.0
17572,2022-10,0,0,0,1.0
17572,2022-11,0,0,0,1.0
17572,2022-12,0,0,0,1.0
17576,2022-01,0,0,0,0.0
17576,2022-02,0,0,0,0.0
17576,2022-03,0,0,0,0.0
17576,2022-04,0,0,0,0.0
17576,2022-05,0,0,0,3.0
17576,2022-06,0,0,0,2.0
17576,2022-07,0,0,0,0.0
17576,2022-08,0,0,0,0.0
17576,2022-09,0,0,0,5.0
17576,2022-10,0,0,0,1.0
17576,2022-11,0,0,0,1.0
17576,2022-12,0,0,0,1.0
17578,2022-01,0,0,0,0.0
17578,2022-02,0,0,0,0.0
17578,2022-03,0,0,0,0.0
17578,2022-04,0,0,0,0.0
17578,2022-05,0,0,0,0.0
17578,2022-06,0,0,0,1.0
17578,2022-07,0,0,0,0.0
17578,2022-08,0,0,0,0.0
17578,2022-09,0,0,0,0.0
17578,2022-10,0,0,0,0.0
17578,2022-11,0,0,0,0.0
17578,2022-12,0,0,0,0.0
17579,2022-01,Lancaster,0,0,0.0
17579,2022-02,Lancaster,0,0,0.0
17579,2022-03,Lancaster,0,0,0.0
17579,2022-04,Lancaster,0,0,0.0
17579,2022-05,Lancaster,0,0,3.0
17579,2022-06,Lancaster,0,1,2.0
17579,2022-07,Lancaster,0,0,0.0
17579,2022-08,Lancaster,0,0,0.0
17579,2022-09,Lancaster,0,0,5.0
17579,2022-10,Lancaster,0,0,1.0
17579,2022-11,Lancaster,0,0,1.0
17579,2022-12,Lancaster,0,0,1.0
17581,2022-01,0,0,0,0.0
17581,2022-02,0,0,0,0.0
17581,2022-03,0,0,0,0.0
17581,2022-04,0,0,0,0.0
17581,2022-05,0,0,0,0.0
17581,2022-06,0,0,0,0.0
17581,2022-07,0,0,0,0.0
17581,2022-08,0,0,0,0.0
17581,2022-09,0,0,0,0.0
17581,2022-10,0,0,0,0.0
17581,2022-11,0,0,0,0.0
17581,2022-12,0,0,0,0.0
17582,2022-01,0,0,0,0.0
17582,2022-02,0,0,0,0.0
17582,2022-03,0,0,0,0.0
17582,2022-04,0,0,0,0.0
17582,2022-05,0,0,0,0.0
17582,2022-06,0,0,0,0.0
17582,2022-07,0,0,0,0.0
17582,2022-08,0,0,0,0.0
17582,2022-09,0,0,0,0.0
17582,2022-10,0,0,0,0.0
17582,2022-11,0,0,0,0.0
17582,2022-12,0,0,0,0.0
17584,2022-01,0,0,0,0.0
17584,2022-02,0,0,0,0.0
17584,2022-03,0,0,0,0.0
17584,2022-04,0,0,0,0.0
17584,2022-05,0,0,0,3.0
17584,2022-06,0,0,0,3.0
17584,2022-07,0,0,0,0.0
17584,2022-08,0,0,0,0.0
17584,2022-09,0,0,0,5.0
17584,2022-10,0,0,0,1.0
17584,2022-11,0,0,0,1.0
17584,2022-12,0,0,0,1.0
17601,2022-01,0,0,0,0.0
17601,2022-02,0,0,0,0.0
17601,2022-03,0,0,0,0.0
17601,2022-04,0,0,0,0.0
17601,2022-05,0,0,0,4.0
17601,2022-06,0,0,0,4.0
17601,2022-07,0,0,0,1.0
17601,2022-08,0,0,0,0.0
17601,2022-09,0,0,0,5.0
17601,2022-10,0,0,0,1.0
17601,2022-11,0,0,0,1.0
17601,2022-12,0,0,0,1.0
17602,2022-01,Lancaster,0,0,0.0
17602,2022-02,Lancaster,0,0,0.0
17602,2022-03,Lancaster,0,0,0.0
17602,2022-04,Lancaster,0,0,0.0
17602,2022-05,Lancaster,0,3,0.0
17602,2022-06,Lancaster,0,2,1.0
17602,2022-07,Lancaster,0,0,0.0
17602,2022-08,Lancaster,0,0,0.0
17602,2022-09,Lancaster,0,5,0.0
17602,2022-10,Lancaster,0,1,0.0
17602,2022-11,Lancaster,0,1,0.0
17602,2022-12,Lancaster,0,1,0.0
17603,2022-01,0,0,0,0.0
17603,2022-02,0,0,0,0.0
17603,2022-03,0,0,0,0.0
17603,2022-04,0,0,0,0.0
17603,2022-05,0,0,0,3.0
17603,2022-06,0,0,0,2.0
17603,2022-07,0,0,0,0.0
17603,2022-08,0,0,0,0.0
17603,2022-09,0,0,0,5.0
17603,2022-10,0,0,0,1.0
17603,2022-11,0,0,0,1.0
17603,2022-12,0,0,0,1.0
17606,2022-01,0,0,0,0.0
17606,2022-02,0,0,0,0.0
17606,2022-03,0,0,0,0.0
17606,2022-04,0,0,0,0.0
17606,2022-05,0,0,0,0.0
17606,2022-06,0,0,0,1.0
17606,2022-07,0,0,0,0.0
17606,2022-08,0,0,0,0.0
17606,2022-09,0,0,0,0.0
17606,2022-10,0,0,0,0.0
17606,2022-11,0,0,0,0.0
17606,2022-12,0,0,0,0.0
17701,2022-01,Lycoming,0,0,0.0
17701,2022-02,Lycoming,0,0,0.0
17701,2022-03,Lycoming,0,0,0.0
17701,2022-04,Lycoming,0,0,0.0
17701,2022-05,Lycoming,0,1,0.0
17701,2022-06,Lycoming,0,0,0.0
17701,2022-07,Lycoming,0,0,0.0
17701,2022-08,Lycoming,0,0,0.0
17701,2022-09,Lycoming,0,0,0.0
17701,2022-10,Lycoming,0,0,0.0
17701,2022-11,Lycoming,0,0,0.0
17701,2022-12,Lycoming,0,0,0.0
17702,2022-01,0,0,0,0.0
17702,2022-02,0,0,0,0.0
17702,2022-03,0,0,0,0.0
17702,2022-04,0,0,0,0.0
17702,2022-05,0,0,0,1.0
17702,2022-06,0,0,0,0.0
17702,2022-07,0,0,0,0.0
17702,2022-08,0,0,0,0.0
17702,2022-09,0,0,0,0.0
17702,2022-10,0,0,0,0.0
17702,2022-11,0,0,0,0.0
17702,2022-12,0,0,0,0.0
17720,2022-01,0,0,0,0.0
17720,2022-02,0,0,0,0.0
17720,2022-03,0,0,0,0.0
17720,2022-04,0,0,0,0.0
17720,2022-05,0,0,0,0.0
17720,2022-06,0,0,0,0.0
17720,2022-07,0,0,0,0.0
17720,2022-08,0,0,0,0.0
17720,2022-09,0,0,0,0.0
17720,2022-10,0,0,0,0.0
17720,2022-11,0,0,0,0.0
17720,2022-12,0,0,0,0.0
17721,2022-01,0,0,0,0.0
17721,2022-02,0,0,0,0.0
17721,2022-03,0,0,0,0.0
17721,2022-04,0,0,0,0.0
17721,2022-05,0,0,0,0.0
17721,2022-06,0,0,0,0.0
17721,2022-07,0,0,0,0.0
17721,2022-08,0,0,0,0.0
17721,2022-09,0,0,0,0.0
17721,2022-10,0,0,0,0.0
17721,2022-11,0,0,0,0.0
17721,2022-12,0,0,0,0.0
17723,2022-01,0,0,0,0.0
17723,2022-02,0,0,0,0.0
17723,2022-03,0,0,0,0.0
17723,2022-04,0,0,0,0.0
17723,2022-05,0,0,0,0.0
17723,2022-06,0,0,0,0.0
17723,2022-07,0,0,0,0.0
17723,2022-08,0,0,0,0.0
17723,2022-09,0,0,0,0.0
17723,2022-10,0,0,0,0.0
17723,2022-11,0,0,0,0.0
17723,2022-12,0,0,0,0.0
17724,2022-01,0,0,0,0.0
17724,2022-02,0,0,0,0.0
17724,2022-03,0,0,0,0.0
17724,2022-04,0,0,0,0.0
17724,2022-05,0,0,0,0.0
17724,2022-06,0,0,0,0.0
17724,2022-07,0,0,0,0.0
17724,2022-08,0,0,0,0.0
17724,2022-09,0,0,0,0.0
17724,2022-10,0,0,0,0.0
17724,2022-11,0,0,0,0.0
17724,2022-12,0,0,0,0.0
17727,2022-01,0,0,0,0.0
17727,2022-02,0,0,0,0.0
17727,2022-03,0,0,0,0.0
17727,2022-04,0,0,0,0.0
17727,2022-05,0,0,0,0.0
17727,2022-06,0,0,0,0.0
17727,2022-07,0,0,0,0.0
17727,2022-08,0,0,0,0.0
17727,2022-09,0,0,0,0.0
17727,2022-10,0,0,0,0.0
17727,2022-11,0,0,0,0.0
17727,2022-12,0,0,0,0.0
17728,2022-01,0,0,0,0.0
17728,2022-02,0,0,0,0.0
17728,2022-03,0,0,0,0.0
17728,2022-04,0,0,0,0.0
17728,2022-05,0,0,0,1.0
17728,2022-06,0,0,0,0.0
17728,2022-07,0,0,0,0.0
17728,2022-08,0,0,0,0.0
17728,2022-09,0,0,0,0.0
17728,2022-10,0,0,0,0.0
17728,2022-11,0,0,0,0.0
17728,2022-12,0,0,0,0.0
17729,2022-01,0,0,0,0.0
17729,2022-02,0,0,0,0.0
17729,2022-03,0,0,0,0.0
17729,2022-04,0,0,0,0.0
17729,2022-05,0,0,0,0.0
17729,2022-06,0,0,0,0.0
17729,2022-07,0,0,0,0.0
17729,2022-08,0,0,0,0.0
17729,2022-09,0,0,0,0.0
17729,2022-10,0,0,0,0.0
17729,2022-11,0,0,0,0.0
17729,2022-12,0,0,0,0.0
17730,2022-01,0,0,0,0.0
17730,2022-02,0,0,0,0.0
17730,2022-03,0,0,0,0.0
17730,2022-04,0,0,0,0.0
17730,2022-05,0,0,0,0.0
17730,2022-06,0,0,0,0.0
17730,2022-07,0,0,0,0.0
17730,2022-08,0,0,0,0.0
17730,2022-09,0,0,0,0.0
17730,2022-10,0,0,0,0.0
17730,2022-11,0,0,0,0.0
17730,2022-12,0,0,0,0.0
17731,2022-01,0,0,0,0.0
17731,2022-02,0,0,0,0.0
17731,2022-03,0,0,0,0.0
17731,2022-04,0,0,0,0.0
17731,2022-05,0,0,0,0.0
17731,2022-06,0,0,0,0.0
17731,2022-07,0,0,0,0.0
17731,2022-08,0,0,0,0.0
17731,2022-09,0,0,0,0.0
17731,2022-10,0,0,0,0.0
17731,2022-11,0,0,0,0.0
17731,2022-12,0,0,0,0.0
17737,2022-01,0,0,0,0.0
17737,2022-02,0,0,0,0.0
17737,2022-03,0,0,0,0.0
17737,2022-04,0,0,0,0.0
17737,2022-05,0,0,0,1.0
17737,2022-06,0,0,0,0.0
17737,2022-07,0,0,0,0.0
17737,2022-08,0,0,0,0.0
17737,2022-09,0,0,0,0.0
17737,2022-10,0,0,0,0.0
17737,2022-11,0,0,0,0.0
17737,2022-12,0,0,0,0.0
17739,2022-01,0,0,0,0.0
17739,2022-02,0,0,0,0.0
17739,2022-03,0,0,0,0.0
17739,2022-04,0,0,0,0.0
17739,2022-05,0,0,0,0.0
17739,2022-06,0,0,0,0.0
17739,2022-07,0,0,0,0.0
17739,2022-08,0,0,0,0.0
17739,2022-09,0,0,0,0.0
17739,2022-10,0,0,0,0.0
17739,2022-11,0,0,0,0.0
17739,2022-12,0,0,0,0.0
17740,2022-01,0,0,0,0.0
17740,2022-02,0,0,0,0.0
17740,2022-03,0,0,0,0.0
17740,2022-04,0,0,0,0.0
17740,2022-05,0,0,0,0.0
17740,2022-06,0,0,0,0.0
17740,2022-07,0,0,0,0.0
17740,2022-08,0,0,0,0.0
17740,2022-09,0,0,0,0.0
17740,2022-10,0,0,0,0.0
17740,2022-11,0,0,0,0.0
17740,2022-12,0,0,0,0.0
17742,2022-01,0,0,0,0.0
17742,2022-02,0,0,0,0.0
17742,2022-03,0,0,0,0.0
17742,2022-04,0,0,0,0.0
17742,2022-05,0,0,0,0.0
17742,2022-06,0,0,0,0.0
17742,2022-07,0,0,0,0.0
17742,2022-08,0,0,0,0.0
17742,2022-09,0,0,0,0.0
17742,2022-10,0,0,0,0.0
17742,2022-11,0,0,0,0.0
17742,2022-12,0,0,0,0.0
17744,2022-01,0,0,0,0.0
17744,2022-02,0,0,0,0.0
17744,2022-03,0,0,0,0.0
17744,2022-04,0,0,0,0.0
17744,2022-05,0,0,0,1.0
17744,2022-06,0,0,0,0.0
17744,2022-07,0,0,0,0.0
17744,2022-08,0,0,0,0.0
17744,2022-09,0,0,0,0.0
17744,2022-10,0,0,0,0.0
17744,2022-11,0,0,0,0.0
17744,2022-12,0,0,0,0.0
17745,2022-01,0,0,0,0.0
17745,2022-02,0,0,0,0.0
17745,2022-03,0,0,0,0.0
17745,2022-04,0,0,0,0.0
17745,2022-05,0,0,0,0.0
17745,2022-06,0,0,0,0.0
17745,2022-07,0,0,0,0.0
17745,2022-08,0,0,0,0.0
17745,2022-09,0,0,0,0.0
17745,2022-10,0,0,0,0.0
17745,2022-11,0,0,0,0.0
17745,2022-12,0,0,0,0.0
17747,2022-01,0,0,0,0.0
17747,2022-02,0,0,0,0.0
17747,2022-03,0,0,0,0.0
17747,2022-04,0,0,0,0.0
17747,2022-05,0,0,0,0.0
17747,2022-06,0,0,0,0.0
17747,2022-07,0,0,0,0.0
17747,2022-08,0,0,0,0.0
17747,2022-09,0,0,0,0.0
17747,2022-10,0,0,0,0.0
17747,2022-11,0,0,0,0.0
17747,2022-12,0,0,0,0.0
17748,2022-01,0,0,0,0.0
17748,2022-02,0,0,0,0.0
17748,2022-03,0,0,0,0.0
17748,2022-04,0,0,0,0.0
17748,2022-05,0,0,0,0.0
17748,2022-06,0,0,0,0.0
17748,2022-07,0,0,0,0.0
17748,2022-08,0,0,0,0.0
17748,2022-09,0,0,0,0.0
17748,2022-10,0,0,0,0.0
17748,2022-11,0,0,0,0.0
17748,2022-12,0,0,0,0.0
17749,2022-01,0,0,0,0.0
17749,2022-02,0,0,0,0.0
17749,2022-03,0,0,0,0.0
17749,2022-04,0,0,0,0.0
17749,2022-05,0,0,0,0.0
17749,2022-06,0,0,0,0.0
17749,2022-07,0,0,0,0.0
17749,2022-08,0,0,0,0.0
17749,2022-09,0,0,0,0.0
17749,2022-10,0,0,0,0.0
17749,2022-11,0,0,0,0.0
17749,2022-12,0,0,0,0.0
17750,2022-01,0,0,0,0.0
17750,2022-02,0,0,0,0.0
17750,2022-03,0,0,0,0.0
17750,2022-04,0,0,0,0.0
17750,2022-05,0,0,0,0.0
17750,2022-06,0,0,0,0.0
17750,2022-07,0,0,0,0.0
17750,2022-08,0,0,0,0.0
17750,2022-09,0,0,0,0.0
17750,2022-10,0,0,0,0.0
17750,2022-11,0,0,0,0.0
17750,2022-12,0,0,0,0.0
17751,2022-01,0,0,0,0.0
17751,2022-02,0,0,0,0.0
17751,2022-03,0,0,0,0.0
17751,2022-04,0,0,0,0.0
17751,2022-05,0,0,0,0.0
17751,2022-06,0,0,0,0.0
17751,2022-07,0,0,0,0.0
17751,2022-08,0,0,0,0.0
17751,2022-09,0,0,0,0.0
17751,2022-10,0,0,0,0.0
17751,2022-11,0,0,0,0.0
17751,2022-12,0,0,0,0.0
17752,2022-01,0,0,0,0.0
17752,2022-02,0,0,0,0.0
17752,2022-03,0,0,0,0.0
17752,2022-04,0,0,0,0.0
17752,2022-05,0,0,0,0.0
17752,2022-06,0,0,0,0.0
17752,2022-07,0,0,0,0.0
17752,2022-08,0,0,0,0.0
17752,2022-09,0,0,0,0.0
17752,2022-10,0,0,0,0.0
17752,2022-11,0,0,0,0.0
17752,2022-12,0,0,0,0.0
17754,2022-01,0,0,0,0.0
17754,2022-02,0,0,0,0.0
17754,2022-03,0,0,0,0.0
17754,2022-04,0,0,0,0.0
17754,2022-05,0,0,0,1.0
17754,2022-06,0,0,0,0.0
17754,2022-07,0,0,0,0.0
17754,2022-08,0,0,0,0.0
17754,2022-09,0,0,0,0.0
17754,2022-10,0,0,0,0.0
17754,2022-11,0,0,0,0.0
17754,2022-12,0,0,0,0.0
17756,2022-01,0,0,0,0.0
17756,2022-02,0,0,0,0.0
17756,2022-03,0,0,0,0.0
17756,2022-04,0,0,0,0.0
17756,2022-05,0,0,0,2.0
17756,2022-06,0,0,0,2.0
17756,2022-07,0,0,0,0.0
17756,2022-08,0,0,0,0.0
17756,2022-09,0,0,0,0.0
17756,2022-10,0,0,0,0.0
17756,2022-11,0,0,0,0.0
17756,2022-12,0,0,0,5.0
17758,2022-01,0,0,0,0.0
17758,2022-02,0,0,0,0.0
17758,2022-03,0,0,0,0.0
17758,2022-04,0,0,0,0.0
17758,2022-05,0,0,0,0.0
17758,2022-06,0,0,0,0.0
17758,2022-07,0,0,0,0.0
17758,2022-08,0,0,0,0.0
17758,2022-09,0,0,0,0.0
17758,2022-10,0,0,0,0.0
17758,2022-11,0,0,0,0.0
17758,2022-12,0,0,0,0.0
17760,2022-01,0,0,0,0.0
17760,2022-02,0,0,0,0.0
17760,2022-03,0,0,0,0.0
17760,2022-04,0,0,0,0.0
17760,2022-05,0,0,0,0.0
17760,2022-06,0,0,0,0.0
17760,2022-07,0,0,0,0.0
17760,2022-08,0,0,0,0.0
17760,2022-09,0,0,0,0.0
17760,2022-10,0,0,0,0.0
17760,2022-11,0,0,0,0.0
17760,2022-12,0,0,0,0.0
17762,2022-01,0,0,0,0.0
17762,2022-02,0,0,0,0.0
17762,2022-03,0,0,0,0.0
17762,2022-04,0,0,0,0.0
17762,2022-05,0,0,0,0.0
17762,2022-06,0,0,0,0.0
17762,2022-07,0,0,0,0.0
17762,2022-08,0,0,0,0.0
17762,2022-09,0,0,0,0.0
17762,2022-10,0,0,0,0.0
17762,2022-11,0,0,0,0.0
17762,2022-12,0,0,0,0.0
17763,2022-01,0,0,0,0.0
17763,2022-02,0,0,0,0.0
17763,2022-03,0,0,0,0.0
17763,2022-04,0,0,0,0.0
17763,2022-05,0,0,0,0.0
17763,2022-06,0,0,0,0.0
17763,2022-07,0,0,0,0.0
17763,2022-08,0,0,0,0.0
17763,2022-09,0,0,0,0.0
17763,2022-10,0,0,0,0.0
17763,2022-11,0,0,0,0.0
17763,2022-12,0,0,0,0.0
17764,2022-01,0,0,0,0.0
17764,2022-02,0,0,0,0.0
17764,2022-03,0,0,0,0.0
17764,2022-04,0,0,0,0.0
17764,2022-05,0,0,0,0.0
17764,2022-06,0,0,0,0.0
17764,2022-07,0,0,0,0.0
17764,2022-08,0,0,0,0.0
17764,2022-09,0,0,0,0.0
17764,2022-10,0,0,0,0.0
17764,2022-11,0,0,0,0.0
17764,2022-12,0,0,0,0.0
17765,2022-01,0,0,0,0.0
17765,2022-02,0,0,0,0.0
17765,2022-03,0,0,0,0.0
17765,2022-04,0,0,0,0.0
17765,2022-05,0,0,0,0.0
17765,2022-06,0,0,0,0.0
17765,2022-07,0,0,0,0.0
17765,2022-08,0,0,0,0.0
17765,2022-09,0,0,0,0.0
17765,2022-10,0,0,0,0.0
17765,2022-11,0,0,0,0.0
17765,2022-12,0,0,0,0.0
17768,2022-01,0,0,0,0.0
17768,2022-02,0,0,0,0.0
17768,2022-03,0,0,0,0.0
17768,2022-04,0,0,0,0.0
17768,2022-05,0,0,0,0.0
17768,2022-06,0,0,0,0.0
17768,2022-07,0,0,0,0.0
17768,2022-08,0,0,0,0.0
17768,2022-09,0,0,0,0.0
17768,2022-10,0,0,0,0.0
17768,2022-11,0,0,0,0.0
17768,2022-12,0,0,0,0.0
17769,2022-01,0,0,0,0.0
17769,2022-02,0,0,0,0.0
17769,2022-03,0,0,0,0.0
17769,2022-04,0,0,0,0.0
17769,2022-05,0,0,0,0.0
17769,2022-06,0,0,0,0.0
17769,2022-07,0,0,0,0.0
17769,2022-08,0,0,0,0.0
17769,2022-09,0,0,0,0.0
17769,2022-10,0,0,0,0.0
17769,2022-11,0,0,0,0.0
17769,2022-12,0,0,0,0.0
17771,2022-01,0,0,0,0.0
17771,2022-02,0,0,0,0.0
17771,2022-03,0,0,0,0.0
17771,2022-04,0,0,0,0.0
17771,2022-05,0,0,0,1.0
17771,2022-06,0,0,0,0.0
17771,2022-07,0,0,0,0.0
17771,2022-08,0,0,0,0.0
17771,2022-09,0,0,0,0.0
17771,2022-10,0,0,0,0.0
17771,2022-11,0,0,0,0.0
17771,2022-12,0,0,0,0.0
17772,2022-01,0,0,0,0.0
17772,2022-02,0,0,0,0.0
17772,2022-03,0,0,0,0.0
17772,2022-04,0,0,0,0.0
17772,2022-05,0,0,0,0.0
17772,2022-06,0,0,0,0.0
17772,2022-07,0,0,0,0.0
17772,2022-08,0,0,0,0.0
17772,2022-09,0,0,0,0.0
17772,2022-10,0,0,0,0.0
17772,2022-11,0,0,0,0.0
17772,2022-12,0,0,0,0.0
17774,2022-01,0,0,0,0.0
17774,2022-02,0,0,0,0.0
17774,2022-03,0,0,0,0.0
17774,2022-04,0,0,0,0.0
17774,2022-05,0,0,0,0.0
17774,2022-06,0,0,0,0.0
17774,2022-07,0,0,0,0.0
17774,2022-08,0,0,0,0.0
17774,2022-09,0,0,0,0.0
17774,2022-10,0,0,0,0.0
17774,2022-11,0,0,0,0.0
17774,2022-12,0,0,0,0.0
17776,2022-01,0,0,0,0.0
17776,2022-02,0,0,0,0.0
17776,2022-03,0,0,0,0.0
17776,2022-04,0,0,0,0.0
17776,2022-05,0,0,0,0.0
17776,2022-06,0,0,0,0.0
17776,2022-07,0,0,0,0.0
17776,2022-08,0,0,0,0.0
17776,2022-09,0,0,0,0.0
17776,2022-10,0,0,0,0.0
17776,2022-11,0,0,0,0.0
17776,2022-12,0,0,0,0.0
17777,2022-01,0,0,0,0.0
17777,2022-02,0,0,0,0.0
17777,2022-03,0,0,0,0.0
17777,2022-04,0,0,0,0.0
17777,2022-05,0,0,0,0.0
17777,2022-06,0,0,0,0.0
17777,2022-07,0,0,0,0.0
17777,2022-08,0,0,0,0.0
17777,2022-09,0,0,0,0.0
17777,2022-10,0,0,0,0.0
17777,2022-11,0,0,0,0.0
17777,2022-12,0,0,0,0.0
17778,2022-01,0,0,0,0.0
17778,2022-02,0,0,0,0.0
17778,2022-03,0,0,0,0.0
17778,2022-04,0,0,0,0.0
17778,2022-05,0,0,0,0.0
17778,2022-06,0,0,0,0.0
17778,2022-07,0,0,0,0.0
17778,2022-08,0,0,0,0.0
17778,2022-09,0,0,0,0.0
17778,2022-10,0,0,0,0.0
17778,2022-11,0,0,0,0.0
17778,2022-12,0,0,0,0.0
17779,2022-01,0,0,0,0.0
17779,2022-02,0,0,0,0.0
17779,2022-03,0,0,0,0.0
17779,2022-04,0,0,0,0.0
17779,2022-05,0,0,0,0.0
17779,2022-06,0,0,0,0.0
17779,2022-07,0,0,0,0.0
17779,2022-08,0,0,0,0.0
17779,2022-09,0,0,0,0.0
17779,2022-10,0,0,0,0.0
17779,2022-11,0,0,0,0.0
17779,2022-12,0,0,0,0.0
17801,2022-01,Northumberland,0,0,0.0
17801,2022-02,Northumberland,0,0,0.0
17801,2022-03,Northumberland,0,0,0.0
17801,2022-04,Northumberland,0,0,0.0
17801,2022-05,Northumberland,0,0,0.0
17801,2022-06,Northumberland,0,0,0.0
17801,2022-07,Northumberland,0,1,0.0
17801,2022-08,Northumberland,0,0,0.0
17801,2022-09,Northumberland,0,0,0.0
17801,2022-10,Northumberland,0,0,0.0
17801,2022-11,Northumberland,0,0,0.0
17801,2022-12,Northumberland,0,0,0.0
17810,2022-01,0,0,0,0.0
17810,2022-02,0,0,0,0.0
17810,2022-03,0,0,0,0.0
17810,2022-04,0,0,0,0.0
17810,2022-05,0,0,0,0.0
17810,2022-06,0,0,0,0.0
17810,2022-07,0,0,0,0.0
17810,2022-08,0,0,0,0.0
17810,2022-09,0,0,0,0.0
17810,2022-10,0,0,0,0.0
17810,2022-11,0,0,0,0.0
17810,2022-12,0,0,0,0.0
17812,2022-01,0,0,0,0.0
17812,2022-02,0,0,0,0.0
17812,2022-03,0,0,0,0.0
17812,2022-04,0,0,0,0.0
17812,2022-05,0,0,0,0.0
17812,2022-06,0,0,0,0.0
17812,2022-07,0,0,0,0.0
17812,2022-08,0,0,0,0.0
17812,2022-09,0,0,0,0.0
17812,2022-10,0,0,0,0.0
17812,2022-11,0,0,0,0.0
17812,2022-12,0,0,0,0.0
17813,2022-01,0,0,0,0.0
17813,2022-02,0,0,0,0.0
17813,2022-03,0,0,0,0.0
17813,2022-04,0,0,0,0.0
17813,2022-05,0,0,0,0.0
17813,2022-06,0,0,0,0.0
17813,2022-07,0,0,0,0.0
17813,2022-08,0,0,0,0.0
17813,2022-09,0,0,0,0.0
17813,2022-10,0,0,0,0.0
17813,2022-11,0,0,0,0.0
17813,2022-12,0,0,0,0.0
17814,2022-01,0,0,0,0.0
17814,2022-02,0,0,0,0.0
17814,2022-03,0,0,0,0.0
17814,2022-04,0,0,0,0.0
17814,2022-05,0,0,0,0.0
17814,2022-06,0,0,0,0.0
17814,2022-07,0,0,0,0.0
17814,2022-08,0,0,0,0.0
17814,2022-09,0,0,0,0.0
17814,2022-10,0,0,0,0.0
17814,2022-11,0,0,0,0.0
17814,2022-12,0,0,0,0.0
17815,2022-01,Columbia,0,0,0.0
17815,2022-02,Columbia,0,0,0.0
17815,2022-03,Columbia,0,0,0.0
17815,2022-04,Columbia,0,0,0.0
17815,2022-05,Columbia,0,1,0.0
17815,2022-06,Columbia,0,2,0.0
17815,2022-07,Columbia,0,0,0.0
17815,2022-08,Columbia,0,0,0.0
17815,2022-09,Columbia,0,0,0.0
17815,2022-10,Columbia,0,0,0.0
17815,2022-11,Columbia,0,0,0.0
17815,2022-12,Columbia,0,5,0.0
17820,2022-01,0,0,0,0.0
17820,2022-02,0,0,0,0.0
17820,2022-03,0,0,0,0.0
17820,2022-04,0,0,0,0.0
17820,2022-05,0,0,0,1.0
17820,2022-06,0,0,0,2.0
17820,2022-07,0,0,0,0.0
17820,2022-08,0,0,0,0.0
17820,2022-09,0,0,0,0.0
17820,2022-10,0,0,0,0.0
17820,2022-11,0,0,0,0.0
17820,2022-12,0,0,0,5.0
17821,2022-01,0,0,0,0.0
17821,2022-02,0,0,0,0.0
17821,2022-03,0,0,0,0.0
17821,2022-04,0,0,0,0.0
17821,2022-05,0,0,0,1.0
17821,2022-06,0,0,0,2.0
17821,2022-07,0,0,0,1.0
17821,2022-08,0,0,0,0.0
17821,2022-09,0,0,0,0.0
17821,2022-10,0,0,0,0.0
17821,2022-11,0,0,0,0.0
17821,2022-12,0,0,0,5.0
17822,2022-01,0,0,0,0.0
17822,2022-02,0,0,0,0.0
17822,2022-03,0,0,0,0.0
17822,2022-04,0,0,0,0.0
17822,2022-05,0,0,0,0.0
17822,2022-06,0,0,0,0.0
17822,2022-07,0,0,0,0.0
17822,2022-08,0,0,0,0.0
17822,2022-09,0,0,0,0.0
17822,2022-10,0,0,0,0.0
17822,2022-11,0,0,0,0.0
17822,2022-12,0,0,0,0.0
17823,2022-01,0,0,0,0.0
17823,2022-02,0,0,0,0.0
17823,2022-03,0,0,0,0.0
17823,2022-04,0,0,0,0.0
17823,2022-05,0,0,0,0.0
17823,2022-06,0,0,0,0.0
17823,2022-07,0,0,0,1.0
17823,2022-08,0,0,0,0.0
17823,2022-09,0,0,0,0.0
17823,2022-10,0,0,0,0.0
17823,2022-11,0,0,0,0.0
17823,2022-12,0,0,0,0.0
17824,2022-01,0,0,0,0.0
17824,2022-02,0,0,0,0.0
17824,2022-03,0,0,0,0.0
17824,2022-04,0,0,0,0.0
17824,2022-05,0,0,0,0.0
17824,2022-06,0,0,0,0.0
17824,2022-07,0,0,0,0.0
17824,2022-08,0,0,0,0.0
17824,2022-09,0,0,0,0.0
17824,2022-10,0,0,0,0.0
17824,2022-11,0,0,0,0.0
17824,2022-12,0,0,0,0.0
17827,2022-01,0,0,0,0.0
17827,2022-02,0,0,0,0.0
17827,2022-03,0,0,0,0.0
17827,2022-04,0,0,0,0.0
17827,2022-05,0,0,0,0.0
17827,2022-06,0,0,0,0.0
17827,2022-07,0,0,0,0.0
17827,2022-08,0,0,0,0.0
17827,2022-09,0,0,0,0.0
17827,2022-10,0,0,0,0.0
17827,2022-11,0,0,0,0.0
17827,2022-12,0,0,0,0.0
17829,2022-01,0,0,0,0.0
17829,2022-02,0,0,0,0.0
17829,2022-03,0,0,0,0.0
17829,2022-04,0,0,0,0.0
17829,2022-05,0,0,0,0.0
17829,2022-06,0,0,0,0.0
17829,2022-07,0,0,0,0.0
17829,2022-08,0,0,0,0.0
17829,2022-09,0,0,0,0.0
17829,2022-10,0,0,0,0.0
17829,2022-11,0,0,0,0.0
17829,2022-12,0,0,0,0.0
17830,2022-01,0,0,0,0.0
17830,2022-02,0,0,0,0.0
17830,2022-03,0,0,0,0.0
17830,2022-04,0,0,0,0.0
17830,2022-05,0,0,0,0.0
17830,2022-06,0,0,0,0.0
17830,2022-07,0,0,0,1.0
17830,2022-08,0,0,0,0.0
17830,2022-09,0,0,0,0.0
17830,2022-10,0,0,0,0.0
17830,2022-11,0,0,0,0.0
17830,2022-12,0,0,0,0.0
17832,2022-01,0,0,0,0.0
17832,2022-02,0,0,0,0.0
17832,2022-03,0,0,0,0.0
17832,2022-04,0,0,0,0.0
17832,2022-05,0,0,0,0.0
17832,2022-06,0,0,0,0.0
17832,2022-07,0,0,0,0.0
17832,2022-08,0,0,0,0.0
17832,2022-09,0,0,0,0.0
17832,2022-10,0,0,0,0.0
17832,2022-11,0,0,0,0.0
17832,2022-12,0,0,0,0.0
17834,2022-01,0,0,0,0.0
17834,2022-02,0,0,0,0.0
17834,2022-03,0,0,0,0.0
17834,2022-04,0,0,0,0.0
17834,2022-05,0,0,0,0.0
17834,2022-06,0,0,0,0.0
17834,2022-07,0,0,0,0.0
17834,2022-08,0,0,0,0.0
17834,2022-09,0,0,0,0.0
17834,2022-10,0,0,0,0.0
17834,2022-11,0,0,0,0.0
17834,2022-12,0,0,0,0.0
17835,2022-01,0,0,0,0.0
17835,2022-02,0,0,0,0.0
17835,2022-03,0,0,0,0.0
17835,2022-04,0,0,0,0.0
17835,2022-05,0,0,0,0.0
17835,2022-06,0,0,0,0.0
17835,2022-07,0,0,0,0.0
17835,2022-08,0,0,0,0.0
17835,2022-09,0,0,0,0.0
17835,2022-10,0,0,0,0.0
17835,2022-11,0,0,0,0.0
17835,2022-12,0,0,0,0.0
17836,2022-01,0,0,0,0.0
17836,2022-02,0,0,0,0.0
17836,2022-03,0,0,0,0.0
17836,2022-04,0,0,0,0.0
17836,2022-05,0,0,0,0.0
17836,2022-06,0,0,0,0.0
17836,2022-07,0,0,0,0.0
17836,2022-08,0,0,0,0.0
17836,2022-09,0,0,0,0.0
17836,2022-10,0,0,0,0.0
17836,2022-11,0,0,0,0.0
17836,2022-12,0,0,0,0.0
17837,2022-01,Union,0,0,0.0
17837,2022-02,Union,0,1,0.0
17837,2022-03,Union,0,0,0.0
17837,2022-04,Union,0,0,0.0
17837,2022-05,Union,0,0,0.0
17837,2022-06,Union,0,0,0.0
17837,2022-07,Union,0,0,0.0
17837,2022-08,Union,0,0,0.0
17837,2022-09,Union,0,0,0.0
17837,2022-10,Union,0,0,0.0
17837,2022-11,Union,0,0,0.0
17837,2022-12,Union,0,0,0.0
17840,2022-01,0,0,0,0.0
17840,2022-02,0,0,0,0.0
17840,2022-03,0,0,0,0.0
17840,2022-04,0,0,0,0.0
17840,2022-05,0,0,0,0.0
17840,2022-06,0,0,0,0.0
17840,2022-07,0,0,0,0.0
17840,2022-08,0,0,0,0.0
17840,2022-09,0,0,0,0.0
17840,2022-10,0,0,0,0.0
17840,2022-11,0,0,0,0.0
17840,2022-12,0,0,0,0.0
17841,2022-01,0,0,0,0.0
17841,2022-02,0,0,0,0.0
17841,2022-03,0,0,0,0.0
17841,2022-04,0,0,0,0.0
17841,2022-05,0,0,0,0.0
17841,2022-06,0,0,0,0.0
17841,2022-07,0,0,0,0.0
17841,2022-08,0,0,0,0.0
17841,2022-09,0,0,0,0.0
17841,2022-10,0,0,0,0.0
17841,2022-11,0,0,0,0.0
17841,2022-12,0,0,0,0.0
17842,2022-01,0,0,0,0.0
17842,2022-02,0,0,0,0.0
17842,2022-03,0,0,0,0.0
17842,2022-04,0,0,0,0.0
17842,2022-05,0,0,0,0.0
17842,2022-06,0,0,0,0.0
17842,2022-07,0,0,0,0.0
17842,2022-08,0,0,0,0.0
17842,2022-09,0,0,0,0.0
17842,2022-10,0,0,0,0.0
17842,2022-11,0,0,0,0.0
17842,2022-12,0,0,0,0.0
17844,2022-01,0,0,0,0.0
17844,2022-02,0,0,0,1.0
17844,2022-03,0,0,0,0.0
17844,2022-04,0,0,0,0.0
17844,2022-05,0,0,0,0.0
17844,2022-06,0,0,0,0.0
17844,2022-07,0,0,0,0.0
17844,2022-08,0,0,0,0.0
17844,2022-09,0,0,0,0.0
17844,2022-10,0,0,0,0.0
17844,2022-11,0,0,0,0.0
17844,2022-12,0,0,0,0.0
17845,2022-01,0,0,0,0.0
17845,2022-02,0,0,0,0.0
17845,2022-03,0,0,0,0.0
17845,2022-04,0,0,0,0.0
17845,2022-05,0,0,0,0.0
17845,2022-06,0,0,0,0.0
17845,2022-07,0,0,0,0.0
17845,2022-08,0,0,0,0.0
17845,2022-09,0,0,0,0.0
17845,2022-10,0,0,0,0.0
17845,2022-11,0,0,0,0.0
17845,2022-12,0,0,0,0.0
17846,2022-01,0,0,0,0.0
17846,2022-02,0,0,0,0.0
17846,2022-03,0,0,0,0.0
17846,2022-04,0,0,0,0.0
17846,2022-05,0,0,0,1.0
17846,2022-06,0,0,0,2.0
17846,2022-07,0,0,0,0.0
17846,2022-08,0,0,0,0.0
17846,2022-09,0,0,0,0.0
17846,2022-10,0,0,0,0.0
17846,2022-11,0,0,0,0.0
17846,2022-12,0,0,0,5.0
17847,2022-01,0,0,0,0.0
17847,2022-02,0,0,0,1.0
17847,2022-03,0,0,0,0.0
17847,2022-04,0,0,0,0.0
17847,2022-05,0,0,0,0.0
17847,2022-06,0,0,0,0.0
17847,2022-07,0,0,0,0.0
17847,2022-08,0,0,0,0.0
17847,2022-09,0,0,0,0.0
17847,2022-10,0,0,0,0.0
17847,2022-11,0,0,0,0.0
17847,2022-12,0,0,0,0.0
17850,2022-01,0,0,0,0.0
17850,2022-02,0,0,0,0.0
17850,2022-03,0,0,0,0.0
17850,2022-04,0,0,0,0.0
17850,2022-05,0,0,0,0.0
17850,2022-06,0,0,0,0.0
17850,2022-07,0,0,0,0.0
17850,2022-08,0,0,0,0.0
17850,2022-09,0,0,0,0.0
17850,2022-10,0,0,0,0.0
17850,2022-11,0,0,0,0.0
17850,2022-12,0,0,0,0.0
17851,2022-01,0,0,0,0.0
17851,2022-02,0,0,0,0.0
17851,2022-03,0,0,0,0.0
17851,2022-04,0,0,0,0.0
17851,2022-05,0,0,0,0.0
17851,2022-06,0,0,0,0.0
17851,2022-07,0,0,0,0.0
17851,2022-08,0,0,0,0.0
17851,2022-09,0,0,0,0.0
17851,2022-10,0,0,0,0.0
17851,2022-11,0,0,0,0.0
17851,2022-12,0,0,0,0.0
17853,2022-01,0,0,0,0.0
17853,2022-02,0,0,0,0.0
17853,2022-03,0,0,0,0.0
17853,2022-04,0,0,0,0.0
17853,2022-05,0,0,0,0.0
17853,2022-06,0,0,0,0.0
17853,2022-07,0,0,0,0.0
17853,2022-08,0,0,0,0.0
17853,2022-09,0,0,0,0.0
17853,2022-10,0,0,0,0.0
17853,2022-11,0,0,0,0.0
17853,2022-12,0,0,0,0.0
17855,2022-01,0,0,0,0.0
17855,2022-02,0,0,0,1.0
17855,2022-03,0,0,0,0.0
17855,2022-04,0,0,0,0.0
17855,2022-05,0,0,0,0.0
17855,2022-06,0,0,0,0.0
17855,2022-07,0,0,0,0.0
17855,2022-08,0,0,0,0.0
17855,2022-09,0,0,0,0.0
17855,2022-10,0,0,0,0.0
17855,2022-11,0,0,0,0.0
17855,2022-12,0,0,0,0.0
17856,2022-01,0,0,0,0.0
17856,2022-02,0,0,0,1.0
17856,2022-03,0,0,0,0.0
17856,2022-04,0,0,0,0.0
17856,2022-05,0,0,0,0.0
17856,2022-06,0,0,0,0.0
17856,2022-07,0,0,0,0.0
17856,2022-08,0,0,0,0.0
17856,2022-09,0,0,0,0.0
17856,2022-10,0,0,0,0.0
17856,2022-11,0,0,0,0.0
17856,2022-12,0,0,0,0.0
17857,2022-01,0,0,0,0.0
17857,2022-02,0,0,0,0.0
17857,2022-03,0,0,0,0.0
17857,2022-04,0,0,0,0.0
17857,2022-05,0,0,0,0.0
17857,2022-06,0,0,0,0.0
17857,2022-07,0,0,0,1.0
17857,2022-08,0,0,0,0.0
17857,2022-09,0,0,0,0.0
17857,2022-10,0,0,0,0.0
17857,2022-11,0,0,0,0.0
17857,2022-12,0,0,0,0.0
17858,2022-01,0,0,0,0.0
17858,2022-02,0,0,0,0.0
17858,2022-03,0,0,0,0.0
17858,2022-04,0,0,0,0.0
17858,2022-05,0,0,0,0.0
17858,2022-06,0,0,0,0.0
17858,2022-07,0,0,0,0.0
17858,2022-08,0,0,0,0.0
17858,2022-09,0,0,0,0.0
17858,2022-10,0,0,0,0.0
17858,2022-11,0,0,0,0.0
17858,2022-12,0,0,0,0.0
17859,2022-01,0,0,0,0.0
17859,2022-02,0,0,0,0.0
17859,2022-03,0,0,0,0.0
17859,2022-04,0,0,0,0.0
17859,2022-05,0,0,0,1.0
17859,2022-06,0,0,0,2.0
17859,2022-07,0,0,0,0.0
17859,2022-08,0,0,0,0.0
17859,2022-09,0,0,0,0.0
17859,2022-10,0,0,0,0.0
17859,2022-11,0,0,0,0.0
17859,2022-12,0,0,0,5.0
17860,2022-01,0,0,0,0.0
17860,2022-02,0,0,0,0.0
17860,2022-03,0,0,0,0.0
17860,2022-04,0,0,0,0.0
17860,2022-05,0,0,0,0.0
17860,2022-06,0,0,0,0.0
17860,2022-07,0,0,0,1.0
17860,2022-08,0,0,0,0.0
17860,2022-09,0,0,0,0.0
17860,2022-10,0,0,0,0.0
17860,2022-11,0,0,0,0.0
17860,2022-12,0,0,0,0.0
17861,2022-01,0,0,0,0.0
17861,2022-02,0,0,0,0.0
17861,2022-03,0,0,0,0.0
17861,2022-04,0,0,0,0.0
17861,2022-05,0,0,0,0.0
17861,2022-06,0,0,0,0.0
17861,2022-07,0,0,0,0.0
17861,2022-08,0,0,0,0.0
17861,2022-09,0,0,0,0.0
17861,2022-10,0,0,0,0.0
17861,2022-11,0,0,0,0.0
17861,2022-12,0,0,0,0.0
17862,2022-01,0,0,0,0.0
17862,2022-02,0,0,0,0.0
17862,2022-03,0,0,0,0.0
17862,2022-04,0,0,0,0.0
17862,2022-05,0,0,0,0.0
17862,2022-06,0,0,0,0.0
17862,2022-07,0,0,0,0.0
17862,2022-08,0,0,0,0.0
17862,2022-09,0,0,0,0.0
17862,2022-10,0,0,0,0.0
17862,2022-11,0,0,0,0.0
17862,2022-12,0,0,0,0.0
17864,2022-01,0,0,0,0.0
17864,2022-02,0,0,0,0.0
17864,2022-03,0,0,0,0.0
17864,2022-04,0,0,0,0.0
17864,2022-05,0,0,0,0.0
17864,2022-06,0,0,0,0.0
17864,2022-07,0,0,0,1.0
17864,2022-08,0,0,0,0.0
17864,2022-09,0,0,0,0.0
17864,2022-10,0,0,0,0.0
17864,2022-11,0,0,0,0.0
17864,2022-12,0,0,0,0.0
17865,2022-01,0,0,0,0.0
17865,2022-02,0,0,0,0.0
17865,2022-03,0,0,0,0.0
17865,2022-04,0,0,0,0.0
17865,2022-05,0,0,0,0.0
17865,2022-06,0,0,0,0.0
17865,2022-07,0,0,0,0.0
17865,2022-08,0,0,0,0.0
17865,2022-09,0,0,0,0.0
17865,2022-10,0,0,0,0.0
17865,2022-11,0,0,0,0.0
17865,2022-12,0,0,0,0.0
17866,2022-01,0,0,0,0.0
17866,2022-02,0,0,0,0.0
17866,2022-03,0,0,0,0.0
17866,2022-04,0,0,0,0.0
17866,2022-05,0,0,0,0.0
17866,2022-06,0,0,0,0.0
17866,2022-07,0,0,0,0.0
17866,2022-08,0,0,0,0.0
17866,2022-09,0,0,0,0.0
17866,2022-10,0,0,0,0.0
17866,2022-11,0,0,0,0.0
17866,2022-12,0,0,0,0.0
17867,2022-01,0,0,0,0.0
17867,2022-02,0,0,0,0.0
17867,2022-03,0,0,0,0.0
17867,2022-04,0,0,0,0.0
17867,2022-05,0,0,0,0.0
17867,2022-06,0,0,0,0.0
17867,2022-07,0,0,0,0.0
17867,2022-08,0,0,0,0.0
17867,2022-09,0,0,0,0.0
17867,2022-10,0,0,0,0.0
17867,2022-11,0,0,0,0.0
17867,2022-12,0,0,0,0.0
17868,2022-01,0,0,0,0.0
17868,2022-02,0,0,0,0.0
17868,2022-03,0,0,0,0.0
17868,2022-04,0,0,0,0.0
17868,2022-05,0,0,0,0.0
17868,2022-06,0,0,0,0.0
17868,2022-07,0,0,0,0.0
17868,2022-08,0,0,0,0.0
17868,2022-09,0,0,0,0.0
17868,2022-10,0,0,0,0.0
17868,2022-11,0,0,0,0.0
17868,2022-12,0,0,0,0.0
17870,2022-01,0,0,0,0.0
17870,2022-02,0,0,0,0.0
17870,2022-03,0,0,0,0.0
17870,2022-04,0,0,0,0.0
17870,2022-05,0,0,0,0.0
17870,2022-06,0,0,0,0.0
17870,2022-07,0,0,0,1.0
17870,2022-08,0,0,0,0.0
17870,2022-09,0,0,0,0.0
17870,2022-10,0,0,0,0.0
17870,2022-11,0,0,0,0.0
17870,2022-12,0,0,0,0.0
17872,2022-01,0,0,0,0.0
17872,2022-02,0,0,0,0.0
17872,2022-03,0,0,0,0.0
17872,2022-04,0,0,0,0.0
17872,2022-05,0,0,0,0.0
17872,2022-06,0,0,0,0.0
17872,2022-07,0,0,0,1.0
17872,2022-08,0,0,0,0.0
17872,2022-09,0,0,0,0.0
17872,2022-10,0,0,0,0.0
17872,2022-11,0,0,0,0.0
17872,2022-12,0,0,0,0.0
17876,2022-01,0,0,0,0.0
17876,2022-02,0,0,0,0.0
17876,2022-03,0,0,0,0.0
17876,2022-04,0,0,0,0.0
17876,2022-05,0,0,0,0.0
17876,2022-06,0,0,0,0.0
17876,2022-07,0,0,0,1.0
17876,2022-08,0,0,0,0.0
17876,2022-09,0,0,0,0.0
17876,2022-10,0,0,0,0.0
17876,2022-11,0,0,0,0.0
17876,2022-12,0,0,0,0.0
17878,2022-01,0,0,0,0.0
17878,2022-02,0,0,0,0.0
17878,2022-03,0,0,0,0.0
17878,2022-04,0,0,0,0.0
17878,2022-05,0,0,0,0.0
17878,2022-06,0,0,0,0.0
17878,2022-07,0,0,0,0.0
17878,2022-08,0,0,0,0.0
17878,2022-09,0,0,0,0.0
17878,2022-10,0,0,0,0.0
17878,2022-11,0,0,0,0.0
17878,2022-12,0,0,0,0.0
17880,2022-01,0,0,0,0.0
17880,2022-02,0,0,0,0.0
17880,2022-03,0,0,0,0.0
17880,2022-04,0,0,0,0.0
17880,2022-05,0,0,0,0.0
17880,2022-06,0,0,0,0.0
17880,2022-07,0,0,0,0.0
17880,2022-08,0,0,0,0.0
17880,2022-09,0,0,0,0.0
17880,2022-10,0,0,0,0.0
17880,2022-11,0,0,0,0.0
17880,2022-12,0,0,0,0.0
17881,2022-01,0,0,0,0.0
17881,2022-02,0,0,0,0.0
17881,2022-03,0,0,0,0.0
17881,2022-04,0,0,0,0.0
17881,2022-05,0,0,0,0.0
17881,2022-06,0,0,0,0.0
17881,2022-07,0,0,0,0.0
17881,2022-08,0,0,0,0.0
17881,2022-09,0,0,0,0.0
17881,2022-10,0,0,0,0.0
17881,2022-11,0,0,0,0.0
17881,2022-12,0,0,0,0.0
17884,2022-01,0,0,0,0.0
17884,2022-02,0,0,0,0.0
17884,2022-03,0,0,0,0.0
17884,2022-04,0,0,0,0.0
17884,2022-05,0,0,0,0.0
17884,2022-06,0,0,0,0.0
17884,2022-07,0,0,0,0.0
17884,2022-08,0,0,0,0.0
17884,2022-09,0,0,0,0.0
17884,2022-10,0,0,0,0.0
17884,2022-11,0,0,0,0.0
17884,2022-12,0,0,0,0.0
17885,2022-01,0,0,0,0.0
17885,2022-02,0,0,0,0.0
17885,2022-03,0,0,0,0.0
17885,2022-04,0,0,0,0.0
17885,2022-05,0,0,0,0.0
17885,2022-06,0,0,0,0.0
17885,2022-07,0,0,0,0.0
17885,2022-08,0,0,0,0.0
17885,2022-09,0,0,0,0.0
17885,2022-10,0,0,0,0.0
17885,2022-11,0,0,0,0.0
17885,2022-12,0,0,0,0.0
17886,2022-01,0,0,0,0.0
17886,2022-02,0,0,0,1.0
17886,2022-03,0,0,0,0.0
17886,2022-04,0,0,0,0.0
17886,2022-05,0,0,0,0.0
17886,2022-06,0,0,0,0.0
17886,2022-07,0,0,0,0.0
17886,2022-08,0,0,0,0.0
17886,2022-09,0,0,0,0.0
17886,2022-10,0,0,0,0.0
17886,2022-11,0,0,0,0.0
17886,2022-12,0,0,0,0.0
17887,2022-01,0,0,0,0.0
17887,2022-02,0,0,0,0.0
17887,2022-03,0,0,0,0.0
17887,2022-04,0,0,0,0.0
17887,2022-05,0,0,0,0.0
17887,2022-06,0,0,0,0.0
17887,2022-07,0,0,0,0.0
17887,2022-08,0,0,0,0.0
17887,2022-09,0,0,0,0.0
17887,2022-10,0,0,0,0.0
17887,2022-11,0,0,0,0.0
17887,2022-12,0,0,0,0.0
17888,2022-01,0,0,0,0.0
17888,2022-02,0,0,0,0.0
17888,2022-03,0,0,0,0.0
17888,2022-04,0,0,0,0.0
17888,2022-05,0,0,0,0.0
17888,2022-06,0,0,0,0.0
17888,2022-07,0,0,0,0.0
17888,2022-08,0,0,0,0.0
17888,2022-09,0,0,0,0.0
17888,2022-10,0,0,0,0.0
17888,2022-11,0,0,0,0.0
17888,2022-12,0,0,0,0.0
17889,2022-01,0,0,0,0.0
17889,2022-02,0,0,0,1.0
17889,2022-03,0,0,0,0.0
17889,2022-04,0,0,0,0.0
17889,2022-05,0,0,0,0.0
17889,2022-06,0,0,0,0.0
17889,2022-07,0,0,0,0.0
17889,2022-08,0,0,0,0.0
17889,2022-09,0,0,0,0.0
17889,2022-10,0,0,0,0.0
17889,2022-11,0,0,0,0.0
17889,2022-12,0,0,0,0.0
17901,2022-01,Schuylkill,0,0,0.0
17901,2022-02,Schuylkill,0,0,0.0
17901,2022-03,Schuylkill,0,0,0.0
17901,2022-04,Schuylkill,0,0,0.0
17901,2022-05,Schuylkill,0,1,0.0
17901,2022-06,Schuylkill,0,1,0.0
17901,2022-07,Schuylkill,0,0,0.0
17901,2022-08,Schuylkill,0,0,0.0
17901,2022-09,Schuylkill,0,2,0.0
17901,2022-10,Schuylkill,0,0,0.0
17901,2022-11,Schuylkill,0,0,0.0
17901,2022-12,Schuylkill,0,0,0.0
17920,2022-01,0,0,0,0.0
17920,2022-02,0,0,0,0.0
17920,2022-03,0,0,0,0.0
17920,2022-04,0,0,0,0.0
17920,2022-05,0,0,0,0.0
17920,2022-06,0,0,0,0.0
17920,2022-07,0,0,0,0.0
17920,2022-08,0,0,0,0.0
17920,2022-09,0,0,0,0.0
17920,2022-10,0,0,0,0.0
17920,2022-11,0,0,0,0.0
17920,2022-12,0,0,0,0.0
17921,2022-01,0,0,0,0.0
17921,2022-02,0,0,0,0.0
17921,2022-03,0,0,0,0.0
17921,2022-04,0,0,0,0.0
17921,2022-05,0,0,0,1.0
17921,2022-06,0,0,0,1.0
17921,2022-07,0,0,0,0.0
17921,2022-08,0,0,0,0.0
17921,2022-09,0,0,0,2.0
17921,2022-10,0,0,0,0.0
17921,2022-11,0,0,0,0.0
17921,2022-12,0,0,0,0.0
17922,2022-01,0,0,0,0.0
17922,2022-02,0,0,0,0.0
17922,2022-03,0,0,0,0.0
17922,2022-04,0,0,0,0.0
17922,2022-05,0,0,0,0.0
17922,2022-06,0,0,0,0.0
17922,2022-07,0,0,0,0.0
17922,2022-08,0,0,0,0.0
17922,2022-09,0,0,0,0.0
17922,2022-10,0,0,0,0.0
17922,2022-11,0,0,0,0.0
17922,2022-12,0,0,0,0.0
17923,2022-01,0,0,0,0.0
17923,2022-02,0,0,0,0.0
17923,2022-03,0,0,0,0.0
17923,2022-04,0,0,0,0.0
17923,2022-05,0,0,0,1.0
17923,2022-06,0,0,0,1.0
17923,2022-07,0,0,0,0.0
17923,2022-08,0,0,0,0.0
17923,2022-09,0,0,0,2.0
17923,2022-10,0,0,0,0.0
17923,2022-11,0,0,0,0.0
17923,2022-12,0,0,0,0.0
17925,2022-01,0,0,0,0.0
17925,2022-02,0,0,0,0.0
17925,2022-03,0,0,0,0.0
17925,2022-04,0,0,0,0.0
17925,2022-05,0,0,0,0.0
17925,2022-06,0,0,0,0.0
17925,2022-07,0,0,0,0.0
17925,2022-08,0,0,0,0.0
17925,2022-09,0,0,0,0.0
17925,2022-10,0,0,0,0.0
17925,2022-11,0,0,0,0.0
17925,2022-12,0,0,0,0.0
17929,2022-01,0,0,0,0.0
17929,2022-02,0,0,0,0.0
17929,2022-03,0,0,0,0.0
17929,2022-04,0,0,0,0.0
17929,2022-05,0,0,0,1.0
17929,2022-06,0,0,0,1.0
17929,2022-07,0,0,0,0.0
17929,2022-08,0,0,0,0.0
17929,2022-09,0,0,0,2.0
17929,2022-10,0,0,0,0.0
17929,2022-11,0,0,0,0.0
17929,2022-12,0,0,0,0.0
17930,2022-01,0,0,0,0.0
17930,2022-02,0,0,0,0.0
17930,2022-03,0,0,0,0.0
17930,2022-04,0,0,0,0.0
17930,2022-05,0,0,0,1.0
17930,2022-06,0,0,0,1.0
17930,2022-07,0,0,0,0.0
17930,2022-08,0,0,0,0.0
17930,2022-09,0,0,0,2.0
17930,2022-10,0,0,0,0.0
17930,2022-11,0,0,0,0.0
17930,2022-12,0,0,0,0.0
17931,2022-01,0,0,0,0.0
17931,2022-02,0,0,0,0.0
17931,2022-03,0,0,0,0.0
17931,2022-04,0,0,0,0.0
17931,2022-05,0,0,0,1.0
17931,2022-06,0,0,0,1.0
17931,2022-07,0,0,0,0.0
17931,2022-08,0,0,0,0.0
17931,2022-09,0,0,0,2.0
17931,2022-10,0,0,0,0.0
17931,2022-11,0,0,0,0.0
17931,2022-12,0,0,0,0.0
17933,2022-01,0,0,0,0.0
17933,2022-02,0,0,0,0.0
17933,2022-03,0,0,0,0.0
17933,2022-04,0,0,0,0.0
17933,2022-05,0,0,0,0.0
17933,2022-06,0,0,0,0.0
17933,2022-07,0,0,0,0.0
17933,2022-08,0,0,0,0.0
17933,2022-09,0,0,0,0.0
17933,2022-10,0,0,0,0.0
17933,2022-11,0,0,0,0.0
17933,2022-12,0,0,0,0.0
17934,2022-01,0,0,0,0.0
17934,2022-02,0,0,0,0.0
17934,2022-03,0,0,0,0.0
17934,2022-04,0,0,0,0.0
17934,2022-05,0,0,0,0.0
17934,2022-06,0,0,0,0.0
17934,2022-07,0,0,0,0.0
17934,2022-08,0,0,0,0.0
17934,2022-09,0,0,0,7.0
17934,2022-10,0,0,0,0.0
17934,2022-11,0,0,0,0.0
17934,2022-12,0,0,0,0.0
17935,2022-01,0,0,0,0.0
17935,2022-02,0,0,0,0.0
17935,2022-03,0,0,0,0.0
17935,2022-04,0,0,0,0.0
17935,2022-05,0,0,0,0.0
17935,2022-06,0,0,0,0.0
17935,2022-07,0,0,0,0.0
17935,2022-08,0,0,0,0.0
17935,2022-09,0,0,0,7.0
17935,2022-10,0,0,0,0.0
17935,2022-11,0,0,0,0.0
17935,2022-12,0,0,0,0.0
17936,2022-01,0,0,0,0.0
17936,2022-02,0,0,0,0.0
17936,2022-03,0,0,0,0.0
17936,2022-04,0,0,0,0.0
17936,2022-05,0,0,0,0.0
17936,2022-06,0,0,0,0.0
17936,2022-07,0,0,0,0.0
17936,2022-08,0,0,0,0.0
17936,2022-09,0,0,0,0.0
17936,2022-10,0,0,0,0.0
17936,2022-11,0,0,0,0.0
17936,2022-12,0,0,0,0.0
17938,2022-01,0,0,0,0.0
17938,2022-02,0,0,0,0.0
17938,2022-03,0,0,0,0.0
17938,2022-04,0,0,0,0.0
17938,2022-05,0,0,0,1.0
17938,2022-06,0,0,0,1.0
17938,2022-07,0,0,0,0.0
17938,2022-08,0,0,0,0.0
17938,2022-09,0,0,0,2.0
17938,2022-10,0,0,0,0.0
17938,2022-11,0,0,0,0.0
17938,2022-12,0,0,0,0.0
17941,2022-01,0,0,0,0.0
17941,2022-02,0,0,0,0.0
17941,2022-03,0,0,0,0.0
17941,2022-04,0,0,0,0.0
17941,2022-05,0,0,0,0.0
17941,2022-06,0,0,0,0.0
17941,2022-07,0,0,0,0.0
17941,2022-08,0,0,0,0.0
17941,2022-09,0,0,0,0.0
17941,2022-10,0,0,0,0.0
17941,2022-11,0,0,0,0.0
17941,2022-12,0,0,0,0.0
17943,2022-01,0,0,0,0.0
17943,2022-02,0,0,0,0.0
17943,2022-03,0,0,0,0.0
17943,2022-04,0,0,0,0.0
17943,2022-05,0,0,0,0.0
17943,2022-06,0,0,0,0.0
17943,2022-07,0,0,0,0.0
17943,2022-08,0,0,0,0.0
17943,2022-09,0,0,0,0.0
17943,2022-10,0,0,0,0.0
17943,2022-11,0,0,0,0.0
17943,2022-12,0,0,0,0.0
17944,2022-01,0,0,0,0.0
17944,2022-02,0,0,0,0.0
17944,2022-03,0,0,0,0.0
17944,2022-04,0,0,0,0.0
17944,2022-05,0,0,0,1.0
17944,2022-06,0,0,0,1.0
17944,2022-07,0,0,0,0.0
17944,2022-08,0,0,0,0.0
17944,2022-09,0,0,0,2.0
17944,2022-10,0,0,0,0.0
17944,2022-11,0,0,0,0.0
17944,2022-12,0,0,0,0.0
17945,2022-01,0,0,0,0.0
17945,2022-02,0,0,0,0.0
17945,2022-03,0,0,0,0.0
17945,2022-04,0,0,0,0.0
17945,2022-05,0,0,0,0.0
17945,2022-06,0,0,0,0.0
17945,2022-07,0,0,0,0.0
17945,2022-08,0,0,0,0.0
17945,2022-09,0,0,0,0.0
17945,2022-10,0,0,0,0.0
17945,2022-11,0,0,0,0.0
17945,2022-12,0,0,0,0.0
17946,2022-01,0,0,0,0.0
17946,2022-02,0,0,0,0.0
17946,2022-03,0,0,0,0.0
17946,2022-04,0,0,0,0.0
17946,2022-05,0,0,0,0.0
17946,2022-06,0,0,0,0.0
17946,2022-07,0,0,0,0.0
17946,2022-08,0,0,0,0.0
17946,2022-09,0,0,0,7.0
17946,2022-10,0,0,0,0.0
17946,2022-11,0,0,0,0.0
17946,2022-12,0,0,0,0.0
17948,2022-01,0,0,0,0.0
17948,2022-02,0,0,0,0.0
17948,2022-03,0,0,0,0.0
17948,2022-04,0,0,0,0.0
17948,2022-05,0,0,0,0.0
17948,2022-06,0,0,0,0.0
17948,2022-07,0,0,0,0.0
17948,2022-08,0,0,0,0.0
17948,2022-09,0,0,0,7.0
17948,2022-10,0,0,0,0.0
17948,2022-11,0,0,0,0.0
17948,2022-12,0,0,0,0.0
17949,2022-01,0,0,0,0.0
17949,2022-02,0,0,0,0.0
17949,2022-03,0,0,0,0.0
17949,2022-04,0,0,0,0.0
17949,2022-05,0,0,0,0.0
17949,2022-06,0,0,0,0.0
17949,2022-07,0,0,0,0.0
17949,2022-08,0,0,0,0.0
17949,2022-09,0,0,0,0.0
17949,2022-10,0,0,0,0.0
17949,2022-11,0,0,0,0.0
17949,2022-12,0,0,0,0.0
17951,2022-01,0,0,0,0.0
17951,2022-02,0,0,0,0.0
17951,2022-03,0,0,0,0.0
17951,2022-04,0,0,0,0.0
17951,2022-05,0,0,0,1.0
17951,2022-06,0,0,0,1.0
17951,2022-07,0,0,0,0.0
17951,2022-08,0,0,0,0.0
17951,2022-09,0,0,0,2.0
17951,2022-10,0,0,0,0.0
17951,2022-11,0,0,0,0.0
17951,2022-12,0,0,0,0.0
17952,2022-01,0,0,0,0.0
17952,2022-02,0,0,0,0.0
17952,2022-03,0,0,0,0.0
17952,2022-04,0,0,0,0.0
17952,2022-05,0,0,0,0.0
17952,2022-06,0,0,0,0.0
17952,2022-07,0,0,0,0.0
17952,2022-08,0,0,0,0.0
17952,2022-09,0,0,0,0.0
17952,2022-10,0,0,0,0.0
17952,2022-11,0,0,0,0.0
17952,2022-12,0,0,0,0.0
17953,2022-01,0,0,0,0.0
17953,2022-02,0,0,0,0.0
17953,2022-03,0,0,0,0.0
17953,2022-04,0,0,0,0.0
17953,2022-05,0,0,0,0.0
17953,2022-06,0,0,0,0.0
17953,2022-07,0,0,0,0.0
17953,2022-08,0,0,0,0.0
17953,2022-09,0,0,0,0.0
17953,2022-10,0,0,0,0.0
17953,2022-11,0,0,0,0.0
17953,2022-12,0,0,0,0.0
17954,2022-01,0,0,0,0.0
17954,2022-02,0,0,0,0.0
17954,2022-03,0,0,0,0.0
17954,2022-04,0,0,0,0.0
17954,2022-05,0,0,0,1.0
17954,2022-06,0,0,0,1.0
17954,2022-07,0,0,0,0.0
17954,2022-08,0,0,0,0.0
17954,2022-09,0,0,0,2.0
17954,2022-10,0,0,0,0.0
17954,2022-11,0,0,0,0.0
17954,2022-12,0,0,0,0.0
17957,2022-01,0,0,0,0.0
17957,2022-02,0,0,0,0.0
17957,2022-03,0,0,0,0.0
17957,2022-04,0,0,0,0.0
17957,2022-05,0,0,0,0.0
17957,2022-06,0,0,0,0.0
17957,2022-07,0,0,0,0.0
17957,2022-08,0,0,0,0.0
17957,2022-09,0,0,0,0.0
17957,2022-10,0,0,0,0.0
17957,2022-11,0,0,0,0.0
17957,2022-12,0,0,0,0.0
17959,2022-01,0,0,0,0.0
17959,2022-02,0,0,0,0.0
17959,2022-03,0,0,0,0.0
17959,2022-04,0,0,0,0.0
17959,2022-05,0,0,0,1.0
17959,2022-06,0,0,0,1.0
17959,2022-07,0,0,0,0.0
17959,2022-08,0,0,0,0.0
17959,2022-09,0,0,0,2.0
17959,2022-10,0,0,0,0.0
17959,2022-11,0,0,0,0.0
17959,2022-12,0,0,0,0.0
17960,2022-01,0,0,0,0.0
17960,2022-02,0,0,0,0.0
17960,2022-03,0,0,0,0.0
17960,2022-04,0,0,0,0.0
17960,2022-05,0,0,0,0.0
17960,2022-06,0,0,0,0.0
17960,2022-07,0,0,0,0.0
17960,2022-08,0,0,0,0.0
17960,2022-09,0,0,0,0.0
17960,2022-10,0,0,0,0.0
17960,2022-11,0,0,0,0.0
17960,2022-12,0,0,0,0.0
17961,2022-01,0,0,0,0.0
17961,2022-02,0,0,0,0.0
17961,2022-03,0,0,0,0.0
17961,2022-04,0,0,0,0.0
17961,2022-05,0,0,0,0.0
17961,2022-06,0,0,0,0.0
17961,2022-07,0,0,0,0.0
17961,2022-08,0,0,0,0.0
17961,2022-09,0,0,0,0.0
17961,2022-10,0,0,0,0.0
17961,2022-11,0,0,0,0.0
17961,2022-12,0,0,0,0.0
17963,2022-01,0,0,0,0.0
17963,2022-02,0,0,0,0.0
17963,2022-03,0,0,0,0.0
17963,2022-04,0,0,0,0.0
17963,2022-05,0,0,0,1.0
17963,2022-06,0,0,0,1.0
17963,2022-07,0,0,0,0.0
17963,2022-08,0,0,0,0.0
17963,2022-09,0,0,0,2.0
17963,2022-10,0,0,0,0.0
17963,2022-11,0,0,0,0.0
17963,2022-12,0,0,0,0.0
17964,2022-01,0,0,0,0.0
17964,2022-02,0,0,0,0.0
17964,2022-03,0,0,0,0.0
17964,2022-04,0,0,0,0.0
17964,2022-05,0,0,0,0.0
17964,2022-06,0,0,0,0.0
17964,2022-07,0,0,0,0.0
17964,2022-08,0,0,0,0.0
17964,2022-09,0,0,0,0.0
17964,2022-10,0,0,0,0.0
17964,2022-11,0,0,0,0.0
17964,2022-12,0,0,0,0.0
17965,2022-01,0,0,0,0.0
17965,2022-02,0,0,0,0.0
17965,2022-03,0,0,0,0.0
17965,2022-04,0,0,0,0.0
17965,2022-05,0,0,0,1.0
17965,2022-06,0,0,0,1.0
17965,2022-07,0,0,0,0.0
17965,2022-08,0,0,0,0.0
17965,2022-09,0,0,0,2.0
17965,2022-10,0,0,0,0.0
17965,2022-11,0,0,0,0.0
17965,2022-12,0,0,0,0.0
17967,2022-01,0,0,0,0.0
17967,2022-02,0,0,0,0.0
17967,2022-03,0,0,0,0.0
17967,2022-04,0,0,0,0.0
17967,2022-05,0,0,0,0.0
17967,2022-06,0,0,0,0.0
17967,2022-07,0,0,0,0.0
17967,2022-08,0,0,0,0.0
17967,2022-09,0,0,0,7.0
17967,2022-10,0,0,0,0.0
17967,2022-11,0,0,0,0.0
17967,2022-12,0,0,0,0.0
17968,2022-01,0,0,0,0.0
17968,2022-02,0,0,0,0.0
17968,2022-03,0,0,0,0.0
17968,2022-04,0,0,0,0.0
17968,2022-05,0,0,0,0.0
17968,2022-06,0,0,0,0.0
17968,2022-07,0,0,0,0.0
17968,2022-08,0,0,0,0.0
17968,2022-09,0,0,0,0.0
17968,2022-10,0,0,0,0.0
17968,2022-11,0,0,0,0.0
17968,2022-12,0,0,0,0.0
17970,2022-01,0,0,0,0.0
17970,2022-02,0,0,0,0.0
17970,2022-03,0,0,0,0.0
17970,2022-04,0,0,0,0.0
17970,2022-05,0,0,0,1.0
17970,2022-06,0,0,0,1.0
17970,2022-07,0,0,0,0.0
17970,2022-08,0,0,0,0.0
17970,2022-09,0,0,0,2.0
17970,2022-10,0,0,0,0.0
17970,2022-11,0,0,0,0.0
17970,2022-12,0,0,0,0.0
17972,2022-01,0,0,0,0.0
17972,2022-02,0,0,0,0.0
17972,2022-03,0,0,0,0.0
17972,2022-04,0,0,0,0.0
17972,2022-05,0,0,0,1.0
17972,2022-06,0,0,0,1.0
17972,2022-07,0,0,0,0.0
17972,2022-08,0,0,0,0.0
17972,2022-09,0,0,0,2.0
17972,2022-10,0,0,0,0.0
17972,2022-11,0,0,0,0.0
17972,2022-12,0,0,0,0.0
17974,2022-01,0,0,0,0.0
17974,2022-02,0,0,0,0.0
17974,2022-03,0,0,0,0.0
17974,2022-04,0,0,0,0.0
17974,2022-05,0,0,0,1.0
17974,2022-06,0,0,0,1.0
17974,2022-07,0,0,0,0.0
17974,2022-08,0,0,0,0.0
17974,2022-09,0,0,0,2.0
17974,2022-10,0,0,0,0.0
17974,2022-11,0,0,0,0.0
17974,2022-12,0,0,0,0.0
17976,2022-01,Schuylkill,0,0,0.0
17976,2022-02,Schuylkill,0,0,0.0
17976,2022-03,Schuylkill,0,0,0.0
17976,2022-04,Schuylkill,0,0,0.0
17976,2022-05,Schuylkill,0,0,0.0
17976,2022-06,Schuylkill,0,0,0.0
17976,2022-07,Schuylkill,0,0,0.0
17976,2022-08,Schuylkill,0,0,0.0
17976,2022-09,Schuylkill,0,7,0.0
17976,2022-10,Schuylkill,0,0,0.0
17976,2022-11,Schuylkill,0,0,0.0
17976,2022-12,Schuylkill,0,0,0.0
17978,2022-01,0,0,0,0.0
17978,2022-02,0,0,0,0.0
17978,2022-03,0,0,0,0.0
17978,2022-04,0,0,0,0.0
17978,2022-05,0,0,0,0.0
17978,2022-06,0,0,0,0.0
17978,2022-07,0,0,0,0.0
17978,2022-08,0,0,0,0.0
17978,2022-09,0,0,0,0.0
17978,2022-10,0,0,0,0.0
17978,2022-11,0,0,0,0.0
17978,2022-12,0,0,0,0.0
17979,2022-01,0,0,0,0.0
17979,2022-02,0,0,0,0.0
17979,2022-03,0,0,0,0.0
17979,2022-04,0,0,0,0.0
17979,2022-05,0,0,0,0.0
17979,2022-06,0,0,0,0.0
17979,2022-07,0,0,0,0.0
17979,2022-08,0,0,0,0.0
17979,2022-09,0,0,0,0.0
17979,2022-10,0,0,0,0.0
17979,2022-11,0,0,0,0.0
17979,2022-12,0,0,0,0.0
17980,2022-01,0,0,0,0.0
17980,2022-02,0,0,0,0.0
17980,2022-03,0,0,0,0.0
17980,2022-04,0,0,0,0.0
17980,2022-05,0,0,0,0.0
17980,2022-06,0,0,0,0.0
17980,2022-07,0,0,0,0.0
17980,2022-08,0,0,0,0.0
17980,2022-09,0,0,0,0.0
17980,2022-10,0,0,0,0.0
17980,2022-11,0,0,0,0.0
17980,2022-12,0,0,0,0.0
17981,2022-01,0,0,0,0.0
17981,2022-02,0,0,0,0.0
17981,2022-03,0,0,0,0.0
17981,2022-04,0,0,0,0.0
17981,2022-05,0,0,0,1.0
17981,2022-06,0,0,0,1.0
17981,2022-07,0,0,0,0.0
17981,2022-08,0,0,0,0.0
17981,2022-09,0,0,0,2.0
17981,2022-10,0,0,0,0.0
17981,2022-11,0,0,0,0.0
17981,2022-12,0,0,0,0.0
17982,2022-01,0,0,0,0.0
17982,2022-02,0,0,0,0.0
17982,2022-03,0,0,0,0.0
17982,2022-04,0,0,0,0.0
17982,2022-05,0,0,0,0.0
17982,2022-06,0,0,0,0.0
17982,2022-07,0,0,0,0.0
17982,2022-08,0,0,0,0.0
17982,2022-09,0,0,0,0.0
17982,2022-10,0,0,0,0.0
17982,2022-11,0,0,0,0.0
17982,2022-12,0,0,0,0.0
17983,2022-01,0,0,0,0.0
17983,2022-02,0,0,0,0.0
17983,2022-03,0,0,0,0.0
17983,2022-04,0,0,0,0.0
17983,2022-05,0,0,0,0.0
17983,2022-06,0,0,0,0.0
17983,2022-07,0,0,0,0.0
17983,2022-08,0,0,0,0.0
17983,2022-09,0,0,0,0.0
17983,2022-10,0,0,0,0.0
17983,2022-11,0,0,0,0.0
17983,2022-12,0,0,0,0.0
17985,2022-01,0,0,0,0.0
17985,2022-02,0,0,0,0.0
17985,2022-03,0,0,0,0.0
17985,2022-04,0,0,0,0.0
17985,2022-05,0,0,0,1.0
17985,2022-06,0,0,0,2.0
17985,2022-07,0,0,0,0.0
17985,2022-08,0,0,0,0.0
17985,2022-09,0,0,0,0.0
17985,2022-10,0,0,0,0.0
17985,2022-11,0,0,0,0.0
17985,2022-12,0,0,0,5.0
18011,2022-01,0,0,0,0.0
18011,2022-02,0,0,0,0.0
18011,2022-03,0,0,0,0.0
18011,2022-04,0,0,0,0.0
18011,2022-05,0,0,0,0.0
18011,2022-06,0,0,0,0.0
18011,2022-07,0,0,0,0.0
18011,2022-08,0,0,0,0.0
18011,2022-09,0,0,0,0.0
18011,2022-10,0,0,0,0.0
18011,2022-11,0,0,0,0.0
18011,2022-12,0,0,0,0.0
18012,2022-01,0,0,0,0.0
18012,2022-02,0,0,0,0.0
18012,2022-03,0,0,0,0.0
18012,2022-04,0,0,0,0.0
18012,2022-05,0,0,0,0.0
18012,2022-06,0,0,0,0.0
18012,2022-07,0,0,0,0.0
18012,2022-08,0,0,0,0.0
18012,2022-09,0,0,0,0.0
18012,2022-10,0,0,0,0.0
18012,2022-11,0,0,0,0.0
18012,2022-12,0,0,0,0.0
18013,2022-01,Northampton,0,0,0.0
18013,2022-02,Northampton,0,0,1.0
18013,2022-03,Northampton,0,1,0.0
18013,2022-04,Northampton,0,0,0.0
18013,2022-05,Northampton,0,0,0.0
18013,2022-06,Northampton,0,0,2.0
18013,2022-07,Northampton,0,0,0.0
18013,2022-08,Northampton,0,0,0.0
18013,2022-09,Northampton,0,0,1.0
18013,2022-10,Northampton,0,0,0.0
18013,2022-11,Northampton,0,0,0.0
18013,2022-12,Northampton,0,0,0.0
18014,2022-01,0,0,0,0.0
18014,2022-02,0,0,0,0.0
18014,2022-03,0,0,0,0.0
18014,2022-04,0,0,0,0.0
18014,2022-05,0,0,0,0.0
18014,2022-06,0,0,0,0.0
18014,2022-07,0,0,0,0.0
18014,2022-08,0,0,0,0.0
18014,2022-09,0,0,0,1.0
18014,2022-10,0,0,0,0.0
18014,2022-11,0,0,0,0.0
18014,2022-12,0,0,0,0.0
18015,2022-01,0,0,0,0.0
18015,2022-02,0,0,0,0.0
18015,2022-03,0,0,0,0.0
18015,2022-04,0,0,0,1.0
18015,2022-05,0,0,0,1.0
18015,2022-06,0,0,0,2.0
18015,2022-07,0,0,0,0.0
18015,2022-08,0,0,0,0.0
18015,2022-09,0,0,0,0.0
18015,2022-10,0,0,0,0.0
18015,2022-11,0,0,0,1.0
18015,2022-12,0,0,0,0.0
18017,2022-01,0,0,0,0.0
18017,2022-02,0,0,0,0.0
18017,2022-03,0,0,0,0.0
18017,2022-04,0,0,0,1.0
18017,2022-05,0,0,0,1.0
18017,2022-06,0,0,0,2.0
18017,2022-07,0,0,0,0.0
18017,2022-08,0,0,0,0.0
18017,2022-09,0,0,0,1.0
18017,2022-10,0,0,0,0.0
18017,2022-11,0,0,0,1.0
18017,2022-12,0,0,0,0.0
18018,2022-01,Northampton,0,0,0.0
18018,2022-02,Northampton,0,0,0.0
18018,2022-03,Northampton,0,0,0.0
18018,2022-04,Northampton,0,1,0.0
18018,2022-05,Northampton,0,1,0.0
18018,2022-06,Northampton,0,2,0.0
18018,2022-07,Northampton,0,0,0.0
18018,2022-08,Northampton,0,0,0.0
18018,2022-09,Northampton,0,0,0.0
18018,2022-10,Northampton,0,0,0.0
18018,2022-11,Northampton,0,1,0.0
18018,2022-12,Northampton,0,0,0.0
18020,2022-01,0,0,0,0.0
18020,2022-02,0,0,0,0.0
18020,2022-03,0,0,0,0.0
18020,2022-04,0,0,0,0.0
18020,2022-05,0,0,0,0.0
18020,2022-06,0,0,0,0.0
18020,2022-07,0,0,0,0.0
18020,2022-08,0,0,0,0.0
18020,2022-09,0,0,0,1.0
18020,2022-10,0,0,0,0.0
18020,2022-11,0,0,0,0.0
18020,2022-12,0,0,0,0.0
18030,2022-01,0,0,0,0.0
18030,2022-02,0,0,0,0.0
18030,2022-03,0,0,0,0.0
18030,2022-04,0,0,0,0.0
18030,2022-05,0,0,0,0.0
18030,2022-06,0,0,0,0.0
18030,2022-07,0,0,0,0.0
18030,2022-08,0,0,0,0.0
18030,2022-09,0,0,0,0.0
18030,2022-10,0,0,0,0.0
18030,2022-11,0,0,0,0.0
18030,2022-12,0,0,0,0.0
18031,2022-01,0,0,0,0.0
18031,2022-02,0,0,0,1.0
18031,2022-03,0,0,0,0.0
18031,2022-04,0,0,0,0.0
18031,2022-05,0,0,0,0.0
18031,2022-06,0,0,0,1.0
18031,2022-07,0,0,0,0.0
18031,2022-08,0,0,0,0.0
18031,2022-09,0,0,0,0.0
18031,2022-10,0,0,0,0.0
18031,2022-11,0,0,0,0.0
18031,2022-12,0,0,0,0.0
18032,2022-01,0,0,0,0.0
18032,2022-02,0,0,0,0.0
18032,2022-03,0,0,0,0.0
18032,2022-04,0,0,0,0.0
18032,2022-05,0,0,0,0.0
18032,2022-06,0,0,0,0.0
18032,2022-07,0,0,0,0.0
18032,2022-08,0,0,0,0.0
18032,2022-09,0,0,0,0.0
18032,2022-10,0,0,0,0.0
18032,2022-11,0,0,0,0.0
18032,2022-12,0,0,0,0.0
18034,2022-01,0,0,0,0.0
18034,2022-02,0,0,0,0.0
18034,2022-03,0,0,0,0.0
18034,2022-04,0,0,0,0.0
18034,2022-05,0,0,0,0.0
18034,2022-06,0,0,0,0.0
18034,2022-07,0,0,0,0.0
18034,2022-08,0,0,0,0.0
18034,2022-09,0,0,0,0.0
18034,2022-10,0,0,0,0.0
18034,2022-11,0,0,0,0.0
18034,2022-12,0,0,0,0.0
18035,2022-01,0,0,0,0.0
18035,2022-02,0,0,0,0.0
18035,2022-03,0,0,0,0.0
18035,2022-04,0,0,0,0.0
18035,2022-05,0,0,0,0.0
18035,2022-06,0,0,0,0.0
18035,2022-07,0,0,0,0.0
18035,2022-08,0,0,0,0.0
18035,2022-09,0,0,0,0.0
18035,2022-10,0,0,0,0.0
18035,2022-11,0,0,0,0.0
18035,2022-12,0,0,0,0.0
18036,2022-01,0,0,0,0.0
18036,2022-02,0,0,0,0.0
18036,2022-03,0,0,0,0.0
18036,2022-04,0,0,0,0.0
18036,2022-05,0,0,0,0.0
18036,2022-06,0,0,0,0.0
18036,2022-07,0,0,0,0.0
18036,2022-08,0,0,0,0.0
18036,2022-09,0,0,0,0.0
18036,2022-10,0,0,0,0.0
18036,2022-11,0,0,0,0.0
18036,2022-12,0,0,0,0.0
18037,2022-01,0,0,0,0.0
18037,2022-02,0,0,0,0.0
18037,2022-03,0,0,0,0.0
18037,2022-04,0,0,0,0.0
18037,2022-05,0,0,0,0.0
18037,2022-06,0,0,0,0.0
18037,2022-07,0,0,0,0.0
18037,2022-08,0,0,0,0.0
18037,2022-09,0,0,0,0.0
18037,2022-10,0,0,0,0.0
18037,2022-11,0,0,0,0.0
18037,2022-12,0,0,0,0.0
18038,2022-01,0,0,0,0.0
18038,2022-02,0,0,0,0.0
18038,2022-03,0,0,0,0.0
18038,2022-04,0,0,0,0.0
18038,2022-05,0,0,0,0.0
18038,2022-06,0,0,0,0.0
18038,2022-07,0,0,0,0.0
18038,2022-08,0,0,0,0.0
18038,2022-09,0,0,0,0.0
18038,2022-10,0,0,0,0.0
18038,2022-11,0,0,0,0.0
18038,2022-12,0,0,0,0.0
18040,2022-01,0,0,0,0.0
18040,2022-02,0,0,0,1.0
18040,2022-03,0,0,0,1.0
18040,2022-04,0,0,0,0.0
18040,2022-05,0,0,0,1.0
18040,2022-06,0,0,0,1.0
18040,2022-07,0,0,0,1.0
18040,2022-08,0,0,0,1.0
18040,2022-09,0,0,0,4.0
18040,2022-10,0,0,0,0.0
18040,2022-11,0,0,0,0.0
18040,2022-12,0,0,0,0.0
18041,2022-01,0,0,0,0.0
18041,2022-02,0,0,0,0.0
18041,2022-03,0,0,0,0.0
18041,2022-04,0,0,0,0.0
18041,2022-05,0,0,0,0.0
18041,2022-06,0,0,0,0.0
18041,2022-07,0,0,0,0.0
18041,2022-08,0,0,0,0.0
18041,2022-09,0,0,0,0.0
18041,2022-10,0,0,0,0.0
18041,2022-11,0,0,0,0.0
18041,2022-12,0,0,0,0.0
18042,2022-01,Northampton,0,0,0.0
18042,2022-02,Northampton,0,1,0.0
18042,2022-03,Northampton,0,0,0.0
18042,2022-04,Northampton,0,0,0.0
18042,2022-05,Northampton,0,1,0.0
18042,2022-06,Northampton,0,1,0.0
18042,2022-07,Northampton,0,1,0.0
18042,2022-08,Northampton,0,1,0.0
18042,2022-09,Northampton,0,3,0.0
18042,2022-10,Northampton,0,0,0.0
18042,2022-11,Northampton,0,0,0.0
18042,2022-12,Northampton,0,0,0.0
18045,2022-01,0,0,0,0.0
18045,2022-02,0,0,0,1.0
18045,2022-03,0,0,0,0.0
18045,2022-04,0,0,0,0.0
18045,2022-05,0,0,0,1.0
18045,2022-06,0,0,0,1.0
18045,2022-07,0,0,0,1.0
18045,2022-08,0,0,0,1.0
18045,2022-09,0,0,0,4.0
18045,2022-10,0,0,0,0.0
18045,2022-11,0,0,0,0.0
18045,2022-12,0,0,0,0.0
18046,2022-01,0,0,0,0.0
18046,2022-02,0,0,0,0.0
18046,2022-03,0,0,0,0.0
18046,2022-04,0,0,0,0.0
18046,2022-05,0,0,0,0.0
18046,2022-06,0,0,0,0.0
18046,2022-07,0,0,0,0.0
18046,2022-08,0,0,0,0.0
18046,2022-09,0,0,0,0.0
18046,2022-10,0,0,0,0.0
18046,2022-11,0,0,0,0.0
18046,2022-12,0,0,0,0.0
18049,2022-01,0,0,0,0.0
18049,2022-02,0,0,0,0.0
18049,2022-03,0,0,0,0.0
18049,2022-04,0,0,0,0.0
18049,2022-05,0,0,0,0.0
18049,2022-06,0,0,0,0.0
18049,2022-07,0,0,0,0.0
18049,2022-08,0,0,0,0.0
18049,2022-09,0,0,0,0.0
18049,2022-10,0,0,0,0.0
18049,2022-11,0,0,0,0.0
18049,2022-12,0,0,0,0.0
18051,2022-01,0,0,0,0.0
18051,2022-02,0,0,0,1.0
18051,2022-03,0,0,0,0.0
18051,2022-04,0,0,0,0.0
18051,2022-05,0,0,0,0.0
18051,2022-06,0,0,0,1.0
18051,2022-07,0,0,0,0.0
18051,2022-08,0,0,0,0.0
18051,2022-09,0,0,0,0.0
18051,2022-10,0,0,0,0.0
18051,2022-11,0,0,0,0.0
18051,2022-12,0,0,0,0.0
18052,2022-01,0,0,0,0.0
18052,2022-02,0,0,0,0.0
18052,2022-03,0,0,0,0.0
18052,2022-04,0,0,0,0.0
18052,2022-05,0,0,0,2.0
18052,2022-06,0,0,0,4.0
18052,2022-07,0,0,0,0.0
18052,2022-08,0,0,0,1.0
18052,2022-09,0,0,0,2.0
18052,2022-10,0,0,0,4.0
18052,2022-11,0,0,0,1.0
18052,2022-12,0,0,0,0.0
18053,2022-01,0,0,0,0.0
18053,2022-02,0,0,0,0.0
18053,2022-03,0,0,0,0.0
18053,2022-04,0,0,0,0.0
18053,2022-05,0,0,0,0.0
18053,2022-06,0,0,0,0.0
18053,2022-07,0,0,0,0.0
18053,2022-08,0,0,0,0.0
18053,2022-09,0,0,0,0.0
18053,2022-10,0,0,0,0.0
18053,2022-11,0,0,0,0.0
18053,2022-12,0,0,0,0.0
18054,2022-01,0,0,0,0.0
18054,2022-02,0,0,0,0.0
18054,2022-03,0,0,0,0.0
18054,2022-04,0,0,0,0.0
18054,2022-05,0,0,0,0.0
18054,2022-06,0,0,0,0.0
18054,2022-07,0,0,0,0.0
18054,2022-08,0,0,0,0.0
18054,2022-09,0,0,0,0.0
18054,2022-10,0,0,0,0.0
18054,2022-11,0,0,0,0.0
18054,2022-12,0,0,0,0.0
18055,2022-01,0,0,0,0.0
18055,2022-02,0,0,0,1.0
18055,2022-03,0,0,0,0.0
18055,2022-04,0,0,0,0.0
18055,2022-05,0,0,0,1.0
18055,2022-06,0,0,0,1.0
18055,2022-07,0,0,0,1.0
18055,2022-08,0,0,0,1.0
18055,2022-09,0,0,0,3.0
18055,2022-10,0,0,0,0.0
18055,2022-11,0,0,0,0.0
18055,2022-12,0,0,0,0.0
18056,2022-01,0,0,0,0.0
18056,2022-02,0,0,0,0.0
18056,2022-03,0,0,0,0.0
18056,2022-04,0,0,0,0.0
18056,2022-05,0,0,0,0.0
18056,2022-06,0,0,0,0.0
18056,2022-07,0,0,0,0.0
18056,2022-08,0,0,0,0.0
18056,2022-09,0,0,0,0.0
18056,2022-10,0,0,0,0.0
18056,2022-11,0,0,0,0.0
18056,2022-12,0,0,0,0.0
18058,2022-01,0,0,0,0.0
18058,2022-02,0,0,0,0.0
18058,2022-03,0,0,0,1.0
18058,2022-04,0,0,0,0.0
18058,2022-05,0,0,0,0.0
18058,2022-06,0,0,0,0.0
18058,2022-07,0,0,0,0.0
18058,2022-08,0,0,0,0.0
18058,2022-09,0,0,0,0.0
18058,2022-10,0,0,0,0.0
18058,2022-11,0,0,0,0.0
18058,2022-12,0,0,0,0.0
18059,2022-01,0,0,0,0.0
18059,2022-02,0,0,0,0.0
18059,2022-03,0,0,0,0.0
18059,2022-04,0,0,0,0.0
18059,2022-05,0,0,0,0.0
18059,2022-06,0,0,0,0.0
18059,2022-07,0,0,0,0.0
18059,2022-08,0,0,0,0.0
18059,2022-09,0,0,0,0.0
18059,2022-10,0,0,0,0.0
18059,2022-11,0,0,0,0.0
18059,2022-12,0,0,0,0.0
18062,2022-01,0,0,0,0.0
18062,2022-02,0,0,0,0.0
18062,2022-03,0,0,0,0.0
18062,2022-04,0,0,0,0.0
18062,2022-05,0,0,0,0.0
18062,2022-06,0,0,0,0.0
18062,2022-07,0,0,0,0.0
18062,2022-08,0,0,0,0.0
18062,2022-09,0,0,0,0.0
18062,2022-10,0,0,0,0.0
18062,2022-11,0,0,0,0.0
18062,2022-12,0,0,0,0.0
18063,2022-01,0,0,0,0.0
18063,2022-02,0,0,0,0.0
18063,2022-03,0,0,0,1.0
18063,2022-04,0,0,0,0.0
18063,2022-05,0,0,0,0.0
18063,2022-06,0,0,0,0.0
18063,2022-07,0,0,0,0.0
18063,2022-08,0,0,0,0.0
18063,2022-09,0,0,0,0.0
18063,2022-10,0,0,0,0.0
18063,2022-11,0,0,0,0.0
18063,2022-12,0,0,0,0.0
18064,2022-01,Northampton,0,0,0.0
18064,2022-02,Northampton,0,0,0.0
18064,2022-03,Northampton,0,0,1.0
18064,2022-04,Northampton,0,0,0.0
18064,2022-05,Northampton,0,0,0.0
18064,2022-06,Northampton,0,0,0.0
18064,2022-07,Northampton,0,0,0.0
18064,2022-08,Northampton,0,0,0.0
18064,2022-09,Northampton,0,1,0.0
18064,2022-10,Northampton,0,0,0.0
18064,2022-11,Northampton,0,0,0.0
18064,2022-12,Northampton,0,0,0.0
18065,2022-01,0,0,0,0.0
18065,2022-02,0,0,0,0.0
18065,2022-03,0,0,0,0.0
18065,2022-04,0,0,0,0.0
18065,2022-05,0,0,0,0.0
18065,2022-06,0,0,0,0.0
18065,2022-07,0,0,0,0.0
18065,2022-08,0,0,0,0.0
18065,2022-09,0,0,0,0.0
18065,2022-10,0,0,0,0.0
18065,2022-11,0,0,0,0.0
18065,2022-12,0,0,0,0.0
18066,2022-01,0,0,0,0.0
18066,2022-02,0,0,0,1.0
18066,2022-03,0,0,0,0.0
18066,2022-04,0,0,0,0.0
18066,2022-05,0,0,0,0.0
18066,2022-06,0,0,0,1.0
18066,2022-07,0,0,0,0.0
18066,2022-08,0,0,0,0.0
18066,2022-09,0,0,0,0.0
18066,2022-10,0,0,0,0.0
18066,2022-11,0,0,0,0.0
18066,2022-12,0,0,0,0.0
18067,2022-01,0,0,0,0.0
18067,2022-02,0,0,0,0.0
18067,2022-03,0,0,0,0.0
18067,2022-04,0,0,0,0.0
18067,2022-05,0,0,0,0.0
18067,2022-06,0,0,0,0.0
18067,2022-07,0,0,0,0.0
18067,2022-08,0,0,0,0.0
18067,2022-09,0,0,0,0.0
18067,2022-10,0,0,0,0.0
18067,2022-11,0,0,0,0.0
18067,2022-12,0,0,0,0.0
18069,2022-01,0,0,0,0.0
18069,2022-02,0,0,0,0.0
18069,2022-03,0,0,0,0.0
18069,2022-04,0,0,0,0.0
18069,2022-05,0,0,0,0.0
18069,2022-06,0,0,0,0.0
18069,2022-07,0,0,0,0.0
18069,2022-08,0,0,0,0.0
18069,2022-09,0,0,0,0.0
18069,2022-10,0,0,0,0.0
18069,2022-11,0,0,0,0.0
18069,2022-12,0,0,0,0.0
18070,2022-01,0,0,0,0.0
18070,2022-02,0,0,0,0.0
18070,2022-03,0,0,0,0.0
18070,2022-04,0,0,0,0.0
18070,2022-05,0,0,0,0.0
18070,2022-06,0,0,0,0.0
18070,2022-07,0,0,0,0.0
18070,2022-08,0,0,0,0.0
18070,2022-09,0,0,0,0.0
18070,2022-10,0,0,0,0.0
18070,2022-11,0,0,0,0.0
18070,2022-12,0,0,0,0.0
18071,2022-01,0,0,0,0.0
18071,2022-02,0,0,0,0.0
18071,2022-03,0,0,0,0.0
18071,2022-04,0,0,0,0.0
18071,2022-05,0,0,0,0.0
18071,2022-06,0,0,0,0.0
18071,2022-07,0,0,0,0.0
18071,2022-08,0,0,0,0.0
18071,2022-09,0,0,0,0.0
18071,2022-10,0,0,0,0.0
18071,2022-11,0,0,0,0.0
18071,2022-12,0,0,0,0.0
18072,2022-01,0,0,0,0.0
18072,2022-02,0,0,0,1.0
18072,2022-03,0,0,0,1.0
18072,2022-04,0,0,0,0.0
18072,2022-05,0,0,0,0.0
18072,2022-06,0,0,0,2.0
18072,2022-07,0,0,0,0.0
18072,2022-08,0,0,0,0.0
18072,2022-09,0,0,0,1.0
18072,2022-10,0,0,0,0.0
18072,2022-11,0,0,0,0.0
18072,2022-12,0,0,0,0.0
18073,2022-01,0,0,0,0.0
18073,2022-02,0,0,0,0.0
18073,2022-03,0,0,0,0.0
18073,2022-04,0,0,0,0.0
18073,2022-05,0,0,0,0.0
18073,2022-06,0,0,0,0.0
18073,2022-07,0,0,0,0.0
18073,2022-08,0,0,0,0.0
18073,2022-09,0,0,0,0.0
18073,2022-10,0,0,0,0.0
18073,2022-11,0,0,0,0.0
18073,2022-12,0,0,0,0.0
18074,2022-01,0,0,0,0.0
18074,2022-02,0,0,0,0.0
18074,2022-03,0,0,0,0.0
18074,2022-04,0,0,0,0.0
18074,2022-05,0,0,0,0.0
18074,2022-06,0,0,0,0.0
18074,2022-07,0,0,0,0.0
18074,2022-08,0,0,0,0.0
18074,2022-09,0,0,0,0.0
18074,2022-10,0,0,0,0.0
18074,2022-11,0,0,0,0.0
18074,2022-12,0,0,0,0.0
18076,2022-01,0,0,0,0.0
18076,2022-02,0,0,0,0.0
18076,2022-03,0,0,0,0.0
18076,2022-04,0,0,0,0.0
18076,2022-05,0,0,0,0.0
18076,2022-06,0,0,0,0.0
18076,2022-07,0,0,0,0.0
18076,2022-08,0,0,0,0.0
18076,2022-09,0,0,0,0.0
18076,2022-10,0,0,0,0.0
18076,2022-11,0,0,0,0.0
18076,2022-12,0,0,0,0.0
18077,2022-01,0,0,0,0.0
18077,2022-02,0,0,0,1.0
18077,2022-03,0,0,0,0.0
18077,2022-04,0,0,0,0.0
18077,2022-05,0,0,0,1.0
18077,2022-06,0,0,0,1.0
18077,2022-07,0,0,0,1.0
18077,2022-08,0,0,0,1.0
18077,2022-09,0,0,0,3.0
18077,2022-10,0,0,0,0.0
18077,2022-11,0,0,0,0.0
18077,2022-12,0,0,0,0.0
18078,2022-01,0,0,0,0.0
18078,2022-02,0,0,0,0.0
18078,2022-03,0,0,0,0.0
18078,2022-04,0,0,0,0.0
18078,2022-05,0,0,0,0.0
18078,2022-06,0,0,0,0.0
18078,2022-07,0,0,0,0.0
18078,2022-08,0,0,0,0.0
18078,2022-09,0,0,0,0.0
18078,2022-10,0,0,0,0.0
18078,2022-11,0,0,0,0.0
18078,2022-12,0,0,0,0.0
18079,2022-01,0,0,0,0.0
18079,2022-02,0,0,0,0.0
18079,2022-03,0,0,0,0.0
18079,2022-04,0,0,0,0.0
18079,2022-05,0,0,0,0.0
18079,2022-06,0,0,0,0.0
18079,2022-07,0,0,0,0.0
18079,2022-08,0,0,0,0.0
18079,2022-09,0,0,0,0.0
18079,2022-10,0,0,0,0.0
18079,2022-11,0,0,0,0.0
18079,2022-12,0,0,0,0.0
18080,2022-01,0,0,0,0.0
18080,2022-02,0,0,0,0.0
18080,2022-03,0,0,0,0.0
18080,2022-04,0,0,0,0.0
18080,2022-05,0,0,0,0.0
18080,2022-06,0,0,0,0.0
18080,2022-07,0,0,0,0.0
18080,2022-08,0,0,0,0.0
18080,2022-09,0,0,0,0.0
18080,2022-10,0,0,0,0.0
18080,2022-11,0,0,0,0.0
18080,2022-12,0,0,0,0.0
18081,2022-01,0,0,0,0.0
18081,2022-02,0,0,0,0.0
18081,2022-03,0,0,0,0.0
18081,2022-04,0,0,0,0.0
18081,2022-05,0,0,0,0.0
18081,2022-06,0,0,0,0.0
18081,2022-07,0,0,0,0.0
18081,2022-08,0,0,0,0.0
18081,2022-09,0,0,0,0.0
18081,2022-10,0,0,0,0.0
18081,2022-11,0,0,0,0.0
18081,2022-12,0,0,0,0.0
18083,2022-01,0,0,0,0.0
18083,2022-02,0,0,0,0.0
18083,2022-03,0,0,0,0.0
18083,2022-04,0,0,0,0.0
18083,2022-05,0,0,0,0.0
18083,2022-06,0,0,0,0.0
18083,2022-07,0,0,0,0.0
18083,2022-08,0,0,0,0.0
18083,2022-09,0,0,0,1.0
18083,2022-10,0,0,0,0.0
18083,2022-11,0,0,0,0.0
18083,2022-12,0,0,0,0.0
18085,2022-01,0,0,0,0.0
18085,2022-02,0,0,0,0.0
18085,2022-03,0,0,0,0.0
18085,2022-04,0,0,0,0.0
18085,2022-05,0,0,0,0.0
18085,2022-06,0,0,0,0.0
18085,2022-07,0,0,0,0.0
18085,2022-08,0,0,0,0.0
18085,2022-09,0,0,0,0.0
18085,2022-10,0,0,0,0.0
18085,2022-11,0,0,0,0.0
18085,2022-12,0,0,0,0.0
18086,2022-01,0,0,0,0.0
18086,2022-02,0,0,0,0.0
18086,2022-03,0,0,0,0.0
18086,2022-04,0,0,0,0.0
18086,2022-05,0,0,0,0.0
18086,2022-06,0,0,0,0.0
18086,2022-07,0,0,0,0.0
18086,2022-08,0,0,0,0.0
18086,2022-09,0,0,0,0.0
18086,2022-10,0,0,0,0.0
18086,2022-11,0,0,0,0.0
18086,2022-12,0,0,0,0.0
18087,2022-01,0,0,0,0.0
18087,2022-02,0,0,0,0.0
18087,2022-03,0,0,0,0.0
18087,2022-04,0,0,0,0.0
18087,2022-05,0,0,0,0.0
18087,2022-06,0,0,0,0.0
18087,2022-07,0,0,0,0.0
18087,2022-08,0,0,0,0.0
18087,2022-09,0,0,0,0.0
18087,2022-10,0,0,0,0.0
18087,2022-11,0,0,0,0.0
18087,2022-12,0,0,0,0.0
18088,2022-01,0,0,0,0.0
18088,2022-02,0,0,0,0.0
18088,2022-03,0,0,0,0.0
18088,2022-04,0,0,0,0.0
18088,2022-05,0,0,0,0.0
18088,2022-06,0,0,0,0.0
18088,2022-07,0,0,0,0.0
18088,2022-08,0,0,0,0.0
18088,2022-09,0,0,0,0.0
18088,2022-10,0,0,0,0.0
18088,2022-11,0,0,0,0.0
18088,2022-12,0,0,0,0.0
18091,2022-01,0,0,0,0.0
18091,2022-02,0,0,0,1.0
18091,2022-03,0,0,0,0.0
18091,2022-04,0,0,0,0.0
18091,2022-05,0,0,0,0.0
18091,2022-06,0,0,0,2.0
18091,2022-07,0,0,0,0.0
18091,2022-08,0,0,0,0.0
18091,2022-09,0,0,0,1.0
18091,2022-10,0,0,0,0.0
18091,2022-11,0,0,0,0.0
18091,2022-12,0,0,0,0.0
18092,2022-01,0,0,0,0.0
18092,2022-02,0,0,0,0.0
18092,2022-03,0,0,0,0.0
18092,2022-04,0,0,0,0.0
18092,2022-05,0,0,0,0.0
18092,2022-06,0,0,0,0.0
18092,2022-07,0,0,0,0.0
18092,2022-08,0,0,0,0.0
18092,2022-09,0,0,0,0.0
18092,2022-10,0,0,0,0.0
18092,2022-11,0,0,0,0.0
18092,2022-12,0,0,0,0.0
18101,2022-01,0,0,0,0.0
18101,2022-02,0,0,0,0.0
18101,2022-03,0,0,0,0.0
18101,2022-04,0,0,0,0.0
18101,2022-05,0,0,0,2.0
18101,2022-06,0,0,0,4.0
18101,2022-07,0,0,0,0.0
18101,2022-08,0,0,0,1.0
18101,2022-09,0,0,0,2.0
18101,2022-10,0,0,0,4.0
18101,2022-11,0,0,0,1.0
18101,2022-12,0,0,0,0.0
18102,2022-01,Lehigh,0,0,0.0
18102,2022-02,Lehigh,0,0,0.0
18102,2022-03,Lehigh,0,0,0.0
18102,2022-04,Lehigh,0,0,0.0
18102,2022-05,Lehigh,0,2,0.0
18102,2022-06,Lehigh,0,4,0.0
18102,2022-07,Lehigh,0,0,0.0
18102,2022-08,Lehigh,0,1,0.0
18102,2022-09,Lehigh,0,2,0.0
18102,2022-10,Lehigh,0,4,0.0
18102,2022-11,Lehigh,0,1,0.0
18102,2022-12,Lehigh,0,0,0.0
18103,2022-01,0,0,0,0.0
18103,2022-02,0,0,0,0.0
18103,2022-03,0,0,0,0.0
18103,2022-04,0,0,0,0.0
18103,2022-05,0,0,0,2.0
18103,2022-06,0,0,0,4.0
18103,2022-07,0,0,0,0.0
18103,2022-08,0,0,0,1.0
18103,2022-09,0,0,0,2.0
18103,2022-10,0,0,0,4.0
18103,2022-11,0,0,0,1.0
18103,2022-12,0,0,0,0.0
18104,2022-01,0,0,0,0.0
18104,2022-02,0,0,0,0.0
18104,2022-03,0,0,0,0.0
18104,2022-04,0,0,0,0.0
18104,2022-05,0,0,0,2.0
18104,2022-06,0,0,0,4.0
18104,2022-07,0,0,0,0.0
18104,2022-08,0,0,0,1.0
18104,2022-09,0,0,0,2.0
18104,2022-10,0,0,0,4.0
18104,2022-11,0,0,0,1.0
18104,2022-12,0,0,0,0.0
18106,2022-01,0,0,0,0.0
18106,2022-02,0,0,0,0.0
18106,2022-03,0,0,0,0.0
18106,2022-04,0,0,0,0.0
18106,2022-05,0,0,0,0.0
18106,2022-06,0,0,0,0.0
18106,2022-07,0,0,0,0.0
18106,2022-08,0,0,0,0.0
18106,2022-09,0,0,0,0.0
18106,2022-10,0,0,0,0.0
18106,2022-11,0,0,0,0.0
18106,2022-12,0,0,0,0.0
18109,2022-01,0,0,0,0.0
18109,2022-02,0,0,0,0.0
18109,2022-03,0,0,0,0.0
18109,2022-04,0,0,0,1.0
18109,2022-05,0,0,0,3.0
18109,2022-06,0,0,0,6.0
18109,2022-07,0,0,0,0.0
18109,2022-08,0,0,0,1.0
18109,2022-09,0,0,0,2.0
18109,2022-10,0,0,0,4.0
18109,2022-11,0,0,0,2.0
18109,2022-12,0,0,0,0.0
18195,2022-01,0,0,0,0.0
18195,2022-02,0,0,0,0.0
18195,2022-03,0,0,0,0.0
18195,2022-04,0,0,0,0.0
18195,2022-05,0,0,0,0.0
18195,2022-06,0,0,0,0.0
18195,2022-07,0,0,0,0.0
18195,2022-08,0,0,0,0.0
18195,2022-09,0,0,0,0.0
18195,2022-10,0,0,0,0.0
18195,2022-11,0,0,0,0.0
18195,2022-12,0,0,0,0.0
18201,2022-01,Luzerne,0,0,0.0
18201,2022-02,Luzerne,0,0,0.0
18201,2022-03,Luzerne,0,0,0.0
18201,2022-04,Luzerne,0,0,0.0
18201,2022-05,Luzerne,0,0,0.0
18201,2022-06,Luzerne,0,1,0.0
18201,2022-07,Luzerne,0,0,0.0
18201,2022-08,Luzerne,0,0,0.0
18201,2022-09,Luzerne,0,0,0.0
18201,2022-10,Luzerne,0,0,0.0
18201,2022-11,Luzerne,0,0,0.0
18201,2022-12,Luzerne,0,0,0.0
18202,2022-01,0,0,0,0.0
18202,2022-02,0,0,0,0.0
18202,2022-03,0,0,0,0.0
18202,2022-04,0,0,0,0.0
18202,2022-05,0,0,0,0.0
18202,2022-06,0,0,0,1.0
18202,2022-07,0,0,0,0.0
18202,2022-08,0,0,0,0.0
18202,2022-09,0,0,0,0.0
18202,2022-10,0,0,0,0.0
18202,2022-11,0,0,0,0.0
18202,2022-12,0,0,0,0.0
18210,2022-01,0,0,0,0.0
18210,2022-02,0,0,0,0.0
18210,2022-03,0,0,0,1.0
18210,2022-04,0,0,0,0.0
18210,2022-05,0,0,0,0.0
18210,2022-06,0,0,0,0.0
18210,2022-07,0,0,0,0.0
18210,2022-08,0,0,0,0.0
18210,2022-09,0,0,0,0.0
18210,2022-10,0,0,0,0.0
18210,2022-11,0,0,0,0.0
18210,2022-12,0,0,0,0.0
18211,2022-01,0,0,0,0.0
18211,2022-02,0,0,0,0.0
18211,2022-03,0,0,0,0.0
18211,2022-04,0,0,0,0.0
18211,2022-05,0,0,0,0.0
18211,2022-06,0,0,0,0.0
18211,2022-07,0,0,0,0.0
18211,2022-08,0,0,0,0.0
18211,2022-09,0,0,0,0.0
18211,2022-10,0,0,0,0.0
18211,2022-11,0,0,0,0.0
18211,2022-12,0,0,0,0.0
18212,2022-01,0,0,0,0.0
18212,2022-02,0,0,0,0.0
18212,2022-03,0,0,0,0.0
18212,2022-04,0,0,0,0.0
18212,2022-05,0,0,0,0.0
18212,2022-06,0,0,0,0.0
18212,2022-07,0,0,0,0.0
18212,2022-08,0,0,0,0.0
18212,2022-09,0,0,0,0.0
18212,2022-10,0,0,0,0.0
18212,2022-11,0,0,0,0.0
18212,2022-12,0,0,0,0.0
18214,2022-01,0,0,0,0.0
18214,2022-02,0,0,0,0.0
18214,2022-03,0,0,0,0.0
18214,2022-04,0,0,0,0.0
18214,2022-05,0,0,0,0.0
18214,2022-06,0,0,0,0.0
18214,2022-07,0,0,0,0.0
18214,2022-08,0,0,0,0.0
18214,2022-09,0,0,0,0.0
18214,2022-10,0,0,0,0.0
18214,2022-11,0,0,0,0.0
18214,2022-12,0,0,0,0.0
18216,2022-01,0,0,0,0.0
18216,2022-02,0,0,0,0.0
18216,2022-03,0,0,0,0.0
18216,2022-04,0,0,0,0.0
18216,2022-05,0,0,0,0.0
18216,2022-06,0,0,0,1.0
18216,2022-07,0,0,0,0.0
18216,2022-08,0,0,0,0.0
18216,2022-09,0,0,0,0.0
18216,2022-10,0,0,0,0.0
18216,2022-11,0,0,0,0.0
18216,2022-12,0,0,0,0.0
18218,2022-01,0,0,0,0.0
18218,2022-02,0,0,0,0.0
18218,2022-03,0,0,0,0.0
18218,2022-04,0,0,0,0.0
18218,2022-05,0,0,0,0.0
18218,2022-06,0,0,0,0.0
18218,2022-07,0,0,0,0.0
18218,2022-08,0,0,0,0.0
18218,2022-09,0,0,0,0.0
18218,2022-10,0,0,0,0.0
18218,2022-11,0,0,0,0.0
18218,2022-12,0,0,0,0.0
18219,2022-01,0,0,0,0.0
18219,2022-02,0,0,0,0.0
18219,2022-03,0,0,0,0.0
18219,2022-04,0,0,0,0.0
18219,2022-05,0,0,0,0.0
18219,2022-06,0,0,0,0.0
18219,2022-07,0,0,0,0.0
18219,2022-08,0,0,0,0.0
18219,2022-09,0,0,0,0.0
18219,2022-10,0,0,0,0.0
18219,2022-11,0,0,0,0.0
18219,2022-12,0,0,0,0.0
18220,2022-01,0,0,0,0.0
18220,2022-02,0,0,0,0.0
18220,2022-03,0,0,0,0.0
18220,2022-04,0,0,0,0.0
18220,2022-05,0,0,0,0.0
18220,2022-06,0,0,0,0.0
18220,2022-07,0,0,0,0.0
18220,2022-08,0,0,0,0.0
18220,2022-09,0,0,0,0.0
18220,2022-10,0,0,0,0.0
18220,2022-11,0,0,0,0.0
18220,2022-12,0,0,0,0.0
18221,2022-01,0,0,0,0.0
18221,2022-02,0,0,0,0.0
18221,2022-03,0,0,0,0.0
18221,2022-04,0,0,0,0.0
18221,2022-05,0,0,0,0.0
18221,2022-06,0,0,0,0.0
18221,2022-07,0,0,0,0.0
18221,2022-08,0,0,0,0.0
18221,2022-09,0,0,0,0.0
18221,2022-10,0,0,0,0.0
18221,2022-11,0,0,0,0.0
18221,2022-12,0,0,0,0.0
18222,2022-01,0,0,0,0.0
18222,2022-02,0,0,0,0.0
18222,2022-03,0,0,0,0.0
18222,2022-04,0,0,0,0.0
18222,2022-05,0,0,0,0.0
18222,2022-06,0,0,0,1.0
18222,2022-07,0,0,0,0.0
18222,2022-08,0,0,0,0.0
18222,2022-09,0,0,0,0.0
18222,2022-10,0,0,0,0.0
18222,2022-11,0,0,0,0.0
18222,2022-12,0,0,0,0.0
18223,2022-01,0,0,0,0.0
18223,2022-02,0,0,0,0.0
18223,2022-03,0,0,0,0.0
18223,2022-04,0,0,0,0.0
18223,2022-05,0,0,0,0.0
18223,2022-06,0,0,0,1.0
18223,2022-07,0,0,0,0.0
18223,2022-08,0,0,0,0.0
18223,2022-09,0,0,0,0.0
18223,2022-10,0,0,0,0.0
18223,2022-11,0,0,0,0.0
18223,2022-12,0,0,0,0.0
18224,2022-01,0,0,0,0.0
18224,2022-02,0,0,0,0.0
18224,2022-03,0,0,0,0.0
18224,2022-04,0,0,0,0.0
18224,2022-05,0,0,0,0.0
18224,2022-06,0,0,0,1.0
18224,2022-07,0,0,0,0.0
18224,2022-08,0,0,0,0.0
18224,2022-09,0,0,0,0.0
18224,2022-10,0,0,0,0.0
18224,2022-11,0,0,0,0.0
18224,2022-12,0,0,0,0.0
18225,2022-01,0,0,0,0.0
18225,2022-02,0,0,0,0.0
18225,2022-03,0,0,0,0.0
18225,2022-04,0,0,0,0.0
18225,2022-05,0,0,0,0.0
18225,2022-06,0,0,0,0.0
18225,2022-07,0,0,0,0.0
18225,2022-08,0,0,0,0.0
18225,2022-09,0,0,0,0.0
18225,2022-10,0,0,0,0.0
18225,2022-11,0,0,0,0.0
18225,2022-12,0,0,0,0.0
18229,2022-01,Carbon,0,0,0.0
18229,2022-02,Carbon,0,0,0.0
18229,2022-03,Carbon,0,1,0.0
18229,2022-04,Carbon,0,0,0.0
18229,2022-05,Carbon,0,0,0.0
18229,2022-06,Carbon,0,0,0.0
18229,2022-07,Carbon,0,0,0.0
18229,2022-08,Carbon,0,0,0.0
18229,2022-09,Carbon,0,0,0.0
18229,2022-10,Carbon,0,0,0.0
18229,2022-11,Carbon,0,0,0.0
18229,2022-12,Carbon,0,0,0.0
18230,2022-01,0,0,0,0.0
18230,2022-02,0,0,0,0.0
18230,2022-03,0,0,0,0.0
18230,2022-04,0,0,0,0.0
18230,2022-05,0,0,0,0.0
18230,2022-06,0,0,0,1.0
18230,2022-07,0,0,0,0.0
18230,2022-08,0,0,0,0.0
18230,2022-09,0,0,0,0.0
18230,2022-10,0,0,0,0.0
18230,2022-11,0,0,0,0.0
18230,2022-12,0,0,0,0.0
18231,2022-01,0,0,0,0.0
18231,2022-02,0,0,0,0.0
18231,2022-03,0,0,0,0.0
18231,2022-04,0,0,0,0.0
18231,2022-05,0,0,0,0.0
18231,2022-06,0,0,0,1.0
18231,2022-07,0,0,0,0.0
18231,2022-08,0,0,0,0.0
18231,2022-09,0,0,0,0.0
18231,2022-10,0,0,0,0.0
18231,2022-11,0,0,0,0.0
18231,2022-12,0,0,0,0.0
18232,2022-01,0,0,0,0.0
18232,2022-02,0,0,0,0.0
18232,2022-03,0,0,0,0.0
18232,2022-04,0,0,0,0.0
18232,2022-05,0,0,0,0.0
18232,2022-06,0,0,0,0.0
18232,2022-07,0,0,0,0.0
18232,2022-08,0,0,0,0.0
18232,2022-09,0,0,0,0.0
18232,2022-10,0,0,0,0.0
18232,2022-11,0,0,0,0.0
18232,2022-12,0,0,0,0.0
18234,2022-01,0,0,0,0.0
18234,2022-02,0,0,0,0.0
18234,2022-03,0,0,0,0.0
18234,2022-04,0,0,0,0.0
18234,2022-05,0,0,0,0.0
18234,2022-06,0,0,0,1.0
18234,2022-07,0,0,0,0.0
18234,2022-08,0,0,0,0.0
18234,2022-09,0,0,0,0.0
18234,2022-10,0,0,0,0.0
18234,2022-11,0,0,0,0.0
18234,2022-12,0,0,0,0.0
18235,2022-01,0,0,0,0.0
18235,2022-02,0,0,0,0.0
18235,2022-03,0,0,0,1.0
18235,2022-04,0,0,0,0.0
18235,2022-05,0,0,0,0.0
18235,2022-06,0,0,0,0.0
18235,2022-07,0,0,0,0.0
18235,2022-08,0,0,0,0.0
18235,2022-09,0,0,0,0.0
18235,2022-10,0,0,0,0.0
18235,2022-11,0,0,0,0.0
18235,2022-12,0,0,0,0.0
18237,2022-01,0,0,0,0.0
18237,2022-02,0,0,0,0.0
18237,2022-03,0,0,0,0.0
18237,2022-04,0,0,0,0.0
18237,2022-05,0,0,0,0.0
18237,2022-06,0,0,0,1.0
18237,2022-07,0,0,0,0.0
18237,2022-08,0,0,0,0.0
18237,2022-09,0,0,0,0.0
18237,2022-10,0,0,0,0.0
18237,2022-11,0,0,0,0.0
18237,2022-12,0,0,0,0.0
18239,2022-01,0,0,0,0.0
18239,2022-02,0,0,0,0.0
18239,2022-03,0,0,0,0.0
18239,2022-04,0,0,0,0.0
18239,2022-05,0,0,0,0.0
18239,2022-06,0,0,0,0.0
18239,2022-07,0,0,0,0.0
18239,2022-08,0,0,0,0.0
18239,2022-09,0,0,0,0.0
18239,2022-10,0,0,0,0.0
18239,2022-11,0,0,0,0.0
18239,2022-12,0,0,0,0.0
18240,2022-01,0,0,0,0.0
18240,2022-02,0,0,0,0.0
18240,2022-03,0,0,0,1.0
18240,2022-04,0,0,0,0.0
18240,2022-05,0,0,0,0.0
18240,2022-06,0,0,0,0.0
18240,2022-07,0,0,0,0.0
18240,2022-08,0,0,0,0.0
18240,2022-09,0,0,0,0.0
18240,2022-10,0,0,0,0.0
18240,2022-11,0,0,0,0.0
18240,2022-12,0,0,0,0.0
18241,2022-01,0,0,0,0.0
18241,2022-02,0,0,0,0.0
18241,2022-03,0,0,0,0.0
18241,2022-04,0,0,0,0.0
18241,2022-05,0,0,0,0.0
18241,2022-06,0,0,0,0.0
18241,2022-07,0,0,0,0.0
18241,2022-08,0,0,0,0.0
18241,2022-09,0,0,0,0.0
18241,2022-10,0,0,0,0.0
18241,2022-11,0,0,0,0.0
18241,2022-12,0,0,0,0.0
18242,2022-01,0,0,0,0.0
18242,2022-02,0,0,0,0.0
18242,2022-03,0,0,0,0.0
18242,2022-04,0,0,0,0.0
18242,2022-05,0,0,0,0.0
18242,2022-06,0,0,0,0.0
18242,2022-07,0,0,0,0.0
18242,2022-08,0,0,0,0.0
18242,2022-09,0,0,0,0.0
18242,2022-10,0,0,0,0.0
18242,2022-11,0,0,0,0.0
18242,2022-12,0,0,0,0.0
18244,2022-01,0,0,0,0.0
18244,2022-02,0,0,0,0.0
18244,2022-03,0,0,0,0.0
18244,2022-04,0,0,0,0.0
18244,2022-05,0,0,0,0.0
18244,2022-06,0,0,0,0.0
18244,2022-07,0,0,0,0.0
18244,2022-08,0,0,0,0.0
18244,2022-09,0,0,0,0.0
18244,2022-10,0,0,0,0.0
18244,2022-11,0,0,0,0.0
18244,2022-12,0,0,0,0.0
18245,2022-01,0,0,0,0.0
18245,2022-02,0,0,0,0.0
18245,2022-03,0,0,0,0.0
18245,2022-04,0,0,0,0.0
18245,2022-05,0,0,0,0.0
18245,2022-06,0,0,0,0.0
18245,2022-07,0,0,0,0.0
18245,2022-08,0,0,0,0.0
18245,2022-09,0,0,0,0.0
18245,2022-10,0,0,0,0.0
18245,2022-11,0,0,0,0.0
18245,2022-12,0,0,0,0.0
18246,2022-01,0,0,0,0.0
18246,2022-02,0,0,0,0.0
18246,2022-03,0,0,0,0.0
18246,2022-04,0,0,0,0.0
18246,2022-05,0,0,0,1.0
18246,2022-06,0,0,0,2.0
18246,2022-07,0,0,0,0.0
18246,2022-08,0,0,0,0.0
18246,2022-09,0,0,0,0.0
18246,2022-10,0,0,0,0.0
18246,2022-11,0,0,0,0.0
18246,2022-12,0,0,0,5.0
18248,2022-01,0,0,0,0.0
18248,2022-02,0,0,0,0.0
18248,2022-03,0,0,0,0.0
18248,2022-04,0,0,0,0.0
18248,2022-05,0,0,0,0.0
18248,2022-06,0,0,0,1.0
18248,2022-07,0,0,0,0.0
18248,2022-08,0,0,0,0.0
18248,2022-09,0,0,0,0.0
18248,2022-10,0,0,0,0.0
18248,2022-11,0,0,0,0.0
18248,2022-12,0,0,0,0.0
18249,2022-01,0,0,0,0.0
18249,2022-02,0,0,0,0.0
18249,2022-03,0,0,0,0.0
18249,2022-04,0,0,0,0.0
18249,2022-05,0,0,0,1.0
18249,2022-06,0,0,0,2.0
18249,2022-07,0,0,0,0.0
18249,2022-08,0,0,0,0.0
18249,2022-09,0,0,0,0.0
18249,2022-10,0,0,0,0.0
18249,2022-11,0,0,0,0.0
18249,2022-12,0,0,0,5.0
18250,2022-01,0,0,0,0.0
18250,2022-02,0,0,0,0.0
18250,2022-03,0,0,0,1.0
18250,2022-04,0,0,0,0.0
18250,2022-05,0,0,0,0.0
18250,2022-06,0,0,0,0.0
18250,2022-07,0,0,0,0.0
18250,2022-08,0,0,0,0.0
18250,2022-09,0,0,0,0.0
18250,2022-10,0,0,0,0.0
18250,2022-11,0,0,0,0.0
18250,2022-12,0,0,0,0.0
18252,2022-01,0,0,0,0.0
18252,2022-02,0,0,0,0.0
18252,2022-03,0,0,0,0.0
18252,2022-04,0,0,0,0.0
18252,2022-05,0,0,0,1.0
18252,2022-06,0,0,0,1.0
18252,2022-07,0,0,0,0.0
18252,2022-08,0,0,0,0.0
18252,2022-09,0,0,0,2.0
18252,2022-10,0,0,0,0.0
18252,2022-11,0,0,0,0.0
18252,2022-12,0,0,0,0.0
18254,2022-01,0,0,0,0.0
18254,2022-02,0,0,0,0.0
18254,2022-03,0,0,0,0.0
18254,2022-04,0,0,0,0.0
18254,2022-05,0,0,0,0.0
18254,2022-06,0,0,0,1.0
18254,2022-07,0,0,0,0.0
18254,2022-08,0,0,0,0.0
18254,2022-09,0,0,0,0.0
18254,2022-10,0,0,0,0.0
18254,2022-11,0,0,0,0.0
18254,2022-12,0,0,0,0.0
18255,2022-01,0,0,0,0.0
18255,2022-02,0,0,0,0.0
18255,2022-03,0,0,0,1.0
18255,2022-04,0,0,0,0.0
18255,2022-05,0,0,0,0.0
18255,2022-06,0,0,0,1.0
18255,2022-07,0,0,0,0.0
18255,2022-08,0,0,0,0.0
18255,2022-09,0,0,0,0.0
18255,2022-10,0,0,0,0.0
18255,2022-11,0,0,0,0.0
18255,2022-12,0,0,0,0.0
18256,2022-01,0,0,0,0.0
18256,2022-02,0,0,0,0.0
18256,2022-03,0,0,0,0.0
18256,2022-04,0,0,0,0.0
18256,2022-05,0,0,0,0.0
18256,2022-06,0,0,0,0.0
18256,2022-07,0,0,0,0.0
18256,2022-08,0,0,0,0.0
18256,2022-09,0,0,0,0.0
18256,2022-10,0,0,0,0.0
18256,2022-11,0,0,0,0.0
18256,2022-12,0,0,0,0.0
18301,2022-01,Monroe,0,0,0.0
18301,2022-02,Monroe,0,0,1.0
18301,2022-03,Monroe,0,0,0.0
18301,2022-04,Monroe,0,1,0.0
18301,2022-05,Monroe,0,0,0.0
18301,2022-06,Monroe,0,0,2.0
18301,2022-07,Monroe,0,0,0.0
18301,2022-08,Monroe,0,0,0.0
18301,2022-09,Monroe,0,1,0.0
18301,2022-10,Monroe,0,0,0.0
18301,2022-11,Monroe,0,0,0.0
18301,2022-12,Monroe,0,0,0.0
18302,2022-01,0,0,0,0.0
18302,2022-02,0,0,0,0.0
18302,2022-03,0,0,0,0.0
18302,2022-04,0,0,0,1.0
18302,2022-05,0,0,0,0.0
18302,2022-06,0,0,0,0.0
18302,2022-07,0,0,0,0.0
18302,2022-08,0,0,0,0.0
18302,2022-09,0,0,0,1.0
18302,2022-10,0,0,0,0.0
18302,2022-11,0,0,0,0.0
18302,2022-12,0,0,0,0.0
18321,2022-01,0,0,0,0.0
18321,2022-02,0,0,0,1.0
18321,2022-03,0,0,0,0.0
18321,2022-04,0,0,0,1.0
18321,2022-05,0,0,0,0.0
18321,2022-06,0,0,0,2.0
18321,2022-07,0,0,0,0.0
18321,2022-08,0,0,0,0.0
18321,2022-09,0,0,0,1.0
18321,2022-10,0,0,0,0.0
18321,2022-11,0,0,0,0.0
18321,2022-12,0,0,0,0.0
18322,2022-01,0,0,0,0.0
18322,2022-02,0,0,0,1.0
18322,2022-03,0,0,0,0.0
18322,2022-04,0,0,0,0.0
18322,2022-05,0,0,0,0.0
18322,2022-06,0,0,0,2.0
18322,2022-07,0,0,0,0.0
18322,2022-08,0,0,0,0.0
18322,2022-09,0,0,0,0.0
18322,2022-10,0,0,0,0.0
18322,2022-11,0,0,0,0.0
18322,2022-12,0,0,0,0.0
18323,2022-01,0,0,0,0.0
18323,2022-02,0,0,0,0.0
18323,2022-03,0,0,0,0.0
18323,2022-04,0,0,0,0.0
18323,2022-05,0,0,0,0.0
18323,2022-06,0,0,0,0.0
18323,2022-07,0,0,0,0.0
18323,2022-08,0,0,0,0.0
18323,2022-09,0,0,0,0.0
18323,2022-10,0,0,0,0.0
18323,2022-11,0,0,0,0.0
18323,2022-12,0,0,0,0.0
18324,2022-01,0,0,0,0.0
18324,2022-02,0,0,0,0.0
18324,2022-03,0,0,0,0.0
18324,2022-04,0,0,0,0.0
18324,2022-05,0,0,0,0.0
18324,2022-06,0,0,0,0.0
18324,2022-07,0,0,0,0.0
18324,2022-08,0,0,0,0.0
18324,2022-09,0,0,0,0.0
18324,2022-10,0,0,0,0.0
18324,2022-11,0,0,0,0.0
18324,2022-12,0,0,0,0.0
18325,2022-01,0,0,0,0.0
18325,2022-02,0,0,0,0.0
18325,2022-03,0,0,0,0.0
18325,2022-04,0,0,0,0.0
18325,2022-05,0,0,0,0.0
18325,2022-06,0,0,0,0.0
18325,2022-07,0,0,0,0.0
18325,2022-08,0,0,0,0.0
18325,2022-09,0,0,0,0.0
18325,2022-10,0,0,0,0.0
18325,2022-11,0,0,0,0.0
18325,2022-12,0,0,0,0.0
18326,2022-01,0,0,0,0.0
18326,2022-02,0,0,0,0.0
18326,2022-03,0,0,0,0.0
18326,2022-04,0,0,0,0.0
18326,2022-05,0,0,0,0.0
18326,2022-06,0,0,0,0.0
18326,2022-07,0,0,0,0.0
18326,2022-08,0,0,0,0.0
18326,2022-09,0,0,0,0.0
18326,2022-10,0,0,0,0.0
18326,2022-11,0,0,0,0.0
18326,2022-12,0,0,0,0.0
18327,2022-01,0,0,0,0.0
18327,2022-02,0,0,0,1.0
18327,2022-03,0,0,0,0.0
18327,2022-04,0,0,0,1.0
18327,2022-05,0,0,0,0.0
18327,2022-06,0,0,0,2.0
18327,2022-07,0,0,0,0.0
18327,2022-08,0,0,0,0.0
18327,2022-09,0,0,0,1.0
18327,2022-10,0,0,0,0.0
18327,2022-11,0,0,0,0.0
18327,2022-12,0,0,0,0.0
18328,2022-01,0,0,0,0.0
18328,2022-02,0,0,0,0.0
18328,2022-03,0,0,0,0.0
18328,2022-04,0,0,0,0.0
18328,2022-05,0,0,0,0.0
18328,2022-06,0,0,0,0.0
18328,2022-07,0,0,0,0.0
18328,2022-08,0,0,0,0.0
18328,2022-09,0,0,0,0.0
18328,2022-10,0,0,0,0.0
18328,2022-11,0,0,0,0.0
18328,2022-12,0,0,0,0.0
18330,2022-01,0,0,0,0.0
18330,2022-02,0,0,0,1.0
18330,2022-03,0,0,0,0.0
18330,2022-04,0,0,0,0.0
18330,2022-05,0,0,0,0.0
18330,2022-06,0,0,0,2.0
18330,2022-07,0,0,0,0.0
18330,2022-08,0,0,0,0.0
18330,2022-09,0,0,0,0.0
18330,2022-10,0,0,0,0.0
18330,2022-11,0,0,0,0.0
18330,2022-12,0,0,0,0.0
18331,2022-01,0,0,0,0.0
18331,2022-02,0,0,0,0.0
18331,2022-03,0,0,0,0.0
18331,2022-04,0,0,0,0.0
18331,2022-05,0,0,0,0.0
18331,2022-06,0,0,0,0.0
18331,2022-07,0,0,0,0.0
18331,2022-08,0,0,0,0.0
18331,2022-09,0,0,0,0.0
18331,2022-10,0,0,0,0.0
18331,2022-11,0,0,0,0.0
18331,2022-12,0,0,0,0.0
18332,2022-01,0,0,0,0.0
18332,2022-02,0,0,0,0.0
18332,2022-03,0,0,0,0.0
18332,2022-04,0,0,0,1.0
18332,2022-05,0,0,0,0.0
18332,2022-06,0,0,0,0.0
18332,2022-07,0,0,0,0.0
18332,2022-08,0,0,0,0.0
18332,2022-09,0,0,0,1.0
18332,2022-10,0,0,0,0.0
18332,2022-11,0,0,0,0.0
18332,2022-12,0,0,0,0.0
18333,2022-01,0,0,0,0.0
18333,2022-02,0,0,0,0.0
18333,2022-03,0,0,0,0.0
18333,2022-04,0,0,0,0.0
18333,2022-05,0,0,0,0.0
18333,2022-06,0,0,0,0.0
18333,2022-07,0,0,0,0.0
18333,2022-08,0,0,0,0.0
18333,2022-09,0,0,0,0.0
18333,2022-10,0,0,0,0.0
18333,2022-11,0,0,0,0.0
18333,2022-12,0,0,0,0.0
18334,2022-01,0,0,0,0.0
18334,2022-02,0,0,0,1.0
18334,2022-03,0,0,0,0.0
18334,2022-04,0,0,0,0.0
18334,2022-05,0,0,0,0.0
18334,2022-06,0,0,0,2.0
18334,2022-07,0,0,0,0.0
18334,2022-08,0,0,0,0.0
18334,2022-09,0,0,0,0.0
18334,2022-10,0,0,0,0.0
18334,2022-11,0,0,0,0.0
18334,2022-12,0,0,0,0.0
18335,2022-01,0,0,0,0.0
18335,2022-02,0,0,0,0.0
18335,2022-03,0,0,0,0.0
18335,2022-04,0,0,0,1.0
18335,2022-05,0,0,0,0.0
18335,2022-06,0,0,0,0.0
18335,2022-07,0,0,0,0.0
18335,2022-08,0,0,0,0.0
18335,2022-09,0,0,0,1.0
18335,2022-10,0,0,0,0.0
18335,2022-11,0,0,0,0.0
18335,2022-12,0,0,0,0.0
18336,2022-01,0,0,0,0.0
18336,2022-02,0,0,0,0.0
18336,2022-03,0,0,0,0.0
18336,2022-04,0,0,0,0.0
18336,2022-05,0,0,0,0.0
18336,2022-06,0,0,0,0.0
18336,2022-07,0,0,0,0.0
18336,2022-08,0,0,0,0.0
18336,2022-09,0,0,0,0.0
18336,2022-10,0,0,0,0.0
18336,2022-11,0,0,0,0.0
18336,2022-12,0,0,0,0.0
18337,2022-01,0,0,0,0.0
18337,2022-02,0,0,0,0.0
18337,2022-03,0,0,0,0.0
18337,2022-04,0,0,0,0.0
18337,2022-05,0,0,0,0.0
18337,2022-06,0,0,0,0.0
18337,2022-07,0,0,0,0.0
18337,2022-08,0,0,0,0.0
18337,2022-09,0,0,0,0.0
18337,2022-10,0,0,0,0.0
18337,2022-11,0,0,0,0.0
18337,2022-12,0,0,0,0.0
18340,2022-01,0,0,0,0.0
18340,2022-02,0,0,0,0.0
18340,2022-03,0,0,0,0.0
18340,2022-04,0,0,0,0.0
18340,2022-05,0,0,0,0.0
18340,2022-06,0,0,0,0.0
18340,2022-07,0,0,0,0.0
18340,2022-08,0,0,0,0.0
18340,2022-09,0,0,0,0.0
18340,2022-10,0,0,0,0.0
18340,2022-11,0,0,0,0.0
18340,2022-12,0,0,0,0.0
18342,2022-01,0,0,0,0.0
18342,2022-02,0,0,0,0.0
18342,2022-03,0,0,0,0.0
18342,2022-04,0,0,0,0.0
18342,2022-05,0,0,0,0.0
18342,2022-06,0,0,0,0.0
18342,2022-07,0,0,0,0.0
18342,2022-08,0,0,0,0.0
18342,2022-09,0,0,0,0.0
18342,2022-10,0,0,0,0.0
18342,2022-11,0,0,0,0.0
18342,2022-12,0,0,0,0.0
18343,2022-01,0,0,0,0.0
18343,2022-02,0,0,0,1.0
18343,2022-03,0,0,0,1.0
18343,2022-04,0,0,0,0.0
18343,2022-05,0,0,0,0.0
18343,2022-06,0,0,0,2.0
18343,2022-07,0,0,0,0.0
18343,2022-08,0,0,0,0.0
18343,2022-09,0,0,0,0.0
18343,2022-10,0,0,0,0.0
18343,2022-11,0,0,0,0.0
18343,2022-12,0,0,0,0.0
18344,2022-01,0,0,0,0.0
18344,2022-02,0,0,0,0.0
18344,2022-03,0,0,0,0.0
18344,2022-04,0,0,0,0.0
18344,2022-05,0,0,0,0.0
18344,2022-06,0,0,0,0.0
18344,2022-07,0,0,0,0.0
18344,2022-08,0,0,0,0.0
18344,2022-09,0,0,0,0.0
18344,2022-10,0,0,0,0.0
18344,2022-11,0,0,0,0.0
18344,2022-12,0,0,0,0.0
18346,2022-01,0,0,0,0.0
18346,2022-02,0,0,0,0.0
18346,2022-03,0,0,0,0.0
18346,2022-04,0,0,0,0.0
18346,2022-05,0,0,0,0.0
18346,2022-06,0,0,0,0.0
18346,2022-07,0,0,0,0.0
18346,2022-08,0,0,0,0.0
18346,2022-09,0,0,0,0.0
18346,2022-10,0,0,0,0.0
18346,2022-11,0,0,0,0.0
18346,2022-12,0,0,0,0.0
18347,2022-01,0,0,0,0.0
18347,2022-02,0,0,0,0.0
18347,2022-03,0,0,0,0.0
18347,2022-04,0,0,0,0.0
18347,2022-05,0,0,0,0.0
18347,2022-06,0,0,0,0.0
18347,2022-07,0,0,0,0.0
18347,2022-08,0,0,0,0.0
18347,2022-09,0,0,0,0.0
18347,2022-10,0,0,0,0.0
18347,2022-11,0,0,0,0.0
18347,2022-12,0,0,0,0.0
18349,2022-01,0,0,0,0.0
18349,2022-02,0,0,0,0.0
18349,2022-03,0,0,0,0.0
18349,2022-04,0,0,0,0.0
18349,2022-05,0,0,0,0.0
18349,2022-06,0,0,0,0.0
18349,2022-07,0,0,0,0.0
18349,2022-08,0,0,0,0.0
18349,2022-09,0,0,0,0.0
18349,2022-10,0,0,0,0.0
18349,2022-11,0,0,0,0.0
18349,2022-12,0,0,0,0.0
18350,2022-01,0,0,0,0.0
18350,2022-02,0,0,0,0.0
18350,2022-03,0,0,0,0.0
18350,2022-04,0,0,0,0.0
18350,2022-05,0,0,0,0.0
18350,2022-06,0,0,0,0.0
18350,2022-07,0,0,0,0.0
18350,2022-08,0,0,0,0.0
18350,2022-09,0,0,0,0.0
18350,2022-10,0,0,0,0.0
18350,2022-11,0,0,0,0.0
18350,2022-12,0,0,0,0.0
18351,2022-01,0,0,0,0.0
18351,2022-02,0,0,0,0.0
18351,2022-03,0,0,0,0.0
18351,2022-04,0,0,0,0.0
18351,2022-05,0,0,0,0.0
18351,2022-06,0,0,0,0.0
18351,2022-07,0,0,0,0.0
18351,2022-08,0,0,0,0.0
18351,2022-09,0,0,0,0.0
18351,2022-10,0,0,0,0.0
18351,2022-11,0,0,0,0.0
18351,2022-12,0,0,0,0.0
18353,2022-01,0,0,0,0.0
18353,2022-02,0,0,0,1.0
18353,2022-03,0,0,0,0.0
18353,2022-04,0,0,0,0.0
18353,2022-05,0,0,0,0.0
18353,2022-06,0,0,0,2.0
18353,2022-07,0,0,0,0.0
18353,2022-08,0,0,0,0.0
18353,2022-09,0,0,0,0.0
18353,2022-10,0,0,0,0.0
18353,2022-11,0,0,0,0.0
18353,2022-12,0,0,0,0.0
18354,2022-01,0,0,0,0.0
18354,2022-02,0,0,0,1.0
18354,2022-03,0,0,0,0.0
18354,2022-04,0,0,0,0.0
18354,2022-05,0,0,0,0.0
18354,2022-06,0,0,0,2.0
18354,2022-07,0,0,0,0.0
18354,2022-08,0,0,0,0.0
18354,2022-09,0,0,0,0.0
18354,2022-10,0,0,0,0.0
18354,2022-11,0,0,0,0.0
18354,2022-12,0,0,0,0.0
18355,2022-01,0,0,0,0.0
18355,2022-02,0,0,0,1.0
18355,2022-03,0,0,0,0.0
18355,2022-04,0,0,0,0.0
18355,2022-05,0,0,0,0.0
18355,2022-06,0,0,0,2.0
18355,2022-07,0,0,0,0.0
18355,2022-08,0,0,0,0.0
18355,2022-09,0,0,0,0.0
18355,2022-10,0,0,0,0.0
18355,2022-11,0,0,0,0.0
18355,2022-12,0,0,0,0.0
18356,2022-01,0,0,0,0.0
18356,2022-02,0,0,0,0.0
18356,2022-03,0,0,0,0.0
18356,2022-04,0,0,0,1.0
18356,2022-05,0,0,0,0.0
18356,2022-06,0,0,0,0.0
18356,2022-07,0,0,0,0.0
18356,2022-08,0,0,0,0.0
18356,2022-09,0,0,0,1.0
18356,2022-10,0,0,0,0.0
18356,2022-11,0,0,0,0.0
18356,2022-12,0,0,0,0.0
18357,2022-01,0,0,0,0.0
18357,2022-02,0,0,0,0.0
18357,2022-03,0,0,0,0.0
18357,2022-04,0,0,0,0.0
18357,2022-05,0,0,0,0.0
18357,2022-06,0,0,0,0.0
18357,2022-07,0,0,0,0.0
18357,2022-08,0,0,0,0.0
18357,2022-09,0,0,0,0.0
18357,2022-10,0,0,0,0.0
18357,2022-11,0,0,0,0.0
18357,2022-12,0,0,0,0.0
18360,2022-01,Monroe,0,0,0.0
18360,2022-02,Monroe,0,1,0.0
18360,2022-03,Monroe,0,0,1.0
18360,2022-04,Monroe,0,0,1.0
18360,2022-05,Monroe,0,0,0.0
18360,2022-06,Monroe,0,2,0.0
18360,2022-07,Monroe,0,0,0.0
18360,2022-08,Monroe,0,0,0.0
18360,2022-09,Monroe,0,0,1.0
18360,2022-10,Monroe,0,0,0.0
18360,2022-11,Monroe,0,0,0.0
18360,2022-12,Monroe,0,0,0.0
18370,2022-01,0,0,0,0.0
18370,2022-02,0,0,0,0.0
18370,2022-03,0,0,0,0.0
18370,2022-04,0,0,0,0.0
18370,2022-05,0,0,0,0.0
18370,2022-06,0,0,0,0.0
18370,2022-07,0,0,0,0.0
18370,2022-08,0,0,0,0.0
18370,2022-09,0,0,0,0.0
18370,2022-10,0,0,0,0.0
18370,2022-11,0,0,0,0.0
18370,2022-12,0,0,0,0.0
18371,2022-01,0,0,0,0.0
18371,2022-02,0,0,0,0.0
18371,2022-03,0,0,0,0.0
18371,2022-04,0,0,0,0.0
18371,2022-05,0,0,0,0.0
18371,2022-06,0,0,0,0.0
18371,2022-07,0,0,0,0.0
18371,2022-08,0,0,0,0.0
18371,2022-09,0,0,0,0.0
18371,2022-10,0,0,0,0.0
18371,2022-11,0,0,0,0.0
18371,2022-12,0,0,0,0.0
18372,2022-01,0,0,0,0.0
18372,2022-02,0,0,0,1.0
18372,2022-03,0,0,0,0.0
18372,2022-04,0,0,0,1.0
18372,2022-05,0,0,0,0.0
18372,2022-06,0,0,0,2.0
18372,2022-07,0,0,0,0.0
18372,2022-08,0,0,0,0.0
18372,2022-09,0,0,0,1.0
18372,2022-10,0,0,0,0.0
18372,2022-11,0,0,0,0.0
18372,2022-12,0,0,0,0.0
18403,2022-01,0,0,0,0.0
18403,2022-02,0,0,0,0.0
18403,2022-03,0,0,0,0.0
18403,2022-04,0,0,0,0.0
18403,2022-05,0,0,0,0.0
18403,2022-06,0,0,0,0.0
18403,2022-07,0,0,0,0.0
18403,2022-08,0,0,0,0.0
18403,2022-09,0,0,0,0.0
18403,2022-10,0,0,0,0.0
18403,2022-11,0,0,0,0.0
18403,2022-12,0,0,0,0.0
18405,2022-01,0,0,0,0.0
18405,2022-02,0,0,0,0.0
18405,2022-03,0,0,0,0.0
18405,2022-04,0,0,0,0.0
18405,2022-05,0,0,0,0.0
18405,2022-06,0,0,0,0.0
18405,2022-07,0,0,0,0.0
18405,2022-08,0,0,0,0.0
18405,2022-09,0,0,0,0.0
18405,2022-10,0,0,0,0.0
18405,2022-11,0,0,0,0.0
18405,2022-12,0,0,0,0.0
18407,2022-01,0,0,0,0.0
18407,2022-02,0,0,0,0.0
18407,2022-03,0,0,0,0.0
18407,2022-04,0,0,0,0.0
18407,2022-05,0,0,0,0.0
18407,2022-06,0,0,0,0.0
18407,2022-07,0,0,0,0.0
18407,2022-08,0,0,0,0.0
18407,2022-09,0,0,0,0.0
18407,2022-10,0,0,0,0.0
18407,2022-11,0,0,0,0.0
18407,2022-12,0,0,0,0.0
18411,2022-01,0,0,0,0.0
18411,2022-02,0,0,0,0.0
18411,2022-03,0,0,0,0.0
18411,2022-04,0,0,0,0.0
18411,2022-05,0,0,0,0.0
18411,2022-06,0,0,0,0.0
18411,2022-07,0,0,0,0.0
18411,2022-08,0,0,0,0.0
18411,2022-09,0,0,0,0.0
18411,2022-10,0,0,0,0.0
18411,2022-11,0,0,0,0.0
18411,2022-12,0,0,0,0.0
18413,2022-01,0,0,0,0.0
18413,2022-02,0,0,0,0.0
18413,2022-03,0,0,0,0.0
18413,2022-04,0,0,0,0.0
18413,2022-05,0,0,0,0.0
18413,2022-06,0,0,0,0.0
18413,2022-07,0,0,0,0.0
18413,2022-08,0,0,0,0.0
18413,2022-09,0,0,0,0.0
18413,2022-10,0,0,0,0.0
18413,2022-11,0,0,0,0.0
18413,2022-12,0,0,0,0.0
18414,2022-01,0,0,0,0.0
18414,2022-02,0,0,0,0.0
18414,2022-03,0,0,0,0.0
18414,2022-04,0,0,0,0.0
18414,2022-05,0,0,0,0.0
18414,2022-06,0,0,0,0.0
18414,2022-07,0,0,0,0.0
18414,2022-08,0,0,0,0.0
18414,2022-09,0,0,0,0.0
18414,2022-10,0,0,0,0.0
18414,2022-11,0,0,0,0.0
18414,2022-12,0,0,0,0.0
18415,2022-01,0,0,0,0.0
18415,2022-02,0,0,0,0.0
18415,2022-03,0,0,0,0.0
18415,2022-04,0,0,0,0.0
18415,2022-05,0,0,0,0.0
18415,2022-06,0,0,0,0.0
18415,2022-07,0,0,0,0.0
18415,2022-08,0,0,0,0.0
18415,2022-09,0,0,0,0.0
18415,2022-10,0,0,0,0.0
18415,2022-11,0,0,0,0.0
18415,2022-12,0,0,0,0.0
18417,2022-01,0,0,0,0.0
18417,2022-02,0,0,0,0.0
18417,2022-03,0,0,0,0.0
18417,2022-04,0,0,0,0.0
18417,2022-05,0,0,0,0.0
18417,2022-06,0,0,0,0.0
18417,2022-07,0,0,0,0.0
18417,2022-08,0,0,0,0.0
18417,2022-09,0,0,0,0.0
18417,2022-10,0,0,0,0.0
18417,2022-11,0,0,0,0.0
18417,2022-12,0,0,0,0.0
18419,2022-01,0,0,0,0.0
18419,2022-02,0,0,0,0.0
18419,2022-03,0,0,0,0.0
18419,2022-04,0,0,0,0.0
18419,2022-05,0,0,0,0.0
18419,2022-06,0,0,0,1.0
18419,2022-07,0,0,0,0.0
18419,2022-08,0,0,0,0.0
18419,2022-09,0,0,0,0.0
18419,2022-10,0,0,0,0.0
18419,2022-11,0,0,0,0.0
18419,2022-12,0,0,0,0.0
18420,2022-01,0,0,0,0.0
18420,2022-02,0,0,0,0.0
18420,2022-03,0,0,0,0.0
18420,2022-04,0,0,0,0.0
18420,2022-05,0,0,0,0.0
18420,2022-06,0,0,0,0.0
18420,2022-07,0,0,0,0.0
18420,2022-08,0,0,0,0.0
18420,2022-09,0,0,0,0.0
18420,2022-10,0,0,0,0.0
18420,2022-11,0,0,0,0.0
18420,2022-12,0,0,0,0.0
18421,2022-01,0,0,0,0.0
18421,2022-02,0,0,0,0.0
18421,2022-03,0,0,0,0.0
18421,2022-04,0,0,0,0.0
18421,2022-05,0,0,0,0.0
18421,2022-06,0,0,0,0.0
18421,2022-07,0,0,0,0.0
18421,2022-08,0,0,0,0.0
18421,2022-09,0,0,0,0.0
18421,2022-10,0,0,0,0.0
18421,2022-11,0,0,0,0.0
18421,2022-12,0,0,0,0.0
18424,2022-01,0,0,0,0.0
18424,2022-02,0,0,0,0.0
18424,2022-03,0,0,0,0.0
18424,2022-04,0,0,0,0.0
18424,2022-05,0,0,0,0.0
18424,2022-06,0,0,0,0.0
18424,2022-07,0,0,0,0.0
18424,2022-08,0,0,0,0.0
18424,2022-09,0,0,0,0.0
18424,2022-10,0,0,0,0.0
18424,2022-11,0,0,0,0.0
18424,2022-12,0,0,0,0.0
18425,2022-01,0,0,0,0.0
18425,2022-02,0,0,0,0.0
18425,2022-03,0,0,0,0.0
18425,2022-04,0,0,0,0.0
18425,2022-05,0,0,0,0.0
18425,2022-06,0,0,0,0.0
18425,2022-07,0,0,0,0.0
18425,2022-08,0,0,0,0.0
18425,2022-09,0,0,0,0.0
18425,2022-10,0,0,0,0.0
18425,2022-11,0,0,0,0.0
18425,2022-12,0,0,0,0.0
18426,2022-01,0,0,0,0.0
18426,2022-02,0,0,0,0.0
18426,2022-03,0,0,0,0.0
18426,2022-04,0,0,0,0.0
18426,2022-05,0,0,0,0.0
18426,2022-06,0,0,0,0.0
18426,2022-07,0,0,0,0.0
18426,2022-08,0,0,0,0.0
18426,2022-09,0,0,0,0.0
18426,2022-10,0,0,0,0.0
18426,2022-11,0,0,0,0.0
18426,2022-12,0,0,0,0.0
18428,2022-01,0,0,0,0.0
18428,2022-02,0,0,0,0.0
18428,2022-03,0,0,0,0.0
18428,2022-04,0,0,0,0.0
18428,2022-05,0,0,0,0.0
18428,2022-06,0,0,0,0.0
18428,2022-07,0,0,0,0.0
18428,2022-08,0,0,0,0.0
18428,2022-09,0,0,0,0.0
18428,2022-10,0,0,0,0.0
18428,2022-11,0,0,0,0.0
18428,2022-12,0,0,0,0.0
18430,2022-01,0,0,0,0.0
18430,2022-02,0,0,0,0.0
18430,2022-03,0,0,0,0.0
18430,2022-04,0,0,0,0.0
18430,2022-05,0,0,0,0.0
18430,2022-06,0,0,0,0.0
18430,2022-07,0,0,0,0.0
18430,2022-08,0,0,0,0.0
18430,2022-09,0,0,0,0.0
18430,2022-10,0,0,0,0.0
18430,2022-11,0,0,0,0.0
18430,2022-12,0,0,0,0.0
18431,2022-01,0,0,0,0.0
18431,2022-02,0,0,0,0.0
18431,2022-03,0,0,0,0.0
18431,2022-04,0,0,0,0.0
18431,2022-05,0,0,0,0.0
18431,2022-06,0,0,0,0.0
18431,2022-07,0,0,0,0.0
18431,2022-08,0,0,0,0.0
18431,2022-09,0,0,0,0.0
18431,2022-10,0,0,0,0.0
18431,2022-11,0,0,0,0.0
18431,2022-12,0,0,0,0.0
18433,2022-01,0,0,0,0.0
18433,2022-02,0,0,0,0.0
18433,2022-03,0,0,0,0.0
18433,2022-04,0,0,0,0.0
18433,2022-05,0,0,0,0.0
18433,2022-06,0,0,0,0.0
18433,2022-07,0,0,0,0.0
18433,2022-08,0,0,0,0.0
18433,2022-09,0,0,0,0.0
18433,2022-10,0,0,0,0.0
18433,2022-11,0,0,0,0.0
18433,2022-12,0,0,0,0.0
18434,2022-01,0,0,0,0.0
18434,2022-02,0,0,0,0.0
18434,2022-03,0,0,0,0.0
18434,2022-04,0,0,0,0.0
18434,2022-05,0,0,0,0.0
18434,2022-06,0,0,0,0.0
18434,2022-07,0,0,0,0.0
18434,2022-08,0,0,0,0.0
18434,2022-09,0,0,0,0.0
18434,2022-10,0,0,0,0.0
18434,2022-11,0,0,0,0.0
18434,2022-12,0,0,0,0.0
18435,2022-01,0,0,0,0.0
18435,2022-02,0,0,0,0.0
18435,2022-03,0,0,0,0.0
18435,2022-04,0,0,0,0.0
18435,2022-05,0,0,0,0.0
18435,2022-06,0,0,0,0.0
18435,2022-07,0,0,0,0.0
18435,2022-08,0,0,0,0.0
18435,2022-09,0,0,0,0.0
18435,2022-10,0,0,0,0.0
18435,2022-11,0,0,0,0.0
18435,2022-12,0,0,0,0.0
18436,2022-01,0,0,0,0.0
18436,2022-02,0,0,0,0.0
18436,2022-03,0,0,0,0.0
18436,2022-04,0,0,0,0.0
18436,2022-05,0,0,0,0.0
18436,2022-06,0,0,0,0.0
18436,2022-07,0,0,0,0.0
18436,2022-08,0,0,0,0.0
18436,2022-09,0,0,0,0.0
18436,2022-10,0,0,0,0.0
18436,2022-11,0,0,0,0.0
18436,2022-12,0,0,0,0.0
18437,2022-01,0,0,0,0.0
18437,2022-02,0,0,0,0.0
18437,2022-03,0,0,0,0.0
18437,2022-04,0,0,0,0.0
18437,2022-05,0,0,0,0.0
18437,2022-06,0,0,0,0.0
18437,2022-07,0,0,0,0.0
18437,2022-08,0,0,0,0.0
18437,2022-09,0,0,0,0.0
18437,2022-10,0,0,0,0.0
18437,2022-11,0,0,0,0.0
18437,2022-12,0,0,0,0.0
18438,2022-01,0,0,0,0.0
18438,2022-02,0,0,0,0.0
18438,2022-03,0,0,0,0.0
18438,2022-04,0,0,0,0.0
18438,2022-05,0,0,0,0.0
18438,2022-06,0,0,0,0.0
18438,2022-07,0,0,0,0.0
18438,2022-08,0,0,0,0.0
18438,2022-09,0,0,0,0.0
18438,2022-10,0,0,0,0.0
18438,2022-11,0,0,0,0.0
18438,2022-12,0,0,0,0.0
18439,2022-01,0,0,0,0.0
18439,2022-02,0,0,0,0.0
18439,2022-03,0,0,0,0.0
18439,2022-04,0,0,0,0.0
18439,2022-05,0,0,0,0.0
18439,2022-06,0,0,0,0.0
18439,2022-07,0,0,0,0.0
18439,2022-08,0,0,0,0.0
18439,2022-09,0,0,0,0.0
18439,2022-10,0,0,0,0.0
18439,2022-11,0,0,0,0.0
18439,2022-12,0,0,0,0.0
18440,2022-01,0,0,0,0.0
18440,2022-02,0,0,0,0.0
18440,2022-03,0,0,0,0.0
18440,2022-04,0,0,0,0.0
18440,2022-05,0,0,0,0.0
18440,2022-06,0,0,0,0.0
18440,2022-07,0,0,0,0.0
18440,2022-08,0,0,0,0.0
18440,2022-09,0,0,0,0.0
18440,2022-10,0,0,0,0.0
18440,2022-11,0,0,0,0.0
18440,2022-12,0,0,0,0.0
18441,2022-01,0,0,0,0.0
18441,2022-02,0,0,0,0.0
18441,2022-03,0,0,0,0.0
18441,2022-04,0,0,0,0.0
18441,2022-05,0,0,0,0.0
18441,2022-06,0,0,0,0.0
18441,2022-07,0,0,0,0.0
18441,2022-08,0,0,0,0.0
18441,2022-09,0,0,0,0.0
18441,2022-10,0,0,0,0.0
18441,2022-11,0,0,0,0.0
18441,2022-12,0,0,0,0.0
18443,2022-01,0,0,0,0.0
18443,2022-02,0,0,0,0.0
18443,2022-03,0,0,0,0.0
18443,2022-04,0,0,0,0.0
18443,2022-05,0,0,0,0.0
18443,2022-06,0,0,0,0.0
18443,2022-07,0,0,0,0.0
18443,2022-08,0,0,0,0.0
18443,2022-09,0,0,0,0.0
18443,2022-10,0,0,0,0.0
18443,2022-11,0,0,0,0.0
18443,2022-12,0,0,0,0.0
18444,2022-01,0,0,0,0.0
18444,2022-02,0,0,0,0.0
18444,2022-03,0,0,0,0.0
18444,2022-04,0,0,0,0.0
18444,2022-05,0,0,0,0.0
18444,2022-06,0,0,0,0.0
18444,2022-07,0,0,0,0.0
18444,2022-08,0,0,0,0.0
18444,2022-09,0,0,0,0.0
18444,2022-10,0,0,0,0.0
18444,2022-11,0,0,0,0.0
18444,2022-12,0,0,0,0.0
18445,2022-01,0,0,0,0.0
18445,2022-02,0,0,0,0.0
18445,2022-03,0,0,0,0.0
18445,2022-04,0,0,0,0.0
18445,2022-05,0,0,0,0.0
18445,2022-06,0,0,0,0.0
18445,2022-07,0,0,0,0.0
18445,2022-08,0,0,0,0.0
18445,2022-09,0,0,0,0.0
18445,2022-10,0,0,0,0.0
18445,2022-11,0,0,0,0.0
18445,2022-12,0,0,0,0.0
18446,2022-01,0,0,0,0.0
18446,2022-02,0,0,0,0.0
18446,2022-03,0,0,0,0.0
18446,2022-04,0,0,0,0.0
18446,2022-05,0,0,0,0.0
18446,2022-06,0,0,0,1.0
18446,2022-07,0,0,0,0.0
18446,2022-08,0,0,0,0.0
18446,2022-09,0,0,0,0.0
18446,2022-10,0,0,0,0.0
18446,2022-11,0,0,0,0.0
18446,2022-12,0,0,0,0.0
18447,2022-01,0,0,0,0.0
18447,2022-02,0,0,0,0.0
18447,2022-03,0,0,0,0.0
18447,2022-04,0,0,0,0.0
18447,2022-05,0,0,0,0.0
18447,2022-06,0,0,0,0.0
18447,2022-07,0,0,0,0.0
18447,2022-08,0,0,0,0.0
18447,2022-09,0,0,0,0.0
18447,2022-10,0,0,0,0.0
18447,2022-11,0,0,0,0.0
18447,2022-12,0,0,0,0.0
18451,2022-01,0,0,0,0.0
18451,2022-02,0,0,0,0.0
18451,2022-03,0,0,0,0.0
18451,2022-04,0,0,0,0.0
18451,2022-05,0,0,0,0.0
18451,2022-06,0,0,0,0.0
18451,2022-07,0,0,0,0.0
18451,2022-08,0,0,0,0.0
18451,2022-09,0,0,0,0.0
18451,2022-10,0,0,0,0.0
18451,2022-11,0,0,0,0.0
18451,2022-12,0,0,0,0.0
18452,2022-01,0,0,0,0.0
18452,2022-02,0,0,0,0.0
18452,2022-03,0,0,0,0.0
18452,2022-04,0,0,0,0.0
18452,2022-05,0,0,0,0.0
18452,2022-06,0,0,0,0.0
18452,2022-07,0,0,0,0.0
18452,2022-08,0,0,0,0.0
18452,2022-09,0,0,0,0.0
18452,2022-10,0,0,0,0.0
18452,2022-11,0,0,0,0.0
18452,2022-12,0,0,0,0.0
18453,2022-01,0,0,0,0.0
18453,2022-02,0,0,0,0.0
18453,2022-03,0,0,0,0.0
18453,2022-04,0,0,0,0.0
18453,2022-05,0,0,0,0.0
18453,2022-06,0,0,0,0.0
18453,2022-07,0,0,0,0.0
18453,2022-08,0,0,0,0.0
18453,2022-09,0,0,0,0.0
18453,2022-10,0,0,0,0.0
18453,2022-11,0,0,0,0.0
18453,2022-12,0,0,0,0.0
18454,2022-01,0,0,0,0.0
18454,2022-02,0,0,0,0.0
18454,2022-03,0,0,0,0.0
18454,2022-04,0,0,0,0.0
18454,2022-05,0,0,0,0.0
18454,2022-06,0,0,0,0.0
18454,2022-07,0,0,0,0.0
18454,2022-08,0,0,0,0.0
18454,2022-09,0,0,0,0.0
18454,2022-10,0,0,0,0.0
18454,2022-11,0,0,0,0.0
18454,2022-12,0,0,0,0.0
18455,2022-01,0,0,0,0.0
18455,2022-02,0,0,0,0.0
18455,2022-03,0,0,0,0.0
18455,2022-04,0,0,0,0.0
18455,2022-05,0,0,0,0.0
18455,2022-06,0,0,0,0.0
18455,2022-07,0,0,0,0.0
18455,2022-08,0,0,0,0.0
18455,2022-09,0,0,0,0.0
18455,2022-10,0,0,0,0.0
18455,2022-11,0,0,0,0.0
18455,2022-12,0,0,0,0.0
18456,2022-01,0,0,0,0.0
18456,2022-02,0,0,0,0.0
18456,2022-03,0,0,0,0.0
18456,2022-04,0,0,0,0.0
18456,2022-05,0,0,0,0.0
18456,2022-06,0,0,0,0.0
18456,2022-07,0,0,0,0.0
18456,2022-08,0,0,0,0.0
18456,2022-09,0,0,0,0.0
18456,2022-10,0,0,0,0.0
18456,2022-11,0,0,0,0.0
18456,2022-12,0,0,0,0.0
18457,2022-01,0,0,0,0.0
18457,2022-02,0,0,0,0.0
18457,2022-03,0,0,0,0.0
18457,2022-04,0,0,0,0.0
18457,2022-05,0,0,0,0.0
18457,2022-06,0,0,0,0.0
18457,2022-07,0,0,0,0.0
18457,2022-08,0,0,0,0.0
18457,2022-09,0,0,0,0.0
18457,2022-10,0,0,0,0.0
18457,2022-11,0,0,0,0.0
18457,2022-12,0,0,0,0.0
18458,2022-01,0,0,0,0.0
18458,2022-02,0,0,0,0.0
18458,2022-03,0,0,0,0.0
18458,2022-04,0,0,0,0.0
18458,2022-05,0,0,0,0.0
18458,2022-06,0,0,0,0.0
18458,2022-07,0,0,0,0.0
18458,2022-08,0,0,0,0.0
18458,2022-09,0,0,0,0.0
18458,2022-10,0,0,0,0.0
18458,2022-11,0,0,0,0.0
18458,2022-12,0,0,0,0.0
18460,2022-01,0,0,0,0.0
18460,2022-02,0,0,0,0.0
18460,2022-03,0,0,0,0.0
18460,2022-04,0,0,0,0.0
18460,2022-05,0,0,0,0.0
18460,2022-06,0,0,0,0.0
18460,2022-07,0,0,0,0.0
18460,2022-08,0,0,0,0.0
18460,2022-09,0,0,0,0.0
18460,2022-10,0,0,0,0.0
18460,2022-11,0,0,0,0.0
18460,2022-12,0,0,0,0.0
18461,2022-01,0,0,0,0.0
18461,2022-02,0,0,0,0.0
18461,2022-03,0,0,0,0.0
18461,2022-04,0,0,0,0.0
18461,2022-05,0,0,0,0.0
18461,2022-06,0,0,0,0.0
18461,2022-07,0,0,0,0.0
18461,2022-08,0,0,0,0.0
18461,2022-09,0,0,0,0.0
18461,2022-10,0,0,0,0.0
18461,2022-11,0,0,0,0.0
18461,2022-12,0,0,0,0.0
18462,2022-01,0,0,0,0.0
18462,2022-02,0,0,0,0.0
18462,2022-03,0,0,0,0.0
18462,2022-04,0,0,0,0.0
18462,2022-05,0,0,0,0.0
18462,2022-06,0,0,0,0.0
18462,2022-07,0,0,0,0.0
18462,2022-08,0,0,0,0.0
18462,2022-09,0,0,0,0.0
18462,2022-10,0,0,0,0.0
18462,2022-11,0,0,0,0.0
18462,2022-12,0,0,0,0.0
18463,2022-01,0,0,0,0.0
18463,2022-02,0,0,0,0.0
18463,2022-03,0,0,0,0.0
18463,2022-04,0,0,0,0.0
18463,2022-05,0,0,0,0.0
18463,2022-06,0,0,0,0.0
18463,2022-07,0,0,0,0.0
18463,2022-08,0,0,0,0.0
18463,2022-09,0,0,0,0.0
18463,2022-10,0,0,0,0.0
18463,2022-11,0,0,0,0.0
18463,2022-12,0,0,0,0.0
18464,2022-01,0,0,0,0.0
18464,2022-02,0,0,0,0.0
18464,2022-03,0,0,0,0.0
18464,2022-04,0,0,0,0.0
18464,2022-05,0,0,0,0.0
18464,2022-06,0,0,0,0.0
18464,2022-07,0,0,0,0.0
18464,2022-08,0,0,0,0.0
18464,2022-09,0,0,0,0.0
18464,2022-10,0,0,0,0.0
18464,2022-11,0,0,0,0.0
18464,2022-12,0,0,0,0.0
18465,2022-01,0,0,0,0.0
18465,2022-02,0,0,0,0.0
18465,2022-03,0,0,0,0.0
18465,2022-04,0,0,0,0.0
18465,2022-05,0,0,0,0.0
18465,2022-06,0,0,0,0.0
18465,2022-07,0,0,0,0.0
18465,2022-08,0,0,0,0.0
18465,2022-09,0,0,0,0.0
18465,2022-10,0,0,0,0.0
18465,2022-11,0,0,0,0.0
18465,2022-12,0,0,0,0.0
18466,2022-01,0,0,0,0.0
18466,2022-02,0,0,0,0.0
18466,2022-03,0,0,0,0.0
18466,2022-04,0,0,0,0.0
18466,2022-05,0,0,0,0.0
18466,2022-06,0,0,0,0.0
18466,2022-07,0,0,0,0.0
18466,2022-08,0,0,0,0.0
18466,2022-09,0,0,0,0.0
18466,2022-10,0,0,0,0.0
18466,2022-11,0,0,0,0.0
18466,2022-12,0,0,0,0.0
18469,2022-01,0,0,0,0.0
18469,2022-02,0,0,0,0.0
18469,2022-03,0,0,0,0.0
18469,2022-04,0,0,0,0.0
18469,2022-05,0,0,0,0.0
18469,2022-06,0,0,0,0.0
18469,2022-07,0,0,0,0.0
18469,2022-08,0,0,0,0.0
18469,2022-09,0,0,0,0.0
18469,2022-10,0,0,0,0.0
18469,2022-11,0,0,0,0.0
18469,2022-12,0,0,0,0.0
18470,2022-01,0,0,0,0.0
18470,2022-02,0,0,0,0.0
18470,2022-03,0,0,0,0.0
18470,2022-04,0,0,0,0.0
18470,2022-05,0,0,0,0.0
18470,2022-06,0,0,0,0.0
18470,2022-07,0,0,0,0.0
18470,2022-08,0,0,0,0.0
18470,2022-09,0,0,0,0.0
18470,2022-10,0,0,0,0.0
18470,2022-11,0,0,0,0.0
18470,2022-12,0,0,0,0.0
18471,2022-01,0,0,0,0.0
18471,2022-02,0,0,0,0.0
18471,2022-03,0,0,0,0.0
18471,2022-04,0,0,0,0.0
18471,2022-05,0,0,0,0.0
18471,2022-06,0,0,0,0.0
18471,2022-07,0,0,0,0.0
18471,2022-08,0,0,0,0.0
18471,2022-09,0,0,0,0.0
18471,2022-10,0,0,0,0.0
18471,2022-11,0,0,0,0.0
18471,2022-12,0,0,0,0.0
18472,2022-01,0,0,0,0.0
18472,2022-02,0,0,0,0.0
18472,2022-03,0,0,0,0.0
18472,2022-04,0,0,0,0.0
18472,2022-05,0,0,0,0.0
18472,2022-06,0,0,0,0.0
18472,2022-07,0,0,0,0.0
18472,2022-08,0,0,0,0.0
18472,2022-09,0,0,0,0.0
18472,2022-10,0,0,0,0.0
18472,2022-11,0,0,0,0.0
18472,2022-12,0,0,0,0.0
18473,2022-01,0,0,0,0.0
18473,2022-02,0,0,0,0.0
18473,2022-03,0,0,0,0.0
18473,2022-04,0,0,0,0.0
18473,2022-05,0,0,0,0.0
18473,2022-06,0,0,0,0.0
18473,2022-07,0,0,0,0.0
18473,2022-08,0,0,0,0.0
18473,2022-09,0,0,0,0.0
18473,2022-10,0,0,0,0.0
18473,2022-11,0,0,0,0.0
18473,2022-12,0,0,0,0.0
18503,2022-01,Lackawanna,0,0,0.0
18503,2022-02,Lackawanna,0,0,0.0
18503,2022-03,Lackawanna,0,0,0.0
18503,2022-04,Lackawanna,0,1,0.0
18503,2022-05,Lackawanna,0,1,0.0
18503,2022-06,Lackawanna,0,3,0.0
18503,2022-07,Lackawanna,0,0,0.0
18503,2022-08,Lackawanna,0,0,0.0
18503,2022-09,Lackawanna,0,0,0.0
18503,2022-10,Lackawanna,0,0,0.0
18503,2022-11,Lackawanna,0,0,0.0
18503,2022-12,Lackawanna,0,0,0.0
18504,2022-01,0,0,0,0.0
18504,2022-02,0,0,0,0.0
18504,2022-03,0,0,0,0.0
18504,2022-04,0,0,0,1.0
18504,2022-05,0,0,0,2.0
18504,2022-06,0,0,0,3.0
18504,2022-07,0,0,0,0.0
18504,2022-08,0,0,0,0.0
18504,2022-09,0,0,0,0.0
18504,2022-10,0,0,0,0.0
18504,2022-11,0,0,0,0.0
18504,2022-12,0,0,0,0.0
18505,2022-01,0,0,0,0.0
18505,2022-02,0,0,0,0.0
18505,2022-03,0,0,0,0.0
18505,2022-04,0,0,0,1.0
18505,2022-05,0,0,0,2.0
18505,2022-06,0,0,0,3.0
18505,2022-07,0,0,0,0.0
18505,2022-08,0,0,0,0.0
18505,2022-09,0,0,0,0.0
18505,2022-10,0,0,0,0.0
18505,2022-11,0,0,0,0.0
18505,2022-12,0,0,0,0.0
18507,2022-01,0,0,0,0.0
18507,2022-02,0,0,0,0.0
18507,2022-03,0,0,0,0.0
18507,2022-04,0,0,0,0.0
18507,2022-05,0,0,0,1.0
18507,2022-06,0,0,0,0.0
18507,2022-07,0,0,0,0.0
18507,2022-08,0,0,0,0.0
18507,2022-09,0,0,0,0.0
18507,2022-10,0,0,0,0.0
18507,2022-11,0,0,0,0.0
18507,2022-12,0,0,0,0.0
18508,2022-01,0,0,0,0.0
18508,2022-02,0,0,0,0.0
18508,2022-03,0,0,0,0.0
18508,2022-04,0,0,0,1.0
18508,2022-05,0,0,0,1.0
18508,2022-06,0,0,0,3.0
18508,2022-07,0,0,0,0.0
18508,2022-08,0,0,0,0.0
18508,2022-09,0,0,0,0.0
18508,2022-10,0,0,0,0.0
18508,2022-11,0,0,0,0.0
18508,2022-12,0,0,0,0.0
18509,2022-01,0,0,0,0.0
18509,2022-02,0,0,0,0.0
18509,2022-03,0,0,0,0.0
18509,2022-04,0,0,0,1.0
18509,2022-05,0,0,0,1.0
18509,2022-06,0,0,0,3.0
18509,2022-07,0,0,0,0.0
18509,2022-08,0,0,0,0.0
18509,2022-09,0,0,0,0.0
18509,2022-10,0,0,0,0.0
18509,2022-11,0,0,0,0.0
18509,2022-12,0,0,0,0.0
18510,2022-01,0,0,0,0.0
18510,2022-02,0,0,0,0.0
18510,2022-03,0,0,0,0.0
18510,2022-04,0,0,0,1.0
18510,2022-05,0,0,0,1.0
18510,2022-06,0,0,0,3.0
18510,2022-07,0,0,0,0.0
18510,2022-08,0,0,0,0.0
18510,2022-09,0,0,0,0.0
18510,2022-10,0,0,0,0.0
18510,2022-11,0,0,0,0.0
18510,2022-12,0,0,0,0.0
18512,2022-01,0,0,0,0.0
18512,2022-02,0,0,0,0.0
18512,2022-03,0,0,0,0.0
18512,2022-04,0,0,0,0.0
18512,2022-05,0,0,0,0.0
18512,2022-06,0,0,0,0.0
18512,2022-07,0,0,0,0.0
18512,2022-08,0,0,0,0.0
18512,2022-09,0,0,0,0.0
18512,2022-10,0,0,0,0.0
18512,2022-11,0,0,0,0.0
18512,2022-12,0,0,0,0.0
18517,2022-01,Lackawanna,0,0,0.0
18517,2022-02,Lackawanna,0,0,0.0
18517,2022-03,Lackawanna,0,0,0.0
18517,2022-04,Lackawanna,0,0,0.0
18517,2022-05,Lackawanna,0,1,0.0
18517,2022-06,Lackawanna,0,0,0.0
18517,2022-07,Lackawanna,0,0,0.0
18517,2022-08,Lackawanna,0,0,0.0
18517,2022-09,Lackawanna,0,0,0.0
18517,2022-10,Lackawanna,0,0,0.0
18517,2022-11,Lackawanna,0,0,0.0
18517,2022-12,Lackawanna,0,0,0.0
18518,2022-01,0,0,0,0.0
18518,2022-02,0,0,0,0.0
18518,2022-03,0,0,0,0.0
18518,2022-04,0,0,0,0.0
18518,2022-05,0,0,0,1.0
18518,2022-06,0,0,0,0.0
18518,2022-07,0,0,0,0.0
18518,2022-08,0,0,0,0.0
18518,2022-09,0,0,0,0.0
18518,2022-10,0,0,0,0.0
18518,2022-11,0,0,0,0.0
18518,2022-12,0,0,0,0.0
18519,2022-01,0,0,0,0.0
18519,2022-02,0,0,0,0.0
18519,2022-03,0,0,0,0.0
18519,2022-04,0,0,0,0.0
18519,2022-05,0,0,0,0.0
18519,2022-06,0,0,0,0.0
18519,2022-07,0,0,0,0.0
18519,2022-08,0,0,0,0.0
18519,2022-09,0,0,0,0.0
18519,2022-10,0,0,0,0.0
18519,2022-11,0,0,0,0.0
18519,2022-12,0,0,0,0.0
18602,2022-01,0,0,0,0.0
18602,2022-02,0,0,0,0.0
18602,2022-03,0,0,0,0.0
18602,2022-04,0,0,0,0.0
18602,2022-05,0,0,0,0.0
18602,2022-06,0,0,0,0.0
18602,2022-07,0,0,0,0.0
18602,2022-08,0,0,0,0.0
18602,2022-09,0,0,0,0.0
18602,2022-10,0,0,0,0.0
18602,2022-11,0,0,0,0.0
18602,2022-12,0,0,0,0.0
18603,2022-01,0,0,0,0.0
18603,2022-02,0,0,0,0.0
18603,2022-03,0,0,0,0.0
18603,2022-04,0,0,0,0.0
18603,2022-05,0,0,0,1.0
18603,2022-06,0,0,0,2.0
18603,2022-07,0,0,0,0.0
18603,2022-08,0,0,0,0.0
18603,2022-09,0,0,0,0.0
18603,2022-10,0,0,0,0.0
18603,2022-11,0,0,0,0.0
18603,2022-12,0,0,0,5.0
18610,2022-01,0,0,0,0.0
18610,2022-02,0,0,0,0.0
18610,2022-03,0,0,0,0.0
18610,2022-04,0,0,0,0.0
18610,2022-05,0,0,0,0.0
18610,2022-06,0,0,0,0.0
18610,2022-07,0,0,0,0.0
18610,2022-08,0,0,0,0.0
18610,2022-09,0,0,0,0.0
18610,2022-10,0,0,0,0.0
18610,2022-11,0,0,0,0.0
18610,2022-12,0,0,0,0.0
18612,2022-01,Luzerne,0,0,0.0
18612,2022-02,Luzerne,0,0,0.0
18612,2022-03,Luzerne,0,0,0.0
18612,2022-04,Luzerne,0,0,0.0
18612,2022-05,Luzerne,0,1,0.0
18612,2022-06,Luzerne,0,0,1.0
18612,2022-07,Luzerne,0,0,0.0
18612,2022-08,Luzerne,0,0,0.0
18612,2022-09,Luzerne,0,0,0.0
18612,2022-10,Luzerne,0,0,0.0
18612,2022-11,Luzerne,0,0,0.0
18612,2022-12,Luzerne,0,0,0.0
18614,2022-01,0,0,0,0.0
18614,2022-02,0,0,0,0.0
18614,2022-03,0,0,0,0.0
18614,2022-04,0,0,0,0.0
18614,2022-05,0,0,0,0.0
18614,2022-06,0,0,0,0.0
18614,2022-07,0,0,0,0.0
18614,2022-08,0,0,0,0.0
18614,2022-09,0,0,0,0.0
18614,2022-10,0,0,0,0.0
18614,2022-11,0,0,0,0.0
18614,2022-12,0,0,0,0.0
18615,2022-01,0,0,0,0.0
18615,2022-02,0,0,0,0.0
18615,2022-03,0,0,0,0.0
18615,2022-04,0,0,0,0.0
18615,2022-05,0,0,0,0.0
18615,2022-06,0,0,0,1.0
18615,2022-07,0,0,0,0.0
18615,2022-08,0,0,0,0.0
18615,2022-09,0,0,0,0.0
18615,2022-10,0,0,0,0.0
18615,2022-11,0,0,0,0.0
18615,2022-12,0,0,0,0.0
18616,2022-01,0,0,0,0.0
18616,2022-02,0,0,0,0.0
18616,2022-03,0,0,0,0.0
18616,2022-04,0,0,0,0.0
18616,2022-05,0,0,0,0.0
18616,2022-06,0,0,0,0.0
18616,2022-07,0,0,0,0.0
18616,2022-08,0,0,0,0.0
18616,2022-09,0,0,0,0.0
18616,2022-10,0,0,0,0.0
18616,2022-11,0,0,0,0.0
18616,2022-12,0,0,0,0.0
18617,2022-01,0,0,0,0.0
18617,2022-02,0,0,0,0.0
18617,2022-03,0,0,0,0.0
18617,2022-04,0,0,0,0.0
18617,2022-05,0,0,0,0.0
18617,2022-06,0,0,0,0.0
18617,2022-07,0,0,0,0.0
18617,2022-08,0,0,0,0.0
18617,2022-09,0,0,0,0.0
18617,2022-10,0,0,0,0.0
18617,2022-11,0,0,0,0.0
18617,2022-12,0,0,0,0.0
18618,2022-01,0,0,0,0.0
18618,2022-02,0,0,0,0.0
18618,2022-03,0,0,0,0.0
18618,2022-04,0,0,0,0.0
18618,2022-05,0,0,0,1.0
18618,2022-06,0,0,0,1.0
18618,2022-07,0,0,0,0.0
18618,2022-08,0,0,0,0.0
18618,2022-09,0,0,0,0.0
18618,2022-10,0,0,0,0.0
18618,2022-11,0,0,0,0.0
18618,2022-12,0,0,0,0.0
18619,2022-01,0,0,0,0.0
18619,2022-02,0,0,0,0.0
18619,2022-03,0,0,0,0.0
18619,2022-04,0,0,0,0.0
18619,2022-05,0,0,0,1.0
18619,2022-06,0,0,0,0.0
18619,2022-07,0,0,0,0.0
18619,2022-08,0,0,0,0.0
18619,2022-09,0,0,0,0.0
18619,2022-10,0,0,0,0.0
18619,2022-11,0,0,0,0.0
18619,2022-12,0,0,0,0.0
18621,2022-01,0,0,0,0.0
18621,2022-02,0,0,0,0.0
18621,2022-03,0,0,0,0.0
18621,2022-04,0,0,0,0.0
18621,2022-05,0,0,0,1.0
18621,2022-06,0,0,0,0.0
18621,2022-07,0,0,0,0.0
18621,2022-08,0,0,0,0.0
18621,2022-09,0,0,0,0.0
18621,2022-10,0,0,0,0.0
18621,2022-11,0,0,0,0.0
18621,2022-12,0,0,0,0.0
18622,2022-01,0,0,0,0.0
18622,2022-02,0,0,0,0.0
18622,2022-03,0,0,0,0.0
18622,2022-04,0,0,0,0.0
18622,2022-05,0,0,0,0.0
18622,2022-06,0,0,0,0.0
18622,2022-07,0,0,0,0.0
18622,2022-08,0,0,0,0.0
18622,2022-09,0,0,0,0.0
18622,2022-10,0,0,0,0.0
18622,2022-11,0,0,0,0.0
18622,2022-12,0,0,0,0.0
18623,2022-01,0,0,0,0.0
18623,2022-02,0,0,0,0.0
18623,2022-03,0,0,0,0.0
18623,2022-04,0,0,0,0.0
18623,2022-05,0,0,0,0.0
18623,2022-06,0,0,0,0.0
18623,2022-07,0,0,0,0.0
18623,2022-08,0,0,0,0.0
18623,2022-09,0,0,0,0.0
18623,2022-10,0,0,0,0.0
18623,2022-11,0,0,0,0.0
18623,2022-12,0,0,0,0.0
18624,2022-01,0,0,0,0.0
18624,2022-02,0,0,0,0.0
18624,2022-03,0,0,0,0.0
18624,2022-04,0,0,0,0.0
18624,2022-05,0,0,0,0.0
18624,2022-06,0,0,0,0.0
18624,2022-07,0,0,0,0.0
18624,2022-08,0,0,0,0.0
18624,2022-09,0,0,0,0.0
18624,2022-10,0,0,0,0.0
18624,2022-11,0,0,0,0.0
18624,2022-12,0,0,0,0.0
18625,2022-01,0,0,0,0.0
18625,2022-02,0,0,0,0.0
18625,2022-03,0,0,0,0.0
18625,2022-04,0,0,0,0.0
18625,2022-05,0,0,0,0.0
18625,2022-06,0,0,0,0.0
18625,2022-07,0,0,0,0.0
18625,2022-08,0,0,0,0.0
18625,2022-09,0,0,0,0.0
18625,2022-10,0,0,0,0.0
18625,2022-11,0,0,0,0.0
18625,2022-12,0,0,0,0.0
18626,2022-01,0,0,0,0.0
18626,2022-02,0,0,0,0.0
18626,2022-03,0,0,0,0.0
18626,2022-04,0,0,0,0.0
18626,2022-05,0,0,0,0.0
18626,2022-06,0,0,0,0.0
18626,2022-07,0,0,0,0.0
18626,2022-08,0,0,0,0.0
18626,2022-09,0,0,0,0.0
18626,2022-10,0,0,0,0.0
18626,2022-11,0,0,0,0.0
18626,2022-12,0,0,0,0.0
18627,2022-01,0,0,0,0.0
18627,2022-02,0,0,0,0.0
18627,2022-03,0,0,0,0.0
18627,2022-04,0,0,0,0.0
18627,2022-05,0,0,0,0.0
18627,2022-06,0,0,0,0.0
18627,2022-07,0,0,0,0.0
18627,2022-08,0,0,0,0.0
18627,2022-09,0,0,0,0.0
18627,2022-10,0,0,0,0.0
18627,2022-11,0,0,0,0.0
18627,2022-12,0,0,0,0.0
18628,2022-01,0,0,0,0.0
18628,2022-02,0,0,0,0.0
18628,2022-03,0,0,0,0.0
18628,2022-04,0,0,0,0.0
18628,2022-05,0,0,0,0.0
18628,2022-06,0,0,0,0.0
18628,2022-07,0,0,0,0.0
18628,2022-08,0,0,0,0.0
18628,2022-09,0,0,0,0.0
18628,2022-10,0,0,0,0.0
18628,2022-11,0,0,0,0.0
18628,2022-12,0,0,0,0.0
18629,2022-01,0,0,0,0.0
18629,2022-02,0,0,0,0.0
18629,2022-03,0,0,0,0.0
18629,2022-04,0,0,0,0.0
18629,2022-05,0,0,0,0.0
18629,2022-06,0,0,0,1.0
18629,2022-07,0,0,0,0.0
18629,2022-08,0,0,0,0.0
18629,2022-09,0,0,0,0.0
18629,2022-10,0,0,0,0.0
18629,2022-11,0,0,0,0.0
18629,2022-12,0,0,0,0.0
18630,2022-01,0,0,0,0.0
18630,2022-02,0,0,0,0.0
18630,2022-03,0,0,0,0.0
18630,2022-04,0,0,0,0.0
18630,2022-05,0,0,0,0.0
18630,2022-06,0,0,0,1.0
18630,2022-07,0,0,0,0.0
18630,2022-08,0,0,0,0.0
18630,2022-09,0,0,0,0.0
18630,2022-10,0,0,0,0.0
18630,2022-11,0,0,0,0.0
18630,2022-12,0,0,0,0.0
18631,2022-01,0,0,0,0.0
18631,2022-02,0,0,0,0.0
18631,2022-03,0,0,0,0.0
18631,2022-04,0,0,0,0.0
18631,2022-05,0,0,0,1.0
18631,2022-06,0,0,0,2.0
18631,2022-07,0,0,0,0.0
18631,2022-08,0,0,0,0.0
18631,2022-09,0,0,0,0.0
18631,2022-10,0,0,0,0.0
18631,2022-11,0,0,0,0.0
18631,2022-12,0,0,0,5.0
18632,2022-01,0,0,0,0.0
18632,2022-02,0,0,0,0.0
18632,2022-03,0,0,0,0.0
18632,2022-04,0,0,0,0.0
18632,2022-05,0,0,0,0.0
18632,2022-06,0,0,0,0.0
18632,2022-07,0,0,0,0.0
18632,2022-08,0,0,0,0.0
18632,2022-09,0,0,0,0.0
18632,2022-10,0,0,0,0.0
18632,2022-11,0,0,0,0.0
18632,2022-12,0,0,0,0.0
18634,2022-01,0,0,0,0.0
18634,2022-02,0,0,0,0.0
18634,2022-03,0,0,0,0.0
18634,2022-04,0,0,0,0.0
18634,2022-05,0,0,0,0.0
18634,2022-06,0,0,0,0.0
18634,2022-07,0,0,0,0.0
18634,2022-08,0,0,0,0.0
18634,2022-09,0,0,0,0.0
18634,2022-10,0,0,0,0.0
18634,2022-11,0,0,0,0.0
18634,2022-12,0,0,0,0.0
18635,2022-01,0,0,0,0.0
18635,2022-02,0,0,0,0.0
18635,2022-03,0,0,0,0.0
18635,2022-04,0,0,0,0.0
18635,2022-05,0,0,0,1.0
18635,2022-06,0,0,0,2.0
18635,2022-07,0,0,0,0.0
18635,2022-08,0,0,0,0.0
18635,2022-09,0,0,0,0.0
18635,2022-10,0,0,0,0.0
18635,2022-11,0,0,0,0.0
18635,2022-12,0,0,0,5.0
18636,2022-01,0,0,0,0.0
18636,2022-02,0,0,0,0.0
18636,2022-03,0,0,0,0.0
18636,2022-04,0,0,0,0.0
18636,2022-05,0,0,0,1.0
18636,2022-06,0,0,0,1.0
18636,2022-07,0,0,0,0.0
18636,2022-08,0,0,0,0.0
18636,2022-09,0,0,0,0.0
18636,2022-10,0,0,0,0.0
18636,2022-11,0,0,0,0.0
18636,2022-12,0,0,0,0.0
18640,2022-01,0,0,0,0.0
18640,2022-02,0,0,0,0.0
18640,2022-03,0,0,0,0.0
18640,2022-04,0,0,0,0.0
18640,2022-05,0,0,0,0.0
18640,2022-06,0,0,0,0.0
18640,2022-07,0,0,0,0.0
18640,2022-08,0,0,0,0.0
18640,2022-09,0,0,0,0.0
18640,2022-10,0,0,0,0.0
18640,2022-11,0,0,0,0.0
18640,2022-12,0,0,0,0.0
18641,2022-01,0,0,0,0.0
18641,2022-02,0,0,0,0.0
18641,2022-03,0,0,0,0.0
18641,2022-04,0,0,0,0.0
18641,2022-05,0,0,0,0.0
18641,2022-06,0,0,0,0.0
18641,2022-07,0,0,0,0.0
18641,2022-08,0,0,0,0.0
18641,2022-09,0,0,0,0.0
18641,2022-10,0,0,0,0.0
18641,2022-11,0,0,0,0.0
18641,2022-12,0,0,0,0.0
18642,2022-01,0,0,0,0.0
18642,2022-02,0,0,0,0.0
18642,2022-03,0,0,0,0.0
18642,2022-04,0,0,0,0.0
18642,2022-05,0,0,0,0.0
18642,2022-06,0,0,0,0.0
18642,2022-07,0,0,0,0.0
18642,2022-08,0,0,0,0.0
18642,2022-09,0,0,0,0.0
18642,2022-10,0,0,0,0.0
18642,2022-11,0,0,0,0.0
18642,2022-12,0,0,0,0.0
18643,2022-01,0,0,0,0.0
18643,2022-02,0,0,0,0.0
18643,2022-03,0,0,0,0.0
18643,2022-04,0,0,0,0.0
18643,2022-05,0,0,0,1.0
18643,2022-06,0,0,0,1.0
18643,2022-07,0,0,0,0.0
18643,2022-08,0,0,0,0.0
18643,2022-09,0,0,0,0.0
18643,2022-10,0,0,0,0.0
18643,2022-11,0,0,0,0.0
18643,2022-12,0,0,0,0.0
18644,2022-01,0,0,0,0.0
18644,2022-02,0,0,0,0.0
18644,2022-03,0,0,0,0.0
18644,2022-04,0,0,0,0.0
18644,2022-05,0,0,0,1.0
18644,2022-06,0,0,0,0.0
18644,2022-07,0,0,0,0.0
18644,2022-08,0,0,0,1.0
18644,2022-09,0,0,0,1.0
18644,2022-10,0,0,0,0.0
18644,2022-11,0,0,0,0.0
18644,2022-12,0,0,0,0.0
18651,2022-01,0,0,0,0.0
18651,2022-02,0,0,0,0.0
18651,2022-03,0,0,0,0.0
18651,2022-04,0,0,0,0.0
18651,2022-05,0,0,0,0.0
18651,2022-06,0,0,0,0.0
18651,2022-07,0,0,0,0.0
18651,2022-08,0,0,0,1.0
18651,2022-09,0,0,0,1.0
18651,2022-10,0,0,0,0.0
18651,2022-11,0,0,0,0.0
18651,2022-12,0,0,0,0.0
18655,2022-01,0,0,0,0.0
18655,2022-02,0,0,0,0.0
18655,2022-03,0,0,0,0.0
18655,2022-04,0,0,0,0.0
18655,2022-05,0,0,0,0.0
18655,2022-06,0,0,0,0.0
18655,2022-07,0,0,0,0.0
18655,2022-08,0,0,0,0.0
18655,2022-09,0,0,0,0.0
18655,2022-10,0,0,0,0.0
18655,2022-11,0,0,0,0.0
18655,2022-12,0,0,0,0.0
18656,2022-01,0,0,0,0.0
18656,2022-02,0,0,0,0.0
18656,2022-03,0,0,0,0.0
18656,2022-04,0,0,0,0.0
18656,2022-05,0,0,0,1.0
18656,2022-06,0,0,0,0.0
18656,2022-07,0,0,0,0.0
18656,2022-08,0,0,0,0.0
18656,2022-09,0,0,0,0.0
18656,2022-10,0,0,0,0.0
18656,2022-11,0,0,0,0.0
18656,2022-12,0,0,0,0.0
18657,2022-01,Wyoming,0,0,0.0
18657,2022-02,Wyoming,0,0,0.0
18657,2022-03,Wyoming,0,0,0.0
18657,2022-04,Wyoming,0,0,0.0
18657,2022-05,Wyoming,0,0,1.0
18657,2022-06,Wyoming,0,1,0.0
18657,2022-07,Wyoming,0,0,0.0
18657,2022-08,Wyoming,0,0,0.0
18657,2022-09,Wyoming,0,0,0.0
18657,2022-10,Wyoming,0,0,0.0
18657,2022-11,Wyoming,0,0,0.0
18657,2022-12,Wyoming,0,0,0.0
18660,2022-01,0,0,0,0.0
18660,2022-02,0,0,0,0.0
18660,2022-03,0,0,0,0.0
18660,2022-04,0,0,0,0.0
18660,2022-05,0,0,0,0.0
18660,2022-06,0,0,0,0.0
18660,2022-07,0,0,0,0.0
18660,2022-08,0,0,0,0.0
18660,2022-09,0,0,0,0.0
18660,2022-10,0,0,0,0.0
18660,2022-11,0,0,0,0.0
18660,2022-12,0,0,0,0.0
18661,2022-01,0,0,0,0.0
18661,2022-02,0,0,0,0.0
18661,2022-03,0,0,0,1.0
18661,2022-04,0,0,0,0.0
18661,2022-05,0,0,0,0.0
18661,2022-06,0,0,0,0.0
18661,2022-07,0,0,0,0.0
18661,2022-08,0,0,0,0.0
18661,2022-09,0,0,0,0.0
18661,2022-10,0,0,0,0.0
18661,2022-11,0,0,0,0.0
18661,2022-12,0,0,0,0.0
18701,2022-01,Luzerne,0,1,0.0
18701,2022-02,Luzerne,0,0,0.0
18701,2022-03,Luzerne,0,2,0.0
18701,2022-04,Luzerne,0,0,0.0
18701,2022-05,Luzerne,0,3,0.0
18701,2022-06,Luzerne,0,2,0.0
18701,2022-07,Luzerne,0,3,0.0
18701,2022-08,Luzerne,0,3,1.0
18701,2022-09,Luzerne,0,4,1.0
18701,2022-10,Luzerne,0,0,0.0
18701,2022-11,Luzerne,0,1,0.0
18701,2022-12,Luzerne,0,1,0.0
18702,2022-01,0,0,0,1.0
18702,2022-02,0,0,0,0.0
18702,2022-03,0,0,0,2.0
18702,2022-04,0,0,0,0.0
18702,2022-05,0,0,0,3.0
18702,2022-06,0,0,0,2.0
18702,2022-07,0,0,0,3.0
18702,2022-08,0,0,0,4.0
18702,2022-09,0,0,0,5.0
18702,2022-10,0,0,0,0.0
18702,2022-11,0,0,0,1.0
18702,2022-12,0,0,0,1.0
18704,2022-01,Luzerne,0,0,1.0
18704,2022-02,Luzerne,0,0,0.0
18704,2022-03,Luzerne,0,0,2.0
18704,2022-04,Luzerne,0,0,0.0
18704,2022-05,Luzerne,0,0,3.0
18704,2022-06,Luzerne,0,0,2.0
18704,2022-07,Luzerne,0,0,3.0
18704,2022-08,Luzerne,0,1,3.0
18704,2022-09,Luzerne,0,1,4.0
18704,2022-10,Luzerne,0,0,0.0
18704,2022-11,Luzerne,0,0,1.0
18704,2022-12,Luzerne,0,0,1.0
18705,2022-01,0,0,0,0.0
18705,2022-02,0,0,0,0.0
18705,2022-03,0,0,0,0.0
18705,2022-04,0,0,0,0.0
18705,2022-05,0,0,0,0.0
18705,2022-06,0,0,0,0.0
18705,2022-07,0,0,0,0.0
18705,2022-08,0,0,0,1.0
18705,2022-09,0,0,0,1.0
18705,2022-10,0,0,0,0.0
18705,2022-11,0,0,0,0.0
18705,2022-12,0,0,0,0.0
18706,2022-01,0,0,0,0.0
18706,2022-02,0,0,0,0.0
18706,2022-03,0,0,0,0.0
18706,2022-04,0,0,0,0.0
18706,2022-05,0,0,0,0.0
18706,2022-06,0,0,0,0.0
18706,2022-07,0,0,0,0.0
18706,2022-08,0,0,0,0.0
18706,2022-09,0,0,0,0.0
18706,2022-10,0,0,0,0.0
18706,2022-11,0,0,0,0.0
18706,2022-12,0,0,0,0.0
18707,2022-01,0,0,0,0.0
18707,2022-02,0,0,0,0.0
18707,2022-03,0,0,0,0.0
18707,2022-04,0,0,0,0.0
18707,2022-05,0,0,0,0.0
18707,2022-06,0,0,0,0.0
18707,2022-07,0,0,0,0.0
18707,2022-08,0,0,0,0.0
18707,2022-09,0,0,0,0.0
18707,2022-10,0,0,0,0.0
18707,2022-11,0,0,0,0.0
18707,2022-12,0,0,0,0.0
18708,2022-01,0,0,0,0.0
18708,2022-02,0,0,0,0.0
18708,2022-03,0,0,0,0.0
18708,2022-04,0,0,0,0.0
18708,2022-05,0,0,0,1.0
18708,2022-06,0,0,0,0.0
18708,2022-07,0,0,0,0.0
18708,2022-08,0,0,0,1.0
18708,2022-09,0,0,0,1.0
18708,2022-10,0,0,0,0.0
18708,2022-11,0,0,0,0.0
18708,2022-12,0,0,0,0.0
18709,2022-01,0,0,0,0.0
18709,2022-02,0,0,0,0.0
18709,2022-03,0,0,0,0.0
18709,2022-04,0,0,0,0.0
18709,2022-05,0,0,0,0.0
18709,2022-06,0,0,0,0.0
18709,2022-07,0,0,0,0.0
18709,2022-08,0,0,0,1.0
18709,2022-09,0,0,0,1.0
18709,2022-10,0,0,0,0.0
18709,2022-11,0,0,0,0.0
18709,2022-12,0,0,0,0.0
18801,2022-01,0,0,0,0.0
18801,2022-02,0,0,0,0.0
18801,2022-03,0,0,0,0.0
18801,2022-04,0,0,0,0.0
18801,2022-05,0,0,0,0.0
18801,2022-06,0,0,0,0.0
18801,2022-07,0,0,0,0.0
18801,2022-08,0,0,0,0.0
18801,2022-09,0,0,0,0.0
18801,2022-10,0,0,0,0.0
18801,2022-11,0,0,0,0.0
18801,2022-12,0,0,0,0.0
18810,2022-01,0,0,0,0.0
18810,2022-02,0,0,0,0.0
18810,2022-03,0,0,0,0.0
18810,2022-04,0,0,0,0.0
18810,2022-05,0,0,0,0.0
18810,2022-06,0,0,0,0.0
18810,2022-07,0,0,0,0.0
18810,2022-08,0,0,0,0.0
18810,2022-09,0,0,0,0.0
18810,2022-10,0,0,0,0.0
18810,2022-11,0,0,0,0.0
18810,2022-12,0,0,0,0.0
18812,2022-01,0,0,0,0.0
18812,2022-02,0,0,0,0.0
18812,2022-03,0,0,0,0.0
18812,2022-04,0,0,0,0.0
18812,2022-05,0,0,0,0.0
18812,2022-06,0,0,0,0.0
18812,2022-07,0,0,0,0.0
18812,2022-08,0,0,0,0.0
18812,2022-09,0,0,0,0.0
18812,2022-10,0,0,0,0.0
18812,2022-11,0,0,0,0.0
18812,2022-12,0,0,0,0.0
18814,2022-01,0,0,0,0.0
18814,2022-02,0,0,0,0.0
18814,2022-03,0,0,0,0.0
18814,2022-04,0,0,0,0.0
18814,2022-05,0,0,0,0.0
18814,2022-06,0,0,0,0.0
18814,2022-07,0,0,0,0.0
18814,2022-08,0,0,0,0.0
18814,2022-09,0,0,0,0.0
18814,2022-10,0,0,0,0.0
18814,2022-11,0,0,0,0.0
18814,2022-12,0,0,0,0.0
18816,2022-01,0,0,0,0.0
18816,2022-02,0,0,0,0.0
18816,2022-03,0,0,0,0.0
18816,2022-04,0,0,0,0.0
18816,2022-05,0,0,0,0.0
18816,2022-06,0,0,0,0.0
18816,2022-07,0,0,0,0.0
18816,2022-08,0,0,0,0.0
18816,2022-09,0,0,0,0.0
18816,2022-10,0,0,0,0.0
18816,2022-11,0,0,0,0.0
18816,2022-12,0,0,0,0.0
18817,2022-01,0,0,0,0.0
18817,2022-02,0,0,0,0.0
18817,2022-03,0,0,0,0.0
18817,2022-04,0,0,0,0.0
18817,2022-05,0,0,0,0.0
18817,2022-06,0,0,0,0.0
18817,2022-07,0,0,0,0.0
18817,2022-08,0,0,0,0.0
18817,2022-09,0,0,0,0.0
18817,2022-10,0,0,0,0.0
18817,2022-11,0,0,0,0.0
18817,2022-12,0,0,0,0.0
18818,2022-01,0,0,0,0.0
18818,2022-02,0,0,0,0.0
18818,2022-03,0,0,0,0.0
18818,2022-04,0,0,0,0.0
18818,2022-05,0,0,0,0.0
18818,2022-06,0,0,0,0.0
18818,2022-07,0,0,0,0.0
18818,2022-08,0,0,0,0.0
18818,2022-09,0,0,0,0.0
18818,2022-10,0,0,0,0.0
18818,2022-11,0,0,0,0.0
18818,2022-12,0,0,0,0.0
18820,2022-01,0,0,0,0.0
18820,2022-02,0,0,0,0.0
18820,2022-03,0,0,0,0.0
18820,2022-04,0,0,0,0.0
18820,2022-05,0,0,0,0.0
18820,2022-06,0,0,0,0.0
18820,2022-07,0,0,0,0.0
18820,2022-08,0,0,0,0.0
18820,2022-09,0,0,0,0.0
18820,2022-10,0,0,0,0.0
18820,2022-11,0,0,0,0.0
18820,2022-12,0,0,0,0.0
18821,2022-01,0,0,0,0.0
18821,2022-02,0,0,0,0.0
18821,2022-03,0,0,0,0.0
18821,2022-04,0,0,0,0.0
18821,2022-05,0,0,0,0.0
18821,2022-06,0,0,0,0.0
18821,2022-07,0,0,0,0.0
18821,2022-08,0,0,0,0.0
18821,2022-09,0,0,0,0.0
18821,2022-10,0,0,0,0.0
18821,2022-11,0,0,0,0.0
18821,2022-12,0,0,0,0.0
18822,2022-01,0,0,0,0.0
18822,2022-02,0,0,0,0.0
18822,2022-03,0,0,0,0.0
18822,2022-04,0,0,0,0.0
18822,2022-05,0,0,0,0.0
18822,2022-06,0,0,0,0.0
18822,2022-07,0,0,0,0.0
18822,2022-08,0,0,0,0.0
18822,2022-09,0,0,0,0.0
18822,2022-10,0,0,0,0.0
18822,2022-11,0,0,0,0.0
18822,2022-12,0,0,0,0.0
18823,2022-01,0,0,0,0.0
18823,2022-02,0,0,0,0.0
18823,2022-03,0,0,0,0.0
18823,2022-04,0,0,0,0.0
18823,2022-05,0,0,0,0.0
18823,2022-06,0,0,0,0.0
18823,2022-07,0,0,0,0.0
18823,2022-08,0,0,0,0.0
18823,2022-09,0,0,0,0.0
18823,2022-10,0,0,0,0.0
18823,2022-11,0,0,0,0.0
18823,2022-12,0,0,0,0.0
18824,2022-01,0,0,0,0.0
18824,2022-02,0,0,0,0.0
18824,2022-03,0,0,0,0.0
18824,2022-04,0,0,0,0.0
18824,2022-05,0,0,0,0.0
18824,2022-06,0,0,0,0.0
18824,2022-07,0,0,0,0.0
18824,2022-08,0,0,0,0.0
18824,2022-09,0,0,0,0.0
18824,2022-10,0,0,0,0.0
18824,2022-11,0,0,0,0.0
18824,2022-12,0,0,0,0.0
18825,2022-01,0,0,0,0.0
18825,2022-02,0,0,0,0.0
18825,2022-03,0,0,0,0.0
18825,2022-04,0,0,0,0.0
18825,2022-05,0,0,0,0.0
18825,2022-06,0,0,0,0.0
18825,2022-07,0,0,0,0.0
18825,2022-08,0,0,0,0.0
18825,2022-09,0,0,0,0.0
18825,2022-10,0,0,0,0.0
18825,2022-11,0,0,0,0.0
18825,2022-12,0,0,0,0.0
18826,2022-01,0,0,0,0.0
18826,2022-02,0,0,0,0.0
18826,2022-03,0,0,0,0.0
18826,2022-04,0,0,0,0.0
18826,2022-05,0,0,0,0.0
18826,2022-06,0,0,0,0.0
18826,2022-07,0,0,0,0.0
18826,2022-08,0,0,0,0.0
18826,2022-09,0,0,0,0.0
18826,2022-10,0,0,0,0.0
18826,2022-11,0,0,0,0.0
18826,2022-12,0,0,0,0.0
18828,2022-01,0,0,0,0.0
18828,2022-02,0,0,0,0.0
18828,2022-03,0,0,0,0.0
18828,2022-04,0,0,0,0.0
18828,2022-05,0,0,0,0.0
18828,2022-06,0,0,0,0.0
18828,2022-07,0,0,0,0.0
18828,2022-08,0,0,0,0.0
18828,2022-09,0,0,0,0.0
18828,2022-10,0,0,0,0.0
18828,2022-11,0,0,0,0.0
18828,2022-12,0,0,0,0.0
18829,2022-01,0,0,0,0.0
18829,2022-02,0,0,0,0.0
18829,2022-03,0,0,0,0.0
18829,2022-04,0,0,0,0.0
18829,2022-05,0,0,0,0.0
18829,2022-06,0,0,0,0.0
18829,2022-07,0,0,0,0.0
18829,2022-08,0,0,0,0.0
18829,2022-09,0,0,0,0.0
18829,2022-10,0,0,0,0.0
18829,2022-11,0,0,0,0.0
18829,2022-12,0,0,0,0.0
18830,2022-01,0,0,0,0.0
18830,2022-02,0,0,0,0.0
18830,2022-03,0,0,0,0.0
18830,2022-04,0,0,0,0.0
18830,2022-05,0,0,0,0.0
18830,2022-06,0,0,0,0.0
18830,2022-07,0,0,0,0.0
18830,2022-08,0,0,0,0.0
18830,2022-09,0,0,0,0.0
18830,2022-10,0,0,0,0.0
18830,2022-11,0,0,0,0.0
18830,2022-12,0,0,0,0.0
18831,2022-01,0,0,0,0.0
18831,2022-02,0,0,0,0.0
18831,2022-03,0,0,0,0.0
18831,2022-04,0,0,0,0.0
18831,2022-05,0,0,0,0.0
18831,2022-06,0,0,0,0.0
18831,2022-07,0,0,0,0.0
18831,2022-08,0,0,0,0.0
18831,2022-09,0,0,0,0.0
18831,2022-10,0,0,0,0.0
18831,2022-11,0,0,0,0.0
18831,2022-12,0,0,0,0.0
18832,2022-01,0,0,0,0.0
18832,2022-02,0,0,0,0.0
18832,2022-03,0,0,0,0.0
18832,2022-04,0,0,0,0.0
18832,2022-05,0,0,0,0.0
18832,2022-06,0,0,0,0.0
18832,2022-07,0,0,0,0.0
18832,2022-08,0,0,0,0.0
18832,2022-09,0,0,0,0.0
18832,2022-10,0,0,0,0.0
18832,2022-11,0,0,0,0.0
18832,2022-12,0,0,0,0.0
18833,2022-01,0,0,0,0.0
18833,2022-02,0,0,0,0.0
18833,2022-03,0,0,0,0.0
18833,2022-04,0,0,0,0.0
18833,2022-05,0,0,0,0.0
18833,2022-06,0,0,0,0.0
18833,2022-07,0,0,0,0.0
18833,2022-08,0,0,0,0.0
18833,2022-09,0,0,0,0.0
18833,2022-10,0,0,0,0.0
18833,2022-11,0,0,0,0.0
18833,2022-12,0,0,0,0.0
18834,2022-01,0,0,0,0.0
18834,2022-02,0,0,0,0.0
18834,2022-03,0,0,0,0.0
18834,2022-04,0,0,0,0.0
18834,2022-05,0,0,0,0.0
18834,2022-06,0,0,0,0.0
18834,2022-07,0,0,0,0.0
18834,2022-08,0,0,0,0.0
18834,2022-09,0,0,0,0.0
18834,2022-10,0,0,0,0.0
18834,2022-11,0,0,0,0.0
18834,2022-12,0,0,0,0.0
18837,2022-01,0,0,0,0.0
18837,2022-02,0,0,0,0.0
18837,2022-03,0,0,0,0.0
18837,2022-04,0,0,0,0.0
18837,2022-05,0,0,0,0.0
18837,2022-06,0,0,0,0.0
18837,2022-07,0,0,0,0.0
18837,2022-08,0,0,0,0.0
18837,2022-09,0,0,0,0.0
18837,2022-10,0,0,0,0.0
18837,2022-11,0,0,0,0.0
18837,2022-12,0,0,0,0.0
18840,2022-01,0,0,0,0.0
18840,2022-02,0,0,0,0.0
18840,2022-03,0,0,0,0.0
18840,2022-04,0,0,0,0.0
18840,2022-05,0,0,0,0.0
18840,2022-06,0,0,0,0.0
18840,2022-07,0,0,0,0.0
18840,2022-08,0,0,0,0.0
18840,2022-09,0,0,0,0.0
18840,2022-10,0,0,0,0.0
18840,2022-11,0,0,0,0.0
18840,2022-12,0,0,0,0.0
18842,2022-01,0,0,0,0.0
18842,2022-02,0,0,0,0.0
18842,2022-03,0,0,0,0.0
18842,2022-04,0,0,0,0.0
18842,2022-05,0,0,0,0.0
18842,2022-06,0,0,0,0.0
18842,2022-07,0,0,0,0.0
18842,2022-08,0,0,0,0.0
18842,2022-09,0,0,0,0.0
18842,2022-10,0,0,0,0.0
18842,2022-11,0,0,0,0.0
18842,2022-12,0,0,0,0.0
18843,2022-01,0,0,0,0.0
18843,2022-02,0,0,0,0.0
18843,2022-03,0,0,0,0.0
18843,2022-04,0,0,0,0.0
18843,2022-05,0,0,0,0.0
18843,2022-06,0,0,0,0.0
18843,2022-07,0,0,0,0.0
18843,2022-08,0,0,0,0.0
18843,2022-09,0,0,0,0.0
18843,2022-10,0,0,0,0.0
18843,2022-11,0,0,0,0.0
18843,2022-12,0,0,0,0.0
18844,2022-01,0,0,0,0.0
18844,2022-02,0,0,0,0.0
18844,2022-03,0,0,0,0.0
18844,2022-04,0,0,0,0.0
18844,2022-05,0,0,0,0.0
18844,2022-06,0,0,0,1.0
18844,2022-07,0,0,0,0.0
18844,2022-08,0,0,0,0.0
18844,2022-09,0,0,0,0.0
18844,2022-10,0,0,0,0.0
18844,2022-11,0,0,0,0.0
18844,2022-12,0,0,0,0.0
18845,2022-01,0,0,0,0.0
18845,2022-02,0,0,0,0.0
18845,2022-03,0,0,0,0.0
18845,2022-04,0,0,0,0.0
18845,2022-05,0,0,0,0.0
18845,2022-06,0,0,0,0.0
18845,2022-07,0,0,0,0.0
18845,2022-08,0,0,0,0.0
18845,2022-09,0,0,0,0.0
18845,2022-10,0,0,0,0.0
18845,2022-11,0,0,0,0.0
18845,2022-12,0,0,0,0.0
18846,2022-01,0,0,0,0.0
18846,2022-02,0,0,0,0.0
18846,2022-03,0,0,0,0.0
18846,2022-04,0,0,0,0.0
18846,2022-05,0,0,0,0.0
18846,2022-06,0,0,0,0.0
18846,2022-07,0,0,0,0.0
18846,2022-08,0,0,0,0.0
18846,2022-09,0,0,0,0.0
18846,2022-10,0,0,0,0.0
18846,2022-11,0,0,0,0.0
18846,2022-12,0,0,0,0.0
18847,2022-01,0,0,0,0.0
18847,2022-02,0,0,0,0.0
18847,2022-03,0,0,0,0.0
18847,2022-04,0,0,0,0.0
18847,2022-05,0,0,0,0.0
18847,2022-06,0,0,0,0.0
18847,2022-07,0,0,0,0.0
18847,2022-08,0,0,0,0.0
18847,2022-09,0,0,0,0.0
18847,2022-10,0,0,0,0.0
18847,2022-11,0,0,0,0.0
18847,2022-12,0,0,0,0.0
18848,2022-01,0,0,0,0.0
18848,2022-02,0,0,0,0.0
18848,2022-03,0,0,0,0.0
18848,2022-04,0,0,0,0.0
18848,2022-05,0,0,0,0.0
18848,2022-06,0,0,0,0.0
18848,2022-07,0,0,0,0.0
18848,2022-08,0,0,0,0.0
18848,2022-09,0,0,0,0.0
18848,2022-10,0,0,0,0.0
18848,2022-11,0,0,0,0.0
18848,2022-12,0,0,0,0.0
18850,2022-01,0,0,0,0.0
18850,2022-02,0,0,0,0.0
18850,2022-03,0,0,0,0.0
18850,2022-04,0,0,0,0.0
18850,2022-05,0,0,0,0.0
18850,2022-06,0,0,0,0.0
18850,2022-07,0,0,0,0.0
18850,2022-08,0,0,0,0.0
18850,2022-09,0,0,0,0.0
18850,2022-10,0,0,0,0.0
18850,2022-11,0,0,0,0.0
18850,2022-12,0,0,0,0.0
18851,2022-01,0,0,0,0.0
18851,2022-02,0,0,0,0.0
18851,2022-03,0,0,0,0.0
18851,2022-04,0,0,0,0.0
18851,2022-05,0,0,0,0.0
18851,2022-06,0,0,0,0.0
18851,2022-07,0,0,0,0.0
18851,2022-08,0,0,0,0.0
18851,2022-09,0,0,0,0.0
18851,2022-10,0,0,0,0.0
18851,2022-11,0,0,0,0.0
18851,2022-12,0,0,0,0.0
18853,2022-01,0,0,0,0.0
18853,2022-02,0,0,0,0.0
18853,2022-03,0,0,0,0.0
18853,2022-04,0,0,0,0.0
18853,2022-05,0,0,0,0.0
18853,2022-06,0,0,0,0.0
18853,2022-07,0,0,0,0.0
18853,2022-08,0,0,0,0.0
18853,2022-09,0,0,0,0.0
18853,2022-10,0,0,0,0.0
18853,2022-11,0,0,0,0.0
18853,2022-12,0,0,0,0.0
18854,2022-01,0,0,0,0.0
18854,2022-02,0,0,0,0.0
18854,2022-03,0,0,0,0.0
18854,2022-04,0,0,0,0.0
18854,2022-05,0,0,0,0.0
18854,2022-06,0,0,0,0.0
18854,2022-07,0,0,0,0.0
18854,2022-08,0,0,0,0.0
18854,2022-09,0,0,0,0.0
18854,2022-10,0,0,0,0.0
18854,2022-11,0,0,0,0.0
18854,2022-12,0,0,0,0.0
18901,2022-01,Bucks,0,0,0.0
18901,2022-02,Bucks,0,1,0.0
18901,2022-03,Bucks,0,0,0.0
18901,2022-04,Bucks,0,0,0.0
18901,2022-05,Bucks,0,6,0.0
18901,2022-06,Bucks,0,1,0.0
18901,2022-07,Bucks,0,2,0.0
18901,2022-08,Bucks,0,0,0.0
18901,2022-09,Bucks,0,1,0.0
18901,2022-10,Bucks,0,0,0.0
18901,2022-11,Bucks,0,0,0.0
18901,2022-12,Bucks,0,0,0.0
18902,2022-01,0,0,0,0.0
18902,2022-02,0,0,0,1.0
18902,2022-03,0,0,0,0.0
18902,2022-04,0,0,0,0.0
18902,2022-05,0,0,0,6.0
18902,2022-06,0,0,0,1.0
18902,2022-07,0,0,0,2.0
18902,2022-08,0,0,0,0.0
18902,2022-09,0,0,0,1.0
18902,2022-10,0,0,0,0.0
18902,2022-11,0,0,0,0.0
18902,2022-12,0,0,0,0.0
18912,2022-01,0,0,0,0.0
18912,2022-02,0,0,0,0.0
18912,2022-03,0,0,0,0.0
18912,2022-04,0,0,0,0.0
18912,2022-05,0,0,0,0.0
18912,2022-06,0,0,0,0.0
18912,2022-07,0,0,0,0.0
18912,2022-08,0,0,0,0.0
18912,2022-09,0,0,0,0.0
18912,2022-10,0,0,0,0.0
18912,2022-11,0,0,0,0.0
18912,2022-12,0,0,0,0.0
18913,2022-01,0,0,0,0.0
18913,2022-02,0,0,0,0.0
18913,2022-03,0,0,0,0.0
18913,2022-04,0,0,0,0.0
18913,2022-05,0,0,0,0.0
18913,2022-06,0,0,0,0.0
18913,2022-07,0,0,0,0.0
18913,2022-08,0,0,0,0.0
18913,2022-09,0,0,0,0.0
18913,2022-10,0,0,0,0.0
18913,2022-11,0,0,0,0.0
18913,2022-12,0,0,0,0.0
18914,2022-01,0,0,0,0.0
18914,2022-02,0,0,0,1.0
18914,2022-03,0,0,0,0.0
18914,2022-04,0,0,0,0.0
18914,2022-05,0,0,0,6.0
18914,2022-06,0,0,0,2.0
18914,2022-07,0,0,0,2.0
18914,2022-08,0,0,0,0.0
18914,2022-09,0,0,0,1.0
18914,2022-10,0,0,0,0.0
18914,2022-11,0,0,0,0.0
18914,2022-12,0,0,0,0.0
18915,2022-01,0,0,0,0.0
18915,2022-02,0,0,0,0.0
18915,2022-03,0,0,0,0.0
18915,2022-04,0,0,0,0.0
18915,2022-05,0,0,0,0.0
18915,2022-06,0,0,0,1.0
18915,2022-07,0,0,0,0.0
18915,2022-08,0,0,0,0.0
18915,2022-09,0,0,0,0.0
18915,2022-10,0,0,0,0.0
18915,2022-11,0,0,0,0.0
18915,2022-12,0,0,0,0.0
18917,2022-01,0,0,0,0.0
18917,2022-02,0,0,0,0.0
18917,2022-03,0,0,0,0.0
18917,2022-04,0,0,0,0.0
18917,2022-05,0,0,0,0.0
18917,2022-06,0,0,0,0.0
18917,2022-07,0,0,0,0.0
18917,2022-08,0,0,0,0.0
18917,2022-09,0,0,0,0.0
18917,2022-10,0,0,0,0.0
18917,2022-11,0,0,0,0.0
18917,2022-12,0,0,0,0.0
18920,2022-01,0,0,0,0.0
18920,2022-02,0,0,0,0.0
18920,2022-03,0,0,0,0.0
18920,2022-04,0,0,0,0.0
18920,2022-05,0,0,0,0.0
18920,2022-06,0,0,0,0.0
18920,2022-07,0,0,0,0.0
18920,2022-08,0,0,0,0.0
18920,2022-09,0,0,0,0.0
18920,2022-10,0,0,0,0.0
18920,2022-11,0,0,0,0.0
18920,2022-12,0,0,0,0.0
18921,2022-01,0,0,0,0.0
18921,2022-02,0,0,0,0.0
18921,2022-03,0,0,0,0.0
18921,2022-04,0,0,0,0.0
18921,2022-05,0,0,0,0.0
18921,2022-06,0,0,0,0.0
18921,2022-07,0,0,0,0.0
18921,2022-08,0,0,0,0.0
18921,2022-09,0,0,0,0.0
18921,2022-10,0,0,0,0.0
18921,2022-11,0,0,0,0.0
18921,2022-12,0,0,0,0.0
18923,2022-01,0,0,0,0.0
18923,2022-02,0,0,0,1.0
18923,2022-03,0,0,0,0.0
18923,2022-04,0,0,0,0.0
18923,2022-05,0,0,0,6.0
18923,2022-06,0,0,0,1.0
18923,2022-07,0,0,0,2.0
18923,2022-08,0,0,0,0.0
18923,2022-09,0,0,0,1.0
18923,2022-10,0,0,0,0.0
18923,2022-11,0,0,0,0.0
18923,2022-12,0,0,0,0.0
18925,2022-01,0,0,0,0.0
18925,2022-02,0,0,0,1.0
18925,2022-03,0,0,0,0.0
18925,2022-04,0,0,0,0.0
18925,2022-05,0,0,0,6.0
18925,2022-06,0,0,0,1.0
18925,2022-07,0,0,0,2.0
18925,2022-08,0,0,0,0.0
18925,2022-09,0,0,0,1.0
18925,2022-10,0,0,0,0.0
18925,2022-11,0,0,0,0.0
18925,2022-12,0,0,0,0.0
18927,2022-01,0,0,0,0.0
18927,2022-02,0,0,0,0.0
18927,2022-03,0,0,0,0.0
18927,2022-04,0,0,0,0.0
18927,2022-05,0,0,0,0.0
18927,2022-06,0,0,0,0.0
18927,2022-07,0,0,0,0.0
18927,2022-08,0,0,0,0.0
18927,2022-09,0,0,0,0.0
18927,2022-10,0,0,0,0.0
18927,2022-11,0,0,0,0.0
18927,2022-12,0,0,0,0.0
18929,2022-01,0,0,0,0.0
18929,2022-02,0,0,0,1.0
18929,2022-03,0,0,0,0.0
18929,2022-04,0,0,0,0.0
18929,2022-05,0,0,0,6.0
18929,2022-06,0,0,0,1.0
18929,2022-07,0,0,0,2.0
18929,2022-08,0,0,0,0.0
18929,2022-09,0,0,0,1.0
18929,2022-10,0,0,0,0.0
18929,2022-11,0,0,0,0.0
18929,2022-12,0,0,0,0.0
18930,2022-01,0,0,0,0.0
18930,2022-02,0,0,0,0.0
18930,2022-03,0,0,0,0.0
18930,2022-04,0,0,0,0.0
18930,2022-05,0,0,0,0.0
18930,2022-06,0,0,0,0.0
18930,2022-07,0,0,0,0.0
18930,2022-08,0,0,0,0.0
18930,2022-09,0,0,0,0.0
18930,2022-10,0,0,0,0.0
18930,2022-11,0,0,0,0.0
18930,2022-12,0,0,0,0.0
18932,2022-01,0,0,0,0.0
18932,2022-02,0,0,0,0.0
18932,2022-03,0,0,0,0.0
18932,2022-04,0,0,0,0.0
18932,2022-05,0,0,0,0.0
18932,2022-06,0,0,0,1.0
18932,2022-07,0,0,0,0.0
18932,2022-08,0,0,0,0.0
18932,2022-09,0,0,0,0.0
18932,2022-10,0,0,0,0.0
18932,2022-11,0,0,0,0.0
18932,2022-12,0,0,0,0.0
18933,2022-01,0,0,0,0.0
18933,2022-02,0,0,0,0.0
18933,2022-03,0,0,0,0.0
18933,2022-04,0,0,0,0.0
18933,2022-05,0,0,0,0.0
18933,2022-06,0,0,0,0.0
18933,2022-07,0,0,0,0.0
18933,2022-08,0,0,0,0.0
18933,2022-09,0,0,0,0.0
18933,2022-10,0,0,0,0.0
18933,2022-11,0,0,0,0.0
18933,2022-12,0,0,0,0.0
18935,2022-01,0,0,0,0.0
18935,2022-02,0,0,0,0.0
18935,2022-03,0,0,0,0.0
18935,2022-04,0,0,0,0.0
18935,2022-05,0,0,0,0.0
18935,2022-06,0,0,0,0.0
18935,2022-07,0,0,0,0.0
18935,2022-08,0,0,0,0.0
18935,2022-09,0,0,0,0.0
18935,2022-10,0,0,0,0.0
18935,2022-11,0,0,0,0.0
18935,2022-12,0,0,0,0.0
18936,2022-01,0,0,0,0.0
18936,2022-02,0,0,0,0.0
18936,2022-03,0,0,0,0.0
18936,2022-04,0,0,0,0.0
18936,2022-05,0,0,0,0.0
18936,2022-06,0,0,0,0.0
18936,2022-07,0,0,0,0.0
18936,2022-08,0,0,0,0.0
18936,2022-09,0,0,0,0.0
18936,2022-10,0,0,0,0.0
18936,2022-11,0,0,0,0.0
18936,2022-12,0,0,0,0.0
18938,2022-01,0,0,0,0.0
18938,2022-02,0,0,0,0.0
18938,2022-03,0,0,0,0.0
18938,2022-04,0,0,0,0.0
18938,2022-05,0,0,0,0.0
18938,2022-06,0,0,0,0.0
18938,2022-07,0,0,0,0.0
18938,2022-08,0,0,0,0.0
18938,2022-09,0,0,0,0.0
18938,2022-10,0,0,0,0.0
18938,2022-11,0,0,0,0.0
18938,2022-12,0,0,0,0.0
18940,2022-01,0,0,0,0.0
18940,2022-02,0,0,0,0.0
18940,2022-03,0,0,0,0.0
18940,2022-04,0,0,0,0.0
18940,2022-05,0,0,0,0.0
18940,2022-06,0,0,0,1.0
18940,2022-07,0,0,0,2.0
18940,2022-08,0,0,0,0.0
18940,2022-09,0,0,0,0.0
18940,2022-10,0,0,0,2.0
18940,2022-11,0,0,0,0.0
18940,2022-12,0,0,0,0.0
18942,2022-01,0,0,0,0.0
18942,2022-02,0,0,0,0.0
18942,2022-03,0,0,0,0.0
18942,2022-04,0,0,0,0.0
18942,2022-05,0,0,0,0.0
18942,2022-06,0,0,0,0.0
18942,2022-07,0,0,0,0.0
18942,2022-08,0,0,0,0.0
18942,2022-09,0,0,0,0.0
18942,2022-10,0,0,0,0.0
18942,2022-11,0,0,0,0.0
18942,2022-12,0,0,0,0.0
18944,2022-01,0,0,0,0.0
18944,2022-02,0,0,0,1.0
18944,2022-03,0,0,0,0.0
18944,2022-04,0,0,0,0.0
18944,2022-05,0,0,0,6.0
18944,2022-06,0,0,0,2.0
18944,2022-07,0,0,0,2.0
18944,2022-08,0,0,0,0.0
18944,2022-09,0,0,0,1.0
18944,2022-10,0,0,0,0.0
18944,2022-11,0,0,0,0.0
18944,2022-12,0,0,0,0.0
18946,2022-01,0,0,0,0.0
18946,2022-02,0,0,0,0.0
18946,2022-03,0,0,0,0.0
18946,2022-04,0,0,0,0.0
18946,2022-05,0,0,0,0.0
18946,2022-06,0,0,0,0.0
18946,2022-07,0,0,0,0.0
18946,2022-08,0,0,0,0.0
18946,2022-09,0,0,0,0.0
18946,2022-10,0,0,0,0.0
18946,2022-11,0,0,0,0.0
18946,2022-12,0,0,0,0.0
18947,2022-01,0,0,0,0.0
18947,2022-02,0,0,0,1.0
18947,2022-03,0,0,0,0.0
18947,2022-04,0,0,0,0.0
18947,2022-05,0,0,0,6.0
18947,2022-06,0,0,0,1.0
18947,2022-07,0,0,0,2.0
18947,2022-08,0,0,0,0.0
18947,2022-09,0,0,0,1.0
18947,2022-10,0,0,0,0.0
18947,2022-11,0,0,0,0.0
18947,2022-12,0,0,0,0.0
18950,2022-01,0,0,0,0.0
18950,2022-02,0,0,0,0.0
18950,2022-03,0,0,0,0.0
18950,2022-04,0,0,0,0.0
18950,2022-05,0,0,0,0.0
18950,2022-06,0,0,0,0.0
18950,2022-07,0,0,0,0.0
18950,2022-08,0,0,0,0.0
18950,2022-09,0,0,0,0.0
18950,2022-10,0,0,0,0.0
18950,2022-11,0,0,0,0.0
18950,2022-12,0,0,0,0.0
18951,2022-01,0,0,0,0.0
18951,2022-02,0,0,0,0.0
18951,2022-03,0,0,0,0.0
18951,2022-04,0,0,0,0.0
18951,2022-05,0,0,0,0.0
18951,2022-06,0,0,0,0.0
18951,2022-07,0,0,0,0.0
18951,2022-08,0,0,0,0.0
18951,2022-09,0,0,0,0.0
18951,2022-10,0,0,0,0.0
18951,2022-11,0,0,0,0.0
18951,2022-12,0,0,0,0.0
18954,2022-01,0,0,0,0.0
18954,2022-02,0,0,0,0.0
18954,2022-03,0,0,0,0.0
18954,2022-04,0,0,0,0.0
18954,2022-05,0,0,0,0.0
18954,2022-06,0,0,0,0.0
18954,2022-07,0,0,0,0.0
18954,2022-08,0,0,0,0.0
18954,2022-09,0,0,0,0.0
18954,2022-10,0,0,0,0.0
18954,2022-11,0,0,0,0.0
18954,2022-12,0,0,0,0.0
18955,2022-01,0,0,0,0.0
18955,2022-02,0,0,0,0.0
18955,2022-03,0,0,0,0.0
18955,2022-04,0,0,0,0.0
18955,2022-05,0,0,0,0.0
18955,2022-06,0,0,0,0.0
18955,2022-07,0,0,0,0.0
18955,2022-08,0,0,0,0.0
18955,2022-09,0,0,0,0.0
18955,2022-10,0,0,0,0.0
18955,2022-11,0,0,0,0.0
18955,2022-12,0,0,0,0.0
18960,2022-01,0,0,0,0.0
18960,2022-02,0,0,0,0.0
18960,2022-03,0,0,0,0.0
18960,2022-04,0,0,0,0.0
18960,2022-05,0,0,0,0.0
18960,2022-06,0,0,0,1.0
18960,2022-07,0,0,0,0.0
18960,2022-08,0,0,0,0.0
18960,2022-09,0,0,0,0.0
18960,2022-10,0,0,0,0.0
18960,2022-11,0,0,0,0.0
18960,2022-12,0,0,0,0.0
18962,2022-01,0,0,0,0.0
18962,2022-02,0,0,0,0.0
18962,2022-03,0,0,0,0.0
18962,2022-04,0,0,0,0.0
18962,2022-05,0,0,0,0.0
18962,2022-06,0,0,0,0.0
18962,2022-07,0,0,0,0.0
18962,2022-08,0,0,0,0.0
18962,2022-09,0,0,0,0.0
18962,2022-10,0,0,0,0.0
18962,2022-11,0,0,0,0.0
18962,2022-12,0,0,0,0.0
18964,2022-01,0,0,0,0.0
18964,2022-02,0,0,0,0.0
18964,2022-03,0,0,0,0.0
18964,2022-04,0,0,0,0.0
18964,2022-05,0,0,0,0.0
18964,2022-06,0,0,0,1.0
18964,2022-07,0,0,0,0.0
18964,2022-08,0,0,0,0.0
18964,2022-09,0,0,0,0.0
18964,2022-10,0,0,0,0.0
18964,2022-11,0,0,0,0.0
18964,2022-12,0,0,0,0.0
18966,2022-01,0,0,0,0.0
18966,2022-02,0,0,0,0.0
18966,2022-03,0,0,0,0.0
18966,2022-04,0,0,0,0.0
18966,2022-05,0,0,0,0.0
18966,2022-06,0,0,0,1.0
18966,2022-07,0,0,0,2.0
18966,2022-08,0,0,0,0.0
18966,2022-09,0,0,0,0.0
18966,2022-10,0,0,0,1.0
18966,2022-11,0,0,0,0.0
18966,2022-12,0,0,0,0.0
18969,2022-01,0,0,0,0.0
18969,2022-02,0,0,0,0.0
18969,2022-03,0,0,0,0.0
18969,2022-04,0,0,0,0.0
18969,2022-05,0,0,0,0.0
18969,2022-06,0,0,0,0.0
18969,2022-07,0,0,0,0.0
18969,2022-08,0,0,0,0.0
18969,2022-09,0,0,0,0.0
18969,2022-10,0,0,0,0.0
18969,2022-11,0,0,0,0.0
18969,2022-12,0,0,0,0.0
18970,2022-01,0,0,0,0.0
18970,2022-02,0,0,0,0.0
18970,2022-03,0,0,0,0.0
18970,2022-04,0,0,0,0.0
18970,2022-05,0,0,0,0.0
18970,2022-06,0,0,0,0.0
18970,2022-07,0,0,0,0.0
18970,2022-08,0,0,0,0.0
18970,2022-09,0,0,0,0.0
18970,2022-10,0,0,0,0.0
18970,2022-11,0,0,0,0.0
18970,2022-12,0,0,0,0.0
18972,2022-01,0,0,0,0.0
18972,2022-02,0,0,0,0.0
18972,2022-03,0,0,0,0.0
18972,2022-04,0,0,0,0.0
18972,2022-05,0,0,0,0.0
18972,2022-06,0,0,0,0.0
18972,2022-07,0,0,0,0.0
18972,2022-08,0,0,0,0.0
18972,2022-09,0,0,0,0.0
18972,2022-10,0,0,0,0.0
18972,2022-11,0,0,0,0.0
18972,2022-12,0,0,0,0.0
18974,2022-01,0,0,0,0.0
18974,2022-02,0,0,0,0.0
18974,2022-03,0,0,0,0.0
18974,2022-04,0,0,0,0.0
18974,2022-05,0,0,0,0.0
18974,2022-06,0,0,0,0.0
18974,2022-07,0,0,0,0.0
18974,2022-08,0,0,0,0.0
18974,2022-09,0,0,0,0.0
18974,2022-10,0,0,0,0.0
18974,2022-11,0,0,0,0.0
18974,2022-12,0,0,0,0.0
18976,2022-01,0,0,0,0.0
18976,2022-02,0,0,0,1.0
18976,2022-03,0,0,0,0.0
18976,2022-04,0,0,0,0.0
18976,2022-05,0,0,0,6.0
18976,2022-06,0,0,0,1.0
18976,2022-07,0,0,0,2.0
18976,2022-08,0,0,0,0.0
18976,2022-09,0,0,0,1.0
18976,2022-10,0,0,0,0.0
18976,2022-11,0,0,0,0.0
18976,2022-12,0,0,0,0.0
18977,2022-01,0,0,0,0.0
18977,2022-02,0,0,0,0.0
18977,2022-03,0,0,0,0.0
18977,2022-04,0,0,0,0.0
18977,2022-05,0,0,0,0.0
18977,2022-06,0,0,0,0.0
18977,2022-07,0,0,0,0.0
18977,2022-08,0,0,0,0.0
18977,2022-09,0,0,0,0.0
18977,2022-10,0,0,0,1.0
18977,2022-11,0,0,0,0.0
18977,2022-12,0,0,0,0.0
18980,2022-01,0,0,0,0.0
18980,2022-02,0,0,0,0.0
18980,2022-03,0,0,0,0.0
18980,2022-04,0,0,0,0.0
18980,2022-05,0,0,0,0.0
18980,2022-06,0,0,0,0.0
18980,2022-07,0,0,0,0.0
18980,2022-08,0,0,0,0.0
18980,2022-09,0,0,0,0.0
18980,2022-10,0,0,0,0.0
18980,2022-11,0,0,0,0.0
18980,2022-12,0,0,0,0.0
19001,2022-01,0,0,0,0.0
19001,2022-02,0,0,0,0.0
19001,2022-03,0,0,0,0.0
19001,2022-04,0,0,0,0.0
19001,2022-05,0,0,0,0.0
19001,2022-06,0,0,0,0.0
19001,2022-07,0,0,0,0.0
19001,2022-08,0,0,0,0.0
19001,2022-09,0,0,0,0.0
19001,2022-10,0,0,0,0.0
19001,2022-11,0,0,0,0.0
19001,2022-12,0,0,0,0.0
19002,2022-01,0,0,0,0.0
19002,2022-02,0,0,0,0.0
19002,2022-03,0,0,0,0.0
19002,2022-04,0,0,0,0.0
19002,2022-05,0,0,0,0.0
19002,2022-06,0,0,0,0.0
19002,2022-07,0,0,0,0.0
19002,2022-08,0,0,0,0.0
19002,2022-09,0,0,0,0.0
19002,2022-10,0,0,0,0.0
19002,2022-11,0,0,0,0.0
19002,2022-12,0,0,0,0.0
19003,2022-01,Montgomery,0,0,0.0
19003,2022-02,Montgomery,0,0,0.0
19003,2022-03,Montgomery,0,0,1.0
19003,2022-04,Montgomery,0,1,0.0
19003,2022-05,Montgomery,0,0,0.0
19003,2022-06,Montgomery,0,0,0.0
19003,2022-07,Montgomery,0,0,0.0
19003,2022-08,Montgomery,0,0,0.0
19003,2022-09,Montgomery,0,0,0.0
19003,2022-10,Montgomery,0,0,0.0
19003,2022-11,Montgomery,0,0,0.0
19003,2022-12,Montgomery,0,0,0.0
19004,2022-01,0,0,0,0.0
19004,2022-02,0,0,0,0.0
19004,2022-03,0,0,0,0.0
19004,2022-04,0,0,0,0.0
19004,2022-05,0,0,0,0.0
19004,2022-06,0,0,0,0.0
19004,2022-07,0,0,0,0.0
19004,2022-08,0,0,0,0.0
19004,2022-09,0,0,0,0.0
19004,2022-10,0,0,0,3.0
19004,2022-11,0,0,0,0.0
19004,2022-12,0,0,0,0.0
19006,2022-01,0,0,0,0.0
19006,2022-02,0,0,0,0.0
19006,2022-03,0,0,0,0.0
19006,2022-04,0,0,0,0.0
19006,2022-05,0,0,0,0.0
19006,2022-06,0,0,0,0.0
19006,2022-07,0,0,0,0.0
19006,2022-08,0,0,0,0.0
19006,2022-09,0,0,0,0.0
19006,2022-10,0,0,0,0.0
19006,2022-11,0,0,0,0.0
19006,2022-12,0,0,0,0.0
19007,2022-01,0,0,0,0.0
19007,2022-02,0,0,0,0.0
19007,2022-03,0,0,0,0.0
19007,2022-04,0,0,0,0.0
19007,2022-05,0,0,0,0.0
19007,2022-06,0,0,0,1.0
19007,2022-07,0,0,0,2.0
19007,2022-08,0,0,0,0.0
19007,2022-09,0,0,0,0.0
19007,2022-10,0,0,0,2.0
19007,2022-11,0,0,0,0.0
19007,2022-12,0,0,0,0.0
19008,2022-01,0,0,0,1.0
19008,2022-02,0,0,0,0.0
19008,2022-03,0,0,0,1.0
19008,2022-04,0,0,0,0.0
19008,2022-05,0,0,0,0.0
19008,2022-06,0,0,0,1.0
19008,2022-07,0,0,0,0.0
19008,2022-08,0,0,0,0.0
19008,2022-09,0,0,0,0.0
19008,2022-10,0,0,0,0.0
19008,2022-11,0,0,0,0.0
19008,2022-12,0,0,0,0.0
19009,2022-01,0,0,0,0.0
19009,2022-02,0,0,0,0.0
19009,2022-03,0,0,0,0.0
19009,2022-04,0,0,0,0.0
19009,2022-05,0,0,0,0.0
19009,2022-06,0,0,0,0.0
19009,2022-07,0,0,0,0.0
19009,2022-08,0,0,0,0.0
19009,2022-09,0,0,0,0.0
19009,2022-10,0,0,0,0.0
19009,2022-11,0,0,0,0.0
19009,2022-12,0,0,0,0.0
19010,2022-01,0,0,0,0.0
19010,2022-02,0,0,0,0.0
19010,2022-03,0,0,0,0.0
19010,2022-04,0,0,0,0.0
19010,2022-05,0,0,0,0.0
19010,2022-06,0,0,0,0.0
19010,2022-07,0,0,0,0.0
19010,2022-08,0,0,0,0.0
19010,2022-09,0,0,0,0.0
19010,2022-10,0,0,0,0.0
19010,2022-11,0,0,0,0.0
19010,2022-12,0,0,0,0.0
19012,2022-01,0,0,0,0.0
19012,2022-02,0,0,0,0.0
19012,2022-03,0,0,0,0.0
19012,2022-04,0,0,0,0.0
19012,2022-05,0,0,0,0.0
19012,2022-06,0,0,0,0.0
19012,2022-07,0,0,0,0.0
19012,2022-08,0,0,0,0.0
19012,2022-09,0,0,0,0.0
19012,2022-10,0,0,0,0.0
19012,2022-11,0,0,0,0.0
19012,2022-12,0,0,0,0.0
19013,2022-01,0,0,0,0.0
19013,2022-02,0,0,0,0.0
19013,2022-03,0,0,0,0.0
19013,2022-04,0,0,0,0.0
19013,2022-05,0,0,0,1.0
19013,2022-06,0,0,0,0.0
19013,2022-07,0,0,0,1.0
19013,2022-08,0,0,0,0.0
19013,2022-09,0,0,0,0.0
19013,2022-10,0,0,0,0.0
19013,2022-11,0,0,0,0.0
19013,2022-12,0,0,0,0.0
19014,2022-01,0,0,0,1.0
19014,2022-02,0,0,0,0.0
19014,2022-03,0,0,0,0.0
19014,2022-04,0,0,0,0.0
19014,2022-05,0,0,0,1.0
19014,2022-06,0,0,0,1.0
19014,2022-07,0,0,0,0.0
19014,2022-08,0,0,0,0.0
19014,2022-09,0,0,0,0.0
19014,2022-10,0,0,0,0.0
19014,2022-11,0,0,0,0.0
19014,2022-12,0,0,0,0.0
19015,2022-01,Delaware,0,0,1.0
19015,2022-02,Delaware,0,0,0.0
19015,2022-03,Delaware,0,0,0.0
19015,2022-04,Delaware,0,0,0.0
19015,2022-05,Delaware,0,1,0.0
19015,2022-06,Delaware,0,0,1.0
19015,2022-07,Delaware,0,0,0.0
19015,2022-08,Delaware,0,0,0.0
19015,2022-09,Delaware,0,0,0.0
19015,2022-10,Delaware,0,0,0.0
19015,2022-11,Delaware,0,0,0.0
19015,2022-12,Delaware,0,0,0.0
19017,2022-01,0,0,0,1.0
19017,2022-02,0,0,0,0.0
19017,2022-03,0,0,0,0.0
19017,2022-04,0,0,0,0.0
19017,2022-05,0,0,0,0.0
19017,2022-06,0,0,0,1.0
19017,2022-07,0,0,0,0.0
19017,2022-08,0,0,0,1.0
19017,2022-09,0,0,0,0.0
19017,2022-10,0,0,0,0.0
19017,2022-11,0,0,0,0.0
19017,2022-12,0,0,0,0.0
19018,2022-01,0,0,0,0.0
19018,2022-02,0,0,0,0.0
19018,2022-03,0,0,0,1.0
19018,2022-04,0,0,0,0.0
19018,2022-05,0,0,0,1.0
19018,2022-06,0,0,0,0.0
19018,2022-07,0,0,0,0.0
19018,2022-08,0,0,0,0.0
19018,2022-09,0,0,0,0.0
19018,2022-10,0,0,0,0.0
19018,2022-11,0,0,0,0.0
19018,2022-12,0,0,0,0.0
19020,2022-01,0,0,0,0.0
19020,2022-02,0,0,0,0.0
19020,2022-03,0,0,0,0.0
19020,2022-04,0,0,0,0.0
19020,2022-05,0,0,0,0.0
19020,2022-06,0,0,0,1.0
19020,2022-07,0,0,0,2.0
19020,2022-08,0,0,0,0.0
19020,2022-09,0,0,0,0.0
19020,2022-10,0,0,0,1.0
19020,2022-11,0,0,0,0.0
19020,2022-12,0,0,0,0.0
19021,2022-01,0,0,0,0.0
19021,2022-02,0,0,0,0.0
19021,2022-03,0,0,0,0.0
19021,2022-04,0,0,0,0.0
19021,2022-05,0,0,0,0.0
19021,2022-06,0,0,0,0.0
19021,2022-07,0,0,0,0.0
19021,2022-08,0,0,0,0.0
19021,2022-09,0,0,0,0.0
19021,2022-10,0,0,0,0.0
19021,2022-11,0,0,0,0.0
19021,2022-12,0,0,0,0.0
19022,2022-01,Delaware,0,0,0.0
19022,2022-02,Delaware,0,0,0.0
19022,2022-03,Delaware,0,0,0.0
19022,2022-04,Delaware,0,0,0.0
19022,2022-05,Delaware,0,0,0.0
19022,2022-06,Delaware,0,0,0.0
19022,2022-07,Delaware,0,1,0.0
19022,2022-08,Delaware,0,0,0.0
19022,2022-09,Delaware,0,0,0.0
19022,2022-10,Delaware,0,0,0.0
19022,2022-11,Delaware,0,0,0.0
19022,2022-12,Delaware,0,0,0.0
19023,2022-01,0,0,0,0.0
19023,2022-02,0,0,0,0.0
19023,2022-03,0,0,0,1.0
19023,2022-04,0,0,0,0.0
19023,2022-05,0,0,0,0.0
19023,2022-06,0,0,0,0.0
19023,2022-07,0,0,0,0.0
19023,2022-08,0,0,0,2.0
19023,2022-09,0,0,0,0.0
19023,2022-10,0,0,0,0.0
19023,2022-11,0,0,0,1.0
19023,2022-12,0,0,0,0.0
19025,2022-01,0,0,0,1.0
19025,2022-02,0,0,0,0.0
19025,2022-03,0,0,0,0.0
19025,2022-04,0,0,0,0.0
19025,2022-05,0,0,0,0.0
19025,2022-06,0,0,0,0.0
19025,2022-07,0,0,0,0.0
19025,2022-08,0,0,0,0.0
19025,2022-09,0,0,0,0.0
19025,2022-10,0,0,0,0.0
19025,2022-11,0,0,0,0.0
19025,2022-12,0,0,0,0.0
19026,2022-01,Delaware,0,0,0.0
19026,2022-02,Delaware,0,0,0.0
19026,2022-03,Delaware,0,0,2.0
19026,2022-04,Delaware,0,0,0.0
19026,2022-05,Delaware,0,1,0.0
19026,2022-06,Delaware,0,0,0.0
19026,2022-07,Delaware,0,0,0.0
19026,2022-08,Delaware,0,0,0.0
19026,2022-09,Delaware,0,0,0.0
19026,2022-10,Delaware,0,0,0.0
19026,2022-11,Delaware,0,0,0.0
19026,2022-12,Delaware,0,0,0.0
19027,2022-01,0,0,0,0.0
19027,2022-02,0,0,0,0.0
19027,2022-03,0,0,0,0.0
19027,2022-04,0,0,0,0.0
19027,2022-05,0,0,0,0.0
19027,2022-06,0,0,0,0.0
19027,2022-07,0,0,0,0.0
19027,2022-08,0,0,0,0.0
19027,2022-09,0,0,0,0.0
19027,2022-10,0,0,0,0.0
19027,2022-11,0,0,0,0.0
19027,2022-12,0,0,0,0.0
19029,2022-01,0,0,0,0.0
19029,2022-02,0,0,0,0.0
19029,2022-03,0,0,0,1.0
19029,2022-04,0,0,0,0.0
19029,2022-05,0,0,0,1.0
19029,2022-06,0,0,0,0.0
19029,2022-07,0,0,0,0.0
19029,2022-08,0,0,0,2.0
19029,2022-09,0,0,0,0.0
19029,2022-10,0,0,0,0.0
19029,2022-11,0,0,0,2.0
19029,2022-12,0,0,0,1.0
19030,2022-01,0,0,0,0.0
19030,2022-02,0,0,0,0.0
19030,2022-03,0,0,0,0.0
19030,2022-04,0,0,0,0.0
19030,2022-05,0,0,0,0.0
19030,2022-06,0,0,0,1.0
19030,2022-07,0,0,0,2.0
19030,2022-08,0,0,0,0.0
19030,2022-09,0,0,0,0.0
19030,2022-10,0,0,0,2.0
19030,2022-11,0,0,0,0.0
19030,2022-12,0,0,0,0.0
19031,2022-01,0,0,0,1.0
19031,2022-02,0,0,0,0.0
19031,2022-03,0,0,0,0.0
19031,2022-04,0,0,0,0.0
19031,2022-05,0,0,0,0.0
19031,2022-06,0,0,0,0.0
19031,2022-07,0,0,0,0.0
19031,2022-08,0,0,0,0.0
19031,2022-09,0,0,0,0.0
19031,2022-10,0,0,0,0.0
19031,2022-11,0,0,0,0.0
19031,2022-12,0,0,0,0.0
19032,2022-01,0,0,0,0.0
19032,2022-02,0,0,0,0.0
19032,2022-03,0,0,0,0.0
19032,2022-04,0,0,0,0.0
19032,2022-05,0,0,0,0.0
19032,2022-06,0,0,0,0.0
19032,2022-07,0,0,0,0.0
19032,2022-08,0,0,0,2.0
19032,2022-09,0,0,0,0.0
19032,2022-10,0,0,0,0.0
19032,2022-11,0,0,0,1.0
19032,2022-12,0,0,0,0.0
19033,2022-01,0,0,0,0.0
19033,2022-02,0,0,0,0.0
19033,2022-03,0,0,0,0.0
19033,2022-04,0,0,0,0.0
19033,2022-05,0,0,0,0.0
19033,2022-06,0,0,0,0.0
19033,2022-07,0,0,0,0.0
19033,2022-08,0,0,0,0.0
19033,2022-09,0,0,0,0.0
19033,2022-10,0,0,0,0.0
19033,2022-11,0,0,0,0.0
19033,2022-12,0,0,0,0.0
19034,2022-01,0,0,0,1.0
19034,2022-02,0,0,0,0.0
19034,2022-03,0,0,0,0.0
19034,2022-04,0,0,0,0.0
19034,2022-05,0,0,0,0.0
19034,2022-06,0,0,0,0.0
19034,2022-07,0,0,0,0.0
19034,2022-08,0,0,0,0.0
19034,2022-09,0,0,0,0.0
19034,2022-10,0,0,0,0.0
19034,2022-11,0,0,0,0.0
19034,2022-12,0,0,0,0.0
19035,2022-01,0,0,0,0.0
19035,2022-02,0,0,0,0.0
19035,2022-03,0,0,0,0.0
19035,2022-04,0,0,0,0.0
19035,2022-05,0,0,0,0.0
19035,2022-06,0,0,0,0.0
19035,2022-07,0,0,0,0.0
19035,2022-08,0,0,0,0.0
19035,2022-09,0,0,0,0.0
19035,2022-10,0,0,0,3.0
19035,2022-11,0,0,0,0.0
19035,2022-12,0,0,0,0.0
19036,2022-01,0,0,0,0.0
19036,2022-02,0,0,0,0.0
19036,2022-03,0,0,0,0.0
19036,2022-04,0,0,0,0.0
19036,2022-05,0,0,0,0.0
19036,2022-06,0,0,0,0.0
19036,2022-07,0,0,0,0.0
19036,2022-08,0,0,0,0.0
19036,2022-09,0,0,0,0.0
19036,2022-10,0,0,0,0.0
19036,2022-11,0,0,0,0.0
19036,2022-12,0,0,0,0.0
19038,2022-01,0,0,0,1.0
19038,2022-02,0,0,0,0.0
19038,2022-03,0,0,0,0.0
19038,2022-04,0,0,0,0.0
19038,2022-05,0,0,0,0.0
19038,2022-06,0,0,0,0.0
19038,2022-07,0,0,0,0.0
19038,2022-08,0,0,0,0.0
19038,2022-09,0,0,0,0.0
19038,2022-10,0,0,0,0.0
19038,2022-11,0,0,0,0.0
19038,2022-12,0,0,0,0.0
19040,2022-01,0,0,0,0.0
19040,2022-02,0,0,0,0.0
19040,2022-03,0,0,0,0.0
19040,2022-04,0,0,0,0.0
19040,2022-05,0,0,0,0.0
19040,2022-06,0,0,0,0.0
19040,2022-07,0,0,0,0.0
19040,2022-08,0,0,0,0.0
19040,2022-09,0,0,0,0.0
19040,2022-10,0,0,0,0.0
19040,2022-11,0,0,0,0.0
19040,2022-12,0,0,0,0.0
19041,2022-01,0,0,0,0.0
19041,2022-02,0,0,0,0.0
19041,2022-03,0,0,0,1.0
19041,2022-04,0,0,0,1.0
19041,2022-05,0,0,0,0.0
19041,2022-06,0,0,0,0.0
19041,2022-07,0,0,0,0.0
19041,2022-08,0,0,0,0.0
19041,2022-09,0,0,0,0.0
19041,2022-10,0,0,0,0.0
19041,2022-11,0,0,0,0.0
19041,2022-12,0,0,0,0.0
19043,2022-01,0,0,0,0.0
19043,2022-02,0,0,0,0.0
19043,2022-03,0,0,0,0.0
19043,2022-04,0,0,0,0.0
19043,2022-05,0,0,0,0.0
19043,2022-06,0,0,0,0.0
19043,2022-07,0,0,0,0.0
19043,2022-08,0,0,0,0.0
19043,2022-09,0,0,0,0.0
19043,2022-10,0,0,0,0.0
19043,2022-11,0,0,0,0.0
19043,2022-12,0,0,0,0.0
19044,2022-01,0,0,0,0.0
19044,2022-02,0,0,0,0.0
19044,2022-03,0,0,0,0.0
19044,2022-04,0,0,0,0.0
19044,2022-05,0,0,0,0.0
19044,2022-06,0,0,0,0.0
19044,2022-07,0,0,0,0.0
19044,2022-08,0,0,0,0.0
19044,2022-09,0,0,0,0.0
19044,2022-10,0,0,0,0.0
19044,2022-11,0,0,0,0.0
19044,2022-12,0,0,0,0.0
19046,2022-01,0,0,0,0.0
19046,2022-02,0,0,0,0.0
19046,2022-03,0,0,0,0.0
19046,2022-04,0,0,0,0.0
19046,2022-05,0,0,0,0.0
19046,2022-06,0,0,0,0.0
19046,2022-07,0,0,0,0.0
19046,2022-08,0,0,0,0.0
19046,2022-09,0,0,0,0.0
19046,2022-10,0,0,0,0.0
19046,2022-11,0,0,0,0.0
19046,2022-12,0,0,0,0.0
19047,2022-01,Bucks,0,0,0.0
19047,2022-02,Bucks,0,0,0.0
19047,2022-03,Bucks,0,0,0.0
19047,2022-04,Bucks,0,0,0.0
19047,2022-05,Bucks,0,0,0.0
19047,2022-06,Bucks,0,1,0.0
19047,2022-07,Bucks,0,2,0.0
19047,2022-08,Bucks,0,0,0.0
19047,2022-09,Bucks,0,0,0.0
19047,2022-10,Bucks,0,1,1.0
19047,2022-11,Bucks,0,0,0.0
19047,2022-12,Bucks,0,0,0.0
19050,2022-01,Delaware,0,0,0.0
19050,2022-02,Delaware,0,0,0.0
19050,2022-03,Delaware,0,1,0.0
19050,2022-04,Delaware,0,0,0.0
19050,2022-05,Delaware,0,0,1.0
19050,2022-06,Delaware,0,0,0.0
19050,2022-07,Delaware,0,0,0.0
19050,2022-08,Delaware,0,0,0.0
19050,2022-09,Delaware,0,0,0.0
19050,2022-10,Delaware,0,0,0.0
19050,2022-11,Delaware,0,0,0.0
19050,2022-12,Delaware,0,0,0.0
19052,2022-01,0,0,0,0.0
19052,2022-02,0,0,0,0.0
19052,2022-03,0,0,0,0.0
19052,2022-04,0,0,0,0.0
19052,2022-05,0,0,0,0.0
19052,2022-06,0,0,0,0.0
19052,2022-07,0,0,0,0.0
19052,2022-08,0,0,0,0.0
19052,2022-09,0,0,0,0.0
19052,2022-10,0,0,0,0.0
19052,2022-11,0,0,0,0.0
19052,2022-12,0,0,0,0.0
19053,2022-01,0,0,0,0.0
19053,2022-02,0,0,0,0.0
19053,2022-03,0,0,0,0.0
19053,2022-04,0,0,0,0.0
19053,2022-05,0,0,0,0.0
19053,2022-06,0,0,0,1.0
19053,2022-07,0,0,0,2.0
19053,2022-08,0,0,0,0.0
19053,2022-09,0,0,0,0.0
19053,2022-10,0,0,0,1.0
19053,2022-11,0,0,0,0.0
19053,2022-12,0,0,0,0.0
19054,2022-01,0,0,0,0.0
19054,2022-02,0,0,0,0.0
19054,2022-03,0,0,0,0.0
19054,2022-04,0,0,0,0.0
19054,2022-05,0,0,0,0.0
19054,2022-06,0,0,0,0.0
19054,2022-07,0,0,0,0.0
19054,2022-08,0,0,0,0.0
19054,2022-09,0,0,0,0.0
19054,2022-10,0,0,0,1.0
19054,2022-11,0,0,0,0.0
19054,2022-12,0,0,0,0.0
19055,2022-01,0,0,0,0.0
19055,2022-02,0,0,0,0.0
19055,2022-03,0,0,0,0.0
19055,2022-04,0,0,0,0.0
19055,2022-05,0,0,0,0.0
19055,2022-06,0,0,0,0.0
19055,2022-07,0,0,0,0.0
19055,2022-08,0,0,0,0.0
19055,2022-09,0,0,0,0.0
19055,2022-10,0,0,0,0.0
19055,2022-11,0,0,0,0.0
19055,2022-12,0,0,0,0.0
19056,2022-01,0,0,0,0.0
19056,2022-02,0,0,0,0.0
19056,2022-03,0,0,0,0.0
19056,2022-04,0,0,0,0.0
19056,2022-05,0,0,0,0.0
19056,2022-06,0,0,0,1.0
19056,2022-07,0,0,0,2.0
19056,2022-08,0,0,0,0.0
19056,2022-09,0,0,0,0.0
19056,2022-10,0,0,0,1.0
19056,2022-11,0,0,0,0.0
19056,2022-12,0,0,0,0.0
19057,2022-01,0,0,0,0.0
19057,2022-02,0,0,0,0.0
19057,2022-03,0,0,0,0.0
19057,2022-04,0,0,0,0.0
19057,2022-05,0,0,0,0.0
19057,2022-06,0,0,0,0.0
19057,2022-07,0,0,0,0.0
19057,2022-08,0,0,0,0.0
19057,2022-09,0,0,0,0.0
19057,2022-10,0,0,0,1.0
19057,2022-11,0,0,0,0.0
19057,2022-12,0,0,0,0.0
19060,2022-01,0,0,0,0.0
19060,2022-02,0,0,0,0.0
19060,2022-03,0,0,0,0.0
19060,2022-04,0,0,0,0.0
19060,2022-05,0,0,0,0.0
19060,2022-06,0,0,0,0.0
19060,2022-07,0,0,0,0.0
19060,2022-08,0,0,0,1.0
19060,2022-09,0,0,0,0.0
19060,2022-10,0,0,0,0.0
19060,2022-11,0,0,0,0.0
19060,2022-12,0,0,0,0.0
19061,2022-01,0,0,0,0.0
19061,2022-02,0,0,0,0.0
19061,2022-03,0,0,0,0.0
19061,2022-04,0,0,0,0.0
19061,2022-05,0,0,0,0.0
19061,2022-06,0,0,0,0.0
19061,2022-07,0,0,0,0.0
19061,2022-08,0,0,0,0.0
19061,2022-09,0,0,0,0.0
19061,2022-10,0,0,0,0.0
19061,2022-11,0,0,0,0.0
19061,2022-12,0,0,0,0.0
19063,2022-01,Delaware,0,1,0.0
19063,2022-02,Delaware,0,0,0.0
19063,2022-03,Delaware,0,0,0.0
19063,2022-04,Delaware,0,0,0.0
19063,2022-05,Delaware,0,0,1.0
19063,2022-06,Delaware,0,1,0.0
19063,2022-07,Delaware,0,0,0.0
19063,2022-08,Delaware,0,0,1.0
19063,2022-09,Delaware,0,0,0.0
19063,2022-10,Delaware,0,0,0.0
19063,2022-11,Delaware,0,0,0.0
19063,2022-12,Delaware,0,0,0.0
19064,2022-01,0,0,0,1.0
19064,2022-02,0,0,0,0.0
19064,2022-03,0,0,0,1.0
19064,2022-04,0,0,0,0.0
19064,2022-05,0,0,0,1.0
19064,2022-06,0,0,0,1.0
19064,2022-07,0,0,0,0.0
19064,2022-08,0,0,0,0.0
19064,2022-09,0,0,0,0.0
19064,2022-10,0,0,0,0.0
19064,2022-11,0,0,0,0.0
19064,2022-12,0,0,0,0.0
19066,2022-01,0,0,0,0.0
19066,2022-02,0,0,0,0.0
19066,2022-03,0,0,0,0.0
19066,2022-04,0,0,0,0.0
19066,2022-05,0,0,0,0.0
19066,2022-06,0,0,0,0.0
19066,2022-07,0,0,0,0.0
19066,2022-08,0,0,0,0.0
19066,2022-09,0,0,0,0.0
19066,2022-10,0,0,0,3.0
19066,2022-11,0,0,0,0.0
19066,2022-12,0,0,0,0.0
19067,2022-01,Bucks,0,0,0.0
19067,2022-02,Bucks,0,0,0.0
19067,2022-03,Bucks,0,0,0.0
19067,2022-04,Bucks,0,0,0.0
19067,2022-05,Bucks,0,0,0.0
19067,2022-06,Bucks,0,0,1.0
19067,2022-07,Bucks,0,0,2.0
19067,2022-08,Bucks,0,0,0.0
19067,2022-09,Bucks,0,0,0.0
19067,2022-10,Bucks,0,1,1.0
19067,2022-11,Bucks,0,0,0.0
19067,2022-12,Bucks,0,0,0.0
19070,2022-01,0,0,0,0.0
19070,2022-02,0,0,0,0.0
19070,2022-03,0,0,0,0.0
19070,2022-04,0,0,0,0.0
19070,2022-05,0,0,0,0.0
19070,2022-06,0,0,0,0.0
19070,2022-07,0,0,0,0.0
19070,2022-08,0,0,0,0.0
19070,2022-09,0,0,0,0.0
19070,2022-10,0,0,0,0.0
19070,2022-11,0,0,0,0.0
19070,2022-12,0,0,0,0.0
19072,2022-01,Montgomery,0,0,0.0
19072,2022-02,Montgomery,0,0,0.0
19072,2022-03,Montgomery,0,0,0.0
19072,2022-04,Montgomery,0,0,0.0
19072,2022-05,Montgomery,0,0,0.0
19072,2022-06,Montgomery,0,0,0.0
19072,2022-07,Montgomery,0,0,0.0
19072,2022-08,Montgomery,0,0,0.0
19072,2022-09,Montgomery,0,0,0.0
19072,2022-10,Montgomery,0,3,0.0
19072,2022-11,Montgomery,0,0,0.0
19072,2022-12,Montgomery,0,0,0.0
19073,2022-01,0,0,0,1.0
19073,2022-02,0,0,0,0.0
19073,2022-03,0,0,0,0.0
19073,2022-04,0,0,0,1.0
19073,2022-05,0,0,0,1.0
19073,2022-06,0,0,0,2.0
19073,2022-07,0,0,0,0.0
19073,2022-08,0,0,0,1.0
19073,2022-09,0,0,0,2.0
19073,2022-10,0,0,0,2.0
19073,2022-11,0,0,0,0.0
19073,2022-12,0,0,0,1.0
19074,2022-01,0,0,0,0.0
19074,2022-02,0,0,0,0.0
19074,2022-03,0,0,0,0.0
19074,2022-04,0,0,0,0.0
19074,2022-05,0,0,0,0.0
19074,2022-06,0,0,0,0.0
19074,2022-07,0,0,0,0.0
19074,2022-08,0,0,0,0.0
19074,2022-09,0,0,0,0.0
19074,2022-10,0,0,0,0.0
19074,2022-11,0,0,0,0.0
19074,2022-12,0,0,0,0.0
19075,2022-01,Montgomery,0,1,0.0
19075,2022-02,Montgomery,0,0,0.0
19075,2022-03,Montgomery,0,0,0.0
19075,2022-04,Montgomery,0,0,0.0
19075,2022-05,Montgomery,0,0,0.0
19075,2022-06,Montgomery,0,0,0.0
19075,2022-07,Montgomery,0,0,0.0
19075,2022-08,Montgomery,0,0,0.0
19075,2022-09,Montgomery,0,0,0.0
19075,2022-10,Montgomery,0,0,0.0
19075,2022-11,Montgomery,0,0,0.0
19075,2022-12,Montgomery,0,0,0.0
19076,2022-01,0,0,0,0.0
19076,2022-02,0,0,0,0.0
19076,2022-03,0,0,0,0.0
19076,2022-04,0,0,0,0.0
19076,2022-05,0,0,0,0.0
19076,2022-06,0,0,0,0.0
19076,2022-07,0,0,0,0.0
19076,2022-08,0,0,0,0.0
19076,2022-09,0,0,0,0.0
19076,2022-10,0,0,0,0.0
19076,2022-11,0,0,0,0.0
19076,2022-12,0,0,0,0.0
19078,2022-01,0,0,0,0.0
19078,2022-02,0,0,0,0.0
19078,2022-03,0,0,0,0.0
19078,2022-04,0,0,0,0.0
19078,2022-05,0,0,0,0.0
19078,2022-06,0,0,0,0.0
19078,2022-07,0,0,0,1.0
19078,2022-08,0,0,0,0.0
19078,2022-09,0,0,0,0.0
19078,2022-10,0,0,0,0.0
19078,2022-11,0,0,0,0.0
19078,2022-12,0,0,0,0.0
19079,2022-01,Delaware,0,0,0.0
19079,2022-02,Delaware,0,0,0.0
19079,2022-03,Delaware,0,0,0.0
19079,2022-04,Delaware,0,0,0.0
19079,2022-05,Delaware,0,0,0.0
19079,2022-06,Delaware,0,0,0.0
19079,2022-07,Delaware,0,0,0.0
19079,2022-08,Delaware,0,2,0.0
19079,2022-09,Delaware,0,0,0.0
19079,2022-10,Delaware,0,0,0.0
19079,2022-11,Delaware,0,1,0.0
19079,2022-12,Delaware,0,0,0.0
19081,2022-01,0,0,0,0.0
19081,2022-02,0,0,0,0.0
19081,2022-03,0,0,0,0.0
19081,2022-04,0,0,0,0.0
19081,2022-05,0,0,0,0.0
19081,2022-06,0,0,0,0.0
19081,2022-07,0,0,0,0.0
19081,2022-08,0,0,0,0.0
19081,2022-09,0,0,0,0.0
19081,2022-10,0,0,0,0.0
19081,2022-11,0,0,0,0.0
19081,2022-12,0,0,0,0.0
19082,2022-01,0,0,0,0.0
19082,2022-02,0,0,0,0.0
19082,2022-03,0,0,0,2.0
19082,2022-04,0,0,0,0.0
19082,2022-05,0,0,0,1.0
19082,2022-06,0,0,0,0.0
19082,2022-07,0,0,0,0.0
19082,2022-08,0,0,0,0.0
19082,2022-09,0,0,0,0.0
19082,2022-10,0,0,0,0.0
19082,2022-11,0,0,0,0.0
19082,2022-12,0,0,0,0.0
19083,2022-01,Delaware,0,0,0.0
19083,2022-02,Delaware,0,0,0.0
19083,2022-03,Delaware,0,1,0.0
19083,2022-04,Delaware,0,0,1.0
19083,2022-05,Delaware,0,0,1.0
19083,2022-06,Delaware,0,0,0.0
19083,2022-07,Delaware,0,0,0.0
19083,2022-08,Delaware,0,0,0.0
19083,2022-09,Delaware,0,0,0.0
19083,2022-10,Delaware,0,0,0.0
19083,2022-11,Delaware,0,0,0.0
19083,2022-12,Delaware,0,0,0.0
19085,2022-01,0,0,0,0.0
19085,2022-02,0,0,0,0.0
19085,2022-03,0,0,0,0.0
19085,2022-04,0,0,0,0.0
19085,2022-05,0,0,0,0.0
19085,2022-06,0,0,0,0.0
19085,2022-07,0,0,0,0.0
19085,2022-08,0,0,0,0.0
19085,2022-09,0,0,0,0.0
19085,2022-10,0,0,0,0.0
19085,2022-11,0,0,0,0.0
19085,2022-12,0,0,0,0.0
19086,2022-01,0,0,0,1.0
19086,2022-02,0,0,0,0.0
19086,2022-03,0,0,0,0.0
19086,2022-04,0,0,0,0.0
19086,2022-05,0,0,0,1.0
19086,2022-06,0,0,0,1.0
19086,2022-07,0,0,0,0.0
19086,2022-08,0,0,0,0.0
19086,2022-09,0,0,0,0.0
19086,2022-10,0,0,0,0.0
19086,2022-11,0,0,0,0.0
19086,2022-12,0,0,0,0.0
19087,2022-01,0,0,0,0.0
19087,2022-02,0,0,0,0.0
19087,2022-03,0,0,0,0.0
19087,2022-04,0,0,0,1.0
19087,2022-05,0,0,0,1.0
19087,2022-06,0,0,0,2.0
19087,2022-07,0,0,0,0.0
19087,2022-08,0,0,0,0.0
19087,2022-09,0,0,0,2.0
19087,2022-10,0,0,0,0.0
19087,2022-11,0,0,0,0.0
19087,2022-12,0,0,0,0.0
19090,2022-01,0,0,0,0.0
19090,2022-02,0,0,0,0.0
19090,2022-03,0,0,0,0.0
19090,2022-04,0,0,0,0.0
19090,2022-05,0,0,0,0.0
19090,2022-06,0,0,0,0.0
19090,2022-07,0,0,0,0.0
19090,2022-08,0,0,0,0.0
19090,2022-09,0,0,0,0.0
19090,2022-10,0,0,0,0.0
19090,2022-11,0,0,0,0.0
19090,2022-12,0,0,0,0.0
19094,2022-01,0,0,0,0.0
19094,2022-02,0,0,0,0.0
19094,2022-03,0,0,0,0.0
19094,2022-04,0,0,0,0.0
19094,2022-05,0,0,0,0.0
19094,2022-06,0,0,0,0.0
19094,2022-07,0,0,0,1.0
19094,2022-08,0,0,0,0.0
19094,2022-09,0,0,0,0.0
19094,2022-10,0,0,0,0.0
19094,2022-11,0,0,0,0.0
19094,2022-12,0,0,0,0.0
19095,2022-01,0,0,0,0.0
19095,2022-02,0,0,0,0.0
19095,2022-03,0,0,0,0.0
19095,2022-04,0,0,0,0.0
19095,2022-05,0,0,0,0.0
19095,2022-06,0,0,0,0.0
19095,2022-07,0,0,0,0.0
19095,2022-08,0,0,0,0.0
19095,2022-09,0,0,0,0.0
19095,2022-10,0,0,0,0.0
19095,2022-11,0,0,0,0.0
19095,2022-12,0,0,0,0.0
19096,2022-01,0,0,0,0.0
19096,2022-02,0,0,0,0.0
19096,2022-03,0,0,0,1.0
19096,2022-04,0,0,0,1.0
19096,2022-05,0,0,0,0.0
19096,2022-06,0,0,0,0.0
19096,2022-07,0,0,0,0.0
19096,2022-08,0,0,0,0.0
19096,2022-09,0,0,0,0.0
19096,2022-10,0,0,0,3.0
19096,2022-11,0,0,0,0.0
19096,2022-12,0,0,0,0.0
19102,2022-01,0,0,0,6.0
19102,2022-02,0,0,0,9.0
19102,2022-03,0,0,0,23.0
19102,2022-04,0,0,0,19.0
19102,2022-05,0,0,0,21.0
19102,2022-06,0,0,0,32.0
19102,2022-07,0,0,0,17.0
19102,2022-08,0,0,0,13.0
19102,2022-09,0,0,0,26.0
19102,2022-10,0,0,0,27.0
19102,2022-11,0,0,0,11.0
19102,2022-12,0,0,0,11.0
19103,2022-01,0,0,0,0.0
19103,2022-02,0,0,0,0.0
19103,2022-03,0,0,0,0.0
19103,2022-04,0,0,0,0.0
19103,2022-05,0,0,0,0.0
19103,2022-06,0,0,0,0.0
19103,2022-07,0,0,0,0.0
19103,2022-08,0,0,0,0.0
19103,2022-09,0,0,0,0.0
19103,2022-10,0,0,0,0.0
19103,2022-11,0,0,0,0.0
19103,2022-12,0,0,0,0.0
19104,2022-01,0,0,0,0.0
19104,2022-02,0,0,0,0.0
19104,2022-03,0,0,0,0.0
19104,2022-04,0,0,0,0.0
19104,2022-05,0,0,0,0.0
19104,2022-06,0,0,0,0.0
19104,2022-07,0,0,0,0.0
19104,2022-08,0,0,0,0.0
19104,2022-09,0,0,0,0.0
19104,2022-10,0,0,0,0.0
19104,2022-11,0,0,0,0.0
19104,2022-12,0,0,0,0.0
19106,2022-01,0,0,0,6.0
19106,2022-02,0,0,0,9.0
19106,2022-03,0,0,0,23.0
19106,2022-04,0,0,0,19.0
19106,2022-05,0,0,0,21.0
19106,2022-06,0,0,0,32.0
19106,2022-07,0,0,0,17.0
19106,2022-08,0,0,0,13.0
19106,2022-09,0,0,0,26.0
19106,2022-10,0,0,0,27.0
19106,2022-11,0,0,0,11.0
19106,2022-12,0,0,0,11.0
19107,2022-01,Philadelphia,0,6,0.0
19107,2022-02,Philadelphia,0,9,0.0
19107,2022-03,Philadelphia,1,23,0.0
19107,2022-04,Philadelphia,0,19,0.0
19107,2022-05,Philadelphia,0,21,0.0
19107,2022-06,Philadelphia,1,32,0.0
19107,2022-07,Philadelphia,0,17,0.0
19107,2022-08,Philadelphia,0,13,0.0
19107,2022-09,Philadelphia,0,26,0.0
19107,2022-10,Philadelphia,0,27,0.0
19107,2022-11,Philadelphia,0,11,0.0
19107,2022-12,Philadelphia,0,11,0.0
19108,2022-01,0,0,0,0.0
19108,2022-02,0,0,0,0.0
19108,2022-03,0,0,0,0.0
19108,2022-04,0,0,0,0.0
19108,2022-05,0,0,0,0.0
19108,2022-06,0,0,0,0.0
19108,2022-07,0,0,0,0.0
19108,2022-08,0,0,0,0.0
19108,2022-09,0,0,0,0.0
19108,2022-10,0,0,0,0.0
19108,2022-11,0,0,0,0.0
19108,2022-12,0,0,0,0.0
19109,2022-01,0,0,0,6.0
19109,2022-02,0,0,0,9.0
19109,2022-03,0,0,0,23.0
19109,2022-04,0,0,0,19.0
19109,2022-05,0,0,0,21.0
19109,2022-06,0,0,0,32.0
19109,2022-07,0,0,0,17.0
19109,2022-08,0,0,0,13.0
19109,2022-09,0,0,0,26.0
19109,2022-10,0,0,0,27.0
19109,2022-11,0,0,0,11.0
19109,2022-12,0,0,0,11.0
19111,2022-01,0,0,0,0.0
19111,2022-02,0,0,0,0.0
19111,2022-03,0,0,0,0.0
19111,2022-04,0,0,0,0.0
19111,2022-05,0,0,0,0.0
19111,2022-06,0,0,0,0.0
19111,2022-07,0,0,0,0.0
19111,2022-08,0,0,0,0.0
19111,2022-09,0,0,0,0.0
19111,2022-10,0,0,0,0.0
19111,2022-11,0,0,0,0.0
19111,2022-12,0,0,0,0.0
19112,2022-01,0,0,0,0.0
19112,2022-02,0,0,0,0.0
19112,2022-03,0,0,0,0.0
19112,2022-04,0,0,0,0.0
19112,2022-05,0,0,0,0.0
19112,2022-06,0,0,0,0.0
19112,2022-07,0,0,0,0.0
19112,2022-08,0,0,0,0.0
19112,2022-09,0,0,0,0.0
19112,2022-10,0,0,0,0.0
19112,2022-11,0,0,0,0.0
19112,2022-12,0,0,0,0.0
19113,2022-01,Delaware,0,0,0.0
19113,2022-02,Delaware,0,0,0.0
19113,2022-03,Delaware,0,1,0.0
19113,2022-04,Delaware,0,0,0.0
19113,2022-05,Delaware,0,1,0.0
19113,2022-06,Delaware,0,0,0.0
19113,2022-07,Delaware,0,0,0.0
19113,2022-08,Delaware,0,0,0.0
19113,2022-09,Delaware,0,0,0.0
19113,2022-10,Delaware,0,0,0.0
19113,2022-11,Delaware,0,1,0.0
19113,2022-12,Delaware,0,1,0.0
19114,2022-01,0,0,0,0.0
19114,2022-02,0,0,0,0.0
19114,2022-03,0,0,0,0.0
19114,2022-04,0,0,0,0.0
19114,2022-05,0,0,0,0.0
19114,2022-06,0,0,0,0.0
19114,2022-07,0,0,0,0.0
19114,2022-08,0,0,0,0.0
19114,2022-09,0,0,0,0.0
19114,2022-10,0,0,0,0.0
19114,2022-11,0,0,0,0.0
19114,2022-12,0,0,0,0.0
19115,2022-01,0,0,0,0.0
19115,2022-02,0,0,0,0.0
19115,2022-03,0,0,0,0.0
19115,2022-04,0,0,0,0.0
19115,2022-05,0,0,0,0.0
19115,2022-06,0,0,0,0.0
19115,2022-07,0,0,0,0.0
19115,2022-08,0,0,0,0.0
19115,2022-09,0,0,0,0.0
19115,2022-10,0,0,0,0.0
19115,2022-11,0,0,0,0.0
19115,2022-12,0,0,0,0.0
19116,2022-01,0,0,0,0.0
19116,2022-02,0,0,0,0.0
19116,2022-03,0,0,0,0.0
19116,2022-04,0,0,0,0.0
19116,2022-05,0,0,0,0.0
19116,2022-06,0,0,0,0.0
19116,2022-07,0,0,0,0.0
19116,2022-08,0,0,0,0.0
19116,2022-09,0,0,0,0.0
19116,2022-10,0,0,0,0.0
19116,2022-11,0,0,0,0.0
19116,2022-12,0,0,0,0.0
19118,2022-01,0,0,0,0.0
19118,2022-02,0,0,0,0.0
19118,2022-03,0,0,0,0.0
19118,2022-04,0,0,0,0.0
19118,2022-05,0,0,0,0.0
19118,2022-06,0,0,0,0.0
19118,2022-07,0,0,0,0.0
19118,2022-08,0,0,0,0.0
19118,2022-09,0,0,0,0.0
19118,2022-10,0,0,0,0.0
19118,2022-11,0,0,0,0.0
19118,2022-12,0,0,0,0.0
19119,2022-01,0,0,0,0.0
19119,2022-02,0,0,0,0.0
19119,2022-03,0,0,0,0.0
19119,2022-04,0,0,0,0.0
19119,2022-05,0,0,0,0.0
19119,2022-06,0,0,0,0.0
19119,2022-07,0,0,0,0.0
19119,2022-08,0,0,0,0.0
19119,2022-09,0,0,0,0.0
19119,2022-10,0,0,0,0.0
19119,2022-11,0,0,0,0.0
19119,2022-12,0,0,0,0.0
19120,2022-01,0,0,0,0.0
19120,2022-02,0,0,0,0.0
19120,2022-03,0,0,0,0.0
19120,2022-04,0,0,0,0.0
19120,2022-05,0,0,0,0.0
19120,2022-06,0,0,0,0.0
19120,2022-07,0,0,0,0.0
19120,2022-08,0,0,0,0.0
19120,2022-09,0,0,0,0.0
19120,2022-10,0,0,0,0.0
19120,2022-11,0,0,0,0.0
19120,2022-12,0,0,0,0.0
19121,2022-01,0,0,0,0.0
19121,2022-02,0,0,0,0.0
19121,2022-03,0,0,0,0.0
19121,2022-04,0,0,0,0.0
19121,2022-05,0,0,0,0.0
19121,2022-06,0,0,0,0.0
19121,2022-07,0,0,0,0.0
19121,2022-08,0,0,0,0.0
19121,2022-09,0,0,0,0.0
19121,2022-10,0,0,0,0.0
19121,2022-11,0,0,0,0.0
19121,2022-12,0,0,0,0.0
19122,2022-01,0,0,0,0.0
19122,2022-02,0,0,0,0.0
19122,2022-03,0,0,0,0.0
19122,2022-04,0,0,0,0.0
19122,2022-05,0,0,0,0.0
19122,2022-06,0,0,0,0.0
19122,2022-07,0,0,0,0.0
19122,2022-08,0,0,0,0.0
19122,2022-09,0,0,0,0.0
19122,2022-10,0,0,0,0.0
19122,2022-11,0,0,0,0.0
19122,2022-12,0,0,0,0.0
19123,2022-01,0,0,0,6.0
19123,2022-02,0,0,0,9.0
19123,2022-03,0,0,0,23.0
19123,2022-04,0,0,0,19.0
19123,2022-05,0,0,0,21.0
19123,2022-06,0,0,0,32.0
19123,2022-07,0,0,0,17.0
19123,2022-08,0,0,0,13.0
19123,2022-09,0,0,0,26.0
19123,2022-10,0,0,0,27.0
19123,2022-11,0,0,0,11.0
19123,2022-12,0,0,0,11.0
19124,2022-01,0,0,0,0.0
19124,2022-02,0,0,0,0.0
19124,2022-03,0,0,0,0.0
19124,2022-04,0,0,0,0.0
19124,2022-05,0,0,0,0.0
19124,2022-06,0,0,0,0.0
19124,2022-07,0,0,0,0.0
19124,2022-08,0,0,0,0.0
19124,2022-09,0,0,0,0.0
19124,2022-10,0,0,0,0.0
19124,2022-11,0,0,0,0.0
19124,2022-12,0,0,0,0.0
19125,2022-01,0,0,0,0.0
19125,2022-02,0,0,0,0.0
19125,2022-03,0,0,0,0.0
19125,2022-04,0,0,0,0.0
19125,2022-05,0,0,0,0.0
19125,2022-06,0,0,0,0.0
19125,2022-07,0,0,0,0.0
19125,2022-08,0,0,0,0.0
19125,2022-09,0,0,0,0.0
19125,2022-10,0,0,0,0.0
19125,2022-11,0,0,0,0.0
19125,2022-12,0,0,0,0.0
19126,2022-01,0,0,0,0.0
19126,2022-02,0,0,0,0.0
19126,2022-03,0,0,0,0.0
19126,2022-04,0,0,0,0.0
19126,2022-05,0,0,0,0.0
19126,2022-06,0,0,0,0.0
19126,2022-07,0,0,0,0.0
19126,2022-08,0,0,0,0.0
19126,2022-09,0,0,0,0.0
19126,2022-10,0,0,0,0.0
19126,2022-11,0,0,0,0.0
19126,2022-12,0,0,0,0.0
19127,2022-01,0,0,0,0.0
19127,2022-02,0,0,0,0.0
19127,2022-03,0,0,0,0.0
19127,2022-04,0,0,0,0.0
19127,2022-05,0,0,0,0.0
19127,2022-06,0,0,0,0.0
19127,2022-07,0,0,0,0.0
19127,2022-08,0,0,0,0.0
19127,2022-09,0,0,0,0.0
19127,2022-10,0,0,0,3.0
19127,2022-11,0,0,0,0.0
19127,2022-12,0,0,0,0.0
19128,2022-01,0,0,0,0.0
19128,2022-02,0,0,0,0.0
19128,2022-03,0,0,0,0.0
19128,2022-04,0,0,0,0.0
19128,2022-05,0,0,0,0.0
19128,2022-06,0,0,0,0.0
19128,2022-07,0,0,0,0.0
19128,2022-08,0,0,0,0.0
19128,2022-09,0,0,0,0.0
19128,2022-10,0,0,0,3.0
19128,2022-11,0,0,0,0.0
19128,2022-12,0,0,0,0.0
19129,2022-01,0,0,0,0.0
19129,2022-02,0,0,0,0.0
19129,2022-03,0,0,0,0.0
19129,2022-04,0,0,0,0.0
19129,2022-05,0,0,0,0.0
19129,2022-06,0,0,0,0.0
19129,2022-07,0,0,0,0.0
19129,2022-08,0,0,0,0.0
19129,2022-09,0,0,0,0.0
19129,2022-10,0,0,0,0.0
19129,2022-11,0,0,0,0.0
19129,2022-12,0,0,0,0.0
19130,2022-01,0,0,0,6.0
19130,2022-02,0,0,0,9.0
19130,2022-03,0,0,0,23.0
19130,2022-04,0,0,0,19.0
19130,2022-05,0,0,0,21.0
19130,2022-06,0,0,0,32.0
19130,2022-07,0,0,0,17.0
19130,2022-08,0,0,0,13.0
19130,2022-09,0,0,0,26.0
19130,2022-10,0,0,0,27.0
19130,2022-11,0,0,0,11.0
19130,2022-12,0,0,0,11.0
19131,2022-01,0,0,0,0.0
19131,2022-02,0,0,0,0.0
19131,2022-03,0,0,0,0.0
19131,2022-04,0,0,0,0.0
19131,2022-05,0,0,0,0.0
19131,2022-06,0,0,0,0.0
19131,2022-07,0,0,0,0.0
19131,2022-08,0,0,0,0.0
19131,2022-09,0,0,0,0.0
19131,2022-10,0,0,0,0.0
19131,2022-11,0,0,0,0.0
19131,2022-12,0,0,0,0.0
19132,2022-01,0,0,0,0.0
19132,2022-02,0,0,0,0.0
19132,2022-03,0,0,0,0.0
19132,2022-04,0,0,0,0.0
19132,2022-05,0,0,0,0.0
19132,2022-06,0,0,0,0.0
19132,2022-07,0,0,0,0.0
19132,2022-08,0,0,0,0.0
19132,2022-09,0,0,0,0.0
19132,2022-10,0,0,0,0.0
19132,2022-11,0,0,0,0.0
19132,2022-12,0,0,0,0.0
19133,2022-01,0,0,0,0.0
19133,2022-02,0,0,0,0.0
19133,2022-03,0,0,0,0.0
19133,2022-04,0,0,0,0.0
19133,2022-05,0,0,0,0.0
19133,2022-06,0,0,0,0.0
19133,2022-07,0,0,0,0.0
19133,2022-08,0,0,0,0.0
19133,2022-09,0,0,0,0.0
19133,2022-10,0,0,0,0.0
19133,2022-11,0,0,0,0.0
19133,2022-12,0,0,0,0.0
19134,2022-01,0,0,0,0.0
19134,2022-02,0,0,0,0.0
19134,2022-03,0,0,0,0.0
19134,2022-04,0,0,0,0.0
19134,2022-05,0,0,0,0.0
19134,2022-06,0,0,0,0.0
19134,2022-07,0,0,0,0.0
19134,2022-08,0,0,0,0.0
19134,2022-09,0,0,0,0.0
19134,2022-10,0,0,0,0.0
19134,2022-11,0,0,0,0.0
19134,2022-12,0,0,0,0.0
19135,2022-01,0,0,0,0.0
19135,2022-02,0,0,0,0.0
19135,2022-03,0,0,0,0.0
19135,2022-04,0,0,0,0.0
19135,2022-05,0,0,0,0.0
19135,2022-06,0,0,0,0.0
19135,2022-07,0,0,0,0.0
19135,2022-08,0,0,0,0.0
19135,2022-09,0,0,0,0.0
19135,2022-10,0,0,0,0.0
19135,2022-11,0,0,0,0.0
19135,2022-12,0,0,0,0.0
19136,2022-01,0,0,0,0.0
19136,2022-02,0,0,0,0.0
19136,2022-03,0,0,0,0.0
19136,2022-04,0,0,0,0.0
19136,2022-05,0,0,0,0.0
19136,2022-06,0,0,0,0.0
19136,2022-07,0,0,0,0.0
19136,2022-08,0,0,0,0.0
19136,2022-09,0,0,0,0.0
19136,2022-10,0,0,0,0.0
19136,2022-11,0,0,0,0.0
19136,2022-12,0,0,0,0.0
19137,2022-01,0,0,0,0.0
19137,2022-02,0,0,0,0.0
19137,2022-03,0,0,0,0.0
19137,2022-04,0,0,0,0.0
19137,2022-05,0,0,0,0.0
19137,2022-06,0,0,0,0.0
19137,2022-07,0,0,0,0.0
19137,2022-08,0,0,0,0.0
19137,2022-09,0,0,0,0.0
19137,2022-10,0,0,0,0.0
19137,2022-11,0,0,0,0.0
19137,2022-12,0,0,0,0.0
19138,2022-01,0,0,0,0.0
19138,2022-02,0,0,0,0.0
19138,2022-03,0,0,0,0.0
19138,2022-04,0,0,0,0.0
19138,2022-05,0,0,0,0.0
19138,2022-06,0,0,0,0.0
19138,2022-07,0,0,0,0.0
19138,2022-08,0,0,0,0.0
19138,2022-09,0,0,0,0.0
19138,2022-10,0,0,0,0.0
19138,2022-11,0,0,0,0.0
19138,2022-12,0,0,0,0.0
19139,2022-01,0,0,0,0.0
19139,2022-02,0,0,0,0.0
19139,2022-03,0,0,0,0.0
19139,2022-04,0,0,0,0.0
19139,2022-05,0,0,0,0.0
19139,2022-06,0,0,0,0.0
19139,2022-07,0,0,0,0.0
19139,2022-08,0,0,0,0.0
19139,2022-09,0,0,0,0.0
19139,2022-10,0,0,0,0.0
19139,2022-11,0,0,0,0.0
19139,2022-12,0,0,0,0.0
19140,2022-01,0,0,0,0.0
19140,2022-02,0,0,0,0.0
19140,2022-03,0,0,0,0.0
19140,2022-04,0,0,0,0.0
19140,2022-05,0,0,0,0.0
19140,2022-06,0,0,0,0.0
19140,2022-07,0,0,0,0.0
19140,2022-08,0,0,0,0.0
19140,2022-09,0,0,0,0.0
19140,2022-10,0,0,0,0.0
19140,2022-11,0,0,0,0.0
19140,2022-12,0,0,0,0.0
19141,2022-01,0,0,0,0.0
19141,2022-02,0,0,0,0.0
19141,2022-03,0,0,0,0.0
19141,2022-04,0,0,0,0.0
19141,2022-05,0,0,0,0.0
19141,2022-06,0,0,0,0.0
19141,2022-07,0,0,0,0.0
19141,2022-08,0,0,0,0.0
19141,2022-09,0,0,0,0.0
19141,2022-10,0,0,0,0.0
19141,2022-11,0,0,0,0.0
19141,2022-12,0,0,0,0.0
19142,2022-01,0,0,0,0.0
19142,2022-02,0,0,0,0.0
19142,2022-03,0,0,0,1.0
19142,2022-04,0,0,0,0.0
19142,2022-05,0,0,0,0.0
19142,2022-06,0,0,0,0.0
19142,2022-07,0,0,0,0.0
19142,2022-08,0,0,0,0.0
19142,2022-09,0,0,0,0.0
19142,2022-10,0,0,0,0.0
19142,2022-11,0,0,0,0.0
19142,2022-12,0,0,0,0.0
19143,2022-01,0,0,0,0.0
19143,2022-02,0,0,0,0.0
19143,2022-03,0,0,0,1.0
19143,2022-04,0,0,0,0.0
19143,2022-05,0,0,0,0.0
19143,2022-06,0,0,0,0.0
19143,2022-07,0,0,0,0.0
19143,2022-08,0,0,0,0.0
19143,2022-09,0,0,0,0.0
19143,2022-10,0,0,0,0.0
19143,2022-11,0,0,0,0.0
19143,2022-12,0,0,0,0.0
19144,2022-01,0,0,0,0.0
19144,2022-02,0,0,0,0.0
19144,2022-03,0,0,0,0.0
19144,2022-04,0,0,0,0.0
19144,2022-05,0,0,0,0.0
19144,2022-06,0,0,0,0.0
19144,2022-07,0,0,0,0.0
19144,2022-08,0,0,0,0.0
19144,2022-09,0,0,0,0.0
19144,2022-10,0,0,0,0.0
19144,2022-11,0,0,0,0.0
19144,2022-12,0,0,0,0.0
19145,2022-01,0,0,0,0.0
19145,2022-02,0,0,0,0.0
19145,2022-03,0,0,0,0.0
19145,2022-04,0,0,0,0.0
19145,2022-05,0,0,0,0.0
19145,2022-06,0,0,0,0.0
19145,2022-07,0,0,0,0.0
19145,2022-08,0,0,0,0.0
19145,2022-09,0,0,0,0.0
19145,2022-10,0,0,0,0.0
19145,2022-11,0,0,0,0.0
19145,2022-12,0,0,0,0.0
19146,2022-01,0,0,0,6.0
19146,2022-02,0,0,0,9.0
19146,2022-03,0,0,0,23.0
19146,2022-04,0,0,0,19.0
19146,2022-05,0,0,0,21.0
19146,2022-06,0,0,0,32.0
19146,2022-07,0,0,0,17.0
19146,2022-08,0,0,0,13.0
19146,2022-09,0,0,0,26.0
19146,2022-10,0,0,0,27.0
19146,2022-11,0,0,0,11.0
19146,2022-12,0,0,0,11.0
19147,2022-01,0,0,0,6.0
19147,2022-02,0,0,0,9.0
19147,2022-03,0,0,0,23.0
19147,2022-04,0,0,0,19.0
19147,2022-05,0,0,0,21.0
19147,2022-06,0,0,0,32.0
19147,2022-07,0,0,0,17.0
19147,2022-08,0,0,0,13.0
19147,2022-09,0,0,0,26.0
19147,2022-10,0,0,0,27.0
19147,2022-11,0,0,0,11.0
19147,2022-12,0,0,0,11.0
19148,2022-01,0,0,0,0.0
19148,2022-02,0,0,0,0.0
19148,2022-03,0,0,0,0.0
19148,2022-04,0,0,0,0.0
19148,2022-05,0,0,0,0.0
19148,2022-06,0,0,0,0.0
19148,2022-07,0,0,0,0.0
19148,2022-08,0,0,0,0.0
19148,2022-09,0,0,0,0.0
19148,2022-10,0,0,0,0.0
19148,2022-11,0,0,0,0.0
19148,2022-12,0,0,0,0.0
19149,2022-01,0,0,0,0.0
19149,2022-02,0,0,0,0.0
19149,2022-03,0,0,0,0.0
19149,2022-04,0,0,0,0.0
19149,2022-05,0,0,0,0.0
19149,2022-06,0,0,0,0.0
19149,2022-07,0,0,0,0.0
19149,2022-08,0,0,0,0.0
19149,2022-09,0,0,0,0.0
19149,2022-10,0,0,0,0.0
19149,2022-11,0,0,0,0.0
19149,2022-12,0,0,0,0.0
19150,2022-01,0,0,0,0.0
19150,2022-02,0,0,0,0.0
19150,2022-03,0,0,0,0.0
19150,2022-04,0,0,0,0.0
19150,2022-05,0,0,0,0.0
19150,2022-06,0,0,0,0.0
19150,2022-07,0,0,0,0.0
19150,2022-08,0,0,0,0.0
19150,2022-09,0,0,0,0.0
19150,2022-10,0,0,0,0.0
19150,2022-11,0,0,0,0.0
19150,2022-12,0,0,0,0.0
19151,2022-01,0,0,0,0.0
19151,2022-02,0,0,0,0.0
19151,2022-03,0,0,0,0.0
19151,2022-04,0,0,0,0.0
19151,2022-05,0,0,0,0.0
19151,2022-06,0,0,0,0.0
19151,2022-07,0,0,0,0.0
19151,2022-08,0,0,0,0.0
19151,2022-09,0,0,0,0.0
19151,2022-10,0,0,0,0.0
19151,2022-11,0,0,0,0.0
19151,2022-12,0,0,0,0.0
19152,2022-01,0,0,0,0.0
19152,2022-02,0,0,0,0.0
19152,2022-03,0,0,0,0.0
19152,2022-04,0,0,0,0.0
19152,2022-05,0,0,0,0.0
19152,2022-06,0,0,0,0.0
19152,2022-07,0,0,0,0.0
19152,2022-08,0,0,0,0.0
19152,2022-09,0,0,0,0.0
19152,2022-10,0,0,0,0.0
19152,2022-11,0,0,0,0.0
19152,2022-12,0,0,0,0.0
19153,2022-01,0,0,0,0.0
19153,2022-02,0,0,0,0.0
19153,2022-03,0,0,0,1.0
19153,2022-04,0,0,0,0.0
19153,2022-05,0,0,0,1.0
19153,2022-06,0,0,0,0.0
19153,2022-07,0,0,0,0.0
19153,2022-08,0,0,0,2.0
19153,2022-09,0,0,0,0.0
19153,2022-10,0,0,0,0.0
19153,2022-11,0,0,0,2.0
19153,2022-12,0,0,0,1.0
19154,2022-01,0,0,0,0.0
19154,2022-02,0,0,0,0.0
19154,2022-03,0,0,0,0.0
19154,2022-04,0,0,0,0.0
19154,2022-05,0,0,0,0.0
19154,2022-06,0,0,0,0.0
19154,2022-07,0,0,0,0.0
19154,2022-08,0,0,0,0.0
19154,2022-09,0,0,0,0.0
19154,2022-10,0,0,0,0.0
19154,2022-11,0,0,0,0.0
19154,2022-12,0,0,0,0.0
19301,2022-01,0,0,0,0.0
19301,2022-02,0,0,0,0.0
19301,2022-03,0,0,0,0.0
19301,2022-04,0,0,0,1.0
19301,2022-05,0,0,0,0.0
19301,2022-06,0,0,0,0.0
19301,2022-07,0,0,0,0.0
19301,2022-08,0,0,0,0.0
19301,2022-09,0,0,0,2.0
19301,2022-10,0,0,0,0.0
19301,2022-11,0,0,0,0.0
19301,2022-12,0,0,0,0.0
19310,2022-01,0,0,0,0.0
19310,2022-02,0,0,0,0.0
19310,2022-03,0,0,0,0.0
19310,2022-04,0,0,0,0.0
19310,2022-05,0,0,0,0.0
19310,2022-06,0,0,0,0.0
19310,2022-07,0,0,0,0.0
19310,2022-08,0,0,0,0.0
19310,2022-09,0,0,0,0.0
19310,2022-10,0,0,0,0.0
19310,2022-11,0,0,0,0.0
19310,2022-12,0,0,0,0.0
19311,2022-01,0,0,0,0.0
19311,2022-02,0,0,0,0.0
19311,2022-03,0,0,0,0.0
19311,2022-04,0,0,0,0.0
19311,2022-05,0,0,0,0.0
19311,2022-06,0,0,0,0.0
19311,2022-07,0,0,0,0.0
19311,2022-08,0,0,0,0.0
19311,2022-09,0,0,0,0.0
19311,2022-10,0,0,0,0.0
19311,2022-11,0,0,0,0.0
19311,2022-12,0,0,0,0.0
19312,2022-01,0,0,0,0.0
19312,2022-02,0,0,0,0.0
19312,2022-03,0,0,0,0.0
19312,2022-04,0,0,0,1.0
19312,2022-05,0,0,0,0.0
19312,2022-06,0,0,0,0.0
19312,2022-07,0,0,0,0.0
19312,2022-08,0,0,0,0.0
19312,2022-09,0,0,0,2.0
19312,2022-10,0,0,0,0.0
19312,2022-11,0,0,0,0.0
19312,2022-12,0,0,0,0.0
19316,2022-01,0,0,0,0.0
19316,2022-02,0,0,0,0.0
19316,2022-03,0,0,0,0.0
19316,2022-04,0,0,0,0.0
19316,2022-05,0,0,0,0.0
19316,2022-06,0,0,0,0.0
19316,2022-07,0,0,0,0.0
19316,2022-08,0,0,0,0.0
19316,2022-09,0,0,0,0.0
19316,2022-10,0,0,0,0.0
19316,2022-11,0,0,0,0.0
19316,2022-12,0,0,0,0.0
19317,2022-01,0,0,0,0.0
19317,2022-02,0,0,0,0.0
19317,2022-03,0,0,0,0.0
19317,2022-04,0,0,0,0.0
19317,2022-05,0,0,0,0.0
19317,2022-06,0,0,0,0.0
19317,2022-07,0,0,0,0.0
19317,2022-08,0,0,0,1.0
19317,2022-09,0,0,0,0.0
19317,2022-10,0,0,0,0.0
19317,2022-11,0,0,0,0.0
19317,2022-12,0,0,0,0.0
19319,2022-01,0,0,0,0.0
19319,2022-02,0,0,0,0.0
19319,2022-03,0,0,0,0.0
19319,2022-04,0,0,0,0.0
19319,2022-05,0,0,0,0.0
19319,2022-06,0,0,0,0.0
19319,2022-07,0,0,0,0.0
19319,2022-08,0,0,0,1.0
19319,2022-09,0,0,0,0.0
19319,2022-10,0,0,0,0.0
19319,2022-11,0,0,0,0.0
19319,2022-12,0,0,0,0.0
19320,2022-01,0,0,0,1.0
19320,2022-02,0,0,0,0.0
19320,2022-03,0,0,0,0.0
19320,2022-04,0,0,0,0.0
19320,2022-05,0,0,0,1.0
19320,2022-06,0,0,0,1.0
19320,2022-07,0,0,0,1.0
19320,2022-08,0,0,0,0.0
19320,2022-09,0,0,0,0.0
19320,2022-10,0,0,0,2.0
19320,2022-11,0,0,0,0.0
19320,2022-12,0,0,0,1.0
19330,2022-01,0,0,0,0.0
19330,2022-02,0,0,0,0.0
19330,2022-03,0,0,0,0.0
19330,2022-04,0,0,0,0.0
19330,2022-05,0,0,0,0.0
19330,2022-06,0,0,0,0.0
19330,2022-07,0,0,0,0.0
19330,2022-08,0,0,0,0.0
19330,2022-09,0,0,0,0.0
19330,2022-10,0,0,0,0.0
19330,2022-11,0,0,0,0.0
19330,2022-12,0,0,0,0.0
19333,2022-01,0,0,0,0.0
19333,2022-02,0,0,0,0.0
19333,2022-03,0,0,0,0.0
19333,2022-04,0,0,0,0.0
19333,2022-05,0,0,0,0.0
19333,2022-06,0,0,0,0.0
19333,2022-07,0,0,0,0.0
19333,2022-08,0,0,0,0.0
19333,2022-09,0,0,0,0.0
19333,2022-10,0,0,0,0.0
19333,2022-11,0,0,0,0.0
19333,2022-12,0,0,0,0.0
19335,2022-01,Chester,0,1,0.0
19335,2022-02,Chester,0,0,0.0
19335,2022-03,Chester,0,0,0.0
19335,2022-04,Chester,0,0,0.0
19335,2022-05,Chester,0,0,1.0
19335,2022-06,Chester,0,0,1.0
19335,2022-07,Chester,0,1,0.0
19335,2022-08,Chester,0,0,0.0
19335,2022-09,Chester,0,0,0.0
19335,2022-10,Chester,0,0,2.0
19335,2022-11,Chester,0,0,0.0
19335,2022-12,Chester,0,0,1.0
19341,2022-01,0,0,0,1.0
19341,2022-02,0,0,0,0.0
19341,2022-03,0,0,0,0.0
19341,2022-04,0,0,0,1.0
19341,2022-05,0,0,0,1.0
19341,2022-06,0,0,0,1.0
19341,2022-07,0,0,0,1.0
19341,2022-08,0,0,0,0.0
19341,2022-09,0,0,0,2.0
19341,2022-10,0,0,0,2.0
19341,2022-11,0,0,0,0.0
19341,2022-12,0,0,0,1.0
19342,2022-01,Delaware,0,0,1.0
19342,2022-02,Delaware,0,0,0.0
19342,2022-03,Delaware,0,0,0.0
19342,2022-04,Delaware,0,0,0.0
19342,2022-05,Delaware,0,0,0.0
19342,2022-06,Delaware,0,0,1.0
19342,2022-07,Delaware,0,0,0.0
19342,2022-08,Delaware,0,1,0.0
19342,2022-09,Delaware,0,0,0.0
19342,2022-10,Delaware,0,0,0.0
19342,2022-11,Delaware,0,0,0.0
19342,2022-12,Delaware,0,0,0.0
19343,2022-01,0,0,0,1.0
19343,2022-02,0,0,0,0.0
19343,2022-03,0,0,0,0.0
19343,2022-04,0,0,0,0.0
19343,2022-05,0,0,0,0.0
19343,2022-06,0,0,0,0.0
19343,2022-07,0,0,0,1.0
19343,2022-08,0,0,0,0.0
19343,2022-09,0,0,0,0.0
19343,2022-10,0,0,0,0.0
19343,2022-11,0,0,0,0.0
19343,2022-12,0,0,0,0.0
19344,2022-01,0,0,0,0.0
19344,2022-02,0,0,0,0.0
19344,2022-03,0,0,0,0.0
19344,2022-04,0,0,0,0.0
19344,2022-05,0,0,0,0.0
19344,2022-06,0,0,0,0.0
19344,2022-07,0,0,0,0.0
19344,2022-08,0,0,0,0.0
19344,2022-09,0,0,0,0.0
19344,2022-10,0,0,0,0.0
19344,2022-11,0,0,0,0.0
19344,2022-12,0,0,0,0.0
19345,2022-01,0,0,0,0.0
19345,2022-02,0,0,0,0.0
19345,2022-03,0,0,0,0.0
19345,2022-04,0,0,0,1.0
19345,2022-05,0,0,0,0.0
19345,2022-06,0,0,0,0.0
19345,2022-07,0,0,0,0.0
19345,2022-08,0,0,0,0.0
19345,2022-09,0,0,0,2.0
19345,2022-10,0,0,0,0.0
19345,2022-11,0,0,0,0.0
19345,2022-12,0,0,0,0.0
19348,2022-01,0,0,0,0.0
19348,2022-02,0,0,0,0.0
19348,2022-03,0,0,0,0.0
19348,2022-04,0,0,0,0.0
19348,2022-05,0,0,0,0.0
19348,2022-06,0,0,0,0.0
19348,2022-07,0,0,0,0.0
19348,2022-08,0,0,0,0.0
19348,2022-09,0,0,0,0.0
19348,2022-10,0,0,0,0.0
19348,2022-11,0,0,0,0.0
19348,2022-12,0,0,0,0.0
19350,2022-01,0,0,0,0.0
19350,2022-02,0,0,0,0.0
19350,2022-03,0,0,0,0.0
19350,2022-04,0,0,0,0.0
19350,2022-05,0,0,0,0.0
19350,2022-06,0,0,0,0.0
19350,2022-07,0,0,0,0.0
19350,2022-08,0,0,0,0.0
19350,2022-09,0,0,0,0.0
19350,2022-10,0,0,0,0.0
19350,2022-11,0,0,0,0.0
19350,2022-12,0,0,0,0.0
19352,2022-01,0,0,0,0.0
19352,2022-02,0,0,0,0.0
19352,2022-03,0,0,0,0.0
19352,2022-04,0,0,0,0.0
19352,2022-05,0,0,0,0.0
19352,2022-06,0,0,0,0.0
19352,2022-07,0,0,0,0.0
19352,2022-08,0,0,0,0.0
19352,2022-09,0,0,0,0.0
19352,2022-10,0,0,0,0.0
19352,2022-11,0,0,0,0.0
19352,2022-12,0,0,0,0.0
19355,2022-01,Chester,0,0,0.0
19355,2022-02,Chester,0,0,0.0
19355,2022-03,Chester,0,0,0.0
19355,2022-04,Chester,0,1,0.0
19355,2022-05,Chester,0,0,2.0
19355,2022-06,Chester,0,0,4.0
19355,2022-07,Chester,0,0,0.0
19355,2022-08,Chester,0,0,0.0
19355,2022-09,Chester,0,2,0.0
19355,2022-10,Chester,0,0,2.0
19355,2022-11,Chester,0,0,0.0
19355,2022-12,Chester,0,0,1.0
19358,2022-01,0,0,0,0.0
19358,2022-02,0,0,0,0.0
19358,2022-03,0,0,0,0.0
19358,2022-04,0,0,0,0.0
19358,2022-05,0,0,0,0.0
19358,2022-06,0,0,0,0.0
19358,2022-07,0,0,0,0.0
19358,2022-08,0,0,0,0.0
19358,2022-09,0,0,0,0.0
19358,2022-10,0,0,0,0.0
19358,2022-11,0,0,0,0.0
19358,2022-12,0,0,0,0.0
19362,2022-01,0,0,0,0.0
19362,2022-02,0,0,0,0.0
19362,2022-03,0,0,0,0.0
19362,2022-04,0,0,0,0.0
19362,2022-05,0,0,0,0.0
19362,2022-06,0,0,0,0.0
19362,2022-07,0,0,0,0.0
19362,2022-08,0,0,0,0.0
19362,2022-09,0,0,0,0.0
19362,2022-10,0,0,0,0.0
19362,2022-11,0,0,0,0.0
19362,2022-12,0,0,0,0.0
19363,2022-01,0,0,0,0.0
19363,2022-02,0,0,0,0.0
19363,2022-03,0,0,0,0.0
19363,2022-04,0,0,0,0.0
19363,2022-05,0,0,0,0.0
19363,2022-06,0,0,0,0.0
19363,2022-07,0,0,0,0.0
19363,2022-08,0,0,0,0.0
19363,2022-09,0,0,0,0.0
19363,2022-10,0,0,0,0.0
19363,2022-11,0,0,0,0.0
19363,2022-12,0,0,0,0.0
19365,2022-01,0,0,0,0.0
19365,2022-02,0,0,0,0.0
19365,2022-03,0,0,0,0.0
19365,2022-04,0,0,0,0.0
19365,2022-05,0,0,0,0.0
19365,2022-06,0,0,0,0.0
19365,2022-07,0,0,0,0.0
19365,2022-08,0,0,0,0.0
19365,2022-09,0,0,0,0.0
19365,2022-10,0,0,0,0.0
19365,2022-11,0,0,0,0.0
19365,2022-12,0,0,0,0.0
19367,2022-01,0,0,0,0.0
19367,2022-02,0,0,0,0.0
19367,2022-03,0,0,0,0.0
19367,2022-04,0,0,0,0.0
19367,2022-05,0,0,0,0.0
19367,2022-06,0,0,0,0.0
19367,2022-07,0,0,0,0.0
19367,2022-08,0,0,0,0.0
19367,2022-09,0,0,0,0.0
19367,2022-10,0,0,0,0.0
19367,2022-11,0,0,0,0.0
19367,2022-12,0,0,0,0.0
19369,2022-01,0,0,0,0.0
19369,2022-02,0,0,0,0.0
19369,2022-03,0,0,0,0.0
19369,2022-04,0,0,0,0.0
19369,2022-05,0,0,0,0.0
19369,2022-06,0,0,0,0.0
19369,2022-07,0,0,0,0.0
19369,2022-08,0,0,0,0.0
19369,2022-09,0,0,0,0.0
19369,2022-10,0,0,0,0.0
19369,2022-11,0,0,0,0.0
19369,2022-12,0,0,0,0.0
19372,2022-01,0,0,0,1.0
19372,2022-02,0,0,0,0.0
19372,2022-03,0,0,0,0.0
19372,2022-04,0,0,0,0.0
19372,2022-05,0,0,0,0.0
19372,2022-06,0,0,0,0.0
19372,2022-07,0,0,0,1.0
19372,2022-08,0,0,0,0.0
19372,2022-09,0,0,0,0.0
19372,2022-10,0,0,0,0.0
19372,2022-11,0,0,0,0.0
19372,2022-12,0,0,0,0.0
19373,2022-01,0,0,0,0.0
19373,2022-02,0,0,0,0.0
19373,2022-03,0,0,0,0.0
19373,2022-04,0,0,0,0.0
19373,2022-05,0,0,0,0.0
19373,2022-06,0,0,0,0.0
19373,2022-07,0,0,0,0.0
19373,2022-08,0,0,0,1.0
19373,2022-09,0,0,0,0.0
19373,2022-10,0,0,0,0.0
19373,2022-11,0,0,0,0.0
19373,2022-12,0,0,0,0.0
19374,2022-01,0,0,0,0.0
19374,2022-02,0,0,0,0.0
19374,2022-03,0,0,0,0.0
19374,2022-04,0,0,0,0.0
19374,2022-05,0,0,0,0.0
19374,2022-06,0,0,0,0.0
19374,2022-07,0,0,0,0.0
19374,2022-08,0,0,0,0.0
19374,2022-09,0,0,0,0.0
19374,2022-10,0,0,0,0.0
19374,2022-11,0,0,0,0.0
19374,2022-12,0,0,0,0.0
19375,2022-01,0,0,0,0.0
19375,2022-02,0,0,0,0.0
19375,2022-03,0,0,0,0.0
19375,2022-04,0,0,0,0.0
19375,2022-05,0,0,0,0.0
19375,2022-06,0,0,0,0.0
19375,2022-07,0,0,0,0.0
19375,2022-08,0,0,0,0.0
19375,2022-09,0,0,0,0.0
19375,2022-10,0,0,0,0.0
19375,2022-11,0,0,0,0.0
19375,2022-12,0,0,0,0.0
19380,2022-01,Chester,0,0,1.0
19380,2022-02,Chester,0,0,0.0
19380,2022-03,Chester,0,0,0.0
19380,2022-04,Chester,0,0,1.0
19380,2022-05,Chester,0,1,0.0
19380,2022-06,Chester,0,1,0.0
19380,2022-07,Chester,0,0,1.0
19380,2022-08,Chester,0,0,0.0
19380,2022-09,Chester,0,0,2.0
19380,2022-10,Chester,0,2,0.0
19380,2022-11,Chester,0,0,0.0
19380,2022-12,Chester,0,1,0.0
19382,2022-01,0,0,0,0.0
19382,2022-02,0,0,0,0.0
19382,2022-03,0,0,0,0.0
19382,2022-04,0,0,0,0.0
19382,2022-05,0,0,0,1.0
19382,2022-06,0,0,0,1.0
19382,2022-07,0,0,0,0.0
19382,2022-08,0,0,0,1.0
19382,2022-09,0,0,0,0.0
19382,2022-10,0,0,0,2.0
19382,2022-11,0,0,0,0.0
19382,2022-12,0,0,0,1.0
19383,2022-01,0,0,0,0.0
19383,2022-02,0,0,0,0.0
19383,2022-03,0,0,0,0.0
19383,2022-04,0,0,0,0.0
19383,2022-05,0,0,0,0.0
19383,2022-06,0,0,0,0.0
19383,2022-07,0,0,0,0.0
19383,2022-08,0,0,0,0.0
19383,2022-09,0,0,0,0.0
19383,2022-10,0,0,0,0.0
19383,2022-11,0,0,0,0.0
19383,2022-12,0,0,0,0.0
19390,2022-01,0,0,0,0.0
19390,2022-02,0,0,0,0.0
19390,2022-03,0,0,0,0.0
19390,2022-04,0,0,0,0.0
19390,2022-05,0,0,0,0.0
19390,2022-06,0,0,0,0.0
19390,2022-07,0,0,0,0.0
19390,2022-08,0,0,0,0.0
19390,2022-09,0,0,0,0.0
19390,2022-10,0,0,0,0.0
19390,2022-11,0,0,0,0.0
19390,2022-12,0,0,0,0.0
19401,2022-01,Montgomery,0,0,0.0
19401,2022-02,Montgomery,0,0,0.0
19401,2022-03,Montgomery,0,1,1.0
19401,2022-04,Montgomery,0,0,0.0
19401,2022-05,Montgomery,0,1,0.0
19401,2022-06,Montgomery,0,2,0.0
19401,2022-07,Montgomery,0,0,0.0
19401,2022-08,Montgomery,0,0,0.0
19401,2022-09,Montgomery,0,0,0.0
19401,2022-10,Montgomery,0,0,0.0
19401,2022-11,Montgomery,0,0,0.0
19401,2022-12,Montgomery,0,0,0.0
19403,2022-01,0,0,0,0.0
19403,2022-02,0,0,0,0.0
19403,2022-03,0,0,0,2.0
19403,2022-04,0,0,0,0.0
19403,2022-05,0,0,0,2.0
19403,2022-06,0,0,0,5.0
19403,2022-07,0,0,0,0.0
19403,2022-08,0,0,0,0.0
19403,2022-09,0,0,0,0.0
19403,2022-10,0,0,0,0.0
19403,2022-11,0,0,0,0.0
19403,2022-12,0,0,0,0.0
19405,2022-01,Montgomery,0,0,0.0
19405,2022-02,Montgomery,0,0,0.0
19405,2022-03,Montgomery,0,1,1.0
19405,2022-04,Montgomery,0,0,0.0
19405,2022-05,Montgomery,0,0,2.0
19405,2022-06,Montgomery,0,0,4.0
19405,2022-07,Montgomery,0,0,0.0
19405,2022-08,Montgomery,0,0,0.0
19405,2022-09,Montgomery,0,0,0.0
19405,2022-10,Montgomery,0,0,0.0
19405,2022-11,Montgomery,0,0,0.0
19405,2022-12,Montgomery,0,0,0.0
19406,2022-01,Montgomery,0,0,0.0
19406,2022-02,Montgomery,0,0,0.0
19406,2022-03,Montgomery,0,0,1.0
19406,2022-04,Montgomery,0,0,1.0
19406,2022-05,Montgomery,0,1,0.0
19406,2022-06,Montgomery,0,2,1.0
19406,2022-07,Montgomery,0,0,0.0
19406,2022-08,Montgomery,0,0,0.0
19406,2022-09,Montgomery,0,0,2.0
19406,2022-10,Montgomery,0,0,0.0
19406,2022-11,Montgomery,0,0,0.0
19406,2022-12,Montgomery,0,0,0.0
19422,2022-01,0,0,0,0.0
19422,2022-02,0,0,0,0.0
19422,2022-03,0,0,0,1.0
19422,2022-04,0,0,0,0.0
19422,2022-05,0,0,0,1.0
19422,2022-06,0,0,0,2.0
19422,2022-07,0,0,0,0.0
19422,2022-08,0,0,0,0.0
19422,2022-09,0,0,0,0.0
19422,2022-10,0,0,0,0.0
19422,2022-11,0,0,0,0.0
19422,2022-12,0,0,0,0.0
19425,2022-01,0,0,0,1.0
19425,2022-02,0,0,0,0.0
19425,2022-03,0,0,0,0.0
19425,2022-04,0,0,0,1.0
19425,2022-05,0,0,0,0.0
19425,2022-06,0,0,0,1.0
19425,2022-07,0,0,0,1.0
19425,2022-08,0,0,0,0.0
19425,2022-09,0,0,0,2.0
19425,2022-10,0,0,0,0.0
19425,2022-11,0,0,0,0.0
19425,2022-12,0,0,0,0.0
19426,2022-01,0,0,0,0.0
19426,2022-02,0,0,0,0.0
19426,2022-03,0,0,0,0.0
19426,2022-04,0,0,0,0.0
19426,2022-05,0,0,0,0.0
19426,2022-06,0,0,0,1.0
19426,2022-07,0,0,0,0.0
19426,2022-08,0,0,0,0.0
19426,2022-09,0,0,0,0.0
19426,2022-10,0,0,0,0.0
19426,2022-11,0,0,0,0.0
19426,2022-12,0,0,0,0.0
19428,2022-01,0,0,0,0.0
19428,2022-02,0,0,0,0.0
19428,2022-03,0,0,0,1.0
19428,2022-04,0,0,0,0.0
19428,2022-05,0,0,0,1.0
19428,2022-06,0,0,0,2.0
19428,2022-07,0,0,0,0.0
19428,2022-08,0,0,0,0.0
19428,2022-09,0,0,0,0.0
19428,2022-10,0,0,0,0.0
19428,2022-11,0,0,0,0.0
19428,2022-12,0,0,0,0.0
19435,2022-01,0,0,0,0.0
19435,2022-02,0,0,0,0.0
19435,2022-03,0,0,0,0.0
19435,2022-04,0,0,0,0.0
19435,2022-05,0,0,0,0.0
19435,2022-06,0,0,0,0.0
19435,2022-07,0,0,0,0.0
19435,2022-08,0,0,0,0.0
19435,2022-09,0,0,0,0.0
19435,2022-10,0,0,0,0.0
19435,2022-11,0,0,0,0.0
19435,2022-12,0,0,0,0.0
19436,2022-01,0,0,0,0.0
19436,2022-02,0,0,0,0.0
19436,2022-03,0,0,0,0.0
19436,2022-04,0,0,0,0.0
19436,2022-05,0,0,0,0.0
19436,2022-06,0,0,0,0.0
19436,2022-07,0,0,0,0.0
19436,2022-08,0,0,0,0.0
19436,2022-09,0,0,0,0.0
19436,2022-10,0,0,0,0.0
19436,2022-11,0,0,0,0.0
19436,2022-12,0,0,0,0.0
19437,2022-01,0,0,0,0.0
19437,2022-02,0,0,0,0.0
19437,2022-03,0,0,0,0.0
19437,2022-04,0,0,0,0.0
19437,2022-05,0,0,0,0.0
19437,2022-06,0,0,0,0.0
19437,2022-07,0,0,0,0.0
19437,2022-08,0,0,0,0.0
19437,2022-09,0,0,0,0.0
19437,2022-10,0,0,0,0.0
19437,2022-11,0,0,0,0.0
19437,2022-12,0,0,0,0.0
19438,2022-01,0,0,0,0.0
19438,2022-02,0,0,0,0.0
19438,2022-03,0,0,0,0.0
19438,2022-04,0,0,0,0.0
19438,2022-05,0,0,0,0.0
19438,2022-06,0,0,0,0.0
19438,2022-07,0,0,0,0.0
19438,2022-08,0,0,0,0.0
19438,2022-09,0,0,0,0.0
19438,2022-10,0,0,0,0.0
19438,2022-11,0,0,0,0.0
19438,2022-12,0,0,0,0.0
19440,2022-01,Montgomery,0,0,0.0
19440,2022-02,Montgomery,0,0,0.0
19440,2022-03,Montgomery,0,0,0.0
19440,2022-04,Montgomery,0,0,0.0
19440,2022-05,Montgomery,0,0,0.0
19440,2022-06,Montgomery,0,1,0.0
19440,2022-07,Montgomery,0,0,0.0
19440,2022-08,Montgomery,0,0,0.0
19440,2022-09,Montgomery,0,0,0.0
19440,2022-10,Montgomery,0,0,0.0
19440,2022-11,Montgomery,0,0,0.0
19440,2022-12,Montgomery,0,0,0.0
19442,2022-01,0,0,0,0.0
19442,2022-02,0,0,0,0.0
19442,2022-03,0,0,0,0.0
19442,2022-04,0,0,0,0.0
19442,2022-05,0,0,0,0.0
19442,2022-06,0,0,0,1.0
19442,2022-07,0,0,0,0.0
19442,2022-08,0,0,0,0.0
19442,2022-09,0,0,0,0.0
19442,2022-10,0,0,0,0.0
19442,2022-11,0,0,0,0.0
19442,2022-12,0,0,0,0.0
19444,2022-01,0,0,0,0.0
19444,2022-02,0,0,0,0.0
19444,2022-03,0,0,0,0.0
19444,2022-04,0,0,0,0.0
19444,2022-05,0,0,0,0.0
19444,2022-06,0,0,0,0.0
19444,2022-07,0,0,0,0.0
19444,2022-08,0,0,0,0.0
19444,2022-09,0,0,0,0.0
19444,2022-10,0,0,0,0.0
19444,2022-11,0,0,0,0.0
19444,2022-12,0,0,0,0.0
19446,2022-01,0,0,0,0.0
19446,2022-02,0,0,0,0.0
19446,2022-03,0,0,0,0.0
19446,2022-04,0,0,0,0.0
19446,2022-05,0,0,0,0.0
19446,2022-06,0,0,0,1.0
19446,2022-07,0,0,0,0.0
19446,2022-08,0,0,0,0.0
19446,2022-09,0,0,0,0.0
19446,2022-10,0,0,0,0.0
19446,2022-11,0,0,0,0.0
19446,2022-12,0,0,0,0.0
19453,2022-01,0,0,0,0.0
19453,2022-02,0,0,0,0.0
19453,2022-03,0,0,0,0.0
19453,2022-04,0,0,0,0.0
19453,2022-05,0,0,0,0.0
19453,2022-06,0,0,0,1.0
19453,2022-07,0,0,0,0.0
19453,2022-08,0,0,0,0.0
19453,2022-09,0,0,0,0.0
19453,2022-10,0,0,0,0.0
19453,2022-11,0,0,0,0.0
19453,2022-12,0,0,0,0.0
19454,2022-01,0,0,0,0.0
19454,2022-02,0,0,0,0.0
19454,2022-03,0,0,0,0.0
19454,2022-04,0,0,0,0.0
19454,2022-05,0,0,0,0.0
19454,2022-06,0,0,0,0.0
19454,2022-07,0,0,0,0.0
19454,2022-08,0,0,0,0.0
19454,2022-09,0,0,0,0.0
19454,2022-10,0,0,0,0.0
19454,2022-11,0,0,0,0.0
19454,2022-12,0,0,0,0.0
19456,2022-01,0,0,0,0.0
19456,2022-02,0,0,0,0.0
19456,2022-03,0,0,0,0.0
19456,2022-04,0,0,0,0.0
19456,2022-05,0,0,0,0.0
19456,2022-06,0,0,0,1.0
19456,2022-07,0,0,0,0.0
19456,2022-08,0,0,0,0.0
19456,2022-09,0,0,0,0.0
19456,2022-10,0,0,0,0.0
19456,2022-11,0,0,0,0.0
19456,2022-12,0,0,0,0.0
19457,2022-01,0,0,0,0.0
19457,2022-02,0,0,0,0.0
19457,2022-03,0,0,0,0.0
19457,2022-04,0,0,0,0.0
19457,2022-05,0,0,0,0.0
19457,2022-06,0,0,0,0.0
19457,2022-07,0,0,0,0.0
19457,2022-08,0,0,0,0.0
19457,2022-09,0,0,0,0.0
19457,2022-10,0,0,0,0.0
19457,2022-11,0,0,0,0.0
19457,2022-12,0,0,0,0.0
19460,2022-01,Chester,0,0,0.0
19460,2022-02,Chester,0,0,0.0
19460,2022-03,Chester,0,0,0.0
19460,2022-04,Chester,0,0,1.0
19460,2022-05,Chester,0,0,1.0
19460,2022-06,Chester,0,1,2.0
19460,2022-07,Chester,0,0,0.0
19460,2022-08,Chester,0,0,0.0
19460,2022-09,Chester,0,0,2.0
19460,2022-10,Chester,0,0,0.0
19460,2022-11,Chester,0,0,0.0
19460,2022-12,Chester,0,0,0.0
19462,2022-01,0,0,0,0.0
19462,2022-02,0,0,0,0.0
19462,2022-03,0,0,0,2.0
19462,2022-04,0,0,0,0.0
19462,2022-05,0,0,0,1.0
19462,2022-06,0,0,0,2.0
19462,2022-07,0,0,0,0.0
19462,2022-08,0,0,0,0.0
19462,2022-09,0,0,0,0.0
19462,2022-10,0,0,0,0.0
19462,2022-11,0,0,0,0.0
19462,2022-12,0,0,0,0.0
19464,2022-01,Montgomery,0,0,0.0
19464,2022-02,Montgomery,0,0,0.0
19464,2022-03,Montgomery,0,1,0.0
19464,2022-04,Montgomery,0,1,0.0
19464,2022-05,Montgomery,0,0,0.0
19464,2022-06,Montgomery,0,2,0.0
19464,2022-07,Montgomery,0,0,0.0
19464,2022-08,Montgomery,0,0,0.0
19464,2022-09,Montgomery,0,0,0.0
19464,2022-10,Montgomery,0,0,0.0
19464,2022-11,Montgomery,0,0,0.0
19464,2022-12,Montgomery,0,0,0.0
19465,2022-01,0,0,0,0.0
19465,2022-02,0,0,0,0.0
19465,2022-03,0,0,0,1.0
19465,2022-04,0,0,0,1.0
19465,2022-05,0,0,0,0.0
19465,2022-06,0,0,0,2.0
19465,2022-07,0,0,0,0.0
19465,2022-08,0,0,0,0.0
19465,2022-09,0,0,0,0.0
19465,2022-10,0,0,0,0.0
19465,2022-11,0,0,0,0.0
19465,2022-12,0,0,0,0.0
19468,2022-01,0,0,0,0.0
19468,2022-02,0,0,0,0.0
19468,2022-03,0,0,0,1.0
19468,2022-04,0,0,0,1.0
19468,2022-05,0,0,0,0.0
19468,2022-06,0,0,0,3.0
19468,2022-07,0,0,0,0.0
19468,2022-08,0,0,0,0.0
19468,2022-09,0,0,0,0.0
19468,2022-10,0,0,0,0.0
19468,2022-11,0,0,0,0.0
19468,2022-12,0,0,0,0.0
19472,2022-01,0,0,0,0.0
19472,2022-02,0,0,0,0.0
19472,2022-03,0,0,0,0.0
19472,2022-04,0,0,0,0.0
19472,2022-05,0,0,0,0.0
19472,2022-06,0,0,0,0.0
19472,2022-07,0,0,0,0.0
19472,2022-08,0,0,0,0.0
19472,2022-09,0,0,0,0.0
19472,2022-10,0,0,0,0.0
19472,2022-11,0,0,0,0.0
19472,2022-12,0,0,0,0.0
19473,2022-01,0,0,0,0.0
19473,2022-02,0,0,0,0.0
19473,2022-03,0,0,0,1.0
19473,2022-04,0,0,0,1.0
19473,2022-05,0,0,0,0.0
19473,2022-06,0,0,0,2.0
19473,2022-07,0,0,0,0.0
19473,2022-08,0,0,0,0.0
19473,2022-09,0,0,0,0.0
19473,2022-10,0,0,0,0.0
19473,2022-11,0,0,0,0.0
19473,2022-12,0,0,0,0.0
19474,2022-01,0,0,0,0.0
19474,2022-02,0,0,0,0.0
19474,2022-03,0,0,0,0.0
19474,2022-04,0,0,0,0.0
19474,2022-05,0,0,0,0.0
19474,2022-06,0,0,0,0.0
19474,2022-07,0,0,0,0.0
19474,2022-08,0,0,0,0.0
19474,2022-09,0,0,0,0.0
19474,2022-10,0,0,0,0.0
19474,2022-11,0,0,0,0.0
19474,2022-12,0,0,0,0.0
19475,2022-01,0,0,0,0.0
19475,2022-02,0,0,0,0.0
19475,2022-03,0,0,0,0.0
19475,2022-04,0,0,0,0.0
19475,2022-05,0,0,0,0.0
19475,2022-06,0,0,0,1.0
19475,2022-07,0,0,0,0.0
19475,2022-08,0,0,0,0.0
19475,2022-09,0,0,0,0.0
19475,2022-10,0,0,0,0.0
19475,2022-11,0,0,0,0.0
19475,2022-12,0,0,0,0.0
19477,2022-01,0,0,0,0.0
19477,2022-02,0,0,0,0.0
19477,2022-03,0,0,0,0.0
19477,2022-04,0,0,0,0.0
19477,2022-05,0,0,0,0.0
19477,2022-06,0,0,0,0.0
19477,2022-07,0,0,0,0.0
19477,2022-08,0,0,0,0.0
19477,2022-09,0,0,0,0.0
19477,2022-10,0,0,0,0.0
19477,2022-11,0,0,0,0.0
19477,2022-12,0,0,0,0.0
19490,2022-01,0,0,0,0.0
19490,2022-02,0,0,0,0.0
19490,2022-03,0,0,0,0.0
19490,2022-04,0,0,0,0.0
19490,2022-05,0,0,0,0.0
19490,2022-06,0,0,0,0.0
19490,2022-07,0,0,0,0.0
19490,2022-08,0,0,0,0.0
19490,2022-09,0,0,0,0.0
19490,2022-10,0,0,0,0.0
19490,2022-11,0,0,0,0.0
19490,2022-12,0,0,0,0.0
19492,2022-01,0,0,0,0.0
19492,2022-02,0,0,0,0.0
19492,2022-03,0,0,0,0.0
19492,2022-04,0,0,0,0.0
19492,2022-05,0,0,0,0.0
19492,2022-06,0,0,0,0.0
19492,2022-07,0,0,0,0.0
19492,2022-08,0,0,0,0.0
19492,2022-09,0,0,0,0.0
19492,2022-10,0,0,0,0.0
19492,2022-11,0,0,0,0.0
19492,2022-12,0,0,0,0.0
19501,2022-01,0,0,0,0.0
19501,2022-02,0,0,0,0.0
19501,2022-03,0,0,0,0.0
19501,2022-04,0,0,0,0.0
19501,2022-05,0,0,0,0.0
19501,2022-06,0,0,0,0.0
19501,2022-07,0,0,0,0.0
19501,2022-08,0,0,0,0.0
19501,2022-09,0,0,0,0.0
19501,2022-10,0,0,0,0.0
19501,2022-11,0,0,0,0.0
19501,2022-12,0,0,0,0.0
19503,2022-01,0,0,0,0.0
19503,2022-02,0,0,0,0.0
19503,2022-03,0,0,0,0.0
19503,2022-04,0,0,0,0.0
19503,2022-05,0,0,0,0.0
19503,2022-06,0,0,0,0.0
19503,2022-07,0,0,0,0.0
19503,2022-08,0,0,0,0.0
19503,2022-09,0,0,0,0.0
19503,2022-10,0,0,0,0.0
19503,2022-11,0,0,0,0.0
19503,2022-12,0,0,0,0.0
19504,2022-01,0,0,0,0.0
19504,2022-02,0,0,0,0.0
19504,2022-03,0,0,0,0.0
19504,2022-04,0,0,0,0.0
19504,2022-05,0,0,0,0.0
19504,2022-06,0,0,0,0.0
19504,2022-07,0,0,0,0.0
19504,2022-08,0,0,0,0.0
19504,2022-09,0,0,0,0.0
19504,2022-10,0,0,0,0.0
19504,2022-11,0,0,0,0.0
19504,2022-12,0,0,0,0.0
19505,2022-01,0,0,0,0.0
19505,2022-02,0,0,0,0.0
19505,2022-03,0,0,0,0.0
19505,2022-04,0,0,0,0.0
19505,2022-05,0,0,0,0.0
19505,2022-06,0,0,0,0.0
19505,2022-07,0,0,0,0.0
19505,2022-08,0,0,0,0.0
19505,2022-09,0,0,0,0.0
19505,2022-10,0,0,0,0.0
19505,2022-11,0,0,0,0.0
19505,2022-12,0,0,0,0.0
19506,2022-01,0,0,0,0.0
19506,2022-02,0,0,0,0.0
19506,2022-03,0,0,0,1.0
19506,2022-04,0,0,0,0.0
19506,2022-05,0,0,0,0.0
19506,2022-06,0,0,0,0.0
19506,2022-07,0,0,0,1.0
19506,2022-08,0,0,0,0.0
19506,2022-09,0,0,0,0.0
19506,2022-10,0,0,0,0.0
19506,2022-11,0,0,0,0.0
19506,2022-12,0,0,0,1.0
19507,2022-01,0,0,0,0.0
19507,2022-02,0,0,0,0.0
19507,2022-03,0,0,0,0.0
19507,2022-04,0,0,0,0.0
19507,2022-05,0,0,0,0.0
19507,2022-06,0,0,0,0.0
19507,2022-07,0,0,0,0.0
19507,2022-08,0,0,0,0.0
19507,2022-09,0,0,0,0.0
19507,2022-10,0,0,0,0.0
19507,2022-11,0,0,0,0.0
19507,2022-12,0,0,0,0.0
19508,2022-01,0,0,0,0.0
19508,2022-02,0,0,0,0.0
19508,2022-03,0,0,0,0.0
19508,2022-04,0,0,0,0.0
19508,2022-05,0,0,0,0.0
19508,2022-06,0,0,0,0.0
19508,2022-07,0,0,0,0.0
19508,2022-08,0,0,0,0.0
19508,2022-09,0,0,0,0.0
19508,2022-10,0,0,0,0.0
19508,2022-11,0,0,0,0.0
19508,2022-12,0,0,0,0.0
19510,2022-01,0,0,0,0.0
19510,2022-02,0,0,0,0.0
19510,2022-03,0,0,0,0.0
19510,2022-04,0,0,0,0.0
19510,2022-05,0,0,0,0.0
19510,2022-06,0,0,0,0.0
19510,2022-07,0,0,0,0.0
19510,2022-08,0,0,0,0.0
19510,2022-09,0,0,0,0.0
19510,2022-10,0,0,0,0.0
19510,2022-11,0,0,0,0.0
19510,2022-12,0,0,0,0.0
19511,2022-01,0,0,0,0.0
19511,2022-02,0,0,0,1.0
19511,2022-03,0,0,0,0.0
19511,2022-04,0,0,0,0.0
19511,2022-05,0,0,0,0.0
19511,2022-06,0,0,0,1.0
19511,2022-07,0,0,0,0.0
19511,2022-08,0,0,0,0.0
19511,2022-09,0,0,0,0.0
19511,2022-10,0,0,0,0.0
19511,2022-11,0,0,0,0.0
19511,2022-12,0,0,0,0.0
19512,2022-01,0,0,0,0.0
19512,2022-02,0,0,0,0.0
19512,2022-03,0,0,0,1.0
19512,2022-04,0,0,0,1.0
19512,2022-05,0,0,0,0.0
19512,2022-06,0,0,0,2.0
19512,2022-07,0,0,0,0.0
19512,2022-08,0,0,0,0.0
19512,2022-09,0,0,0,0.0
19512,2022-10,0,0,0,0.0
19512,2022-11,0,0,0,0.0
19512,2022-12,0,0,0,0.0
19516,2022-01,0,0,0,0.0
19516,2022-02,0,0,0,0.0
19516,2022-03,0,0,0,0.0
19516,2022-04,0,0,0,0.0
19516,2022-05,0,0,0,0.0
19516,2022-06,0,0,0,0.0
19516,2022-07,0,0,0,0.0
19516,2022-08,0,0,0,0.0
19516,2022-09,0,0,0,0.0
19516,2022-10,0,0,0,0.0
19516,2022-11,0,0,0,0.0
19516,2022-12,0,0,0,0.0
19518,2022-01,0,0,0,0.0
19518,2022-02,0,0,0,0.0
19518,2022-03,0,0,0,1.0
19518,2022-04,0,0,0,1.0
19518,2022-05,0,0,0,0.0
19518,2022-06,0,0,0,2.0
19518,2022-07,0,0,0,0.0
19518,2022-08,0,0,0,0.0
19518,2022-09,0,0,0,0.0
19518,2022-10,0,0,0,0.0
19518,2022-11,0,0,0,0.0
19518,2022-12,0,0,0,0.0
19520,2022-01,0,0,0,0.0
19520,2022-02,0,0,0,0.0
19520,2022-03,0,0,0,0.0
19520,2022-04,0,0,0,0.0
19520,2022-05,0,0,0,0.0
19520,2022-06,0,0,0,0.0
19520,2022-07,0,0,0,0.0
19520,2022-08,0,0,0,0.0
19520,2022-09,0,0,0,0.0
19520,2022-10,0,0,0,0.0
19520,2022-11,0,0,0,0.0
19520,2022-12,0,0,0,0.0
19522,2022-01,0,0,0,0.0
19522,2022-02,0,0,0,1.0
19522,2022-03,0,0,0,0.0
19522,2022-04,0,0,0,0.0
19522,2022-05,0,0,0,0.0
19522,2022-06,0,0,0,1.0
19522,2022-07,0,0,0,0.0
19522,2022-08,0,0,0,0.0
19522,2022-09,0,0,0,0.0
19522,2022-10,0,0,0,0.0
19522,2022-11,0,0,0,0.0
19522,2022-12,0,0,0,0.0
19523,2022-01,0,0,0,0.0
19523,2022-02,0,0,0,0.0
19523,2022-03,0,0,0,0.0
19523,2022-04,0,0,0,0.0
19523,2022-05,0,0,0,0.0
19523,2022-06,0,0,0,0.0
19523,2022-07,0,0,0,0.0
19523,2022-08,0,0,0,0.0
19523,2022-09,0,0,0,0.0
19523,2022-10,0,0,0,0.0
19523,2022-11,0,0,0,0.0
19523,2022-12,0,0,0,0.0
19525,2022-01,0,0,0,0.0
19525,2022-02,0,0,0,0.0
19525,2022-03,0,0,0,1.0
19525,2022-04,0,0,0,1.0
19525,2022-05,0,0,0,0.0
19525,2022-06,0,0,0,2.0
19525,2022-07,0,0,0,0.0
19525,2022-08,0,0,0,0.0
19525,2022-09,0,0,0,0.0
19525,2022-10,0,0,0,0.0
19525,2022-11,0,0,0,0.0
19525,2022-12,0,0,0,0.0
19526,2022-01,0,0,0,0.0
19526,2022-02,0,0,0,1.0
19526,2022-03,0,0,0,0.0
19526,2022-04,0,0,0,0.0
19526,2022-05,0,0,0,0.0
19526,2022-06,0,0,0,1.0
19526,2022-07,0,0,0,0.0
19526,2022-08,0,0,0,0.0
19526,2022-09,0,0,0,0.0
19526,2022-10,0,0,0,0.0
19526,2022-11,0,0,0,0.0
19526,2022-12,0,0,0,0.0
19529,2022-01,0,0,0,0.0
19529,2022-02,0,0,0,1.0
19529,2022-03,0,0,0,0.0
19529,2022-04,0,0,0,0.0
19529,2022-05,0,0,0,0.0
19529,2022-06,0,0,0,1.0
19529,2022-07,0,0,0,0.0
19529,2022-08,0,0,0,0.0
19529,2022-09,0,0,0,0.0
19529,2022-10,0,0,0,0.0
19529,2022-11,0,0,0,0.0
19529,2022-12,0,0,0,0.0
19530,2022-01,Berks,0,0,0.0
19530,2022-02,Berks,0,1,0.0
19530,2022-03,Berks,0,0,0.0
19530,2022-04,Berks,0,0,0.0
19530,2022-05,Berks,0,0,0.0
19530,2022-06,Berks,0,1,0.0
19530,2022-07,Berks,0,0,0.0
19530,2022-08,Berks,0,0,0.0
19530,2022-09,Berks,0,0,0.0
19530,2022-10,Berks,0,0,0.0
19530,2022-11,Berks,0,0,0.0
19530,2022-12,Berks,0,0,0.0
19533,2022-01,Berks,0,0,0.0
19533,2022-02,Berks,0,0,0.0
19533,2022-03,Berks,0,1,0.0
19533,2022-04,Berks,0,0,0.0
19533,2022-05,Berks,0,0,0.0
19533,2022-06,Berks,0,0,1.0
19533,2022-07,Berks,0,1,0.0
19533,2022-08,Berks,0,0,0.0
19533,2022-09,Berks,0,0,0.0
19533,2022-10,Berks,0,0,0.0
19533,2022-11,Berks,0,0,0.0
19533,2022-12,Berks,0,1,0.0
19534,2022-01,0,0,0,0.0
19534,2022-02,0,0,0,1.0
19534,2022-03,0,0,0,0.0
19534,2022-04,0,0,0,0.0
19534,2022-05,0,0,0,0.0
19534,2022-06,0,0,0,1.0
19534,2022-07,0,0,0,0.0
19534,2022-08,0,0,0,0.0
19534,2022-09,0,0,0,0.0
19534,2022-10,0,0,0,0.0
19534,2022-11,0,0,0,0.0
19534,2022-12,0,0,0,0.0
19535,2022-01,0,0,0,0.0
19535,2022-02,0,0,0,0.0
19535,2022-03,0,0,0,0.0
19535,2022-04,0,0,0,0.0
19535,2022-05,0,0,0,0.0
19535,2022-06,0,0,0,0.0
19535,2022-07,0,0,0,0.0
19535,2022-08,0,0,0,0.0
19535,2022-09,0,0,0,0.0
19535,2022-10,0,0,0,0.0
19535,2022-11,0,0,0,0.0
19535,2022-12,0,0,0,0.0
19536,2022-01,0,0,0,0.0
19536,2022-02,0,0,0,1.0
19536,2022-03,0,0,0,0.0
19536,2022-04,0,0,0,0.0
19536,2022-05,0,0,0,0.0
19536,2022-06,0,0,0,1.0
19536,2022-07,0,0,0,0.0
19536,2022-08,0,0,0,0.0
19536,2022-09,0,0,0,0.0
19536,2022-10,0,0,0,0.0
19536,2022-11,0,0,0,0.0
19536,2022-12,0,0,0,0.0
19538,2022-01,0,0,0,0.0
19538,2022-02,0,0,0,1.0
19538,2022-03,0,0,0,0.0
19538,2022-04,0,0,0,0.0
19538,2022-05,0,0,0,0.0
19538,2022-06,0,0,0,1.0
19538,2022-07,0,0,0,0.0
19538,2022-08,0,0,0,0.0
19538,2022-09,0,0,0,0.0
19538,2022-10,0,0,0,0.0
19538,2022-11,0,0,0,0.0
19538,2022-12,0,0,0,0.0
19539,2022-01,0,0,0,0.0
19539,2022-02,0,0,0,1.0
19539,2022-03,0,0,0,0.0
19539,2022-04,0,0,0,0.0
19539,2022-05,0,0,0,0.0
19539,2022-06,0,0,0,1.0
19539,2022-07,0,0,0,0.0
19539,2022-08,0,0,0,0.0
19539,2022-09,0,0,0,0.0
19539,2022-10,0,0,0,0.0
19539,2022-11,0,0,0,0.0
19539,2022-12,0,0,0,0.0
19540,2022-01,0,0,0,0.0
19540,2022-02,0,0,0,0.0
19540,2022-03,0,0,0,0.0
19540,2022-04,0,0,0,0.0
19540,2022-05,0,0,0,0.0
19540,2022-06,0,0,0,0.0
19540,2022-07,0,0,0,0.0
19540,2022-08,0,0,0,0.0
19540,2022-09,0,0,0,0.0
19540,2022-10,0,0,0,0.0
19540,2022-11,0,0,0,0.0
19540,2022-12,0,0,0,0.0
19541,2022-01,0,0,0,0.0
19541,2022-02,0,0,0,0.0
19541,2022-03,0,0,0,1.0
19541,2022-04,0,0,0,0.0
19541,2022-05,0,0,0,0.0
19541,2022-06,0,0,0,0.0
19541,2022-07,0,0,0,1.0
19541,2022-08,0,0,0,0.0
19541,2022-09,0,0,0,0.0
19541,2022-10,0,0,0,0.0
19541,2022-11,0,0,0,0.0
19541,2022-12,0,0,0,1.0
19543,2022-01,0,0,0,0.0
19543,2022-02,0,0,0,0.0
19543,2022-03,0,0,0,0.0
19543,2022-04,0,0,0,0.0
19543,2022-05,0,0,0,0.0
19543,2022-06,0,0,0,0.0
19543,2022-07,0,0,0,0.0
19543,2022-08,0,0,0,0.0
19543,2022-09,0,0,0,0.0
19543,2022-10,0,0,0,0.0
19543,2022-11,0,0,0,0.0
19543,2022-12,0,0,0,0.0
19544,2022-01,0,0,0,0.0
19544,2022-02,0,0,0,0.0
19544,2022-03,0,0,0,0.0
19544,2022-04,0,0,0,0.0
19544,2022-05,0,0,0,0.0
19544,2022-06,0,0,0,0.0
19544,2022-07,0,0,0,0.0
19544,2022-08,0,0,0,0.0
19544,2022-09,0,0,0,0.0
19544,2022-10,0,0,0,0.0
19544,2022-11,0,0,0,0.0
19544,2022-12,0,0,0,0.0
19545,2022-01,0,0,0,0.0
19545,2022-02,0,0,0,0.0
19545,2022-03,0,0,0,0.0
19545,2022-04,0,0,0,0.0
19545,2022-05,0,0,0,0.0
19545,2022-06,0,0,0,0.0
19545,2022-07,0,0,0,0.0
19545,2022-08,0,0,0,0.0
19545,2022-09,0,0,0,0.0
19545,2022-10,0,0,0,0.0
19545,2022-11,0,0,0,0.0
19545,2022-12,0,0,0,0.0
19547,2022-01,0,0,0,0.0
19547,2022-02,0,0,0,0.0
19547,2022-03,0,0,0,0.0
19547,2022-04,0,0,0,0.0
19547,2022-05,0,0,0,0.0
19547,2022-06,0,0,0,0.0
19547,2022-07,0,0,0,0.0
19547,2022-08,0,0,0,0.0
19547,2022-09,0,0,0,0.0
19547,2022-10,0,0,0,0.0
19547,2022-11,0,0,0,0.0
19547,2022-12,0,0,0,0.0
19549,2022-01,0,0,0,0.0
19549,2022-02,0,0,0,0.0
19549,2022-03,0,0,0,0.0
19549,2022-04,0,0,0,0.0
19549,2022-05,0,0,0,0.0
19549,2022-06,0,0,0,0.0
19549,2022-07,0,0,0,0.0
19549,2022-08,0,0,0,0.0
19549,2022-09,0,0,0,0.0
19549,2022-10,0,0,0,0.0
19549,2022-11,0,0,0,0.0
19549,2022-12,0,0,0,0.0
19550,2022-01,0,0,0,0.0
19550,2022-02,0,0,0,0.0
19550,2022-03,0,0,0,0.0
19550,2022-04,0,0,0,0.0
19550,2022-05,0,0,0,0.0
19550,2022-06,0,0,0,0.0
19550,2022-07,0,0,0,0.0
19550,2022-08,0,0,0,0.0
19550,2022-09,0,0,0,0.0
19550,2022-10,0,0,0,0.0
19550,2022-11,0,0,0,0.0
19550,2022-12,0,0,0,0.0
19551,2022-01,0,0,0,0.0
19551,2022-02,0,0,0,0.0
19551,2022-03,0,0,0,0.0
19551,2022-04,0,0,0,0.0
19551,2022-05,0,0,0,0.0
19551,2022-06,0,0,0,0.0
19551,2022-07,0,0,0,0.0
19551,2022-08,0,0,0,0.0
19551,2022-09,0,0,0,0.0
19551,2022-10,0,0,0,0.0
19551,2022-11,0,0,0,0.0
19551,2022-12,0,0,0,0.0
19554,2022-01,0,0,0,0.0
19554,2022-02,0,0,0,0.0
19554,2022-03,0,0,0,0.0
19554,2022-04,0,0,0,0.0
19554,2022-05,0,0,0,0.0
19554,2022-06,0,0,0,0.0
19554,2022-07,0,0,0,0.0
19554,2022-08,0,0,0,0.0
19554,2022-09,0,0,0,0.0
19554,2022-10,0,0,0,0.0
19554,2022-11,0,0,0,0.0
19554,2022-12,0,0,0,0.0
19555,2022-01,0,0,0,0.0
19555,2022-02,0,0,0,0.0
19555,2022-03,0,0,0,1.0
19555,2022-04,0,0,0,0.0
19555,2022-05,0,0,0,0.0
19555,2022-06,0,0,0,0.0
19555,2022-07,0,0,0,1.0
19555,2022-08,0,0,0,0.0
19555,2022-09,0,0,0,0.0
19555,2022-10,0,0,0,0.0
19555,2022-11,0,0,0,0.0
19555,2022-12,0,0,0,1.0
19559,2022-01,0,0,0,0.0
19559,2022-02,0,0,0,0.0
19559,2022-03,0,0,0,0.0
19559,2022-04,0,0,0,0.0
19559,2022-05,0,0,0,0.0
19559,2022-06,0,0,0,0.0
19559,2022-07,0,0,0,0.0
19559,2022-08,0,0,0,0.0
19559,2022-09,0,0,0,0.0
19559,2022-10,0,0,0,0.0
19559,2022-11,0,0,0,0.0
19559,2022-12,0,0,0,0.0
19560,2022-01,0,0,0,0.0
19560,2022-02,0,0,0,0.0
19560,2022-03,0,0,0,0.0
19560,2022-04,0,0,0,0.0
19560,2022-05,0,0,0,0.0
19560,2022-06,0,0,0,0.0
19560,2022-07,0,0,0,0.0
19560,2022-08,0,0,0,0.0
19560,2022-09,0,0,0,0.0
19560,2022-10,0,0,0,0.0
19560,2022-11,0,0,0,0.0
19560,2022-12,0,0,0,0.0
19562,2022-01,0,0,0,0.0
19562,2022-02,0,0,0,1.0
19562,2022-03,0,0,0,0.0
19562,2022-04,0,0,0,0.0
19562,2022-05,0,0,0,0.0
19562,2022-06,0,0,0,1.0
19562,2022-07,0,0,0,0.0
19562,2022-08,0,0,0,0.0
19562,2022-09,0,0,0,0.0
19562,2022-10,0,0,0,0.0
19562,2022-11,0,0,0,0.0
19562,2022-12,0,0,0,0.0
19564,2022-01,0,0,0,0.0
19564,2022-02,0,0,0,1.0
19564,2022-03,0,0,0,0.0
19564,2022-04,0,0,0,0.0
19564,2022-05,0,0,0,0.0
19564,2022-06,0,0,0,1.0
19564,2022-07,0,0,0,0.0
19564,2022-08,0,0,0,0.0
19564,2022-09,0,0,0,0.0
19564,2022-10,0,0,0,0.0
19564,2022-11,0,0,0,0.0
19564,2022-12,0,0,0,0.0
19565,2022-01,0,0,0,0.0
19565,2022-02,0,0,0,0.0
19565,2022-03,0,0,0,0.0
19565,2022-04,0,0,0,0.0
19565,2022-05,0,0,0,0.0
19565,2022-06,0,0,0,0.0
19565,2022-07,0,0,0,0.0
19565,2022-08,0,0,0,0.0
19565,2022-09,0,0,0,0.0
19565,2022-10,0,0,0,0.0
19565,2022-11,0,0,0,0.0
19565,2022-12,0,0,0,0.0
19567,2022-01,0,0,0,0.0
19567,2022-02,0,0,0,0.0
19567,2022-03,0,0,0,0.0
19567,2022-04,0,0,0,0.0
19567,2022-05,0,0,0,0.0
19567,2022-06,0,0,0,0.0
19567,2022-07,0,0,0,0.0
19567,2022-08,0,0,0,0.0
19567,2022-09,0,0,0,0.0
19567,2022-10,0,0,0,0.0
19567,2022-11,0,0,0,0.0
19567,2022-12,0,0,0,0.0
19601,2022-01,Berks,0,1,0.0
19601,2022-02,Berks,0,0,0.0
19601,2022-03,Berks,0,2,0.0
19601,2022-04,Berks,0,1,0.0
19601,2022-05,Berks,0,1,0.0
19601,2022-06,Berks,0,1,1.0
19601,2022-07,Berks,0,0,0.0
19601,2022-08,Berks,0,0,0.0
19601,2022-09,Berks,0,3,0.0
19601,2022-10,Berks,0,0,0.0
19601,2022-11,Berks,0,2,0.0
19601,2022-12,Berks,0,0,0.0
19602,2022-01,0,0,0,1.0
19602,2022-02,0,0,0,0.0
19602,2022-03,0,0,0,2.0
19602,2022-04,0,0,0,1.0
19602,2022-05,0,0,0,1.0
19602,2022-06,0,0,0,1.0
19602,2022-07,0,0,0,0.0
19602,2022-08,0,0,0,0.0
19602,2022-09,0,0,0,3.0
19602,2022-10,0,0,0,0.0
19602,2022-11,0,0,0,2.0
19602,2022-12,0,0,0,0.0
19604,2022-01,0,0,0,1.0
19604,2022-02,0,0,0,0.0
19604,2022-03,0,0,0,2.0
19604,2022-04,0,0,0,1.0
19604,2022-05,0,0,0,1.0
19604,2022-06,0,0,0,1.0
19604,2022-07,0,0,0,0.0
19604,2022-08,0,0,0,0.0
19604,2022-09,0,0,0,3.0
19604,2022-10,0,0,0,0.0
19604,2022-11,0,0,0,2.0
19604,2022-12,0,0,0,0.0
19605,2022-01,0,0,0,1.0
19605,2022-02,0,0,0,0.0
19605,2022-03,0,0,0,3.0
19605,2022-04,0,0,0,1.0
19605,2022-05,0,0,0,1.0
19605,2022-06,0,0,0,2.0
19605,2022-07,0,0,0,1.0
19605,2022-08,0,0,0,0.0
19605,2022-09,0,0,0,3.0
19605,2022-10,0,0,0,0.0
19605,2022-11,0,0,0,2.0
19605,2022-12,0,0,0,1.0
19606,2022-01,0,0,0,0.0
19606,2022-02,0,0,0,0.0
19606,2022-03,0,0,0,0.0
19606,2022-04,0,0,0,0.0
19606,2022-05,0,0,0,0.0
19606,2022-06,0,0,0,0.0
19606,2022-07,0,0,0,0.0
19606,2022-08,0,0,0,0.0
19606,2022-09,0,0,0,0.0
19606,2022-10,0,0,0,0.0
19606,2022-11,0,0,0,0.0
19606,2022-12,0,0,0,0.0
19607,2022-01,0,0,0,0.0
19607,2022-02,0,0,0,0.0
19607,2022-03,0,0,0,0.0
19607,2022-04,0,0,0,0.0
19607,2022-05,0,0,0,0.0
19607,2022-06,0,0,0,1.0
19607,2022-07,0,0,0,0.0
19607,2022-08,0,0,0,0.0
19607,2022-09,0,0,0,0.0
19607,2022-10,0,0,0,0.0
19607,2022-11,0,0,0,0.0
19607,2022-12,0,0,0,0.0
19608,2022-01,0,0,0,0.0
19608,2022-02,0,0,0,0.0
19608,2022-03,0,0,0,1.0
19608,2022-04,0,0,0,0.0
19608,2022-05,0,0,0,0.0
19608,2022-06,0,0,0,1.0
19608,2022-07,0,0,0,1.0
19608,2022-08,0,0,0,0.0
19608,2022-09,0,0,0,0.0
19608,2022-10,0,0,0,0.0
19608,2022-11,0,0,0,0.0
19608,2022-12,0,0,0,1.0
19609,2022-01,0,0,0,0.0
19609,2022-02,0,0,0,0.0
19609,2022-03,0,0,0,0.0
19609,2022-04,0,0,0,0.0
19609,2022-05,0,0,0,0.0
19609,2022-06,0,0,0,1.0
19609,2022-07,0,0,0,0.0
19609,2022-08,0,0,0,0.0
19609,2022-09,0,0,0,0.0
19609,2022-10,0,0,0,0.0
19609,2022-11,0,0,0,0.0
19609,2022-12,0,0,0,0.0
19610,2022-01,Berks,0,0,1.0
19610,2022-02,Berks,0,0,0.0
19610,2022-03,Berks,0,0,3.0
19610,2022-04,Berks,0,0,1.0
19610,2022-05,Berks,0,0,1.0
19610,2022-06,Berks,0,1,1.0
19610,2022-07,Berks,0,0,1.0
19610,2022-08,Berks,0,0,0.0
19610,2022-09,Berks,0,0,3.0
19610,2022-10,Berks,0,0,0.0
19610,2022-11,Berks,0,0,2.0
19610,2022-12,Berks,0,0,1.0
19611,2022-01,0,0,0,1.0
19611,2022-02,0,0,0,0.0
19611,2022-03,0,0,0,2.0
19611,2022-04,0,0,0,1.0
19611,2022-05,0,0,0,1.0
19611,2022-06,0,0,0,2.0
19611,2022-07,0,0,0,0.0
19611,2022-08,0,0,0,0.0
19611,2022-09,0,0,0,3.0
19611,2022-10,0,0,0,0.0
19611,2022-11,0,0,0,2.0
19611,2022-12,0,0,0,0.0
