ZCTA,month,admin2,event_count_prev_year
15009,2021-01,Beaver,1.0
15009,2021-02,Beaver,0.0
15009,2021-03,Beaver,1.0
15009,2021-04,Beaver,0.0
15009,2021-05,Beaver,1.0
15009,2021-06,Beaver,0.0
15009,2021-07,Beaver,0.0
15009,2021-08,Beaver,0.0
15009,2021-09,Beaver,0.0
15009,2021-10,Beaver,0.0
15009,2021-11,Beaver,0.0
15009,2021-12,Beaver,0.0
15014,2021-01,Allegheny,0.0
15014,2021-02,Allegheny,0.0
15014,2021-03,Allegheny,1.0
15014,2021-04,Allegheny,1.0
15014,2021-05,Allegheny,0.0
15014,2021-06,Allegheny,0.0
15014,2021-07,Allegheny,0.0
15014,2021-08,Allegheny,0.0
15014,2021-09,Allegheny,0.0
15014,2021-10,Allegheny,0.0
15014,2021-11,Allegheny,0.0
15014,2021-12,Allegheny,0.0
15017,2021-01,Allegheny,1.0
15017,2021-02,Allegheny,1.0
15017,2021-03,Allegheny,0.0
15017,2021-04,Allegheny,0.0
15017,2021-05,Allegheny,0.0
15017,2021-06,Allegheny,0.0
15017,2021-07,Allegheny,0.0
15017,2021-08,Allegheny,0.0
15017,2021-09,Allegheny,1.0
15017,2021-10,Allegheny,0.0
15017,2021-11,Allegheny,0.0
15017,2021-12,Allegheny,0.0
15024,2021-01,Allegheny,0.0
15024,2021-02,Allegheny,0.0
15024,2021-03,Allegheny,1.0
15024,2021-04,Allegheny,0.0
15024,2021-05,Allegheny,0.0
15024,2021-06,Allegheny,0.0
15024,2021-07,Allegheny,0.0
15024,2021-08,Allegheny,0.0
15024,2021-09,Allegheny,0.0
15024,2021-10,Allegheny,0.0
15024,2021-11,Allegheny,0.0
15024,2021-12,Allegheny,0.0
15044,2021-01,Allegheny,0.0
15044,2021-02,Allegheny,0.0
15044,2021-03,Allegheny,1.0
15044,2021-04,Allegheny,2.0
15044,2021-05,Allegheny,0.0
15044,2021-06,Allegheny,0.0
15044,2021-07,Allegheny,0.0
15044,2021-08,Allegheny,0.0
15044,2021-09,Allegheny,0.0
15044,2021-10,Allegheny,0.0
15044,2021-11,Allegheny,0.0
15044,2021-12,Allegheny,0.0
15090,2021-01,Allegheny,0.0
15090,2021-02,Allegheny,0.0
15090,2021-03,Allegheny,0.0
15090,2021-04,Allegheny,0.0
15090,2021-05,Allegheny,0.0
15090,2021-06,Allegheny,0.0
15090,2021-07,Allegheny,1.0
15090,2021-08,Allegheny,2.0
15090,2021-09,Allegheny,0.0
15090,2021-10,Allegheny,0.0
15090,2021-11,Allegheny,0.0
15090,2021-12,Allegheny,0.0
15136,2021-01,Allegheny,0.0
15136,2021-02,Allegheny,0.0
15136,2021-03,Allegheny,0.0
15136,2021-04,Allegheny,0.0
15136,2021-05,Allegheny,0.0
15136,2021-06,Allegheny,0.0
15136,2021-07,Allegheny,0.0
15136,2021-08,Allegheny,0.0
15136,2021-09,Allegheny,1.0
15136,2021-10,Allegheny,0.0
15136,2021-11,Allegheny,0.0
15136,2021-12,Allegheny,0.0
15147,2021-01,Allegheny,0.0
15147,2021-02,Allegheny,0.0
15147,2021-03,Allegheny,0.0
15147,2021-04,Allegheny,0.0
15147,2021-05,Allegheny,2.0
15147,2021-06,Allegheny,1.0
15147,2021-07,Allegheny,0.0
15147,2021-08,Allegheny,0.0
15147,2021-09,Allegheny,0.0
15147,2021-10,Allegheny,0.0
15147,2021-11,Allegheny,0.0
15147,2021-12,Allegheny,0.0
15205,2021-01,Allegheny,0.0
15205,2021-02,Allegheny,0.0
15205,2021-03,Allegheny,1.0
15205,2021-04,Allegheny,0.0
15205,2021-05,Allegheny,0.0
15205,2021-06,Allegheny,0.0
15205,2021-07,Allegheny,0.0
15205,2021-08,Allegheny,0.0
15205,2021-09,Allegheny,0.0
15205,2021-10,Allegheny,0.0
15205,2021-11,Allegheny,0.0
15205,2021-12,Allegheny,0.0
15219,2021-01,Allegheny,3.0
15219,2021-02,Allegheny,2.0
15219,2021-03,Allegheny,18.0
15219,2021-04,Allegheny,9.0
15219,2021-05,Allegheny,13.0
15219,2021-06,Allegheny,12.0
15219,2021-07,Allegheny,5.0
15219,2021-08,Allegheny,5.0
15219,2021-09,Allegheny,3.0
15219,2021-10,Allegheny,8.0
15219,2021-11,Allegheny,9.0
15219,2021-12,Allegheny,6.0
15228,2021-01,Allegheny,0.0
15228,2021-02,Allegheny,0.0
15228,2021-03,Allegheny,0.0
15228,2021-04,Allegheny,0.0
15228,2021-05,Allegheny,0.0
15228,2021-06,Allegheny,0.0
15228,2021-07,Allegheny,1.0
15228,2021-08,Allegheny,0.0
15228,2021-09,Allegheny,0.0
15228,2021-10,Allegheny,0.0
15228,2021-11,Allegheny,0.0
15228,2021-12,Allegheny,0.0
15235,2021-01,Allegheny,0.0
15235,2021-02,Allegheny,0.0
15235,2021-03,Allegheny,0.0
15235,2021-04,Allegheny,0.0
15235,2021-05,Allegheny,0.0
15235,2021-06,Allegheny,0.0
15235,2021-07,Allegheny,1.0
15235,2021-08,Allegheny,0.0
15235,2021-09,Allegheny,0.0
15235,2021-10,Allegheny,0.0
15235,2021-11,Allegheny,0.0
15235,2021-12,Allegheny,0.0
15239,2021-01,Allegheny,0.0
15239,2021-02,Allegheny,0.0
15239,2021-03,Allegheny,0.0
15239,2021-04,Allegheny,0.0
15239,2021-05,Allegheny,0.0
15239,2021-06,Allegheny,0.0
15239,2021-07,Allegheny,0.0
15239,2021-08,Allegheny,0.0
15239,2021-09,Allegheny,0.0
15239,2021-10,Allegheny,0.0
15239,2021-11,Allegheny,1.0
15239,2021-12,Allegheny,0.0
15241,2021-01,Allegheny,0.0
15241,2021-02,Allegheny,0.0
15241,2021-03,Allegheny,0.0
15241,2021-04,Allegheny,0.0
15241,2021-05,Allegheny,0.0
15241,2021-06,Allegheny,0.0
15241,2021-07,Allegheny,0.0
15241,2021-08,Allegheny,0.0
15241,2021-09,Allegheny,0.0
15241,2021-10,Allegheny,0.0
15241,2021-11,Allegheny,1.0
15241,2021-12,Allegheny,0.0
15301,2021-01,Washington,0.0
15301,2021-02,Washington,0.0
15301,2021-03,Washington,0.0
15301,2021-04,Washington,0.0
15301,2021-05,Washington,0.0
15301,2021-06,Washington,0.0
15301,2021-07,Washington,0.0
15301,2021-08,Washington,0.0
15301,2021-09,Washington,1.0
15301,2021-10,Washington,0.0
15301,2021-11,Washington,0.0
15301,2021-12,Washington,0.0
15501,2021-01,Somerset,0.0
15501,2021-02,Somerset,0.0
15501,2021-03,Somerset,0.0
15501,2021-04,Somerset,0.0
15501,2021-05,Somerset,0.0
15501,2021-06,Somerset,0.0
15501,2021-07,Somerset,0.0
15501,2021-08,Somerset,0.0
15501,2021-09,Somerset,0.0
15501,2021-10,Somerset,0.0
15501,2021-11,Somerset,1.0
15501,2021-12,Somerset,0.0
15601,2021-01,Westmoreland,0.0
15601,2021-02,Westmoreland,0.0
15601,2021-03,Westmoreland,0.0
15601,2021-04,Westmoreland,1.0
15601,2021-05,Westmoreland,0.0
15601,2021-06,Westmoreland,0.0
15601,2021-07,Westmoreland,1.0
15601,2021-08,Westmoreland,0.0
15601,2021-09,Westmoreland,3.0
15601,2021-10,Westmoreland,0.0
15601,2021-11,Westmoreland,0.0
15601,2021-12,Westmoreland,0.0
15627,2021-01,Westmoreland,0.0
15627,2021-02,Westmoreland,0.0
15627,2021-03,Westmoreland,0.0
15627,2021-04,Westmoreland,0.0
15627,2021-05,Westmoreland,0.0
15627,2021-06,Westmoreland,0.0
15627,2021-07,Westmoreland,0.0
15627,2021-08,Westmoreland,0.0
15627,2021-09,Westmoreland,1.0
15627,2021-10,Westmoreland,0.0
15627,2021-11,Westmoreland,0.0
15627,2021-12,Westmoreland,0.0
15642,2021-01,Westmoreland,0.0
15642,2021-02,Westmoreland,0.0
15642,2021-03,Westmoreland,0.0
15642,2021-04,Westmoreland,1.0
15642,2021-05,Westmoreland,0.0
15642,2021-06,Westmoreland,0.0
15642,2021-07,Westmoreland,0.0
15642,2021-08,Westmoreland,0.0
15642,2021-09,Westmoreland,0.0
15642,2021-10,Westmoreland,0.0
15642,2021-11,Westmoreland,0.0
15642,2021-12,Westmoreland,0.0
15650,2021-01,Westmoreland,0.0
15650,2021-02,Westmoreland,0.0
15650,2021-03,Westmoreland,0.0
15650,2021-04,Westmoreland,0.0
15650,2021-05,Westmoreland,0.0
15650,2021-06,Westmoreland,0.0
15650,2021-07,Westmoreland,0.0
15650,2021-08,Westmoreland,0.0
15650,2021-09,Westmoreland,1.0
15650,2021-10,Westmoreland,0.0
15650,2021-11,Westmoreland,0.0
15650,2021-12,Westmoreland,0.0
15668,2021-01,Westmoreland,0.0
15668,2021-02,Westmoreland,0.0
15668,2021-03,Westmoreland,0.0
15668,2021-04,Westmoreland,0.0
15668,2021-05,Westmoreland,0.0
15668,2021-06,Westmoreland,0.0
15668,2021-07,Westmoreland,0.0
15668,2021-08,Westmoreland,0.0
15668,2021-09,Westmoreland,1.0
15668,2021-10,Westmoreland,0.0
15668,2021-11,Westmoreland,0.0
15668,2021-12,Westmoreland,0.0
15681,2021-01,Indiana,0.0
15681,2021-02,Indiana,0.0
15681,2021-03,Indiana,0.0
15681,2021-04,Indiana,1.0
15681,2021-05,Indiana,0.0
15681,2021-06,Indiana,0.0
15681,2021-07,Indiana,0.0
15681,2021-08,Indiana,0.0
15681,2021-09,Indiana,0.0
15681,2021-10,Indiana,0.0
15681,2021-11,Indiana,0.0
15681,2021-12,Indiana,0.0
15690,2021-01,Westmoreland,0.0
15690,2021-02,Westmoreland,0.0
15690,2021-03,Westmoreland,1.0
15690,2021-04,Westmoreland,0.0
15690,2021-05,Westmoreland,0.0
15690,2021-06,Westmoreland,0.0
15690,2021-07,Westmoreland,0.0
15690,2021-08,Westmoreland,0.0
15690,2021-09,Westmoreland,1.0
15690,2021-10,Westmoreland,0.0
15690,2021-11,Westmoreland,0.0
15690,2021-12,Westmoreland,0.0
15767,2021-01,Jefferson,0.0
15767,2021-02,Jefferson,0.0
15767,2021-03,Jefferson,0.0
15767,2021-04,Jefferson,0.0
15767,2021-05,Jefferson,0.0
15767,2021-06,Jefferson,0.0
15767,2021-07,Jefferson,0.0
15767,2021-08,Jefferson,0.0
15767,2021-09,Jefferson,0.0
15767,2021-10,Jefferson,0.0
15767,2021-11,Jefferson,1.0
15767,2021-12,Jefferson,0.0
15801,2021-01,Clearfield,0.0
15801,2021-02,Clearfield,0.0
15801,2021-03,Clearfield,0.0
15801,2021-04,Clearfield,1.0
15801,2021-05,Clearfield,0.0
15801,2021-06,Clearfield,0.0
15801,2021-07,Clearfield,0.0
15801,2021-08,Clearfield,0.0
15801,2021-09,Clearfield,0.0
15801,2021-10,Clearfield,0.0
15801,2021-11,Clearfield,0.0
15801,2021-12,Clearfield,0.0
15825,2021-01,Jefferson,0.0
15825,2021-02,Jefferson,0.0
15825,2021-03,Jefferson,0.0
15825,2021-04,Jefferson,0.0
15825,2021-05,Jefferson,1.0
15825,2021-06,Jefferson,0.0
15825,2021-07,Jefferson,0.0
15825,2021-08,Jefferson,0.0
15825,2021-09,Jefferson,0.0
15825,2021-10,Jefferson,0.0
15825,2021-11,Jefferson,0.0
15825,2021-12,Jefferson,0.0
15857,2021-01,Elk,0.0
15857,2021-02,Elk,0.0
15857,2021-03,Elk,0.0
15857,2021-04,Elk,0.0
15857,2021-05,Elk,0.0
15857,2021-06,Elk,0.0
15857,2021-07,Elk,0.0
15857,2021-08,Elk,0.0
15857,2021-09,Elk,1.0
15857,2021-10,Elk,0.0
15857,2021-11,Elk,0.0
15857,2021-12,Elk,0.0
15901,2021-01,Cambria,0.0
15901,2021-02,Cambria,0.0
15901,2021-03,Cambria,0.0
15901,2021-04,Cambria,0.0
15901,2021-05,Cambria,0.0
15901,2021-06,Cambria,0.0
15901,2021-07,Cambria,0.0
15901,2021-08,Cambria,0.0
15901,2021-09,Cambria,1.0
15901,2021-10,Cambria,0.0
15901,2021-11,Cambria,1.0
15901,2021-12,Cambria,0.0
16001,2021-01,Butler,0.0
16001,2021-02,Butler,0.0
16001,2021-03,Butler,0.0
16001,2021-04,Butler,1.0
16001,2021-05,Butler,0.0
16001,2021-06,Butler,0.0
16001,2021-07,Butler,0.0
16001,2021-08,Butler,0.0
16001,2021-09,Butler,1.0
16001,2021-10,Butler,0.0
16001,2021-11,Butler,1.0
16001,2021-12,Butler,0.0
16066,2021-01,Butler,0.0
16066,2021-02,Butler,0.0
16066,2021-03,Butler,0.0
16066,2021-04,Butler,0.0
16066,2021-05,Butler,0.0
16066,2021-06,Butler,0.0
16066,2021-07,Butler,0.0
16066,2021-08,Butler,0.0
16066,2021-09,Butler,0.0
16066,2021-10,Butler,1.0
16066,2021-11,Butler,0.0
16066,2021-12,Butler,0.0
16101,2021-01,Lawrence,0.0
16101,2021-02,Lawrence,0.0
16101,2021-03,Lawrence,0.0
16101,2021-04,Lawrence,0.0
16101,2021-05,Lawrence,1.0
16101,2021-06,Lawrence,0.0
16101,2021-07,Lawrence,0.0
16101,2021-08,Lawrence,0.0
16101,2021-09,Lawrence,0.0
16101,2021-10,Lawrence,0.0
16101,2021-11,Lawrence,0.0
16101,2021-12,Lawrence,0.0
16121,2021-01,Mercer,0.0
16121,2021-02,Mercer,0.0
16121,2021-03,Mercer,0.0
16121,2021-04,Mercer,0.0
16121,2021-05,Mercer,1.0
16121,2021-06,Mercer,0.0
16121,2021-07,Mercer,0.0
16121,2021-08,Mercer,0.0
16121,2021-09,Mercer,0.0
16121,2021-10,Mercer,0.0
16121,2021-11,Mercer,0.0
16121,2021-12,Mercer,0.0
16134,2021-01,Mercer,0.0
16134,2021-02,Mercer,0.0
16134,2021-03,Mercer,0.0
16134,2021-04,Mercer,0.0
16134,2021-05,Mercer,0.0
16134,2021-06,Mercer,1.0
16134,2021-07,Mercer,0.0
16134,2021-08,Mercer,0.0
16134,2021-09,Mercer,0.0
16134,2021-10,Mercer,0.0
16134,2021-11,Mercer,0.0
16134,2021-12,Mercer,0.0
16142,2021-01,Lawrence,0.0
16142,2021-02,Lawrence,0.0
16142,2021-03,Lawrence,1.0
16142,2021-04,Lawrence,0.0
16142,2021-05,Lawrence,0.0
16142,2021-06,Lawrence,0.0
16142,2021-07,Lawrence,0.0
16142,2021-08,Lawrence,0.0
16142,2021-09,Lawrence,0.0
16142,2021-10,Lawrence,0.0
16142,2021-11,Lawrence,0.0
16142,2021-12,Lawrence,0.0
16159,2021-01,Mercer,0.0
16159,2021-02,Mercer,0.0
16159,2021-03,Mercer,0.0
16159,2021-04,Mercer,0.0
16159,2021-05,Mercer,0.0
16159,2021-06,Mercer,0.0
16159,2021-07,Mercer,0.0
16159,2021-08,Mercer,0.0
16159,2021-09,Mercer,1.0
16159,2021-10,Mercer,0.0
16159,2021-11,Mercer,0.0
16159,2021-12,Mercer,0.0
16214,2021-01,Clarion,0.0
16214,2021-02,Clarion,0.0
16214,2021-03,Clarion,0.0
16214,2021-04,Clarion,0.0
16214,2021-05,Clarion,1.0
16214,2021-06,Clarion,0.0
16214,2021-07,Clarion,0.0
16214,2021-08,Clarion,0.0
16214,2021-09,Clarion,0.0
16214,2021-10,Clarion,0.0
16214,2021-11,Clarion,0.0
16214,2021-12,Clarion,0.0
16242,2021-01,Clarion,1.0
16242,2021-02,Clarion,0.0
16242,2021-03,Clarion,0.0
16242,2021-04,Clarion,0.0
16242,2021-05,Clarion,0.0
16242,2021-06,Clarion,0.0
16242,2021-07,Clarion,0.0
16242,2021-08,Clarion,0.0
16242,2021-09,Clarion,0.0
16242,2021-10,Clarion,0.0
16242,2021-11,Clarion,0.0
16242,2021-12,Clarion,0.0
16248,2021-01,Clarion,0.0
16248,2021-02,Clarion,0.0
16248,2021-03,Clarion,0.0
16248,2021-04,Clarion,0.0
16248,2021-05,Clarion,0.0
16248,2021-06,Clarion,0.0
16248,2021-07,Clarion,0.0
16248,2021-08,Clarion,0.0
16248,2021-09,Clarion,2.0
16248,2021-10,Clarion,0.0
16248,2021-11,Clarion,0.0
16248,2021-12,Clarion,0.0
16301,2021-01,Venango,1.0
16301,2021-02,Venango,0.0
16301,2021-03,Venango,0.0
16301,2021-04,Venango,0.0
16301,2021-05,Venango,0.0
16301,2021-06,Venango,0.0
16301,2021-07,Venango,0.0
16301,2021-08,Venango,0.0
16301,2021-09,Venango,0.0
16301,2021-10,Venango,0.0
16301,2021-11,Venango,0.0
16301,2021-12,Venango,0.0
16365,2021-01,Warren,0.0
16365,2021-02,Warren,0.0
16365,2021-03,Warren,0.0
16365,2021-04,Warren,0.0
16365,2021-05,Warren,1.0
16365,2021-06,Warren,0.0
16365,2021-07,Warren,0.0
16365,2021-08,Warren,0.0
16365,2021-09,Warren,0.0
16365,2021-10,Warren,1.0
16365,2021-11,Warren,0.0
16365,2021-12,Warren,0.0
16428,2021-01,Erie,0.0
16428,2021-02,Erie,0.0
16428,2021-03,Erie,0.0
16428,2021-04,Erie,0.0
16428,2021-05,Erie,0.0
16428,2021-06,Erie,0.0
16428,2021-07,Erie,0.0
16428,2021-08,Erie,0.0
16428,2021-09,Erie,1.0
16428,2021-10,Erie,0.0
16428,2021-11,Erie,0.0
16428,2021-12,Erie,0.0
16441,2021-01,Erie,0.0
16441,2021-02,Erie,0.0
16441,2021-03,Erie,1.0
16441,2021-04,Erie,0.0
16441,2021-05,Erie,0.0
16441,2021-06,Erie,0.0
16441,2021-07,Erie,0.0
16441,2021-08,Erie,1.0
16441,2021-09,Erie,0.0
16441,2021-10,Erie,0.0
16441,2021-11,Erie,0.0
16441,2021-12,Erie,0.0
16501,2021-01,Erie,2.0
16501,2021-02,Erie,1.0
16501,2021-03,Erie,1.0
16501,2021-04,Erie,0.0
16501,2021-05,Erie,3.0
16501,2021-06,Erie,2.0
16501,2021-07,Erie,2.0
16501,2021-08,Erie,1.0
16501,2021-09,Erie,2.0
16501,2021-10,Erie,3.0
16501,2021-11,Erie,0.0
16501,2021-12,Erie,2.0
16601,2021-01,Blair,0.0
16601,2021-02,Blair,1.0
16601,2021-03,Blair,0.0
16601,2021-04,Blair,1.0
16601,2021-05,Blair,0.0
16601,2021-06,Blair,0.0
16601,2021-07,Blair,0.0
16601,2021-08,Blair,0.0
16601,2021-09,Blair,0.0
16601,2021-10,Blair,2.0
16601,2021-11,Blair,0.0
16601,2021-12,Blair,0.0
16648,2021-01,Blair,1.0
16648,2021-02,Blair,0.0
16648,2021-03,Blair,0.0
16648,2021-04,Blair,0.0
16648,2021-05,Blair,0.0
16648,2021-06,Blair,0.0
16648,2021-07,Blair,0.0
16648,2021-08,Blair,0.0
16648,2021-09,Blair,0.0
16648,2021-10,Blair,0.0
16648,2021-11,Blair,0.0
16648,2021-12,Blair,0.0
16801,2021-01,Centre,2.0
16801,2021-02,Centre,1.0
16801,2021-03,Centre,3.0
16801,2021-04,Centre,2.0
16801,2021-05,Centre,3.0
16801,2021-06,Centre,0.0
16801,2021-07,Centre,0.0
16801,2021-08,Centre,4.0
16801,2021-09,Centre,2.0
16801,2021-10,Centre,5.0
16801,2021-11,Centre,2.0
16801,2021-12,Centre,1.0
16823,2021-01,Centre,0.0
16823,2021-02,Centre,0.0
16823,2021-03,Centre,0.0
16823,2021-04,Centre,2.0
16823,2021-05,Centre,0.0
16823,2021-06,Centre,0.0
16823,2021-07,Centre,0.0
16823,2021-08,Centre,0.0
16823,2021-09,Centre,0.0
16823,2021-10,Centre,0.0
16823,2021-11,Centre,1.0
16823,2021-12,Centre,0.0
17003,2021-01,Lebanon,0.0
17003,2021-02,Lebanon,0.0
17003,2021-03,Lebanon,0.0
17003,2021-04,Lebanon,1.0
17003,2021-05,Lebanon,0.0
17003,2021-06,Lebanon,0.0
17003,2021-07,Lebanon,0.0
17003,2021-08,Lebanon,0.0
17003,2021-09,Lebanon,0.0
17003,2021-10,Lebanon,0.0
17003,2021-11,Lebanon,0.0
17003,2021-12,Lebanon,0.0
17013,2021-01,Cumberland,0.0
17013,2021-02,Cumberland,0.0
17013,2021-03,Cumberland,1.0
17013,2021-04,Cumberland,2.0
17013,2021-05,Cumberland,0.0
17013,2021-06,Cumberland,0.0
17013,2021-07,Cumberland,0.0
17013,2021-08,Cumberland,0.0
17013,2021-09,Cumberland,0.0
17013,2021-10,Cumberland,0.0
17013,2021-11,Cumberland,0.0
17013,2021-12,Cumberland,0.0
17022,2021-01,Lancaster,0.0
17022,2021-02,Lancaster,1.0
17022,2021-03,Lancaster,0.0
17022,2021-04,Lancaster,0.0
17022,2021-05,Lancaster,0.0
17022,2021-06,Lancaster,0.0
17022,2021-07,Lancaster,0.0
17022,2021-08,Lancaster,0.0
17022,2021-09,Lancaster,1.0
17022,2021-10,Lancaster,0.0
17022,2021-11,Lancaster,0.0
17022,2021-12,Lancaster,0.0
17055,2021-01,Cumberland,0.0
17055,2021-02,Cumberland,0.0
17055,2021-03,Cumberland,0.0
17055,2021-04,Cumberland,0.0
17055,2021-05,Cumberland,0.0
17055,2021-06,Cumberland,0.0
17055,2021-07,Cumberland,0.0
17055,2021-08,Cumberland,1.0
17055,2021-09,Cumberland,1.0
17055,2021-10,Cumberland,0.0
17055,2021-11,Cumberland,0.0
17055,2021-12,Cumberland,0.0
17057,2021-01,Dauphin,1.0
17057,2021-02,Dauphin,0.0
17057,2021-03,Dauphin,0.0
17057,2021-04,Dauphin,0.0
17057,2021-05,Dauphin,0.0
17057,2021-06,Dauphin,0.0
17057,2021-07,Dauphin,0.0
17057,2021-08,Dauphin,0.0
17057,2021-09,Dauphin,0.0
17057,2021-10,Dauphin,0.0
17057,2021-11,Dauphin,0.0
17057,2021-12,Dauphin,0.0
17102,2021-01,Dauphin,3.0
17102,2021-02,Dauphin,3.0
17102,2021-03,Dauphin,6.0
17102,2021-04,Dauphin,11.0
17102,2021-05,Dauphin,5.0
17102,2021-06,Dauphin,13.0
17102,2021-07,Dauphin,2.0
17102,2021-08,Dauphin,1.0
17102,2021-09,Dauphin,6.0
17102,2021-10,Dauphin,7.0
17102,2021-11,Dauphin,6.0
17102,2021-12,Dauphin,3.0
17201,2021-01,Franklin,0.0
17201,2021-02,Franklin,0.0
17201,2021-03,Franklin,0.0
17201,2021-04,Franklin,0.0
17201,2021-05,Franklin,0.0
17201,2021-06,Franklin,1.0
17201,2021-07,Franklin,0.0
17201,2021-08,Franklin,0.0
17201,2021-09,Franklin,0.0
17201,2021-10,Franklin,0.0
17201,2021-11,Franklin,0.0
17201,2021-12,Franklin,0.0
17307,2021-01,Adams,0.0
17307,2021-02,Adams,0.0
17307,2021-03,Adams,1.0
17307,2021-04,Adams,0.0
17307,2021-05,Adams,0.0
17307,2021-06,Adams,0.0
17307,2021-07,Adams,0.0
17307,2021-08,Adams,0.0
17307,2021-09,Adams,0.0
17307,2021-10,Adams,0.0
17307,2021-11,Adams,0.0
17307,2021-12,Adams,0.0
17320,2021-01,Adams,0.0
17320,2021-02,Adams,0.0
17320,2021-03,Adams,1.0
17320,2021-04,Adams,0.0
17320,2021-05,Adams,0.0
17320,2021-06,Adams,0.0
17320,2021-07,Adams,0.0
17320,2021-08,Adams,0.0
17320,2021-09,Adams,0.0
17320,2021-10,Adams,0.0
17320,2021-11,Adams,0.0
17320,2021-12,Adams,0.0
17325,2021-01,Adams,0.0
17325,2021-02,Adams,0.0
17325,2021-03,Adams,0.0
17325,2021-04,Adams,1.0
17325,2021-05,Adams,0.0
17325,2021-06,Adams,0.0
17325,2021-07,Adams,0.0
17325,2021-08,Adams,0.0
17325,2021-09,Adams,0.0
17325,2021-10,Adams,0.0
17325,2021-11,Adams,0.0
17325,2021-12,Adams,0.0
17327,2021-01,York,0.0
17327,2021-02,York,0.0
17327,2021-03,York,0.0
17327,2021-04,York,0.0
17327,2021-05,York,0.0
17327,2021-06,York,0.0
17327,2021-07,York,0.0
17327,2021-08,York,2.0
17327,2021-09,York,0.0
17327,2021-10,York,0.0
17327,2021-11,York,0.0
17327,2021-12,York,0.0
17347,2021-01,York,0.0
17347,2021-02,York,1.0
17347,2021-03,York,0.0
17347,2021-04,York,0.0
17347,2021-05,York,0.0
17347,2021-06,York,0.0
17347,2021-07,York,0.0
17347,2021-08,York,0.0
17347,2021-09,York,0.0
17347,2021-10,York,0.0
17347,2021-11,York,0.0
17347,2021-12,York,0.0
17401,2021-01,York,2.0
17401,2021-02,York,0.0
17401,2021-03,York,1.0
17401,2021-04,York,2.0
17401,2021-05,York,0.0
17401,2021-06,York,0.0
17401,2021-07,York,1.0
17401,2021-08,York,0.0
17401,2021-09,York,2.0
17401,2021-10,York,1.0
17401,2021-11,York,0.0
17401,2021-12,York,0.0
17402,2021-01,York,0.0
17402,2021-02,York,0.0
17402,2021-03,York,0.0
17402,2021-04,York,0.0
17402,2021-05,York,0.0
17402,2021-06,York,0.0
17402,2021-07,York,2.0
17402,2021-08,York,0.0
17402,2021-09,York,0.0
17402,2021-10,York,0.0
17402,2021-11,York,0.0
17402,2021-12,York,0.0
17538,2021-01,Lancaster,0.0
17538,2021-02,Lancaster,0.0
17538,2021-03,Lancaster,0.0
17538,2021-04,Lancaster,0.0
17538,2021-05,Lancaster,0.0
17538,2021-06,Lancaster,0.0
17538,2021-07,Lancaster,0.0
17538,2021-08,Lancaster,0.0
17538,2021-09,Lancaster,1.0
17538,2021-10,Lancaster,1.0
17538,2021-11,Lancaster,1.0
17538,2021-12,Lancaster,0.0
17566,2021-01,Lancaster,1.0
17566,2021-02,Lancaster,0.0
17566,2021-03,Lancaster,0.0
17566,2021-04,Lancaster,0.0
17566,2021-05,Lancaster,1.0
17566,2021-06,Lancaster,0.0
17566,2021-07,Lancaster,0.0
17566,2021-08,Lancaster,0.0
17566,2021-09,Lancaster,0.0
17566,2021-10,Lancaster,0.0
17566,2021-11,Lancaster,0.0
17566,2021-12,Lancaster,0.0
17579,2021-01,Lancaster,0.0
17579,2021-02,Lancaster,0.0
17579,2021-03,Lancaster,0.0
17579,2021-04,Lancaster,0.0
17579,2021-05,Lancaster,0.0
17579,2021-06,Lancaster,1.0
17579,2021-07,Lancaster,0.0
17579,2021-08,Lancaster,0.0
17579,2021-09,Lancaster,0.0
17579,2021-10,Lancaster,0.0
17579,2021-11,Lancaster,0.0
17579,2021-12,Lancaster,0.0
17602,2021-01,Lancaster,1.0
17602,2021-02,Lancaster,1.0
17602,2021-03,Lancaster,3.0
17602,2021-04,Lancaster,1.0
17602,2021-05,Lancaster,5.0
17602,2021-06,Lancaster,1.0
17602,2021-07,Lancaster,2.0
17602,2021-08,Lancaster,1.0
17602,2021-09,Lancaster,0.0
17602,2021-10,Lancaster,5.0
17602,2021-11,Lancaster,0.0
17602,2021-12,Lancaster,1.0
17701,2021-01,Lycoming,0.0
17701,2021-02,Lycoming,0.0
17701,2021-03,Lycoming,0.0
17701,2021-04,Lycoming,0.0
17701,2021-05,Lycoming,0.0
17701,2021-06,Lycoming,0.0
17701,2021-07,Lycoming,0.0
17701,2021-08,Lycoming,0.0
17701,2021-09,Lycoming,0.0
17701,2021-10,Lycoming,3.0
17701,2021-11,Lycoming,0.0
17701,2021-12,Lycoming,0.0
17724,2021-01,Bradford,0.0
17724,2021-02,Bradford,0.0
17724,2021-03,Bradford,1.0
17724,2021-04,Bradford,1.0
17724,2021-05,Bradford,0.0
17724,2021-06,Bradford,0.0
17724,2021-07,Bradford,0.0
17724,2021-08,Bradford,0.0
17724,2021-09,Bradford,0.0
17724,2021-10,Bradford,0.0
17724,2021-11,Bradford,0.0
17724,2021-12,Bradford,0.0
17745,2021-01,Clinton,0.0
17745,2021-02,Clinton,0.0
17745,2021-03,Clinton,1.0
17745,2021-04,Clinton,0.0
17745,2021-05,Clinton,0.0
17745,2021-06,Clinton,1.0
17745,2021-07,Clinton,0.0
17745,2021-08,Clinton,0.0
17745,2021-09,Clinton,0.0
17745,2021-10,Clinton,0.0
17745,2021-11,Clinton,0.0
17745,2021-12,Clinton,0.0
17752,2021-01,Lycoming,0.0
17752,2021-02,Lycoming,0.0
17752,2021-03,Lycoming,0.0
17752,2021-04,Lycoming,0.0
17752,2021-05,Lycoming,0.0
17752,2021-06,Lycoming,0.0
17752,2021-07,Lycoming,1.0
17752,2021-08,Lycoming,0.0
17752,2021-09,Lycoming,0.0
17752,2021-10,Lycoming,0.0
17752,2021-11,Lycoming,0.0
17752,2021-12,Lycoming,0.0
17801,2021-01,Northumberland,0.0
17801,2021-02,Northumberland,0.0
17801,2021-03,Northumberland,0.0
17801,2021-04,Northumberland,0.0
17801,2021-05,Northumberland,1.0
17801,2021-06,Northumberland,0.0
17801,2021-07,Northumberland,0.0
17801,2021-08,Northumberland,0.0
17801,2021-09,Northumberland,0.0
17801,2021-10,Northumberland,0.0
17801,2021-11,Northumberland,0.0
17801,2021-12,Northumberland,0.0
17821,2021-01,Montour,0.0
17821,2021-02,Montour,0.0
17821,2021-03,Montour,0.0
17821,2021-04,Montour,0.0
17821,2021-05,Montour,0.0
17821,2021-06,Montour,0.0
17821,2021-07,Montour,0.0
17821,2021-08,Montour,0.0
17821,2021-09,Montour,1.0
17821,2021-10,Montour,0.0
17821,2021-11,Montour,0.0
17821,2021-12,Montour,0.0
17847,2021-01,Northumberland,0.0
17847,2021-02,Northumberland,0.0
17847,2021-03,Northumberland,0.0
17847,2021-04,Northumberland,0.0
17847,2021-05,Northumberland,0.0
17847,2021-06,Northumberland,1.0
17847,2021-07,Northumberland,0.0
17847,2021-08,Northumberland,0.0
17847,2021-09,Northumberland,0.0
17847,2021-10,Northumberland,0.0
17847,2021-11,Northumberland,0.0
17847,2021-12,Northumberland,0.0
17870,2021-01,Snyder,0.0
17870,2021-02,Snyder,0.0
17870,2021-03,Snyder,0.0
17870,2021-04,Snyder,1.0
17870,2021-05,Snyder,0.0
17870,2021-06,Snyder,0.0
17870,2021-07,Snyder,0.0
17870,2021-08,Snyder,0.0
17870,2021-09,Snyder,0.0
17870,2021-10,Snyder,0.0
17870,2021-11,Snyder,0.0
17870,2021-12,Snyder,0.0
17901,2021-01,Schuylkill,0.0
17901,2021-02,Schuylkill,0.0
17901,2021-03,Schuylkill,1.0
17901,2021-04,Schuylkill,1.0
17901,2021-05,Schuylkill,2.0
17901,2021-06,Schuylkill,3.0
17901,2021-07,Schuylkill,0.0
17901,2021-08,Schuylkill,0.0
17901,2021-09,Schuylkill,0.0
17901,2021-10,Schuylkill,0.0
17901,2021-11,Schuylkill,0.0
17901,2021-12,Schuylkill,0.0
17938,2021-01,Schuylkill,0.0
17938,2021-02,Schuylkill,1.0
17938,2021-03,Schuylkill,0.0
17938,2021-04,Schuylkill,0.0
17938,2021-05,Schuylkill,0.0
17938,2021-06,Schuylkill,0.0
17938,2021-07,Schuylkill,0.0
17938,2021-08,Schuylkill,0.0
17938,2021-09,Schuylkill,0.0
17938,2021-10,Schuylkill,0.0
17938,2021-11,Schuylkill,0.0
17938,2021-12,Schuylkill,0.0
18018,2021-01,Northampton,0.0
18018,2021-02,Northampton,0.0
18018,2021-03,Northampton,0.0
18018,2021-04,Northampton,0.0
18018,2021-05,Northampton,2.0
18018,2021-06,Northampton,1.0
18018,2021-07,Northampton,0.0
18018,2021-08,Northampton,0.0
18018,2021-09,Northampton,2.0
18018,2021-10,Northampton,1.0
18018,2021-11,Northampton,0.0
18018,2021-12,Northampton,1.0
18042,2021-01,Northampton,0.0
18042,2021-02,Northampton,0.0
18042,2021-03,Northampton,1.0
18042,2021-04,Northampton,0.0
18042,2021-05,Northampton,0.0
18042,2021-06,Northampton,0.0
18042,2021-07,Northampton,0.0
18042,2021-08,Northampton,0.0
18042,2021-09,Northampton,0.0
18042,2021-10,Northampton,1.0
18042,2021-11,Northampton,0.0
18042,2021-12,Northampton,0.0
18062,2021-01,Lehigh,0.0
18062,2021-02,Lehigh,0.0
18062,2021-03,Lehigh,0.0
18062,2021-04,Lehigh,0.0
18062,2021-05,Lehigh,0.0
18062,2021-06,Lehigh,0.0
18062,2021-07,Lehigh,1.0
18062,2021-08,Lehigh,0.0
18062,2021-09,Lehigh,0.0
18062,2021-10,Lehigh,0.0
18062,2021-11,Lehigh,0.0
18062,2021-12,Lehigh,0.0
18064,2021-01,Northampton,0.0
18064,2021-02,Northampton,0.0
18064,2021-03,Northampton,0.0
18064,2021-04,Northampton,0.0
18064,2021-05,Northampton,0.0
18064,2021-06,Northampton,0.0
18064,2021-07,Northampton,0.0
18064,2021-08,Northampton,0.0
18064,2021-09,Northampton,1.0
18064,2021-10,Northampton,0.0
18064,2021-11,Northampton,0.0
18064,2021-12,Northampton,0.0
18102,2021-01,Lehigh,1.0
18102,2021-02,Lehigh,1.0
18102,2021-03,Lehigh,2.0
18102,2021-04,Lehigh,1.0
18102,2021-05,Lehigh,2.0
18102,2021-06,Lehigh,0.0
18102,2021-07,Lehigh,2.0
18102,2021-08,Lehigh,0.0
18102,2021-09,Lehigh,1.0
18102,2021-10,Lehigh,2.0
18102,2021-11,Lehigh,1.0
18102,2021-12,Lehigh,0.0
18104,2021-01,Lehigh,0.0
18104,2021-02,Lehigh,1.0
18104,2021-03,Lehigh,0.0
18104,2021-04,Lehigh,0.0
18104,2021-05,Lehigh,0.0
18104,2021-06,Lehigh,0.0
18104,2021-07,Lehigh,0.0
18104,2021-08,Lehigh,0.0
18104,2021-09,Lehigh,0.0
18104,2021-10,Lehigh,0.0
18104,2021-11,Lehigh,0.0
18104,2021-12,Lehigh,0.0
18109,2021-01,Lehigh,0.0
18109,2021-02,Lehigh,0.0
18109,2021-03,Lehigh,0.0
18109,2021-04,Lehigh,0.0
18109,2021-05,Lehigh,0.0
18109,2021-06,Lehigh,0.0
18109,2021-07,Lehigh,0.0
18109,2021-08,Lehigh,0.0
18109,2021-09,Lehigh,1.0
18109,2021-10,Lehigh,0.0
18109,2021-11,Lehigh,0.0
18109,2021-12,Lehigh,0.0
18360,2021-01,Monroe,1.0
18360,2021-02,Monroe,0.0
18360,2021-03,Monroe,1.0
18360,2021-04,Monroe,0.0
18360,2021-05,Monroe,0.0
18360,2021-06,Monroe,0.0
18360,2021-07,Monroe,0.0
18360,2021-08,Monroe,0.0
18360,2021-09,Monroe,1.0
18360,2021-10,Monroe,0.0
18360,2021-11,Monroe,1.0
18360,2021-12,Monroe,0.0
18445,2021-01,Wayne,0.0
18445,2021-02,Wayne,0.0
18445,2021-03,Wayne,2.0
18445,2021-04,Wayne,2.0
18445,2021-05,Wayne,0.0
18445,2021-06,Wayne,1.0
18445,2021-07,Wayne,0.0
18445,2021-08,Wayne,2.0
18445,2021-09,Wayne,0.0
18445,2021-10,Wayne,0.0
18445,2021-11,Wayne,0.0
18445,2021-12,Wayne,0.0
18503,2021-01,Lackawanna,0.0
18503,2021-02,Lackawanna,0.0
18503,2021-03,Lackawanna,1.0
18503,2021-04,Lackawanna,3.0
18503,2021-05,Lackawanna,3.0
18503,2021-06,Lackawanna,1.0
18503,2021-07,Lackawanna,0.0
18503,2021-08,Lackawanna,0.0
18503,2021-09,Lackawanna,0.0
18503,2021-10,Lackawanna,3.0
18503,2021-11,Lackawanna,2.0
18503,2021-12,Lackawanna,0.0
18643,2021-01,Luzerne,0.0
18643,2021-02,Luzerne,0.0
18643,2021-03,Luzerne,1.0
18643,2021-04,Luzerne,0.0
18643,2021-05,Luzerne,0.0
18643,2021-06,Luzerne,0.0
18643,2021-07,Luzerne,0.0
18643,2021-08,Luzerne,0.0
18643,2021-09,Luzerne,0.0
18643,2021-10,Luzerne,0.0
18643,2021-11,Luzerne,0.0
18643,2021-12,Luzerne,0.0
18657,2021-01,Wyoming,0.0
18657,2021-02,Wyoming,0.0
18657,2021-03,Wyoming,1.0
18657,2021-04,Wyoming,3.0
18657,2021-05,Wyoming,0.0
18657,2021-06,Wyoming,0.0
18657,2021-07,Wyoming,0.0
18657,2021-08,Wyoming,0.0
18657,2021-09,Wyoming,0.0
18657,2021-10,Wyoming,0.0
18657,2021-11,Wyoming,0.0
18657,2021-12,Wyoming,0.0
18701,2021-01,Luzerne,0.0
18701,2021-02,Luzerne,0.0
18701,2021-03,Luzerne,0.0
18701,2021-04,Luzerne,1.0
18701,2021-05,Luzerne,0.0
18701,2021-06,Luzerne,0.0
18701,2021-07,Luzerne,0.0
18701,2021-08,Luzerne,1.0
18701,2021-09,Luzerne,0.0
18701,2021-10,Luzerne,0.0
18701,2021-11,Luzerne,0.0
18701,2021-12,Luzerne,0.0
18848,2021-01,Bradford,1.0
18848,2021-02,Bradford,0.0
18848,2021-03,Bradford,0.0
18848,2021-04,Bradford,0.0
18848,2021-05,Bradford,0.0
18848,2021-06,Bradford,0.0
18848,2021-07,Bradford,0.0
18848,2021-08,Bradford,0.0
18848,2021-09,Bradford,0.0
18848,2021-10,Bradford,0.0
18848,2021-11,Bradford,0.0
18848,2021-12,Bradford,0.0
18901,2021-01,Bucks,0.0
18901,2021-02,Bucks,0.0
18901,2021-03,Bucks,1.0
18901,2021-04,Bucks,0.0
18901,2021-05,Bucks,1.0
18901,2021-06,Bucks,1.0
18901,2021-07,Bucks,1.0
18901,2021-08,Bucks,1.0
18901,2021-09,Bucks,0.0
18901,2021-10,Bucks,0.0
18901,2021-11,Bucks,0.0
18901,2021-12,Bucks,1.0
18936,2021-01,Montgomery,0.0
18936,2021-02,Montgomery,1.0
18936,2021-03,Montgomery,0.0
18936,2021-04,Montgomery,0.0
18936,2021-05,Montgomery,0.0
18936,2021-06,Montgomery,0.0
18936,2021-07,Montgomery,0.0
18936,2021-08,Montgomery,0.0
18936,2021-09,Montgomery,0.0
18936,2021-10,Montgomery,0.0
18936,2021-11,Montgomery,0.0
18936,2021-12,Montgomery,0.0
18951,2021-01,Bucks,0.0
18951,2021-02,Bucks,0.0
18951,2021-03,Bucks,0.0
18951,2021-04,Bucks,0.0
18951,2021-05,Bucks,0.0
18951,2021-06,Bucks,1.0
18951,2021-07,Bucks,0.0
18951,2021-08,Bucks,0.0
18951,2021-09,Bucks,0.0
18951,2021-10,Bucks,0.0
18951,2021-11,Bucks,0.0
18951,2021-12,Bucks,0.0
19008,2021-01,Delaware,0.0
19008,2021-02,Delaware,0.0
19008,2021-03,Delaware,0.0
19008,2021-04,Delaware,1.0
19008,2021-05,Delaware,0.0
19008,2021-06,Delaware,0.0
19008,2021-07,Delaware,0.0
19008,2021-08,Delaware,0.0
19008,2021-09,Delaware,0.0
19008,2021-10,Delaware,0.0
19008,2021-11,Delaware,0.0
19008,2021-12,Delaware,0.0
19010,2021-01,Montgomery,0.0
19010,2021-02,Montgomery,0.0
19010,2021-03,Montgomery,0.0
19010,2021-04,Montgomery,1.0
19010,2021-05,Montgomery,0.0
19010,2021-06,Montgomery,0.0
19010,2021-07,Montgomery,0.0
19010,2021-08,Montgomery,0.0
19010,2021-09,Montgomery,0.0
19010,2021-10,Montgomery,0.0
19010,2021-11,Montgomery,0.0
19010,2021-12,Montgomery,0.0
19012,2021-01,Montgomery,0.0
19012,2021-02,Montgomery,0.0
19012,2021-03,Montgomery,0.0
19012,2021-04,Montgomery,0.0
19012,2021-05,Montgomery,0.0
19012,2021-06,Montgomery,1.0
19012,2021-07,Montgomery,0.0
19012,2021-08,Montgomery,0.0
19012,2021-09,Montgomery,0.0
19012,2021-10,Montgomery,0.0
19012,2021-11,Montgomery,0.0
19012,2021-12,Montgomery,0.0
19013,2021-01,Delaware,1.0
19013,2021-02,Delaware,0.0
19013,2021-03,Delaware,0.0
19013,2021-04,Delaware,1.0
19013,2021-05,Delaware,0.0
19013,2021-06,Delaware,1.0
19013,2021-07,Delaware,0.0
19013,2021-08,Delaware,0.0
19013,2021-09,Delaware,0.0
19013,2021-10,Delaware,1.0
19013,2021-11,Delaware,0.0
19013,2021-12,Delaware,0.0
19018,2021-01,Delaware,0.0
19018,2021-02,Delaware,0.0
19018,2021-03,Delaware,0.0
19018,2021-04,Delaware,1.0
19018,2021-05,Delaware,0.0
19018,2021-06,Delaware,0.0
19018,2021-07,Delaware,0.0
19018,2021-08,Delaware,0.0
19018,2021-09,Delaware,0.0
19018,2021-10,Delaware,1.0
19018,2021-11,Delaware,0.0
19018,2021-12,Delaware,0.0
19020,2021-01,Bucks,0.0
19020,2021-02,Bucks,0.0
19020,2021-03,Bucks,0.0
19020,2021-04,Bucks,0.0
19020,2021-05,Bucks,0.0
19020,2021-06,Bucks,0.0
19020,2021-07,Bucks,1.0
19020,2021-08,Bucks,0.0
19020,2021-09,Bucks,0.0
19020,2021-10,Bucks,0.0
19020,2021-11,Bucks,0.0
19020,2021-12,Bucks,0.0
19040,2021-01,Montgomery,0.0
19040,2021-02,Montgomery,0.0
19040,2021-03,Montgomery,0.0
19040,2021-04,Montgomery,0.0
19040,2021-05,Montgomery,0.0
19040,2021-06,Montgomery,0.0
19040,2021-07,Montgomery,0.0
19040,2021-08,Montgomery,0.0
19040,2021-09,Montgomery,0.0
19040,2021-10,Montgomery,1.0
19040,2021-11,Montgomery,0.0
19040,2021-12,Montgomery,0.0
19047,2021-01,Bucks,0.0
19047,2021-02,Bucks,0.0
19047,2021-03,Bucks,0.0
19047,2021-04,Bucks,0.0
19047,2021-05,Bucks,0.0
19047,2021-06,Bucks,0.0
19047,2021-07,Bucks,0.0
19047,2021-08,Bucks,1.0
19047,2021-09,Bucks,0.0
19047,2021-10,Bucks,0.0
19047,2021-11,Bucks,0.0
19047,2021-12,Bucks,0.0
19063,2021-01,Delaware,0.0
19063,2021-02,Delaware,1.0
19063,2021-03,Delaware,0.0
19063,2021-04,Delaware,0.0
19063,2021-05,Delaware,0.0
19063,2021-06,Delaware,0.0
19063,2021-07,Delaware,0.0
19063,2021-08,Delaware,0.0
19063,2021-09,Delaware,0.0
19063,2021-10,Delaware,1.0
19063,2021-11,Delaware,0.0
19063,2021-12,Delaware,0.0
19072,2021-01,Montgomery,0.0
19072,2021-02,Montgomery,0.0
19072,2021-03,Montgomery,0.0
19072,2021-04,Montgomery,1.0
19072,2021-05,Montgomery,0.0
19072,2021-06,Montgomery,0.0
19072,2021-07,Montgomery,0.0
19072,2021-08,Montgomery,0.0
19072,2021-09,Montgomery,0.0
19072,2021-10,Montgomery,0.0
19072,2021-11,Montgomery,0.0
19072,2021-12,Montgomery,0.0
19079,2021-01,Delaware,0.0
19079,2021-02,Delaware,0.0
19079,2021-03,Delaware,0.0
19079,2021-04,Delaware,0.0
19079,2021-05,Delaware,0.0
19079,2021-06,Delaware,0.0
19079,2021-07,Delaware,0.0
19079,2021-08,Delaware,1.0
19079,2021-09,Delaware,0.0
19079,2021-10,Delaware,1.0
19079,2021-11,Delaware,0.0
19079,2021-12,Delaware,0.0
19087,2021-01,Delaware,0.0
19087,2021-02,Delaware,0.0
19087,2021-03,Delaware,0.0
19087,2021-04,Delaware,1.0
19087,2021-05,Delaware,1.0
19087,2021-06,Delaware,0.0
19087,2021-07,Delaware,0.0
19087,2021-08,Delaware,0.0
19087,2021-09,Delaware,0.0
19087,2021-10,Delaware,0.0
19087,2021-11,Delaware,0.0
19087,2021-12,Delaware,0.0
19096,2021-01,Montgomery,0.0
19096,2021-02,Montgomery,0.0
19096,2021-03,Montgomery,0.0
19096,2021-04,Montgomery,0.0
19096,2021-05,Montgomery,1.0
19096,2021-06,Montgomery,0.0
19096,2021-07,Montgomery,0.0
19096,2021-08,Montgomery,0.0
19096,2021-09,Montgomery,0.0
19096,2021-10,Montgomery,0.0
19096,2021-11,Montgomery,0.0
19096,2021-12,Montgomery,0.0
19107,2021-01,Philadelphia,9.0
19107,2021-02,Philadelphia,14.0
19107,2021-03,Philadelphia,18.0
19107,2021-04,Philadelphia,20.0
19107,2021-05,Philadelphia,16.0
19107,2021-06,Philadelphia,17.0
19107,2021-07,Philadelphia,14.0
19107,2021-08,Philadelphia,14.0
19107,2021-09,Philadelphia,8.0
19107,2021-10,Philadelphia,10.0
19107,2021-11,Philadelphia,10.0
19107,2021-12,Philadelphia,9.0
19335,2021-01,Chester,0.0
19335,2021-02,Chester,0.0
19335,2021-03,Chester,1.0
19335,2021-04,Chester,0.0
19335,2021-05,Chester,0.0
19335,2021-06,Chester,0.0
19335,2021-07,Chester,0.0
19335,2021-08,Chester,0.0
19335,2021-09,Chester,0.0
19335,2021-10,Chester,0.0
19335,2021-11,Chester,0.0
19335,2021-12,Chester,1.0
19341,2021-01,Chester,0.0
19341,2021-02,Chester,0.0
19341,2021-03,Chester,0.0
19341,2021-04,Chester,1.0
19341,2021-05,Chester,0.0
19341,2021-06,Chester,0.0
19341,2021-07,Chester,0.0
19341,2021-08,Chester,0.0
19341,2021-09,Chester,0.0
19341,2021-10,Chester,0.0
19341,2021-11,Chester,0.0
19341,2021-12,Chester,0.0
19355,2021-01,Chester,0.0
19355,2021-02,Chester,0.0
19355,2021-03,Chester,1.0
19355,2021-04,Chester,0.0
19355,2021-05,Chester,0.0
19355,2021-06,Chester,0.0
19355,2021-07,Chester,0.0
19355,2021-08,Chester,0.0
19355,2021-09,Chester,0.0
19355,2021-10,Chester,0.0
19355,2021-11,Chester,0.0
19355,2021-12,Chester,0.0
19380,2021-01,Chester,0.0
19380,2021-02,Chester,0.0
19380,2021-03,Chester,1.0
19380,2021-04,Chester,0.0
19380,2021-05,Chester,0.0
19380,2021-06,Chester,1.0
19380,2021-07,Chester,0.0
19380,2021-08,Chester,1.0
19380,2021-09,Chester,0.0
19380,2021-10,Chester,0.0
19380,2021-11,Chester,0.0
19380,2021-12,Chester,0.0
19382,2021-01,Chester,0.0
19382,2021-02,Chester,0.0
19382,2021-03,Chester,0.0
19382,2021-04,Chester,0.0
19382,2021-05,Chester,1.0
19382,2021-06,Chester,0.0
19382,2021-07,Chester,0.0
19382,2021-08,Chester,0.0
19382,2021-09,Chester,0.0
19382,2021-10,Chester,0.0
19382,2021-11,Chester,0.0
19382,2021-12,Chester,0.0
19401,2021-01,Montgomery,2.0
19401,2021-02,Montgomery,0.0
19401,2021-03,Montgomery,0.0
19401,2021-04,Montgomery,2.0
19401,2021-05,Montgomery,0.0
19401,2021-06,Montgomery,0.0
19401,2021-07,Montgomery,0.0
19401,2021-08,Montgomery,0.0
19401,2021-09,Montgomery,0.0
19401,2021-10,Montgomery,0.0
19401,2021-11,Montgomery,0.0
19401,2021-12,Montgomery,0.0
19406,2021-01,Montgomery,0.0
19406,2021-02,Montgomery,0.0
19406,2021-03,Montgomery,0.0
19406,2021-04,Montgomery,0.0
19406,2021-05,Montgomery,1.0
19406,2021-06,Montgomery,0.0
19406,2021-07,Montgomery,0.0
19406,2021-08,Montgomery,0.0
19406,2021-09,Montgomery,0.0
19406,2021-10,Montgomery,0.0
19406,2021-11,Montgomery,0.0
19406,2021-12,Montgomery,0.0
19428,2021-01,Montgomery,0.0
19428,2021-02,Montgomery,0.0
19428,2021-03,Montgomery,1.0
19428,2021-04,Montgomery,0.0
19428,2021-05,Montgomery,0.0
19428,2021-06,Montgomery,0.0
19428,2021-07,Montgomery,0.0
19428,2021-08,Montgomery,0.0
19428,2021-09,Montgomery,0.0
19428,2021-10,Montgomery,0.0
19428,2021-11,Montgomery,0.0
19428,2021-12,Montgomery,0.0
19446,2021-01,Montgomery,0.0
19446,2021-02,Montgomery,0.0
19446,2021-03,Montgomery,0.0
19446,2021-04,Montgomery,0.0
19446,2021-05,Montgomery,1.0
19446,2021-06,Montgomery,0.0
19446,2021-07,Montgomery,0.0
19446,2021-08,Montgomery,0.0
19446,2021-09,Montgomery,0.0
19446,2021-10,Montgomery,0.0
19446,2021-11,Montgomery,0.0
19446,2021-12,Montgomery,0.0
19460,2021-01,Chester,0.0
19460,2021-02,Chester,0.0
19460,2021-03,Chester,0.0
19460,2021-04,Chester,0.0
19460,2021-05,Chester,1.0
19460,2021-06,Chester,0.0
19460,2021-07,Chester,0.0
19460,2021-08,Chester,0.0
19460,2021-09,Chester,0.0
19460,2021-10,Chester,0.0
19460,2021-11,Chester,0.0
19460,2021-12,Chester,0.0
19525,2021-01,Montgomery,0.0
19525,2021-02,Montgomery,0.0
19525,2021-03,Montgomery,0.0
19525,2021-04,Montgomery,0.0
19525,2021-05,Montgomery,0.0
19525,2021-06,Montgomery,0.0
19525,2021-07,Montgomery,0.0
19525,2021-08,Montgomery,1.0
19525,2021-09,Montgomery,0.0
19525,2021-10,Montgomery,0.0
19525,2021-11,Montgomery,0.0
19525,2021-12,Montgomery,0.0
19533,2021-01,Berks,0.0
19533,2021-02,Berks,0.0
19533,2021-03,Berks,1.0
19533,2021-04,Berks,0.0
19533,2021-05,Berks,0.0
19533,2021-06,Berks,0.0
19533,2021-07,Berks,0.0
19533,2021-08,Berks,0.0
19533,2021-09,Berks,0.0
19533,2021-10,Berks,0.0
19533,2021-11,Berks,0.0
19533,2021-12,Berks,0.0
19601,2021-01,Berks,0.0
19601,2021-02,Berks,0.0
19601,2021-03,Berks,1.0
19601,2021-04,Berks,0.0
19601,2021-05,Berks,0.0
19601,2021-06,Berks,0.0
19601,2021-07,Berks,0.0
19601,2021-08,Berks,0.0
19601,2021-09,Berks,1.0
19601,2021-10,Berks,1.0
19601,2021-11,Berks,0.0
19601,2021-12,Berks,0.0
16401,2021-01,0,0.0
16401,2021-02,0,0.0
16401,2021-03,0,0.0
16401,2021-04,0,0.0
16401,2021-05,0,0.0
16401,2021-06,0,0.0
16401,2021-07,0,0.0
16401,2021-08,0,0.0
16401,2021-09,0,0.0
16401,2021-10,0,0.0
16401,2021-11,0,0.0
16401,2021-12,0,0.0
16402,2021-01,0,0.0
16402,2021-02,0,0.0
16402,2021-03,0,0.0
16402,2021-04,0,0.0
16402,2021-05,0,0.0
16402,2021-06,0,0.0
16402,2021-07,0,0.0
16402,2021-08,0,0.0
16402,2021-09,0,0.0
16402,2021-10,0,0.0
16402,2021-11,0,0.0
16402,2021-12,0,0.0
16403,2021-01,0,0.0
16403,2021-02,0,0.0
16403,2021-03,0,0.0
16403,2021-04,0,0.0
16403,2021-05,0,0.0
16403,2021-06,0,0.0
16403,2021-07,0,0.0
16403,2021-08,0,0.0
16403,2021-09,0,0.0
16403,2021-10,0,0.0
16403,2021-11,0,0.0
16403,2021-12,0,0.0
16404,2021-01,0,0.0
16404,2021-02,0,0.0
16404,2021-03,0,0.0
16404,2021-04,0,0.0
16404,2021-05,0,0.0
16404,2021-06,0,0.0
16404,2021-07,0,0.0
16404,2021-08,0,0.0
16404,2021-09,0,0.0
16404,2021-10,0,0.0
16404,2021-11,0,0.0
16404,2021-12,0,0.0
16405,2021-01,0,0.0
16405,2021-02,0,0.0
16405,2021-03,0,0.0
16405,2021-04,0,0.0
16405,2021-05,0,0.0
16405,2021-06,0,0.0
16405,2021-07,0,0.0
16405,2021-08,0,0.0
16405,2021-09,0,0.0
16405,2021-10,0,0.0
16405,2021-11,0,0.0
16405,2021-12,0,0.0
16406,2021-01,0,0.0
16406,2021-02,0,0.0
16406,2021-03,0,0.0
16406,2021-04,0,0.0
16406,2021-05,0,0.0
16406,2021-06,0,0.0
16406,2021-07,0,0.0
16406,2021-08,0,0.0
16406,2021-09,0,0.0
16406,2021-10,0,0.0
16406,2021-11,0,0.0
16406,2021-12,0,0.0
16407,2021-01,0,0.0
16407,2021-02,0,0.0
16407,2021-03,0,0.0
16407,2021-04,0,0.0
16407,2021-05,0,0.0
16407,2021-06,0,0.0
16407,2021-07,0,0.0
16407,2021-08,0,0.0
16407,2021-09,0,0.0
16407,2021-10,0,0.0
16407,2021-11,0,0.0
16407,2021-12,0,0.0
16410,2021-01,0,0.0
16410,2021-02,0,0.0
16410,2021-03,0,0.0
16410,2021-04,0,0.0
16410,2021-05,0,0.0
16410,2021-06,0,0.0
16410,2021-07,0,0.0
16410,2021-08,0,0.0
16410,2021-09,0,0.0
16410,2021-10,0,0.0
16410,2021-11,0,0.0
16410,2021-12,0,0.0
16411,2021-01,0,0.0
16411,2021-02,0,0.0
16411,2021-03,0,0.0
16411,2021-04,0,0.0
16411,2021-05,0,0.0
16411,2021-06,0,0.0
16411,2021-07,0,0.0
16411,2021-08,0,0.0
16411,2021-09,0,0.0
16411,2021-10,0,0.0
16411,2021-11,0,0.0
16411,2021-12,0,0.0
16412,2021-01,0,0.0
16412,2021-02,0,0.0
16412,2021-03,0,0.0
16412,2021-04,0,0.0
16412,2021-05,0,0.0
16412,2021-06,0,0.0
16412,2021-07,0,0.0
16412,2021-08,0,0.0
16412,2021-09,0,0.0
16412,2021-10,0,0.0
16412,2021-11,0,0.0
16412,2021-12,0,0.0
16415,2021-01,0,0.0
16415,2021-02,0,0.0
16415,2021-03,0,0.0
16415,2021-04,0,0.0
16415,2021-05,0,0.0
16415,2021-06,0,0.0
16415,2021-07,0,0.0
16415,2021-08,0,0.0
16415,2021-09,0,0.0
16415,2021-10,0,0.0
16415,2021-11,0,0.0
16415,2021-12,0,0.0
16416,2021-01,0,0.0
16416,2021-02,0,0.0
16416,2021-03,0,0.0
16416,2021-04,0,0.0
16416,2021-05,0,0.0
16416,2021-06,0,0.0
16416,2021-07,0,0.0
16416,2021-08,0,0.0
16416,2021-09,0,0.0
16416,2021-10,0,0.0
16416,2021-11,0,0.0
16416,2021-12,0,0.0
16417,2021-01,0,0.0
16417,2021-02,0,0.0
16417,2021-03,0,0.0
16417,2021-04,0,0.0
16417,2021-05,0,0.0
16417,2021-06,0,0.0
16417,2021-07,0,0.0
16417,2021-08,0,0.0
16417,2021-09,0,0.0
16417,2021-10,0,0.0
16417,2021-11,0,0.0
16417,2021-12,0,0.0
16420,2021-01,0,0.0
16420,2021-02,0,0.0
16420,2021-03,0,0.0
16420,2021-04,0,0.0
16420,2021-05,0,0.0
16420,2021-06,0,0.0
16420,2021-07,0,0.0
16420,2021-08,0,0.0
16420,2021-09,0,0.0
16420,2021-10,0,0.0
16420,2021-11,0,0.0
16420,2021-12,0,0.0
16421,2021-01,0,0.0
16421,2021-02,0,0.0
16421,2021-03,0,0.0
16421,2021-04,0,0.0
16421,2021-05,0,0.0
16421,2021-06,0,0.0
16421,2021-07,0,0.0
16421,2021-08,0,0.0
16421,2021-09,0,0.0
16421,2021-10,0,0.0
16421,2021-11,0,0.0
16421,2021-12,0,0.0
16422,2021-01,0,0.0
16422,2021-02,0,0.0
16422,2021-03,0,0.0
16422,2021-04,0,0.0
16422,2021-05,0,0.0
16422,2021-06,0,0.0
16422,2021-07,0,0.0
16422,2021-08,0,0.0
16422,2021-09,0,0.0
16422,2021-10,0,0.0
16422,2021-11,0,0.0
16422,2021-12,0,0.0
16423,2021-01,0,0.0
16423,2021-02,0,0.0
16423,2021-03,0,0.0
16423,2021-04,0,0.0
16423,2021-05,0,0.0
16423,2021-06,0,0.0
16423,2021-07,0,0.0
16423,2021-08,0,0.0
16423,2021-09,0,0.0
16423,2021-10,0,0.0
16423,2021-11,0,0.0
16423,2021-12,0,0.0
16424,2021-01,0,0.0
16424,2021-02,0,0.0
16424,2021-03,0,0.0
16424,2021-04,0,0.0
16424,2021-05,0,0.0
16424,2021-06,0,0.0
16424,2021-07,0,0.0
16424,2021-08,0,0.0
16424,2021-09,0,0.0
16424,2021-10,0,0.0
16424,2021-11,0,0.0
16424,2021-12,0,0.0
16426,2021-01,0,0.0
16426,2021-02,0,0.0
16426,2021-03,0,0.0
16426,2021-04,0,0.0
16426,2021-05,0,0.0
16426,2021-06,0,0.0
16426,2021-07,0,0.0
16426,2021-08,0,0.0
16426,2021-09,0,0.0
16426,2021-10,0,0.0
16426,2021-11,0,0.0
16426,2021-12,0,0.0
16427,2021-01,0,0.0
16427,2021-02,0,0.0
16427,2021-03,0,0.0
16427,2021-04,0,0.0
16427,2021-05,0,0.0
16427,2021-06,0,0.0
16427,2021-07,0,0.0
16427,2021-08,0,0.0
16427,2021-09,0,0.0
16427,2021-10,0,0.0
16427,2021-11,0,0.0
16427,2021-12,0,0.0
16430,2021-01,0,0.0
16430,2021-02,0,0.0
16430,2021-03,0,0.0
16430,2021-04,0,0.0
16430,2021-05,0,0.0
16430,2021-06,0,0.0
16430,2021-07,0,0.0
16430,2021-08,0,0.0
16430,2021-09,0,0.0
16430,2021-10,0,0.0
16430,2021-11,0,0.0
16430,2021-12,0,0.0
16433,2021-01,0,0.0
16433,2021-02,0,0.0
16433,2021-03,0,0.0
16433,2021-04,0,0.0
16433,2021-05,0,0.0
16433,2021-06,0,0.0
16433,2021-07,0,0.0
16433,2021-08,0,0.0
16433,2021-09,0,0.0
16433,2021-10,0,0.0
16433,2021-11,0,0.0
16433,2021-12,0,0.0
16434,2021-01,0,0.0
16434,2021-02,0,0.0
16434,2021-03,0,0.0
16434,2021-04,0,0.0
16434,2021-05,0,0.0
16434,2021-06,0,0.0
16434,2021-07,0,0.0
16434,2021-08,0,0.0
16434,2021-09,0,0.0
16434,2021-10,0,0.0
16434,2021-11,0,0.0
16434,2021-12,0,0.0
16435,2021-01,0,0.0
16435,2021-02,0,0.0
16435,2021-03,0,0.0
16435,2021-04,0,0.0
16435,2021-05,0,0.0
16435,2021-06,0,0.0
16435,2021-07,0,0.0
16435,2021-08,0,0.0
16435,2021-09,0,0.0
16435,2021-10,0,0.0
16435,2021-11,0,0.0
16435,2021-12,0,0.0
16436,2021-01,0,0.0
16436,2021-02,0,0.0
16436,2021-03,0,0.0
16436,2021-04,0,0.0
16436,2021-05,0,0.0
16436,2021-06,0,0.0
16436,2021-07,0,0.0
16436,2021-08,0,0.0
16436,2021-09,0,0.0
16436,2021-10,0,0.0
16436,2021-11,0,0.0
16436,2021-12,0,0.0
16438,2021-01,0,0.0
16438,2021-02,0,0.0
16438,2021-03,0,0.0
16438,2021-04,0,0.0
16438,2021-05,0,0.0
16438,2021-06,0,0.0
16438,2021-07,0,0.0
16438,2021-08,0,0.0
16438,2021-09,0,0.0
16438,2021-10,0,0.0
16438,2021-11,0,0.0
16438,2021-12,0,0.0
16440,2021-01,0,0.0
16440,2021-02,0,0.0
16440,2021-03,0,0.0
16440,2021-04,0,0.0
16440,2021-05,0,0.0
16440,2021-06,0,0.0
16440,2021-07,0,0.0
16440,2021-08,0,0.0
16440,2021-09,0,0.0
16440,2021-10,0,0.0
16440,2021-11,0,0.0
16440,2021-12,0,0.0
16442,2021-01,0,0.0
16442,2021-02,0,0.0
16442,2021-03,0,0.0
16442,2021-04,0,0.0
16442,2021-05,0,0.0
16442,2021-06,0,0.0
16442,2021-07,0,0.0
16442,2021-08,0,0.0
16442,2021-09,0,0.0
16442,2021-10,0,0.0
16442,2021-11,0,0.0
16442,2021-12,0,0.0
16443,2021-01,0,0.0
16443,2021-02,0,0.0
16443,2021-03,0,0.0
16443,2021-04,0,0.0
16443,2021-05,0,0.0
16443,2021-06,0,0.0
16443,2021-07,0,0.0
16443,2021-08,0,0.0
16443,2021-09,0,0.0
16443,2021-10,0,0.0
16443,2021-11,0,0.0
16443,2021-12,0,0.0
16444,2021-01,0,0.0
16444,2021-02,0,0.0
16444,2021-03,0,0.0
16444,2021-04,0,0.0
16444,2021-05,0,0.0
16444,2021-06,0,0.0
16444,2021-07,0,0.0
16444,2021-08,0,0.0
16444,2021-09,0,0.0
16444,2021-10,0,0.0
16444,2021-11,0,0.0
16444,2021-12,0,0.0
16475,2021-01,0,0.0
16475,2021-02,0,0.0
16475,2021-03,0,0.0
16475,2021-04,0,0.0
16475,2021-05,0,0.0
16475,2021-06,0,0.0
16475,2021-07,0,0.0
16475,2021-08,0,0.0
16475,2021-09,0,0.0
16475,2021-10,0,0.0
16475,2021-11,0,0.0
16475,2021-12,0,0.0
16502,2021-01,0,0.0
16502,2021-02,0,0.0
16502,2021-03,0,0.0
16502,2021-04,0,0.0
16502,2021-05,0,0.0
16502,2021-06,0,0.0
16502,2021-07,0,0.0
16502,2021-08,0,0.0
16502,2021-09,0,0.0
16502,2021-10,0,0.0
16502,2021-11,0,0.0
16502,2021-12,0,0.0
16503,2021-01,0,0.0
16503,2021-02,0,0.0
16503,2021-03,0,0.0
16503,2021-04,0,0.0
16503,2021-05,0,0.0
16503,2021-06,0,0.0
16503,2021-07,0,0.0
16503,2021-08,0,0.0
16503,2021-09,0,0.0
16503,2021-10,0,0.0
16503,2021-11,0,0.0
16503,2021-12,0,0.0
16504,2021-01,0,0.0
16504,2021-02,0,0.0
16504,2021-03,0,0.0
16504,2021-04,0,0.0
16504,2021-05,0,0.0
16504,2021-06,0,0.0
16504,2021-07,0,0.0
16504,2021-08,0,0.0
16504,2021-09,0,0.0
16504,2021-10,0,0.0
16504,2021-11,0,0.0
16504,2021-12,0,0.0
16505,2021-01,0,0.0
16505,2021-02,0,0.0
16505,2021-03,0,0.0
16505,2021-04,0,0.0
16505,2021-05,0,0.0
16505,2021-06,0,0.0
16505,2021-07,0,0.0
16505,2021-08,0,0.0
16505,2021-09,0,0.0
16505,2021-10,0,0.0
16505,2021-11,0,0.0
16505,2021-12,0,0.0
16506,2021-01,0,0.0
16506,2021-02,0,0.0
16506,2021-03,0,0.0
16506,2021-04,0,0.0
16506,2021-05,0,0.0
16506,2021-06,0,0.0
16506,2021-07,0,0.0
16506,2021-08,0,0.0
16506,2021-09,0,0.0
16506,2021-10,0,0.0
16506,2021-11,0,0.0
16506,2021-12,0,0.0
16507,2021-01,0,0.0
16507,2021-02,0,0.0
16507,2021-03,0,0.0
16507,2021-04,0,0.0
16507,2021-05,0,0.0
16507,2021-06,0,0.0
16507,2021-07,0,0.0
16507,2021-08,0,0.0
16507,2021-09,0,0.0
16507,2021-10,0,0.0
16507,2021-11,0,0.0
16507,2021-12,0,0.0
16508,2021-01,0,0.0
16508,2021-02,0,0.0
16508,2021-03,0,0.0
16508,2021-04,0,0.0
16508,2021-05,0,0.0
16508,2021-06,0,0.0
16508,2021-07,0,0.0
16508,2021-08,0,0.0
16508,2021-09,0,0.0
16508,2021-10,0,0.0
16508,2021-11,0,0.0
16508,2021-12,0,0.0
16509,2021-01,0,0.0
16509,2021-02,0,0.0
16509,2021-03,0,0.0
16509,2021-04,0,0.0
16509,2021-05,0,0.0
16509,2021-06,0,0.0
16509,2021-07,0,0.0
16509,2021-08,0,0.0
16509,2021-09,0,0.0
16509,2021-10,0,0.0
16509,2021-11,0,0.0
16509,2021-12,0,0.0
16510,2021-01,0,0.0
16510,2021-02,0,0.0
16510,2021-03,0,0.0
16510,2021-04,0,0.0
16510,2021-05,0,0.0
16510,2021-06,0,0.0
16510,2021-07,0,0.0
16510,2021-08,0,0.0
16510,2021-09,0,0.0
16510,2021-10,0,0.0
16510,2021-11,0,0.0
16510,2021-12,0,0.0
16511,2021-01,0,0.0
16511,2021-02,0,0.0
16511,2021-03,0,0.0
16511,2021-04,0,0.0
16511,2021-05,0,0.0
16511,2021-06,0,0.0
16511,2021-07,0,0.0
16511,2021-08,0,0.0
16511,2021-09,0,0.0
16511,2021-10,0,0.0
16511,2021-11,0,0.0
16511,2021-12,0,0.0
16546,2021-01,0,0.0
16546,2021-02,0,0.0
16546,2021-03,0,0.0
16546,2021-04,0,0.0
16546,2021-05,0,0.0
16546,2021-06,0,0.0
16546,2021-07,0,0.0
16546,2021-08,0,0.0
16546,2021-09,0,0.0
16546,2021-10,0,0.0
16546,2021-11,0,0.0
16546,2021-12,0,0.0
16550,2021-01,0,0.0
16550,2021-02,0,0.0
16550,2021-03,0,0.0
16550,2021-04,0,0.0
16550,2021-05,0,0.0
16550,2021-06,0,0.0
16550,2021-07,0,0.0
16550,2021-08,0,0.0
16550,2021-09,0,0.0
16550,2021-10,0,0.0
16550,2021-11,0,0.0
16550,2021-12,0,0.0
16563,2021-01,0,0.0
16563,2021-02,0,0.0
16563,2021-03,0,0.0
16563,2021-04,0,0.0
16563,2021-05,0,0.0
16563,2021-06,0,0.0
16563,2021-07,0,0.0
16563,2021-08,0,0.0
16563,2021-09,0,0.0
16563,2021-10,0,0.0
16563,2021-11,0,0.0
16563,2021-12,0,0.0
16602,2021-01,0,0.0
16602,2021-02,0,0.0
16602,2021-03,0,0.0
16602,2021-04,0,0.0
16602,2021-05,0,0.0
16602,2021-06,0,0.0
16602,2021-07,0,0.0
16602,2021-08,0,0.0
16602,2021-09,0,0.0
16602,2021-10,0,0.0
16602,2021-11,0,0.0
16602,2021-12,0,0.0
16611,2021-01,0,0.0
16611,2021-02,0,0.0
16611,2021-03,0,0.0
16611,2021-04,0,0.0
16611,2021-05,0,0.0
16611,2021-06,0,0.0
16611,2021-07,0,0.0
16611,2021-08,0,0.0
16611,2021-09,0,0.0
16611,2021-10,0,0.0
16611,2021-11,0,0.0
16611,2021-12,0,0.0
16613,2021-01,0,0.0
16613,2021-02,0,0.0
16613,2021-03,0,0.0
16613,2021-04,0,0.0
16613,2021-05,0,0.0
16613,2021-06,0,0.0
16613,2021-07,0,0.0
16613,2021-08,0,0.0
16613,2021-09,0,0.0
16613,2021-10,0,0.0
16613,2021-11,0,0.0
16613,2021-12,0,0.0
16616,2021-01,0,0.0
16616,2021-02,0,0.0
16616,2021-03,0,0.0
16616,2021-04,0,0.0
16616,2021-05,0,0.0
16616,2021-06,0,0.0
16616,2021-07,0,0.0
16616,2021-08,0,0.0
16616,2021-09,0,0.0
16616,2021-10,0,0.0
16616,2021-11,0,0.0
16616,2021-12,0,0.0
16617,2021-01,0,0.0
16617,2021-02,0,0.0
16617,2021-03,0,0.0
16617,2021-04,0,0.0
16617,2021-05,0,0.0
16617,2021-06,0,0.0
16617,2021-07,0,0.0
16617,2021-08,0,0.0
16617,2021-09,0,0.0
16617,2021-10,0,0.0
16617,2021-11,0,0.0
16617,2021-12,0,0.0
16619,2021-01,0,0.0
16619,2021-02,0,0.0
16619,2021-03,0,0.0
16619,2021-04,0,0.0
16619,2021-05,0,0.0
16619,2021-06,0,0.0
16619,2021-07,0,0.0
16619,2021-08,0,0.0
16619,2021-09,0,0.0
16619,2021-10,0,0.0
16619,2021-11,0,0.0
16619,2021-12,0,0.0
16620,2021-01,0,0.0
16620,2021-02,0,0.0
16620,2021-03,0,0.0
16620,2021-04,0,0.0
16620,2021-05,0,0.0
16620,2021-06,0,0.0
16620,2021-07,0,0.0
16620,2021-08,0,0.0
16620,2021-09,0,0.0
16620,2021-10,0,0.0
16620,2021-11,0,0.0
16620,2021-12,0,0.0
16621,2021-01,0,0.0
16621,2021-02,0,0.0
16621,2021-03,0,0.0
16621,2021-04,0,0.0
16621,2021-05,0,0.0
16621,2021-06,0,0.0
16621,2021-07,0,0.0
16621,2021-08,0,0.0
16621,2021-09,0,0.0
16621,2021-10,0,0.0
16621,2021-11,0,0.0
16621,2021-12,0,0.0
16622,2021-01,0,0.0
16622,2021-02,0,0.0
16622,2021-03,0,0.0
16622,2021-04,0,0.0
16622,2021-05,0,0.0
16622,2021-06,0,0.0
16622,2021-07,0,0.0
16622,2021-08,0,0.0
16622,2021-09,0,0.0
16622,2021-10,0,0.0
16622,2021-11,0,0.0
16622,2021-12,0,0.0
16623,2021-01,0,0.0
16623,2021-02,0,0.0
16623,2021-03,0,0.0
16623,2021-04,0,0.0
16623,2021-05,0,0.0
16623,2021-06,0,0.0
16623,2021-07,0,0.0
16623,2021-08,0,0.0
16623,2021-09,0,0.0
16623,2021-10,0,0.0
16623,2021-11,0,0.0
16623,2021-12,0,0.0
16624,2021-01,0,0.0
16624,2021-02,0,0.0
16624,2021-03,0,0.0
16624,2021-04,0,0.0
16624,2021-05,0,0.0
16624,2021-06,0,0.0
16624,2021-07,0,0.0
16624,2021-08,0,0.0
16624,2021-09,0,0.0
16624,2021-10,0,0.0
16624,2021-11,0,0.0
16624,2021-12,0,0.0
16625,2021-01,0,0.0
16625,2021-02,0,0.0
16625,2021-03,0,0.0
16625,2021-04,0,0.0
16625,2021-05,0,0.0
16625,2021-06,0,0.0
16625,2021-07,0,0.0
16625,2021-08,0,0.0
16625,2021-09,0,0.0
16625,2021-10,0,0.0
16625,2021-11,0,0.0
16625,2021-12,0,0.0
16627,2021-01,0,0.0
16627,2021-02,0,0.0
16627,2021-03,0,0.0
16627,2021-04,0,0.0
16627,2021-05,0,0.0
16627,2021-06,0,0.0
16627,2021-07,0,0.0
16627,2021-08,0,0.0
16627,2021-09,0,0.0
16627,2021-10,0,0.0
16627,2021-11,0,0.0
16627,2021-12,0,0.0
16630,2021-01,0,0.0
16630,2021-02,0,0.0
16630,2021-03,0,0.0
16630,2021-04,0,0.0
16630,2021-05,0,0.0
16630,2021-06,0,0.0
16630,2021-07,0,0.0
16630,2021-08,0,0.0
16630,2021-09,0,0.0
16630,2021-10,0,0.0
16630,2021-11,0,0.0
16630,2021-12,0,0.0
16631,2021-01,0,0.0
16631,2021-02,0,0.0
16631,2021-03,0,0.0
16631,2021-04,0,0.0
16631,2021-05,0,0.0
16631,2021-06,0,0.0
16631,2021-07,0,0.0
16631,2021-08,0,0.0
16631,2021-09,0,0.0
16631,2021-10,0,0.0
16631,2021-11,0,0.0
16631,2021-12,0,0.0
16633,2021-01,0,0.0
16633,2021-02,0,0.0
16633,2021-03,0,0.0
16633,2021-04,0,0.0
16633,2021-05,0,0.0
16633,2021-06,0,0.0
16633,2021-07,0,0.0
16633,2021-08,0,0.0
16633,2021-09,0,0.0
16633,2021-10,0,0.0
16633,2021-11,0,0.0
16633,2021-12,0,0.0
16634,2021-01,0,0.0
16634,2021-02,0,0.0
16634,2021-03,0,0.0
16634,2021-04,0,0.0
16634,2021-05,0,0.0
16634,2021-06,0,0.0
16634,2021-07,0,0.0
16634,2021-08,0,0.0
16634,2021-09,0,0.0
16634,2021-10,0,0.0
16634,2021-11,0,0.0
16634,2021-12,0,0.0
16635,2021-01,0,0.0
16635,2021-02,0,0.0
16635,2021-03,0,0.0
16635,2021-04,0,0.0
16635,2021-05,0,0.0
16635,2021-06,0,0.0
16635,2021-07,0,0.0
16635,2021-08,0,0.0
16635,2021-09,0,0.0
16635,2021-10,0,0.0
16635,2021-11,0,0.0
16635,2021-12,0,0.0
16636,2021-01,0,0.0
16636,2021-02,0,0.0
16636,2021-03,0,0.0
16636,2021-04,0,0.0
16636,2021-05,0,0.0
16636,2021-06,0,0.0
16636,2021-07,0,0.0
16636,2021-08,0,0.0
16636,2021-09,0,0.0
16636,2021-10,0,0.0
16636,2021-11,0,0.0
16636,2021-12,0,0.0
16637,2021-01,0,0.0
16637,2021-02,0,0.0
16637,2021-03,0,0.0
16637,2021-04,0,0.0
16637,2021-05,0,0.0
16637,2021-06,0,0.0
16637,2021-07,0,0.0
16637,2021-08,0,0.0
16637,2021-09,0,0.0
16637,2021-10,0,0.0
16637,2021-11,0,0.0
16637,2021-12,0,0.0
16638,2021-01,0,0.0
16638,2021-02,0,0.0
16638,2021-03,0,0.0
16638,2021-04,0,0.0
16638,2021-05,0,0.0
16638,2021-06,0,0.0
16638,2021-07,0,0.0
16638,2021-08,0,0.0
16638,2021-09,0,0.0
16638,2021-10,0,0.0
16638,2021-11,0,0.0
16638,2021-12,0,0.0
16639,2021-01,0,0.0
16639,2021-02,0,0.0
16639,2021-03,0,0.0
16639,2021-04,0,0.0
16639,2021-05,0,0.0
16639,2021-06,0,0.0
16639,2021-07,0,0.0
16639,2021-08,0,0.0
16639,2021-09,0,0.0
16639,2021-10,0,0.0
16639,2021-11,0,0.0
16639,2021-12,0,0.0
16640,2021-01,0,0.0
16640,2021-02,0,0.0
16640,2021-03,0,0.0
16640,2021-04,0,0.0
16640,2021-05,0,0.0
16640,2021-06,0,0.0
16640,2021-07,0,0.0
16640,2021-08,0,0.0
16640,2021-09,0,0.0
16640,2021-10,0,0.0
16640,2021-11,0,0.0
16640,2021-12,0,0.0
16641,2021-01,0,0.0
16641,2021-02,0,0.0
16641,2021-03,0,0.0
16641,2021-04,0,0.0
16641,2021-05,0,0.0
16641,2021-06,0,0.0
16641,2021-07,0,0.0
16641,2021-08,0,0.0
16641,2021-09,0,0.0
16641,2021-10,0,0.0
16641,2021-11,0,0.0
16641,2021-12,0,0.0
16645,2021-01,0,0.0
16645,2021-02,0,0.0
16645,2021-03,0,0.0
16645,2021-04,0,0.0
16645,2021-05,0,0.0
16645,2021-06,0,0.0
16645,2021-07,0,0.0
16645,2021-08,0,0.0
16645,2021-09,0,0.0
16645,2021-10,0,0.0
16645,2021-11,0,0.0
16645,2021-12,0,0.0
16646,2021-01,0,0.0
16646,2021-02,0,0.0
16646,2021-03,0,0.0
16646,2021-04,0,0.0
16646,2021-05,0,0.0
16646,2021-06,0,0.0
16646,2021-07,0,0.0
16646,2021-08,0,0.0
16646,2021-09,0,0.0
16646,2021-10,0,0.0
16646,2021-11,0,0.0
16646,2021-12,0,0.0
16647,2021-01,0,0.0
16647,2021-02,0,0.0
16647,2021-03,0,0.0
16647,2021-04,0,0.0
16647,2021-05,0,0.0
16647,2021-06,0,0.0
16647,2021-07,0,0.0
16647,2021-08,0,0.0
16647,2021-09,0,0.0
16647,2021-10,0,0.0
16647,2021-11,0,0.0
16647,2021-12,0,0.0
16650,2021-01,0,0.0
16650,2021-02,0,0.0
16650,2021-03,0,0.0
16650,2021-04,0,0.0
16650,2021-05,0,0.0
16650,2021-06,0,0.0
16650,2021-07,0,0.0
16650,2021-08,0,0.0
16650,2021-09,0,0.0
16650,2021-10,0,0.0
16650,2021-11,0,0.0
16650,2021-12,0,0.0
16651,2021-01,0,0.0
16651,2021-02,0,0.0
16651,2021-03,0,0.0
16651,2021-04,0,0.0
16651,2021-05,0,0.0
16651,2021-06,0,0.0
16651,2021-07,0,0.0
16651,2021-08,0,0.0
16651,2021-09,0,0.0
16651,2021-10,0,0.0
16651,2021-11,0,0.0
16651,2021-12,0,0.0
16652,2021-01,0,0.0
16652,2021-02,0,0.0
16652,2021-03,0,0.0
16652,2021-04,0,0.0
16652,2021-05,0,0.0
16652,2021-06,0,0.0
16652,2021-07,0,0.0
16652,2021-08,0,0.0
16652,2021-09,0,0.0
16652,2021-10,0,0.0
16652,2021-11,0,0.0
16652,2021-12,0,0.0
16654,2021-01,0,0.0
16654,2021-02,0,0.0
16654,2021-03,0,0.0
16654,2021-04,0,0.0
16654,2021-05,0,0.0
16654,2021-06,0,0.0
16654,2021-07,0,0.0
16654,2021-08,0,0.0
16654,2021-09,0,0.0
16654,2021-10,0,0.0
16654,2021-11,0,0.0
16654,2021-12,0,0.0
16655,2021-01,0,0.0
16655,2021-02,0,0.0
16655,2021-03,0,0.0
16655,2021-04,0,0.0
16655,2021-05,0,0.0
16655,2021-06,0,0.0
16655,2021-07,0,0.0
16655,2021-08,0,0.0
16655,2021-09,0,0.0
16655,2021-10,0,0.0
16655,2021-11,0,0.0
16655,2021-12,0,0.0
16656,2021-01,0,0.0
16656,2021-02,0,0.0
16656,2021-03,0,0.0
16656,2021-04,0,0.0
16656,2021-05,0,0.0
16656,2021-06,0,0.0
16656,2021-07,0,0.0
16656,2021-08,0,0.0
16656,2021-09,0,0.0
16656,2021-10,0,0.0
16656,2021-11,0,0.0
16656,2021-12,0,0.0
16657,2021-01,0,0.0
16657,2021-02,0,0.0
16657,2021-03,0,0.0
16657,2021-04,0,0.0
16657,2021-05,0,0.0
16657,2021-06,0,0.0
16657,2021-07,0,0.0
16657,2021-08,0,0.0
16657,2021-09,0,0.0
16657,2021-10,0,0.0
16657,2021-11,0,0.0
16657,2021-12,0,0.0
16659,2021-01,0,0.0
16659,2021-02,0,0.0
16659,2021-03,0,0.0
16659,2021-04,0,0.0
16659,2021-05,0,0.0
16659,2021-06,0,0.0
16659,2021-07,0,0.0
16659,2021-08,0,0.0
16659,2021-09,0,0.0
16659,2021-10,0,0.0
16659,2021-11,0,0.0
16659,2021-12,0,0.0
16661,2021-01,0,0.0
16661,2021-02,0,0.0
16661,2021-03,0,0.0
16661,2021-04,0,0.0
16661,2021-05,0,0.0
16661,2021-06,0,0.0
16661,2021-07,0,0.0
16661,2021-08,0,0.0
16661,2021-09,0,0.0
16661,2021-10,0,0.0
16661,2021-11,0,0.0
16661,2021-12,0,0.0
16662,2021-01,0,0.0
16662,2021-02,0,0.0
16662,2021-03,0,0.0
16662,2021-04,0,0.0
16662,2021-05,0,0.0
16662,2021-06,0,0.0
16662,2021-07,0,0.0
16662,2021-08,0,0.0
16662,2021-09,0,0.0
16662,2021-10,0,0.0
16662,2021-11,0,0.0
16662,2021-12,0,0.0
16664,2021-01,0,0.0
16664,2021-02,0,0.0
16664,2021-03,0,0.0
16664,2021-04,0,0.0
16664,2021-05,0,0.0
16664,2021-06,0,0.0
16664,2021-07,0,0.0
16664,2021-08,0,0.0
16664,2021-09,0,0.0
16664,2021-10,0,0.0
16664,2021-11,0,0.0
16664,2021-12,0,0.0
16665,2021-01,0,0.0
16665,2021-02,0,0.0
16665,2021-03,0,0.0
16665,2021-04,0,0.0
16665,2021-05,0,0.0
16665,2021-06,0,0.0
16665,2021-07,0,0.0
16665,2021-08,0,0.0
16665,2021-09,0,0.0
16665,2021-10,0,0.0
16665,2021-11,0,0.0
16665,2021-12,0,0.0
16666,2021-01,0,0.0
16666,2021-02,0,0.0
16666,2021-03,0,0.0
16666,2021-04,0,0.0
16666,2021-05,0,0.0
16666,2021-06,0,0.0
16666,2021-07,0,0.0
16666,2021-08,0,0.0
16666,2021-09,0,0.0
16666,2021-10,0,0.0
16666,2021-11,0,0.0
16666,2021-12,0,0.0
16667,2021-01,0,0.0
16667,2021-02,0,0.0
16667,2021-03,0,0.0
16667,2021-04,0,0.0
16667,2021-05,0,0.0
16667,2021-06,0,0.0
16667,2021-07,0,0.0
16667,2021-08,0,0.0
16667,2021-09,0,0.0
16667,2021-10,0,0.0
16667,2021-11,0,0.0
16667,2021-12,0,0.0
16668,2021-01,0,0.0
16668,2021-02,0,0.0
16668,2021-03,0,0.0
16668,2021-04,0,0.0
16668,2021-05,0,0.0
16668,2021-06,0,0.0
16668,2021-07,0,0.0
16668,2021-08,0,0.0
16668,2021-09,0,0.0
16668,2021-10,0,0.0
16668,2021-11,0,0.0
16668,2021-12,0,0.0
16669,2021-01,0,0.0
16669,2021-02,0,0.0
16669,2021-03,0,0.0
16669,2021-04,0,0.0
16669,2021-05,0,0.0
16669,2021-06,0,0.0
16669,2021-07,0,0.0
16669,2021-08,0,0.0
16669,2021-09,0,0.0
16669,2021-10,0,0.0
16669,2021-11,0,0.0
16669,2021-12,0,0.0
16670,2021-01,0,0.0
16670,2021-02,0,0.0
16670,2021-03,0,0.0
16670,2021-04,0,0.0
16670,2021-05,0,0.0
16670,2021-06,0,0.0
16670,2021-07,0,0.0
16670,2021-08,0,0.0
16670,2021-09,0,0.0
16670,2021-10,0,0.0
16670,2021-11,0,0.0
16670,2021-12,0,0.0
16671,2021-01,0,0.0
16671,2021-02,0,0.0
16671,2021-03,0,0.0
16671,2021-04,0,0.0
16671,2021-05,0,0.0
16671,2021-06,0,0.0
16671,2021-07,0,0.0
16671,2021-08,0,0.0
16671,2021-09,0,0.0
16671,2021-10,0,0.0
16671,2021-11,0,0.0
16671,2021-12,0,0.0
16672,2021-01,0,0.0
16672,2021-02,0,0.0
16672,2021-03,0,0.0
16672,2021-04,0,0.0
16672,2021-05,0,0.0
16672,2021-06,0,0.0
16672,2021-07,0,0.0
16672,2021-08,0,0.0
16672,2021-09,0,0.0
16672,2021-10,0,0.0
16672,2021-11,0,0.0
16672,2021-12,0,0.0
16673,2021-01,0,0.0
16673,2021-02,0,0.0
16673,2021-03,0,0.0
16673,2021-04,0,0.0
16673,2021-05,0,0.0
16673,2021-06,0,0.0
16673,2021-07,0,0.0
16673,2021-08,0,0.0
16673,2021-09,0,0.0
16673,2021-10,0,0.0
16673,2021-11,0,0.0
16673,2021-12,0,0.0
16674,2021-01,0,0.0
16674,2021-02,0,0.0
16674,2021-03,0,0.0
16674,2021-04,0,0.0
16674,2021-05,0,0.0
16674,2021-06,0,0.0
16674,2021-07,0,0.0
16674,2021-08,0,0.0
16674,2021-09,0,0.0
16674,2021-10,0,0.0
16674,2021-11,0,0.0
16674,2021-12,0,0.0
16675,2021-01,0,0.0
16675,2021-02,0,0.0
16675,2021-03,0,0.0
16675,2021-04,0,0.0
16675,2021-05,0,0.0
16675,2021-06,0,0.0
16675,2021-07,0,0.0
16675,2021-08,0,0.0
16675,2021-09,0,0.0
16675,2021-10,0,0.0
16675,2021-11,0,0.0
16675,2021-12,0,0.0
16677,2021-01,0,0.0
16677,2021-02,0,0.0
16677,2021-03,0,0.0
16677,2021-04,0,0.0
16677,2021-05,0,0.0
16677,2021-06,0,0.0
16677,2021-07,0,0.0
16677,2021-08,0,0.0
16677,2021-09,0,0.0
16677,2021-10,0,0.0
16677,2021-11,0,0.0
16677,2021-12,0,0.0
16678,2021-01,0,0.0
16678,2021-02,0,0.0
16678,2021-03,0,0.0
16678,2021-04,0,0.0
16678,2021-05,0,0.0
16678,2021-06,0,0.0
16678,2021-07,0,0.0
16678,2021-08,0,0.0
16678,2021-09,0,0.0
16678,2021-10,0,0.0
16678,2021-11,0,0.0
16678,2021-12,0,0.0
16679,2021-01,0,0.0
16679,2021-02,0,0.0
16679,2021-03,0,0.0
16679,2021-04,0,0.0
16679,2021-05,0,0.0
16679,2021-06,0,0.0
16679,2021-07,0,0.0
16679,2021-08,0,0.0
16679,2021-09,0,0.0
16679,2021-10,0,0.0
16679,2021-11,0,0.0
16679,2021-12,0,0.0
16680,2021-01,0,0.0
16680,2021-02,0,0.0
16680,2021-03,0,0.0
16680,2021-04,0,0.0
16680,2021-05,0,0.0
16680,2021-06,0,0.0
16680,2021-07,0,0.0
16680,2021-08,0,0.0
16680,2021-09,0,0.0
16680,2021-10,0,0.0
16680,2021-11,0,0.0
16680,2021-12,0,0.0
16682,2021-01,0,0.0
16682,2021-02,0,0.0
16682,2021-03,0,0.0
16682,2021-04,0,0.0
16682,2021-05,0,0.0
16682,2021-06,0,0.0
16682,2021-07,0,0.0
16682,2021-08,0,0.0
16682,2021-09,0,0.0
16682,2021-10,0,0.0
16682,2021-11,0,0.0
16682,2021-12,0,0.0
16683,2021-01,0,0.0
16683,2021-02,0,0.0
16683,2021-03,0,0.0
16683,2021-04,0,0.0
16683,2021-05,0,0.0
16683,2021-06,0,0.0
16683,2021-07,0,0.0
16683,2021-08,0,0.0
16683,2021-09,0,0.0
16683,2021-10,0,0.0
16683,2021-11,0,0.0
16683,2021-12,0,0.0
16684,2021-01,0,0.0
16684,2021-02,0,0.0
16684,2021-03,0,0.0
16684,2021-04,0,0.0
16684,2021-05,0,0.0
16684,2021-06,0,0.0
16684,2021-07,0,0.0
16684,2021-08,0,0.0
16684,2021-09,0,0.0
16684,2021-10,0,0.0
16684,2021-11,0,0.0
16684,2021-12,0,0.0
16685,2021-01,0,0.0
16685,2021-02,0,0.0
16685,2021-03,0,0.0
16685,2021-04,0,0.0
16685,2021-05,0,0.0
16685,2021-06,0,0.0
16685,2021-07,0,0.0
16685,2021-08,0,0.0
16685,2021-09,0,0.0
16685,2021-10,0,0.0
16685,2021-11,0,0.0
16685,2021-12,0,0.0
16686,2021-01,0,0.0
16686,2021-02,0,0.0
16686,2021-03,0,0.0
16686,2021-04,0,0.0
16686,2021-05,0,0.0
16686,2021-06,0,0.0
16686,2021-07,0,0.0
16686,2021-08,0,0.0
16686,2021-09,0,0.0
16686,2021-10,0,0.0
16686,2021-11,0,0.0
16686,2021-12,0,0.0
16689,2021-01,0,0.0
16689,2021-02,0,0.0
16689,2021-03,0,0.0
16689,2021-04,0,0.0
16689,2021-05,0,0.0
16689,2021-06,0,0.0
16689,2021-07,0,0.0
16689,2021-08,0,0.0
16689,2021-09,0,0.0
16689,2021-10,0,0.0
16689,2021-11,0,0.0
16689,2021-12,0,0.0
16691,2021-01,0,0.0
16691,2021-02,0,0.0
16691,2021-03,0,0.0
16691,2021-04,0,0.0
16691,2021-05,0,0.0
16691,2021-06,0,0.0
16691,2021-07,0,0.0
16691,2021-08,0,0.0
16691,2021-09,0,0.0
16691,2021-10,0,0.0
16691,2021-11,0,0.0
16691,2021-12,0,0.0
16692,2021-01,0,0.0
16692,2021-02,0,0.0
16692,2021-03,0,0.0
16692,2021-04,0,0.0
16692,2021-05,0,0.0
16692,2021-06,0,0.0
16692,2021-07,0,0.0
16692,2021-08,0,0.0
16692,2021-09,0,0.0
16692,2021-10,0,0.0
16692,2021-11,0,0.0
16692,2021-12,0,0.0
16693,2021-01,0,0.0
16693,2021-02,0,0.0
16693,2021-03,0,0.0
16693,2021-04,0,0.0
16693,2021-05,0,0.0
16693,2021-06,0,0.0
16693,2021-07,0,0.0
16693,2021-08,0,0.0
16693,2021-09,0,0.0
16693,2021-10,0,0.0
16693,2021-11,0,0.0
16693,2021-12,0,0.0
16694,2021-01,0,0.0
16694,2021-02,0,0.0
16694,2021-03,0,0.0
16694,2021-04,0,0.0
16694,2021-05,0,0.0
16694,2021-06,0,0.0
16694,2021-07,0,0.0
16694,2021-08,0,0.0
16694,2021-09,0,0.0
16694,2021-10,0,0.0
16694,2021-11,0,0.0
16694,2021-12,0,0.0
16695,2021-01,0,0.0
16695,2021-02,0,0.0
16695,2021-03,0,0.0
16695,2021-04,0,0.0
16695,2021-05,0,0.0
16695,2021-06,0,0.0
16695,2021-07,0,0.0
16695,2021-08,0,0.0
16695,2021-09,0,0.0
16695,2021-10,0,0.0
16695,2021-11,0,0.0
16695,2021-12,0,0.0
16699,2021-01,0,0.0
16699,2021-02,0,0.0
16699,2021-03,0,0.0
16699,2021-04,0,0.0
16699,2021-05,0,0.0
16699,2021-06,0,0.0
16699,2021-07,0,0.0
16699,2021-08,0,0.0
16699,2021-09,0,0.0
16699,2021-10,0,0.0
16699,2021-11,0,0.0
16699,2021-12,0,0.0
16701,2021-01,0,0.0
16701,2021-02,0,0.0
16701,2021-03,0,0.0
16701,2021-04,0,0.0
16701,2021-05,0,0.0
16701,2021-06,0,0.0
16701,2021-07,0,0.0
16701,2021-08,0,0.0
16701,2021-09,0,0.0
16701,2021-10,0,0.0
16701,2021-11,0,0.0
16701,2021-12,0,0.0
16720,2021-01,0,0.0
16720,2021-02,0,0.0
16720,2021-03,0,0.0
16720,2021-04,0,0.0
16720,2021-05,0,0.0
16720,2021-06,0,0.0
16720,2021-07,0,0.0
16720,2021-08,0,0.0
16720,2021-09,0,0.0
16720,2021-10,0,0.0
16720,2021-11,0,0.0
16720,2021-12,0,0.0
16724,2021-01,0,0.0
16724,2021-02,0,0.0
16724,2021-03,0,0.0
16724,2021-04,0,0.0
16724,2021-05,0,0.0
16724,2021-06,0,0.0
16724,2021-07,0,0.0
16724,2021-08,0,0.0
16724,2021-09,0,0.0
16724,2021-10,0,0.0
16724,2021-11,0,0.0
16724,2021-12,0,0.0
16725,2021-01,0,0.0
16725,2021-02,0,0.0
16725,2021-03,0,0.0
16725,2021-04,0,0.0
16725,2021-05,0,0.0
16725,2021-06,0,0.0
16725,2021-07,0,0.0
16725,2021-08,0,0.0
16725,2021-09,0,0.0
16725,2021-10,0,0.0
16725,2021-11,0,0.0
16725,2021-12,0,0.0
16726,2021-01,0,0.0
16726,2021-02,0,0.0
16726,2021-03,0,0.0
16726,2021-04,0,0.0
16726,2021-05,0,0.0
16726,2021-06,0,0.0
16726,2021-07,0,0.0
16726,2021-08,0,0.0
16726,2021-09,0,0.0
16726,2021-10,0,0.0
16726,2021-11,0,0.0
16726,2021-12,0,0.0
16727,2021-01,0,0.0
16727,2021-02,0,0.0
16727,2021-03,0,0.0
16727,2021-04,0,0.0
16727,2021-05,0,0.0
16727,2021-06,0,0.0
16727,2021-07,0,0.0
16727,2021-08,0,0.0
16727,2021-09,0,0.0
16727,2021-10,0,0.0
16727,2021-11,0,0.0
16727,2021-12,0,0.0
16729,2021-01,0,0.0
16729,2021-02,0,0.0
16729,2021-03,0,0.0
16729,2021-04,0,0.0
16729,2021-05,0,0.0
16729,2021-06,0,0.0
16729,2021-07,0,0.0
16729,2021-08,0,0.0
16729,2021-09,0,0.0
16729,2021-10,0,0.0
16729,2021-11,0,0.0
16729,2021-12,0,0.0
16730,2021-01,0,0.0
16730,2021-02,0,0.0
16730,2021-03,0,0.0
16730,2021-04,0,0.0
16730,2021-05,0,0.0
16730,2021-06,0,0.0
16730,2021-07,0,0.0
16730,2021-08,0,0.0
16730,2021-09,0,0.0
16730,2021-10,0,0.0
16730,2021-11,0,0.0
16730,2021-12,0,0.0
16731,2021-01,0,0.0
16731,2021-02,0,0.0
16731,2021-03,0,0.0
16731,2021-04,0,0.0
16731,2021-05,0,0.0
16731,2021-06,0,0.0
16731,2021-07,0,0.0
16731,2021-08,0,0.0
16731,2021-09,0,0.0
16731,2021-10,0,0.0
16731,2021-11,0,0.0
16731,2021-12,0,0.0
16732,2021-01,0,0.0
16732,2021-02,0,0.0
16732,2021-03,0,0.0
16732,2021-04,0,0.0
16732,2021-05,0,0.0
16732,2021-06,0,0.0
16732,2021-07,0,0.0
16732,2021-08,0,0.0
16732,2021-09,0,0.0
16732,2021-10,0,0.0
16732,2021-11,0,0.0
16732,2021-12,0,0.0
16733,2021-01,0,0.0
16733,2021-02,0,0.0
16733,2021-03,0,0.0
16733,2021-04,0,0.0
16733,2021-05,0,0.0
16733,2021-06,0,0.0
16733,2021-07,0,0.0
16733,2021-08,0,0.0
16733,2021-09,0,0.0
16733,2021-10,0,0.0
16733,2021-11,0,0.0
16733,2021-12,0,0.0
16734,2021-01,0,0.0
16734,2021-02,0,0.0
16734,2021-03,0,0.0
16734,2021-04,0,0.0
16734,2021-05,0,0.0
16734,2021-06,0,0.0
16734,2021-07,0,0.0
16734,2021-08,0,0.0
16734,2021-09,0,0.0
16734,2021-10,0,0.0
16734,2021-11,0,0.0
16734,2021-12,0,0.0
16735,2021-01,0,0.0
16735,2021-02,0,0.0
16735,2021-03,0,0.0
16735,2021-04,0,0.0
16735,2021-05,0,0.0
16735,2021-06,0,0.0
16735,2021-07,0,0.0
16735,2021-08,0,0.0
16735,2021-09,0,0.0
16735,2021-10,0,0.0
16735,2021-11,0,0.0
16735,2021-12,0,0.0
16738,2021-01,0,0.0
16738,2021-02,0,0.0
16738,2021-03,0,0.0
16738,2021-04,0,0.0
16738,2021-05,0,0.0
16738,2021-06,0,0.0
16738,2021-07,0,0.0
16738,2021-08,0,0.0
16738,2021-09,0,0.0
16738,2021-10,0,0.0
16738,2021-11,0,0.0
16738,2021-12,0,0.0
16740,2021-01,0,0.0
16740,2021-02,0,0.0
16740,2021-03,0,0.0
16740,2021-04,0,0.0
16740,2021-05,0,0.0
16740,2021-06,0,0.0
16740,2021-07,0,0.0
16740,2021-08,0,0.0
16740,2021-09,0,0.0
16740,2021-10,0,0.0
16740,2021-11,0,0.0
16740,2021-12,0,0.0
16743,2021-01,0,0.0
16743,2021-02,0,0.0
16743,2021-03,0,0.0
16743,2021-04,0,0.0
16743,2021-05,0,0.0
16743,2021-06,0,0.0
16743,2021-07,0,0.0
16743,2021-08,0,0.0
16743,2021-09,0,0.0
16743,2021-10,0,0.0
16743,2021-11,0,0.0
16743,2021-12,0,0.0
16744,2021-01,0,0.0
16744,2021-02,0,0.0
16744,2021-03,0,0.0
16744,2021-04,0,0.0
16744,2021-05,0,0.0
16744,2021-06,0,0.0
16744,2021-07,0,0.0
16744,2021-08,0,0.0
16744,2021-09,0,0.0
16744,2021-10,0,0.0
16744,2021-11,0,0.0
16744,2021-12,0,0.0
16745,2021-01,0,0.0
16745,2021-02,0,0.0
16745,2021-03,0,0.0
16745,2021-04,0,0.0
16745,2021-05,0,0.0
16745,2021-06,0,0.0
16745,2021-07,0,0.0
16745,2021-08,0,0.0
16745,2021-09,0,0.0
16745,2021-10,0,0.0
16745,2021-11,0,0.0
16745,2021-12,0,0.0
16746,2021-01,0,0.0
16746,2021-02,0,0.0
16746,2021-03,0,0.0
16746,2021-04,0,0.0
16746,2021-05,0,0.0
16746,2021-06,0,0.0
16746,2021-07,0,0.0
16746,2021-08,0,0.0
16746,2021-09,0,0.0
16746,2021-10,0,0.0
16746,2021-11,0,0.0
16746,2021-12,0,0.0
16748,2021-01,0,0.0
16748,2021-02,0,0.0
16748,2021-03,0,0.0
16748,2021-04,0,0.0
16748,2021-05,0,0.0
16748,2021-06,0,0.0
16748,2021-07,0,0.0
16748,2021-08,0,0.0
16748,2021-09,0,0.0
16748,2021-10,0,0.0
16748,2021-11,0,0.0
16748,2021-12,0,0.0
16749,2021-01,0,0.0
16749,2021-02,0,0.0
16749,2021-03,0,0.0
16749,2021-04,0,0.0
16749,2021-05,0,0.0
16749,2021-06,0,0.0
16749,2021-07,0,0.0
16749,2021-08,0,0.0
16749,2021-09,0,0.0
16749,2021-10,0,0.0
16749,2021-11,0,0.0
16749,2021-12,0,0.0
16750,2021-01,0,0.0
16750,2021-02,0,0.0
16750,2021-03,0,0.0
16750,2021-04,0,0.0
16750,2021-05,0,0.0
16750,2021-06,0,0.0
16750,2021-07,0,0.0
16750,2021-08,0,0.0
16750,2021-09,0,0.0
16750,2021-10,0,0.0
16750,2021-11,0,0.0
16750,2021-12,0,0.0
16802,2021-01,0,0.0
16802,2021-02,0,0.0
16802,2021-03,0,0.0
16802,2021-04,0,0.0
16802,2021-05,0,0.0
16802,2021-06,0,0.0
16802,2021-07,0,0.0
16802,2021-08,0,0.0
16802,2021-09,0,0.0
16802,2021-10,0,0.0
16802,2021-11,0,0.0
16802,2021-12,0,0.0
16803,2021-01,0,0.0
16803,2021-02,0,0.0
16803,2021-03,0,0.0
16803,2021-04,0,0.0
16803,2021-05,0,0.0
16803,2021-06,0,0.0
16803,2021-07,0,0.0
16803,2021-08,0,0.0
16803,2021-09,0,0.0
16803,2021-10,0,0.0
16803,2021-11,0,0.0
16803,2021-12,0,0.0
16820,2021-01,0,0.0
16820,2021-02,0,0.0
16820,2021-03,0,0.0
16820,2021-04,0,0.0
16820,2021-05,0,0.0
16820,2021-06,0,0.0
16820,2021-07,0,0.0
16820,2021-08,0,0.0
16820,2021-09,0,0.0
16820,2021-10,0,0.0
16820,2021-11,0,0.0
16820,2021-12,0,0.0
16821,2021-01,0,0.0
16821,2021-02,0,0.0
16821,2021-03,0,0.0
16821,2021-04,0,0.0
16821,2021-05,0,0.0
16821,2021-06,0,0.0
16821,2021-07,0,0.0
16821,2021-08,0,0.0
16821,2021-09,0,0.0
16821,2021-10,0,0.0
16821,2021-11,0,0.0
16821,2021-12,0,0.0
16822,2021-01,0,0.0
16822,2021-02,0,0.0
16822,2021-03,0,0.0
16822,2021-04,0,0.0
16822,2021-05,0,0.0
16822,2021-06,0,0.0
16822,2021-07,0,0.0
16822,2021-08,0,0.0
16822,2021-09,0,0.0
16822,2021-10,0,0.0
16822,2021-11,0,0.0
16822,2021-12,0,0.0
16825,2021-01,0,0.0
16825,2021-02,0,0.0
16825,2021-03,0,0.0
16825,2021-04,0,0.0
16825,2021-05,0,0.0
16825,2021-06,0,0.0
16825,2021-07,0,0.0
16825,2021-08,0,0.0
16825,2021-09,0,0.0
16825,2021-10,0,0.0
16825,2021-11,0,0.0
16825,2021-12,0,0.0
16826,2021-01,0,0.0
16826,2021-02,0,0.0
16826,2021-03,0,0.0
16826,2021-04,0,0.0
16826,2021-05,0,0.0
16826,2021-06,0,0.0
16826,2021-07,0,0.0
16826,2021-08,0,0.0
16826,2021-09,0,0.0
16826,2021-10,0,0.0
16826,2021-11,0,0.0
16826,2021-12,0,0.0
16827,2021-01,0,0.0
16827,2021-02,0,0.0
16827,2021-03,0,0.0
16827,2021-04,0,0.0
16827,2021-05,0,0.0
16827,2021-06,0,0.0
16827,2021-07,0,0.0
16827,2021-08,0,0.0
16827,2021-09,0,0.0
16827,2021-10,0,0.0
16827,2021-11,0,0.0
16827,2021-12,0,0.0
16828,2021-01,0,0.0
16828,2021-02,0,0.0
16828,2021-03,0,0.0
16828,2021-04,0,0.0
16828,2021-05,0,0.0
16828,2021-06,0,0.0
16828,2021-07,0,0.0
16828,2021-08,0,0.0
16828,2021-09,0,0.0
16828,2021-10,0,0.0
16828,2021-11,0,0.0
16828,2021-12,0,0.0
16829,2021-01,0,0.0
16829,2021-02,0,0.0
16829,2021-03,0,0.0
16829,2021-04,0,0.0
16829,2021-05,0,0.0
16829,2021-06,0,0.0
16829,2021-07,0,0.0
16829,2021-08,0,0.0
16829,2021-09,0,0.0
16829,2021-10,0,0.0
16829,2021-11,0,0.0
16829,2021-12,0,0.0
16830,2021-01,0,0.0
16830,2021-02,0,0.0
16830,2021-03,0,0.0
16830,2021-04,0,0.0
16830,2021-05,0,0.0
16830,2021-06,0,0.0
16830,2021-07,0,0.0
16830,2021-08,0,0.0
16830,2021-09,0,0.0
16830,2021-10,0,0.0
16830,2021-11,0,0.0
16830,2021-12,0,0.0
16832,2021-01,0,0.0
16832,2021-02,0,0.0
16832,2021-03,0,0.0
16832,2021-04,0,0.0
16832,2021-05,0,0.0
16832,2021-06,0,0.0
16832,2021-07,0,0.0
16832,2021-08,0,0.0
16832,2021-09,0,0.0
16832,2021-10,0,0.0
16832,2021-11,0,0.0
16832,2021-12,0,0.0
16833,2021-01,0,0.0
16833,2021-02,0,0.0
16833,2021-03,0,0.0
16833,2021-04,0,0.0
16833,2021-05,0,0.0
16833,2021-06,0,0.0
16833,2021-07,0,0.0
16833,2021-08,0,0.0
16833,2021-09,0,0.0
16833,2021-10,0,0.0
16833,2021-11,0,0.0
16833,2021-12,0,0.0
16834,2021-01,0,0.0
16834,2021-02,0,0.0
16834,2021-03,0,0.0
16834,2021-04,0,0.0
16834,2021-05,0,0.0
16834,2021-06,0,0.0
16834,2021-07,0,0.0
16834,2021-08,0,0.0
16834,2021-09,0,0.0
16834,2021-10,0,0.0
16834,2021-11,0,0.0
16834,2021-12,0,0.0
16835,2021-01,0,0.0
16835,2021-02,0,0.0
16835,2021-03,0,0.0
16835,2021-04,0,0.0
16835,2021-05,0,0.0
16835,2021-06,0,0.0
16835,2021-07,0,0.0
16835,2021-08,0,0.0
16835,2021-09,0,0.0
16835,2021-10,0,0.0
16835,2021-11,0,0.0
16835,2021-12,0,0.0
16836,2021-01,0,0.0
16836,2021-02,0,0.0
16836,2021-03,0,0.0
16836,2021-04,0,0.0
16836,2021-05,0,0.0
16836,2021-06,0,0.0
16836,2021-07,0,0.0
16836,2021-08,0,0.0
16836,2021-09,0,0.0
16836,2021-10,0,0.0
16836,2021-11,0,0.0
16836,2021-12,0,0.0
16837,2021-01,0,0.0
16837,2021-02,0,0.0
16837,2021-03,0,0.0
16837,2021-04,0,0.0
16837,2021-05,0,0.0
16837,2021-06,0,0.0
16837,2021-07,0,0.0
16837,2021-08,0,0.0
16837,2021-09,0,0.0
16837,2021-10,0,0.0
16837,2021-11,0,0.0
16837,2021-12,0,0.0
16838,2021-01,0,0.0
16838,2021-02,0,0.0
16838,2021-03,0,0.0
16838,2021-04,0,0.0
16838,2021-05,0,0.0
16838,2021-06,0,0.0
16838,2021-07,0,0.0
16838,2021-08,0,0.0
16838,2021-09,0,0.0
16838,2021-10,0,0.0
16838,2021-11,0,0.0
16838,2021-12,0,0.0
16839,2021-01,0,0.0
16839,2021-02,0,0.0
16839,2021-03,0,0.0
16839,2021-04,0,0.0
16839,2021-05,0,0.0
16839,2021-06,0,0.0
16839,2021-07,0,0.0
16839,2021-08,0,0.0
16839,2021-09,0,0.0
16839,2021-10,0,0.0
16839,2021-11,0,0.0
16839,2021-12,0,0.0
16840,2021-01,0,0.0
16840,2021-02,0,0.0
16840,2021-03,0,0.0
16840,2021-04,0,0.0
16840,2021-05,0,0.0
16840,2021-06,0,0.0
16840,2021-07,0,0.0
16840,2021-08,0,0.0
16840,2021-09,0,0.0
16840,2021-10,0,0.0
16840,2021-11,0,0.0
16840,2021-12,0,0.0
16841,2021-01,0,0.0
16841,2021-02,0,0.0
16841,2021-03,0,0.0
16841,2021-04,0,0.0
16841,2021-05,0,0.0
16841,2021-06,0,0.0
16841,2021-07,0,0.0
16841,2021-08,0,0.0
16841,2021-09,0,0.0
16841,2021-10,0,0.0
16841,2021-11,0,0.0
16841,2021-12,0,0.0
16843,2021-01,0,0.0
16843,2021-02,0,0.0
16843,2021-03,0,0.0
16843,2021-04,0,0.0
16843,2021-05,0,0.0
16843,2021-06,0,0.0
16843,2021-07,0,0.0
16843,2021-08,0,0.0
16843,2021-09,0,0.0
16843,2021-10,0,0.0
16843,2021-11,0,0.0
16843,2021-12,0,0.0
16844,2021-01,0,0.0
16844,2021-02,0,0.0
16844,2021-03,0,0.0
16844,2021-04,0,0.0
16844,2021-05,0,0.0
16844,2021-06,0,0.0
16844,2021-07,0,0.0
16844,2021-08,0,0.0
16844,2021-09,0,0.0
16844,2021-10,0,0.0
16844,2021-11,0,0.0
16844,2021-12,0,0.0
16845,2021-01,0,0.0
16845,2021-02,0,0.0
16845,2021-03,0,0.0
16845,2021-04,0,0.0
16845,2021-05,0,0.0
16845,2021-06,0,0.0
16845,2021-07,0,0.0
16845,2021-08,0,0.0
16845,2021-09,0,0.0
16845,2021-10,0,0.0
16845,2021-11,0,0.0
16845,2021-12,0,0.0
16847,2021-01,0,0.0
16847,2021-02,0,0.0
16847,2021-03,0,0.0
16847,2021-04,0,0.0
16847,2021-05,0,0.0
16847,2021-06,0,0.0
16847,2021-07,0,0.0
16847,2021-08,0,0.0
16847,2021-09,0,0.0
16847,2021-10,0,0.0
16847,2021-11,0,0.0
16847,2021-12,0,0.0
16848,2021-01,0,0.0
16848,2021-02,0,0.0
16848,2021-03,0,0.0
16848,2021-04,0,0.0
16848,2021-05,0,0.0
16848,2021-06,0,0.0
16848,2021-07,0,0.0
16848,2021-08,0,0.0
16848,2021-09,0,0.0
16848,2021-10,0,0.0
16848,2021-11,0,0.0
16848,2021-12,0,0.0
16849,2021-01,0,0.0
16849,2021-02,0,0.0
16849,2021-03,0,0.0
16849,2021-04,0,0.0
16849,2021-05,0,0.0
16849,2021-06,0,0.0
16849,2021-07,0,0.0
16849,2021-08,0,0.0
16849,2021-09,0,0.0
16849,2021-10,0,0.0
16849,2021-11,0,0.0
16849,2021-12,0,0.0
16851,2021-01,0,0.0
16851,2021-02,0,0.0
16851,2021-03,0,0.0
16851,2021-04,0,0.0
16851,2021-05,0,0.0
16851,2021-06,0,0.0
16851,2021-07,0,0.0
16851,2021-08,0,0.0
16851,2021-09,0,0.0
16851,2021-10,0,0.0
16851,2021-11,0,0.0
16851,2021-12,0,0.0
16852,2021-01,0,0.0
16852,2021-02,0,0.0
16852,2021-03,0,0.0
16852,2021-04,0,0.0
16852,2021-05,0,0.0
16852,2021-06,0,0.0
16852,2021-07,0,0.0
16852,2021-08,0,0.0
16852,2021-09,0,0.0
16852,2021-10,0,0.0
16852,2021-11,0,0.0
16852,2021-12,0,0.0
16853,2021-01,0,0.0
16853,2021-02,0,0.0
16853,2021-03,0,0.0
16853,2021-04,0,0.0
16853,2021-05,0,0.0
16853,2021-06,0,0.0
16853,2021-07,0,0.0
16853,2021-08,0,0.0
16853,2021-09,0,0.0
16853,2021-10,0,0.0
16853,2021-11,0,0.0
16853,2021-12,0,0.0
16854,2021-01,0,0.0
16854,2021-02,0,0.0
16854,2021-03,0,0.0
16854,2021-04,0,0.0
16854,2021-05,0,0.0
16854,2021-06,0,0.0
16854,2021-07,0,0.0
16854,2021-08,0,0.0
16854,2021-09,0,0.0
16854,2021-10,0,0.0
16854,2021-11,0,0.0
16854,2021-12,0,0.0
16855,2021-01,0,0.0
16855,2021-02,0,0.0
16855,2021-03,0,0.0
16855,2021-04,0,0.0
16855,2021-05,0,0.0
16855,2021-06,0,0.0
16855,2021-07,0,0.0
16855,2021-08,0,0.0
16855,2021-09,0,0.0
16855,2021-10,0,0.0
16855,2021-11,0,0.0
16855,2021-12,0,0.0
16856,2021-01,0,0.0
16856,2021-02,0,0.0
16856,2021-03,0,0.0
16856,2021-04,0,0.0
16856,2021-05,0,0.0
16856,2021-06,0,0.0
16856,2021-07,0,0.0
16856,2021-08,0,0.0
16856,2021-09,0,0.0
16856,2021-10,0,0.0
16856,2021-11,0,0.0
16856,2021-12,0,0.0
16858,2021-01,0,0.0
16858,2021-02,0,0.0
16858,2021-03,0,0.0
16858,2021-04,0,0.0
16858,2021-05,0,0.0
16858,2021-06,0,0.0
16858,2021-07,0,0.0
16858,2021-08,0,0.0
16858,2021-09,0,0.0
16858,2021-10,0,0.0
16858,2021-11,0,0.0
16858,2021-12,0,0.0
16859,2021-01,0,0.0
16859,2021-02,0,0.0
16859,2021-03,0,0.0
16859,2021-04,0,0.0
16859,2021-05,0,0.0
16859,2021-06,0,0.0
16859,2021-07,0,0.0
16859,2021-08,0,0.0
16859,2021-09,0,0.0
16859,2021-10,0,0.0
16859,2021-11,0,0.0
16859,2021-12,0,0.0
16860,2021-01,0,0.0
16860,2021-02,0,0.0
16860,2021-03,0,0.0
16860,2021-04,0,0.0
16860,2021-05,0,0.0
16860,2021-06,0,0.0
16860,2021-07,0,0.0
16860,2021-08,0,0.0
16860,2021-09,0,0.0
16860,2021-10,0,0.0
16860,2021-11,0,0.0
16860,2021-12,0,0.0
16861,2021-01,0,0.0
16861,2021-02,0,0.0
16861,2021-03,0,0.0
16861,2021-04,0,0.0
16861,2021-05,0,0.0
16861,2021-06,0,0.0
16861,2021-07,0,0.0
16861,2021-08,0,0.0
16861,2021-09,0,0.0
16861,2021-10,0,0.0
16861,2021-11,0,0.0
16861,2021-12,0,0.0
16863,2021-01,0,0.0
16863,2021-02,0,0.0
16863,2021-03,0,0.0
16863,2021-04,0,0.0
16863,2021-05,0,0.0
16863,2021-06,0,0.0
16863,2021-07,0,0.0
16863,2021-08,0,0.0
16863,2021-09,0,0.0
16863,2021-10,0,0.0
16863,2021-11,0,0.0
16863,2021-12,0,0.0
16864,2021-01,0,0.0
16864,2021-02,0,0.0
16864,2021-03,0,0.0
16864,2021-04,0,0.0
16864,2021-05,0,0.0
16864,2021-06,0,0.0
16864,2021-07,0,0.0
16864,2021-08,0,0.0
16864,2021-09,0,0.0
16864,2021-10,0,0.0
16864,2021-11,0,0.0
16864,2021-12,0,0.0
16865,2021-01,0,0.0
16865,2021-02,0,0.0
16865,2021-03,0,0.0
16865,2021-04,0,0.0
16865,2021-05,0,0.0
16865,2021-06,0,0.0
16865,2021-07,0,0.0
16865,2021-08,0,0.0
16865,2021-09,0,0.0
16865,2021-10,0,0.0
16865,2021-11,0,0.0
16865,2021-12,0,0.0
16866,2021-01,0,0.0
16866,2021-02,0,0.0
16866,2021-03,0,0.0
16866,2021-04,0,0.0
16866,2021-05,0,0.0
16866,2021-06,0,0.0
16866,2021-07,0,0.0
16866,2021-08,0,0.0
16866,2021-09,0,0.0
16866,2021-10,0,0.0
16866,2021-11,0,0.0
16866,2021-12,0,0.0
16868,2021-01,0,0.0
16868,2021-02,0,0.0
16868,2021-03,0,0.0
16868,2021-04,0,0.0
16868,2021-05,0,0.0
16868,2021-06,0,0.0
16868,2021-07,0,0.0
16868,2021-08,0,0.0
16868,2021-09,0,0.0
16868,2021-10,0,0.0
16868,2021-11,0,0.0
16868,2021-12,0,0.0
16870,2021-01,0,0.0
16870,2021-02,0,0.0
16870,2021-03,0,0.0
16870,2021-04,0,0.0
16870,2021-05,0,0.0
16870,2021-06,0,0.0
16870,2021-07,0,0.0
16870,2021-08,0,0.0
16870,2021-09,0,0.0
16870,2021-10,0,0.0
16870,2021-11,0,0.0
16870,2021-12,0,0.0
16871,2021-01,0,0.0
16871,2021-02,0,0.0
16871,2021-03,0,0.0
16871,2021-04,0,0.0
16871,2021-05,0,0.0
16871,2021-06,0,0.0
16871,2021-07,0,0.0
16871,2021-08,0,0.0
16871,2021-09,0,0.0
16871,2021-10,0,0.0
16871,2021-11,0,0.0
16871,2021-12,0,0.0
16872,2021-01,0,0.0
16872,2021-02,0,0.0
16872,2021-03,0,0.0
16872,2021-04,0,0.0
16872,2021-05,0,0.0
16872,2021-06,0,0.0
16872,2021-07,0,0.0
16872,2021-08,0,0.0
16872,2021-09,0,0.0
16872,2021-10,0,0.0
16872,2021-11,0,0.0
16872,2021-12,0,0.0
16874,2021-01,0,0.0
16874,2021-02,0,0.0
16874,2021-03,0,0.0
16874,2021-04,0,0.0
16874,2021-05,0,0.0
16874,2021-06,0,0.0
16874,2021-07,0,0.0
16874,2021-08,0,0.0
16874,2021-09,0,0.0
16874,2021-10,0,0.0
16874,2021-11,0,0.0
16874,2021-12,0,0.0
16875,2021-01,0,0.0
16875,2021-02,0,0.0
16875,2021-03,0,0.0
16875,2021-04,0,0.0
16875,2021-05,0,0.0
16875,2021-06,0,0.0
16875,2021-07,0,0.0
16875,2021-08,0,0.0
16875,2021-09,0,0.0
16875,2021-10,0,0.0
16875,2021-11,0,0.0
16875,2021-12,0,0.0
16876,2021-01,0,0.0
16876,2021-02,0,0.0
16876,2021-03,0,0.0
16876,2021-04,0,0.0
16876,2021-05,0,0.0
16876,2021-06,0,0.0
16876,2021-07,0,0.0
16876,2021-08,0,0.0
16876,2021-09,0,0.0
16876,2021-10,0,0.0
16876,2021-11,0,0.0
16876,2021-12,0,0.0
16877,2021-01,0,0.0
16877,2021-02,0,0.0
16877,2021-03,0,0.0
16877,2021-04,0,0.0
16877,2021-05,0,0.0
16877,2021-06,0,0.0
16877,2021-07,0,0.0
16877,2021-08,0,0.0
16877,2021-09,0,0.0
16877,2021-10,0,0.0
16877,2021-11,0,0.0
16877,2021-12,0,0.0
16878,2021-01,0,0.0
16878,2021-02,0,0.0
16878,2021-03,0,0.0
16878,2021-04,0,0.0
16878,2021-05,0,0.0
16878,2021-06,0,0.0
16878,2021-07,0,0.0
16878,2021-08,0,0.0
16878,2021-09,0,0.0
16878,2021-10,0,0.0
16878,2021-11,0,0.0
16878,2021-12,0,0.0
16879,2021-01,0,0.0
16879,2021-02,0,0.0
16879,2021-03,0,0.0
16879,2021-04,0,0.0
16879,2021-05,0,0.0
16879,2021-06,0,0.0
16879,2021-07,0,0.0
16879,2021-08,0,0.0
16879,2021-09,0,0.0
16879,2021-10,0,0.0
16879,2021-11,0,0.0
16879,2021-12,0,0.0
16881,2021-01,0,0.0
16881,2021-02,0,0.0
16881,2021-03,0,0.0
16881,2021-04,0,0.0
16881,2021-05,0,0.0
16881,2021-06,0,0.0
16881,2021-07,0,0.0
16881,2021-08,0,0.0
16881,2021-09,0,0.0
16881,2021-10,0,0.0
16881,2021-11,0,0.0
16881,2021-12,0,0.0
16882,2021-01,0,0.0
16882,2021-02,0,0.0
16882,2021-03,0,0.0
16882,2021-04,0,0.0
16882,2021-05,0,0.0
16882,2021-06,0,0.0
16882,2021-07,0,0.0
16882,2021-08,0,0.0
16882,2021-09,0,0.0
16882,2021-10,0,0.0
16882,2021-11,0,0.0
16882,2021-12,0,0.0
16901,2021-01,0,0.0
16901,2021-02,0,0.0
16901,2021-03,0,0.0
16901,2021-04,0,0.0
16901,2021-05,0,0.0
16901,2021-06,0,0.0
16901,2021-07,0,0.0
16901,2021-08,0,0.0
16901,2021-09,0,0.0
16901,2021-10,0,0.0
16901,2021-11,0,0.0
16901,2021-12,0,0.0
16910,2021-01,0,0.0
16910,2021-02,0,0.0
16910,2021-03,0,0.0
16910,2021-04,0,0.0
16910,2021-05,0,0.0
16910,2021-06,0,0.0
16910,2021-07,0,0.0
16910,2021-08,0,0.0
16910,2021-09,0,0.0
16910,2021-10,0,0.0
16910,2021-11,0,0.0
16910,2021-12,0,0.0
16911,2021-01,0,0.0
16911,2021-02,0,0.0
16911,2021-03,0,0.0
16911,2021-04,0,0.0
16911,2021-05,0,0.0
16911,2021-06,0,0.0
16911,2021-07,0,0.0
16911,2021-08,0,0.0
16911,2021-09,0,0.0
16911,2021-10,0,0.0
16911,2021-11,0,0.0
16911,2021-12,0,0.0
16912,2021-01,0,0.0
16912,2021-02,0,0.0
16912,2021-03,0,0.0
16912,2021-04,0,0.0
16912,2021-05,0,0.0
16912,2021-06,0,0.0
16912,2021-07,0,0.0
16912,2021-08,0,0.0
16912,2021-09,0,0.0
16912,2021-10,0,0.0
16912,2021-11,0,0.0
16912,2021-12,0,0.0
16914,2021-01,0,0.0
16914,2021-02,0,0.0
16914,2021-03,0,0.0
16914,2021-04,0,0.0
16914,2021-05,0,0.0
16914,2021-06,0,0.0
16914,2021-07,0,0.0
16914,2021-08,0,0.0
16914,2021-09,0,0.0
16914,2021-10,0,0.0
16914,2021-11,0,0.0
16914,2021-12,0,0.0
16915,2021-01,0,0.0
16915,2021-02,0,0.0
16915,2021-03,0,0.0
16915,2021-04,0,0.0
16915,2021-05,0,0.0
16915,2021-06,0,0.0
16915,2021-07,0,0.0
16915,2021-08,0,0.0
16915,2021-09,0,0.0
16915,2021-10,0,0.0
16915,2021-11,0,0.0
16915,2021-12,0,0.0
16917,2021-01,0,0.0
16917,2021-02,0,0.0
16917,2021-03,0,0.0
16917,2021-04,0,0.0
16917,2021-05,0,0.0
16917,2021-06,0,0.0
16917,2021-07,0,0.0
16917,2021-08,0,0.0
16917,2021-09,0,0.0
16917,2021-10,0,0.0
16917,2021-11,0,0.0
16917,2021-12,0,0.0
16920,2021-01,0,0.0
16920,2021-02,0,0.0
16920,2021-03,0,0.0
16920,2021-04,0,0.0
16920,2021-05,0,0.0
16920,2021-06,0,0.0
16920,2021-07,0,0.0
16920,2021-08,0,0.0
16920,2021-09,0,0.0
16920,2021-10,0,0.0
16920,2021-11,0,0.0
16920,2021-12,0,0.0
16921,2021-01,0,0.0
16921,2021-02,0,0.0
16921,2021-03,0,0.0
16921,2021-04,0,0.0
16921,2021-05,0,0.0
16921,2021-06,0,0.0
16921,2021-07,0,0.0
16921,2021-08,0,0.0
16921,2021-09,0,0.0
16921,2021-10,0,0.0
16921,2021-11,0,0.0
16921,2021-12,0,0.0
16922,2021-01,0,0.0
16922,2021-02,0,0.0
16922,2021-03,0,0.0
16922,2021-04,0,0.0
16922,2021-05,0,0.0
16922,2021-06,0,0.0
16922,2021-07,0,0.0
16922,2021-08,0,0.0
16922,2021-09,0,0.0
16922,2021-10,0,0.0
16922,2021-11,0,0.0
16922,2021-12,0,0.0
16923,2021-01,0,0.0
16923,2021-02,0,0.0
16923,2021-03,0,0.0
16923,2021-04,0,0.0
16923,2021-05,0,0.0
16923,2021-06,0,0.0
16923,2021-07,0,0.0
16923,2021-08,0,0.0
16923,2021-09,0,0.0
16923,2021-10,0,0.0
16923,2021-11,0,0.0
16923,2021-12,0,0.0
16925,2021-01,0,0.0
16925,2021-02,0,0.0
16925,2021-03,0,0.0
16925,2021-04,0,0.0
16925,2021-05,0,0.0
16925,2021-06,0,0.0
16925,2021-07,0,0.0
16925,2021-08,0,0.0
16925,2021-09,0,0.0
16925,2021-10,0,0.0
16925,2021-11,0,0.0
16925,2021-12,0,0.0
16926,2021-01,0,0.0
16926,2021-02,0,0.0
16926,2021-03,0,0.0
16926,2021-04,0,0.0
16926,2021-05,0,0.0
16926,2021-06,0,0.0
16926,2021-07,0,0.0
16926,2021-08,0,0.0
16926,2021-09,0,0.0
16926,2021-10,0,0.0
16926,2021-11,0,0.0
16926,2021-12,0,0.0
16927,2021-01,0,0.0
16927,2021-02,0,0.0
16927,2021-03,0,0.0
16927,2021-04,0,0.0
16927,2021-05,0,0.0
16927,2021-06,0,0.0
16927,2021-07,0,0.0
16927,2021-08,0,0.0
16927,2021-09,0,0.0
16927,2021-10,0,0.0
16927,2021-11,0,0.0
16927,2021-12,0,0.0
16928,2021-01,0,0.0
16928,2021-02,0,0.0
16928,2021-03,0,0.0
16928,2021-04,0,0.0
16928,2021-05,0,0.0
16928,2021-06,0,0.0
16928,2021-07,0,0.0
16928,2021-08,0,0.0
16928,2021-09,0,0.0
16928,2021-10,0,0.0
16928,2021-11,0,0.0
16928,2021-12,0,0.0
16929,2021-01,0,0.0
16929,2021-02,0,0.0
16929,2021-03,0,0.0
16929,2021-04,0,0.0
16929,2021-05,0,0.0
16929,2021-06,0,0.0
16929,2021-07,0,0.0
16929,2021-08,0,0.0
16929,2021-09,0,0.0
16929,2021-10,0,0.0
16929,2021-11,0,0.0
16929,2021-12,0,0.0
16930,2021-01,0,0.0
16930,2021-02,0,0.0
16930,2021-03,0,0.0
16930,2021-04,0,0.0
16930,2021-05,0,0.0
16930,2021-06,0,0.0
16930,2021-07,0,0.0
16930,2021-08,0,0.0
16930,2021-09,0,0.0
16930,2021-10,0,0.0
16930,2021-11,0,0.0
16930,2021-12,0,0.0
16932,2021-01,0,0.0
16932,2021-02,0,0.0
16932,2021-03,0,0.0
16932,2021-04,0,0.0
16932,2021-05,0,0.0
16932,2021-06,0,0.0
16932,2021-07,0,0.0
16932,2021-08,0,0.0
16932,2021-09,0,0.0
16932,2021-10,0,0.0
16932,2021-11,0,0.0
16932,2021-12,0,0.0
16933,2021-01,0,0.0
16933,2021-02,0,0.0
16933,2021-03,0,0.0
16933,2021-04,0,0.0
16933,2021-05,0,0.0
16933,2021-06,0,0.0
16933,2021-07,0,0.0
16933,2021-08,0,0.0
16933,2021-09,0,0.0
16933,2021-10,0,0.0
16933,2021-11,0,0.0
16933,2021-12,0,0.0
16935,2021-01,0,0.0
16935,2021-02,0,0.0
16935,2021-03,0,0.0
16935,2021-04,0,0.0
16935,2021-05,0,0.0
16935,2021-06,0,0.0
16935,2021-07,0,0.0
16935,2021-08,0,0.0
16935,2021-09,0,0.0
16935,2021-10,0,0.0
16935,2021-11,0,0.0
16935,2021-12,0,0.0
16936,2021-01,0,0.0
16936,2021-02,0,0.0
16936,2021-03,0,0.0
16936,2021-04,0,0.0
16936,2021-05,0,0.0
16936,2021-06,0,0.0
16936,2021-07,0,0.0
16936,2021-08,0,0.0
16936,2021-09,0,0.0
16936,2021-10,0,0.0
16936,2021-11,0,0.0
16936,2021-12,0,0.0
16937,2021-01,0,0.0
16937,2021-02,0,0.0
16937,2021-03,0,0.0
16937,2021-04,0,0.0
16937,2021-05,0,0.0
16937,2021-06,0,0.0
16937,2021-07,0,0.0
16937,2021-08,0,0.0
16937,2021-09,0,0.0
16937,2021-10,0,0.0
16937,2021-11,0,0.0
16937,2021-12,0,0.0
16938,2021-01,0,0.0
16938,2021-02,0,0.0
16938,2021-03,0,0.0
16938,2021-04,0,0.0
16938,2021-05,0,0.0
16938,2021-06,0,0.0
16938,2021-07,0,0.0
16938,2021-08,0,0.0
16938,2021-09,0,0.0
16938,2021-10,0,0.0
16938,2021-11,0,0.0
16938,2021-12,0,0.0
16939,2021-01,0,0.0
16939,2021-02,0,0.0
16939,2021-03,0,0.0
16939,2021-04,0,0.0
16939,2021-05,0,0.0
16939,2021-06,0,0.0
16939,2021-07,0,0.0
16939,2021-08,0,0.0
16939,2021-09,0,0.0
16939,2021-10,0,0.0
16939,2021-11,0,0.0
16939,2021-12,0,0.0
16940,2021-01,0,0.0
16940,2021-02,0,0.0
16940,2021-03,0,0.0
16940,2021-04,0,0.0
16940,2021-05,0,0.0
16940,2021-06,0,0.0
16940,2021-07,0,0.0
16940,2021-08,0,0.0
16940,2021-09,0,0.0
16940,2021-10,0,0.0
16940,2021-11,0,0.0
16940,2021-12,0,0.0
16941,2021-01,0,0.0
16941,2021-02,0,0.0
16941,2021-03,0,0.0
16941,2021-04,0,0.0
16941,2021-05,0,0.0
16941,2021-06,0,0.0
16941,2021-07,0,0.0
16941,2021-08,0,0.0
16941,2021-09,0,0.0
16941,2021-10,0,0.0
16941,2021-11,0,0.0
16941,2021-12,0,0.0
16942,2021-01,0,0.0
16942,2021-02,0,0.0
16942,2021-03,0,0.0
16942,2021-04,0,0.0
16942,2021-05,0,0.0
16942,2021-06,0,0.0
16942,2021-07,0,0.0
16942,2021-08,0,0.0
16942,2021-09,0,0.0
16942,2021-10,0,0.0
16942,2021-11,0,0.0
16942,2021-12,0,0.0
16943,2021-01,0,0.0
16943,2021-02,0,0.0
16943,2021-03,0,0.0
16943,2021-04,0,0.0
16943,2021-05,0,0.0
16943,2021-06,0,0.0
16943,2021-07,0,0.0
16943,2021-08,0,0.0
16943,2021-09,0,0.0
16943,2021-10,0,0.0
16943,2021-11,0,0.0
16943,2021-12,0,0.0
16946,2021-01,0,0.0
16946,2021-02,0,0.0
16946,2021-03,0,0.0
16946,2021-04,0,0.0
16946,2021-05,0,0.0
16946,2021-06,0,0.0
16946,2021-07,0,0.0
16946,2021-08,0,0.0
16946,2021-09,0,0.0
16946,2021-10,0,0.0
16946,2021-11,0,0.0
16946,2021-12,0,0.0
16947,2021-01,0,0.0
16947,2021-02,0,0.0
16947,2021-03,0,0.0
16947,2021-04,0,0.0
16947,2021-05,0,0.0
16947,2021-06,0,0.0
16947,2021-07,0,0.0
16947,2021-08,0,0.0
16947,2021-09,0,0.0
16947,2021-10,0,0.0
16947,2021-11,0,0.0
16947,2021-12,0,0.0
16948,2021-01,0,0.0
16948,2021-02,0,0.0
16948,2021-03,0,0.0
16948,2021-04,0,0.0
16948,2021-05,0,0.0
16948,2021-06,0,0.0
16948,2021-07,0,0.0
16948,2021-08,0,0.0
16948,2021-09,0,0.0
16948,2021-10,0,0.0
16948,2021-11,0,0.0
16948,2021-12,0,0.0
16950,2021-01,0,0.0
16950,2021-02,0,0.0
16950,2021-03,0,0.0
16950,2021-04,0,0.0
16950,2021-05,0,0.0
16950,2021-06,0,0.0
16950,2021-07,0,0.0
16950,2021-08,0,0.0
16950,2021-09,0,0.0
16950,2021-10,0,0.0
16950,2021-11,0,0.0
16950,2021-12,0,0.0
17002,2021-01,0,0.0
17002,2021-02,0,0.0
17002,2021-03,0,0.0
17002,2021-04,0,0.0
17002,2021-05,0,0.0
17002,2021-06,0,0.0
17002,2021-07,0,0.0
17002,2021-08,0,0.0
17002,2021-09,0,0.0
17002,2021-10,0,0.0
17002,2021-11,0,0.0
17002,2021-12,0,0.0
17004,2021-01,0,0.0
17004,2021-02,0,0.0
17004,2021-03,0,0.0
17004,2021-04,0,0.0
17004,2021-05,0,0.0
17004,2021-06,0,0.0
17004,2021-07,0,0.0
17004,2021-08,0,0.0
17004,2021-09,0,0.0
17004,2021-10,0,0.0
17004,2021-11,0,0.0
17004,2021-12,0,0.0
17005,2021-01,0,0.0
17005,2021-02,0,0.0
17005,2021-03,0,0.0
17005,2021-04,0,0.0
17005,2021-05,0,0.0
17005,2021-06,0,0.0
17005,2021-07,0,0.0
17005,2021-08,0,0.0
17005,2021-09,0,0.0
17005,2021-10,0,0.0
17005,2021-11,0,0.0
17005,2021-12,0,0.0
17006,2021-01,0,0.0
17006,2021-02,0,0.0
17006,2021-03,0,0.0
17006,2021-04,0,0.0
17006,2021-05,0,0.0
17006,2021-06,0,0.0
17006,2021-07,0,0.0
17006,2021-08,0,0.0
17006,2021-09,0,0.0
17006,2021-10,0,0.0
17006,2021-11,0,0.0
17006,2021-12,0,0.0
17007,2021-01,0,0.0
17007,2021-02,0,0.0
17007,2021-03,0,0.0
17007,2021-04,0,0.0
17007,2021-05,0,0.0
17007,2021-06,0,0.0
17007,2021-07,0,0.0
17007,2021-08,0,0.0
17007,2021-09,0,0.0
17007,2021-10,0,0.0
17007,2021-11,0,0.0
17007,2021-12,0,0.0
17009,2021-01,0,0.0
17009,2021-02,0,0.0
17009,2021-03,0,0.0
17009,2021-04,0,0.0
17009,2021-05,0,0.0
17009,2021-06,0,0.0
17009,2021-07,0,0.0
17009,2021-08,0,0.0
17009,2021-09,0,0.0
17009,2021-10,0,0.0
17009,2021-11,0,0.0
17009,2021-12,0,0.0
17010,2021-01,0,0.0
17010,2021-02,0,0.0
17010,2021-03,0,0.0
17010,2021-04,0,0.0
17010,2021-05,0,0.0
17010,2021-06,0,0.0
17010,2021-07,0,0.0
17010,2021-08,0,0.0
17010,2021-09,0,0.0
17010,2021-10,0,0.0
17010,2021-11,0,0.0
17010,2021-12,0,0.0
17011,2021-01,0,0.0
17011,2021-02,0,0.0
17011,2021-03,0,0.0
17011,2021-04,0,0.0
17011,2021-05,0,0.0
17011,2021-06,0,0.0
17011,2021-07,0,0.0
17011,2021-08,0,0.0
17011,2021-09,0,0.0
17011,2021-10,0,0.0
17011,2021-11,0,0.0
17011,2021-12,0,0.0
17014,2021-01,0,0.0
17014,2021-02,0,0.0
17014,2021-03,0,0.0
17014,2021-04,0,0.0
17014,2021-05,0,0.0
17014,2021-06,0,0.0
17014,2021-07,0,0.0
17014,2021-08,0,0.0
17014,2021-09,0,0.0
17014,2021-10,0,0.0
17014,2021-11,0,0.0
17014,2021-12,0,0.0
17015,2021-01,0,0.0
17015,2021-02,0,0.0
17015,2021-03,0,0.0
17015,2021-04,0,0.0
17015,2021-05,0,0.0
17015,2021-06,0,0.0
17015,2021-07,0,0.0
17015,2021-08,0,0.0
17015,2021-09,0,0.0
17015,2021-10,0,0.0
17015,2021-11,0,0.0
17015,2021-12,0,0.0
17016,2021-01,0,0.0
17016,2021-02,0,0.0
17016,2021-03,0,0.0
17016,2021-04,0,0.0
17016,2021-05,0,0.0
17016,2021-06,0,0.0
17016,2021-07,0,0.0
17016,2021-08,0,0.0
17016,2021-09,0,0.0
17016,2021-10,0,0.0
17016,2021-11,0,0.0
17016,2021-12,0,0.0
17017,2021-01,0,0.0
17017,2021-02,0,0.0
17017,2021-03,0,0.0
17017,2021-04,0,0.0
17017,2021-05,0,0.0
17017,2021-06,0,0.0
17017,2021-07,0,0.0
17017,2021-08,0,0.0
17017,2021-09,0,0.0
17017,2021-10,0,0.0
17017,2021-11,0,0.0
17017,2021-12,0,0.0
17018,2021-01,0,0.0
17018,2021-02,0,0.0
17018,2021-03,0,0.0
17018,2021-04,0,0.0
17018,2021-05,0,0.0
17018,2021-06,0,0.0
17018,2021-07,0,0.0
17018,2021-08,0,0.0
17018,2021-09,0,0.0
17018,2021-10,0,0.0
17018,2021-11,0,0.0
17018,2021-12,0,0.0
17019,2021-01,0,0.0
17019,2021-02,0,0.0
17019,2021-03,0,0.0
17019,2021-04,0,0.0
17019,2021-05,0,0.0
17019,2021-06,0,0.0
17019,2021-07,0,0.0
17019,2021-08,0,0.0
17019,2021-09,0,0.0
17019,2021-10,0,0.0
17019,2021-11,0,0.0
17019,2021-12,0,0.0
17020,2021-01,0,0.0
17020,2021-02,0,0.0
17020,2021-03,0,0.0
17020,2021-04,0,0.0
17020,2021-05,0,0.0
17020,2021-06,0,0.0
17020,2021-07,0,0.0
17020,2021-08,0,0.0
17020,2021-09,0,0.0
17020,2021-10,0,0.0
17020,2021-11,0,0.0
17020,2021-12,0,0.0
17021,2021-01,0,0.0
17021,2021-02,0,0.0
17021,2021-03,0,0.0
17021,2021-04,0,0.0
17021,2021-05,0,0.0
17021,2021-06,0,0.0
17021,2021-07,0,0.0
17021,2021-08,0,0.0
17021,2021-09,0,0.0
17021,2021-10,0,0.0
17021,2021-11,0,0.0
17021,2021-12,0,0.0
17023,2021-01,0,0.0
17023,2021-02,0,0.0
17023,2021-03,0,0.0
17023,2021-04,0,0.0
17023,2021-05,0,0.0
17023,2021-06,0,0.0
17023,2021-07,0,0.0
17023,2021-08,0,0.0
17023,2021-09,0,0.0
17023,2021-10,0,0.0
17023,2021-11,0,0.0
17023,2021-12,0,0.0
17024,2021-01,0,0.0
17024,2021-02,0,0.0
17024,2021-03,0,0.0
17024,2021-04,0,0.0
17024,2021-05,0,0.0
17024,2021-06,0,0.0
17024,2021-07,0,0.0
17024,2021-08,0,0.0
17024,2021-09,0,0.0
17024,2021-10,0,0.0
17024,2021-11,0,0.0
17024,2021-12,0,0.0
17025,2021-01,0,0.0
17025,2021-02,0,0.0
17025,2021-03,0,0.0
17025,2021-04,0,0.0
17025,2021-05,0,0.0
17025,2021-06,0,0.0
17025,2021-07,0,0.0
17025,2021-08,0,0.0
17025,2021-09,0,0.0
17025,2021-10,0,0.0
17025,2021-11,0,0.0
17025,2021-12,0,0.0
17026,2021-01,0,0.0
17026,2021-02,0,0.0
17026,2021-03,0,0.0
17026,2021-04,0,0.0
17026,2021-05,0,0.0
17026,2021-06,0,0.0
17026,2021-07,0,0.0
17026,2021-08,0,0.0
17026,2021-09,0,0.0
17026,2021-10,0,0.0
17026,2021-11,0,0.0
17026,2021-12,0,0.0
17027,2021-01,0,0.0
17027,2021-02,0,0.0
17027,2021-03,0,0.0
17027,2021-04,0,0.0
17027,2021-05,0,0.0
17027,2021-06,0,0.0
17027,2021-07,0,0.0
17027,2021-08,0,0.0
17027,2021-09,0,0.0
17027,2021-10,0,0.0
17027,2021-11,0,0.0
17027,2021-12,0,0.0
17028,2021-01,0,0.0
17028,2021-02,0,0.0
17028,2021-03,0,0.0
17028,2021-04,0,0.0
17028,2021-05,0,0.0
17028,2021-06,0,0.0
17028,2021-07,0,0.0
17028,2021-08,0,0.0
17028,2021-09,0,0.0
17028,2021-10,0,0.0
17028,2021-11,0,0.0
17028,2021-12,0,0.0
17029,2021-01,0,0.0
17029,2021-02,0,0.0
17029,2021-03,0,0.0
17029,2021-04,0,0.0
17029,2021-05,0,0.0
17029,2021-06,0,0.0
17029,2021-07,0,0.0
17029,2021-08,0,0.0
17029,2021-09,0,0.0
17029,2021-10,0,0.0
17029,2021-11,0,0.0
17029,2021-12,0,0.0
17030,2021-01,0,0.0
17030,2021-02,0,0.0
17030,2021-03,0,0.0
17030,2021-04,0,0.0
17030,2021-05,0,0.0
17030,2021-06,0,0.0
17030,2021-07,0,0.0
17030,2021-08,0,0.0
17030,2021-09,0,0.0
17030,2021-10,0,0.0
17030,2021-11,0,0.0
17030,2021-12,0,0.0
17032,2021-01,0,0.0
17032,2021-02,0,0.0
17032,2021-03,0,0.0
17032,2021-04,0,0.0
17032,2021-05,0,0.0
17032,2021-06,0,0.0
17032,2021-07,0,0.0
17032,2021-08,0,0.0
17032,2021-09,0,0.0
17032,2021-10,0,0.0
17032,2021-11,0,0.0
17032,2021-12,0,0.0
17033,2021-01,0,0.0
17033,2021-02,0,0.0
17033,2021-03,0,0.0
17033,2021-04,0,0.0
17033,2021-05,0,0.0
17033,2021-06,0,0.0
17033,2021-07,0,0.0
17033,2021-08,0,0.0
17033,2021-09,0,0.0
17033,2021-10,0,0.0
17033,2021-11,0,0.0
17033,2021-12,0,0.0
17034,2021-01,0,0.0
17034,2021-02,0,0.0
17034,2021-03,0,0.0
17034,2021-04,0,0.0
17034,2021-05,0,0.0
17034,2021-06,0,0.0
17034,2021-07,0,0.0
17034,2021-08,0,0.0
17034,2021-09,0,0.0
17034,2021-10,0,0.0
17034,2021-11,0,0.0
17034,2021-12,0,0.0
17035,2021-01,0,0.0
17035,2021-02,0,0.0
17035,2021-03,0,0.0
17035,2021-04,0,0.0
17035,2021-05,0,0.0
17035,2021-06,0,0.0
17035,2021-07,0,0.0
17035,2021-08,0,0.0
17035,2021-09,0,0.0
17035,2021-10,0,0.0
17035,2021-11,0,0.0
17035,2021-12,0,0.0
17036,2021-01,0,0.0
17036,2021-02,0,0.0
17036,2021-03,0,0.0
17036,2021-04,0,0.0
17036,2021-05,0,0.0
17036,2021-06,0,0.0
17036,2021-07,0,0.0
17036,2021-08,0,0.0
17036,2021-09,0,0.0
17036,2021-10,0,0.0
17036,2021-11,0,0.0
17036,2021-12,0,0.0
17037,2021-01,0,0.0
17037,2021-02,0,0.0
17037,2021-03,0,0.0
17037,2021-04,0,0.0
17037,2021-05,0,0.0
17037,2021-06,0,0.0
17037,2021-07,0,0.0
17037,2021-08,0,0.0
17037,2021-09,0,0.0
17037,2021-10,0,0.0
17037,2021-11,0,0.0
17037,2021-12,0,0.0
17038,2021-01,0,0.0
17038,2021-02,0,0.0
17038,2021-03,0,0.0
17038,2021-04,0,0.0
17038,2021-05,0,0.0
17038,2021-06,0,0.0
17038,2021-07,0,0.0
17038,2021-08,0,0.0
17038,2021-09,0,0.0
17038,2021-10,0,0.0
17038,2021-11,0,0.0
17038,2021-12,0,0.0
17039,2021-01,0,0.0
17039,2021-02,0,0.0
17039,2021-03,0,0.0
17039,2021-04,0,0.0
17039,2021-05,0,0.0
17039,2021-06,0,0.0
17039,2021-07,0,0.0
17039,2021-08,0,0.0
17039,2021-09,0,0.0
17039,2021-10,0,0.0
17039,2021-11,0,0.0
17039,2021-12,0,0.0
17040,2021-01,0,0.0
17040,2021-02,0,0.0
17040,2021-03,0,0.0
17040,2021-04,0,0.0
17040,2021-05,0,0.0
17040,2021-06,0,0.0
17040,2021-07,0,0.0
17040,2021-08,0,0.0
17040,2021-09,0,0.0
17040,2021-10,0,0.0
17040,2021-11,0,0.0
17040,2021-12,0,0.0
17041,2021-01,0,0.0
17041,2021-02,0,0.0
17041,2021-03,0,0.0
17041,2021-04,0,0.0
17041,2021-05,0,0.0
17041,2021-06,0,0.0
17041,2021-07,0,0.0
17041,2021-08,0,0.0
17041,2021-09,0,0.0
17041,2021-10,0,0.0
17041,2021-11,0,0.0
17041,2021-12,0,0.0
17042,2021-01,0,0.0
17042,2021-02,0,0.0
17042,2021-03,0,0.0
17042,2021-04,0,0.0
17042,2021-05,0,0.0
17042,2021-06,0,0.0
17042,2021-07,0,0.0
17042,2021-08,0,0.0
17042,2021-09,0,0.0
17042,2021-10,0,0.0
17042,2021-11,0,0.0
17042,2021-12,0,0.0
17043,2021-01,0,0.0
17043,2021-02,0,0.0
17043,2021-03,0,0.0
17043,2021-04,0,0.0
17043,2021-05,0,0.0
17043,2021-06,0,0.0
17043,2021-07,0,0.0
17043,2021-08,0,0.0
17043,2021-09,0,0.0
17043,2021-10,0,0.0
17043,2021-11,0,0.0
17043,2021-12,0,0.0
17044,2021-01,0,0.0
17044,2021-02,0,0.0
17044,2021-03,0,0.0
17044,2021-04,0,0.0
17044,2021-05,0,0.0
17044,2021-06,0,0.0
17044,2021-07,0,0.0
17044,2021-08,0,0.0
17044,2021-09,0,0.0
17044,2021-10,0,0.0
17044,2021-11,0,0.0
17044,2021-12,0,0.0
17045,2021-01,0,0.0
17045,2021-02,0,0.0
17045,2021-03,0,0.0
17045,2021-04,0,0.0
17045,2021-05,0,0.0
17045,2021-06,0,0.0
17045,2021-07,0,0.0
17045,2021-08,0,0.0
17045,2021-09,0,0.0
17045,2021-10,0,0.0
17045,2021-11,0,0.0
17045,2021-12,0,0.0
17046,2021-01,0,0.0
17046,2021-02,0,0.0
17046,2021-03,0,0.0
17046,2021-04,0,0.0
17046,2021-05,0,0.0
17046,2021-06,0,0.0
17046,2021-07,0,0.0
17046,2021-08,0,0.0
17046,2021-09,0,0.0
17046,2021-10,0,0.0
17046,2021-11,0,0.0
17046,2021-12,0,0.0
17047,2021-01,0,0.0
17047,2021-02,0,0.0
17047,2021-03,0,0.0
17047,2021-04,0,0.0
17047,2021-05,0,0.0
17047,2021-06,0,0.0
17047,2021-07,0,0.0
17047,2021-08,0,0.0
17047,2021-09,0,0.0
17047,2021-10,0,0.0
17047,2021-11,0,0.0
17047,2021-12,0,0.0
17048,2021-01,0,0.0
17048,2021-02,0,0.0
17048,2021-03,0,0.0
17048,2021-04,0,0.0
17048,2021-05,0,0.0
17048,2021-06,0,0.0
17048,2021-07,0,0.0
17048,2021-08,0,0.0
17048,2021-09,0,0.0
17048,2021-10,0,0.0
17048,2021-11,0,0.0
17048,2021-12,0,0.0
17049,2021-01,0,0.0
17049,2021-02,0,0.0
17049,2021-03,0,0.0
17049,2021-04,0,0.0
17049,2021-05,0,0.0
17049,2021-06,0,0.0
17049,2021-07,0,0.0
17049,2021-08,0,0.0
17049,2021-09,0,0.0
17049,2021-10,0,0.0
17049,2021-11,0,0.0
17049,2021-12,0,0.0
17050,2021-01,0,0.0
17050,2021-02,0,0.0
17050,2021-03,0,0.0
17050,2021-04,0,0.0
17050,2021-05,0,0.0
17050,2021-06,0,0.0
17050,2021-07,0,0.0
17050,2021-08,0,0.0
17050,2021-09,0,0.0
17050,2021-10,0,0.0
17050,2021-11,0,0.0
17050,2021-12,0,0.0
17051,2021-01,0,0.0
17051,2021-02,0,0.0
17051,2021-03,0,0.0
17051,2021-04,0,0.0
17051,2021-05,0,0.0
17051,2021-06,0,0.0
17051,2021-07,0,0.0
17051,2021-08,0,0.0
17051,2021-09,0,0.0
17051,2021-10,0,0.0
17051,2021-11,0,0.0
17051,2021-12,0,0.0
17052,2021-01,0,0.0
17052,2021-02,0,0.0
17052,2021-03,0,0.0
17052,2021-04,0,0.0
17052,2021-05,0,0.0
17052,2021-06,0,0.0
17052,2021-07,0,0.0
17052,2021-08,0,0.0
17052,2021-09,0,0.0
17052,2021-10,0,0.0
17052,2021-11,0,0.0
17052,2021-12,0,0.0
17053,2021-01,0,0.0
17053,2021-02,0,0.0
17053,2021-03,0,0.0
17053,2021-04,0,0.0
17053,2021-05,0,0.0
17053,2021-06,0,0.0
17053,2021-07,0,0.0
17053,2021-08,0,0.0
17053,2021-09,0,0.0
17053,2021-10,0,0.0
17053,2021-11,0,0.0
17053,2021-12,0,0.0
17054,2021-01,0,0.0
17054,2021-02,0,0.0
17054,2021-03,0,0.0
17054,2021-04,0,0.0
17054,2021-05,0,0.0
17054,2021-06,0,0.0
17054,2021-07,0,0.0
17054,2021-08,0,0.0
17054,2021-09,0,0.0
17054,2021-10,0,0.0
17054,2021-11,0,0.0
17054,2021-12,0,0.0
17056,2021-01,0,0.0
17056,2021-02,0,0.0
17056,2021-03,0,0.0
17056,2021-04,0,0.0
17056,2021-05,0,0.0
17056,2021-06,0,0.0
17056,2021-07,0,0.0
17056,2021-08,0,0.0
17056,2021-09,0,0.0
17056,2021-10,0,0.0
17056,2021-11,0,0.0
17056,2021-12,0,0.0
17058,2021-01,0,0.0
17058,2021-02,0,0.0
17058,2021-03,0,0.0
17058,2021-04,0,0.0
17058,2021-05,0,0.0
17058,2021-06,0,0.0
17058,2021-07,0,0.0
17058,2021-08,0,0.0
17058,2021-09,0,0.0
17058,2021-10,0,0.0
17058,2021-11,0,0.0
17058,2021-12,0,0.0
17059,2021-01,0,0.0
17059,2021-02,0,0.0
17059,2021-03,0,0.0
17059,2021-04,0,0.0
17059,2021-05,0,0.0
17059,2021-06,0,0.0
17059,2021-07,0,0.0
17059,2021-08,0,0.0
17059,2021-09,0,0.0
17059,2021-10,0,0.0
17059,2021-11,0,0.0
17059,2021-12,0,0.0
17060,2021-01,0,0.0
17060,2021-02,0,0.0
17060,2021-03,0,0.0
17060,2021-04,0,0.0
17060,2021-05,0,0.0
17060,2021-06,0,0.0
17060,2021-07,0,0.0
17060,2021-08,0,0.0
17060,2021-09,0,0.0
17060,2021-10,0,0.0
17060,2021-11,0,0.0
17060,2021-12,0,0.0
17061,2021-01,0,0.0
17061,2021-02,0,0.0
17061,2021-03,0,0.0
17061,2021-04,0,0.0
17061,2021-05,0,0.0
17061,2021-06,0,0.0
17061,2021-07,0,0.0
17061,2021-08,0,0.0
17061,2021-09,0,0.0
17061,2021-10,0,0.0
17061,2021-11,0,0.0
17061,2021-12,0,0.0
17062,2021-01,0,0.0
17062,2021-02,0,0.0
17062,2021-03,0,0.0
17062,2021-04,0,0.0
17062,2021-05,0,0.0
17062,2021-06,0,0.0
17062,2021-07,0,0.0
17062,2021-08,0,0.0
17062,2021-09,0,0.0
17062,2021-10,0,0.0
17062,2021-11,0,0.0
17062,2021-12,0,0.0
17063,2021-01,0,0.0
17063,2021-02,0,0.0
17063,2021-03,0,0.0
17063,2021-04,0,0.0
17063,2021-05,0,0.0
17063,2021-06,0,0.0
17063,2021-07,0,0.0
17063,2021-08,0,0.0
17063,2021-09,0,0.0
17063,2021-10,0,0.0
17063,2021-11,0,0.0
17063,2021-12,0,0.0
17064,2021-01,0,0.0
17064,2021-02,0,0.0
17064,2021-03,0,0.0
17064,2021-04,0,0.0
17064,2021-05,0,0.0
17064,2021-06,0,0.0
17064,2021-07,0,0.0
17064,2021-08,0,0.0
17064,2021-09,0,0.0
17064,2021-10,0,0.0
17064,2021-11,0,0.0
17064,2021-12,0,0.0
17065,2021-01,0,0.0
17065,2021-02,0,0.0
17065,2021-03,0,0.0
17065,2021-04,0,0.0
17065,2021-05,0,0.0
17065,2021-06,0,0.0
17065,2021-07,0,0.0
17065,2021-08,0,0.0
17065,2021-09,0,0.0
17065,2021-10,0,0.0
17065,2021-11,0,0.0
17065,2021-12,0,0.0
17066,2021-01,0,0.0
17066,2021-02,0,0.0
17066,2021-03,0,0.0
17066,2021-04,0,0.0
17066,2021-05,0,0.0
17066,2021-06,0,0.0
17066,2021-07,0,0.0
17066,2021-08,0,0.0
17066,2021-09,0,0.0
17066,2021-10,0,0.0
17066,2021-11,0,0.0
17066,2021-12,0,0.0
17067,2021-01,0,0.0
17067,2021-02,0,0.0
17067,2021-03,0,0.0
17067,2021-04,0,0.0
17067,2021-05,0,0.0
17067,2021-06,0,0.0
17067,2021-07,0,0.0
17067,2021-08,0,0.0
17067,2021-09,0,0.0
17067,2021-10,0,0.0
17067,2021-11,0,0.0
17067,2021-12,0,0.0
17068,2021-01,0,0.0
17068,2021-02,0,0.0
17068,2021-03,0,0.0
17068,2021-04,0,0.0
17068,2021-05,0,0.0
17068,2021-06,0,0.0
17068,2021-07,0,0.0
17068,2021-08,0,0.0
17068,2021-09,0,0.0
17068,2021-10,0,0.0
17068,2021-11,0,0.0
17068,2021-12,0,0.0
17069,2021-01,0,0.0
17069,2021-02,0,0.0
17069,2021-03,0,0.0
17069,2021-04,0,0.0
17069,2021-05,0,0.0
17069,2021-06,0,0.0
17069,2021-07,0,0.0
17069,2021-08,0,0.0
17069,2021-09,0,0.0
17069,2021-10,0,0.0
17069,2021-11,0,0.0
17069,2021-12,0,0.0
17070,2021-01,0,0.0
17070,2021-02,0,0.0
17070,2021-03,0,0.0
17070,2021-04,0,0.0
17070,2021-05,0,0.0
17070,2021-06,0,0.0
17070,2021-07,0,0.0
17070,2021-08,0,0.0
17070,2021-09,0,0.0
17070,2021-10,0,0.0
17070,2021-11,0,0.0
17070,2021-12,0,0.0
17071,2021-01,0,0.0
17071,2021-02,0,0.0
17071,2021-03,0,0.0
17071,2021-04,0,0.0
17071,2021-05,0,0.0
17071,2021-06,0,0.0
17071,2021-07,0,0.0
17071,2021-08,0,0.0
17071,2021-09,0,0.0
17071,2021-10,0,0.0
17071,2021-11,0,0.0
17071,2021-12,0,0.0
17073,2021-01,0,0.0
17073,2021-02,0,0.0
17073,2021-03,0,0.0
17073,2021-04,0,0.0
17073,2021-05,0,0.0
17073,2021-06,0,0.0
17073,2021-07,0,0.0
17073,2021-08,0,0.0
17073,2021-09,0,0.0
17073,2021-10,0,0.0
17073,2021-11,0,0.0
17073,2021-12,0,0.0
17074,2021-01,0,0.0
17074,2021-02,0,0.0
17074,2021-03,0,0.0
17074,2021-04,0,0.0
17074,2021-05,0,0.0
17074,2021-06,0,0.0
17074,2021-07,0,0.0
17074,2021-08,0,0.0
17074,2021-09,0,0.0
17074,2021-10,0,0.0
17074,2021-11,0,0.0
17074,2021-12,0,0.0
17075,2021-01,0,0.0
17075,2021-02,0,0.0
17075,2021-03,0,0.0
17075,2021-04,0,0.0
17075,2021-05,0,0.0
17075,2021-06,0,0.0
17075,2021-07,0,0.0
17075,2021-08,0,0.0
17075,2021-09,0,0.0
17075,2021-10,0,0.0
17075,2021-11,0,0.0
17075,2021-12,0,0.0
17076,2021-01,0,0.0
17076,2021-02,0,0.0
17076,2021-03,0,0.0
17076,2021-04,0,0.0
17076,2021-05,0,0.0
17076,2021-06,0,0.0
17076,2021-07,0,0.0
17076,2021-08,0,0.0
17076,2021-09,0,0.0
17076,2021-10,0,0.0
17076,2021-11,0,0.0
17076,2021-12,0,0.0
17077,2021-01,0,0.0
17077,2021-02,0,0.0
17077,2021-03,0,0.0
17077,2021-04,0,0.0
17077,2021-05,0,0.0
17077,2021-06,0,0.0
17077,2021-07,0,0.0
17077,2021-08,0,0.0
17077,2021-09,0,0.0
17077,2021-10,0,0.0
17077,2021-11,0,0.0
17077,2021-12,0,0.0
17078,2021-01,0,0.0
17078,2021-02,0,0.0
17078,2021-03,0,0.0
17078,2021-04,0,0.0
17078,2021-05,0,0.0
17078,2021-06,0,0.0
17078,2021-07,0,0.0
17078,2021-08,0,0.0
17078,2021-09,0,0.0
17078,2021-10,0,0.0
17078,2021-11,0,0.0
17078,2021-12,0,0.0
17080,2021-01,0,0.0
17080,2021-02,0,0.0
17080,2021-03,0,0.0
17080,2021-04,0,0.0
17080,2021-05,0,0.0
17080,2021-06,0,0.0
17080,2021-07,0,0.0
17080,2021-08,0,0.0
17080,2021-09,0,0.0
17080,2021-10,0,0.0
17080,2021-11,0,0.0
17080,2021-12,0,0.0
17081,2021-01,0,0.0
17081,2021-02,0,0.0
17081,2021-03,0,0.0
17081,2021-04,0,0.0
17081,2021-05,0,0.0
17081,2021-06,0,0.0
17081,2021-07,0,0.0
17081,2021-08,0,0.0
17081,2021-09,0,0.0
17081,2021-10,0,0.0
17081,2021-11,0,0.0
17081,2021-12,0,0.0
17082,2021-01,0,0.0
17082,2021-02,0,0.0
17082,2021-03,0,0.0
17082,2021-04,0,0.0
17082,2021-05,0,0.0
17082,2021-06,0,0.0
17082,2021-07,0,0.0
17082,2021-08,0,0.0
17082,2021-09,0,0.0
17082,2021-10,0,0.0
17082,2021-11,0,0.0
17082,2021-12,0,0.0
17084,2021-01,0,0.0
17084,2021-02,0,0.0
17084,2021-03,0,0.0
17084,2021-04,0,0.0
17084,2021-05,0,0.0
17084,2021-06,0,0.0
17084,2021-07,0,0.0
17084,2021-08,0,0.0
17084,2021-09,0,0.0
17084,2021-10,0,0.0
17084,2021-11,0,0.0
17084,2021-12,0,0.0
17086,2021-01,0,0.0
17086,2021-02,0,0.0
17086,2021-03,0,0.0
17086,2021-04,0,0.0
17086,2021-05,0,0.0
17086,2021-06,0,0.0
17086,2021-07,0,0.0
17086,2021-08,0,0.0
17086,2021-09,0,0.0
17086,2021-10,0,0.0
17086,2021-11,0,0.0
17086,2021-12,0,0.0
17087,2021-01,0,0.0
17087,2021-02,0,0.0
17087,2021-03,0,0.0
17087,2021-04,0,0.0
17087,2021-05,0,0.0
17087,2021-06,0,0.0
17087,2021-07,0,0.0
17087,2021-08,0,0.0
17087,2021-09,0,0.0
17087,2021-10,0,0.0
17087,2021-11,0,0.0
17087,2021-12,0,0.0
17088,2021-01,0,0.0
17088,2021-02,0,0.0
17088,2021-03,0,0.0
17088,2021-04,0,0.0
17088,2021-05,0,0.0
17088,2021-06,0,0.0
17088,2021-07,0,0.0
17088,2021-08,0,0.0
17088,2021-09,0,0.0
17088,2021-10,0,0.0
17088,2021-11,0,0.0
17088,2021-12,0,0.0
17090,2021-01,0,0.0
17090,2021-02,0,0.0
17090,2021-03,0,0.0
17090,2021-04,0,0.0
17090,2021-05,0,0.0
17090,2021-06,0,0.0
17090,2021-07,0,0.0
17090,2021-08,0,0.0
17090,2021-09,0,0.0
17090,2021-10,0,0.0
17090,2021-11,0,0.0
17090,2021-12,0,0.0
17093,2021-01,0,0.0
17093,2021-02,0,0.0
17093,2021-03,0,0.0
17093,2021-04,0,0.0
17093,2021-05,0,0.0
17093,2021-06,0,0.0
17093,2021-07,0,0.0
17093,2021-08,0,0.0
17093,2021-09,0,0.0
17093,2021-10,0,0.0
17093,2021-11,0,0.0
17093,2021-12,0,0.0
17094,2021-01,0,0.0
17094,2021-02,0,0.0
17094,2021-03,0,0.0
17094,2021-04,0,0.0
17094,2021-05,0,0.0
17094,2021-06,0,0.0
17094,2021-07,0,0.0
17094,2021-08,0,0.0
17094,2021-09,0,0.0
17094,2021-10,0,0.0
17094,2021-11,0,0.0
17094,2021-12,0,0.0
17097,2021-01,0,0.0
17097,2021-02,0,0.0
17097,2021-03,0,0.0
17097,2021-04,0,0.0
17097,2021-05,0,0.0
17097,2021-06,0,0.0
17097,2021-07,0,0.0
17097,2021-08,0,0.0
17097,2021-09,0,0.0
17097,2021-10,0,0.0
17097,2021-11,0,0.0
17097,2021-12,0,0.0
17098,2021-01,0,0.0
17098,2021-02,0,0.0
17098,2021-03,0,0.0
17098,2021-04,0,0.0
17098,2021-05,0,0.0
17098,2021-06,0,0.0
17098,2021-07,0,0.0
17098,2021-08,0,0.0
17098,2021-09,0,0.0
17098,2021-10,0,0.0
17098,2021-11,0,0.0
17098,2021-12,0,0.0
17099,2021-01,0,0.0
17099,2021-02,0,0.0
17099,2021-03,0,0.0
17099,2021-04,0,0.0
17099,2021-05,0,0.0
17099,2021-06,0,0.0
17099,2021-07,0,0.0
17099,2021-08,0,0.0
17099,2021-09,0,0.0
17099,2021-10,0,0.0
17099,2021-11,0,0.0
17099,2021-12,0,0.0
17101,2021-01,0,0.0
17101,2021-02,0,0.0
17101,2021-03,0,0.0
17101,2021-04,0,0.0
17101,2021-05,0,0.0
17101,2021-06,0,0.0
17101,2021-07,0,0.0
17101,2021-08,0,0.0
17101,2021-09,0,0.0
17101,2021-10,0,0.0
17101,2021-11,0,0.0
17101,2021-12,0,0.0
17103,2021-01,0,0.0
17103,2021-02,0,0.0
17103,2021-03,0,0.0
17103,2021-04,0,0.0
17103,2021-05,0,0.0
17103,2021-06,0,0.0
17103,2021-07,0,0.0
17103,2021-08,0,0.0
17103,2021-09,0,0.0
17103,2021-10,0,0.0
17103,2021-11,0,0.0
17103,2021-12,0,0.0
17104,2021-01,0,0.0
17104,2021-02,0,0.0
17104,2021-03,0,0.0
17104,2021-04,0,0.0
17104,2021-05,0,0.0
17104,2021-06,0,0.0
17104,2021-07,0,0.0
17104,2021-08,0,0.0
17104,2021-09,0,0.0
17104,2021-10,0,0.0
17104,2021-11,0,0.0
17104,2021-12,0,0.0
17109,2021-01,0,0.0
17109,2021-02,0,0.0
17109,2021-03,0,0.0
17109,2021-04,0,0.0
17109,2021-05,0,0.0
17109,2021-06,0,0.0
17109,2021-07,0,0.0
17109,2021-08,0,0.0
17109,2021-09,0,0.0
17109,2021-10,0,0.0
17109,2021-11,0,0.0
17109,2021-12,0,0.0
17110,2021-01,0,0.0
17110,2021-02,0,0.0
17110,2021-03,0,0.0
17110,2021-04,0,0.0
17110,2021-05,0,0.0
17110,2021-06,0,0.0
17110,2021-07,0,0.0
17110,2021-08,0,0.0
17110,2021-09,0,0.0
17110,2021-10,0,0.0
17110,2021-11,0,0.0
17110,2021-12,0,0.0
17111,2021-01,0,0.0
17111,2021-02,0,0.0
17111,2021-03,0,0.0
17111,2021-04,0,0.0
17111,2021-05,0,0.0
17111,2021-06,0,0.0
17111,2021-07,0,0.0
17111,2021-08,0,0.0
17111,2021-09,0,0.0
17111,2021-10,0,0.0
17111,2021-11,0,0.0
17111,2021-12,0,0.0
17112,2021-01,0,0.0
17112,2021-02,0,0.0
17112,2021-03,0,0.0
17112,2021-04,0,0.0
17112,2021-05,0,0.0
17112,2021-06,0,0.0
17112,2021-07,0,0.0
17112,2021-08,0,0.0
17112,2021-09,0,0.0
17112,2021-10,0,0.0
17112,2021-11,0,0.0
17112,2021-12,0,0.0
17113,2021-01,0,0.0
17113,2021-02,0,0.0
17113,2021-03,0,0.0
17113,2021-04,0,0.0
17113,2021-05,0,0.0
17113,2021-06,0,0.0
17113,2021-07,0,0.0
17113,2021-08,0,0.0
17113,2021-09,0,0.0
17113,2021-10,0,0.0
17113,2021-11,0,0.0
17113,2021-12,0,0.0
17120,2021-01,0,0.0
17120,2021-02,0,0.0
17120,2021-03,0,0.0
17120,2021-04,0,0.0
17120,2021-05,0,0.0
17120,2021-06,0,0.0
17120,2021-07,0,0.0
17120,2021-08,0,0.0
17120,2021-09,0,0.0
17120,2021-10,0,0.0
17120,2021-11,0,0.0
17120,2021-12,0,0.0
17202,2021-01,0,0.0
17202,2021-02,0,0.0
17202,2021-03,0,0.0
17202,2021-04,0,0.0
17202,2021-05,0,0.0
17202,2021-06,0,0.0
17202,2021-07,0,0.0
17202,2021-08,0,0.0
17202,2021-09,0,0.0
17202,2021-10,0,0.0
17202,2021-11,0,0.0
17202,2021-12,0,0.0
17210,2021-01,0,0.0
17210,2021-02,0,0.0
17210,2021-03,0,0.0
17210,2021-04,0,0.0
17210,2021-05,0,0.0
17210,2021-06,0,0.0
17210,2021-07,0,0.0
17210,2021-08,0,0.0
17210,2021-09,0,0.0
17210,2021-10,0,0.0
17210,2021-11,0,0.0
17210,2021-12,0,0.0
17211,2021-01,0,0.0
17211,2021-02,0,0.0
17211,2021-03,0,0.0
17211,2021-04,0,0.0
17211,2021-05,0,0.0
17211,2021-06,0,0.0
17211,2021-07,0,0.0
17211,2021-08,0,0.0
17211,2021-09,0,0.0
17211,2021-10,0,0.0
17211,2021-11,0,0.0
17211,2021-12,0,0.0
17212,2021-01,0,0.0
17212,2021-02,0,0.0
17212,2021-03,0,0.0
17212,2021-04,0,0.0
17212,2021-05,0,0.0
17212,2021-06,0,0.0
17212,2021-07,0,0.0
17212,2021-08,0,0.0
17212,2021-09,0,0.0
17212,2021-10,0,0.0
17212,2021-11,0,0.0
17212,2021-12,0,0.0
17213,2021-01,0,0.0
17213,2021-02,0,0.0
17213,2021-03,0,0.0
17213,2021-04,0,0.0
17213,2021-05,0,0.0
17213,2021-06,0,0.0
17213,2021-07,0,0.0
17213,2021-08,0,0.0
17213,2021-09,0,0.0
17213,2021-10,0,0.0
17213,2021-11,0,0.0
17213,2021-12,0,0.0
17214,2021-01,0,0.0
17214,2021-02,0,0.0
17214,2021-03,0,0.0
17214,2021-04,0,0.0
17214,2021-05,0,0.0
17214,2021-06,0,0.0
17214,2021-07,0,0.0
17214,2021-08,0,0.0
17214,2021-09,0,0.0
17214,2021-10,0,0.0
17214,2021-11,0,0.0
17214,2021-12,0,0.0
17215,2021-01,0,0.0
17215,2021-02,0,0.0
17215,2021-03,0,0.0
17215,2021-04,0,0.0
17215,2021-05,0,0.0
17215,2021-06,0,0.0
17215,2021-07,0,0.0
17215,2021-08,0,0.0
17215,2021-09,0,0.0
17215,2021-10,0,0.0
17215,2021-11,0,0.0
17215,2021-12,0,0.0
17217,2021-01,0,0.0
17217,2021-02,0,0.0
17217,2021-03,0,0.0
17217,2021-04,0,0.0
17217,2021-05,0,0.0
17217,2021-06,0,0.0
17217,2021-07,0,0.0
17217,2021-08,0,0.0
17217,2021-09,0,0.0
17217,2021-10,0,0.0
17217,2021-11,0,0.0
17217,2021-12,0,0.0
17219,2021-01,0,0.0
17219,2021-02,0,0.0
17219,2021-03,0,0.0
17219,2021-04,0,0.0
17219,2021-05,0,0.0
17219,2021-06,0,0.0
17219,2021-07,0,0.0
17219,2021-08,0,0.0
17219,2021-09,0,0.0
17219,2021-10,0,0.0
17219,2021-11,0,0.0
17219,2021-12,0,0.0
17220,2021-01,0,0.0
17220,2021-02,0,0.0
17220,2021-03,0,0.0
17220,2021-04,0,0.0
17220,2021-05,0,0.0
17220,2021-06,0,0.0
17220,2021-07,0,0.0
17220,2021-08,0,0.0
17220,2021-09,0,0.0
17220,2021-10,0,0.0
17220,2021-11,0,0.0
17220,2021-12,0,0.0
17221,2021-01,0,0.0
17221,2021-02,0,0.0
17221,2021-03,0,0.0
17221,2021-04,0,0.0
17221,2021-05,0,0.0
17221,2021-06,0,0.0
17221,2021-07,0,0.0
17221,2021-08,0,0.0
17221,2021-09,0,0.0
17221,2021-10,0,0.0
17221,2021-11,0,0.0
17221,2021-12,0,0.0
17222,2021-01,0,0.0
17222,2021-02,0,0.0
17222,2021-03,0,0.0
17222,2021-04,0,0.0
17222,2021-05,0,0.0
17222,2021-06,0,0.0
17222,2021-07,0,0.0
17222,2021-08,0,0.0
17222,2021-09,0,0.0
17222,2021-10,0,0.0
17222,2021-11,0,0.0
17222,2021-12,0,0.0
17223,2021-01,0,0.0
17223,2021-02,0,0.0
17223,2021-03,0,0.0
17223,2021-04,0,0.0
17223,2021-05,0,0.0
17223,2021-06,0,0.0
17223,2021-07,0,0.0
17223,2021-08,0,0.0
17223,2021-09,0,0.0
17223,2021-10,0,0.0
17223,2021-11,0,0.0
17223,2021-12,0,0.0
17224,2021-01,0,0.0
17224,2021-02,0,0.0
17224,2021-03,0,0.0
17224,2021-04,0,0.0
17224,2021-05,0,0.0
17224,2021-06,0,0.0
17224,2021-07,0,0.0
17224,2021-08,0,0.0
17224,2021-09,0,0.0
17224,2021-10,0,0.0
17224,2021-11,0,0.0
17224,2021-12,0,0.0
17225,2021-01,0,0.0
17225,2021-02,0,0.0
17225,2021-03,0,0.0
17225,2021-04,0,0.0
17225,2021-05,0,0.0
17225,2021-06,0,0.0
17225,2021-07,0,0.0
17225,2021-08,0,0.0
17225,2021-09,0,0.0
17225,2021-10,0,0.0
17225,2021-11,0,0.0
17225,2021-12,0,0.0
17228,2021-01,0,0.0
17228,2021-02,0,0.0
17228,2021-03,0,0.0
17228,2021-04,0,0.0
17228,2021-05,0,0.0
17228,2021-06,0,0.0
17228,2021-07,0,0.0
17228,2021-08,0,0.0
17228,2021-09,0,0.0
17228,2021-10,0,0.0
17228,2021-11,0,0.0
17228,2021-12,0,0.0
17229,2021-01,0,0.0
17229,2021-02,0,0.0
17229,2021-03,0,0.0
17229,2021-04,0,0.0
17229,2021-05,0,0.0
17229,2021-06,0,0.0
17229,2021-07,0,0.0
17229,2021-08,0,0.0
17229,2021-09,0,0.0
17229,2021-10,0,0.0
17229,2021-11,0,0.0
17229,2021-12,0,0.0
17232,2021-01,0,0.0
17232,2021-02,0,0.0
17232,2021-03,0,0.0
17232,2021-04,0,0.0
17232,2021-05,0,0.0
17232,2021-06,0,0.0
17232,2021-07,0,0.0
17232,2021-08,0,0.0
17232,2021-09,0,0.0
17232,2021-10,0,0.0
17232,2021-11,0,0.0
17232,2021-12,0,0.0
17233,2021-01,0,0.0
17233,2021-02,0,0.0
17233,2021-03,0,0.0
17233,2021-04,0,0.0
17233,2021-05,0,0.0
17233,2021-06,0,0.0
17233,2021-07,0,0.0
17233,2021-08,0,0.0
17233,2021-09,0,0.0
17233,2021-10,0,0.0
17233,2021-11,0,0.0
17233,2021-12,0,0.0
17235,2021-01,0,0.0
17235,2021-02,0,0.0
17235,2021-03,0,0.0
17235,2021-04,0,0.0
17235,2021-05,0,0.0
17235,2021-06,0,0.0
17235,2021-07,0,0.0
17235,2021-08,0,0.0
17235,2021-09,0,0.0
17235,2021-10,0,0.0
17235,2021-11,0,0.0
17235,2021-12,0,0.0
17236,2021-01,0,0.0
17236,2021-02,0,0.0
17236,2021-03,0,0.0
17236,2021-04,0,0.0
17236,2021-05,0,0.0
17236,2021-06,0,0.0
17236,2021-07,0,0.0
17236,2021-08,0,0.0
17236,2021-09,0,0.0
17236,2021-10,0,0.0
17236,2021-11,0,0.0
17236,2021-12,0,0.0
17237,2021-01,0,0.0
17237,2021-02,0,0.0
17237,2021-03,0,0.0
17237,2021-04,0,0.0
17237,2021-05,0,0.0
17237,2021-06,0,0.0
17237,2021-07,0,0.0
17237,2021-08,0,0.0
17237,2021-09,0,0.0
17237,2021-10,0,0.0
17237,2021-11,0,0.0
17237,2021-12,0,0.0
17238,2021-01,0,0.0
17238,2021-02,0,0.0
17238,2021-03,0,0.0
17238,2021-04,0,0.0
17238,2021-05,0,0.0
17238,2021-06,0,0.0
17238,2021-07,0,0.0
17238,2021-08,0,0.0
17238,2021-09,0,0.0
17238,2021-10,0,0.0
17238,2021-11,0,0.0
17238,2021-12,0,0.0
17239,2021-01,0,0.0
17239,2021-02,0,0.0
17239,2021-03,0,0.0
17239,2021-04,0,0.0
17239,2021-05,0,0.0
17239,2021-06,0,0.0
17239,2021-07,0,0.0
17239,2021-08,0,0.0
17239,2021-09,0,0.0
17239,2021-10,0,0.0
17239,2021-11,0,0.0
17239,2021-12,0,0.0
17240,2021-01,0,0.0
17240,2021-02,0,0.0
17240,2021-03,0,0.0
17240,2021-04,0,0.0
17240,2021-05,0,0.0
17240,2021-06,0,0.0
17240,2021-07,0,0.0
17240,2021-08,0,0.0
17240,2021-09,0,0.0
17240,2021-10,0,0.0
17240,2021-11,0,0.0
17240,2021-12,0,0.0
17241,2021-01,0,0.0
17241,2021-02,0,0.0
17241,2021-03,0,0.0
17241,2021-04,0,0.0
17241,2021-05,0,0.0
17241,2021-06,0,0.0
17241,2021-07,0,0.0
17241,2021-08,0,0.0
17241,2021-09,0,0.0
17241,2021-10,0,0.0
17241,2021-11,0,0.0
17241,2021-12,0,0.0
17243,2021-01,0,0.0
17243,2021-02,0,0.0
17243,2021-03,0,0.0
17243,2021-04,0,0.0
17243,2021-05,0,0.0
17243,2021-06,0,0.0
17243,2021-07,0,0.0
17243,2021-08,0,0.0
17243,2021-09,0,0.0
17243,2021-10,0,0.0
17243,2021-11,0,0.0
17243,2021-12,0,0.0
17244,2021-01,0,0.0
17244,2021-02,0,0.0
17244,2021-03,0,0.0
17244,2021-04,0,0.0
17244,2021-05,0,0.0
17244,2021-06,0,0.0
17244,2021-07,0,0.0
17244,2021-08,0,0.0
17244,2021-09,0,0.0
17244,2021-10,0,0.0
17244,2021-11,0,0.0
17244,2021-12,0,0.0
17246,2021-01,0,0.0
17246,2021-02,0,0.0
17246,2021-03,0,0.0
17246,2021-04,0,0.0
17246,2021-05,0,0.0
17246,2021-06,0,0.0
17246,2021-07,0,0.0
17246,2021-08,0,0.0
17246,2021-09,0,0.0
17246,2021-10,0,0.0
17246,2021-11,0,0.0
17246,2021-12,0,0.0
17247,2021-01,0,0.0
17247,2021-02,0,0.0
17247,2021-03,0,0.0
17247,2021-04,0,0.0
17247,2021-05,0,0.0
17247,2021-06,0,0.0
17247,2021-07,0,0.0
17247,2021-08,0,0.0
17247,2021-09,0,0.0
17247,2021-10,0,0.0
17247,2021-11,0,0.0
17247,2021-12,0,0.0
17249,2021-01,0,0.0
17249,2021-02,0,0.0
17249,2021-03,0,0.0
17249,2021-04,0,0.0
17249,2021-05,0,0.0
17249,2021-06,0,0.0
17249,2021-07,0,0.0
17249,2021-08,0,0.0
17249,2021-09,0,0.0
17249,2021-10,0,0.0
17249,2021-11,0,0.0
17249,2021-12,0,0.0
17250,2021-01,0,0.0
17250,2021-02,0,0.0
17250,2021-03,0,0.0
17250,2021-04,0,0.0
17250,2021-05,0,0.0
17250,2021-06,0,0.0
17250,2021-07,0,0.0
17250,2021-08,0,0.0
17250,2021-09,0,0.0
17250,2021-10,0,0.0
17250,2021-11,0,0.0
17250,2021-12,0,0.0
17251,2021-01,0,0.0
17251,2021-02,0,0.0
17251,2021-03,0,0.0
17251,2021-04,0,0.0
17251,2021-05,0,0.0
17251,2021-06,0,0.0
17251,2021-07,0,0.0
17251,2021-08,0,0.0
17251,2021-09,0,0.0
17251,2021-10,0,0.0
17251,2021-11,0,0.0
17251,2021-12,0,0.0
17252,2021-01,0,0.0
17252,2021-02,0,0.0
17252,2021-03,0,0.0
17252,2021-04,0,0.0
17252,2021-05,0,0.0
17252,2021-06,0,0.0
17252,2021-07,0,0.0
17252,2021-08,0,0.0
17252,2021-09,0,0.0
17252,2021-10,0,0.0
17252,2021-11,0,0.0
17252,2021-12,0,0.0
17253,2021-01,0,0.0
17253,2021-02,0,0.0
17253,2021-03,0,0.0
17253,2021-04,0,0.0
17253,2021-05,0,0.0
17253,2021-06,0,0.0
17253,2021-07,0,0.0
17253,2021-08,0,0.0
17253,2021-09,0,0.0
17253,2021-10,0,0.0
17253,2021-11,0,0.0
17253,2021-12,0,0.0
17254,2021-01,0,0.0
17254,2021-02,0,0.0
17254,2021-03,0,0.0
17254,2021-04,0,0.0
17254,2021-05,0,0.0
17254,2021-06,0,0.0
17254,2021-07,0,0.0
17254,2021-08,0,0.0
17254,2021-09,0,0.0
17254,2021-10,0,0.0
17254,2021-11,0,0.0
17254,2021-12,0,0.0
17255,2021-01,0,0.0
17255,2021-02,0,0.0
17255,2021-03,0,0.0
17255,2021-04,0,0.0
17255,2021-05,0,0.0
17255,2021-06,0,0.0
17255,2021-07,0,0.0
17255,2021-08,0,0.0
17255,2021-09,0,0.0
17255,2021-10,0,0.0
17255,2021-11,0,0.0
17255,2021-12,0,0.0
17257,2021-01,0,0.0
17257,2021-02,0,0.0
17257,2021-03,0,0.0
17257,2021-04,0,0.0
17257,2021-05,0,0.0
17257,2021-06,0,0.0
17257,2021-07,0,0.0
17257,2021-08,0,0.0
17257,2021-09,0,0.0
17257,2021-10,0,0.0
17257,2021-11,0,0.0
17257,2021-12,0,0.0
17260,2021-01,0,0.0
17260,2021-02,0,0.0
17260,2021-03,0,0.0
17260,2021-04,0,0.0
17260,2021-05,0,0.0
17260,2021-06,0,0.0
17260,2021-07,0,0.0
17260,2021-08,0,0.0
17260,2021-09,0,0.0
17260,2021-10,0,0.0
17260,2021-11,0,0.0
17260,2021-12,0,0.0
17261,2021-01,0,0.0
17261,2021-02,0,0.0
17261,2021-03,0,0.0
17261,2021-04,0,0.0
17261,2021-05,0,0.0
17261,2021-06,0,0.0
17261,2021-07,0,0.0
17261,2021-08,0,0.0
17261,2021-09,0,0.0
17261,2021-10,0,0.0
17261,2021-11,0,0.0
17261,2021-12,0,0.0
17262,2021-01,0,0.0
17262,2021-02,0,0.0
17262,2021-03,0,0.0
17262,2021-04,0,0.0
17262,2021-05,0,0.0
17262,2021-06,0,0.0
17262,2021-07,0,0.0
17262,2021-08,0,0.0
17262,2021-09,0,0.0
17262,2021-10,0,0.0
17262,2021-11,0,0.0
17262,2021-12,0,0.0
17263,2021-01,0,0.0
17263,2021-02,0,0.0
17263,2021-03,0,0.0
17263,2021-04,0,0.0
17263,2021-05,0,0.0
17263,2021-06,0,0.0
17263,2021-07,0,0.0
17263,2021-08,0,0.0
17263,2021-09,0,0.0
17263,2021-10,0,0.0
17263,2021-11,0,0.0
17263,2021-12,0,0.0
17264,2021-01,0,0.0
17264,2021-02,0,0.0
17264,2021-03,0,0.0
17264,2021-04,0,0.0
17264,2021-05,0,0.0
17264,2021-06,0,0.0
17264,2021-07,0,0.0
17264,2021-08,0,0.0
17264,2021-09,0,0.0
17264,2021-10,0,0.0
17264,2021-11,0,0.0
17264,2021-12,0,0.0
17265,2021-01,0,0.0
17265,2021-02,0,0.0
17265,2021-03,0,0.0
17265,2021-04,0,0.0
17265,2021-05,0,0.0
17265,2021-06,0,0.0
17265,2021-07,0,0.0
17265,2021-08,0,0.0
17265,2021-09,0,0.0
17265,2021-10,0,0.0
17265,2021-11,0,0.0
17265,2021-12,0,0.0
17266,2021-01,0,0.0
17266,2021-02,0,0.0
17266,2021-03,0,0.0
17266,2021-04,0,0.0
17266,2021-05,0,0.0
17266,2021-06,0,0.0
17266,2021-07,0,0.0
17266,2021-08,0,0.0
17266,2021-09,0,0.0
17266,2021-10,0,0.0
17266,2021-11,0,0.0
17266,2021-12,0,0.0
17267,2021-01,0,0.0
17267,2021-02,0,0.0
17267,2021-03,0,0.0
17267,2021-04,0,0.0
17267,2021-05,0,0.0
17267,2021-06,0,0.0
17267,2021-07,0,0.0
17267,2021-08,0,0.0
17267,2021-09,0,0.0
17267,2021-10,0,0.0
17267,2021-11,0,0.0
17267,2021-12,0,0.0
17268,2021-01,0,0.0
17268,2021-02,0,0.0
17268,2021-03,0,0.0
17268,2021-04,0,0.0
17268,2021-05,0,0.0
17268,2021-06,0,0.0
17268,2021-07,0,0.0
17268,2021-08,0,0.0
17268,2021-09,0,0.0
17268,2021-10,0,0.0
17268,2021-11,0,0.0
17268,2021-12,0,0.0
17271,2021-01,0,0.0
17271,2021-02,0,0.0
17271,2021-03,0,0.0
17271,2021-04,0,0.0
17271,2021-05,0,0.0
17271,2021-06,0,0.0
17271,2021-07,0,0.0
17271,2021-08,0,0.0
17271,2021-09,0,0.0
17271,2021-10,0,0.0
17271,2021-11,0,0.0
17271,2021-12,0,0.0
17301,2021-01,0,0.0
17301,2021-02,0,0.0
17301,2021-03,0,0.0
17301,2021-04,0,0.0
17301,2021-05,0,0.0
17301,2021-06,0,0.0
17301,2021-07,0,0.0
17301,2021-08,0,0.0
17301,2021-09,0,0.0
17301,2021-10,0,0.0
17301,2021-11,0,0.0
17301,2021-12,0,0.0
17302,2021-01,0,0.0
17302,2021-02,0,0.0
17302,2021-03,0,0.0
17302,2021-04,0,0.0
17302,2021-05,0,0.0
17302,2021-06,0,0.0
17302,2021-07,0,0.0
17302,2021-08,0,0.0
17302,2021-09,0,0.0
17302,2021-10,0,0.0
17302,2021-11,0,0.0
17302,2021-12,0,0.0
17303,2021-01,0,0.0
17303,2021-02,0,0.0
17303,2021-03,0,0.0
17303,2021-04,0,0.0
17303,2021-05,0,0.0
17303,2021-06,0,0.0
17303,2021-07,0,0.0
17303,2021-08,0,0.0
17303,2021-09,0,0.0
17303,2021-10,0,0.0
17303,2021-11,0,0.0
17303,2021-12,0,0.0
17304,2021-01,0,0.0
17304,2021-02,0,0.0
17304,2021-03,0,0.0
17304,2021-04,0,0.0
17304,2021-05,0,0.0
17304,2021-06,0,0.0
17304,2021-07,0,0.0
17304,2021-08,0,0.0
17304,2021-09,0,0.0
17304,2021-10,0,0.0
17304,2021-11,0,0.0
17304,2021-12,0,0.0
17306,2021-01,0,0.0
17306,2021-02,0,0.0
17306,2021-03,0,0.0
17306,2021-04,0,0.0
17306,2021-05,0,0.0
17306,2021-06,0,0.0
17306,2021-07,0,0.0
17306,2021-08,0,0.0
17306,2021-09,0,0.0
17306,2021-10,0,0.0
17306,2021-11,0,0.0
17306,2021-12,0,0.0
17309,2021-01,0,0.0
17309,2021-02,0,0.0
17309,2021-03,0,0.0
17309,2021-04,0,0.0
17309,2021-05,0,0.0
17309,2021-06,0,0.0
17309,2021-07,0,0.0
17309,2021-08,0,0.0
17309,2021-09,0,0.0
17309,2021-10,0,0.0
17309,2021-11,0,0.0
17309,2021-12,0,0.0
17311,2021-01,0,0.0
17311,2021-02,0,0.0
17311,2021-03,0,0.0
17311,2021-04,0,0.0
17311,2021-05,0,0.0
17311,2021-06,0,0.0
17311,2021-07,0,0.0
17311,2021-08,0,0.0
17311,2021-09,0,0.0
17311,2021-10,0,0.0
17311,2021-11,0,0.0
17311,2021-12,0,0.0
17313,2021-01,0,0.0
17313,2021-02,0,0.0
17313,2021-03,0,0.0
17313,2021-04,0,0.0
17313,2021-05,0,0.0
17313,2021-06,0,0.0
17313,2021-07,0,0.0
17313,2021-08,0,0.0
17313,2021-09,0,0.0
17313,2021-10,0,0.0
17313,2021-11,0,0.0
17313,2021-12,0,0.0
17314,2021-01,0,0.0
17314,2021-02,0,0.0
17314,2021-03,0,0.0
17314,2021-04,0,0.0
17314,2021-05,0,0.0
17314,2021-06,0,0.0
17314,2021-07,0,0.0
17314,2021-08,0,0.0
17314,2021-09,0,0.0
17314,2021-10,0,0.0
17314,2021-11,0,0.0
17314,2021-12,0,0.0
17315,2021-01,0,0.0
17315,2021-02,0,0.0
17315,2021-03,0,0.0
17315,2021-04,0,0.0
17315,2021-05,0,0.0
17315,2021-06,0,0.0
17315,2021-07,0,0.0
17315,2021-08,0,0.0
17315,2021-09,0,0.0
17315,2021-10,0,0.0
17315,2021-11,0,0.0
17315,2021-12,0,0.0
17316,2021-01,0,0.0
17316,2021-02,0,0.0
17316,2021-03,0,0.0
17316,2021-04,0,0.0
17316,2021-05,0,0.0
17316,2021-06,0,0.0
17316,2021-07,0,0.0
17316,2021-08,0,0.0
17316,2021-09,0,0.0
17316,2021-10,0,0.0
17316,2021-11,0,0.0
17316,2021-12,0,0.0
17317,2021-01,0,0.0
17317,2021-02,0,0.0
17317,2021-03,0,0.0
17317,2021-04,0,0.0
17317,2021-05,0,0.0
17317,2021-06,0,0.0
17317,2021-07,0,0.0
17317,2021-08,0,0.0
17317,2021-09,0,0.0
17317,2021-10,0,0.0
17317,2021-11,0,0.0
17317,2021-12,0,0.0
17318,2021-01,0,0.0
17318,2021-02,0,0.0
17318,2021-03,0,0.0
17318,2021-04,0,0.0
17318,2021-05,0,0.0
17318,2021-06,0,0.0
17318,2021-07,0,0.0
17318,2021-08,0,0.0
17318,2021-09,0,0.0
17318,2021-10,0,0.0
17318,2021-11,0,0.0
17318,2021-12,0,0.0
17319,2021-01,0,0.0
17319,2021-02,0,0.0
17319,2021-03,0,0.0
17319,2021-04,0,0.0
17319,2021-05,0,0.0
17319,2021-06,0,0.0
17319,2021-07,0,0.0
17319,2021-08,0,0.0
17319,2021-09,0,0.0
17319,2021-10,0,0.0
17319,2021-11,0,0.0
17319,2021-12,0,0.0
17321,2021-01,0,0.0
17321,2021-02,0,0.0
17321,2021-03,0,0.0
17321,2021-04,0,0.0
17321,2021-05,0,0.0
17321,2021-06,0,0.0
17321,2021-07,0,0.0
17321,2021-08,0,0.0
17321,2021-09,0,0.0
17321,2021-10,0,0.0
17321,2021-11,0,0.0
17321,2021-12,0,0.0
17322,2021-01,0,0.0
17322,2021-02,0,0.0
17322,2021-03,0,0.0
17322,2021-04,0,0.0
17322,2021-05,0,0.0
17322,2021-06,0,0.0
17322,2021-07,0,0.0
17322,2021-08,0,0.0
17322,2021-09,0,0.0
17322,2021-10,0,0.0
17322,2021-11,0,0.0
17322,2021-12,0,0.0
17323,2021-01,0,0.0
17323,2021-02,0,0.0
17323,2021-03,0,0.0
17323,2021-04,0,0.0
17323,2021-05,0,0.0
17323,2021-06,0,0.0
17323,2021-07,0,0.0
17323,2021-08,0,0.0
17323,2021-09,0,0.0
17323,2021-10,0,0.0
17323,2021-11,0,0.0
17323,2021-12,0,0.0
17324,2021-01,0,0.0
17324,2021-02,0,0.0
17324,2021-03,0,0.0
17324,2021-04,0,0.0
17324,2021-05,0,0.0
17324,2021-06,0,0.0
17324,2021-07,0,0.0
17324,2021-08,0,0.0
17324,2021-09,0,0.0
17324,2021-10,0,0.0
17324,2021-11,0,0.0
17324,2021-12,0,0.0
17329,2021-01,0,0.0
17329,2021-02,0,0.0
17329,2021-03,0,0.0
17329,2021-04,0,0.0
17329,2021-05,0,0.0
17329,2021-06,0,0.0
17329,2021-07,0,0.0
17329,2021-08,0,0.0
17329,2021-09,0,0.0
17329,2021-10,0,0.0
17329,2021-11,0,0.0
17329,2021-12,0,0.0
17331,2021-01,0,0.0
17331,2021-02,0,0.0
17331,2021-03,0,0.0
17331,2021-04,0,0.0
17331,2021-05,0,0.0
17331,2021-06,0,0.0
17331,2021-07,0,0.0
17331,2021-08,0,0.0
17331,2021-09,0,0.0
17331,2021-10,0,0.0
17331,2021-11,0,0.0
17331,2021-12,0,0.0
17339,2021-01,0,0.0
17339,2021-02,0,0.0
17339,2021-03,0,0.0
17339,2021-04,0,0.0
17339,2021-05,0,0.0
17339,2021-06,0,0.0
17339,2021-07,0,0.0
17339,2021-08,0,0.0
17339,2021-09,0,0.0
17339,2021-10,0,0.0
17339,2021-11,0,0.0
17339,2021-12,0,0.0
17340,2021-01,0,0.0
17340,2021-02,0,0.0
17340,2021-03,0,0.0
17340,2021-04,0,0.0
17340,2021-05,0,0.0
17340,2021-06,0,0.0
17340,2021-07,0,0.0
17340,2021-08,0,0.0
17340,2021-09,0,0.0
17340,2021-10,0,0.0
17340,2021-11,0,0.0
17340,2021-12,0,0.0
17342,2021-01,0,0.0
17342,2021-02,0,0.0
17342,2021-03,0,0.0
17342,2021-04,0,0.0
17342,2021-05,0,0.0
17342,2021-06,0,0.0
17342,2021-07,0,0.0
17342,2021-08,0,0.0
17342,2021-09,0,0.0
17342,2021-10,0,0.0
17342,2021-11,0,0.0
17342,2021-12,0,0.0
17343,2021-01,0,0.0
17343,2021-02,0,0.0
17343,2021-03,0,0.0
17343,2021-04,0,0.0
17343,2021-05,0,0.0
17343,2021-06,0,0.0
17343,2021-07,0,0.0
17343,2021-08,0,0.0
17343,2021-09,0,0.0
17343,2021-10,0,0.0
17343,2021-11,0,0.0
17343,2021-12,0,0.0
17344,2021-01,0,0.0
17344,2021-02,0,0.0
17344,2021-03,0,0.0
17344,2021-04,0,0.0
17344,2021-05,0,0.0
17344,2021-06,0,0.0
17344,2021-07,0,0.0
17344,2021-08,0,0.0
17344,2021-09,0,0.0
17344,2021-10,0,0.0
17344,2021-11,0,0.0
17344,2021-12,0,0.0
17345,2021-01,0,0.0
17345,2021-02,0,0.0
17345,2021-03,0,0.0
17345,2021-04,0,0.0
17345,2021-05,0,0.0
17345,2021-06,0,0.0
17345,2021-07,0,0.0
17345,2021-08,0,0.0
17345,2021-09,0,0.0
17345,2021-10,0,0.0
17345,2021-11,0,0.0
17345,2021-12,0,0.0
17349,2021-01,0,0.0
17349,2021-02,0,0.0
17349,2021-03,0,0.0
17349,2021-04,0,0.0
17349,2021-05,0,0.0
17349,2021-06,0,0.0
17349,2021-07,0,0.0
17349,2021-08,0,0.0
17349,2021-09,0,0.0
17349,2021-10,0,0.0
17349,2021-11,0,0.0
17349,2021-12,0,0.0
17350,2021-01,0,0.0
17350,2021-02,0,0.0
17350,2021-03,0,0.0
17350,2021-04,0,0.0
17350,2021-05,0,0.0
17350,2021-06,0,0.0
17350,2021-07,0,0.0
17350,2021-08,0,0.0
17350,2021-09,0,0.0
17350,2021-10,0,0.0
17350,2021-11,0,0.0
17350,2021-12,0,0.0
17352,2021-01,0,0.0
17352,2021-02,0,0.0
17352,2021-03,0,0.0
17352,2021-04,0,0.0
17352,2021-05,0,0.0
17352,2021-06,0,0.0
17352,2021-07,0,0.0
17352,2021-08,0,0.0
17352,2021-09,0,0.0
17352,2021-10,0,0.0
17352,2021-11,0,0.0
17352,2021-12,0,0.0
17353,2021-01,0,0.0
17353,2021-02,0,0.0
17353,2021-03,0,0.0
17353,2021-04,0,0.0
17353,2021-05,0,0.0
17353,2021-06,0,0.0
17353,2021-07,0,0.0
17353,2021-08,0,0.0
17353,2021-09,0,0.0
17353,2021-10,0,0.0
17353,2021-11,0,0.0
17353,2021-12,0,0.0
17355,2021-01,0,0.0
17355,2021-02,0,0.0
17355,2021-03,0,0.0
17355,2021-04,0,0.0
17355,2021-05,0,0.0
17355,2021-06,0,0.0
17355,2021-07,0,0.0
17355,2021-08,0,0.0
17355,2021-09,0,0.0
17355,2021-10,0,0.0
17355,2021-11,0,0.0
17355,2021-12,0,0.0
17356,2021-01,0,0.0
17356,2021-02,0,0.0
17356,2021-03,0,0.0
17356,2021-04,0,0.0
17356,2021-05,0,0.0
17356,2021-06,0,0.0
17356,2021-07,0,0.0
17356,2021-08,0,0.0
17356,2021-09,0,0.0
17356,2021-10,0,0.0
17356,2021-11,0,0.0
17356,2021-12,0,0.0
17360,2021-01,0,0.0
17360,2021-02,0,0.0
17360,2021-03,0,0.0
17360,2021-04,0,0.0
17360,2021-05,0,0.0
17360,2021-06,0,0.0
17360,2021-07,0,0.0
17360,2021-08,0,0.0
17360,2021-09,0,0.0
17360,2021-10,0,0.0
17360,2021-11,0,0.0
17360,2021-12,0,0.0
17361,2021-01,0,0.0
17361,2021-02,0,0.0
17361,2021-03,0,0.0
17361,2021-04,0,0.0
17361,2021-05,0,0.0
17361,2021-06,0,0.0
17361,2021-07,0,0.0
17361,2021-08,0,0.0
17361,2021-09,0,0.0
17361,2021-10,0,0.0
17361,2021-11,0,0.0
17361,2021-12,0,0.0
17362,2021-01,0,0.0
17362,2021-02,0,0.0
17362,2021-03,0,0.0
17362,2021-04,0,0.0
17362,2021-05,0,0.0
17362,2021-06,0,0.0
17362,2021-07,0,0.0
17362,2021-08,0,0.0
17362,2021-09,0,0.0
17362,2021-10,0,0.0
17362,2021-11,0,0.0
17362,2021-12,0,0.0
17363,2021-01,0,0.0
17363,2021-02,0,0.0
17363,2021-03,0,0.0
17363,2021-04,0,0.0
17363,2021-05,0,0.0
17363,2021-06,0,0.0
17363,2021-07,0,0.0
17363,2021-08,0,0.0
17363,2021-09,0,0.0
17363,2021-10,0,0.0
17363,2021-11,0,0.0
17363,2021-12,0,0.0
17364,2021-01,0,0.0
17364,2021-02,0,0.0
17364,2021-03,0,0.0
17364,2021-04,0,0.0
17364,2021-05,0,0.0
17364,2021-06,0,0.0
17364,2021-07,0,0.0
17364,2021-08,0,0.0
17364,2021-09,0,0.0
17364,2021-10,0,0.0
17364,2021-11,0,0.0
17364,2021-12,0,0.0
17365,2021-01,0,0.0
17365,2021-02,0,0.0
17365,2021-03,0,0.0
17365,2021-04,0,0.0
17365,2021-05,0,0.0
17365,2021-06,0,0.0
17365,2021-07,0,0.0
17365,2021-08,0,0.0
17365,2021-09,0,0.0
17365,2021-10,0,0.0
17365,2021-11,0,0.0
17365,2021-12,0,0.0
17366,2021-01,0,0.0
17366,2021-02,0,0.0
17366,2021-03,0,0.0
17366,2021-04,0,0.0
17366,2021-05,0,0.0
17366,2021-06,0,0.0
17366,2021-07,0,0.0
17366,2021-08,0,0.0
17366,2021-09,0,0.0
17366,2021-10,0,0.0
17366,2021-11,0,0.0
17366,2021-12,0,0.0
17368,2021-01,0,0.0
17368,2021-02,0,0.0
17368,2021-03,0,0.0
17368,2021-04,0,0.0
17368,2021-05,0,0.0
17368,2021-06,0,0.0
17368,2021-07,0,0.0
17368,2021-08,0,0.0
17368,2021-09,0,0.0
17368,2021-10,0,0.0
17368,2021-11,0,0.0
17368,2021-12,0,0.0
17370,2021-01,0,0.0
17370,2021-02,0,0.0
17370,2021-03,0,0.0
17370,2021-04,0,0.0
17370,2021-05,0,0.0
17370,2021-06,0,0.0
17370,2021-07,0,0.0
17370,2021-08,0,0.0
17370,2021-09,0,0.0
17370,2021-10,0,0.0
17370,2021-11,0,0.0
17370,2021-12,0,0.0
17371,2021-01,0,0.0
17371,2021-02,0,0.0
17371,2021-03,0,0.0
17371,2021-04,0,0.0
17371,2021-05,0,0.0
17371,2021-06,0,0.0
17371,2021-07,0,0.0
17371,2021-08,0,0.0
17371,2021-09,0,0.0
17371,2021-10,0,0.0
17371,2021-11,0,0.0
17371,2021-12,0,0.0
17372,2021-01,0,0.0
17372,2021-02,0,0.0
17372,2021-03,0,0.0
17372,2021-04,0,0.0
17372,2021-05,0,0.0
17372,2021-06,0,0.0
17372,2021-07,0,0.0
17372,2021-08,0,0.0
17372,2021-09,0,0.0
17372,2021-10,0,0.0
17372,2021-11,0,0.0
17372,2021-12,0,0.0
17403,2021-01,0,0.0
17403,2021-02,0,0.0
17403,2021-03,0,0.0
17403,2021-04,0,0.0
17403,2021-05,0,0.0
17403,2021-06,0,0.0
17403,2021-07,0,0.0
17403,2021-08,0,0.0
17403,2021-09,0,0.0
17403,2021-10,0,0.0
17403,2021-11,0,0.0
17403,2021-12,0,0.0
17404,2021-01,0,0.0
17404,2021-02,0,0.0
17404,2021-03,0,0.0
17404,2021-04,0,0.0
17404,2021-05,0,0.0
17404,2021-06,0,0.0
17404,2021-07,0,0.0
17404,2021-08,0,0.0
17404,2021-09,0,0.0
17404,2021-10,0,0.0
17404,2021-11,0,0.0
17404,2021-12,0,0.0
17406,2021-01,0,0.0
17406,2021-02,0,0.0
17406,2021-03,0,0.0
17406,2021-04,0,0.0
17406,2021-05,0,0.0
17406,2021-06,0,0.0
17406,2021-07,0,0.0
17406,2021-08,0,0.0
17406,2021-09,0,0.0
17406,2021-10,0,0.0
17406,2021-11,0,0.0
17406,2021-12,0,0.0
17407,2021-01,0,0.0
17407,2021-02,0,0.0
17407,2021-03,0,0.0
17407,2021-04,0,0.0
17407,2021-05,0,0.0
17407,2021-06,0,0.0
17407,2021-07,0,0.0
17407,2021-08,0,0.0
17407,2021-09,0,0.0
17407,2021-10,0,0.0
17407,2021-11,0,0.0
17407,2021-12,0,0.0
17408,2021-01,0,0.0
17408,2021-02,0,0.0
17408,2021-03,0,0.0
17408,2021-04,0,0.0
17408,2021-05,0,0.0
17408,2021-06,0,0.0
17408,2021-07,0,0.0
17408,2021-08,0,0.0
17408,2021-09,0,0.0
17408,2021-10,0,0.0
17408,2021-11,0,0.0
17408,2021-12,0,0.0
17501,2021-01,0,0.0
17501,2021-02,0,0.0
17501,2021-03,0,0.0
17501,2021-04,0,0.0
17501,2021-05,0,0.0
17501,2021-06,0,0.0
17501,2021-07,0,0.0
17501,2021-08,0,0.0
17501,2021-09,0,0.0
17501,2021-10,0,0.0
17501,2021-11,0,0.0
17501,2021-12,0,0.0
17502,2021-01,0,0.0
17502,2021-02,0,0.0
17502,2021-03,0,0.0
17502,2021-04,0,0.0
17502,2021-05,0,0.0
17502,2021-06,0,0.0
17502,2021-07,0,0.0
17502,2021-08,0,0.0
17502,2021-09,0,0.0
17502,2021-10,0,0.0
17502,2021-11,0,0.0
17502,2021-12,0,0.0
17504,2021-01,0,0.0
17504,2021-02,0,0.0
17504,2021-03,0,0.0
17504,2021-04,0,0.0
17504,2021-05,0,0.0
17504,2021-06,0,0.0
17504,2021-07,0,0.0
17504,2021-08,0,0.0
17504,2021-09,0,0.0
17504,2021-10,0,0.0
17504,2021-11,0,0.0
17504,2021-12,0,0.0
17505,2021-01,0,0.0
17505,2021-02,0,0.0
17505,2021-03,0,0.0
17505,2021-04,0,0.0
17505,2021-05,0,0.0
17505,2021-06,0,0.0
17505,2021-07,0,0.0
17505,2021-08,0,0.0
17505,2021-09,0,0.0
17505,2021-10,0,0.0
17505,2021-11,0,0.0
17505,2021-12,0,0.0
17506,2021-01,0,0.0
17506,2021-02,0,0.0
17506,2021-03,0,0.0
17506,2021-04,0,0.0
17506,2021-05,0,0.0
17506,2021-06,0,0.0
17506,2021-07,0,0.0
17506,2021-08,0,0.0
17506,2021-09,0,0.0
17506,2021-10,0,0.0
17506,2021-11,0,0.0
17506,2021-12,0,0.0
17507,2021-01,0,0.0
17507,2021-02,0,0.0
17507,2021-03,0,0.0
17507,2021-04,0,0.0
17507,2021-05,0,0.0
17507,2021-06,0,0.0
17507,2021-07,0,0.0
17507,2021-08,0,0.0
17507,2021-09,0,0.0
17507,2021-10,0,0.0
17507,2021-11,0,0.0
17507,2021-12,0,0.0
17508,2021-01,0,0.0
17508,2021-02,0,0.0
17508,2021-03,0,0.0
17508,2021-04,0,0.0
17508,2021-05,0,0.0
17508,2021-06,0,0.0
17508,2021-07,0,0.0
17508,2021-08,0,0.0
17508,2021-09,0,0.0
17508,2021-10,0,0.0
17508,2021-11,0,0.0
17508,2021-12,0,0.0
17509,2021-01,0,0.0
17509,2021-02,0,0.0
17509,2021-03,0,0.0
17509,2021-04,0,0.0
17509,2021-05,0,0.0
17509,2021-06,0,0.0
17509,2021-07,0,0.0
17509,2021-08,0,0.0
17509,2021-09,0,0.0
17509,2021-10,0,0.0
17509,2021-11,0,0.0
17509,2021-12,0,0.0
17512,2021-01,0,0.0
17512,2021-02,0,0.0
17512,2021-03,0,0.0
17512,2021-04,0,0.0
17512,2021-05,0,0.0
17512,2021-06,0,0.0
17512,2021-07,0,0.0
17512,2021-08,0,0.0
17512,2021-09,0,0.0
17512,2021-10,0,0.0
17512,2021-11,0,0.0
17512,2021-12,0,0.0
17516,2021-01,0,0.0
17516,2021-02,0,0.0
17516,2021-03,0,0.0
17516,2021-04,0,0.0
17516,2021-05,0,0.0
17516,2021-06,0,0.0
17516,2021-07,0,0.0
17516,2021-08,0,0.0
17516,2021-09,0,0.0
17516,2021-10,0,0.0
17516,2021-11,0,0.0
17516,2021-12,0,0.0
17517,2021-01,0,0.0
17517,2021-02,0,0.0
17517,2021-03,0,0.0
17517,2021-04,0,0.0
17517,2021-05,0,0.0
17517,2021-06,0,0.0
17517,2021-07,0,0.0
17517,2021-08,0,0.0
17517,2021-09,0,0.0
17517,2021-10,0,0.0
17517,2021-11,0,0.0
17517,2021-12,0,0.0
17518,2021-01,0,0.0
17518,2021-02,0,0.0
17518,2021-03,0,0.0
17518,2021-04,0,0.0
17518,2021-05,0,0.0
17518,2021-06,0,0.0
17518,2021-07,0,0.0
17518,2021-08,0,0.0
17518,2021-09,0,0.0
17518,2021-10,0,0.0
17518,2021-11,0,0.0
17518,2021-12,0,0.0
17519,2021-01,0,0.0
17519,2021-02,0,0.0
17519,2021-03,0,0.0
17519,2021-04,0,0.0
17519,2021-05,0,0.0
17519,2021-06,0,0.0
17519,2021-07,0,0.0
17519,2021-08,0,0.0
17519,2021-09,0,0.0
17519,2021-10,0,0.0
17519,2021-11,0,0.0
17519,2021-12,0,0.0
17520,2021-01,0,0.0
17520,2021-02,0,0.0
17520,2021-03,0,0.0
17520,2021-04,0,0.0
17520,2021-05,0,0.0
17520,2021-06,0,0.0
17520,2021-07,0,0.0
17520,2021-08,0,0.0
17520,2021-09,0,0.0
17520,2021-10,0,0.0
17520,2021-11,0,0.0
17520,2021-12,0,0.0
17522,2021-01,0,0.0
17522,2021-02,0,0.0
17522,2021-03,0,0.0
17522,2021-04,0,0.0
17522,2021-05,0,0.0
17522,2021-06,0,0.0
17522,2021-07,0,0.0
17522,2021-08,0,0.0
17522,2021-09,0,0.0
17522,2021-10,0,0.0
17522,2021-11,0,0.0
17522,2021-12,0,0.0
17527,2021-01,0,0.0
17527,2021-02,0,0.0
17527,2021-03,0,0.0
17527,2021-04,0,0.0
17527,2021-05,0,0.0
17527,2021-06,0,0.0
17527,2021-07,0,0.0
17527,2021-08,0,0.0
17527,2021-09,0,0.0
17527,2021-10,0,0.0
17527,2021-11,0,0.0
17527,2021-12,0,0.0
17529,2021-01,0,0.0
17529,2021-02,0,0.0
17529,2021-03,0,0.0
17529,2021-04,0,0.0
17529,2021-05,0,0.0
17529,2021-06,0,0.0
17529,2021-07,0,0.0
17529,2021-08,0,0.0
17529,2021-09,0,0.0
17529,2021-10,0,0.0
17529,2021-11,0,0.0
17529,2021-12,0,0.0
17532,2021-01,0,0.0
17532,2021-02,0,0.0
17532,2021-03,0,0.0
17532,2021-04,0,0.0
17532,2021-05,0,0.0
17532,2021-06,0,0.0
17532,2021-07,0,0.0
17532,2021-08,0,0.0
17532,2021-09,0,0.0
17532,2021-10,0,0.0
17532,2021-11,0,0.0
17532,2021-12,0,0.0
17534,2021-01,0,0.0
17534,2021-02,0,0.0
17534,2021-03,0,0.0
17534,2021-04,0,0.0
17534,2021-05,0,0.0
17534,2021-06,0,0.0
17534,2021-07,0,0.0
17534,2021-08,0,0.0
17534,2021-09,0,0.0
17534,2021-10,0,0.0
17534,2021-11,0,0.0
17534,2021-12,0,0.0
17535,2021-01,0,0.0
17535,2021-02,0,0.0
17535,2021-03,0,0.0
17535,2021-04,0,0.0
17535,2021-05,0,0.0
17535,2021-06,0,0.0
17535,2021-07,0,0.0
17535,2021-08,0,0.0
17535,2021-09,0,0.0
17535,2021-10,0,0.0
17535,2021-11,0,0.0
17535,2021-12,0,0.0
17536,2021-01,0,0.0
17536,2021-02,0,0.0
17536,2021-03,0,0.0
17536,2021-04,0,0.0
17536,2021-05,0,0.0
17536,2021-06,0,0.0
17536,2021-07,0,0.0
17536,2021-08,0,0.0
17536,2021-09,0,0.0
17536,2021-10,0,0.0
17536,2021-11,0,0.0
17536,2021-12,0,0.0
17540,2021-01,0,0.0
17540,2021-02,0,0.0
17540,2021-03,0,0.0
17540,2021-04,0,0.0
17540,2021-05,0,0.0
17540,2021-06,0,0.0
17540,2021-07,0,0.0
17540,2021-08,0,0.0
17540,2021-09,0,0.0
17540,2021-10,0,0.0
17540,2021-11,0,0.0
17540,2021-12,0,0.0
17543,2021-01,0,0.0
17543,2021-02,0,0.0
17543,2021-03,0,0.0
17543,2021-04,0,0.0
17543,2021-05,0,0.0
17543,2021-06,0,0.0
17543,2021-07,0,0.0
17543,2021-08,0,0.0
17543,2021-09,0,0.0
17543,2021-10,0,0.0
17543,2021-11,0,0.0
17543,2021-12,0,0.0
17545,2021-01,0,0.0
17545,2021-02,0,0.0
17545,2021-03,0,0.0
17545,2021-04,0,0.0
17545,2021-05,0,0.0
17545,2021-06,0,0.0
17545,2021-07,0,0.0
17545,2021-08,0,0.0
17545,2021-09,0,0.0
17545,2021-10,0,0.0
17545,2021-11,0,0.0
17545,2021-12,0,0.0
17547,2021-01,0,0.0
17547,2021-02,0,0.0
17547,2021-03,0,0.0
17547,2021-04,0,0.0
17547,2021-05,0,0.0
17547,2021-06,0,0.0
17547,2021-07,0,0.0
17547,2021-08,0,0.0
17547,2021-09,0,0.0
17547,2021-10,0,0.0
17547,2021-11,0,0.0
17547,2021-12,0,0.0
17550,2021-01,0,0.0
17550,2021-02,0,0.0
17550,2021-03,0,0.0
17550,2021-04,0,0.0
17550,2021-05,0,0.0
17550,2021-06,0,0.0
17550,2021-07,0,0.0
17550,2021-08,0,0.0
17550,2021-09,0,0.0
17550,2021-10,0,0.0
17550,2021-11,0,0.0
17550,2021-12,0,0.0
17551,2021-01,0,0.0
17551,2021-02,0,0.0
17551,2021-03,0,0.0
17551,2021-04,0,0.0
17551,2021-05,0,0.0
17551,2021-06,0,0.0
17551,2021-07,0,0.0
17551,2021-08,0,0.0
17551,2021-09,0,0.0
17551,2021-10,0,0.0
17551,2021-11,0,0.0
17551,2021-12,0,0.0
17552,2021-01,0,0.0
17552,2021-02,0,0.0
17552,2021-03,0,0.0
17552,2021-04,0,0.0
17552,2021-05,0,0.0
17552,2021-06,0,0.0
17552,2021-07,0,0.0
17552,2021-08,0,0.0
17552,2021-09,0,0.0
17552,2021-10,0,0.0
17552,2021-11,0,0.0
17552,2021-12,0,0.0
17554,2021-01,0,0.0
17554,2021-02,0,0.0
17554,2021-03,0,0.0
17554,2021-04,0,0.0
17554,2021-05,0,0.0
17554,2021-06,0,0.0
17554,2021-07,0,0.0
17554,2021-08,0,0.0
17554,2021-09,0,0.0
17554,2021-10,0,0.0
17554,2021-11,0,0.0
17554,2021-12,0,0.0
17555,2021-01,0,0.0
17555,2021-02,0,0.0
17555,2021-03,0,0.0
17555,2021-04,0,0.0
17555,2021-05,0,0.0
17555,2021-06,0,0.0
17555,2021-07,0,0.0
17555,2021-08,0,0.0
17555,2021-09,0,0.0
17555,2021-10,0,0.0
17555,2021-11,0,0.0
17555,2021-12,0,0.0
17557,2021-01,0,0.0
17557,2021-02,0,0.0
17557,2021-03,0,0.0
17557,2021-04,0,0.0
17557,2021-05,0,0.0
17557,2021-06,0,0.0
17557,2021-07,0,0.0
17557,2021-08,0,0.0
17557,2021-09,0,0.0
17557,2021-10,0,0.0
17557,2021-11,0,0.0
17557,2021-12,0,0.0
17560,2021-01,0,0.0
17560,2021-02,0,0.0
17560,2021-03,0,0.0
17560,2021-04,0,0.0
17560,2021-05,0,0.0
17560,2021-06,0,0.0
17560,2021-07,0,0.0
17560,2021-08,0,0.0
17560,2021-09,0,0.0
17560,2021-10,0,0.0
17560,2021-11,0,0.0
17560,2021-12,0,0.0
17562,2021-01,0,0.0
17562,2021-02,0,0.0
17562,2021-03,0,0.0
17562,2021-04,0,0.0
17562,2021-05,0,0.0
17562,2021-06,0,0.0
17562,2021-07,0,0.0
17562,2021-08,0,0.0
17562,2021-09,0,0.0
17562,2021-10,0,0.0
17562,2021-11,0,0.0
17562,2021-12,0,0.0
17563,2021-01,0,0.0
17563,2021-02,0,0.0
17563,2021-03,0,0.0
17563,2021-04,0,0.0
17563,2021-05,0,0.0
17563,2021-06,0,0.0
17563,2021-07,0,0.0
17563,2021-08,0,0.0
17563,2021-09,0,0.0
17563,2021-10,0,0.0
17563,2021-11,0,0.0
17563,2021-12,0,0.0
17565,2021-01,0,0.0
17565,2021-02,0,0.0
17565,2021-03,0,0.0
17565,2021-04,0,0.0
17565,2021-05,0,0.0
17565,2021-06,0,0.0
17565,2021-07,0,0.0
17565,2021-08,0,0.0
17565,2021-09,0,0.0
17565,2021-10,0,0.0
17565,2021-11,0,0.0
17565,2021-12,0,0.0
17568,2021-01,0,0.0
17568,2021-02,0,0.0
17568,2021-03,0,0.0
17568,2021-04,0,0.0
17568,2021-05,0,0.0
17568,2021-06,0,0.0
17568,2021-07,0,0.0
17568,2021-08,0,0.0
17568,2021-09,0,0.0
17568,2021-10,0,0.0
17568,2021-11,0,0.0
17568,2021-12,0,0.0
17569,2021-01,0,0.0
17569,2021-02,0,0.0
17569,2021-03,0,0.0
17569,2021-04,0,0.0
17569,2021-05,0,0.0
17569,2021-06,0,0.0
17569,2021-07,0,0.0
17569,2021-08,0,0.0
17569,2021-09,0,0.0
17569,2021-10,0,0.0
17569,2021-11,0,0.0
17569,2021-12,0,0.0
17570,2021-01,0,0.0
17570,2021-02,0,0.0
17570,2021-03,0,0.0
17570,2021-04,0,0.0
17570,2021-05,0,0.0
17570,2021-06,0,0.0
17570,2021-07,0,0.0
17570,2021-08,0,0.0
17570,2021-09,0,0.0
17570,2021-10,0,0.0
17570,2021-11,0,0.0
17570,2021-12,0,0.0
17572,2021-01,0,0.0
17572,2021-02,0,0.0
17572,2021-03,0,0.0
17572,2021-04,0,0.0
17572,2021-05,0,0.0
17572,2021-06,0,0.0
17572,2021-07,0,0.0
17572,2021-08,0,0.0
17572,2021-09,0,0.0
17572,2021-10,0,0.0
17572,2021-11,0,0.0
17572,2021-12,0,0.0
17576,2021-01,0,0.0
17576,2021-02,0,0.0
17576,2021-03,0,0.0
17576,2021-04,0,0.0
17576,2021-05,0,0.0
17576,2021-06,0,0.0
17576,2021-07,0,0.0
17576,2021-08,0,0.0
17576,2021-09,0,0.0
17576,2021-10,0,0.0
17576,2021-11,0,0.0
17576,2021-12,0,0.0
17578,2021-01,0,0.0
17578,2021-02,0,0.0
17578,2021-03,0,0.0
17578,2021-04,0,0.0
17578,2021-05,0,0.0
17578,2021-06,0,0.0
17578,2021-07,0,0.0
17578,2021-08,0,0.0
17578,2021-09,0,0.0
17578,2021-10,0,0.0
17578,2021-11,0,0.0
17578,2021-12,0,0.0
17581,2021-01,0,0.0
17581,2021-02,0,0.0
17581,2021-03,0,0.0
17581,2021-04,0,0.0
17581,2021-05,0,0.0
17581,2021-06,0,0.0
17581,2021-07,0,0.0
17581,2021-08,0,0.0
17581,2021-09,0,0.0
17581,2021-10,0,0.0
17581,2021-11,0,0.0
17581,2021-12,0,0.0
17582,2021-01,0,0.0
17582,2021-02,0,0.0
17582,2021-03,0,0.0
17582,2021-04,0,0.0
17582,2021-05,0,0.0
17582,2021-06,0,0.0
17582,2021-07,0,0.0
17582,2021-08,0,0.0
17582,2021-09,0,0.0
17582,2021-10,0,0.0
17582,2021-11,0,0.0
17582,2021-12,0,0.0
17584,2021-01,0,0.0
17584,2021-02,0,0.0
17584,2021-03,0,0.0
17584,2021-04,0,0.0
17584,2021-05,0,0.0
17584,2021-06,0,0.0
17584,2021-07,0,0.0
17584,2021-08,0,0.0
17584,2021-09,0,0.0
17584,2021-10,0,0.0
17584,2021-11,0,0.0
17584,2021-12,0,0.0
17601,2021-01,0,0.0
17601,2021-02,0,0.0
17601,2021-03,0,0.0
17601,2021-04,0,0.0
17601,2021-05,0,0.0
17601,2021-06,0,0.0
17601,2021-07,0,0.0
17601,2021-08,0,0.0
17601,2021-09,0,0.0
17601,2021-10,0,0.0
17601,2021-11,0,0.0
17601,2021-12,0,0.0
17603,2021-01,0,0.0
17603,2021-02,0,0.0
17603,2021-03,0,0.0
17603,2021-04,0,0.0
17603,2021-05,0,0.0
17603,2021-06,0,0.0
17603,2021-07,0,0.0
17603,2021-08,0,0.0
17603,2021-09,0,0.0
17603,2021-10,0,0.0
17603,2021-11,0,0.0
17603,2021-12,0,0.0
17606,2021-01,0,0.0
17606,2021-02,0,0.0
17606,2021-03,0,0.0
17606,2021-04,0,0.0
17606,2021-05,0,0.0
17606,2021-06,0,0.0
17606,2021-07,0,0.0
17606,2021-08,0,0.0
17606,2021-09,0,0.0
17606,2021-10,0,0.0
17606,2021-11,0,0.0
17606,2021-12,0,0.0
17702,2021-01,0,0.0
17702,2021-02,0,0.0
17702,2021-03,0,0.0
17702,2021-04,0,0.0
17702,2021-05,0,0.0
17702,2021-06,0,0.0
17702,2021-07,0,0.0
17702,2021-08,0,0.0
17702,2021-09,0,0.0
17702,2021-10,0,0.0
17702,2021-11,0,0.0
17702,2021-12,0,0.0
17720,2021-01,0,0.0
17720,2021-02,0,0.0
17720,2021-03,0,0.0
17720,2021-04,0,0.0
17720,2021-05,0,0.0
17720,2021-06,0,0.0
17720,2021-07,0,0.0
17720,2021-08,0,0.0
17720,2021-09,0,0.0
17720,2021-10,0,0.0
17720,2021-11,0,0.0
17720,2021-12,0,0.0
17721,2021-01,0,0.0
17721,2021-02,0,0.0
17721,2021-03,0,0.0
17721,2021-04,0,0.0
17721,2021-05,0,0.0
17721,2021-06,0,0.0
17721,2021-07,0,0.0
17721,2021-08,0,0.0
17721,2021-09,0,0.0
17721,2021-10,0,0.0
17721,2021-11,0,0.0
17721,2021-12,0,0.0
17723,2021-01,0,0.0
17723,2021-02,0,0.0
17723,2021-03,0,0.0
17723,2021-04,0,0.0
17723,2021-05,0,0.0
17723,2021-06,0,0.0
17723,2021-07,0,0.0
17723,2021-08,0,0.0
17723,2021-09,0,0.0
17723,2021-10,0,0.0
17723,2021-11,0,0.0
17723,2021-12,0,0.0
17727,2021-01,0,0.0
17727,2021-02,0,0.0
17727,2021-03,0,0.0
17727,2021-04,0,0.0
17727,2021-05,0,0.0
17727,2021-06,0,0.0
17727,2021-07,0,0.0
17727,2021-08,0,0.0
17727,2021-09,0,0.0
17727,2021-10,0,0.0
17727,2021-11,0,0.0
17727,2021-12,0,0.0
17728,2021-01,0,0.0
17728,2021-02,0,0.0
17728,2021-03,0,0.0
17728,2021-04,0,0.0
17728,2021-05,0,0.0
17728,2021-06,0,0.0
17728,2021-07,0,0.0
17728,2021-08,0,0.0
17728,2021-09,0,0.0
17728,2021-10,0,0.0
17728,2021-11,0,0.0
17728,2021-12,0,0.0
17729,2021-01,0,0.0
17729,2021-02,0,0.0
17729,2021-03,0,0.0
17729,2021-04,0,0.0
17729,2021-05,0,0.0
17729,2021-06,0,0.0
17729,2021-07,0,0.0
17729,2021-08,0,0.0
17729,2021-09,0,0.0
17729,2021-10,0,0.0
17729,2021-11,0,0.0
17729,2021-12,0,0.0
17730,2021-01,0,0.0
17730,2021-02,0,0.0
17730,2021-03,0,0.0
17730,2021-04,0,0.0
17730,2021-05,0,0.0
17730,2021-06,0,0.0
17730,2021-07,0,0.0
17730,2021-08,0,0.0
17730,2021-09,0,0.0
17730,2021-10,0,0.0
17730,2021-11,0,0.0
17730,2021-12,0,0.0
17731,2021-01,0,0.0
17731,2021-02,0,0.0
17731,2021-03,0,0.0
17731,2021-04,0,0.0
17731,2021-05,0,0.0
17731,2021-06,0,0.0
17731,2021-07,0,0.0
17731,2021-08,0,0.0
17731,2021-09,0,0.0
17731,2021-10,0,0.0
17731,2021-11,0,0.0
17731,2021-12,0,0.0
17737,2021-01,0,0.0
17737,2021-02,0,0.0
17737,2021-03,0,0.0
17737,2021-04,0,0.0
17737,2021-05,0,0.0
17737,2021-06,0,0.0
17737,2021-07,0,0.0
17737,2021-08,0,0.0
17737,2021-09,0,0.0
17737,2021-10,0,0.0
17737,2021-11,0,0.0
17737,2021-12,0,0.0
17739,2021-01,0,0.0
17739,2021-02,0,0.0
17739,2021-03,0,0.0
17739,2021-04,0,0.0
17739,2021-05,0,0.0
17739,2021-06,0,0.0
17739,2021-07,0,0.0
17739,2021-08,0,0.0
17739,2021-09,0,0.0
17739,2021-10,0,0.0
17739,2021-11,0,0.0
17739,2021-12,0,0.0
17740,2021-01,0,0.0
17740,2021-02,0,0.0
17740,2021-03,0,0.0
17740,2021-04,0,0.0
17740,2021-05,0,0.0
17740,2021-06,0,0.0
17740,2021-07,0,0.0
17740,2021-08,0,0.0
17740,2021-09,0,0.0
17740,2021-10,0,0.0
17740,2021-11,0,0.0
17740,2021-12,0,0.0
17742,2021-01,0,0.0
17742,2021-02,0,0.0
17742,2021-03,0,0.0
17742,2021-04,0,0.0
17742,2021-05,0,0.0
17742,2021-06,0,0.0
17742,2021-07,0,0.0
17742,2021-08,0,0.0
17742,2021-09,0,0.0
17742,2021-10,0,0.0
17742,2021-11,0,0.0
17742,2021-12,0,0.0
17744,2021-01,0,0.0
17744,2021-02,0,0.0
17744,2021-03,0,0.0
17744,2021-04,0,0.0
17744,2021-05,0,0.0
17744,2021-06,0,0.0
17744,2021-07,0,0.0
17744,2021-08,0,0.0
17744,2021-09,0,0.0
17744,2021-10,0,0.0
17744,2021-11,0,0.0
17744,2021-12,0,0.0
17747,2021-01,0,0.0
17747,2021-02,0,0.0
17747,2021-03,0,0.0
17747,2021-04,0,0.0
17747,2021-05,0,0.0
17747,2021-06,0,0.0
17747,2021-07,0,0.0
17747,2021-08,0,0.0
17747,2021-09,0,0.0
17747,2021-10,0,0.0
17747,2021-11,0,0.0
17747,2021-12,0,0.0
17748,2021-01,0,0.0
17748,2021-02,0,0.0
17748,2021-03,0,0.0
17748,2021-04,0,0.0
17748,2021-05,0,0.0
17748,2021-06,0,0.0
17748,2021-07,0,0.0
17748,2021-08,0,0.0
17748,2021-09,0,0.0
17748,2021-10,0,0.0
17748,2021-11,0,0.0
17748,2021-12,0,0.0
17749,2021-01,0,0.0
17749,2021-02,0,0.0
17749,2021-03,0,0.0
17749,2021-04,0,0.0
17749,2021-05,0,0.0
17749,2021-06,0,0.0
17749,2021-07,0,0.0
17749,2021-08,0,0.0
17749,2021-09,0,0.0
17749,2021-10,0,0.0
17749,2021-11,0,0.0
17749,2021-12,0,0.0
17750,2021-01,0,0.0
17750,2021-02,0,0.0
17750,2021-03,0,0.0
17750,2021-04,0,0.0
17750,2021-05,0,0.0
17750,2021-06,0,0.0
17750,2021-07,0,0.0
17750,2021-08,0,0.0
17750,2021-09,0,0.0
17750,2021-10,0,0.0
17750,2021-11,0,0.0
17750,2021-12,0,0.0
17751,2021-01,0,0.0
17751,2021-02,0,0.0
17751,2021-03,0,0.0
17751,2021-04,0,0.0
17751,2021-05,0,0.0
17751,2021-06,0,0.0
17751,2021-07,0,0.0
17751,2021-08,0,0.0
17751,2021-09,0,0.0
17751,2021-10,0,0.0
17751,2021-11,0,0.0
17751,2021-12,0,0.0
17754,2021-01,0,0.0
17754,2021-02,0,0.0
17754,2021-03,0,0.0
17754,2021-04,0,0.0
17754,2021-05,0,0.0
17754,2021-06,0,0.0
17754,2021-07,0,0.0
17754,2021-08,0,0.0
17754,2021-09,0,0.0
17754,2021-10,0,0.0
17754,2021-11,0,0.0
17754,2021-12,0,0.0
17756,2021-01,0,0.0
17756,2021-02,0,0.0
17756,2021-03,0,0.0
17756,2021-04,0,0.0
17756,2021-05,0,0.0
17756,2021-06,0,0.0
17756,2021-07,0,0.0
17756,2021-08,0,0.0
17756,2021-09,0,0.0
17756,2021-10,0,0.0
17756,2021-11,0,0.0
17756,2021-12,0,0.0
17758,2021-01,0,0.0
17758,2021-02,0,0.0
17758,2021-03,0,0.0
17758,2021-04,0,0.0
17758,2021-05,0,0.0
17758,2021-06,0,0.0
17758,2021-07,0,0.0
17758,2021-08,0,0.0
17758,2021-09,0,0.0
17758,2021-10,0,0.0
17758,2021-11,0,0.0
17758,2021-12,0,0.0
17760,2021-01,0,0.0
17760,2021-02,0,0.0
17760,2021-03,0,0.0
17760,2021-04,0,0.0
17760,2021-05,0,0.0
17760,2021-06,0,0.0
17760,2021-07,0,0.0
17760,2021-08,0,0.0
17760,2021-09,0,0.0
17760,2021-10,0,0.0
17760,2021-11,0,0.0
17760,2021-12,0,0.0
17762,2021-01,0,0.0
17762,2021-02,0,0.0
17762,2021-03,0,0.0
17762,2021-04,0,0.0
17762,2021-05,0,0.0
17762,2021-06,0,0.0
17762,2021-07,0,0.0
17762,2021-08,0,0.0
17762,2021-09,0,0.0
17762,2021-10,0,0.0
17762,2021-11,0,0.0
17762,2021-12,0,0.0
17763,2021-01,0,0.0
17763,2021-02,0,0.0
17763,2021-03,0,0.0
17763,2021-04,0,0.0
17763,2021-05,0,0.0
17763,2021-06,0,0.0
17763,2021-07,0,0.0
17763,2021-08,0,0.0
17763,2021-09,0,0.0
17763,2021-10,0,0.0
17763,2021-11,0,0.0
17763,2021-12,0,0.0
17764,2021-01,0,0.0
17764,2021-02,0,0.0
17764,2021-03,0,0.0
17764,2021-04,0,0.0
17764,2021-05,0,0.0
17764,2021-06,0,0.0
17764,2021-07,0,0.0
17764,2021-08,0,0.0
17764,2021-09,0,0.0
17764,2021-10,0,0.0
17764,2021-11,0,0.0
17764,2021-12,0,0.0
17765,2021-01,0,0.0
17765,2021-02,0,0.0
17765,2021-03,0,0.0
17765,2021-04,0,0.0
17765,2021-05,0,0.0
17765,2021-06,0,0.0
17765,2021-07,0,0.0
17765,2021-08,0,0.0
17765,2021-09,0,0.0
17765,2021-10,0,0.0
17765,2021-11,0,0.0
17765,2021-12,0,0.0
17768,2021-01,0,0.0
17768,2021-02,0,0.0
17768,2021-03,0,0.0
17768,2021-04,0,0.0
17768,2021-05,0,0.0
17768,2021-06,0,0.0
17768,2021-07,0,0.0
17768,2021-08,0,0.0
17768,2021-09,0,0.0
17768,2021-10,0,0.0
17768,2021-11,0,0.0
17768,2021-12,0,0.0
17769,2021-01,0,0.0
17769,2021-02,0,0.0
17769,2021-03,0,0.0
17769,2021-04,0,0.0
17769,2021-05,0,0.0
17769,2021-06,0,0.0
17769,2021-07,0,0.0
17769,2021-08,0,0.0
17769,2021-09,0,0.0
17769,2021-10,0,0.0
17769,2021-11,0,0.0
17769,2021-12,0,0.0
17771,2021-01,0,0.0
17771,2021-02,0,0.0
17771,2021-03,0,0.0
17771,2021-04,0,0.0
17771,2021-05,0,0.0
17771,2021-06,0,0.0
17771,2021-07,0,0.0
17771,2021-08,0,0.0
17771,2021-09,0,0.0
17771,2021-10,0,0.0
17771,2021-11,0,0.0
17771,2021-12,0,0.0
17772,2021-01,0,0.0
17772,2021-02,0,0.0
17772,2021-03,0,0.0
17772,2021-04,0,0.0
17772,2021-05,0,0.0
17772,2021-06,0,0.0
17772,2021-07,0,0.0
17772,2021-08,0,0.0
17772,2021-09,0,0.0
17772,2021-10,0,0.0
17772,2021-11,0,0.0
17772,2021-12,0,0.0
17774,2021-01,0,0.0
17774,2021-02,0,0.0
17774,2021-03,0,0.0
17774,2021-04,0,0.0
17774,2021-05,0,0.0
17774,2021-06,0,0.0
17774,2021-07,0,0.0
17774,2021-08,0,0.0
17774,2021-09,0,0.0
17774,2021-10,0,0.0
17774,2021-11,0,0.0
17774,2021-12,0,0.0
17776,2021-01,0,0.0
17776,2021-02,0,0.0
17776,2021-03,0,0.0
17776,2021-04,0,0.0
17776,2021-05,0,0.0
17776,2021-06,0,0.0
17776,2021-07,0,0.0
17776,2021-08,0,0.0
17776,2021-09,0,0.0
17776,2021-10,0,0.0
17776,2021-11,0,0.0
17776,2021-12,0,0.0
17777,2021-01,0,0.0
17777,2021-02,0,0.0
17777,2021-03,0,0.0
17777,2021-04,0,0.0
17777,2021-05,0,0.0
17777,2021-06,0,0.0
17777,2021-07,0,0.0
17777,2021-08,0,0.0
17777,2021-09,0,0.0
17777,2021-10,0,0.0
17777,2021-11,0,0.0
17777,2021-12,0,0.0
17778,2021-01,0,0.0
17778,2021-02,0,0.0
17778,2021-03,0,0.0
17778,2021-04,0,0.0
17778,2021-05,0,0.0
17778,2021-06,0,0.0
17778,2021-07,0,0.0
17778,2021-08,0,0.0
17778,2021-09,0,0.0
17778,2021-10,0,0.0
17778,2021-11,0,0.0
17778,2021-12,0,0.0
17779,2021-01,0,0.0
17779,2021-02,0,0.0
17779,2021-03,0,0.0
17779,2021-04,0,0.0
17779,2021-05,0,0.0
17779,2021-06,0,0.0
17779,2021-07,0,0.0
17779,2021-08,0,0.0
17779,2021-09,0,0.0
17779,2021-10,0,0.0
17779,2021-11,0,0.0
17779,2021-12,0,0.0
17810,2021-01,0,0.0
17810,2021-02,0,0.0
17810,2021-03,0,0.0
17810,2021-04,0,0.0
17810,2021-05,0,0.0
17810,2021-06,0,0.0
17810,2021-07,0,0.0
17810,2021-08,0,0.0
17810,2021-09,0,0.0
17810,2021-10,0,0.0
17810,2021-11,0,0.0
17810,2021-12,0,0.0
17812,2021-01,0,0.0
17812,2021-02,0,0.0
17812,2021-03,0,0.0
17812,2021-04,0,0.0
17812,2021-05,0,0.0
17812,2021-06,0,0.0
17812,2021-07,0,0.0
17812,2021-08,0,0.0
17812,2021-09,0,0.0
17812,2021-10,0,0.0
17812,2021-11,0,0.0
17812,2021-12,0,0.0
17813,2021-01,0,0.0
17813,2021-02,0,0.0
17813,2021-03,0,0.0
17813,2021-04,0,0.0
17813,2021-05,0,0.0
17813,2021-06,0,0.0
17813,2021-07,0,0.0
17813,2021-08,0,0.0
17813,2021-09,0,0.0
17813,2021-10,0,0.0
17813,2021-11,0,0.0
17813,2021-12,0,0.0
17814,2021-01,0,0.0
17814,2021-02,0,0.0
17814,2021-03,0,0.0
17814,2021-04,0,0.0
17814,2021-05,0,0.0
17814,2021-06,0,0.0
17814,2021-07,0,0.0
17814,2021-08,0,0.0
17814,2021-09,0,0.0
17814,2021-10,0,0.0
17814,2021-11,0,0.0
17814,2021-12,0,0.0
17815,2021-01,0,0.0
17815,2021-02,0,0.0
17815,2021-03,0,0.0
17815,2021-04,0,0.0
17815,2021-05,0,0.0
17815,2021-06,0,0.0
17815,2021-07,0,0.0
17815,2021-08,0,0.0
17815,2021-09,0,0.0
17815,2021-10,0,0.0
17815,2021-11,0,0.0
17815,2021-12,0,0.0
17820,2021-01,0,0.0
17820,2021-02,0,0.0
17820,2021-03,0,0.0
17820,2021-04,0,0.0
17820,2021-05,0,0.0
17820,2021-06,0,0.0
17820,2021-07,0,0.0
17820,2021-08,0,0.0
17820,2021-09,0,0.0
17820,2021-10,0,0.0
17820,2021-11,0,0.0
17820,2021-12,0,0.0
17822,2021-01,0,0.0
17822,2021-02,0,0.0
17822,2021-03,0,0.0
17822,2021-04,0,0.0
17822,2021-05,0,0.0
17822,2021-06,0,0.0
17822,2021-07,0,0.0
17822,2021-08,0,0.0
17822,2021-09,0,0.0
17822,2021-10,0,0.0
17822,2021-11,0,0.0
17822,2021-12,0,0.0
17823,2021-01,0,0.0
17823,2021-02,0,0.0
17823,2021-03,0,0.0
17823,2021-04,0,0.0
17823,2021-05,0,0.0
17823,2021-06,0,0.0
17823,2021-07,0,0.0
17823,2021-08,0,0.0
17823,2021-09,0,0.0
17823,2021-10,0,0.0
17823,2021-11,0,0.0
17823,2021-12,0,0.0
17824,2021-01,0,0.0
17824,2021-02,0,0.0
17824,2021-03,0,0.0
17824,2021-04,0,0.0
17824,2021-05,0,0.0
17824,2021-06,0,0.0
17824,2021-07,0,0.0
17824,2021-08,0,0.0
17824,2021-09,0,0.0
17824,2021-10,0,0.0
17824,2021-11,0,0.0
17824,2021-12,0,0.0
17827,2021-01,0,0.0
17827,2021-02,0,0.0
17827,2021-03,0,0.0
17827,2021-04,0,0.0
17827,2021-05,0,0.0
17827,2021-06,0,0.0
17827,2021-07,0,0.0
17827,2021-08,0,0.0
17827,2021-09,0,0.0
17827,2021-10,0,0.0
17827,2021-11,0,0.0
17827,2021-12,0,0.0
17829,2021-01,0,0.0
17829,2021-02,0,0.0
17829,2021-03,0,0.0
17829,2021-04,0,0.0
17829,2021-05,0,0.0
17829,2021-06,0,0.0
17829,2021-07,0,0.0
17829,2021-08,0,0.0
17829,2021-09,0,0.0
17829,2021-10,0,0.0
17829,2021-11,0,0.0
17829,2021-12,0,0.0
17830,2021-01,0,0.0
17830,2021-02,0,0.0
17830,2021-03,0,0.0
17830,2021-04,0,0.0
17830,2021-05,0,0.0
17830,2021-06,0,0.0
17830,2021-07,0,0.0
17830,2021-08,0,0.0
17830,2021-09,0,0.0
17830,2021-10,0,0.0
17830,2021-11,0,0.0
17830,2021-12,0,0.0
17832,2021-01,0,0.0
17832,2021-02,0,0.0
17832,2021-03,0,0.0
17832,2021-04,0,0.0
17832,2021-05,0,0.0
17832,2021-06,0,0.0
17832,2021-07,0,0.0
17832,2021-08,0,0.0
17832,2021-09,0,0.0
17832,2021-10,0,0.0
17832,2021-11,0,0.0
17832,2021-12,0,0.0
17834,2021-01,0,0.0
17834,2021-02,0,0.0
17834,2021-03,0,0.0
17834,2021-04,0,0.0
17834,2021-05,0,0.0
17834,2021-06,0,0.0
17834,2021-07,0,0.0
17834,2021-08,0,0.0
17834,2021-09,0,0.0
17834,2021-10,0,0.0
17834,2021-11,0,0.0
17834,2021-12,0,0.0
17835,2021-01,0,0.0
17835,2021-02,0,0.0
17835,2021-03,0,0.0
17835,2021-04,0,0.0
17835,2021-05,0,0.0
17835,2021-06,0,0.0
17835,2021-07,0,0.0
17835,2021-08,0,0.0
17835,2021-09,0,0.0
17835,2021-10,0,0.0
17835,2021-11,0,0.0
17835,2021-12,0,0.0
17836,2021-01,0,0.0
17836,2021-02,0,0.0
17836,2021-03,0,0.0
17836,2021-04,0,0.0
17836,2021-05,0,0.0
17836,2021-06,0,0.0
17836,2021-07,0,0.0
17836,2021-08,0,0.0
17836,2021-09,0,0.0
17836,2021-10,0,0.0
17836,2021-11,0,0.0
17836,2021-12,0,0.0
17837,2021-01,0,0.0
17837,2021-02,0,0.0
17837,2021-03,0,0.0
17837,2021-04,0,0.0
17837,2021-05,0,0.0
17837,2021-06,0,0.0
17837,2021-07,0,0.0
17837,2021-08,0,0.0
17837,2021-09,0,0.0
17837,2021-10,0,0.0
17837,2021-11,0,0.0
17837,2021-12,0,0.0
17840,2021-01,0,0.0
17840,2021-02,0,0.0
17840,2021-03,0,0.0
17840,2021-04,0,0.0
17840,2021-05,0,0.0
17840,2021-06,0,0.0
17840,2021-07,0,0.0
17840,2021-08,0,0.0
17840,2021-09,0,0.0
17840,2021-10,0,0.0
17840,2021-11,0,0.0
17840,2021-12,0,0.0
17841,2021-01,0,0.0
17841,2021-02,0,0.0
17841,2021-03,0,0.0
17841,2021-04,0,0.0
17841,2021-05,0,0.0
17841,2021-06,0,0.0
17841,2021-07,0,0.0
17841,2021-08,0,0.0
17841,2021-09,0,0.0
17841,2021-10,0,0.0
17841,2021-11,0,0.0
17841,2021-12,0,0.0
17842,2021-01,0,0.0
17842,2021-02,0,0.0
17842,2021-03,0,0.0
17842,2021-04,0,0.0
17842,2021-05,0,0.0
17842,2021-06,0,0.0
17842,2021-07,0,0.0
17842,2021-08,0,0.0
17842,2021-09,0,0.0
17842,2021-10,0,0.0
17842,2021-11,0,0.0
17842,2021-12,0,0.0
17844,2021-01,0,0.0
17844,2021-02,0,0.0
17844,2021-03,0,0.0
17844,2021-04,0,0.0
17844,2021-05,0,0.0
17844,2021-06,0,0.0
17844,2021-07,0,0.0
17844,2021-08,0,0.0
17844,2021-09,0,0.0
17844,2021-10,0,0.0
17844,2021-11,0,0.0
17844,2021-12,0,0.0
17845,2021-01,0,0.0
17845,2021-02,0,0.0
17845,2021-03,0,0.0
17845,2021-04,0,0.0
17845,2021-05,0,0.0
17845,2021-06,0,0.0
17845,2021-07,0,0.0
17845,2021-08,0,0.0
17845,2021-09,0,0.0
17845,2021-10,0,0.0
17845,2021-11,0,0.0
17845,2021-12,0,0.0
17846,2021-01,0,0.0
17846,2021-02,0,0.0
17846,2021-03,0,0.0
17846,2021-04,0,0.0
17846,2021-05,0,0.0
17846,2021-06,0,0.0
17846,2021-07,0,0.0
17846,2021-08,0,0.0
17846,2021-09,0,0.0
17846,2021-10,0,0.0
17846,2021-11,0,0.0
17846,2021-12,0,0.0
17850,2021-01,0,0.0
17850,2021-02,0,0.0
17850,2021-03,0,0.0
17850,2021-04,0,0.0
17850,2021-05,0,0.0
17850,2021-06,0,0.0
17850,2021-07,0,0.0
17850,2021-08,0,0.0
17850,2021-09,0,0.0
17850,2021-10,0,0.0
17850,2021-11,0,0.0
17850,2021-12,0,0.0
17851,2021-01,0,0.0
17851,2021-02,0,0.0
17851,2021-03,0,0.0
17851,2021-04,0,0.0
17851,2021-05,0,0.0
17851,2021-06,0,0.0
17851,2021-07,0,0.0
17851,2021-08,0,0.0
17851,2021-09,0,0.0
17851,2021-10,0,0.0
17851,2021-11,0,0.0
17851,2021-12,0,0.0
17853,2021-01,0,0.0
17853,2021-02,0,0.0
17853,2021-03,0,0.0
17853,2021-04,0,0.0
17853,2021-05,0,0.0
17853,2021-06,0,0.0
17853,2021-07,0,0.0
17853,2021-08,0,0.0
17853,2021-09,0,0.0
17853,2021-10,0,0.0
17853,2021-11,0,0.0
17853,2021-12,0,0.0
17855,2021-01,0,0.0
17855,2021-02,0,0.0
17855,2021-03,0,0.0
17855,2021-04,0,0.0
17855,2021-05,0,0.0
17855,2021-06,0,0.0
17855,2021-07,0,0.0
17855,2021-08,0,0.0
17855,2021-09,0,0.0
17855,2021-10,0,0.0
17855,2021-11,0,0.0
17855,2021-12,0,0.0
17856,2021-01,0,0.0
17856,2021-02,0,0.0
17856,2021-03,0,0.0
17856,2021-04,0,0.0
17856,2021-05,0,0.0
17856,2021-06,0,0.0
17856,2021-07,0,0.0
17856,2021-08,0,0.0
17856,2021-09,0,0.0
17856,2021-10,0,0.0
17856,2021-11,0,0.0
17856,2021-12,0,0.0
17857,2021-01,0,0.0
17857,2021-02,0,0.0
17857,2021-03,0,0.0
17857,2021-04,0,0.0
17857,2021-05,0,0.0
17857,2021-06,0,0.0
17857,2021-07,0,0.0
17857,2021-08,0,0.0
17857,2021-09,0,0.0
17857,2021-10,0,0.0
17857,2021-11,0,0.0
17857,2021-12,0,0.0
17858,2021-01,0,0.0
17858,2021-02,0,0.0
17858,2021-03,0,0.0
17858,2021-04,0,0.0
17858,2021-05,0,0.0
17858,2021-06,0,0.0
17858,2021-07,0,0.0
17858,2021-08,0,0.0
17858,2021-09,0,0.0
17858,2021-10,0,0.0
17858,2021-11,0,0.0
17858,2021-12,0,0.0
17859,2021-01,0,0.0
17859,2021-02,0,0.0
17859,2021-03,0,0.0
17859,2021-04,0,0.0
17859,2021-05,0,0.0
17859,2021-06,0,0.0
17859,2021-07,0,0.0
17859,2021-08,0,0.0
17859,2021-09,0,0.0
17859,2021-10,0,0.0
17859,2021-11,0,0.0
17859,2021-12,0,0.0
17860,2021-01,0,0.0
17860,2021-02,0,0.0
17860,2021-03,0,0.0
17860,2021-04,0,0.0
17860,2021-05,0,0.0
17860,2021-06,0,0.0
17860,2021-07,0,0.0
17860,2021-08,0,0.0
17860,2021-09,0,0.0
17860,2021-10,0,0.0
17860,2021-11,0,0.0
17860,2021-12,0,0.0
17861,2021-01,0,0.0
17861,2021-02,0,0.0
17861,2021-03,0,0.0
17861,2021-04,0,0.0
17861,2021-05,0,0.0
17861,2021-06,0,0.0
17861,2021-07,0,0.0
17861,2021-08,0,0.0
17861,2021-09,0,0.0
17861,2021-10,0,0.0
17861,2021-11,0,0.0
17861,2021-12,0,0.0
17862,2021-01,0,0.0
17862,2021-02,0,0.0
17862,2021-03,0,0.0
17862,2021-04,0,0.0
17862,2021-05,0,0.0
17862,2021-06,0,0.0
17862,2021-07,0,0.0
17862,2021-08,0,0.0
17862,2021-09,0,0.0
17862,2021-10,0,0.0
17862,2021-11,0,0.0
17862,2021-12,0,0.0
17864,2021-01,0,0.0
17864,2021-02,0,0.0
17864,2021-03,0,0.0
17864,2021-04,0,0.0
17864,2021-05,0,0.0
17864,2021-06,0,0.0
17864,2021-07,0,0.0
17864,2021-08,0,0.0
17864,2021-09,0,0.0
17864,2021-10,0,0.0
17864,2021-11,0,0.0
17864,2021-12,0,0.0
17865,2021-01,0,0.0
17865,2021-02,0,0.0
17865,2021-03,0,0.0
17865,2021-04,0,0.0
17865,2021-05,0,0.0
17865,2021-06,0,0.0
17865,2021-07,0,0.0
17865,2021-08,0,0.0
17865,2021-09,0,0.0
17865,2021-10,0,0.0
17865,2021-11,0,0.0
17865,2021-12,0,0.0
17866,2021-01,0,0.0
17866,2021-02,0,0.0
17866,2021-03,0,0.0
17866,2021-04,0,0.0
17866,2021-05,0,0.0
17866,2021-06,0,0.0
17866,2021-07,0,0.0
17866,2021-08,0,0.0
17866,2021-09,0,0.0
17866,2021-10,0,0.0
17866,2021-11,0,0.0
17866,2021-12,0,0.0
17867,2021-01,0,0.0
17867,2021-02,0,0.0
17867,2021-03,0,0.0
17867,2021-04,0,0.0
17867,2021-05,0,0.0
17867,2021-06,0,0.0
17867,2021-07,0,0.0
17867,2021-08,0,0.0
17867,2021-09,0,0.0
17867,2021-10,0,0.0
17867,2021-11,0,0.0
17867,2021-12,0,0.0
17868,2021-01,0,0.0
17868,2021-02,0,0.0
17868,2021-03,0,0.0
17868,2021-04,0,0.0
17868,2021-05,0,0.0
17868,2021-06,0,0.0
17868,2021-07,0,0.0
17868,2021-08,0,0.0
17868,2021-09,0,0.0
17868,2021-10,0,0.0
17868,2021-11,0,0.0
17868,2021-12,0,0.0
17872,2021-01,0,0.0
17872,2021-02,0,0.0
17872,2021-03,0,0.0
17872,2021-04,0,0.0
17872,2021-05,0,0.0
17872,2021-06,0,0.0
17872,2021-07,0,0.0
17872,2021-08,0,0.0
17872,2021-09,0,0.0
17872,2021-10,0,0.0
17872,2021-11,0,0.0
17872,2021-12,0,0.0
17876,2021-01,0,0.0
17876,2021-02,0,0.0
17876,2021-03,0,0.0
17876,2021-04,0,0.0
17876,2021-05,0,0.0
17876,2021-06,0,0.0
17876,2021-07,0,0.0
17876,2021-08,0,0.0
17876,2021-09,0,0.0
17876,2021-10,0,0.0
17876,2021-11,0,0.0
17876,2021-12,0,0.0
17878,2021-01,0,0.0
17878,2021-02,0,0.0
17878,2021-03,0,0.0
17878,2021-04,0,0.0
17878,2021-05,0,0.0
17878,2021-06,0,0.0
17878,2021-07,0,0.0
17878,2021-08,0,0.0
17878,2021-09,0,0.0
17878,2021-10,0,0.0
17878,2021-11,0,0.0
17878,2021-12,0,0.0
17880,2021-01,0,0.0
17880,2021-02,0,0.0
17880,2021-03,0,0.0
17880,2021-04,0,0.0
17880,2021-05,0,0.0
17880,2021-06,0,0.0
17880,2021-07,0,0.0
17880,2021-08,0,0.0
17880,2021-09,0,0.0
17880,2021-10,0,0.0
17880,2021-11,0,0.0
17880,2021-12,0,0.0
17881,2021-01,0,0.0
17881,2021-02,0,0.0
17881,2021-03,0,0.0
17881,2021-04,0,0.0
17881,2021-05,0,0.0
17881,2021-06,0,0.0
17881,2021-07,0,0.0
17881,2021-08,0,0.0
17881,2021-09,0,0.0
17881,2021-10,0,0.0
17881,2021-11,0,0.0
17881,2021-12,0,0.0
17884,2021-01,0,0.0
17884,2021-02,0,0.0
17884,2021-03,0,0.0
17884,2021-04,0,0.0
17884,2021-05,0,0.0
17884,2021-06,0,0.0
17884,2021-07,0,0.0
17884,2021-08,0,0.0
17884,2021-09,0,0.0
17884,2021-10,0,0.0
17884,2021-11,0,0.0
17884,2021-12,0,0.0
17885,2021-01,0,0.0
17885,2021-02,0,0.0
17885,2021-03,0,0.0
17885,2021-04,0,0.0
17885,2021-05,0,0.0
17885,2021-06,0,0.0
17885,2021-07,0,0.0
17885,2021-08,0,0.0
17885,2021-09,0,0.0
17885,2021-10,0,0.0
17885,2021-11,0,0.0
17885,2021-12,0,0.0
17886,2021-01,0,0.0
17886,2021-02,0,0.0
17886,2021-03,0,0.0
17886,2021-04,0,0.0
17886,2021-05,0,0.0
17886,2021-06,0,0.0
17886,2021-07,0,0.0
17886,2021-08,0,0.0
17886,2021-09,0,0.0
17886,2021-10,0,0.0
17886,2021-11,0,0.0
17886,2021-12,0,0.0
17887,2021-01,0,0.0
17887,2021-02,0,0.0
17887,2021-03,0,0.0
17887,2021-04,0,0.0
17887,2021-05,0,0.0
17887,2021-06,0,0.0
17887,2021-07,0,0.0
17887,2021-08,0,0.0
17887,2021-09,0,0.0
17887,2021-10,0,0.0
17887,2021-11,0,0.0
17887,2021-12,0,0.0
17888,2021-01,0,0.0
17888,2021-02,0,0.0
17888,2021-03,0,0.0
17888,2021-04,0,0.0
17888,2021-05,0,0.0
17888,2021-06,0,0.0
17888,2021-07,0,0.0
17888,2021-08,0,0.0
17888,2021-09,0,0.0
17888,2021-10,0,0.0
17888,2021-11,0,0.0
17888,2021-12,0,0.0
17889,2021-01,0,0.0
17889,2021-02,0,0.0
17889,2021-03,0,0.0
17889,2021-04,0,0.0
17889,2021-05,0,0.0
17889,2021-06,0,0.0
17889,2021-07,0,0.0
17889,2021-08,0,0.0
17889,2021-09,0,0.0
17889,2021-10,0,0.0
17889,2021-11,0,0.0
17889,2021-12,0,0.0
17920,2021-01,0,0.0
17920,2021-02,0,0.0
17920,2021-03,0,0.0
17920,2021-04,0,0.0
17920,2021-05,0,0.0
17920,2021-06,0,0.0
17920,2021-07,0,0.0
17920,2021-08,0,0.0
17920,2021-09,0,0.0
17920,2021-10,0,0.0
17920,2021-11,0,0.0
17920,2021-12,0,0.0
17921,2021-01,0,0.0
17921,2021-02,0,0.0
17921,2021-03,0,0.0
17921,2021-04,0,0.0
17921,2021-05,0,0.0
17921,2021-06,0,0.0
17921,2021-07,0,0.0
17921,2021-08,0,0.0
17921,2021-09,0,0.0
17921,2021-10,0,0.0
17921,2021-11,0,0.0
17921,2021-12,0,0.0
17922,2021-01,0,0.0
17922,2021-02,0,0.0
17922,2021-03,0,0.0
17922,2021-04,0,0.0
17922,2021-05,0,0.0
17922,2021-06,0,0.0
17922,2021-07,0,0.0
17922,2021-08,0,0.0
17922,2021-09,0,0.0
17922,2021-10,0,0.0
17922,2021-11,0,0.0
17922,2021-12,0,0.0
17923,2021-01,0,0.0
17923,2021-02,0,0.0
17923,2021-03,0,0.0
17923,2021-04,0,0.0
17923,2021-05,0,0.0
17923,2021-06,0,0.0
17923,2021-07,0,0.0
17923,2021-08,0,0.0
17923,2021-09,0,0.0
17923,2021-10,0,0.0
17923,2021-11,0,0.0
17923,2021-12,0,0.0
17925,2021-01,0,0.0
17925,2021-02,0,0.0
17925,2021-03,0,0.0
17925,2021-04,0,0.0
17925,2021-05,0,0.0
17925,2021-06,0,0.0
17925,2021-07,0,0.0
17925,2021-08,0,0.0
17925,2021-09,0,0.0
17925,2021-10,0,0.0
17925,2021-11,0,0.0
17925,2021-12,0,0.0
17929,2021-01,0,0.0
17929,2021-02,0,0.0
17929,2021-03,0,0.0
17929,2021-04,0,0.0
17929,2021-05,0,0.0
17929,2021-06,0,0.0
17929,2021-07,0,0.0
17929,2021-08,0,0.0
17929,2021-09,0,0.0
17929,2021-10,0,0.0
17929,2021-11,0,0.0
17929,2021-12,0,0.0
17930,2021-01,0,0.0
17930,2021-02,0,0.0
17930,2021-03,0,0.0
17930,2021-04,0,0.0
17930,2021-05,0,0.0
17930,2021-06,0,0.0
17930,2021-07,0,0.0
17930,2021-08,0,0.0
17930,2021-09,0,0.0
17930,2021-10,0,0.0
17930,2021-11,0,0.0
17930,2021-12,0,0.0
17931,2021-01,0,0.0
17931,2021-02,0,0.0
17931,2021-03,0,0.0
17931,2021-04,0,0.0
17931,2021-05,0,0.0
17931,2021-06,0,0.0
17931,2021-07,0,0.0
17931,2021-08,0,0.0
17931,2021-09,0,0.0
17931,2021-10,0,0.0
17931,2021-11,0,0.0
17931,2021-12,0,0.0
17933,2021-01,0,0.0
17933,2021-02,0,0.0
17933,2021-03,0,0.0
17933,2021-04,0,0.0
17933,2021-05,0,0.0
17933,2021-06,0,0.0
17933,2021-07,0,0.0
17933,2021-08,0,0.0
17933,2021-09,0,0.0
17933,2021-10,0,0.0
17933,2021-11,0,0.0
17933,2021-12,0,0.0
17934,2021-01,0,0.0
17934,2021-02,0,0.0
17934,2021-03,0,0.0
17934,2021-04,0,0.0
17934,2021-05,0,0.0
17934,2021-06,0,0.0
17934,2021-07,0,0.0
17934,2021-08,0,0.0
17934,2021-09,0,0.0
17934,2021-10,0,0.0
17934,2021-11,0,0.0
17934,2021-12,0,0.0
17935,2021-01,0,0.0
17935,2021-02,0,0.0
17935,2021-03,0,0.0
17935,2021-04,0,0.0
17935,2021-05,0,0.0
17935,2021-06,0,0.0
17935,2021-07,0,0.0
17935,2021-08,0,0.0
17935,2021-09,0,0.0
17935,2021-10,0,0.0
17935,2021-11,0,0.0
17935,2021-12,0,0.0
17936,2021-01,0,0.0
17936,2021-02,0,0.0
17936,2021-03,0,0.0
17936,2021-04,0,0.0
17936,2021-05,0,0.0
17936,2021-06,0,0.0
17936,2021-07,0,0.0
17936,2021-08,0,0.0
17936,2021-09,0,0.0
17936,2021-10,0,0.0
17936,2021-11,0,0.0
17936,2021-12,0,0.0
17941,2021-01,0,0.0
17941,2021-02,0,0.0
17941,2021-03,0,0.0
17941,2021-04,0,0.0
17941,2021-05,0,0.0
17941,2021-06,0,0.0
17941,2021-07,0,0.0
17941,2021-08,0,0.0
17941,2021-09,0,0.0
17941,2021-10,0,0.0
17941,2021-11,0,0.0
17941,2021-12,0,0.0
17943,2021-01,0,0.0
17943,2021-02,0,0.0
17943,2021-03,0,0.0
17943,2021-04,0,0.0
17943,2021-05,0,0.0
17943,2021-06,0,0.0
17943,2021-07,0,0.0
17943,2021-08,0,0.0
17943,2021-09,0,0.0
17943,2021-10,0,0.0
17943,2021-11,0,0.0
17943,2021-12,0,0.0
17944,2021-01,0,0.0
17944,2021-02,0,0.0
17944,2021-03,0,0.0
17944,2021-04,0,0.0
17944,2021-05,0,0.0
17944,2021-06,0,0.0
17944,2021-07,0,0.0
17944,2021-08,0,0.0
17944,2021-09,0,0.0
17944,2021-10,0,0.0
17944,2021-11,0,0.0
17944,2021-12,0,0.0
17945,2021-01,0,0.0
17945,2021-02,0,0.0
17945,2021-03,0,0.0
17945,2021-04,0,0.0
17945,2021-05,0,0.0
17945,2021-06,0,0.0
17945,2021-07,0,0.0
17945,2021-08,0,0.0
17945,2021-09,0,0.0
17945,2021-10,0,0.0
17945,2021-11,0,0.0
17945,2021-12,0,0.0
17946,2021-01,0,0.0
17946,2021-02,0,0.0
17946,2021-03,0,0.0
17946,2021-04,0,0.0
17946,2021-05,0,0.0
17946,2021-06,0,0.0
17946,2021-07,0,0.0
17946,2021-08,0,0.0
17946,2021-09,0,0.0
17946,2021-10,0,0.0
17946,2021-11,0,0.0
17946,2021-12,0,0.0
17948,2021-01,0,0.0
17948,2021-02,0,0.0
17948,2021-03,0,0.0
17948,2021-04,0,0.0
17948,2021-05,0,0.0
17948,2021-06,0,0.0
17948,2021-07,0,0.0
17948,2021-08,0,0.0
17948,2021-09,0,0.0
17948,2021-10,0,0.0
17948,2021-11,0,0.0
17948,2021-12,0,0.0
17949,2021-01,0,0.0
17949,2021-02,0,0.0
17949,2021-03,0,0.0
17949,2021-04,0,0.0
17949,2021-05,0,0.0
17949,2021-06,0,0.0
17949,2021-07,0,0.0
17949,2021-08,0,0.0
17949,2021-09,0,0.0
17949,2021-10,0,0.0
17949,2021-11,0,0.0
17949,2021-12,0,0.0
17951,2021-01,0,0.0
17951,2021-02,0,0.0
17951,2021-03,0,0.0
17951,2021-04,0,0.0
17951,2021-05,0,0.0
17951,2021-06,0,0.0
17951,2021-07,0,0.0
17951,2021-08,0,0.0
17951,2021-09,0,0.0
17951,2021-10,0,0.0
17951,2021-11,0,0.0
17951,2021-12,0,0.0
17952,2021-01,0,0.0
17952,2021-02,0,0.0
17952,2021-03,0,0.0
17952,2021-04,0,0.0
17952,2021-05,0,0.0
17952,2021-06,0,0.0
17952,2021-07,0,0.0
17952,2021-08,0,0.0
17952,2021-09,0,0.0
17952,2021-10,0,0.0
17952,2021-11,0,0.0
17952,2021-12,0,0.0
17953,2021-01,0,0.0
17953,2021-02,0,0.0
17953,2021-03,0,0.0
17953,2021-04,0,0.0
17953,2021-05,0,0.0
17953,2021-06,0,0.0
17953,2021-07,0,0.0
17953,2021-08,0,0.0
17953,2021-09,0,0.0
17953,2021-10,0,0.0
17953,2021-11,0,0.0
17953,2021-12,0,0.0
17954,2021-01,0,0.0
17954,2021-02,0,0.0
17954,2021-03,0,0.0
17954,2021-04,0,0.0
17954,2021-05,0,0.0
17954,2021-06,0,0.0
17954,2021-07,0,0.0
17954,2021-08,0,0.0
17954,2021-09,0,0.0
17954,2021-10,0,0.0
17954,2021-11,0,0.0
17954,2021-12,0,0.0
17957,2021-01,0,0.0
17957,2021-02,0,0.0
17957,2021-03,0,0.0
17957,2021-04,0,0.0
17957,2021-05,0,0.0
17957,2021-06,0,0.0
17957,2021-07,0,0.0
17957,2021-08,0,0.0
17957,2021-09,0,0.0
17957,2021-10,0,0.0
17957,2021-11,0,0.0
17957,2021-12,0,0.0
17959,2021-01,0,0.0
17959,2021-02,0,0.0
17959,2021-03,0,0.0
17959,2021-04,0,0.0
17959,2021-05,0,0.0
17959,2021-06,0,0.0
17959,2021-07,0,0.0
17959,2021-08,0,0.0
17959,2021-09,0,0.0
17959,2021-10,0,0.0
17959,2021-11,0,0.0
17959,2021-12,0,0.0
17960,2021-01,0,0.0
17960,2021-02,0,0.0
17960,2021-03,0,0.0
17960,2021-04,0,0.0
17960,2021-05,0,0.0
17960,2021-06,0,0.0
17960,2021-07,0,0.0
17960,2021-08,0,0.0
17960,2021-09,0,0.0
17960,2021-10,0,0.0
17960,2021-11,0,0.0
17960,2021-12,0,0.0
17961,2021-01,0,0.0
17961,2021-02,0,0.0
17961,2021-03,0,0.0
17961,2021-04,0,0.0
17961,2021-05,0,0.0
17961,2021-06,0,0.0
17961,2021-07,0,0.0
17961,2021-08,0,0.0
17961,2021-09,0,0.0
17961,2021-10,0,0.0
17961,2021-11,0,0.0
17961,2021-12,0,0.0
17963,2021-01,0,0.0
17963,2021-02,0,0.0
17963,2021-03,0,0.0
17963,2021-04,0,0.0
17963,2021-05,0,0.0
17963,2021-06,0,0.0
17963,2021-07,0,0.0
17963,2021-08,0,0.0
17963,2021-09,0,0.0
17963,2021-10,0,0.0
17963,2021-11,0,0.0
17963,2021-12,0,0.0
17964,2021-01,0,0.0
17964,2021-02,0,0.0
17964,2021-03,0,0.0
17964,2021-04,0,0.0
17964,2021-05,0,0.0
17964,2021-06,0,0.0
17964,2021-07,0,0.0
17964,2021-08,0,0.0
17964,2021-09,0,0.0
17964,2021-10,0,0.0
17964,2021-11,0,0.0
17964,2021-12,0,0.0
17965,2021-01,0,0.0
17965,2021-02,0,0.0
17965,2021-03,0,0.0
17965,2021-04,0,0.0
17965,2021-05,0,0.0
17965,2021-06,0,0.0
17965,2021-07,0,0.0
17965,2021-08,0,0.0
17965,2021-09,0,0.0
17965,2021-10,0,0.0
17965,2021-11,0,0.0
17965,2021-12,0,0.0
17967,2021-01,0,0.0
17967,2021-02,0,0.0
17967,2021-03,0,0.0
17967,2021-04,0,0.0
17967,2021-05,0,0.0
17967,2021-06,0,0.0
17967,2021-07,0,0.0
17967,2021-08,0,0.0
17967,2021-09,0,0.0
17967,2021-10,0,0.0
17967,2021-11,0,0.0
17967,2021-12,0,0.0
17968,2021-01,0,0.0
17968,2021-02,0,0.0
17968,2021-03,0,0.0
17968,2021-04,0,0.0
17968,2021-05,0,0.0
17968,2021-06,0,0.0
17968,2021-07,0,0.0
17968,2021-08,0,0.0
17968,2021-09,0,0.0
17968,2021-10,0,0.0
17968,2021-11,0,0.0
17968,2021-12,0,0.0
17970,2021-01,0,0.0
17970,2021-02,0,0.0
17970,2021-03,0,0.0
17970,2021-04,0,0.0
17970,2021-05,0,0.0
17970,2021-06,0,0.0
17970,2021-07,0,0.0
17970,2021-08,0,0.0
17970,2021-09,0,0.0
17970,2021-10,0,0.0
17970,2021-11,0,0.0
17970,2021-12,0,0.0
17972,2021-01,0,0.0
17972,2021-02,0,0.0
17972,2021-03,0,0.0
17972,2021-04,0,0.0
17972,2021-05,0,0.0
17972,2021-06,0,0.0
17972,2021-07,0,0.0
17972,2021-08,0,0.0
17972,2021-09,0,0.0
17972,2021-10,0,0.0
17972,2021-11,0,0.0
17972,2021-12,0,0.0
17974,2021-01,0,0.0
17974,2021-02,0,0.0
17974,2021-03,0,0.0
17974,2021-04,0,0.0
17974,2021-05,0,0.0
17974,2021-06,0,0.0
17974,2021-07,0,0.0
17974,2021-08,0,0.0
17974,2021-09,0,0.0
17974,2021-10,0,0.0
17974,2021-11,0,0.0
17974,2021-12,0,0.0
17976,2021-01,0,0.0
17976,2021-02,0,0.0
17976,2021-03,0,0.0
17976,2021-04,0,0.0
17976,2021-05,0,0.0
17976,2021-06,0,0.0
17976,2021-07,0,0.0
17976,2021-08,0,0.0
17976,2021-09,0,0.0
17976,2021-10,0,0.0
17976,2021-11,0,0.0
17976,2021-12,0,0.0
17978,2021-01,0,0.0
17978,2021-02,0,0.0
17978,2021-03,0,0.0
17978,2021-04,0,0.0
17978,2021-05,0,0.0
17978,2021-06,0,0.0
17978,2021-07,0,0.0
17978,2021-08,0,0.0
17978,2021-09,0,0.0
17978,2021-10,0,0.0
17978,2021-11,0,0.0
17978,2021-12,0,0.0
17979,2021-01,0,0.0
17979,2021-02,0,0.0
17979,2021-03,0,0.0
17979,2021-04,0,0.0
17979,2021-05,0,0.0
17979,2021-06,0,0.0
17979,2021-07,0,0.0
17979,2021-08,0,0.0
17979,2021-09,0,0.0
17979,2021-10,0,0.0
17979,2021-11,0,0.0
17979,2021-12,0,0.0
17980,2021-01,0,0.0
17980,2021-02,0,0.0
17980,2021-03,0,0.0
17980,2021-04,0,0.0
17980,2021-05,0,0.0
17980,2021-06,0,0.0
17980,2021-07,0,0.0
17980,2021-08,0,0.0
17980,2021-09,0,0.0
17980,2021-10,0,0.0
17980,2021-11,0,0.0
17980,2021-12,0,0.0
17981,2021-01,0,0.0
17981,2021-02,0,0.0
17981,2021-03,0,0.0
17981,2021-04,0,0.0
17981,2021-05,0,0.0
17981,2021-06,0,0.0
17981,2021-07,0,0.0
17981,2021-08,0,0.0
17981,2021-09,0,0.0
17981,2021-10,0,0.0
17981,2021-11,0,0.0
17981,2021-12,0,0.0
17982,2021-01,0,0.0
17982,2021-02,0,0.0
17982,2021-03,0,0.0
17982,2021-04,0,0.0
17982,2021-05,0,0.0
17982,2021-06,0,0.0
17982,2021-07,0,0.0
17982,2021-08,0,0.0
17982,2021-09,0,0.0
17982,2021-10,0,0.0
17982,2021-11,0,0.0
17982,2021-12,0,0.0
17983,2021-01,0,0.0
17983,2021-02,0,0.0
17983,2021-03,0,0.0
17983,2021-04,0,0.0
17983,2021-05,0,0.0
17983,2021-06,0,0.0
17983,2021-07,0,0.0
17983,2021-08,0,0.0
17983,2021-09,0,0.0
17983,2021-10,0,0.0
17983,2021-11,0,0.0
17983,2021-12,0,0.0
17985,2021-01,0,0.0
17985,2021-02,0,0.0
17985,2021-03,0,0.0
17985,2021-04,0,0.0
17985,2021-05,0,0.0
17985,2021-06,0,0.0
17985,2021-07,0,0.0
17985,2021-08,0,0.0
17985,2021-09,0,0.0
17985,2021-10,0,0.0
17985,2021-11,0,0.0
17985,2021-12,0,0.0
18011,2021-01,0,0.0
18011,2021-02,0,0.0
18011,2021-03,0,0.0
18011,2021-04,0,0.0
18011,2021-05,0,0.0
18011,2021-06,0,0.0
18011,2021-07,0,0.0
18011,2021-08,0,0.0
18011,2021-09,0,0.0
18011,2021-10,0,0.0
18011,2021-11,0,0.0
18011,2021-12,0,0.0
18012,2021-01,0,0.0
18012,2021-02,0,0.0
18012,2021-03,0,0.0
18012,2021-04,0,0.0
18012,2021-05,0,0.0
18012,2021-06,0,0.0
18012,2021-07,0,0.0
18012,2021-08,0,0.0
18012,2021-09,0,0.0
18012,2021-10,0,0.0
18012,2021-11,0,0.0
18012,2021-12,0,0.0
18013,2021-01,0,0.0
18013,2021-02,0,0.0
18013,2021-03,0,0.0
18013,2021-04,0,0.0
18013,2021-05,0,0.0
18013,2021-06,0,0.0
18013,2021-07,0,0.0
18013,2021-08,0,0.0
18013,2021-09,0,0.0
18013,2021-10,0,0.0
18013,2021-11,0,0.0
18013,2021-12,0,0.0
18014,2021-01,0,0.0
18014,2021-02,0,0.0
18014,2021-03,0,0.0
18014,2021-04,0,0.0
18014,2021-05,0,0.0
18014,2021-06,0,0.0
18014,2021-07,0,0.0
18014,2021-08,0,0.0
18014,2021-09,0,0.0
18014,2021-10,0,0.0
18014,2021-11,0,0.0
18014,2021-12,0,0.0
18015,2021-01,0,0.0
18015,2021-02,0,0.0
18015,2021-03,0,0.0
18015,2021-04,0,0.0
18015,2021-05,0,0.0
18015,2021-06,0,0.0
18015,2021-07,0,0.0
18015,2021-08,0,0.0
18015,2021-09,0,0.0
18015,2021-10,0,0.0
18015,2021-11,0,0.0
18015,2021-12,0,0.0
18017,2021-01,0,0.0
18017,2021-02,0,0.0
18017,2021-03,0,0.0
18017,2021-04,0,0.0
18017,2021-05,0,0.0
18017,2021-06,0,0.0
18017,2021-07,0,0.0
18017,2021-08,0,0.0
18017,2021-09,0,0.0
18017,2021-10,0,0.0
18017,2021-11,0,0.0
18017,2021-12,0,0.0
18020,2021-01,0,0.0
18020,2021-02,0,0.0
18020,2021-03,0,0.0
18020,2021-04,0,0.0
18020,2021-05,0,0.0
18020,2021-06,0,0.0
18020,2021-07,0,0.0
18020,2021-08,0,0.0
18020,2021-09,0,0.0
18020,2021-10,0,0.0
18020,2021-11,0,0.0
18020,2021-12,0,0.0
18030,2021-01,0,0.0
18030,2021-02,0,0.0
18030,2021-03,0,0.0
18030,2021-04,0,0.0
18030,2021-05,0,0.0
18030,2021-06,0,0.0
18030,2021-07,0,0.0
18030,2021-08,0,0.0
18030,2021-09,0,0.0
18030,2021-10,0,0.0
18030,2021-11,0,0.0
18030,2021-12,0,0.0
18031,2021-01,0,0.0
18031,2021-02,0,0.0
18031,2021-03,0,0.0
18031,2021-04,0,0.0
18031,2021-05,0,0.0
18031,2021-06,0,0.0
18031,2021-07,0,0.0
18031,2021-08,0,0.0
18031,2021-09,0,0.0
18031,2021-10,0,0.0
18031,2021-11,0,0.0
18031,2021-12,0,0.0
18032,2021-01,0,0.0
18032,2021-02,0,0.0
18032,2021-03,0,0.0
18032,2021-04,0,0.0
18032,2021-05,0,0.0
18032,2021-06,0,0.0
18032,2021-07,0,0.0
18032,2021-08,0,0.0
18032,2021-09,0,0.0
18032,2021-10,0,0.0
18032,2021-11,0,0.0
18032,2021-12,0,0.0
18034,2021-01,0,0.0
18034,2021-02,0,0.0
18034,2021-03,0,0.0
18034,2021-04,0,0.0
18034,2021-05,0,0.0
18034,2021-06,0,0.0
18034,2021-07,0,0.0
18034,2021-08,0,0.0
18034,2021-09,0,0.0
18034,2021-10,0,0.0
18034,2021-11,0,0.0
18034,2021-12,0,0.0
18035,2021-01,0,0.0
18035,2021-02,0,0.0
18035,2021-03,0,0.0
18035,2021-04,0,0.0
18035,2021-05,0,0.0
18035,2021-06,0,0.0
18035,2021-07,0,0.0
18035,2021-08,0,0.0
18035,2021-09,0,0.0
18035,2021-10,0,0.0
18035,2021-11,0,0.0
18035,2021-12,0,0.0
18036,2021-01,0,0.0
18036,2021-02,0,0.0
18036,2021-03,0,0.0
18036,2021-04,0,0.0
18036,2021-05,0,0.0
18036,2021-06,0,0.0
18036,2021-07,0,0.0
18036,2021-08,0,0.0
18036,2021-09,0,0.0
18036,2021-10,0,0.0
18036,2021-11,0,0.0
18036,2021-12,0,0.0
18037,2021-01,0,0.0
18037,2021-02,0,0.0
18037,2021-03,0,0.0
18037,2021-04,0,0.0
18037,2021-05,0,0.0
18037,2021-06,0,0.0
18037,2021-07,0,0.0
18037,2021-08,0,0.0
18037,2021-09,0,0.0
18037,2021-10,0,0.0
18037,2021-11,0,0.0
18037,2021-12,0,0.0
18038,2021-01,0,0.0
18038,2021-02,0,0.0
18038,2021-03,0,0.0
18038,2021-04,0,0.0
18038,2021-05,0,0.0
18038,2021-06,0,0.0
18038,2021-07,0,0.0
18038,2021-08,0,0.0
18038,2021-09,0,0.0
18038,2021-10,0,0.0
18038,2021-11,0,0.0
18038,2021-12,0,0.0
18040,2021-01,0,0.0
18040,2021-02,0,0.0
18040,2021-03,0,0.0
18040,2021-04,0,0.0
18040,2021-05,0,0.0
18040,2021-06,0,0.0
18040,2021-07,0,0.0
18040,2021-08,0,0.0
18040,2021-09,0,0.0
18040,2021-10,0,0.0
18040,2021-11,0,0.0
18040,2021-12,0,0.0
18041,2021-01,0,0.0
18041,2021-02,0,0.0
18041,2021-03,0,0.0
18041,2021-04,0,0.0
18041,2021-05,0,0.0
18041,2021-06,0,0.0
18041,2021-07,0,0.0
18041,2021-08,0,0.0
18041,2021-09,0,0.0
18041,2021-10,0,0.0
18041,2021-11,0,0.0
18041,2021-12,0,0.0
18045,2021-01,0,0.0
18045,2021-02,0,0.0
18045,2021-03,0,0.0
18045,2021-04,0,0.0
18045,2021-05,0,0.0
18045,2021-06,0,0.0
18045,2021-07,0,0.0
18045,2021-08,0,0.0
18045,2021-09,0,0.0
18045,2021-10,0,0.0
18045,2021-11,0,0.0
18045,2021-12,0,0.0
18046,2021-01,0,0.0
18046,2021-02,0,0.0
18046,2021-03,0,0.0
18046,2021-04,0,0.0
18046,2021-05,0,0.0
18046,2021-06,0,0.0
18046,2021-07,0,0.0
18046,2021-08,0,0.0
18046,2021-09,0,0.0
18046,2021-10,0,0.0
18046,2021-11,0,0.0
18046,2021-12,0,0.0
18049,2021-01,0,0.0
18049,2021-02,0,0.0
18049,2021-03,0,0.0
18049,2021-04,0,0.0
18049,2021-05,0,0.0
18049,2021-06,0,0.0
18049,2021-07,0,0.0
18049,2021-08,0,0.0
18049,2021-09,0,0.0
18049,2021-10,0,0.0
18049,2021-11,0,0.0
18049,2021-12,0,0.0
18051,2021-01,0,0.0
18051,2021-02,0,0.0
18051,2021-03,0,0.0
18051,2021-04,0,0.0
18051,2021-05,0,0.0
18051,2021-06,0,0.0
18051,2021-07,0,0.0
18051,2021-08,0,0.0
18051,2021-09,0,0.0
18051,2021-10,0,0.0
18051,2021-11,0,0.0
18051,2021-12,0,0.0
18052,2021-01,0,0.0
18052,2021-02,0,0.0
18052,2021-03,0,0.0
18052,2021-04,0,0.0
18052,2021-05,0,0.0
18052,2021-06,0,0.0
18052,2021-07,0,0.0
18052,2021-08,0,0.0
18052,2021-09,0,0.0
18052,2021-10,0,0.0
18052,2021-11,0,0.0
18052,2021-12,0,0.0
18053,2021-01,0,0.0
18053,2021-02,0,0.0
18053,2021-03,0,0.0
18053,2021-04,0,0.0
18053,2021-05,0,0.0
18053,2021-06,0,0.0
18053,2021-07,0,0.0
18053,2021-08,0,0.0
18053,2021-09,0,0.0
18053,2021-10,0,0.0
18053,2021-11,0,0.0
18053,2021-12,0,0.0
18054,2021-01,0,0.0
18054,2021-02,0,0.0
18054,2021-03,0,0.0
18054,2021-04,0,0.0
18054,2021-05,0,0.0
18054,2021-06,0,0.0
18054,2021-07,0,0.0
18054,2021-08,0,0.0
18054,2021-09,0,0.0
18054,2021-10,0,0.0
18054,2021-11,0,0.0
18054,2021-12,0,0.0
18055,2021-01,0,0.0
18055,2021-02,0,0.0
18055,2021-03,0,0.0
18055,2021-04,0,0.0
18055,2021-05,0,0.0
18055,2021-06,0,0.0
18055,2021-07,0,0.0
18055,2021-08,0,0.0
18055,2021-09,0,0.0
18055,2021-10,0,0.0
18055,2021-11,0,0.0
18055,2021-12,0,0.0
18056,2021-01,0,0.0
18056,2021-02,0,0.0
18056,2021-03,0,0.0
18056,2021-04,0,0.0
18056,2021-05,0,0.0
18056,2021-06,0,0.0
18056,2021-07,0,0.0
18056,2021-08,0,0.0
18056,2021-09,0,0.0
18056,2021-10,0,0.0
18056,2021-11,0,0.0
18056,2021-12,0,0.0
18058,2021-01,0,0.0
18058,2021-02,0,0.0
18058,2021-03,0,0.0
18058,2021-04,0,0.0
18058,2021-05,0,0.0
18058,2021-06,0,0.0
18058,2021-07,0,0.0
18058,2021-08,0,0.0
18058,2021-09,0,0.0
18058,2021-10,0,0.0
18058,2021-11,0,0.0
18058,2021-12,0,0.0
18059,2021-01,0,0.0
18059,2021-02,0,0.0
18059,2021-03,0,0.0
18059,2021-04,0,0.0
18059,2021-05,0,0.0
18059,2021-06,0,0.0
18059,2021-07,0,0.0
18059,2021-08,0,0.0
18059,2021-09,0,0.0
18059,2021-10,0,0.0
18059,2021-11,0,0.0
18059,2021-12,0,0.0
18063,2021-01,0,0.0
18063,2021-02,0,0.0
18063,2021-03,0,0.0
18063,2021-04,0,0.0
18063,2021-05,0,0.0
18063,2021-06,0,0.0
18063,2021-07,0,0.0
18063,2021-08,0,0.0
18063,2021-09,0,0.0
18063,2021-10,0,0.0
18063,2021-11,0,0.0
18063,2021-12,0,0.0
18065,2021-01,0,0.0
18065,2021-02,0,0.0
18065,2021-03,0,0.0
18065,2021-04,0,0.0
18065,2021-05,0,0.0
18065,2021-06,0,0.0
18065,2021-07,0,0.0
18065,2021-08,0,0.0
18065,2021-09,0,0.0
18065,2021-10,0,0.0
18065,2021-11,0,0.0
18065,2021-12,0,0.0
18066,2021-01,0,0.0
18066,2021-02,0,0.0
18066,2021-03,0,0.0
18066,2021-04,0,0.0
18066,2021-05,0,0.0
18066,2021-06,0,0.0
18066,2021-07,0,0.0
18066,2021-08,0,0.0
18066,2021-09,0,0.0
18066,2021-10,0,0.0
18066,2021-11,0,0.0
18066,2021-12,0,0.0
18067,2021-01,0,0.0
18067,2021-02,0,0.0
18067,2021-03,0,0.0
18067,2021-04,0,0.0
18067,2021-05,0,0.0
18067,2021-06,0,0.0
18067,2021-07,0,0.0
18067,2021-08,0,0.0
18067,2021-09,0,0.0
18067,2021-10,0,0.0
18067,2021-11,0,0.0
18067,2021-12,0,0.0
18069,2021-01,0,0.0
18069,2021-02,0,0.0
18069,2021-03,0,0.0
18069,2021-04,0,0.0
18069,2021-05,0,0.0
18069,2021-06,0,0.0
18069,2021-07,0,0.0
18069,2021-08,0,0.0
18069,2021-09,0,0.0
18069,2021-10,0,0.0
18069,2021-11,0,0.0
18069,2021-12,0,0.0
18070,2021-01,0,0.0
18070,2021-02,0,0.0
18070,2021-03,0,0.0
18070,2021-04,0,0.0
18070,2021-05,0,0.0
18070,2021-06,0,0.0
18070,2021-07,0,0.0
18070,2021-08,0,0.0
18070,2021-09,0,0.0
18070,2021-10,0,0.0
18070,2021-11,0,0.0
18070,2021-12,0,0.0
18071,2021-01,0,0.0
18071,2021-02,0,0.0
18071,2021-03,0,0.0
18071,2021-04,0,0.0
18071,2021-05,0,0.0
18071,2021-06,0,0.0
18071,2021-07,0,0.0
18071,2021-08,0,0.0
18071,2021-09,0,0.0
18071,2021-10,0,0.0
18071,2021-11,0,0.0
18071,2021-12,0,0.0
18072,2021-01,0,0.0
18072,2021-02,0,0.0
18072,2021-03,0,0.0
18072,2021-04,0,0.0
18072,2021-05,0,0.0
18072,2021-06,0,0.0
18072,2021-07,0,0.0
18072,2021-08,0,0.0
18072,2021-09,0,0.0
18072,2021-10,0,0.0
18072,2021-11,0,0.0
18072,2021-12,0,0.0
18073,2021-01,0,0.0
18073,2021-02,0,0.0
18073,2021-03,0,0.0
18073,2021-04,0,0.0
18073,2021-05,0,0.0
18073,2021-06,0,0.0
18073,2021-07,0,0.0
18073,2021-08,0,0.0
18073,2021-09,0,0.0
18073,2021-10,0,0.0
18073,2021-11,0,0.0
18073,2021-12,0,0.0
18074,2021-01,0,0.0
18074,2021-02,0,0.0
18074,2021-03,0,0.0
18074,2021-04,0,0.0
18074,2021-05,0,0.0
18074,2021-06,0,0.0
18074,2021-07,0,0.0
18074,2021-08,0,0.0
18074,2021-09,0,0.0
18074,2021-10,0,0.0
18074,2021-11,0,0.0
18074,2021-12,0,0.0
18076,2021-01,0,0.0
18076,2021-02,0,0.0
18076,2021-03,0,0.0
18076,2021-04,0,0.0
18076,2021-05,0,0.0
18076,2021-06,0,0.0
18076,2021-07,0,0.0
18076,2021-08,0,0.0
18076,2021-09,0,0.0
18076,2021-10,0,0.0
18076,2021-11,0,0.0
18076,2021-12,0,0.0
18077,2021-01,0,0.0
18077,2021-02,0,0.0
18077,2021-03,0,0.0
18077,2021-04,0,0.0
18077,2021-05,0,0.0
18077,2021-06,0,0.0
18077,2021-07,0,0.0
18077,2021-08,0,0.0
18077,2021-09,0,0.0
18077,2021-10,0,0.0
18077,2021-11,0,0.0
18077,2021-12,0,0.0
18078,2021-01,0,0.0
18078,2021-02,0,0.0
18078,2021-03,0,0.0
18078,2021-04,0,0.0
18078,2021-05,0,0.0
18078,2021-06,0,0.0
18078,2021-07,0,0.0
18078,2021-08,0,0.0
18078,2021-09,0,0.0
18078,2021-10,0,0.0
18078,2021-11,0,0.0
18078,2021-12,0,0.0
18079,2021-01,0,0.0
18079,2021-02,0,0.0
18079,2021-03,0,0.0
18079,2021-04,0,0.0
18079,2021-05,0,0.0
18079,2021-06,0,0.0
18079,2021-07,0,0.0
18079,2021-08,0,0.0
18079,2021-09,0,0.0
18079,2021-10,0,0.0
18079,2021-11,0,0.0
18079,2021-12,0,0.0
18080,2021-01,0,0.0
18080,2021-02,0,0.0
18080,2021-03,0,0.0
18080,2021-04,0,0.0
18080,2021-05,0,0.0
18080,2021-06,0,0.0
18080,2021-07,0,0.0
18080,2021-08,0,0.0
18080,2021-09,0,0.0
18080,2021-10,0,0.0
18080,2021-11,0,0.0
18080,2021-12,0,0.0
18081,2021-01,0,0.0
18081,2021-02,0,0.0
18081,2021-03,0,0.0
18081,2021-04,0,0.0
18081,2021-05,0,0.0
18081,2021-06,0,0.0
18081,2021-07,0,0.0
18081,2021-08,0,0.0
18081,2021-09,0,0.0
18081,2021-10,0,0.0
18081,2021-11,0,0.0
18081,2021-12,0,0.0
18083,2021-01,0,0.0
18083,2021-02,0,0.0
18083,2021-03,0,0.0
18083,2021-04,0,0.0
18083,2021-05,0,0.0
18083,2021-06,0,0.0
18083,2021-07,0,0.0
18083,2021-08,0,0.0
18083,2021-09,0,0.0
18083,2021-10,0,0.0
18083,2021-11,0,0.0
18083,2021-12,0,0.0
18085,2021-01,0,0.0
18085,2021-02,0,0.0
18085,2021-03,0,0.0
18085,2021-04,0,0.0
18085,2021-05,0,0.0
18085,2021-06,0,0.0
18085,2021-07,0,0.0
18085,2021-08,0,0.0
18085,2021-09,0,0.0
18085,2021-10,0,0.0
18085,2021-11,0,0.0
18085,2021-12,0,0.0
18086,2021-01,0,0.0
18086,2021-02,0,0.0
18086,2021-03,0,0.0
18086,2021-04,0,0.0
18086,2021-05,0,0.0
18086,2021-06,0,0.0
18086,2021-07,0,0.0
18086,2021-08,0,0.0
18086,2021-09,0,0.0
18086,2021-10,0,0.0
18086,2021-11,0,0.0
18086,2021-12,0,0.0
18087,2021-01,0,0.0
18087,2021-02,0,0.0
18087,2021-03,0,0.0
18087,2021-04,0,0.0
18087,2021-05,0,0.0
18087,2021-06,0,0.0
18087,2021-07,0,0.0
18087,2021-08,0,0.0
18087,2021-09,0,0.0
18087,2021-10,0,0.0
18087,2021-11,0,0.0
18087,2021-12,0,0.0
18088,2021-01,0,0.0
18088,2021-02,0,0.0
18088,2021-03,0,0.0
18088,2021-04,0,0.0
18088,2021-05,0,0.0
18088,2021-06,0,0.0
18088,2021-07,0,0.0
18088,2021-08,0,0.0
18088,2021-09,0,0.0
18088,2021-10,0,0.0
18088,2021-11,0,0.0
18088,2021-12,0,0.0
18091,2021-01,0,0.0
18091,2021-02,0,0.0
18091,2021-03,0,0.0
18091,2021-04,0,0.0
18091,2021-05,0,0.0
18091,2021-06,0,0.0
18091,2021-07,0,0.0
18091,2021-08,0,0.0
18091,2021-09,0,0.0
18091,2021-10,0,0.0
18091,2021-11,0,0.0
18091,2021-12,0,0.0
18092,2021-01,0,0.0
18092,2021-02,0,0.0
18092,2021-03,0,0.0
18092,2021-04,0,0.0
18092,2021-05,0,0.0
18092,2021-06,0,0.0
18092,2021-07,0,0.0
18092,2021-08,0,0.0
18092,2021-09,0,0.0
18092,2021-10,0,0.0
18092,2021-11,0,0.0
18092,2021-12,0,0.0
18101,2021-01,0,0.0
18101,2021-02,0,0.0
18101,2021-03,0,0.0
18101,2021-04,0,0.0
18101,2021-05,0,0.0
18101,2021-06,0,0.0
18101,2021-07,0,0.0
18101,2021-08,0,0.0
18101,2021-09,0,0.0
18101,2021-10,0,0.0
18101,2021-11,0,0.0
18101,2021-12,0,0.0
18103,2021-01,0,0.0
18103,2021-02,0,0.0
18103,2021-03,0,0.0
18103,2021-04,0,0.0
18103,2021-05,0,0.0
18103,2021-06,0,0.0
18103,2021-07,0,0.0
18103,2021-08,0,0.0
18103,2021-09,0,0.0
18103,2021-10,0,0.0
18103,2021-11,0,0.0
18103,2021-12,0,0.0
18106,2021-01,0,0.0
18106,2021-02,0,0.0
18106,2021-03,0,0.0
18106,2021-04,0,0.0
18106,2021-05,0,0.0
18106,2021-06,0,0.0
18106,2021-07,0,0.0
18106,2021-08,0,0.0
18106,2021-09,0,0.0
18106,2021-10,0,0.0
18106,2021-11,0,0.0
18106,2021-12,0,0.0
15010,2021-01,0,0.0
15010,2021-02,0,0.0
15010,2021-03,0,0.0
15010,2021-04,0,0.0
15010,2021-05,0,0.0
15010,2021-06,0,0.0
15010,2021-07,0,0.0
15010,2021-08,0,0.0
15010,2021-09,0,0.0
15010,2021-10,0,0.0
15010,2021-11,0,0.0
15010,2021-12,0,0.0
18195,2021-01,0,0.0
18195,2021-02,0,0.0
18195,2021-03,0,0.0
18195,2021-04,0,0.0
18195,2021-05,0,0.0
18195,2021-06,0,0.0
18195,2021-07,0,0.0
18195,2021-08,0,0.0
18195,2021-09,0,0.0
18195,2021-10,0,0.0
18195,2021-11,0,0.0
18195,2021-12,0,0.0
18201,2021-01,0,0.0
18201,2021-02,0,0.0
18201,2021-03,0,0.0
18201,2021-04,0,0.0
18201,2021-05,0,0.0
18201,2021-06,0,0.0
18201,2021-07,0,0.0
18201,2021-08,0,0.0
18201,2021-09,0,0.0
18201,2021-10,0,0.0
18201,2021-11,0,0.0
18201,2021-12,0,0.0
18202,2021-01,0,0.0
18202,2021-02,0,0.0
18202,2021-03,0,0.0
18202,2021-04,0,0.0
18202,2021-05,0,0.0
18202,2021-06,0,0.0
18202,2021-07,0,0.0
18202,2021-08,0,0.0
18202,2021-09,0,0.0
18202,2021-10,0,0.0
18202,2021-11,0,0.0
18202,2021-12,0,0.0
15015,2021-01,0,0.0
15015,2021-02,0,0.0
15015,2021-03,0,0.0
15015,2021-04,0,0.0
15015,2021-05,0,0.0
15015,2021-06,0,0.0
15015,2021-07,0,0.0
15015,2021-08,0,0.0
15015,2021-09,0,0.0
15015,2021-10,0,0.0
15015,2021-11,0,0.0
15015,2021-12,0,0.0
18210,2021-01,0,0.0
18210,2021-02,0,0.0
18210,2021-03,0,0.0
18210,2021-04,0,0.0
18210,2021-05,0,0.0
18210,2021-06,0,0.0
18210,2021-07,0,0.0
18210,2021-08,0,0.0
18210,2021-09,0,0.0
18210,2021-10,0,0.0
18210,2021-11,0,0.0
18210,2021-12,0,0.0
18211,2021-01,0,0.0
18211,2021-02,0,0.0
18211,2021-03,0,0.0
18211,2021-04,0,0.0
18211,2021-05,0,0.0
18211,2021-06,0,0.0
18211,2021-07,0,0.0
18211,2021-08,0,0.0
18211,2021-09,0,0.0
18211,2021-10,0,0.0
18211,2021-11,0,0.0
18211,2021-12,0,0.0
18212,2021-01,0,0.0
18212,2021-02,0,0.0
18212,2021-03,0,0.0
18212,2021-04,0,0.0
18212,2021-05,0,0.0
18212,2021-06,0,0.0
18212,2021-07,0,0.0
18212,2021-08,0,0.0
18212,2021-09,0,0.0
18212,2021-10,0,0.0
18212,2021-11,0,0.0
18212,2021-12,0,0.0
18214,2021-01,0,0.0
18214,2021-02,0,0.0
18214,2021-03,0,0.0
18214,2021-04,0,0.0
18214,2021-05,0,0.0
18214,2021-06,0,0.0
18214,2021-07,0,0.0
18214,2021-08,0,0.0
18214,2021-09,0,0.0
18214,2021-10,0,0.0
18214,2021-11,0,0.0
18214,2021-12,0,0.0
18216,2021-01,0,0.0
18216,2021-02,0,0.0
18216,2021-03,0,0.0
18216,2021-04,0,0.0
18216,2021-05,0,0.0
18216,2021-06,0,0.0
18216,2021-07,0,0.0
18216,2021-08,0,0.0
18216,2021-09,0,0.0
18216,2021-10,0,0.0
18216,2021-11,0,0.0
18216,2021-12,0,0.0
15018,2021-01,0,0.0
15018,2021-02,0,0.0
15018,2021-03,0,0.0
15018,2021-04,0,0.0
15018,2021-05,0,0.0
15018,2021-06,0,0.0
15018,2021-07,0,0.0
15018,2021-08,0,0.0
15018,2021-09,0,0.0
15018,2021-10,0,0.0
15018,2021-11,0,0.0
15018,2021-12,0,0.0
18218,2021-01,0,0.0
18218,2021-02,0,0.0
18218,2021-03,0,0.0
18218,2021-04,0,0.0
18218,2021-05,0,0.0
18218,2021-06,0,0.0
18218,2021-07,0,0.0
18218,2021-08,0,0.0
18218,2021-09,0,0.0
18218,2021-10,0,0.0
18218,2021-11,0,0.0
18218,2021-12,0,0.0
18219,2021-01,0,0.0
18219,2021-02,0,0.0
18219,2021-03,0,0.0
18219,2021-04,0,0.0
18219,2021-05,0,0.0
18219,2021-06,0,0.0
18219,2021-07,0,0.0
18219,2021-08,0,0.0
18219,2021-09,0,0.0
18219,2021-10,0,0.0
18219,2021-11,0,0.0
18219,2021-12,0,0.0
18220,2021-01,0,0.0
18220,2021-02,0,0.0
18220,2021-03,0,0.0
18220,2021-04,0,0.0
18220,2021-05,0,0.0
18220,2021-06,0,0.0
18220,2021-07,0,0.0
18220,2021-08,0,0.0
18220,2021-09,0,0.0
18220,2021-10,0,0.0
18220,2021-11,0,0.0
18220,2021-12,0,0.0
18221,2021-01,0,0.0
18221,2021-02,0,0.0
18221,2021-03,0,0.0
18221,2021-04,0,0.0
18221,2021-05,0,0.0
18221,2021-06,0,0.0
18221,2021-07,0,0.0
18221,2021-08,0,0.0
18221,2021-09,0,0.0
18221,2021-10,0,0.0
18221,2021-11,0,0.0
18221,2021-12,0,0.0
18222,2021-01,0,0.0
18222,2021-02,0,0.0
18222,2021-03,0,0.0
18222,2021-04,0,0.0
18222,2021-05,0,0.0
18222,2021-06,0,0.0
18222,2021-07,0,0.0
18222,2021-08,0,0.0
18222,2021-09,0,0.0
18222,2021-10,0,0.0
18222,2021-11,0,0.0
18222,2021-12,0,0.0
18223,2021-01,0,0.0
18223,2021-02,0,0.0
18223,2021-03,0,0.0
18223,2021-04,0,0.0
18223,2021-05,0,0.0
18223,2021-06,0,0.0
18223,2021-07,0,0.0
18223,2021-08,0,0.0
18223,2021-09,0,0.0
18223,2021-10,0,0.0
18223,2021-11,0,0.0
18223,2021-12,0,0.0
18224,2021-01,0,0.0
18224,2021-02,0,0.0
18224,2021-03,0,0.0
18224,2021-04,0,0.0
18224,2021-05,0,0.0
18224,2021-06,0,0.0
18224,2021-07,0,0.0
18224,2021-08,0,0.0
18224,2021-09,0,0.0
18224,2021-10,0,0.0
18224,2021-11,0,0.0
18224,2021-12,0,0.0
18225,2021-01,0,0.0
18225,2021-02,0,0.0
18225,2021-03,0,0.0
18225,2021-04,0,0.0
18225,2021-05,0,0.0
18225,2021-06,0,0.0
18225,2021-07,0,0.0
18225,2021-08,0,0.0
18225,2021-09,0,0.0
18225,2021-10,0,0.0
18225,2021-11,0,0.0
18225,2021-12,0,0.0
15019,2021-01,0,0.0
15019,2021-02,0,0.0
15019,2021-03,0,0.0
15019,2021-04,0,0.0
15019,2021-05,0,0.0
15019,2021-06,0,0.0
15019,2021-07,0,0.0
15019,2021-08,0,0.0
15019,2021-09,0,0.0
15019,2021-10,0,0.0
15019,2021-11,0,0.0
15019,2021-12,0,0.0
15020,2021-01,0,0.0
15020,2021-02,0,0.0
15020,2021-03,0,0.0
15020,2021-04,0,0.0
15020,2021-05,0,0.0
15020,2021-06,0,0.0
15020,2021-07,0,0.0
15020,2021-08,0,0.0
15020,2021-09,0,0.0
15020,2021-10,0,0.0
15020,2021-11,0,0.0
15020,2021-12,0,0.0
18229,2021-01,0,0.0
18229,2021-02,0,0.0
18229,2021-03,0,0.0
18229,2021-04,0,0.0
18229,2021-05,0,0.0
18229,2021-06,0,0.0
18229,2021-07,0,0.0
18229,2021-08,0,0.0
18229,2021-09,0,0.0
18229,2021-10,0,0.0
18229,2021-11,0,0.0
18229,2021-12,0,0.0
18230,2021-01,0,0.0
18230,2021-02,0,0.0
18230,2021-03,0,0.0
18230,2021-04,0,0.0
18230,2021-05,0,0.0
18230,2021-06,0,0.0
18230,2021-07,0,0.0
18230,2021-08,0,0.0
18230,2021-09,0,0.0
18230,2021-10,0,0.0
18230,2021-11,0,0.0
18230,2021-12,0,0.0
18231,2021-01,0,0.0
18231,2021-02,0,0.0
18231,2021-03,0,0.0
18231,2021-04,0,0.0
18231,2021-05,0,0.0
18231,2021-06,0,0.0
18231,2021-07,0,0.0
18231,2021-08,0,0.0
18231,2021-09,0,0.0
18231,2021-10,0,0.0
18231,2021-11,0,0.0
18231,2021-12,0,0.0
18232,2021-01,0,0.0
18232,2021-02,0,0.0
18232,2021-03,0,0.0
18232,2021-04,0,0.0
18232,2021-05,0,0.0
18232,2021-06,0,0.0
18232,2021-07,0,0.0
18232,2021-08,0,0.0
18232,2021-09,0,0.0
18232,2021-10,0,0.0
18232,2021-11,0,0.0
18232,2021-12,0,0.0
15021,2021-01,0,0.0
15021,2021-02,0,0.0
15021,2021-03,0,0.0
15021,2021-04,0,0.0
15021,2021-05,0,0.0
15021,2021-06,0,0.0
15021,2021-07,0,0.0
15021,2021-08,0,0.0
15021,2021-09,0,0.0
15021,2021-10,0,0.0
15021,2021-11,0,0.0
15021,2021-12,0,0.0
18234,2021-01,0,0.0
18234,2021-02,0,0.0
18234,2021-03,0,0.0
18234,2021-04,0,0.0
18234,2021-05,0,0.0
18234,2021-06,0,0.0
18234,2021-07,0,0.0
18234,2021-08,0,0.0
18234,2021-09,0,0.0
18234,2021-10,0,0.0
18234,2021-11,0,0.0
18234,2021-12,0,0.0
18235,2021-01,0,0.0
18235,2021-02,0,0.0
18235,2021-03,0,0.0
18235,2021-04,0,0.0
18235,2021-05,0,0.0
18235,2021-06,0,0.0
18235,2021-07,0,0.0
18235,2021-08,0,0.0
18235,2021-09,0,0.0
18235,2021-10,0,0.0
18235,2021-11,0,0.0
18235,2021-12,0,0.0
15022,2021-01,0,0.0
15022,2021-02,0,0.0
15022,2021-03,0,0.0
15022,2021-04,0,0.0
15022,2021-05,0,0.0
15022,2021-06,0,0.0
15022,2021-07,0,0.0
15022,2021-08,0,0.0
15022,2021-09,0,0.0
15022,2021-10,0,0.0
15022,2021-11,0,0.0
15022,2021-12,0,0.0
18237,2021-01,0,0.0
18237,2021-02,0,0.0
18237,2021-03,0,0.0
18237,2021-04,0,0.0
18237,2021-05,0,0.0
18237,2021-06,0,0.0
18237,2021-07,0,0.0
18237,2021-08,0,0.0
18237,2021-09,0,0.0
18237,2021-10,0,0.0
18237,2021-11,0,0.0
18237,2021-12,0,0.0
18239,2021-01,0,0.0
18239,2021-02,0,0.0
18239,2021-03,0,0.0
18239,2021-04,0,0.0
18239,2021-05,0,0.0
18239,2021-06,0,0.0
18239,2021-07,0,0.0
18239,2021-08,0,0.0
18239,2021-09,0,0.0
18239,2021-10,0,0.0
18239,2021-11,0,0.0
18239,2021-12,0,0.0
18240,2021-01,0,0.0
18240,2021-02,0,0.0
18240,2021-03,0,0.0
18240,2021-04,0,0.0
18240,2021-05,0,0.0
18240,2021-06,0,0.0
18240,2021-07,0,0.0
18240,2021-08,0,0.0
18240,2021-09,0,0.0
18240,2021-10,0,0.0
18240,2021-11,0,0.0
18240,2021-12,0,0.0
18241,2021-01,0,0.0
18241,2021-02,0,0.0
18241,2021-03,0,0.0
18241,2021-04,0,0.0
18241,2021-05,0,0.0
18241,2021-06,0,0.0
18241,2021-07,0,0.0
18241,2021-08,0,0.0
18241,2021-09,0,0.0
18241,2021-10,0,0.0
18241,2021-11,0,0.0
18241,2021-12,0,0.0
18242,2021-01,0,0.0
18242,2021-02,0,0.0
18242,2021-03,0,0.0
18242,2021-04,0,0.0
18242,2021-05,0,0.0
18242,2021-06,0,0.0
18242,2021-07,0,0.0
18242,2021-08,0,0.0
18242,2021-09,0,0.0
18242,2021-10,0,0.0
18242,2021-11,0,0.0
18242,2021-12,0,0.0
18244,2021-01,0,0.0
18244,2021-02,0,0.0
18244,2021-03,0,0.0
18244,2021-04,0,0.0
18244,2021-05,0,0.0
18244,2021-06,0,0.0
18244,2021-07,0,0.0
18244,2021-08,0,0.0
18244,2021-09,0,0.0
18244,2021-10,0,0.0
18244,2021-11,0,0.0
18244,2021-12,0,0.0
18245,2021-01,0,0.0
18245,2021-02,0,0.0
18245,2021-03,0,0.0
18245,2021-04,0,0.0
18245,2021-05,0,0.0
18245,2021-06,0,0.0
18245,2021-07,0,0.0
18245,2021-08,0,0.0
18245,2021-09,0,0.0
18245,2021-10,0,0.0
18245,2021-11,0,0.0
18245,2021-12,0,0.0
18246,2021-01,0,0.0
18246,2021-02,0,0.0
18246,2021-03,0,0.0
18246,2021-04,0,0.0
18246,2021-05,0,0.0
18246,2021-06,0,0.0
18246,2021-07,0,0.0
18246,2021-08,0,0.0
18246,2021-09,0,0.0
18246,2021-10,0,0.0
18246,2021-11,0,0.0
18246,2021-12,0,0.0
18248,2021-01,0,0.0
18248,2021-02,0,0.0
18248,2021-03,0,0.0
18248,2021-04,0,0.0
18248,2021-05,0,0.0
18248,2021-06,0,0.0
18248,2021-07,0,0.0
18248,2021-08,0,0.0
18248,2021-09,0,0.0
18248,2021-10,0,0.0
18248,2021-11,0,0.0
18248,2021-12,0,0.0
18249,2021-01,0,0.0
18249,2021-02,0,0.0
18249,2021-03,0,0.0
18249,2021-04,0,0.0
18249,2021-05,0,0.0
18249,2021-06,0,0.0
18249,2021-07,0,0.0
18249,2021-08,0,0.0
18249,2021-09,0,0.0
18249,2021-10,0,0.0
18249,2021-11,0,0.0
18249,2021-12,0,0.0
18250,2021-01,0,0.0
18250,2021-02,0,0.0
18250,2021-03,0,0.0
18250,2021-04,0,0.0
18250,2021-05,0,0.0
18250,2021-06,0,0.0
18250,2021-07,0,0.0
18250,2021-08,0,0.0
18250,2021-09,0,0.0
18250,2021-10,0,0.0
18250,2021-11,0,0.0
18250,2021-12,0,0.0
15025,2021-01,0,0.0
15025,2021-02,0,0.0
15025,2021-03,0,0.0
15025,2021-04,0,0.0
15025,2021-05,0,0.0
15025,2021-06,0,0.0
15025,2021-07,0,0.0
15025,2021-08,0,0.0
15025,2021-09,0,0.0
15025,2021-10,0,0.0
15025,2021-11,0,0.0
15025,2021-12,0,0.0
18252,2021-01,0,0.0
18252,2021-02,0,0.0
18252,2021-03,0,0.0
18252,2021-04,0,0.0
18252,2021-05,0,0.0
18252,2021-06,0,0.0
18252,2021-07,0,0.0
18252,2021-08,0,0.0
18252,2021-09,0,0.0
18252,2021-10,0,0.0
18252,2021-11,0,0.0
18252,2021-12,0,0.0
18254,2021-01,0,0.0
18254,2021-02,0,0.0
18254,2021-03,0,0.0
18254,2021-04,0,0.0
18254,2021-05,0,0.0
18254,2021-06,0,0.0
18254,2021-07,0,0.0
18254,2021-08,0,0.0
18254,2021-09,0,0.0
18254,2021-10,0,0.0
18254,2021-11,0,0.0
18254,2021-12,0,0.0
18255,2021-01,0,0.0
18255,2021-02,0,0.0
18255,2021-03,0,0.0
18255,2021-04,0,0.0
18255,2021-05,0,0.0
18255,2021-06,0,0.0
18255,2021-07,0,0.0
18255,2021-08,0,0.0
18255,2021-09,0,0.0
18255,2021-10,0,0.0
18255,2021-11,0,0.0
18255,2021-12,0,0.0
18256,2021-01,0,0.0
18256,2021-02,0,0.0
18256,2021-03,0,0.0
18256,2021-04,0,0.0
18256,2021-05,0,0.0
18256,2021-06,0,0.0
18256,2021-07,0,0.0
18256,2021-08,0,0.0
18256,2021-09,0,0.0
18256,2021-10,0,0.0
18256,2021-11,0,0.0
18256,2021-12,0,0.0
15026,2021-01,0,0.0
15026,2021-02,0,0.0
15026,2021-03,0,0.0
15026,2021-04,0,0.0
15026,2021-05,0,0.0
15026,2021-06,0,0.0
15026,2021-07,0,0.0
15026,2021-08,0,0.0
15026,2021-09,0,0.0
15026,2021-10,0,0.0
15026,2021-11,0,0.0
15026,2021-12,0,0.0
15027,2021-01,0,0.0
15027,2021-02,0,0.0
15027,2021-03,0,0.0
15027,2021-04,0,0.0
15027,2021-05,0,0.0
15027,2021-06,0,0.0
15027,2021-07,0,0.0
15027,2021-08,0,0.0
15027,2021-09,0,0.0
15027,2021-10,0,0.0
15027,2021-11,0,0.0
15027,2021-12,0,0.0
15028,2021-01,0,0.0
15028,2021-02,0,0.0
15028,2021-03,0,0.0
15028,2021-04,0,0.0
15028,2021-05,0,0.0
15028,2021-06,0,0.0
15028,2021-07,0,0.0
15028,2021-08,0,0.0
15028,2021-09,0,0.0
15028,2021-10,0,0.0
15028,2021-11,0,0.0
15028,2021-12,0,0.0
15030,2021-01,0,0.0
15030,2021-02,0,0.0
15030,2021-03,0,0.0
15030,2021-04,0,0.0
15030,2021-05,0,0.0
15030,2021-06,0,0.0
15030,2021-07,0,0.0
15030,2021-08,0,0.0
15030,2021-09,0,0.0
15030,2021-10,0,0.0
15030,2021-11,0,0.0
15030,2021-12,0,0.0
15031,2021-01,0,0.0
15031,2021-02,0,0.0
15031,2021-03,0,0.0
15031,2021-04,0,0.0
15031,2021-05,0,0.0
15031,2021-06,0,0.0
15031,2021-07,0,0.0
15031,2021-08,0,0.0
15031,2021-09,0,0.0
15031,2021-10,0,0.0
15031,2021-11,0,0.0
15031,2021-12,0,0.0
15033,2021-01,0,0.0
15033,2021-02,0,0.0
15033,2021-03,0,0.0
15033,2021-04,0,0.0
15033,2021-05,0,0.0
15033,2021-06,0,0.0
15033,2021-07,0,0.0
15033,2021-08,0,0.0
15033,2021-09,0,0.0
15033,2021-10,0,0.0
15033,2021-11,0,0.0
15033,2021-12,0,0.0
15034,2021-01,0,0.0
15034,2021-02,0,0.0
15034,2021-03,0,0.0
15034,2021-04,0,0.0
15034,2021-05,0,0.0
15034,2021-06,0,0.0
15034,2021-07,0,0.0
15034,2021-08,0,0.0
15034,2021-09,0,0.0
15034,2021-10,0,0.0
15034,2021-11,0,0.0
15034,2021-12,0,0.0
18301,2021-01,0,0.0
18301,2021-02,0,0.0
18301,2021-03,0,0.0
18301,2021-04,0,0.0
18301,2021-05,0,0.0
18301,2021-06,0,0.0
18301,2021-07,0,0.0
18301,2021-08,0,0.0
18301,2021-09,0,0.0
18301,2021-10,0,0.0
18301,2021-11,0,0.0
18301,2021-12,0,0.0
18302,2021-01,0,0.0
18302,2021-02,0,0.0
18302,2021-03,0,0.0
18302,2021-04,0,0.0
18302,2021-05,0,0.0
18302,2021-06,0,0.0
18302,2021-07,0,0.0
18302,2021-08,0,0.0
18302,2021-09,0,0.0
18302,2021-10,0,0.0
18302,2021-11,0,0.0
18302,2021-12,0,0.0
15035,2021-01,0,0.0
15035,2021-02,0,0.0
15035,2021-03,0,0.0
15035,2021-04,0,0.0
15035,2021-05,0,0.0
15035,2021-06,0,0.0
15035,2021-07,0,0.0
15035,2021-08,0,0.0
15035,2021-09,0,0.0
15035,2021-10,0,0.0
15035,2021-11,0,0.0
15035,2021-12,0,0.0
15037,2021-01,0,0.0
15037,2021-02,0,0.0
15037,2021-03,0,0.0
15037,2021-04,0,0.0
15037,2021-05,0,0.0
15037,2021-06,0,0.0
15037,2021-07,0,0.0
15037,2021-08,0,0.0
15037,2021-09,0,0.0
15037,2021-10,0,0.0
15037,2021-11,0,0.0
15037,2021-12,0,0.0
15038,2021-01,0,0.0
15038,2021-02,0,0.0
15038,2021-03,0,0.0
15038,2021-04,0,0.0
15038,2021-05,0,0.0
15038,2021-06,0,0.0
15038,2021-07,0,0.0
15038,2021-08,0,0.0
15038,2021-09,0,0.0
15038,2021-10,0,0.0
15038,2021-11,0,0.0
15038,2021-12,0,0.0
18321,2021-01,0,0.0
18321,2021-02,0,0.0
18321,2021-03,0,0.0
18321,2021-04,0,0.0
18321,2021-05,0,0.0
18321,2021-06,0,0.0
18321,2021-07,0,0.0
18321,2021-08,0,0.0
18321,2021-09,0,0.0
18321,2021-10,0,0.0
18321,2021-11,0,0.0
18321,2021-12,0,0.0
18322,2021-01,0,0.0
18322,2021-02,0,0.0
18322,2021-03,0,0.0
18322,2021-04,0,0.0
18322,2021-05,0,0.0
18322,2021-06,0,0.0
18322,2021-07,0,0.0
18322,2021-08,0,0.0
18322,2021-09,0,0.0
18322,2021-10,0,0.0
18322,2021-11,0,0.0
18322,2021-12,0,0.0
18323,2021-01,0,0.0
18323,2021-02,0,0.0
18323,2021-03,0,0.0
18323,2021-04,0,0.0
18323,2021-05,0,0.0
18323,2021-06,0,0.0
18323,2021-07,0,0.0
18323,2021-08,0,0.0
18323,2021-09,0,0.0
18323,2021-10,0,0.0
18323,2021-11,0,0.0
18323,2021-12,0,0.0
18324,2021-01,0,0.0
18324,2021-02,0,0.0
18324,2021-03,0,0.0
18324,2021-04,0,0.0
18324,2021-05,0,0.0
18324,2021-06,0,0.0
18324,2021-07,0,0.0
18324,2021-08,0,0.0
18324,2021-09,0,0.0
18324,2021-10,0,0.0
18324,2021-11,0,0.0
18324,2021-12,0,0.0
18325,2021-01,0,0.0
18325,2021-02,0,0.0
18325,2021-03,0,0.0
18325,2021-04,0,0.0
18325,2021-05,0,0.0
18325,2021-06,0,0.0
18325,2021-07,0,0.0
18325,2021-08,0,0.0
18325,2021-09,0,0.0
18325,2021-10,0,0.0
18325,2021-11,0,0.0
18325,2021-12,0,0.0
18326,2021-01,0,0.0
18326,2021-02,0,0.0
18326,2021-03,0,0.0
18326,2021-04,0,0.0
18326,2021-05,0,0.0
18326,2021-06,0,0.0
18326,2021-07,0,0.0
18326,2021-08,0,0.0
18326,2021-09,0,0.0
18326,2021-10,0,0.0
18326,2021-11,0,0.0
18326,2021-12,0,0.0
18327,2021-01,0,0.0
18327,2021-02,0,0.0
18327,2021-03,0,0.0
18327,2021-04,0,0.0
18327,2021-05,0,0.0
18327,2021-06,0,0.0
18327,2021-07,0,0.0
18327,2021-08,0,0.0
18327,2021-09,0,0.0
18327,2021-10,0,0.0
18327,2021-11,0,0.0
18327,2021-12,0,0.0
18328,2021-01,0,0.0
18328,2021-02,0,0.0
18328,2021-03,0,0.0
18328,2021-04,0,0.0
18328,2021-05,0,0.0
18328,2021-06,0,0.0
18328,2021-07,0,0.0
18328,2021-08,0,0.0
18328,2021-09,0,0.0
18328,2021-10,0,0.0
18328,2021-11,0,0.0
18328,2021-12,0,0.0
18330,2021-01,0,0.0
18330,2021-02,0,0.0
18330,2021-03,0,0.0
18330,2021-04,0,0.0
18330,2021-05,0,0.0
18330,2021-06,0,0.0
18330,2021-07,0,0.0
18330,2021-08,0,0.0
18330,2021-09,0,0.0
18330,2021-10,0,0.0
18330,2021-11,0,0.0
18330,2021-12,0,0.0
18331,2021-01,0,0.0
18331,2021-02,0,0.0
18331,2021-03,0,0.0
18331,2021-04,0,0.0
18331,2021-05,0,0.0
18331,2021-06,0,0.0
18331,2021-07,0,0.0
18331,2021-08,0,0.0
18331,2021-09,0,0.0
18331,2021-10,0,0.0
18331,2021-11,0,0.0
18331,2021-12,0,0.0
18332,2021-01,0,0.0
18332,2021-02,0,0.0
18332,2021-03,0,0.0
18332,2021-04,0,0.0
18332,2021-05,0,0.0
18332,2021-06,0,0.0
18332,2021-07,0,0.0
18332,2021-08,0,0.0
18332,2021-09,0,0.0
18332,2021-10,0,0.0
18332,2021-11,0,0.0
18332,2021-12,0,0.0
18333,2021-01,0,0.0
18333,2021-02,0,0.0
18333,2021-03,0,0.0
18333,2021-04,0,0.0
18333,2021-05,0,0.0
18333,2021-06,0,0.0
18333,2021-07,0,0.0
18333,2021-08,0,0.0
18333,2021-09,0,0.0
18333,2021-10,0,0.0
18333,2021-11,0,0.0
18333,2021-12,0,0.0
18334,2021-01,0,0.0
18334,2021-02,0,0.0
18334,2021-03,0,0.0
18334,2021-04,0,0.0
18334,2021-05,0,0.0
18334,2021-06,0,0.0
18334,2021-07,0,0.0
18334,2021-08,0,0.0
18334,2021-09,0,0.0
18334,2021-10,0,0.0
18334,2021-11,0,0.0
18334,2021-12,0,0.0
18335,2021-01,0,0.0
18335,2021-02,0,0.0
18335,2021-03,0,0.0
18335,2021-04,0,0.0
18335,2021-05,0,0.0
18335,2021-06,0,0.0
18335,2021-07,0,0.0
18335,2021-08,0,0.0
18335,2021-09,0,0.0
18335,2021-10,0,0.0
18335,2021-11,0,0.0
18335,2021-12,0,0.0
18336,2021-01,0,0.0
18336,2021-02,0,0.0
18336,2021-03,0,0.0
18336,2021-04,0,0.0
18336,2021-05,0,0.0
18336,2021-06,0,0.0
18336,2021-07,0,0.0
18336,2021-08,0,0.0
18336,2021-09,0,0.0
18336,2021-10,0,0.0
18336,2021-11,0,0.0
18336,2021-12,0,0.0
18337,2021-01,0,0.0
18337,2021-02,0,0.0
18337,2021-03,0,0.0
18337,2021-04,0,0.0
18337,2021-05,0,0.0
18337,2021-06,0,0.0
18337,2021-07,0,0.0
18337,2021-08,0,0.0
18337,2021-09,0,0.0
18337,2021-10,0,0.0
18337,2021-11,0,0.0
18337,2021-12,0,0.0
15042,2021-01,0,0.0
15042,2021-02,0,0.0
15042,2021-03,0,0.0
15042,2021-04,0,0.0
15042,2021-05,0,0.0
15042,2021-06,0,0.0
15042,2021-07,0,0.0
15042,2021-08,0,0.0
15042,2021-09,0,0.0
15042,2021-10,0,0.0
15042,2021-11,0,0.0
15042,2021-12,0,0.0
18340,2021-01,0,0.0
18340,2021-02,0,0.0
18340,2021-03,0,0.0
18340,2021-04,0,0.0
18340,2021-05,0,0.0
18340,2021-06,0,0.0
18340,2021-07,0,0.0
18340,2021-08,0,0.0
18340,2021-09,0,0.0
18340,2021-10,0,0.0
18340,2021-11,0,0.0
18340,2021-12,0,0.0
18342,2021-01,0,0.0
18342,2021-02,0,0.0
18342,2021-03,0,0.0
18342,2021-04,0,0.0
18342,2021-05,0,0.0
18342,2021-06,0,0.0
18342,2021-07,0,0.0
18342,2021-08,0,0.0
18342,2021-09,0,0.0
18342,2021-10,0,0.0
18342,2021-11,0,0.0
18342,2021-12,0,0.0
18343,2021-01,0,0.0
18343,2021-02,0,0.0
18343,2021-03,0,0.0
18343,2021-04,0,0.0
18343,2021-05,0,0.0
18343,2021-06,0,0.0
18343,2021-07,0,0.0
18343,2021-08,0,0.0
18343,2021-09,0,0.0
18343,2021-10,0,0.0
18343,2021-11,0,0.0
18343,2021-12,0,0.0
18344,2021-01,0,0.0
18344,2021-02,0,0.0
18344,2021-03,0,0.0
18344,2021-04,0,0.0
18344,2021-05,0,0.0
18344,2021-06,0,0.0
18344,2021-07,0,0.0
18344,2021-08,0,0.0
18344,2021-09,0,0.0
18344,2021-10,0,0.0
18344,2021-11,0,0.0
18344,2021-12,0,0.0
15043,2021-01,0,0.0
15043,2021-02,0,0.0
15043,2021-03,0,0.0
15043,2021-04,0,0.0
15043,2021-05,0,0.0
15043,2021-06,0,0.0
15043,2021-07,0,0.0
15043,2021-08,0,0.0
15043,2021-09,0,0.0
15043,2021-10,0,0.0
15043,2021-11,0,0.0
15043,2021-12,0,0.0
18346,2021-01,0,0.0
18346,2021-02,0,0.0
18346,2021-03,0,0.0
18346,2021-04,0,0.0
18346,2021-05,0,0.0
18346,2021-06,0,0.0
18346,2021-07,0,0.0
18346,2021-08,0,0.0
18346,2021-09,0,0.0
18346,2021-10,0,0.0
18346,2021-11,0,0.0
18346,2021-12,0,0.0
18347,2021-01,0,0.0
18347,2021-02,0,0.0
18347,2021-03,0,0.0
18347,2021-04,0,0.0
18347,2021-05,0,0.0
18347,2021-06,0,0.0
18347,2021-07,0,0.0
18347,2021-08,0,0.0
18347,2021-09,0,0.0
18347,2021-10,0,0.0
18347,2021-11,0,0.0
18347,2021-12,0,0.0
18349,2021-01,0,0.0
18349,2021-02,0,0.0
18349,2021-03,0,0.0
18349,2021-04,0,0.0
18349,2021-05,0,0.0
18349,2021-06,0,0.0
18349,2021-07,0,0.0
18349,2021-08,0,0.0
18349,2021-09,0,0.0
18349,2021-10,0,0.0
18349,2021-11,0,0.0
18349,2021-12,0,0.0
18350,2021-01,0,0.0
18350,2021-02,0,0.0
18350,2021-03,0,0.0
18350,2021-04,0,0.0
18350,2021-05,0,0.0
18350,2021-06,0,0.0
18350,2021-07,0,0.0
18350,2021-08,0,0.0
18350,2021-09,0,0.0
18350,2021-10,0,0.0
18350,2021-11,0,0.0
18350,2021-12,0,0.0
18351,2021-01,0,0.0
18351,2021-02,0,0.0
18351,2021-03,0,0.0
18351,2021-04,0,0.0
18351,2021-05,0,0.0
18351,2021-06,0,0.0
18351,2021-07,0,0.0
18351,2021-08,0,0.0
18351,2021-09,0,0.0
18351,2021-10,0,0.0
18351,2021-11,0,0.0
18351,2021-12,0,0.0
15045,2021-01,0,0.0
15045,2021-02,0,0.0
15045,2021-03,0,0.0
15045,2021-04,0,0.0
15045,2021-05,0,0.0
15045,2021-06,0,0.0
15045,2021-07,0,0.0
15045,2021-08,0,0.0
15045,2021-09,0,0.0
15045,2021-10,0,0.0
15045,2021-11,0,0.0
15045,2021-12,0,0.0
18353,2021-01,0,0.0
18353,2021-02,0,0.0
18353,2021-03,0,0.0
18353,2021-04,0,0.0
18353,2021-05,0,0.0
18353,2021-06,0,0.0
18353,2021-07,0,0.0
18353,2021-08,0,0.0
18353,2021-09,0,0.0
18353,2021-10,0,0.0
18353,2021-11,0,0.0
18353,2021-12,0,0.0
18354,2021-01,0,0.0
18354,2021-02,0,0.0
18354,2021-03,0,0.0
18354,2021-04,0,0.0
18354,2021-05,0,0.0
18354,2021-06,0,0.0
18354,2021-07,0,0.0
18354,2021-08,0,0.0
18354,2021-09,0,0.0
18354,2021-10,0,0.0
18354,2021-11,0,0.0
18354,2021-12,0,0.0
18355,2021-01,0,0.0
18355,2021-02,0,0.0
18355,2021-03,0,0.0
18355,2021-04,0,0.0
18355,2021-05,0,0.0
18355,2021-06,0,0.0
18355,2021-07,0,0.0
18355,2021-08,0,0.0
18355,2021-09,0,0.0
18355,2021-10,0,0.0
18355,2021-11,0,0.0
18355,2021-12,0,0.0
18356,2021-01,0,0.0
18356,2021-02,0,0.0
18356,2021-03,0,0.0
18356,2021-04,0,0.0
18356,2021-05,0,0.0
18356,2021-06,0,0.0
18356,2021-07,0,0.0
18356,2021-08,0,0.0
18356,2021-09,0,0.0
18356,2021-10,0,0.0
18356,2021-11,0,0.0
18356,2021-12,0,0.0
18357,2021-01,0,0.0
18357,2021-02,0,0.0
18357,2021-03,0,0.0
18357,2021-04,0,0.0
18357,2021-05,0,0.0
18357,2021-06,0,0.0
18357,2021-07,0,0.0
18357,2021-08,0,0.0
18357,2021-09,0,0.0
18357,2021-10,0,0.0
18357,2021-11,0,0.0
18357,2021-12,0,0.0
15046,2021-01,0,0.0
15046,2021-02,0,0.0
15046,2021-03,0,0.0
15046,2021-04,0,0.0
15046,2021-05,0,0.0
15046,2021-06,0,0.0
15046,2021-07,0,0.0
15046,2021-08,0,0.0
15046,2021-09,0,0.0
15046,2021-10,0,0.0
15046,2021-11,0,0.0
15046,2021-12,0,0.0
15047,2021-01,0,0.0
15047,2021-02,0,0.0
15047,2021-03,0,0.0
15047,2021-04,0,0.0
15047,2021-05,0,0.0
15047,2021-06,0,0.0
15047,2021-07,0,0.0
15047,2021-08,0,0.0
15047,2021-09,0,0.0
15047,2021-10,0,0.0
15047,2021-11,0,0.0
15047,2021-12,0,0.0
18370,2021-01,0,0.0
18370,2021-02,0,0.0
18370,2021-03,0,0.0
18370,2021-04,0,0.0
18370,2021-05,0,0.0
18370,2021-06,0,0.0
18370,2021-07,0,0.0
18370,2021-08,0,0.0
18370,2021-09,0,0.0
18370,2021-10,0,0.0
18370,2021-11,0,0.0
18370,2021-12,0,0.0
18371,2021-01,0,0.0
18371,2021-02,0,0.0
18371,2021-03,0,0.0
18371,2021-04,0,0.0
18371,2021-05,0,0.0
18371,2021-06,0,0.0
18371,2021-07,0,0.0
18371,2021-08,0,0.0
18371,2021-09,0,0.0
18371,2021-10,0,0.0
18371,2021-11,0,0.0
18371,2021-12,0,0.0
18372,2021-01,0,0.0
18372,2021-02,0,0.0
18372,2021-03,0,0.0
18372,2021-04,0,0.0
18372,2021-05,0,0.0
18372,2021-06,0,0.0
18372,2021-07,0,0.0
18372,2021-08,0,0.0
18372,2021-09,0,0.0
18372,2021-10,0,0.0
18372,2021-11,0,0.0
18372,2021-12,0,0.0
15049,2021-01,0,0.0
15049,2021-02,0,0.0
15049,2021-03,0,0.0
15049,2021-04,0,0.0
15049,2021-05,0,0.0
15049,2021-06,0,0.0
15049,2021-07,0,0.0
15049,2021-08,0,0.0
15049,2021-09,0,0.0
15049,2021-10,0,0.0
15049,2021-11,0,0.0
15049,2021-12,0,0.0
18403,2021-01,0,0.0
18403,2021-02,0,0.0
18403,2021-03,0,0.0
18403,2021-04,0,0.0
18403,2021-05,0,0.0
18403,2021-06,0,0.0
18403,2021-07,0,0.0
18403,2021-08,0,0.0
18403,2021-09,0,0.0
18403,2021-10,0,0.0
18403,2021-11,0,0.0
18403,2021-12,0,0.0
18405,2021-01,0,0.0
18405,2021-02,0,0.0
18405,2021-03,0,0.0
18405,2021-04,0,0.0
18405,2021-05,0,0.0
18405,2021-06,0,0.0
18405,2021-07,0,0.0
18405,2021-08,0,0.0
18405,2021-09,0,0.0
18405,2021-10,0,0.0
18405,2021-11,0,0.0
18405,2021-12,0,0.0
18407,2021-01,0,0.0
18407,2021-02,0,0.0
18407,2021-03,0,0.0
18407,2021-04,0,0.0
18407,2021-05,0,0.0
18407,2021-06,0,0.0
18407,2021-07,0,0.0
18407,2021-08,0,0.0
18407,2021-09,0,0.0
18407,2021-10,0,0.0
18407,2021-11,0,0.0
18407,2021-12,0,0.0
18411,2021-01,0,0.0
18411,2021-02,0,0.0
18411,2021-03,0,0.0
18411,2021-04,0,0.0
18411,2021-05,0,0.0
18411,2021-06,0,0.0
18411,2021-07,0,0.0
18411,2021-08,0,0.0
18411,2021-09,0,0.0
18411,2021-10,0,0.0
18411,2021-11,0,0.0
18411,2021-12,0,0.0
18413,2021-01,0,0.0
18413,2021-02,0,0.0
18413,2021-03,0,0.0
18413,2021-04,0,0.0
18413,2021-05,0,0.0
18413,2021-06,0,0.0
18413,2021-07,0,0.0
18413,2021-08,0,0.0
18413,2021-09,0,0.0
18413,2021-10,0,0.0
18413,2021-11,0,0.0
18413,2021-12,0,0.0
18414,2021-01,0,0.0
18414,2021-02,0,0.0
18414,2021-03,0,0.0
18414,2021-04,0,0.0
18414,2021-05,0,0.0
18414,2021-06,0,0.0
18414,2021-07,0,0.0
18414,2021-08,0,0.0
18414,2021-09,0,0.0
18414,2021-10,0,0.0
18414,2021-11,0,0.0
18414,2021-12,0,0.0
18415,2021-01,0,0.0
18415,2021-02,0,0.0
18415,2021-03,0,0.0
18415,2021-04,0,0.0
18415,2021-05,0,0.0
18415,2021-06,0,0.0
18415,2021-07,0,0.0
18415,2021-08,0,0.0
18415,2021-09,0,0.0
18415,2021-10,0,0.0
18415,2021-11,0,0.0
18415,2021-12,0,0.0
18417,2021-01,0,0.0
18417,2021-02,0,0.0
18417,2021-03,0,0.0
18417,2021-04,0,0.0
18417,2021-05,0,0.0
18417,2021-06,0,0.0
18417,2021-07,0,0.0
18417,2021-08,0,0.0
18417,2021-09,0,0.0
18417,2021-10,0,0.0
18417,2021-11,0,0.0
18417,2021-12,0,0.0
18419,2021-01,0,0.0
18419,2021-02,0,0.0
18419,2021-03,0,0.0
18419,2021-04,0,0.0
18419,2021-05,0,0.0
18419,2021-06,0,0.0
18419,2021-07,0,0.0
18419,2021-08,0,0.0
18419,2021-09,0,0.0
18419,2021-10,0,0.0
18419,2021-11,0,0.0
18419,2021-12,0,0.0
18420,2021-01,0,0.0
18420,2021-02,0,0.0
18420,2021-03,0,0.0
18420,2021-04,0,0.0
18420,2021-05,0,0.0
18420,2021-06,0,0.0
18420,2021-07,0,0.0
18420,2021-08,0,0.0
18420,2021-09,0,0.0
18420,2021-10,0,0.0
18420,2021-11,0,0.0
18420,2021-12,0,0.0
18421,2021-01,0,0.0
18421,2021-02,0,0.0
18421,2021-03,0,0.0
18421,2021-04,0,0.0
18421,2021-05,0,0.0
18421,2021-06,0,0.0
18421,2021-07,0,0.0
18421,2021-08,0,0.0
18421,2021-09,0,0.0
18421,2021-10,0,0.0
18421,2021-11,0,0.0
18421,2021-12,0,0.0
18424,2021-01,0,0.0
18424,2021-02,0,0.0
18424,2021-03,0,0.0
18424,2021-04,0,0.0
18424,2021-05,0,0.0
18424,2021-06,0,0.0
18424,2021-07,0,0.0
18424,2021-08,0,0.0
18424,2021-09,0,0.0
18424,2021-10,0,0.0
18424,2021-11,0,0.0
18424,2021-12,0,0.0
18425,2021-01,0,0.0
18425,2021-02,0,0.0
18425,2021-03,0,0.0
18425,2021-04,0,0.0
18425,2021-05,0,0.0
18425,2021-06,0,0.0
18425,2021-07,0,0.0
18425,2021-08,0,0.0
18425,2021-09,0,0.0
18425,2021-10,0,0.0
18425,2021-11,0,0.0
18425,2021-12,0,0.0
18426,2021-01,0,0.0
18426,2021-02,0,0.0
18426,2021-03,0,0.0
18426,2021-04,0,0.0
18426,2021-05,0,0.0
18426,2021-06,0,0.0
18426,2021-07,0,0.0
18426,2021-08,0,0.0
18426,2021-09,0,0.0
18426,2021-10,0,0.0
18426,2021-11,0,0.0
18426,2021-12,0,0.0
18428,2021-01,0,0.0
18428,2021-02,0,0.0
18428,2021-03,0,0.0
18428,2021-04,0,0.0
18428,2021-05,0,0.0
18428,2021-06,0,0.0
18428,2021-07,0,0.0
18428,2021-08,0,0.0
18428,2021-09,0,0.0
18428,2021-10,0,0.0
18428,2021-11,0,0.0
18428,2021-12,0,0.0
18430,2021-01,0,0.0
18430,2021-02,0,0.0
18430,2021-03,0,0.0
18430,2021-04,0,0.0
18430,2021-05,0,0.0
18430,2021-06,0,0.0
18430,2021-07,0,0.0
18430,2021-08,0,0.0
18430,2021-09,0,0.0
18430,2021-10,0,0.0
18430,2021-11,0,0.0
18430,2021-12,0,0.0
18431,2021-01,0,0.0
18431,2021-02,0,0.0
18431,2021-03,0,0.0
18431,2021-04,0,0.0
18431,2021-05,0,0.0
18431,2021-06,0,0.0
18431,2021-07,0,0.0
18431,2021-08,0,0.0
18431,2021-09,0,0.0
18431,2021-10,0,0.0
18431,2021-11,0,0.0
18431,2021-12,0,0.0
18433,2021-01,0,0.0
18433,2021-02,0,0.0
18433,2021-03,0,0.0
18433,2021-04,0,0.0
18433,2021-05,0,0.0
18433,2021-06,0,0.0
18433,2021-07,0,0.0
18433,2021-08,0,0.0
18433,2021-09,0,0.0
18433,2021-10,0,0.0
18433,2021-11,0,0.0
18433,2021-12,0,0.0
18434,2021-01,0,0.0
18434,2021-02,0,0.0
18434,2021-03,0,0.0
18434,2021-04,0,0.0
18434,2021-05,0,0.0
18434,2021-06,0,0.0
18434,2021-07,0,0.0
18434,2021-08,0,0.0
18434,2021-09,0,0.0
18434,2021-10,0,0.0
18434,2021-11,0,0.0
18434,2021-12,0,0.0
18435,2021-01,0,0.0
18435,2021-02,0,0.0
18435,2021-03,0,0.0
18435,2021-04,0,0.0
18435,2021-05,0,0.0
18435,2021-06,0,0.0
18435,2021-07,0,0.0
18435,2021-08,0,0.0
18435,2021-09,0,0.0
18435,2021-10,0,0.0
18435,2021-11,0,0.0
18435,2021-12,0,0.0
18436,2021-01,0,0.0
18436,2021-02,0,0.0
18436,2021-03,0,0.0
18436,2021-04,0,0.0
18436,2021-05,0,0.0
18436,2021-06,0,0.0
18436,2021-07,0,0.0
18436,2021-08,0,0.0
18436,2021-09,0,0.0
18436,2021-10,0,0.0
18436,2021-11,0,0.0
18436,2021-12,0,0.0
18437,2021-01,0,0.0
18437,2021-02,0,0.0
18437,2021-03,0,0.0
18437,2021-04,0,0.0
18437,2021-05,0,0.0
18437,2021-06,0,0.0
18437,2021-07,0,0.0
18437,2021-08,0,0.0
18437,2021-09,0,0.0
18437,2021-10,0,0.0
18437,2021-11,0,0.0
18437,2021-12,0,0.0
18438,2021-01,0,0.0
18438,2021-02,0,0.0
18438,2021-03,0,0.0
18438,2021-04,0,0.0
18438,2021-05,0,0.0
18438,2021-06,0,0.0
18438,2021-07,0,0.0
18438,2021-08,0,0.0
18438,2021-09,0,0.0
18438,2021-10,0,0.0
18438,2021-11,0,0.0
18438,2021-12,0,0.0
18439,2021-01,0,0.0
18439,2021-02,0,0.0
18439,2021-03,0,0.0
18439,2021-04,0,0.0
18439,2021-05,0,0.0
18439,2021-06,0,0.0
18439,2021-07,0,0.0
18439,2021-08,0,0.0
18439,2021-09,0,0.0
18439,2021-10,0,0.0
18439,2021-11,0,0.0
18439,2021-12,0,0.0
18440,2021-01,0,0.0
18440,2021-02,0,0.0
18440,2021-03,0,0.0
18440,2021-04,0,0.0
18440,2021-05,0,0.0
18440,2021-06,0,0.0
18440,2021-07,0,0.0
18440,2021-08,0,0.0
18440,2021-09,0,0.0
18440,2021-10,0,0.0
18440,2021-11,0,0.0
18440,2021-12,0,0.0
18441,2021-01,0,0.0
18441,2021-02,0,0.0
18441,2021-03,0,0.0
18441,2021-04,0,0.0
18441,2021-05,0,0.0
18441,2021-06,0,0.0
18441,2021-07,0,0.0
18441,2021-08,0,0.0
18441,2021-09,0,0.0
18441,2021-10,0,0.0
18441,2021-11,0,0.0
18441,2021-12,0,0.0
18443,2021-01,0,0.0
18443,2021-02,0,0.0
18443,2021-03,0,0.0
18443,2021-04,0,0.0
18443,2021-05,0,0.0
18443,2021-06,0,0.0
18443,2021-07,0,0.0
18443,2021-08,0,0.0
18443,2021-09,0,0.0
18443,2021-10,0,0.0
18443,2021-11,0,0.0
18443,2021-12,0,0.0
18444,2021-01,0,0.0
18444,2021-02,0,0.0
18444,2021-03,0,0.0
18444,2021-04,0,0.0
18444,2021-05,0,0.0
18444,2021-06,0,0.0
18444,2021-07,0,0.0
18444,2021-08,0,0.0
18444,2021-09,0,0.0
18444,2021-10,0,0.0
18444,2021-11,0,0.0
18444,2021-12,0,0.0
18446,2021-01,0,0.0
18446,2021-02,0,0.0
18446,2021-03,0,0.0
18446,2021-04,0,0.0
18446,2021-05,0,0.0
18446,2021-06,0,0.0
18446,2021-07,0,0.0
18446,2021-08,0,0.0
18446,2021-09,0,0.0
18446,2021-10,0,0.0
18446,2021-11,0,0.0
18446,2021-12,0,0.0
18447,2021-01,0,0.0
18447,2021-02,0,0.0
18447,2021-03,0,0.0
18447,2021-04,0,0.0
18447,2021-05,0,0.0
18447,2021-06,0,0.0
18447,2021-07,0,0.0
18447,2021-08,0,0.0
18447,2021-09,0,0.0
18447,2021-10,0,0.0
18447,2021-11,0,0.0
18447,2021-12,0,0.0
18451,2021-01,0,0.0
18451,2021-02,0,0.0
18451,2021-03,0,0.0
18451,2021-04,0,0.0
18451,2021-05,0,0.0
18451,2021-06,0,0.0
18451,2021-07,0,0.0
18451,2021-08,0,0.0
18451,2021-09,0,0.0
18451,2021-10,0,0.0
18451,2021-11,0,0.0
18451,2021-12,0,0.0
18452,2021-01,0,0.0
18452,2021-02,0,0.0
18452,2021-03,0,0.0
18452,2021-04,0,0.0
18452,2021-05,0,0.0
18452,2021-06,0,0.0
18452,2021-07,0,0.0
18452,2021-08,0,0.0
18452,2021-09,0,0.0
18452,2021-10,0,0.0
18452,2021-11,0,0.0
18452,2021-12,0,0.0
18453,2021-01,0,0.0
18453,2021-02,0,0.0
18453,2021-03,0,0.0
18453,2021-04,0,0.0
18453,2021-05,0,0.0
18453,2021-06,0,0.0
18453,2021-07,0,0.0
18453,2021-08,0,0.0
18453,2021-09,0,0.0
18453,2021-10,0,0.0
18453,2021-11,0,0.0
18453,2021-12,0,0.0
18454,2021-01,0,0.0
18454,2021-02,0,0.0
18454,2021-03,0,0.0
18454,2021-04,0,0.0
18454,2021-05,0,0.0
18454,2021-06,0,0.0
18454,2021-07,0,0.0
18454,2021-08,0,0.0
18454,2021-09,0,0.0
18454,2021-10,0,0.0
18454,2021-11,0,0.0
18454,2021-12,0,0.0
18455,2021-01,0,0.0
18455,2021-02,0,0.0
18455,2021-03,0,0.0
18455,2021-04,0,0.0
18455,2021-05,0,0.0
18455,2021-06,0,0.0
18455,2021-07,0,0.0
18455,2021-08,0,0.0
18455,2021-09,0,0.0
18455,2021-10,0,0.0
18455,2021-11,0,0.0
18455,2021-12,0,0.0
18456,2021-01,0,0.0
18456,2021-02,0,0.0
18456,2021-03,0,0.0
18456,2021-04,0,0.0
18456,2021-05,0,0.0
18456,2021-06,0,0.0
18456,2021-07,0,0.0
18456,2021-08,0,0.0
18456,2021-09,0,0.0
18456,2021-10,0,0.0
18456,2021-11,0,0.0
18456,2021-12,0,0.0
18457,2021-01,0,0.0
18457,2021-02,0,0.0
18457,2021-03,0,0.0
18457,2021-04,0,0.0
18457,2021-05,0,0.0
18457,2021-06,0,0.0
18457,2021-07,0,0.0
18457,2021-08,0,0.0
18457,2021-09,0,0.0
18457,2021-10,0,0.0
18457,2021-11,0,0.0
18457,2021-12,0,0.0
18458,2021-01,0,0.0
18458,2021-02,0,0.0
18458,2021-03,0,0.0
18458,2021-04,0,0.0
18458,2021-05,0,0.0
18458,2021-06,0,0.0
18458,2021-07,0,0.0
18458,2021-08,0,0.0
18458,2021-09,0,0.0
18458,2021-10,0,0.0
18458,2021-11,0,0.0
18458,2021-12,0,0.0
18460,2021-01,0,0.0
18460,2021-02,0,0.0
18460,2021-03,0,0.0
18460,2021-04,0,0.0
18460,2021-05,0,0.0
18460,2021-06,0,0.0
18460,2021-07,0,0.0
18460,2021-08,0,0.0
18460,2021-09,0,0.0
18460,2021-10,0,0.0
18460,2021-11,0,0.0
18460,2021-12,0,0.0
18461,2021-01,0,0.0
18461,2021-02,0,0.0
18461,2021-03,0,0.0
18461,2021-04,0,0.0
18461,2021-05,0,0.0
18461,2021-06,0,0.0
18461,2021-07,0,0.0
18461,2021-08,0,0.0
18461,2021-09,0,0.0
18461,2021-10,0,0.0
18461,2021-11,0,0.0
18461,2021-12,0,0.0
18462,2021-01,0,0.0
18462,2021-02,0,0.0
18462,2021-03,0,0.0
18462,2021-04,0,0.0
18462,2021-05,0,0.0
18462,2021-06,0,0.0
18462,2021-07,0,0.0
18462,2021-08,0,0.0
18462,2021-09,0,0.0
18462,2021-10,0,0.0
18462,2021-11,0,0.0
18462,2021-12,0,0.0
18463,2021-01,0,0.0
18463,2021-02,0,0.0
18463,2021-03,0,0.0
18463,2021-04,0,0.0
18463,2021-05,0,0.0
18463,2021-06,0,0.0
18463,2021-07,0,0.0
18463,2021-08,0,0.0
18463,2021-09,0,0.0
18463,2021-10,0,0.0
18463,2021-11,0,0.0
18463,2021-12,0,0.0
18464,2021-01,0,0.0
18464,2021-02,0,0.0
18464,2021-03,0,0.0
18464,2021-04,0,0.0
18464,2021-05,0,0.0
18464,2021-06,0,0.0
18464,2021-07,0,0.0
18464,2021-08,0,0.0
18464,2021-09,0,0.0
18464,2021-10,0,0.0
18464,2021-11,0,0.0
18464,2021-12,0,0.0
18465,2021-01,0,0.0
18465,2021-02,0,0.0
18465,2021-03,0,0.0
18465,2021-04,0,0.0
18465,2021-05,0,0.0
18465,2021-06,0,0.0
18465,2021-07,0,0.0
18465,2021-08,0,0.0
18465,2021-09,0,0.0
18465,2021-10,0,0.0
18465,2021-11,0,0.0
18465,2021-12,0,0.0
18466,2021-01,0,0.0
18466,2021-02,0,0.0
18466,2021-03,0,0.0
18466,2021-04,0,0.0
18466,2021-05,0,0.0
18466,2021-06,0,0.0
18466,2021-07,0,0.0
18466,2021-08,0,0.0
18466,2021-09,0,0.0
18466,2021-10,0,0.0
18466,2021-11,0,0.0
18466,2021-12,0,0.0
18469,2021-01,0,0.0
18469,2021-02,0,0.0
18469,2021-03,0,0.0
18469,2021-04,0,0.0
18469,2021-05,0,0.0
18469,2021-06,0,0.0
18469,2021-07,0,0.0
18469,2021-08,0,0.0
18469,2021-09,0,0.0
18469,2021-10,0,0.0
18469,2021-11,0,0.0
18469,2021-12,0,0.0
18470,2021-01,0,0.0
18470,2021-02,0,0.0
18470,2021-03,0,0.0
18470,2021-04,0,0.0
18470,2021-05,0,0.0
18470,2021-06,0,0.0
18470,2021-07,0,0.0
18470,2021-08,0,0.0
18470,2021-09,0,0.0
18470,2021-10,0,0.0
18470,2021-11,0,0.0
18470,2021-12,0,0.0
18471,2021-01,0,0.0
18471,2021-02,0,0.0
18471,2021-03,0,0.0
18471,2021-04,0,0.0
18471,2021-05,0,0.0
18471,2021-06,0,0.0
18471,2021-07,0,0.0
18471,2021-08,0,0.0
18471,2021-09,0,0.0
18471,2021-10,0,0.0
18471,2021-11,0,0.0
18471,2021-12,0,0.0
18472,2021-01,0,0.0
18472,2021-02,0,0.0
18472,2021-03,0,0.0
18472,2021-04,0,0.0
18472,2021-05,0,0.0
18472,2021-06,0,0.0
18472,2021-07,0,0.0
18472,2021-08,0,0.0
18472,2021-09,0,0.0
18472,2021-10,0,0.0
18472,2021-11,0,0.0
18472,2021-12,0,0.0
18473,2021-01,0,0.0
18473,2021-02,0,0.0
18473,2021-03,0,0.0
18473,2021-04,0,0.0
18473,2021-05,0,0.0
18473,2021-06,0,0.0
18473,2021-07,0,0.0
18473,2021-08,0,0.0
18473,2021-09,0,0.0
18473,2021-10,0,0.0
18473,2021-11,0,0.0
18473,2021-12,0,0.0
18504,2021-01,0,0.0
18504,2021-02,0,0.0
18504,2021-03,0,0.0
18504,2021-04,0,0.0
18504,2021-05,0,0.0
18504,2021-06,0,0.0
18504,2021-07,0,0.0
18504,2021-08,0,0.0
18504,2021-09,0,0.0
18504,2021-10,0,0.0
18504,2021-11,0,0.0
18504,2021-12,0,0.0
18505,2021-01,0,0.0
18505,2021-02,0,0.0
18505,2021-03,0,0.0
18505,2021-04,0,0.0
18505,2021-05,0,0.0
18505,2021-06,0,0.0
18505,2021-07,0,0.0
18505,2021-08,0,0.0
18505,2021-09,0,0.0
18505,2021-10,0,0.0
18505,2021-11,0,0.0
18505,2021-12,0,0.0
18507,2021-01,0,0.0
18507,2021-02,0,0.0
18507,2021-03,0,0.0
18507,2021-04,0,0.0
18507,2021-05,0,0.0
18507,2021-06,0,0.0
18507,2021-07,0,0.0
18507,2021-08,0,0.0
18507,2021-09,0,0.0
18507,2021-10,0,0.0
18507,2021-11,0,0.0
18507,2021-12,0,0.0
18508,2021-01,0,0.0
18508,2021-02,0,0.0
18508,2021-03,0,0.0
18508,2021-04,0,0.0
18508,2021-05,0,0.0
18508,2021-06,0,0.0
18508,2021-07,0,0.0
18508,2021-08,0,0.0
18508,2021-09,0,0.0
18508,2021-10,0,0.0
18508,2021-11,0,0.0
18508,2021-12,0,0.0
18509,2021-01,0,0.0
18509,2021-02,0,0.0
18509,2021-03,0,0.0
18509,2021-04,0,0.0
18509,2021-05,0,0.0
18509,2021-06,0,0.0
18509,2021-07,0,0.0
18509,2021-08,0,0.0
18509,2021-09,0,0.0
18509,2021-10,0,0.0
18509,2021-11,0,0.0
18509,2021-12,0,0.0
18510,2021-01,0,0.0
18510,2021-02,0,0.0
18510,2021-03,0,0.0
18510,2021-04,0,0.0
18510,2021-05,0,0.0
18510,2021-06,0,0.0
18510,2021-07,0,0.0
18510,2021-08,0,0.0
18510,2021-09,0,0.0
18510,2021-10,0,0.0
18510,2021-11,0,0.0
18510,2021-12,0,0.0
18512,2021-01,0,0.0
18512,2021-02,0,0.0
18512,2021-03,0,0.0
18512,2021-04,0,0.0
18512,2021-05,0,0.0
18512,2021-06,0,0.0
18512,2021-07,0,0.0
18512,2021-08,0,0.0
18512,2021-09,0,0.0
18512,2021-10,0,0.0
18512,2021-11,0,0.0
18512,2021-12,0,0.0
18517,2021-01,0,0.0
18517,2021-02,0,0.0
18517,2021-03,0,0.0
18517,2021-04,0,0.0
18517,2021-05,0,0.0
18517,2021-06,0,0.0
18517,2021-07,0,0.0
18517,2021-08,0,0.0
18517,2021-09,0,0.0
18517,2021-10,0,0.0
18517,2021-11,0,0.0
18517,2021-12,0,0.0
18518,2021-01,0,0.0
18518,2021-02,0,0.0
18518,2021-03,0,0.0
18518,2021-04,0,0.0
18518,2021-05,0,0.0
18518,2021-06,0,0.0
18518,2021-07,0,0.0
18518,2021-08,0,0.0
18518,2021-09,0,0.0
18518,2021-10,0,0.0
18518,2021-11,0,0.0
18518,2021-12,0,0.0
18519,2021-01,0,0.0
18519,2021-02,0,0.0
18519,2021-03,0,0.0
18519,2021-04,0,0.0
18519,2021-05,0,0.0
18519,2021-06,0,0.0
18519,2021-07,0,0.0
18519,2021-08,0,0.0
18519,2021-09,0,0.0
18519,2021-10,0,0.0
18519,2021-11,0,0.0
18519,2021-12,0,0.0
18602,2021-01,0,0.0
18602,2021-02,0,0.0
18602,2021-03,0,0.0
18602,2021-04,0,0.0
18602,2021-05,0,0.0
18602,2021-06,0,0.0
18602,2021-07,0,0.0
18602,2021-08,0,0.0
18602,2021-09,0,0.0
18602,2021-10,0,0.0
18602,2021-11,0,0.0
18602,2021-12,0,0.0
18603,2021-01,0,0.0
18603,2021-02,0,0.0
18603,2021-03,0,0.0
18603,2021-04,0,0.0
18603,2021-05,0,0.0
18603,2021-06,0,0.0
18603,2021-07,0,0.0
18603,2021-08,0,0.0
18603,2021-09,0,0.0
18603,2021-10,0,0.0
18603,2021-11,0,0.0
18603,2021-12,0,0.0
18610,2021-01,0,0.0
18610,2021-02,0,0.0
18610,2021-03,0,0.0
18610,2021-04,0,0.0
18610,2021-05,0,0.0
18610,2021-06,0,0.0
18610,2021-07,0,0.0
18610,2021-08,0,0.0
18610,2021-09,0,0.0
18610,2021-10,0,0.0
18610,2021-11,0,0.0
18610,2021-12,0,0.0
18612,2021-01,0,0.0
18612,2021-02,0,0.0
18612,2021-03,0,0.0
18612,2021-04,0,0.0
18612,2021-05,0,0.0
18612,2021-06,0,0.0
18612,2021-07,0,0.0
18612,2021-08,0,0.0
18612,2021-09,0,0.0
18612,2021-10,0,0.0
18612,2021-11,0,0.0
18612,2021-12,0,0.0
18614,2021-01,0,0.0
18614,2021-02,0,0.0
18614,2021-03,0,0.0
18614,2021-04,0,0.0
18614,2021-05,0,0.0
18614,2021-06,0,0.0
18614,2021-07,0,0.0
18614,2021-08,0,0.0
18614,2021-09,0,0.0
18614,2021-10,0,0.0
18614,2021-11,0,0.0
18614,2021-12,0,0.0
18615,2021-01,0,0.0
18615,2021-02,0,0.0
18615,2021-03,0,0.0
18615,2021-04,0,0.0
18615,2021-05,0,0.0
18615,2021-06,0,0.0
18615,2021-07,0,0.0
18615,2021-08,0,0.0
18615,2021-09,0,0.0
18615,2021-10,0,0.0
18615,2021-11,0,0.0
18615,2021-12,0,0.0
18616,2021-01,0,0.0
18616,2021-02,0,0.0
18616,2021-03,0,0.0
18616,2021-04,0,0.0
18616,2021-05,0,0.0
18616,2021-06,0,0.0
18616,2021-07,0,0.0
18616,2021-08,0,0.0
18616,2021-09,0,0.0
18616,2021-10,0,0.0
18616,2021-11,0,0.0
18616,2021-12,0,0.0
18617,2021-01,0,0.0
18617,2021-02,0,0.0
18617,2021-03,0,0.0
18617,2021-04,0,0.0
18617,2021-05,0,0.0
18617,2021-06,0,0.0
18617,2021-07,0,0.0
18617,2021-08,0,0.0
18617,2021-09,0,0.0
18617,2021-10,0,0.0
18617,2021-11,0,0.0
18617,2021-12,0,0.0
18618,2021-01,0,0.0
18618,2021-02,0,0.0
18618,2021-03,0,0.0
18618,2021-04,0,0.0
18618,2021-05,0,0.0
18618,2021-06,0,0.0
18618,2021-07,0,0.0
18618,2021-08,0,0.0
18618,2021-09,0,0.0
18618,2021-10,0,0.0
18618,2021-11,0,0.0
18618,2021-12,0,0.0
18619,2021-01,0,0.0
18619,2021-02,0,0.0
18619,2021-03,0,0.0
18619,2021-04,0,0.0
18619,2021-05,0,0.0
18619,2021-06,0,0.0
18619,2021-07,0,0.0
18619,2021-08,0,0.0
18619,2021-09,0,0.0
18619,2021-10,0,0.0
18619,2021-11,0,0.0
18619,2021-12,0,0.0
18621,2021-01,0,0.0
18621,2021-02,0,0.0
18621,2021-03,0,0.0
18621,2021-04,0,0.0
18621,2021-05,0,0.0
18621,2021-06,0,0.0
18621,2021-07,0,0.0
18621,2021-08,0,0.0
18621,2021-09,0,0.0
18621,2021-10,0,0.0
18621,2021-11,0,0.0
18621,2021-12,0,0.0
18622,2021-01,0,0.0
18622,2021-02,0,0.0
18622,2021-03,0,0.0
18622,2021-04,0,0.0
18622,2021-05,0,0.0
18622,2021-06,0,0.0
18622,2021-07,0,0.0
18622,2021-08,0,0.0
18622,2021-09,0,0.0
18622,2021-10,0,0.0
18622,2021-11,0,0.0
18622,2021-12,0,0.0
18623,2021-01,0,0.0
18623,2021-02,0,0.0
18623,2021-03,0,0.0
18623,2021-04,0,0.0
18623,2021-05,0,0.0
18623,2021-06,0,0.0
18623,2021-07,0,0.0
18623,2021-08,0,0.0
18623,2021-09,0,0.0
18623,2021-10,0,0.0
18623,2021-11,0,0.0
18623,2021-12,0,0.0
18624,2021-01,0,0.0
18624,2021-02,0,0.0
18624,2021-03,0,0.0
18624,2021-04,0,0.0
18624,2021-05,0,0.0
18624,2021-06,0,0.0
18624,2021-07,0,0.0
18624,2021-08,0,0.0
18624,2021-09,0,0.0
18624,2021-10,0,0.0
18624,2021-11,0,0.0
18624,2021-12,0,0.0
18625,2021-01,0,0.0
18625,2021-02,0,0.0
18625,2021-03,0,0.0
18625,2021-04,0,0.0
18625,2021-05,0,0.0
18625,2021-06,0,0.0
18625,2021-07,0,0.0
18625,2021-08,0,0.0
18625,2021-09,0,0.0
18625,2021-10,0,0.0
18625,2021-11,0,0.0
18625,2021-12,0,0.0
18626,2021-01,0,0.0
18626,2021-02,0,0.0
18626,2021-03,0,0.0
18626,2021-04,0,0.0
18626,2021-05,0,0.0
18626,2021-06,0,0.0
18626,2021-07,0,0.0
18626,2021-08,0,0.0
18626,2021-09,0,0.0
18626,2021-10,0,0.0
18626,2021-11,0,0.0
18626,2021-12,0,0.0
18627,2021-01,0,0.0
18627,2021-02,0,0.0
18627,2021-03,0,0.0
18627,2021-04,0,0.0
18627,2021-05,0,0.0
18627,2021-06,0,0.0
18627,2021-07,0,0.0
18627,2021-08,0,0.0
18627,2021-09,0,0.0
18627,2021-10,0,0.0
18627,2021-11,0,0.0
18627,2021-12,0,0.0
18628,2021-01,0,0.0
18628,2021-02,0,0.0
18628,2021-03,0,0.0
18628,2021-04,0,0.0
18628,2021-05,0,0.0
18628,2021-06,0,0.0
18628,2021-07,0,0.0
18628,2021-08,0,0.0
18628,2021-09,0,0.0
18628,2021-10,0,0.0
18628,2021-11,0,0.0
18628,2021-12,0,0.0
18629,2021-01,0,0.0
18629,2021-02,0,0.0
18629,2021-03,0,0.0
18629,2021-04,0,0.0
18629,2021-05,0,0.0
18629,2021-06,0,0.0
18629,2021-07,0,0.0
18629,2021-08,0,0.0
18629,2021-09,0,0.0
18629,2021-10,0,0.0
18629,2021-11,0,0.0
18629,2021-12,0,0.0
18630,2021-01,0,0.0
18630,2021-02,0,0.0
18630,2021-03,0,0.0
18630,2021-04,0,0.0
18630,2021-05,0,0.0
18630,2021-06,0,0.0
18630,2021-07,0,0.0
18630,2021-08,0,0.0
18630,2021-09,0,0.0
18630,2021-10,0,0.0
18630,2021-11,0,0.0
18630,2021-12,0,0.0
18631,2021-01,0,0.0
18631,2021-02,0,0.0
18631,2021-03,0,0.0
18631,2021-04,0,0.0
18631,2021-05,0,0.0
18631,2021-06,0,0.0
18631,2021-07,0,0.0
18631,2021-08,0,0.0
18631,2021-09,0,0.0
18631,2021-10,0,0.0
18631,2021-11,0,0.0
18631,2021-12,0,0.0
18632,2021-01,0,0.0
18632,2021-02,0,0.0
18632,2021-03,0,0.0
18632,2021-04,0,0.0
18632,2021-05,0,0.0
18632,2021-06,0,0.0
18632,2021-07,0,0.0
18632,2021-08,0,0.0
18632,2021-09,0,0.0
18632,2021-10,0,0.0
18632,2021-11,0,0.0
18632,2021-12,0,0.0
18634,2021-01,0,0.0
18634,2021-02,0,0.0
18634,2021-03,0,0.0
18634,2021-04,0,0.0
18634,2021-05,0,0.0
18634,2021-06,0,0.0
18634,2021-07,0,0.0
18634,2021-08,0,0.0
18634,2021-09,0,0.0
18634,2021-10,0,0.0
18634,2021-11,0,0.0
18634,2021-12,0,0.0
18635,2021-01,0,0.0
18635,2021-02,0,0.0
18635,2021-03,0,0.0
18635,2021-04,0,0.0
18635,2021-05,0,0.0
18635,2021-06,0,0.0
18635,2021-07,0,0.0
18635,2021-08,0,0.0
18635,2021-09,0,0.0
18635,2021-10,0,0.0
18635,2021-11,0,0.0
18635,2021-12,0,0.0
18636,2021-01,0,0.0
18636,2021-02,0,0.0
18636,2021-03,0,0.0
18636,2021-04,0,0.0
18636,2021-05,0,0.0
18636,2021-06,0,0.0
18636,2021-07,0,0.0
18636,2021-08,0,0.0
18636,2021-09,0,0.0
18636,2021-10,0,0.0
18636,2021-11,0,0.0
18636,2021-12,0,0.0
18640,2021-01,0,0.0
18640,2021-02,0,0.0
18640,2021-03,0,0.0
18640,2021-04,0,0.0
18640,2021-05,0,0.0
18640,2021-06,0,0.0
18640,2021-07,0,0.0
18640,2021-08,0,0.0
18640,2021-09,0,0.0
18640,2021-10,0,0.0
18640,2021-11,0,0.0
18640,2021-12,0,0.0
18641,2021-01,0,0.0
18641,2021-02,0,0.0
18641,2021-03,0,0.0
18641,2021-04,0,0.0
18641,2021-05,0,0.0
18641,2021-06,0,0.0
18641,2021-07,0,0.0
18641,2021-08,0,0.0
18641,2021-09,0,0.0
18641,2021-10,0,0.0
18641,2021-11,0,0.0
18641,2021-12,0,0.0
18642,2021-01,0,0.0
18642,2021-02,0,0.0
18642,2021-03,0,0.0
18642,2021-04,0,0.0
18642,2021-05,0,0.0
18642,2021-06,0,0.0
18642,2021-07,0,0.0
18642,2021-08,0,0.0
18642,2021-09,0,0.0
18642,2021-10,0,0.0
18642,2021-11,0,0.0
18642,2021-12,0,0.0
18644,2021-01,0,0.0
18644,2021-02,0,0.0
18644,2021-03,0,0.0
18644,2021-04,0,0.0
18644,2021-05,0,0.0
18644,2021-06,0,0.0
18644,2021-07,0,0.0
18644,2021-08,0,0.0
18644,2021-09,0,0.0
18644,2021-10,0,0.0
18644,2021-11,0,0.0
18644,2021-12,0,0.0
18651,2021-01,0,0.0
18651,2021-02,0,0.0
18651,2021-03,0,0.0
18651,2021-04,0,0.0
18651,2021-05,0,0.0
18651,2021-06,0,0.0
18651,2021-07,0,0.0
18651,2021-08,0,0.0
18651,2021-09,0,0.0
18651,2021-10,0,0.0
18651,2021-11,0,0.0
18651,2021-12,0,0.0
18655,2021-01,0,0.0
18655,2021-02,0,0.0
18655,2021-03,0,0.0
18655,2021-04,0,0.0
18655,2021-05,0,0.0
18655,2021-06,0,0.0
18655,2021-07,0,0.0
18655,2021-08,0,0.0
18655,2021-09,0,0.0
18655,2021-10,0,0.0
18655,2021-11,0,0.0
18655,2021-12,0,0.0
18656,2021-01,0,0.0
18656,2021-02,0,0.0
18656,2021-03,0,0.0
18656,2021-04,0,0.0
18656,2021-05,0,0.0
18656,2021-06,0,0.0
18656,2021-07,0,0.0
18656,2021-08,0,0.0
18656,2021-09,0,0.0
18656,2021-10,0,0.0
18656,2021-11,0,0.0
18656,2021-12,0,0.0
18660,2021-01,0,0.0
18660,2021-02,0,0.0
18660,2021-03,0,0.0
18660,2021-04,0,0.0
18660,2021-05,0,0.0
18660,2021-06,0,0.0
18660,2021-07,0,0.0
18660,2021-08,0,0.0
18660,2021-09,0,0.0
18660,2021-10,0,0.0
18660,2021-11,0,0.0
18660,2021-12,0,0.0
18661,2021-01,0,0.0
18661,2021-02,0,0.0
18661,2021-03,0,0.0
18661,2021-04,0,0.0
18661,2021-05,0,0.0
18661,2021-06,0,0.0
18661,2021-07,0,0.0
18661,2021-08,0,0.0
18661,2021-09,0,0.0
18661,2021-10,0,0.0
18661,2021-11,0,0.0
18661,2021-12,0,0.0
18702,2021-01,0,0.0
18702,2021-02,0,0.0
18702,2021-03,0,0.0
18702,2021-04,0,0.0
18702,2021-05,0,0.0
18702,2021-06,0,0.0
18702,2021-07,0,0.0
18702,2021-08,0,0.0
18702,2021-09,0,0.0
18702,2021-10,0,0.0
18702,2021-11,0,0.0
18702,2021-12,0,0.0
18704,2021-01,0,0.0
18704,2021-02,0,0.0
18704,2021-03,0,0.0
18704,2021-04,0,0.0
18704,2021-05,0,0.0
18704,2021-06,0,0.0
18704,2021-07,0,0.0
18704,2021-08,0,0.0
18704,2021-09,0,0.0
18704,2021-10,0,0.0
18704,2021-11,0,0.0
18704,2021-12,0,0.0
18705,2021-01,0,0.0
18705,2021-02,0,0.0
18705,2021-03,0,0.0
18705,2021-04,0,0.0
18705,2021-05,0,0.0
18705,2021-06,0,0.0
18705,2021-07,0,0.0
18705,2021-08,0,0.0
18705,2021-09,0,0.0
18705,2021-10,0,0.0
18705,2021-11,0,0.0
18705,2021-12,0,0.0
18706,2021-01,0,0.0
18706,2021-02,0,0.0
18706,2021-03,0,0.0
18706,2021-04,0,0.0
18706,2021-05,0,0.0
18706,2021-06,0,0.0
18706,2021-07,0,0.0
18706,2021-08,0,0.0
18706,2021-09,0,0.0
18706,2021-10,0,0.0
18706,2021-11,0,0.0
18706,2021-12,0,0.0
18707,2021-01,0,0.0
18707,2021-02,0,0.0
18707,2021-03,0,0.0
18707,2021-04,0,0.0
18707,2021-05,0,0.0
18707,2021-06,0,0.0
18707,2021-07,0,0.0
18707,2021-08,0,0.0
18707,2021-09,0,0.0
18707,2021-10,0,0.0
18707,2021-11,0,0.0
18707,2021-12,0,0.0
18708,2021-01,0,0.0
18708,2021-02,0,0.0
18708,2021-03,0,0.0
18708,2021-04,0,0.0
18708,2021-05,0,0.0
18708,2021-06,0,0.0
18708,2021-07,0,0.0
18708,2021-08,0,0.0
18708,2021-09,0,0.0
18708,2021-10,0,0.0
18708,2021-11,0,0.0
18708,2021-12,0,0.0
18709,2021-01,0,0.0
18709,2021-02,0,0.0
18709,2021-03,0,0.0
18709,2021-04,0,0.0
18709,2021-05,0,0.0
18709,2021-06,0,0.0
18709,2021-07,0,0.0
18709,2021-08,0,0.0
18709,2021-09,0,0.0
18709,2021-10,0,0.0
18709,2021-11,0,0.0
18709,2021-12,0,0.0
15237,2021-01,0,0.0
15237,2021-02,0,0.0
15237,2021-03,0,0.0
15237,2021-04,0,0.0
15237,2021-05,0,0.0
15237,2021-06,0,0.0
15237,2021-07,0,0.0
15237,2021-08,0,0.0
15237,2021-09,0,0.0
15237,2021-10,0,0.0
15237,2021-11,0,0.0
15237,2021-12,0,0.0
18801,2021-01,0,0.0
18801,2021-02,0,0.0
18801,2021-03,0,0.0
18801,2021-04,0,0.0
18801,2021-05,0,0.0
18801,2021-06,0,0.0
18801,2021-07,0,0.0
18801,2021-08,0,0.0
18801,2021-09,0,0.0
18801,2021-10,0,0.0
18801,2021-11,0,0.0
18801,2021-12,0,0.0
15238,2021-01,0,0.0
15238,2021-02,0,0.0
15238,2021-03,0,0.0
15238,2021-04,0,0.0
15238,2021-05,0,0.0
15238,2021-06,0,0.0
15238,2021-07,0,0.0
15238,2021-08,0,0.0
15238,2021-09,0,0.0
15238,2021-10,0,0.0
15238,2021-11,0,0.0
15238,2021-12,0,0.0
18810,2021-01,0,0.0
18810,2021-02,0,0.0
18810,2021-03,0,0.0
18810,2021-04,0,0.0
18810,2021-05,0,0.0
18810,2021-06,0,0.0
18810,2021-07,0,0.0
18810,2021-08,0,0.0
18810,2021-09,0,0.0
18810,2021-10,0,0.0
18810,2021-11,0,0.0
18810,2021-12,0,0.0
18812,2021-01,0,0.0
18812,2021-02,0,0.0
18812,2021-03,0,0.0
18812,2021-04,0,0.0
18812,2021-05,0,0.0
18812,2021-06,0,0.0
18812,2021-07,0,0.0
18812,2021-08,0,0.0
18812,2021-09,0,0.0
18812,2021-10,0,0.0
18812,2021-11,0,0.0
18812,2021-12,0,0.0
18814,2021-01,0,0.0
18814,2021-02,0,0.0
18814,2021-03,0,0.0
18814,2021-04,0,0.0
18814,2021-05,0,0.0
18814,2021-06,0,0.0
18814,2021-07,0,0.0
18814,2021-08,0,0.0
18814,2021-09,0,0.0
18814,2021-10,0,0.0
18814,2021-11,0,0.0
18814,2021-12,0,0.0
18816,2021-01,0,0.0
18816,2021-02,0,0.0
18816,2021-03,0,0.0
18816,2021-04,0,0.0
18816,2021-05,0,0.0
18816,2021-06,0,0.0
18816,2021-07,0,0.0
18816,2021-08,0,0.0
18816,2021-09,0,0.0
18816,2021-10,0,0.0
18816,2021-11,0,0.0
18816,2021-12,0,0.0
18817,2021-01,0,0.0
18817,2021-02,0,0.0
18817,2021-03,0,0.0
18817,2021-04,0,0.0
18817,2021-05,0,0.0
18817,2021-06,0,0.0
18817,2021-07,0,0.0
18817,2021-08,0,0.0
18817,2021-09,0,0.0
18817,2021-10,0,0.0
18817,2021-11,0,0.0
18817,2021-12,0,0.0
18818,2021-01,0,0.0
18818,2021-02,0,0.0
18818,2021-03,0,0.0
18818,2021-04,0,0.0
18818,2021-05,0,0.0
18818,2021-06,0,0.0
18818,2021-07,0,0.0
18818,2021-08,0,0.0
18818,2021-09,0,0.0
18818,2021-10,0,0.0
18818,2021-11,0,0.0
18818,2021-12,0,0.0
18820,2021-01,0,0.0
18820,2021-02,0,0.0
18820,2021-03,0,0.0
18820,2021-04,0,0.0
18820,2021-05,0,0.0
18820,2021-06,0,0.0
18820,2021-07,0,0.0
18820,2021-08,0,0.0
18820,2021-09,0,0.0
18820,2021-10,0,0.0
18820,2021-11,0,0.0
18820,2021-12,0,0.0
18821,2021-01,0,0.0
18821,2021-02,0,0.0
18821,2021-03,0,0.0
18821,2021-04,0,0.0
18821,2021-05,0,0.0
18821,2021-06,0,0.0
18821,2021-07,0,0.0
18821,2021-08,0,0.0
18821,2021-09,0,0.0
18821,2021-10,0,0.0
18821,2021-11,0,0.0
18821,2021-12,0,0.0
18822,2021-01,0,0.0
18822,2021-02,0,0.0
18822,2021-03,0,0.0
18822,2021-04,0,0.0
18822,2021-05,0,0.0
18822,2021-06,0,0.0
18822,2021-07,0,0.0
18822,2021-08,0,0.0
18822,2021-09,0,0.0
18822,2021-10,0,0.0
18822,2021-11,0,0.0
18822,2021-12,0,0.0
18823,2021-01,0,0.0
18823,2021-02,0,0.0
18823,2021-03,0,0.0
18823,2021-04,0,0.0
18823,2021-05,0,0.0
18823,2021-06,0,0.0
18823,2021-07,0,0.0
18823,2021-08,0,0.0
18823,2021-09,0,0.0
18823,2021-10,0,0.0
18823,2021-11,0,0.0
18823,2021-12,0,0.0
18824,2021-01,0,0.0
18824,2021-02,0,0.0
18824,2021-03,0,0.0
18824,2021-04,0,0.0
18824,2021-05,0,0.0
18824,2021-06,0,0.0
18824,2021-07,0,0.0
18824,2021-08,0,0.0
18824,2021-09,0,0.0
18824,2021-10,0,0.0
18824,2021-11,0,0.0
18824,2021-12,0,0.0
18825,2021-01,0,0.0
18825,2021-02,0,0.0
18825,2021-03,0,0.0
18825,2021-04,0,0.0
18825,2021-05,0,0.0
18825,2021-06,0,0.0
18825,2021-07,0,0.0
18825,2021-08,0,0.0
18825,2021-09,0,0.0
18825,2021-10,0,0.0
18825,2021-11,0,0.0
18825,2021-12,0,0.0
18826,2021-01,0,0.0
18826,2021-02,0,0.0
18826,2021-03,0,0.0
18826,2021-04,0,0.0
18826,2021-05,0,0.0
18826,2021-06,0,0.0
18826,2021-07,0,0.0
18826,2021-08,0,0.0
18826,2021-09,0,0.0
18826,2021-10,0,0.0
18826,2021-11,0,0.0
18826,2021-12,0,0.0
18828,2021-01,0,0.0
18828,2021-02,0,0.0
18828,2021-03,0,0.0
18828,2021-04,0,0.0
18828,2021-05,0,0.0
18828,2021-06,0,0.0
18828,2021-07,0,0.0
18828,2021-08,0,0.0
18828,2021-09,0,0.0
18828,2021-10,0,0.0
18828,2021-11,0,0.0
18828,2021-12,0,0.0
18829,2021-01,0,0.0
18829,2021-02,0,0.0
18829,2021-03,0,0.0
18829,2021-04,0,0.0
18829,2021-05,0,0.0
18829,2021-06,0,0.0
18829,2021-07,0,0.0
18829,2021-08,0,0.0
18829,2021-09,0,0.0
18829,2021-10,0,0.0
18829,2021-11,0,0.0
18829,2021-12,0,0.0
18830,2021-01,0,0.0
18830,2021-02,0,0.0
18830,2021-03,0,0.0
18830,2021-04,0,0.0
18830,2021-05,0,0.0
18830,2021-06,0,0.0
18830,2021-07,0,0.0
18830,2021-08,0,0.0
18830,2021-09,0,0.0
18830,2021-10,0,0.0
18830,2021-11,0,0.0
18830,2021-12,0,0.0
18831,2021-01,0,0.0
18831,2021-02,0,0.0
18831,2021-03,0,0.0
18831,2021-04,0,0.0
18831,2021-05,0,0.0
18831,2021-06,0,0.0
18831,2021-07,0,0.0
18831,2021-08,0,0.0
18831,2021-09,0,0.0
18831,2021-10,0,0.0
18831,2021-11,0,0.0
18831,2021-12,0,0.0
18832,2021-01,0,0.0
18832,2021-02,0,0.0
18832,2021-03,0,0.0
18832,2021-04,0,0.0
18832,2021-05,0,0.0
18832,2021-06,0,0.0
18832,2021-07,0,0.0
18832,2021-08,0,0.0
18832,2021-09,0,0.0
18832,2021-10,0,0.0
18832,2021-11,0,0.0
18832,2021-12,0,0.0
18833,2021-01,0,0.0
18833,2021-02,0,0.0
18833,2021-03,0,0.0
18833,2021-04,0,0.0
18833,2021-05,0,0.0
18833,2021-06,0,0.0
18833,2021-07,0,0.0
18833,2021-08,0,0.0
18833,2021-09,0,0.0
18833,2021-10,0,0.0
18833,2021-11,0,0.0
18833,2021-12,0,0.0
18834,2021-01,0,0.0
18834,2021-02,0,0.0
18834,2021-03,0,0.0
18834,2021-04,0,0.0
18834,2021-05,0,0.0
18834,2021-06,0,0.0
18834,2021-07,0,0.0
18834,2021-08,0,0.0
18834,2021-09,0,0.0
18834,2021-10,0,0.0
18834,2021-11,0,0.0
18834,2021-12,0,0.0
18837,2021-01,0,0.0
18837,2021-02,0,0.0
18837,2021-03,0,0.0
18837,2021-04,0,0.0
18837,2021-05,0,0.0
18837,2021-06,0,0.0
18837,2021-07,0,0.0
18837,2021-08,0,0.0
18837,2021-09,0,0.0
18837,2021-10,0,0.0
18837,2021-11,0,0.0
18837,2021-12,0,0.0
18840,2021-01,0,0.0
18840,2021-02,0,0.0
18840,2021-03,0,0.0
18840,2021-04,0,0.0
18840,2021-05,0,0.0
18840,2021-06,0,0.0
18840,2021-07,0,0.0
18840,2021-08,0,0.0
18840,2021-09,0,0.0
18840,2021-10,0,0.0
18840,2021-11,0,0.0
18840,2021-12,0,0.0
18842,2021-01,0,0.0
18842,2021-02,0,0.0
18842,2021-03,0,0.0
18842,2021-04,0,0.0
18842,2021-05,0,0.0
18842,2021-06,0,0.0
18842,2021-07,0,0.0
18842,2021-08,0,0.0
18842,2021-09,0,0.0
18842,2021-10,0,0.0
18842,2021-11,0,0.0
18842,2021-12,0,0.0
18843,2021-01,0,0.0
18843,2021-02,0,0.0
18843,2021-03,0,0.0
18843,2021-04,0,0.0
18843,2021-05,0,0.0
18843,2021-06,0,0.0
18843,2021-07,0,0.0
18843,2021-08,0,0.0
18843,2021-09,0,0.0
18843,2021-10,0,0.0
18843,2021-11,0,0.0
18843,2021-12,0,0.0
18844,2021-01,0,0.0
18844,2021-02,0,0.0
18844,2021-03,0,0.0
18844,2021-04,0,0.0
18844,2021-05,0,0.0
18844,2021-06,0,0.0
18844,2021-07,0,0.0
18844,2021-08,0,0.0
18844,2021-09,0,0.0
18844,2021-10,0,0.0
18844,2021-11,0,0.0
18844,2021-12,0,0.0
18845,2021-01,0,0.0
18845,2021-02,0,0.0
18845,2021-03,0,0.0
18845,2021-04,0,0.0
18845,2021-05,0,0.0
18845,2021-06,0,0.0
18845,2021-07,0,0.0
18845,2021-08,0,0.0
18845,2021-09,0,0.0
18845,2021-10,0,0.0
18845,2021-11,0,0.0
18845,2021-12,0,0.0
18846,2021-01,0,0.0
18846,2021-02,0,0.0
18846,2021-03,0,0.0
18846,2021-04,0,0.0
18846,2021-05,0,0.0
18846,2021-06,0,0.0
18846,2021-07,0,0.0
18846,2021-08,0,0.0
18846,2021-09,0,0.0
18846,2021-10,0,0.0
18846,2021-11,0,0.0
18846,2021-12,0,0.0
18847,2021-01,0,0.0
18847,2021-02,0,0.0
18847,2021-03,0,0.0
18847,2021-04,0,0.0
18847,2021-05,0,0.0
18847,2021-06,0,0.0
18847,2021-07,0,0.0
18847,2021-08,0,0.0
18847,2021-09,0,0.0
18847,2021-10,0,0.0
18847,2021-11,0,0.0
18847,2021-12,0,0.0
18850,2021-01,0,0.0
18850,2021-02,0,0.0
18850,2021-03,0,0.0
18850,2021-04,0,0.0
18850,2021-05,0,0.0
18850,2021-06,0,0.0
18850,2021-07,0,0.0
18850,2021-08,0,0.0
18850,2021-09,0,0.0
18850,2021-10,0,0.0
18850,2021-11,0,0.0
18850,2021-12,0,0.0
18851,2021-01,0,0.0
18851,2021-02,0,0.0
18851,2021-03,0,0.0
18851,2021-04,0,0.0
18851,2021-05,0,0.0
18851,2021-06,0,0.0
18851,2021-07,0,0.0
18851,2021-08,0,0.0
18851,2021-09,0,0.0
18851,2021-10,0,0.0
18851,2021-11,0,0.0
18851,2021-12,0,0.0
18853,2021-01,0,0.0
18853,2021-02,0,0.0
18853,2021-03,0,0.0
18853,2021-04,0,0.0
18853,2021-05,0,0.0
18853,2021-06,0,0.0
18853,2021-07,0,0.0
18853,2021-08,0,0.0
18853,2021-09,0,0.0
18853,2021-10,0,0.0
18853,2021-11,0,0.0
18853,2021-12,0,0.0
18854,2021-01,0,0.0
18854,2021-02,0,0.0
18854,2021-03,0,0.0
18854,2021-04,0,0.0
18854,2021-05,0,0.0
18854,2021-06,0,0.0
18854,2021-07,0,0.0
18854,2021-08,0,0.0
18854,2021-09,0,0.0
18854,2021-10,0,0.0
18854,2021-11,0,0.0
18854,2021-12,0,0.0
18902,2021-01,0,0.0
18902,2021-02,0,0.0
18902,2021-03,0,0.0
18902,2021-04,0,0.0
18902,2021-05,0,0.0
18902,2021-06,0,0.0
18902,2021-07,0,0.0
18902,2021-08,0,0.0
18902,2021-09,0,0.0
18902,2021-10,0,0.0
18902,2021-11,0,0.0
18902,2021-12,0,0.0
18912,2021-01,0,0.0
18912,2021-02,0,0.0
18912,2021-03,0,0.0
18912,2021-04,0,0.0
18912,2021-05,0,0.0
18912,2021-06,0,0.0
18912,2021-07,0,0.0
18912,2021-08,0,0.0
18912,2021-09,0,0.0
18912,2021-10,0,0.0
18912,2021-11,0,0.0
18912,2021-12,0,0.0
18913,2021-01,0,0.0
18913,2021-02,0,0.0
18913,2021-03,0,0.0
18913,2021-04,0,0.0
18913,2021-05,0,0.0
18913,2021-06,0,0.0
18913,2021-07,0,0.0
18913,2021-08,0,0.0
18913,2021-09,0,0.0
18913,2021-10,0,0.0
18913,2021-11,0,0.0
18913,2021-12,0,0.0
18914,2021-01,0,0.0
18914,2021-02,0,0.0
18914,2021-03,0,0.0
18914,2021-04,0,0.0
18914,2021-05,0,0.0
18914,2021-06,0,0.0
18914,2021-07,0,0.0
18914,2021-08,0,0.0
18914,2021-09,0,0.0
18914,2021-10,0,0.0
18914,2021-11,0,0.0
18914,2021-12,0,0.0
18915,2021-01,0,0.0
18915,2021-02,0,0.0
18915,2021-03,0,0.0
18915,2021-04,0,0.0
18915,2021-05,0,0.0
18915,2021-06,0,0.0
18915,2021-07,0,0.0
18915,2021-08,0,0.0
18915,2021-09,0,0.0
18915,2021-10,0,0.0
18915,2021-11,0,0.0
18915,2021-12,0,0.0
18917,2021-01,0,0.0
18917,2021-02,0,0.0
18917,2021-03,0,0.0
18917,2021-04,0,0.0
18917,2021-05,0,0.0
18917,2021-06,0,0.0
18917,2021-07,0,0.0
18917,2021-08,0,0.0
18917,2021-09,0,0.0
18917,2021-10,0,0.0
18917,2021-11,0,0.0
18917,2021-12,0,0.0
18920,2021-01,0,0.0
18920,2021-02,0,0.0
18920,2021-03,0,0.0
18920,2021-04,0,0.0
18920,2021-05,0,0.0
18920,2021-06,0,0.0
18920,2021-07,0,0.0
18920,2021-08,0,0.0
18920,2021-09,0,0.0
18920,2021-10,0,0.0
18920,2021-11,0,0.0
18920,2021-12,0,0.0
18921,2021-01,0,0.0
18921,2021-02,0,0.0
18921,2021-03,0,0.0
18921,2021-04,0,0.0
18921,2021-05,0,0.0
18921,2021-06,0,0.0
18921,2021-07,0,0.0
18921,2021-08,0,0.0
18921,2021-09,0,0.0
18921,2021-10,0,0.0
18921,2021-11,0,0.0
18921,2021-12,0,0.0
18923,2021-01,0,0.0
18923,2021-02,0,0.0
18923,2021-03,0,0.0
18923,2021-04,0,0.0
18923,2021-05,0,0.0
18923,2021-06,0,0.0
18923,2021-07,0,0.0
18923,2021-08,0,0.0
18923,2021-09,0,0.0
18923,2021-10,0,0.0
18923,2021-11,0,0.0
18923,2021-12,0,0.0
18925,2021-01,0,0.0
18925,2021-02,0,0.0
18925,2021-03,0,0.0
18925,2021-04,0,0.0
18925,2021-05,0,0.0
18925,2021-06,0,0.0
18925,2021-07,0,0.0
18925,2021-08,0,0.0
18925,2021-09,0,0.0
18925,2021-10,0,0.0
18925,2021-11,0,0.0
18925,2021-12,0,0.0
18927,2021-01,0,0.0
18927,2021-02,0,0.0
18927,2021-03,0,0.0
18927,2021-04,0,0.0
18927,2021-05,0,0.0
18927,2021-06,0,0.0
18927,2021-07,0,0.0
18927,2021-08,0,0.0
18927,2021-09,0,0.0
18927,2021-10,0,0.0
18927,2021-11,0,0.0
18927,2021-12,0,0.0
18929,2021-01,0,0.0
18929,2021-02,0,0.0
18929,2021-03,0,0.0
18929,2021-04,0,0.0
18929,2021-05,0,0.0
18929,2021-06,0,0.0
18929,2021-07,0,0.0
18929,2021-08,0,0.0
18929,2021-09,0,0.0
18929,2021-10,0,0.0
18929,2021-11,0,0.0
18929,2021-12,0,0.0
18930,2021-01,0,0.0
18930,2021-02,0,0.0
18930,2021-03,0,0.0
18930,2021-04,0,0.0
18930,2021-05,0,0.0
18930,2021-06,0,0.0
18930,2021-07,0,0.0
18930,2021-08,0,0.0
18930,2021-09,0,0.0
18930,2021-10,0,0.0
18930,2021-11,0,0.0
18930,2021-12,0,0.0
18932,2021-01,0,0.0
18932,2021-02,0,0.0
18932,2021-03,0,0.0
18932,2021-04,0,0.0
18932,2021-05,0,0.0
18932,2021-06,0,0.0
18932,2021-07,0,0.0
18932,2021-08,0,0.0
18932,2021-09,0,0.0
18932,2021-10,0,0.0
18932,2021-11,0,0.0
18932,2021-12,0,0.0
18933,2021-01,0,0.0
18933,2021-02,0,0.0
18933,2021-03,0,0.0
18933,2021-04,0,0.0
18933,2021-05,0,0.0
18933,2021-06,0,0.0
18933,2021-07,0,0.0
18933,2021-08,0,0.0
18933,2021-09,0,0.0
18933,2021-10,0,0.0
18933,2021-11,0,0.0
18933,2021-12,0,0.0
18935,2021-01,0,0.0
18935,2021-02,0,0.0
18935,2021-03,0,0.0
18935,2021-04,0,0.0
18935,2021-05,0,0.0
18935,2021-06,0,0.0
18935,2021-07,0,0.0
18935,2021-08,0,0.0
18935,2021-09,0,0.0
18935,2021-10,0,0.0
18935,2021-11,0,0.0
18935,2021-12,0,0.0
18938,2021-01,0,0.0
18938,2021-02,0,0.0
18938,2021-03,0,0.0
18938,2021-04,0,0.0
18938,2021-05,0,0.0
18938,2021-06,0,0.0
18938,2021-07,0,0.0
18938,2021-08,0,0.0
18938,2021-09,0,0.0
18938,2021-10,0,0.0
18938,2021-11,0,0.0
18938,2021-12,0,0.0
18940,2021-01,0,0.0
18940,2021-02,0,0.0
18940,2021-03,0,0.0
18940,2021-04,0,0.0
18940,2021-05,0,0.0
18940,2021-06,0,0.0
18940,2021-07,0,0.0
18940,2021-08,0,0.0
18940,2021-09,0,0.0
18940,2021-10,0,0.0
18940,2021-11,0,0.0
18940,2021-12,0,0.0
18942,2021-01,0,0.0
18942,2021-02,0,0.0
18942,2021-03,0,0.0
18942,2021-04,0,0.0
18942,2021-05,0,0.0
18942,2021-06,0,0.0
18942,2021-07,0,0.0
18942,2021-08,0,0.0
18942,2021-09,0,0.0
18942,2021-10,0,0.0
18942,2021-11,0,0.0
18942,2021-12,0,0.0
18944,2021-01,0,0.0
18944,2021-02,0,0.0
18944,2021-03,0,0.0
18944,2021-04,0,0.0
18944,2021-05,0,0.0
18944,2021-06,0,0.0
18944,2021-07,0,0.0
18944,2021-08,0,0.0
18944,2021-09,0,0.0
18944,2021-10,0,0.0
18944,2021-11,0,0.0
18944,2021-12,0,0.0
18946,2021-01,0,0.0
18946,2021-02,0,0.0
18946,2021-03,0,0.0
18946,2021-04,0,0.0
18946,2021-05,0,0.0
18946,2021-06,0,0.0
18946,2021-07,0,0.0
18946,2021-08,0,0.0
18946,2021-09,0,0.0
18946,2021-10,0,0.0
18946,2021-11,0,0.0
18946,2021-12,0,0.0
18947,2021-01,0,0.0
18947,2021-02,0,0.0
18947,2021-03,0,0.0
18947,2021-04,0,0.0
18947,2021-05,0,0.0
18947,2021-06,0,0.0
18947,2021-07,0,0.0
18947,2021-08,0,0.0
18947,2021-09,0,0.0
18947,2021-10,0,0.0
18947,2021-11,0,0.0
18947,2021-12,0,0.0
18950,2021-01,0,0.0
18950,2021-02,0,0.0
18950,2021-03,0,0.0
18950,2021-04,0,0.0
18950,2021-05,0,0.0
18950,2021-06,0,0.0
18950,2021-07,0,0.0
18950,2021-08,0,0.0
18950,2021-09,0,0.0
18950,2021-10,0,0.0
18950,2021-11,0,0.0
18950,2021-12,0,0.0
18954,2021-01,0,0.0
18954,2021-02,0,0.0
18954,2021-03,0,0.0
18954,2021-04,0,0.0
18954,2021-05,0,0.0
18954,2021-06,0,0.0
18954,2021-07,0,0.0
18954,2021-08,0,0.0
18954,2021-09,0,0.0
18954,2021-10,0,0.0
18954,2021-11,0,0.0
18954,2021-12,0,0.0
18955,2021-01,0,0.0
18955,2021-02,0,0.0
18955,2021-03,0,0.0
18955,2021-04,0,0.0
18955,2021-05,0,0.0
18955,2021-06,0,0.0
18955,2021-07,0,0.0
18955,2021-08,0,0.0
18955,2021-09,0,0.0
18955,2021-10,0,0.0
18955,2021-11,0,0.0
18955,2021-12,0,0.0
18960,2021-01,0,0.0
18960,2021-02,0,0.0
18960,2021-03,0,0.0
18960,2021-04,0,0.0
18960,2021-05,0,0.0
18960,2021-06,0,0.0
18960,2021-07,0,0.0
18960,2021-08,0,0.0
18960,2021-09,0,0.0
18960,2021-10,0,0.0
18960,2021-11,0,0.0
18960,2021-12,0,0.0
18962,2021-01,0,0.0
18962,2021-02,0,0.0
18962,2021-03,0,0.0
18962,2021-04,0,0.0
18962,2021-05,0,0.0
18962,2021-06,0,0.0
18962,2021-07,0,0.0
18962,2021-08,0,0.0
18962,2021-09,0,0.0
18962,2021-10,0,0.0
18962,2021-11,0,0.0
18962,2021-12,0,0.0
18964,2021-01,0,0.0
18964,2021-02,0,0.0
18964,2021-03,0,0.0
18964,2021-04,0,0.0
18964,2021-05,0,0.0
18964,2021-06,0,0.0
18964,2021-07,0,0.0
18964,2021-08,0,0.0
18964,2021-09,0,0.0
18964,2021-10,0,0.0
18964,2021-11,0,0.0
18964,2021-12,0,0.0
18966,2021-01,0,0.0
18966,2021-02,0,0.0
18966,2021-03,0,0.0
18966,2021-04,0,0.0
18966,2021-05,0,0.0
18966,2021-06,0,0.0
18966,2021-07,0,0.0
18966,2021-08,0,0.0
18966,2021-09,0,0.0
18966,2021-10,0,0.0
18966,2021-11,0,0.0
18966,2021-12,0,0.0
18969,2021-01,0,0.0
18969,2021-02,0,0.0
18969,2021-03,0,0.0
18969,2021-04,0,0.0
18969,2021-05,0,0.0
18969,2021-06,0,0.0
18969,2021-07,0,0.0
18969,2021-08,0,0.0
18969,2021-09,0,0.0
18969,2021-10,0,0.0
18969,2021-11,0,0.0
18969,2021-12,0,0.0
18970,2021-01,0,0.0
18970,2021-02,0,0.0
18970,2021-03,0,0.0
18970,2021-04,0,0.0
18970,2021-05,0,0.0
18970,2021-06,0,0.0
18970,2021-07,0,0.0
18970,2021-08,0,0.0
18970,2021-09,0,0.0
18970,2021-10,0,0.0
18970,2021-11,0,0.0
18970,2021-12,0,0.0
18972,2021-01,0,0.0
18972,2021-02,0,0.0
18972,2021-03,0,0.0
18972,2021-04,0,0.0
18972,2021-05,0,0.0
18972,2021-06,0,0.0
18972,2021-07,0,0.0
18972,2021-08,0,0.0
18972,2021-09,0,0.0
18972,2021-10,0,0.0
18972,2021-11,0,0.0
18972,2021-12,0,0.0
18974,2021-01,0,0.0
18974,2021-02,0,0.0
18974,2021-03,0,0.0
18974,2021-04,0,0.0
18974,2021-05,0,0.0
18974,2021-06,0,0.0
18974,2021-07,0,0.0
18974,2021-08,0,0.0
18974,2021-09,0,0.0
18974,2021-10,0,0.0
18974,2021-11,0,0.0
18974,2021-12,0,0.0
18976,2021-01,0,0.0
18976,2021-02,0,0.0
18976,2021-03,0,0.0
18976,2021-04,0,0.0
18976,2021-05,0,0.0
18976,2021-06,0,0.0
18976,2021-07,0,0.0
18976,2021-08,0,0.0
18976,2021-09,0,0.0
18976,2021-10,0,0.0
18976,2021-11,0,0.0
18976,2021-12,0,0.0
18977,2021-01,0,0.0
18977,2021-02,0,0.0
18977,2021-03,0,0.0
18977,2021-04,0,0.0
18977,2021-05,0,0.0
18977,2021-06,0,0.0
18977,2021-07,0,0.0
18977,2021-08,0,0.0
18977,2021-09,0,0.0
18977,2021-10,0,0.0
18977,2021-11,0,0.0
18977,2021-12,0,0.0
18980,2021-01,0,0.0
18980,2021-02,0,0.0
18980,2021-03,0,0.0
18980,2021-04,0,0.0
18980,2021-05,0,0.0
18980,2021-06,0,0.0
18980,2021-07,0,0.0
18980,2021-08,0,0.0
18980,2021-09,0,0.0
18980,2021-10,0,0.0
18980,2021-11,0,0.0
18980,2021-12,0,0.0
19001,2021-01,0,0.0
19001,2021-02,0,0.0
19001,2021-03,0,0.0
19001,2021-04,0,0.0
19001,2021-05,0,0.0
19001,2021-06,0,0.0
19001,2021-07,0,0.0
19001,2021-08,0,0.0
19001,2021-09,0,0.0
19001,2021-10,0,0.0
19001,2021-11,0,0.0
19001,2021-12,0,0.0
19002,2021-01,0,0.0
19002,2021-02,0,0.0
19002,2021-03,0,0.0
19002,2021-04,0,0.0
19002,2021-05,0,0.0
19002,2021-06,0,0.0
19002,2021-07,0,0.0
19002,2021-08,0,0.0
19002,2021-09,0,0.0
19002,2021-10,0,0.0
19002,2021-11,0,0.0
19002,2021-12,0,0.0
19003,2021-01,0,0.0
19003,2021-02,0,0.0
19003,2021-03,0,0.0
19003,2021-04,0,0.0
19003,2021-05,0,0.0
19003,2021-06,0,0.0
19003,2021-07,0,0.0
19003,2021-08,0,0.0
19003,2021-09,0,0.0
19003,2021-10,0,0.0
19003,2021-11,0,0.0
19003,2021-12,0,0.0
19004,2021-01,0,0.0
19004,2021-02,0,0.0
19004,2021-03,0,0.0
19004,2021-04,0,0.0
19004,2021-05,0,0.0
19004,2021-06,0,0.0
19004,2021-07,0,0.0
19004,2021-08,0,0.0
19004,2021-09,0,0.0
19004,2021-10,0,0.0
19004,2021-11,0,0.0
19004,2021-12,0,0.0
19006,2021-01,0,0.0
19006,2021-02,0,0.0
19006,2021-03,0,0.0
19006,2021-04,0,0.0
19006,2021-05,0,0.0
19006,2021-06,0,0.0
19006,2021-07,0,0.0
19006,2021-08,0,0.0
19006,2021-09,0,0.0
19006,2021-10,0,0.0
19006,2021-11,0,0.0
19006,2021-12,0,0.0
19007,2021-01,0,0.0
19007,2021-02,0,0.0
19007,2021-03,0,0.0
19007,2021-04,0,0.0
19007,2021-05,0,0.0
19007,2021-06,0,0.0
19007,2021-07,0,0.0
19007,2021-08,0,0.0
19007,2021-09,0,0.0
19007,2021-10,0,0.0
19007,2021-11,0,0.0
19007,2021-12,0,0.0
19009,2021-01,0,0.0
19009,2021-02,0,0.0
19009,2021-03,0,0.0
19009,2021-04,0,0.0
19009,2021-05,0,0.0
19009,2021-06,0,0.0
19009,2021-07,0,0.0
19009,2021-08,0,0.0
19009,2021-09,0,0.0
19009,2021-10,0,0.0
19009,2021-11,0,0.0
19009,2021-12,0,0.0
19014,2021-01,0,0.0
19014,2021-02,0,0.0
19014,2021-03,0,0.0
19014,2021-04,0,0.0
19014,2021-05,0,0.0
19014,2021-06,0,0.0
19014,2021-07,0,0.0
19014,2021-08,0,0.0
19014,2021-09,0,0.0
19014,2021-10,0,0.0
19014,2021-11,0,0.0
19014,2021-12,0,0.0
19015,2021-01,0,0.0
19015,2021-02,0,0.0
19015,2021-03,0,0.0
19015,2021-04,0,0.0
19015,2021-05,0,0.0
19015,2021-06,0,0.0
19015,2021-07,0,0.0
19015,2021-08,0,0.0
19015,2021-09,0,0.0
19015,2021-10,0,0.0
19015,2021-11,0,0.0
19015,2021-12,0,0.0
19017,2021-01,0,0.0
19017,2021-02,0,0.0
19017,2021-03,0,0.0
19017,2021-04,0,0.0
19017,2021-05,0,0.0
19017,2021-06,0,0.0
19017,2021-07,0,0.0
19017,2021-08,0,0.0
19017,2021-09,0,0.0
19017,2021-10,0,0.0
19017,2021-11,0,0.0
19017,2021-12,0,0.0
19021,2021-01,0,0.0
19021,2021-02,0,0.0
19021,2021-03,0,0.0
19021,2021-04,0,0.0
19021,2021-05,0,0.0
19021,2021-06,0,0.0
19021,2021-07,0,0.0
19021,2021-08,0,0.0
19021,2021-09,0,0.0
19021,2021-10,0,0.0
19021,2021-11,0,0.0
19021,2021-12,0,0.0
19022,2021-01,0,0.0
19022,2021-02,0,0.0
19022,2021-03,0,0.0
19022,2021-04,0,0.0
19022,2021-05,0,0.0
19022,2021-06,0,0.0
19022,2021-07,0,0.0
19022,2021-08,0,0.0
19022,2021-09,0,0.0
19022,2021-10,0,0.0
19022,2021-11,0,0.0
19022,2021-12,0,0.0
19023,2021-01,0,0.0
19023,2021-02,0,0.0
19023,2021-03,0,0.0
19023,2021-04,0,0.0
19023,2021-05,0,0.0
19023,2021-06,0,0.0
19023,2021-07,0,0.0
19023,2021-08,0,0.0
19023,2021-09,0,0.0
19023,2021-10,0,0.0
19023,2021-11,0,0.0
19023,2021-12,0,0.0
19025,2021-01,0,0.0
19025,2021-02,0,0.0
19025,2021-03,0,0.0
19025,2021-04,0,0.0
19025,2021-05,0,0.0
19025,2021-06,0,0.0
19025,2021-07,0,0.0
19025,2021-08,0,0.0
19025,2021-09,0,0.0
19025,2021-10,0,0.0
19025,2021-11,0,0.0
19025,2021-12,0,0.0
19026,2021-01,0,0.0
19026,2021-02,0,0.0
19026,2021-03,0,0.0
19026,2021-04,0,0.0
19026,2021-05,0,0.0
19026,2021-06,0,0.0
19026,2021-07,0,0.0
19026,2021-08,0,0.0
19026,2021-09,0,0.0
19026,2021-10,0,0.0
19026,2021-11,0,0.0
19026,2021-12,0,0.0
19027,2021-01,0,0.0
19027,2021-02,0,0.0
19027,2021-03,0,0.0
19027,2021-04,0,0.0
19027,2021-05,0,0.0
19027,2021-06,0,0.0
19027,2021-07,0,0.0
19027,2021-08,0,0.0
19027,2021-09,0,0.0
19027,2021-10,0,0.0
19027,2021-11,0,0.0
19027,2021-12,0,0.0
19029,2021-01,0,0.0
19029,2021-02,0,0.0
19029,2021-03,0,0.0
19029,2021-04,0,0.0
19029,2021-05,0,0.0
19029,2021-06,0,0.0
19029,2021-07,0,0.0
19029,2021-08,0,0.0
19029,2021-09,0,0.0
19029,2021-10,0,0.0
19029,2021-11,0,0.0
19029,2021-12,0,0.0
19030,2021-01,0,0.0
19030,2021-02,0,0.0
19030,2021-03,0,0.0
19030,2021-04,0,0.0
19030,2021-05,0,0.0
19030,2021-06,0,0.0
19030,2021-07,0,0.0
19030,2021-08,0,0.0
19030,2021-09,0,0.0
19030,2021-10,0,0.0
19030,2021-11,0,0.0
19030,2021-12,0,0.0
19031,2021-01,0,0.0
19031,2021-02,0,0.0
19031,2021-03,0,0.0
19031,2021-04,0,0.0
19031,2021-05,0,0.0
19031,2021-06,0,0.0
19031,2021-07,0,0.0
19031,2021-08,0,0.0
19031,2021-09,0,0.0
19031,2021-10,0,0.0
19031,2021-11,0,0.0
19031,2021-12,0,0.0
19032,2021-01,0,0.0
19032,2021-02,0,0.0
19032,2021-03,0,0.0
19032,2021-04,0,0.0
19032,2021-05,0,0.0
19032,2021-06,0,0.0
19032,2021-07,0,0.0
19032,2021-08,0,0.0
19032,2021-09,0,0.0
19032,2021-10,0,0.0
19032,2021-11,0,0.0
19032,2021-12,0,0.0
19033,2021-01,0,0.0
19033,2021-02,0,0.0
19033,2021-03,0,0.0
19033,2021-04,0,0.0
19033,2021-05,0,0.0
19033,2021-06,0,0.0
19033,2021-07,0,0.0
19033,2021-08,0,0.0
19033,2021-09,0,0.0
19033,2021-10,0,0.0
19033,2021-11,0,0.0
19033,2021-12,0,0.0
19034,2021-01,0,0.0
19034,2021-02,0,0.0
19034,2021-03,0,0.0
19034,2021-04,0,0.0
19034,2021-05,0,0.0
19034,2021-06,0,0.0
19034,2021-07,0,0.0
19034,2021-08,0,0.0
19034,2021-09,0,0.0
19034,2021-10,0,0.0
19034,2021-11,0,0.0
19034,2021-12,0,0.0
19035,2021-01,0,0.0
19035,2021-02,0,0.0
19035,2021-03,0,0.0
19035,2021-04,0,0.0
19035,2021-05,0,0.0
19035,2021-06,0,0.0
19035,2021-07,0,0.0
19035,2021-08,0,0.0
19035,2021-09,0,0.0
19035,2021-10,0,0.0
19035,2021-11,0,0.0
19035,2021-12,0,0.0
19036,2021-01,0,0.0
19036,2021-02,0,0.0
19036,2021-03,0,0.0
19036,2021-04,0,0.0
19036,2021-05,0,0.0
19036,2021-06,0,0.0
19036,2021-07,0,0.0
19036,2021-08,0,0.0
19036,2021-09,0,0.0
19036,2021-10,0,0.0
19036,2021-11,0,0.0
19036,2021-12,0,0.0
19038,2021-01,0,0.0
19038,2021-02,0,0.0
19038,2021-03,0,0.0
19038,2021-04,0,0.0
19038,2021-05,0,0.0
19038,2021-06,0,0.0
19038,2021-07,0,0.0
19038,2021-08,0,0.0
19038,2021-09,0,0.0
19038,2021-10,0,0.0
19038,2021-11,0,0.0
19038,2021-12,0,0.0
19041,2021-01,0,0.0
19041,2021-02,0,0.0
19041,2021-03,0,0.0
19041,2021-04,0,0.0
19041,2021-05,0,0.0
19041,2021-06,0,0.0
19041,2021-07,0,0.0
19041,2021-08,0,0.0
19041,2021-09,0,0.0
19041,2021-10,0,0.0
19041,2021-11,0,0.0
19041,2021-12,0,0.0
19043,2021-01,0,0.0
19043,2021-02,0,0.0
19043,2021-03,0,0.0
19043,2021-04,0,0.0
19043,2021-05,0,0.0
19043,2021-06,0,0.0
19043,2021-07,0,0.0
19043,2021-08,0,0.0
19043,2021-09,0,0.0
19043,2021-10,0,0.0
19043,2021-11,0,0.0
19043,2021-12,0,0.0
19044,2021-01,0,0.0
19044,2021-02,0,0.0
19044,2021-03,0,0.0
19044,2021-04,0,0.0
19044,2021-05,0,0.0
19044,2021-06,0,0.0
19044,2021-07,0,0.0
19044,2021-08,0,0.0
19044,2021-09,0,0.0
19044,2021-10,0,0.0
19044,2021-11,0,0.0
19044,2021-12,0,0.0
19046,2021-01,0,0.0
19046,2021-02,0,0.0
19046,2021-03,0,0.0
19046,2021-04,0,0.0
19046,2021-05,0,0.0
19046,2021-06,0,0.0
19046,2021-07,0,0.0
19046,2021-08,0,0.0
19046,2021-09,0,0.0
19046,2021-10,0,0.0
19046,2021-11,0,0.0
19046,2021-12,0,0.0
19050,2021-01,0,0.0
19050,2021-02,0,0.0
19050,2021-03,0,0.0
19050,2021-04,0,0.0
19050,2021-05,0,0.0
19050,2021-06,0,0.0
19050,2021-07,0,0.0
19050,2021-08,0,0.0
19050,2021-09,0,0.0
19050,2021-10,0,0.0
19050,2021-11,0,0.0
19050,2021-12,0,0.0
19052,2021-01,0,0.0
19052,2021-02,0,0.0
19052,2021-03,0,0.0
19052,2021-04,0,0.0
19052,2021-05,0,0.0
19052,2021-06,0,0.0
19052,2021-07,0,0.0
19052,2021-08,0,0.0
19052,2021-09,0,0.0
19052,2021-10,0,0.0
19052,2021-11,0,0.0
19052,2021-12,0,0.0
19053,2021-01,0,0.0
19053,2021-02,0,0.0
19053,2021-03,0,0.0
19053,2021-04,0,0.0
19053,2021-05,0,0.0
19053,2021-06,0,0.0
19053,2021-07,0,0.0
19053,2021-08,0,0.0
19053,2021-09,0,0.0
19053,2021-10,0,0.0
19053,2021-11,0,0.0
19053,2021-12,0,0.0
19054,2021-01,0,0.0
19054,2021-02,0,0.0
19054,2021-03,0,0.0
19054,2021-04,0,0.0
19054,2021-05,0,0.0
19054,2021-06,0,0.0
19054,2021-07,0,0.0
19054,2021-08,0,0.0
19054,2021-09,0,0.0
19054,2021-10,0,0.0
19054,2021-11,0,0.0
19054,2021-12,0,0.0
19055,2021-01,0,0.0
19055,2021-02,0,0.0
19055,2021-03,0,0.0
19055,2021-04,0,0.0
19055,2021-05,0,0.0
19055,2021-06,0,0.0
19055,2021-07,0,0.0
19055,2021-08,0,0.0
19055,2021-09,0,0.0
19055,2021-10,0,0.0
19055,2021-11,0,0.0
19055,2021-12,0,0.0
19056,2021-01,0,0.0
19056,2021-02,0,0.0
19056,2021-03,0,0.0
19056,2021-04,0,0.0
19056,2021-05,0,0.0
19056,2021-06,0,0.0
19056,2021-07,0,0.0
19056,2021-08,0,0.0
19056,2021-09,0,0.0
19056,2021-10,0,0.0
19056,2021-11,0,0.0
19056,2021-12,0,0.0
19057,2021-01,0,0.0
19057,2021-02,0,0.0
19057,2021-03,0,0.0
19057,2021-04,0,0.0
19057,2021-05,0,0.0
19057,2021-06,0,0.0
19057,2021-07,0,0.0
19057,2021-08,0,0.0
19057,2021-09,0,0.0
19057,2021-10,0,0.0
19057,2021-11,0,0.0
19057,2021-12,0,0.0
19060,2021-01,0,0.0
19060,2021-02,0,0.0
19060,2021-03,0,0.0
19060,2021-04,0,0.0
19060,2021-05,0,0.0
19060,2021-06,0,0.0
19060,2021-07,0,0.0
19060,2021-08,0,0.0
19060,2021-09,0,0.0
19060,2021-10,0,0.0
19060,2021-11,0,0.0
19060,2021-12,0,0.0
19061,2021-01,0,0.0
19061,2021-02,0,0.0
19061,2021-03,0,0.0
19061,2021-04,0,0.0
19061,2021-05,0,0.0
19061,2021-06,0,0.0
19061,2021-07,0,0.0
19061,2021-08,0,0.0
19061,2021-09,0,0.0
19061,2021-10,0,0.0
19061,2021-11,0,0.0
19061,2021-12,0,0.0
19064,2021-01,0,0.0
19064,2021-02,0,0.0
19064,2021-03,0,0.0
19064,2021-04,0,0.0
19064,2021-05,0,0.0
19064,2021-06,0,0.0
19064,2021-07,0,0.0
19064,2021-08,0,0.0
19064,2021-09,0,0.0
19064,2021-10,0,0.0
19064,2021-11,0,0.0
19064,2021-12,0,0.0
19066,2021-01,0,0.0
19066,2021-02,0,0.0
19066,2021-03,0,0.0
19066,2021-04,0,0.0
19066,2021-05,0,0.0
19066,2021-06,0,0.0
19066,2021-07,0,0.0
19066,2021-08,0,0.0
19066,2021-09,0,0.0
19066,2021-10,0,0.0
19066,2021-11,0,0.0
19066,2021-12,0,0.0
19067,2021-01,0,0.0
19067,2021-02,0,0.0
19067,2021-03,0,0.0
19067,2021-04,0,0.0
19067,2021-05,0,0.0
19067,2021-06,0,0.0
19067,2021-07,0,0.0
19067,2021-08,0,0.0
19067,2021-09,0,0.0
19067,2021-10,0,0.0
19067,2021-11,0,0.0
19067,2021-12,0,0.0
19070,2021-01,0,0.0
19070,2021-02,0,0.0
19070,2021-03,0,0.0
19070,2021-04,0,0.0
19070,2021-05,0,0.0
19070,2021-06,0,0.0
19070,2021-07,0,0.0
19070,2021-08,0,0.0
19070,2021-09,0,0.0
19070,2021-10,0,0.0
19070,2021-11,0,0.0
19070,2021-12,0,0.0
19073,2021-01,0,0.0
19073,2021-02,0,0.0
19073,2021-03,0,0.0
19073,2021-04,0,0.0
19073,2021-05,0,0.0
19073,2021-06,0,0.0
19073,2021-07,0,0.0
19073,2021-08,0,0.0
19073,2021-09,0,0.0
19073,2021-10,0,0.0
19073,2021-11,0,0.0
19073,2021-12,0,0.0
19074,2021-01,0,0.0
19074,2021-02,0,0.0
19074,2021-03,0,0.0
19074,2021-04,0,0.0
19074,2021-05,0,0.0
19074,2021-06,0,0.0
19074,2021-07,0,0.0
19074,2021-08,0,0.0
19074,2021-09,0,0.0
19074,2021-10,0,0.0
19074,2021-11,0,0.0
19074,2021-12,0,0.0
19075,2021-01,0,0.0
19075,2021-02,0,0.0
19075,2021-03,0,0.0
19075,2021-04,0,0.0
19075,2021-05,0,0.0
19075,2021-06,0,0.0
19075,2021-07,0,0.0
19075,2021-08,0,0.0
19075,2021-09,0,0.0
19075,2021-10,0,0.0
19075,2021-11,0,0.0
19075,2021-12,0,0.0
19076,2021-01,0,0.0
19076,2021-02,0,0.0
19076,2021-03,0,0.0
19076,2021-04,0,0.0
19076,2021-05,0,0.0
19076,2021-06,0,0.0
19076,2021-07,0,0.0
19076,2021-08,0,0.0
19076,2021-09,0,0.0
19076,2021-10,0,0.0
19076,2021-11,0,0.0
19076,2021-12,0,0.0
19078,2021-01,0,0.0
19078,2021-02,0,0.0
19078,2021-03,0,0.0
19078,2021-04,0,0.0
19078,2021-05,0,0.0
19078,2021-06,0,0.0
19078,2021-07,0,0.0
19078,2021-08,0,0.0
19078,2021-09,0,0.0
19078,2021-10,0,0.0
19078,2021-11,0,0.0
19078,2021-12,0,0.0
19081,2021-01,0,0.0
19081,2021-02,0,0.0
19081,2021-03,0,0.0
19081,2021-04,0,0.0
19081,2021-05,0,0.0
19081,2021-06,0,0.0
19081,2021-07,0,0.0
19081,2021-08,0,0.0
19081,2021-09,0,0.0
19081,2021-10,0,0.0
19081,2021-11,0,0.0
19081,2021-12,0,0.0
19082,2021-01,0,0.0
19082,2021-02,0,0.0
19082,2021-03,0,0.0
19082,2021-04,0,0.0
19082,2021-05,0,0.0
19082,2021-06,0,0.0
19082,2021-07,0,0.0
19082,2021-08,0,0.0
19082,2021-09,0,0.0
19082,2021-10,0,0.0
19082,2021-11,0,0.0
19082,2021-12,0,0.0
19083,2021-01,0,0.0
19083,2021-02,0,0.0
19083,2021-03,0,0.0
19083,2021-04,0,0.0
19083,2021-05,0,0.0
19083,2021-06,0,0.0
19083,2021-07,0,0.0
19083,2021-08,0,0.0
19083,2021-09,0,0.0
19083,2021-10,0,0.0
19083,2021-11,0,0.0
19083,2021-12,0,0.0
19085,2021-01,0,0.0
19085,2021-02,0,0.0
19085,2021-03,0,0.0
19085,2021-04,0,0.0
19085,2021-05,0,0.0
19085,2021-06,0,0.0
19085,2021-07,0,0.0
19085,2021-08,0,0.0
19085,2021-09,0,0.0
19085,2021-10,0,0.0
19085,2021-11,0,0.0
19085,2021-12,0,0.0
19086,2021-01,0,0.0
19086,2021-02,0,0.0
19086,2021-03,0,0.0
19086,2021-04,0,0.0
19086,2021-05,0,0.0
19086,2021-06,0,0.0
19086,2021-07,0,0.0
19086,2021-08,0,0.0
19086,2021-09,0,0.0
19086,2021-10,0,0.0
19086,2021-11,0,0.0
19086,2021-12,0,0.0
19090,2021-01,0,0.0
19090,2021-02,0,0.0
19090,2021-03,0,0.0
19090,2021-04,0,0.0
19090,2021-05,0,0.0
19090,2021-06,0,0.0
19090,2021-07,0,0.0
19090,2021-08,0,0.0
19090,2021-09,0,0.0
19090,2021-10,0,0.0
19090,2021-11,0,0.0
19090,2021-12,0,0.0
19094,2021-01,0,0.0
19094,2021-02,0,0.0
19094,2021-03,0,0.0
19094,2021-04,0,0.0
19094,2021-05,0,0.0
19094,2021-06,0,0.0
19094,2021-07,0,0.0
19094,2021-08,0,0.0
19094,2021-09,0,0.0
19094,2021-10,0,0.0
19094,2021-11,0,0.0
19094,2021-12,0,0.0
19095,2021-01,0,0.0
19095,2021-02,0,0.0
19095,2021-03,0,0.0
19095,2021-04,0,0.0
19095,2021-05,0,0.0
19095,2021-06,0,0.0
19095,2021-07,0,0.0
19095,2021-08,0,0.0
19095,2021-09,0,0.0
19095,2021-10,0,0.0
19095,2021-11,0,0.0
19095,2021-12,0,0.0
15001,2021-01,0,0.0
15001,2021-02,0,0.0
15001,2021-03,0,0.0
15001,2021-04,0,0.0
15001,2021-05,0,0.0
15001,2021-06,0,0.0
15001,2021-07,0,0.0
15001,2021-08,0,0.0
15001,2021-09,0,0.0
15001,2021-10,0,0.0
15001,2021-11,0,0.0
15001,2021-12,0,0.0
15003,2021-01,0,0.0
15003,2021-02,0,0.0
15003,2021-03,0,0.0
15003,2021-04,0,0.0
15003,2021-05,0,0.0
15003,2021-06,0,0.0
15003,2021-07,0,0.0
15003,2021-08,0,0.0
15003,2021-09,0,0.0
15003,2021-10,0,0.0
15003,2021-11,0,0.0
15003,2021-12,0,0.0
15004,2021-01,0,0.0
15004,2021-02,0,0.0
15004,2021-03,0,0.0
15004,2021-04,0,0.0
15004,2021-05,0,0.0
15004,2021-06,0,0.0
15004,2021-07,0,0.0
15004,2021-08,0,0.0
15004,2021-09,0,0.0
15004,2021-10,0,0.0
15004,2021-11,0,0.0
15004,2021-12,0,0.0
15005,2021-01,0,0.0
15005,2021-02,0,0.0
15005,2021-03,0,0.0
15005,2021-04,0,0.0
15005,2021-05,0,0.0
15005,2021-06,0,0.0
15005,2021-07,0,0.0
15005,2021-08,0,0.0
15005,2021-09,0,0.0
15005,2021-10,0,0.0
15005,2021-11,0,0.0
15005,2021-12,0,0.0
19102,2021-01,0,0.0
19102,2021-02,0,0.0
19102,2021-03,0,0.0
19102,2021-04,0,0.0
19102,2021-05,0,0.0
19102,2021-06,0,0.0
19102,2021-07,0,0.0
19102,2021-08,0,0.0
19102,2021-09,0,0.0
19102,2021-10,0,0.0
19102,2021-11,0,0.0
19102,2021-12,0,0.0
19103,2021-01,0,0.0
19103,2021-02,0,0.0
19103,2021-03,0,0.0
19103,2021-04,0,0.0
19103,2021-05,0,0.0
19103,2021-06,0,0.0
19103,2021-07,0,0.0
19103,2021-08,0,0.0
19103,2021-09,0,0.0
19103,2021-10,0,0.0
19103,2021-11,0,0.0
19103,2021-12,0,0.0
19104,2021-01,0,0.0
19104,2021-02,0,0.0
19104,2021-03,0,0.0
19104,2021-04,0,0.0
19104,2021-05,0,0.0
19104,2021-06,0,0.0
19104,2021-07,0,0.0
19104,2021-08,0,0.0
19104,2021-09,0,0.0
19104,2021-10,0,0.0
19104,2021-11,0,0.0
19104,2021-12,0,0.0
15006,2021-01,0,0.0
15006,2021-02,0,0.0
15006,2021-03,0,0.0
15006,2021-04,0,0.0
15006,2021-05,0,0.0
15006,2021-06,0,0.0
15006,2021-07,0,0.0
15006,2021-08,0,0.0
15006,2021-09,0,0.0
15006,2021-10,0,0.0
15006,2021-11,0,0.0
15006,2021-12,0,0.0
19106,2021-01,0,0.0
19106,2021-02,0,0.0
19106,2021-03,0,0.0
19106,2021-04,0,0.0
19106,2021-05,0,0.0
19106,2021-06,0,0.0
19106,2021-07,0,0.0
19106,2021-08,0,0.0
19106,2021-09,0,0.0
19106,2021-10,0,0.0
19106,2021-11,0,0.0
19106,2021-12,0,0.0
19108,2021-01,0,0.0
19108,2021-02,0,0.0
19108,2021-03,0,0.0
19108,2021-04,0,0.0
19108,2021-05,0,0.0
19108,2021-06,0,0.0
19108,2021-07,0,0.0
19108,2021-08,0,0.0
19108,2021-09,0,0.0
19108,2021-10,0,0.0
19108,2021-11,0,0.0
19108,2021-12,0,0.0
19109,2021-01,0,0.0
19109,2021-02,0,0.0
19109,2021-03,0,0.0
19109,2021-04,0,0.0
19109,2021-05,0,0.0
19109,2021-06,0,0.0
19109,2021-07,0,0.0
19109,2021-08,0,0.0
19109,2021-09,0,0.0
19109,2021-10,0,0.0
19109,2021-11,0,0.0
19109,2021-12,0,0.0
15007,2021-01,0,0.0
15007,2021-02,0,0.0
15007,2021-03,0,0.0
15007,2021-04,0,0.0
15007,2021-05,0,0.0
15007,2021-06,0,0.0
15007,2021-07,0,0.0
15007,2021-08,0,0.0
15007,2021-09,0,0.0
15007,2021-10,0,0.0
15007,2021-11,0,0.0
15007,2021-12,0,0.0
19111,2021-01,0,0.0
19111,2021-02,0,0.0
19111,2021-03,0,0.0
19111,2021-04,0,0.0
19111,2021-05,0,0.0
19111,2021-06,0,0.0
19111,2021-07,0,0.0
19111,2021-08,0,0.0
19111,2021-09,0,0.0
19111,2021-10,0,0.0
19111,2021-11,0,0.0
19111,2021-12,0,0.0
19112,2021-01,0,0.0
19112,2021-02,0,0.0
19112,2021-03,0,0.0
19112,2021-04,0,0.0
19112,2021-05,0,0.0
19112,2021-06,0,0.0
19112,2021-07,0,0.0
19112,2021-08,0,0.0
19112,2021-09,0,0.0
19112,2021-10,0,0.0
19112,2021-11,0,0.0
19112,2021-12,0,0.0
19113,2021-01,0,0.0
19113,2021-02,0,0.0
19113,2021-03,0,0.0
19113,2021-04,0,0.0
19113,2021-05,0,0.0
19113,2021-06,0,0.0
19113,2021-07,0,0.0
19113,2021-08,0,0.0
19113,2021-09,0,0.0
19113,2021-10,0,0.0
19113,2021-11,0,0.0
19113,2021-12,0,0.0
19114,2021-01,0,0.0
19114,2021-02,0,0.0
19114,2021-03,0,0.0
19114,2021-04,0,0.0
19114,2021-05,0,0.0
19114,2021-06,0,0.0
19114,2021-07,0,0.0
19114,2021-08,0,0.0
19114,2021-09,0,0.0
19114,2021-10,0,0.0
19114,2021-11,0,0.0
19114,2021-12,0,0.0
19115,2021-01,0,0.0
19115,2021-02,0,0.0
19115,2021-03,0,0.0
19115,2021-04,0,0.0
19115,2021-05,0,0.0
19115,2021-06,0,0.0
19115,2021-07,0,0.0
19115,2021-08,0,0.0
19115,2021-09,0,0.0
19115,2021-10,0,0.0
19115,2021-11,0,0.0
19115,2021-12,0,0.0
19116,2021-01,0,0.0
19116,2021-02,0,0.0
19116,2021-03,0,0.0
19116,2021-04,0,0.0
19116,2021-05,0,0.0
19116,2021-06,0,0.0
19116,2021-07,0,0.0
19116,2021-08,0,0.0
19116,2021-09,0,0.0
19116,2021-10,0,0.0
19116,2021-11,0,0.0
19116,2021-12,0,0.0
15012,2021-01,0,0.0
15012,2021-02,0,0.0
15012,2021-03,0,0.0
15012,2021-04,0,0.0
15012,2021-05,0,0.0
15012,2021-06,0,0.0
15012,2021-07,0,0.0
15012,2021-08,0,0.0
15012,2021-09,0,0.0
15012,2021-10,0,0.0
15012,2021-11,0,0.0
15012,2021-12,0,0.0
19118,2021-01,0,0.0
19118,2021-02,0,0.0
19118,2021-03,0,0.0
19118,2021-04,0,0.0
19118,2021-05,0,0.0
19118,2021-06,0,0.0
19118,2021-07,0,0.0
19118,2021-08,0,0.0
19118,2021-09,0,0.0
19118,2021-10,0,0.0
19118,2021-11,0,0.0
19118,2021-12,0,0.0
19119,2021-01,0,0.0
19119,2021-02,0,0.0
19119,2021-03,0,0.0
19119,2021-04,0,0.0
19119,2021-05,0,0.0
19119,2021-06,0,0.0
19119,2021-07,0,0.0
19119,2021-08,0,0.0
19119,2021-09,0,0.0
19119,2021-10,0,0.0
19119,2021-11,0,0.0
19119,2021-12,0,0.0
19120,2021-01,0,0.0
19120,2021-02,0,0.0
19120,2021-03,0,0.0
19120,2021-04,0,0.0
19120,2021-05,0,0.0
19120,2021-06,0,0.0
19120,2021-07,0,0.0
19120,2021-08,0,0.0
19120,2021-09,0,0.0
19120,2021-10,0,0.0
19120,2021-11,0,0.0
19120,2021-12,0,0.0
19121,2021-01,0,0.0
19121,2021-02,0,0.0
19121,2021-03,0,0.0
19121,2021-04,0,0.0
19121,2021-05,0,0.0
19121,2021-06,0,0.0
19121,2021-07,0,0.0
19121,2021-08,0,0.0
19121,2021-09,0,0.0
19121,2021-10,0,0.0
19121,2021-11,0,0.0
19121,2021-12,0,0.0
19122,2021-01,0,0.0
19122,2021-02,0,0.0
19122,2021-03,0,0.0
19122,2021-04,0,0.0
19122,2021-05,0,0.0
19122,2021-06,0,0.0
19122,2021-07,0,0.0
19122,2021-08,0,0.0
19122,2021-09,0,0.0
19122,2021-10,0,0.0
19122,2021-11,0,0.0
19122,2021-12,0,0.0
19123,2021-01,0,0.0
19123,2021-02,0,0.0
19123,2021-03,0,0.0
19123,2021-04,0,0.0
19123,2021-05,0,0.0
19123,2021-06,0,0.0
19123,2021-07,0,0.0
19123,2021-08,0,0.0
19123,2021-09,0,0.0
19123,2021-10,0,0.0
19123,2021-11,0,0.0
19123,2021-12,0,0.0
19124,2021-01,0,0.0
19124,2021-02,0,0.0
19124,2021-03,0,0.0
19124,2021-04,0,0.0
19124,2021-05,0,0.0
19124,2021-06,0,0.0
19124,2021-07,0,0.0
19124,2021-08,0,0.0
19124,2021-09,0,0.0
19124,2021-10,0,0.0
19124,2021-11,0,0.0
19124,2021-12,0,0.0
19125,2021-01,0,0.0
19125,2021-02,0,0.0
19125,2021-03,0,0.0
19125,2021-04,0,0.0
19125,2021-05,0,0.0
19125,2021-06,0,0.0
19125,2021-07,0,0.0
19125,2021-08,0,0.0
19125,2021-09,0,0.0
19125,2021-10,0,0.0
19125,2021-11,0,0.0
19125,2021-12,0,0.0
19126,2021-01,0,0.0
19126,2021-02,0,0.0
19126,2021-03,0,0.0
19126,2021-04,0,0.0
19126,2021-05,0,0.0
19126,2021-06,0,0.0
19126,2021-07,0,0.0
19126,2021-08,0,0.0
19126,2021-09,0,0.0
19126,2021-10,0,0.0
19126,2021-11,0,0.0
19126,2021-12,0,0.0
19127,2021-01,0,0.0
19127,2021-02,0,0.0
19127,2021-03,0,0.0
19127,2021-04,0,0.0
19127,2021-05,0,0.0
19127,2021-06,0,0.0
19127,2021-07,0,0.0
19127,2021-08,0,0.0
19127,2021-09,0,0.0
19127,2021-10,0,0.0
19127,2021-11,0,0.0
19127,2021-12,0,0.0
19128,2021-01,0,0.0
19128,2021-02,0,0.0
19128,2021-03,0,0.0
19128,2021-04,0,0.0
19128,2021-05,0,0.0
19128,2021-06,0,0.0
19128,2021-07,0,0.0
19128,2021-08,0,0.0
19128,2021-09,0,0.0
19128,2021-10,0,0.0
19128,2021-11,0,0.0
19128,2021-12,0,0.0
19129,2021-01,0,0.0
19129,2021-02,0,0.0
19129,2021-03,0,0.0
19129,2021-04,0,0.0
19129,2021-05,0,0.0
19129,2021-06,0,0.0
19129,2021-07,0,0.0
19129,2021-08,0,0.0
19129,2021-09,0,0.0
19129,2021-10,0,0.0
19129,2021-11,0,0.0
19129,2021-12,0,0.0
19130,2021-01,0,0.0
19130,2021-02,0,0.0
19130,2021-03,0,0.0
19130,2021-04,0,0.0
19130,2021-05,0,0.0
19130,2021-06,0,0.0
19130,2021-07,0,0.0
19130,2021-08,0,0.0
19130,2021-09,0,0.0
19130,2021-10,0,0.0
19130,2021-11,0,0.0
19130,2021-12,0,0.0
19131,2021-01,0,0.0
19131,2021-02,0,0.0
19131,2021-03,0,0.0
19131,2021-04,0,0.0
19131,2021-05,0,0.0
19131,2021-06,0,0.0
19131,2021-07,0,0.0
19131,2021-08,0,0.0
19131,2021-09,0,0.0
19131,2021-10,0,0.0
19131,2021-11,0,0.0
19131,2021-12,0,0.0
19132,2021-01,0,0.0
19132,2021-02,0,0.0
19132,2021-03,0,0.0
19132,2021-04,0,0.0
19132,2021-05,0,0.0
19132,2021-06,0,0.0
19132,2021-07,0,0.0
19132,2021-08,0,0.0
19132,2021-09,0,0.0
19132,2021-10,0,0.0
19132,2021-11,0,0.0
19132,2021-12,0,0.0
19133,2021-01,0,0.0
19133,2021-02,0,0.0
19133,2021-03,0,0.0
19133,2021-04,0,0.0
19133,2021-05,0,0.0
19133,2021-06,0,0.0
19133,2021-07,0,0.0
19133,2021-08,0,0.0
19133,2021-09,0,0.0
19133,2021-10,0,0.0
19133,2021-11,0,0.0
19133,2021-12,0,0.0
19134,2021-01,0,0.0
19134,2021-02,0,0.0
19134,2021-03,0,0.0
19134,2021-04,0,0.0
19134,2021-05,0,0.0
19134,2021-06,0,0.0
19134,2021-07,0,0.0
19134,2021-08,0,0.0
19134,2021-09,0,0.0
19134,2021-10,0,0.0
19134,2021-11,0,0.0
19134,2021-12,0,0.0
19135,2021-01,0,0.0
19135,2021-02,0,0.0
19135,2021-03,0,0.0
19135,2021-04,0,0.0
19135,2021-05,0,0.0
19135,2021-06,0,0.0
19135,2021-07,0,0.0
19135,2021-08,0,0.0
19135,2021-09,0,0.0
19135,2021-10,0,0.0
19135,2021-11,0,0.0
19135,2021-12,0,0.0
19136,2021-01,0,0.0
19136,2021-02,0,0.0
19136,2021-03,0,0.0
19136,2021-04,0,0.0
19136,2021-05,0,0.0
19136,2021-06,0,0.0
19136,2021-07,0,0.0
19136,2021-08,0,0.0
19136,2021-09,0,0.0
19136,2021-10,0,0.0
19136,2021-11,0,0.0
19136,2021-12,0,0.0
19137,2021-01,0,0.0
19137,2021-02,0,0.0
19137,2021-03,0,0.0
19137,2021-04,0,0.0
19137,2021-05,0,0.0
19137,2021-06,0,0.0
19137,2021-07,0,0.0
19137,2021-08,0,0.0
19137,2021-09,0,0.0
19137,2021-10,0,0.0
19137,2021-11,0,0.0
19137,2021-12,0,0.0
19138,2021-01,0,0.0
19138,2021-02,0,0.0
19138,2021-03,0,0.0
19138,2021-04,0,0.0
19138,2021-05,0,0.0
19138,2021-06,0,0.0
19138,2021-07,0,0.0
19138,2021-08,0,0.0
19138,2021-09,0,0.0
19138,2021-10,0,0.0
19138,2021-11,0,0.0
19138,2021-12,0,0.0
19139,2021-01,0,0.0
19139,2021-02,0,0.0
19139,2021-03,0,0.0
19139,2021-04,0,0.0
19139,2021-05,0,0.0
19139,2021-06,0,0.0
19139,2021-07,0,0.0
19139,2021-08,0,0.0
19139,2021-09,0,0.0
19139,2021-10,0,0.0
19139,2021-11,0,0.0
19139,2021-12,0,0.0
19140,2021-01,0,0.0
19140,2021-02,0,0.0
19140,2021-03,0,0.0
19140,2021-04,0,0.0
19140,2021-05,0,0.0
19140,2021-06,0,0.0
19140,2021-07,0,0.0
19140,2021-08,0,0.0
19140,2021-09,0,0.0
19140,2021-10,0,0.0
19140,2021-11,0,0.0
19140,2021-12,0,0.0
19141,2021-01,0,0.0
19141,2021-02,0,0.0
19141,2021-03,0,0.0
19141,2021-04,0,0.0
19141,2021-05,0,0.0
19141,2021-06,0,0.0
19141,2021-07,0,0.0
19141,2021-08,0,0.0
19141,2021-09,0,0.0
19141,2021-10,0,0.0
19141,2021-11,0,0.0
19141,2021-12,0,0.0
19142,2021-01,0,0.0
19142,2021-02,0,0.0
19142,2021-03,0,0.0
19142,2021-04,0,0.0
19142,2021-05,0,0.0
19142,2021-06,0,0.0
19142,2021-07,0,0.0
19142,2021-08,0,0.0
19142,2021-09,0,0.0
19142,2021-10,0,0.0
19142,2021-11,0,0.0
19142,2021-12,0,0.0
19143,2021-01,0,0.0
19143,2021-02,0,0.0
19143,2021-03,0,0.0
19143,2021-04,0,0.0
19143,2021-05,0,0.0
19143,2021-06,0,0.0
19143,2021-07,0,0.0
19143,2021-08,0,0.0
19143,2021-09,0,0.0
19143,2021-10,0,0.0
19143,2021-11,0,0.0
19143,2021-12,0,0.0
19144,2021-01,0,0.0
19144,2021-02,0,0.0
19144,2021-03,0,0.0
19144,2021-04,0,0.0
19144,2021-05,0,0.0
19144,2021-06,0,0.0
19144,2021-07,0,0.0
19144,2021-08,0,0.0
19144,2021-09,0,0.0
19144,2021-10,0,0.0
19144,2021-11,0,0.0
19144,2021-12,0,0.0
19145,2021-01,0,0.0
19145,2021-02,0,0.0
19145,2021-03,0,0.0
19145,2021-04,0,0.0
19145,2021-05,0,0.0
19145,2021-06,0,0.0
19145,2021-07,0,0.0
19145,2021-08,0,0.0
19145,2021-09,0,0.0
19145,2021-10,0,0.0
19145,2021-11,0,0.0
19145,2021-12,0,0.0
19146,2021-01,0,0.0
19146,2021-02,0,0.0
19146,2021-03,0,0.0
19146,2021-04,0,0.0
19146,2021-05,0,0.0
19146,2021-06,0,0.0
19146,2021-07,0,0.0
19146,2021-08,0,0.0
19146,2021-09,0,0.0
19146,2021-10,0,0.0
19146,2021-11,0,0.0
19146,2021-12,0,0.0
19147,2021-01,0,0.0
19147,2021-02,0,0.0
19147,2021-03,0,0.0
19147,2021-04,0,0.0
19147,2021-05,0,0.0
19147,2021-06,0,0.0
19147,2021-07,0,0.0
19147,2021-08,0,0.0
19147,2021-09,0,0.0
19147,2021-10,0,0.0
19147,2021-11,0,0.0
19147,2021-12,0,0.0
19148,2021-01,0,0.0
19148,2021-02,0,0.0
19148,2021-03,0,0.0
19148,2021-04,0,0.0
19148,2021-05,0,0.0
19148,2021-06,0,0.0
19148,2021-07,0,0.0
19148,2021-08,0,0.0
19148,2021-09,0,0.0
19148,2021-10,0,0.0
19148,2021-11,0,0.0
19148,2021-12,0,0.0
19149,2021-01,0,0.0
19149,2021-02,0,0.0
19149,2021-03,0,0.0
19149,2021-04,0,0.0
19149,2021-05,0,0.0
19149,2021-06,0,0.0
19149,2021-07,0,0.0
19149,2021-08,0,0.0
19149,2021-09,0,0.0
19149,2021-10,0,0.0
19149,2021-11,0,0.0
19149,2021-12,0,0.0
19150,2021-01,0,0.0
19150,2021-02,0,0.0
19150,2021-03,0,0.0
19150,2021-04,0,0.0
19150,2021-05,0,0.0
19150,2021-06,0,0.0
19150,2021-07,0,0.0
19150,2021-08,0,0.0
19150,2021-09,0,0.0
19150,2021-10,0,0.0
19150,2021-11,0,0.0
19150,2021-12,0,0.0
19151,2021-01,0,0.0
19151,2021-02,0,0.0
19151,2021-03,0,0.0
19151,2021-04,0,0.0
19151,2021-05,0,0.0
19151,2021-06,0,0.0
19151,2021-07,0,0.0
19151,2021-08,0,0.0
19151,2021-09,0,0.0
19151,2021-10,0,0.0
19151,2021-11,0,0.0
19151,2021-12,0,0.0
19152,2021-01,0,0.0
19152,2021-02,0,0.0
19152,2021-03,0,0.0
19152,2021-04,0,0.0
19152,2021-05,0,0.0
19152,2021-06,0,0.0
19152,2021-07,0,0.0
19152,2021-08,0,0.0
19152,2021-09,0,0.0
19152,2021-10,0,0.0
19152,2021-11,0,0.0
19152,2021-12,0,0.0
19153,2021-01,0,0.0
19153,2021-02,0,0.0
19153,2021-03,0,0.0
19153,2021-04,0,0.0
19153,2021-05,0,0.0
19153,2021-06,0,0.0
19153,2021-07,0,0.0
19153,2021-08,0,0.0
19153,2021-09,0,0.0
19153,2021-10,0,0.0
19153,2021-11,0,0.0
19153,2021-12,0,0.0
19154,2021-01,0,0.0
19154,2021-02,0,0.0
19154,2021-03,0,0.0
19154,2021-04,0,0.0
19154,2021-05,0,0.0
19154,2021-06,0,0.0
19154,2021-07,0,0.0
19154,2021-08,0,0.0
19154,2021-09,0,0.0
19154,2021-10,0,0.0
19154,2021-11,0,0.0
19154,2021-12,0,0.0
15050,2021-01,0,0.0
15050,2021-02,0,0.0
15050,2021-03,0,0.0
15050,2021-04,0,0.0
15050,2021-05,0,0.0
15050,2021-06,0,0.0
15050,2021-07,0,0.0
15050,2021-08,0,0.0
15050,2021-09,0,0.0
15050,2021-10,0,0.0
15050,2021-11,0,0.0
15050,2021-12,0,0.0
15051,2021-01,0,0.0
15051,2021-02,0,0.0
15051,2021-03,0,0.0
15051,2021-04,0,0.0
15051,2021-05,0,0.0
15051,2021-06,0,0.0
15051,2021-07,0,0.0
15051,2021-08,0,0.0
15051,2021-09,0,0.0
15051,2021-10,0,0.0
15051,2021-11,0,0.0
15051,2021-12,0,0.0
15052,2021-01,0,0.0
15052,2021-02,0,0.0
15052,2021-03,0,0.0
15052,2021-04,0,0.0
15052,2021-05,0,0.0
15052,2021-06,0,0.0
15052,2021-07,0,0.0
15052,2021-08,0,0.0
15052,2021-09,0,0.0
15052,2021-10,0,0.0
15052,2021-11,0,0.0
15052,2021-12,0,0.0
15053,2021-01,0,0.0
15053,2021-02,0,0.0
15053,2021-03,0,0.0
15053,2021-04,0,0.0
15053,2021-05,0,0.0
15053,2021-06,0,0.0
15053,2021-07,0,0.0
15053,2021-08,0,0.0
15053,2021-09,0,0.0
15053,2021-10,0,0.0
15053,2021-11,0,0.0
15053,2021-12,0,0.0
15054,2021-01,0,0.0
15054,2021-02,0,0.0
15054,2021-03,0,0.0
15054,2021-04,0,0.0
15054,2021-05,0,0.0
15054,2021-06,0,0.0
15054,2021-07,0,0.0
15054,2021-08,0,0.0
15054,2021-09,0,0.0
15054,2021-10,0,0.0
15054,2021-11,0,0.0
15054,2021-12,0,0.0
15055,2021-01,0,0.0
15055,2021-02,0,0.0
15055,2021-03,0,0.0
15055,2021-04,0,0.0
15055,2021-05,0,0.0
15055,2021-06,0,0.0
15055,2021-07,0,0.0
15055,2021-08,0,0.0
15055,2021-09,0,0.0
15055,2021-10,0,0.0
15055,2021-11,0,0.0
15055,2021-12,0,0.0
15056,2021-01,0,0.0
15056,2021-02,0,0.0
15056,2021-03,0,0.0
15056,2021-04,0,0.0
15056,2021-05,0,0.0
15056,2021-06,0,0.0
15056,2021-07,0,0.0
15056,2021-08,0,0.0
15056,2021-09,0,0.0
15056,2021-10,0,0.0
15056,2021-11,0,0.0
15056,2021-12,0,0.0
15057,2021-01,0,0.0
15057,2021-02,0,0.0
15057,2021-03,0,0.0
15057,2021-04,0,0.0
15057,2021-05,0,0.0
15057,2021-06,0,0.0
15057,2021-07,0,0.0
15057,2021-08,0,0.0
15057,2021-09,0,0.0
15057,2021-10,0,0.0
15057,2021-11,0,0.0
15057,2021-12,0,0.0
15059,2021-01,0,0.0
15059,2021-02,0,0.0
15059,2021-03,0,0.0
15059,2021-04,0,0.0
15059,2021-05,0,0.0
15059,2021-06,0,0.0
15059,2021-07,0,0.0
15059,2021-08,0,0.0
15059,2021-09,0,0.0
15059,2021-10,0,0.0
15059,2021-11,0,0.0
15059,2021-12,0,0.0
15060,2021-01,0,0.0
15060,2021-02,0,0.0
15060,2021-03,0,0.0
15060,2021-04,0,0.0
15060,2021-05,0,0.0
15060,2021-06,0,0.0
15060,2021-07,0,0.0
15060,2021-08,0,0.0
15060,2021-09,0,0.0
15060,2021-10,0,0.0
15060,2021-11,0,0.0
15060,2021-12,0,0.0
15061,2021-01,0,0.0
15061,2021-02,0,0.0
15061,2021-03,0,0.0
15061,2021-04,0,0.0
15061,2021-05,0,0.0
15061,2021-06,0,0.0
15061,2021-07,0,0.0
15061,2021-08,0,0.0
15061,2021-09,0,0.0
15061,2021-10,0,0.0
15061,2021-11,0,0.0
15061,2021-12,0,0.0
15062,2021-01,0,0.0
15062,2021-02,0,0.0
15062,2021-03,0,0.0
15062,2021-04,0,0.0
15062,2021-05,0,0.0
15062,2021-06,0,0.0
15062,2021-07,0,0.0
15062,2021-08,0,0.0
15062,2021-09,0,0.0
15062,2021-10,0,0.0
15062,2021-11,0,0.0
15062,2021-12,0,0.0
15063,2021-01,0,0.0
15063,2021-02,0,0.0
15063,2021-03,0,0.0
15063,2021-04,0,0.0
15063,2021-05,0,0.0
15063,2021-06,0,0.0
15063,2021-07,0,0.0
15063,2021-08,0,0.0
15063,2021-09,0,0.0
15063,2021-10,0,0.0
15063,2021-11,0,0.0
15063,2021-12,0,0.0
15064,2021-01,0,0.0
15064,2021-02,0,0.0
15064,2021-03,0,0.0
15064,2021-04,0,0.0
15064,2021-05,0,0.0
15064,2021-06,0,0.0
15064,2021-07,0,0.0
15064,2021-08,0,0.0
15064,2021-09,0,0.0
15064,2021-10,0,0.0
15064,2021-11,0,0.0
15064,2021-12,0,0.0
15065,2021-01,0,0.0
15065,2021-02,0,0.0
15065,2021-03,0,0.0
15065,2021-04,0,0.0
15065,2021-05,0,0.0
15065,2021-06,0,0.0
15065,2021-07,0,0.0
15065,2021-08,0,0.0
15065,2021-09,0,0.0
15065,2021-10,0,0.0
15065,2021-11,0,0.0
15065,2021-12,0,0.0
15066,2021-01,0,0.0
15066,2021-02,0,0.0
15066,2021-03,0,0.0
15066,2021-04,0,0.0
15066,2021-05,0,0.0
15066,2021-06,0,0.0
15066,2021-07,0,0.0
15066,2021-08,0,0.0
15066,2021-09,0,0.0
15066,2021-10,0,0.0
15066,2021-11,0,0.0
15066,2021-12,0,0.0
15067,2021-01,0,0.0
15067,2021-02,0,0.0
15067,2021-03,0,0.0
15067,2021-04,0,0.0
15067,2021-05,0,0.0
15067,2021-06,0,0.0
15067,2021-07,0,0.0
15067,2021-08,0,0.0
15067,2021-09,0,0.0
15067,2021-10,0,0.0
15067,2021-11,0,0.0
15067,2021-12,0,0.0
15068,2021-01,0,0.0
15068,2021-02,0,0.0
15068,2021-03,0,0.0
15068,2021-04,0,0.0
15068,2021-05,0,0.0
15068,2021-06,0,0.0
15068,2021-07,0,0.0
15068,2021-08,0,0.0
15068,2021-09,0,0.0
15068,2021-10,0,0.0
15068,2021-11,0,0.0
15068,2021-12,0,0.0
15071,2021-01,0,0.0
15071,2021-02,0,0.0
15071,2021-03,0,0.0
15071,2021-04,0,0.0
15071,2021-05,0,0.0
15071,2021-06,0,0.0
15071,2021-07,0,0.0
15071,2021-08,0,0.0
15071,2021-09,0,0.0
15071,2021-10,0,0.0
15071,2021-11,0,0.0
15071,2021-12,0,0.0
15072,2021-01,0,0.0
15072,2021-02,0,0.0
15072,2021-03,0,0.0
15072,2021-04,0,0.0
15072,2021-05,0,0.0
15072,2021-06,0,0.0
15072,2021-07,0,0.0
15072,2021-08,0,0.0
15072,2021-09,0,0.0
15072,2021-10,0,0.0
15072,2021-11,0,0.0
15072,2021-12,0,0.0
15074,2021-01,0,0.0
15074,2021-02,0,0.0
15074,2021-03,0,0.0
15074,2021-04,0,0.0
15074,2021-05,0,0.0
15074,2021-06,0,0.0
15074,2021-07,0,0.0
15074,2021-08,0,0.0
15074,2021-09,0,0.0
15074,2021-10,0,0.0
15074,2021-11,0,0.0
15074,2021-12,0,0.0
15075,2021-01,0,0.0
15075,2021-02,0,0.0
15075,2021-03,0,0.0
15075,2021-04,0,0.0
15075,2021-05,0,0.0
15075,2021-06,0,0.0
15075,2021-07,0,0.0
15075,2021-08,0,0.0
15075,2021-09,0,0.0
15075,2021-10,0,0.0
15075,2021-11,0,0.0
15075,2021-12,0,0.0
15076,2021-01,0,0.0
15076,2021-02,0,0.0
15076,2021-03,0,0.0
15076,2021-04,0,0.0
15076,2021-05,0,0.0
15076,2021-06,0,0.0
15076,2021-07,0,0.0
15076,2021-08,0,0.0
15076,2021-09,0,0.0
15076,2021-10,0,0.0
15076,2021-11,0,0.0
15076,2021-12,0,0.0
15077,2021-01,0,0.0
15077,2021-02,0,0.0
15077,2021-03,0,0.0
15077,2021-04,0,0.0
15077,2021-05,0,0.0
15077,2021-06,0,0.0
15077,2021-07,0,0.0
15077,2021-08,0,0.0
15077,2021-09,0,0.0
15077,2021-10,0,0.0
15077,2021-11,0,0.0
15077,2021-12,0,0.0
15078,2021-01,0,0.0
15078,2021-02,0,0.0
15078,2021-03,0,0.0
15078,2021-04,0,0.0
15078,2021-05,0,0.0
15078,2021-06,0,0.0
15078,2021-07,0,0.0
15078,2021-08,0,0.0
15078,2021-09,0,0.0
15078,2021-10,0,0.0
15078,2021-11,0,0.0
15078,2021-12,0,0.0
15081,2021-01,0,0.0
15081,2021-02,0,0.0
15081,2021-03,0,0.0
15081,2021-04,0,0.0
15081,2021-05,0,0.0
15081,2021-06,0,0.0
15081,2021-07,0,0.0
15081,2021-08,0,0.0
15081,2021-09,0,0.0
15081,2021-10,0,0.0
15081,2021-11,0,0.0
15081,2021-12,0,0.0
15082,2021-01,0,0.0
15082,2021-02,0,0.0
15082,2021-03,0,0.0
15082,2021-04,0,0.0
15082,2021-05,0,0.0
15082,2021-06,0,0.0
15082,2021-07,0,0.0
15082,2021-08,0,0.0
15082,2021-09,0,0.0
15082,2021-10,0,0.0
15082,2021-11,0,0.0
15082,2021-12,0,0.0
15083,2021-01,0,0.0
15083,2021-02,0,0.0
15083,2021-03,0,0.0
15083,2021-04,0,0.0
15083,2021-05,0,0.0
15083,2021-06,0,0.0
15083,2021-07,0,0.0
15083,2021-08,0,0.0
15083,2021-09,0,0.0
15083,2021-10,0,0.0
15083,2021-11,0,0.0
15083,2021-12,0,0.0
15084,2021-01,0,0.0
15084,2021-02,0,0.0
15084,2021-03,0,0.0
15084,2021-04,0,0.0
15084,2021-05,0,0.0
15084,2021-06,0,0.0
15084,2021-07,0,0.0
15084,2021-08,0,0.0
15084,2021-09,0,0.0
15084,2021-10,0,0.0
15084,2021-11,0,0.0
15084,2021-12,0,0.0
15085,2021-01,0,0.0
15085,2021-02,0,0.0
15085,2021-03,0,0.0
15085,2021-04,0,0.0
15085,2021-05,0,0.0
15085,2021-06,0,0.0
15085,2021-07,0,0.0
15085,2021-08,0,0.0
15085,2021-09,0,0.0
15085,2021-10,0,0.0
15085,2021-11,0,0.0
15085,2021-12,0,0.0
15086,2021-01,0,0.0
15086,2021-02,0,0.0
15086,2021-03,0,0.0
15086,2021-04,0,0.0
15086,2021-05,0,0.0
15086,2021-06,0,0.0
15086,2021-07,0,0.0
15086,2021-08,0,0.0
15086,2021-09,0,0.0
15086,2021-10,0,0.0
15086,2021-11,0,0.0
15086,2021-12,0,0.0
15087,2021-01,0,0.0
15087,2021-02,0,0.0
15087,2021-03,0,0.0
15087,2021-04,0,0.0
15087,2021-05,0,0.0
15087,2021-06,0,0.0
15087,2021-07,0,0.0
15087,2021-08,0,0.0
15087,2021-09,0,0.0
15087,2021-10,0,0.0
15087,2021-11,0,0.0
15087,2021-12,0,0.0
15088,2021-01,0,0.0
15088,2021-02,0,0.0
15088,2021-03,0,0.0
15088,2021-04,0,0.0
15088,2021-05,0,0.0
15088,2021-06,0,0.0
15088,2021-07,0,0.0
15088,2021-08,0,0.0
15088,2021-09,0,0.0
15088,2021-10,0,0.0
15088,2021-11,0,0.0
15088,2021-12,0,0.0
15089,2021-01,0,0.0
15089,2021-02,0,0.0
15089,2021-03,0,0.0
15089,2021-04,0,0.0
15089,2021-05,0,0.0
15089,2021-06,0,0.0
15089,2021-07,0,0.0
15089,2021-08,0,0.0
15089,2021-09,0,0.0
15089,2021-10,0,0.0
15089,2021-11,0,0.0
15089,2021-12,0,0.0
15101,2021-01,0,0.0
15101,2021-02,0,0.0
15101,2021-03,0,0.0
15101,2021-04,0,0.0
15101,2021-05,0,0.0
15101,2021-06,0,0.0
15101,2021-07,0,0.0
15101,2021-08,0,0.0
15101,2021-09,0,0.0
15101,2021-10,0,0.0
15101,2021-11,0,0.0
15101,2021-12,0,0.0
15102,2021-01,0,0.0
15102,2021-02,0,0.0
15102,2021-03,0,0.0
15102,2021-04,0,0.0
15102,2021-05,0,0.0
15102,2021-06,0,0.0
15102,2021-07,0,0.0
15102,2021-08,0,0.0
15102,2021-09,0,0.0
15102,2021-10,0,0.0
15102,2021-11,0,0.0
15102,2021-12,0,0.0
15104,2021-01,0,0.0
15104,2021-02,0,0.0
15104,2021-03,0,0.0
15104,2021-04,0,0.0
15104,2021-05,0,0.0
15104,2021-06,0,0.0
15104,2021-07,0,0.0
15104,2021-08,0,0.0
15104,2021-09,0,0.0
15104,2021-10,0,0.0
15104,2021-11,0,0.0
15104,2021-12,0,0.0
15106,2021-01,0,0.0
15106,2021-02,0,0.0
15106,2021-03,0,0.0
15106,2021-04,0,0.0
15106,2021-05,0,0.0
15106,2021-06,0,0.0
15106,2021-07,0,0.0
15106,2021-08,0,0.0
15106,2021-09,0,0.0
15106,2021-10,0,0.0
15106,2021-11,0,0.0
15106,2021-12,0,0.0
15108,2021-01,0,0.0
15108,2021-02,0,0.0
15108,2021-03,0,0.0
15108,2021-04,0,0.0
15108,2021-05,0,0.0
15108,2021-06,0,0.0
15108,2021-07,0,0.0
15108,2021-08,0,0.0
15108,2021-09,0,0.0
15108,2021-10,0,0.0
15108,2021-11,0,0.0
15108,2021-12,0,0.0
15110,2021-01,0,0.0
15110,2021-02,0,0.0
15110,2021-03,0,0.0
15110,2021-04,0,0.0
15110,2021-05,0,0.0
15110,2021-06,0,0.0
15110,2021-07,0,0.0
15110,2021-08,0,0.0
15110,2021-09,0,0.0
15110,2021-10,0,0.0
15110,2021-11,0,0.0
15110,2021-12,0,0.0
15112,2021-01,0,0.0
15112,2021-02,0,0.0
15112,2021-03,0,0.0
15112,2021-04,0,0.0
15112,2021-05,0,0.0
15112,2021-06,0,0.0
15112,2021-07,0,0.0
15112,2021-08,0,0.0
15112,2021-09,0,0.0
15112,2021-10,0,0.0
15112,2021-11,0,0.0
15112,2021-12,0,0.0
15116,2021-01,0,0.0
15116,2021-02,0,0.0
15116,2021-03,0,0.0
15116,2021-04,0,0.0
15116,2021-05,0,0.0
15116,2021-06,0,0.0
15116,2021-07,0,0.0
15116,2021-08,0,0.0
15116,2021-09,0,0.0
15116,2021-10,0,0.0
15116,2021-11,0,0.0
15116,2021-12,0,0.0
15120,2021-01,0,0.0
15120,2021-02,0,0.0
15120,2021-03,0,0.0
15120,2021-04,0,0.0
15120,2021-05,0,0.0
15120,2021-06,0,0.0
15120,2021-07,0,0.0
15120,2021-08,0,0.0
15120,2021-09,0,0.0
15120,2021-10,0,0.0
15120,2021-11,0,0.0
15120,2021-12,0,0.0
15122,2021-01,0,0.0
15122,2021-02,0,0.0
15122,2021-03,0,0.0
15122,2021-04,0,0.0
15122,2021-05,0,0.0
15122,2021-06,0,0.0
15122,2021-07,0,0.0
15122,2021-08,0,0.0
15122,2021-09,0,0.0
15122,2021-10,0,0.0
15122,2021-11,0,0.0
15122,2021-12,0,0.0
15123,2021-01,0,0.0
15123,2021-02,0,0.0
15123,2021-03,0,0.0
15123,2021-04,0,0.0
15123,2021-05,0,0.0
15123,2021-06,0,0.0
15123,2021-07,0,0.0
15123,2021-08,0,0.0
15123,2021-09,0,0.0
15123,2021-10,0,0.0
15123,2021-11,0,0.0
15123,2021-12,0,0.0
15126,2021-01,0,0.0
15126,2021-02,0,0.0
15126,2021-03,0,0.0
15126,2021-04,0,0.0
15126,2021-05,0,0.0
15126,2021-06,0,0.0
15126,2021-07,0,0.0
15126,2021-08,0,0.0
15126,2021-09,0,0.0
15126,2021-10,0,0.0
15126,2021-11,0,0.0
15126,2021-12,0,0.0
15129,2021-01,0,0.0
15129,2021-02,0,0.0
15129,2021-03,0,0.0
15129,2021-04,0,0.0
15129,2021-05,0,0.0
15129,2021-06,0,0.0
15129,2021-07,0,0.0
15129,2021-08,0,0.0
15129,2021-09,0,0.0
15129,2021-10,0,0.0
15129,2021-11,0,0.0
15129,2021-12,0,0.0
15131,2021-01,0,0.0
15131,2021-02,0,0.0
15131,2021-03,0,0.0
15131,2021-04,0,0.0
15131,2021-05,0,0.0
15131,2021-06,0,0.0
15131,2021-07,0,0.0
15131,2021-08,0,0.0
15131,2021-09,0,0.0
15131,2021-10,0,0.0
15131,2021-11,0,0.0
15131,2021-12,0,0.0
15132,2021-01,0,0.0
15132,2021-02,0,0.0
15132,2021-03,0,0.0
15132,2021-04,0,0.0
15132,2021-05,0,0.0
15132,2021-06,0,0.0
15132,2021-07,0,0.0
15132,2021-08,0,0.0
15132,2021-09,0,0.0
15132,2021-10,0,0.0
15132,2021-11,0,0.0
15132,2021-12,0,0.0
15133,2021-01,0,0.0
15133,2021-02,0,0.0
15133,2021-03,0,0.0
15133,2021-04,0,0.0
15133,2021-05,0,0.0
15133,2021-06,0,0.0
15133,2021-07,0,0.0
15133,2021-08,0,0.0
15133,2021-09,0,0.0
15133,2021-10,0,0.0
15133,2021-11,0,0.0
15133,2021-12,0,0.0
15135,2021-01,0,0.0
15135,2021-02,0,0.0
15135,2021-03,0,0.0
15135,2021-04,0,0.0
15135,2021-05,0,0.0
15135,2021-06,0,0.0
15135,2021-07,0,0.0
15135,2021-08,0,0.0
15135,2021-09,0,0.0
15135,2021-10,0,0.0
15135,2021-11,0,0.0
15135,2021-12,0,0.0
15137,2021-01,0,0.0
15137,2021-02,0,0.0
15137,2021-03,0,0.0
15137,2021-04,0,0.0
15137,2021-05,0,0.0
15137,2021-06,0,0.0
15137,2021-07,0,0.0
15137,2021-08,0,0.0
15137,2021-09,0,0.0
15137,2021-10,0,0.0
15137,2021-11,0,0.0
15137,2021-12,0,0.0
15139,2021-01,0,0.0
15139,2021-02,0,0.0
15139,2021-03,0,0.0
15139,2021-04,0,0.0
15139,2021-05,0,0.0
15139,2021-06,0,0.0
15139,2021-07,0,0.0
15139,2021-08,0,0.0
15139,2021-09,0,0.0
15139,2021-10,0,0.0
15139,2021-11,0,0.0
15139,2021-12,0,0.0
15140,2021-01,0,0.0
15140,2021-02,0,0.0
15140,2021-03,0,0.0
15140,2021-04,0,0.0
15140,2021-05,0,0.0
15140,2021-06,0,0.0
15140,2021-07,0,0.0
15140,2021-08,0,0.0
15140,2021-09,0,0.0
15140,2021-10,0,0.0
15140,2021-11,0,0.0
15140,2021-12,0,0.0
15142,2021-01,0,0.0
15142,2021-02,0,0.0
15142,2021-03,0,0.0
15142,2021-04,0,0.0
15142,2021-05,0,0.0
15142,2021-06,0,0.0
15142,2021-07,0,0.0
15142,2021-08,0,0.0
15142,2021-09,0,0.0
15142,2021-10,0,0.0
15142,2021-11,0,0.0
15142,2021-12,0,0.0
15143,2021-01,0,0.0
15143,2021-02,0,0.0
15143,2021-03,0,0.0
15143,2021-04,0,0.0
15143,2021-05,0,0.0
15143,2021-06,0,0.0
15143,2021-07,0,0.0
15143,2021-08,0,0.0
15143,2021-09,0,0.0
15143,2021-10,0,0.0
15143,2021-11,0,0.0
15143,2021-12,0,0.0
15144,2021-01,0,0.0
15144,2021-02,0,0.0
15144,2021-03,0,0.0
15144,2021-04,0,0.0
15144,2021-05,0,0.0
15144,2021-06,0,0.0
15144,2021-07,0,0.0
15144,2021-08,0,0.0
15144,2021-09,0,0.0
15144,2021-10,0,0.0
15144,2021-11,0,0.0
15144,2021-12,0,0.0
15145,2021-01,0,0.0
15145,2021-02,0,0.0
15145,2021-03,0,0.0
15145,2021-04,0,0.0
15145,2021-05,0,0.0
15145,2021-06,0,0.0
15145,2021-07,0,0.0
15145,2021-08,0,0.0
15145,2021-09,0,0.0
15145,2021-10,0,0.0
15145,2021-11,0,0.0
15145,2021-12,0,0.0
15146,2021-01,0,0.0
15146,2021-02,0,0.0
15146,2021-03,0,0.0
15146,2021-04,0,0.0
15146,2021-05,0,0.0
15146,2021-06,0,0.0
15146,2021-07,0,0.0
15146,2021-08,0,0.0
15146,2021-09,0,0.0
15146,2021-10,0,0.0
15146,2021-11,0,0.0
15146,2021-12,0,0.0
15148,2021-01,0,0.0
15148,2021-02,0,0.0
15148,2021-03,0,0.0
15148,2021-04,0,0.0
15148,2021-05,0,0.0
15148,2021-06,0,0.0
15148,2021-07,0,0.0
15148,2021-08,0,0.0
15148,2021-09,0,0.0
15148,2021-10,0,0.0
15148,2021-11,0,0.0
15148,2021-12,0,0.0
15201,2021-01,0,0.0
15201,2021-02,0,0.0
15201,2021-03,0,0.0
15201,2021-04,0,0.0
15201,2021-05,0,0.0
15201,2021-06,0,0.0
15201,2021-07,0,0.0
15201,2021-08,0,0.0
15201,2021-09,0,0.0
15201,2021-10,0,0.0
15201,2021-11,0,0.0
15201,2021-12,0,0.0
15202,2021-01,0,0.0
15202,2021-02,0,0.0
15202,2021-03,0,0.0
15202,2021-04,0,0.0
15202,2021-05,0,0.0
15202,2021-06,0,0.0
15202,2021-07,0,0.0
15202,2021-08,0,0.0
15202,2021-09,0,0.0
15202,2021-10,0,0.0
15202,2021-11,0,0.0
15202,2021-12,0,0.0
15203,2021-01,0,0.0
15203,2021-02,0,0.0
15203,2021-03,0,0.0
15203,2021-04,0,0.0
15203,2021-05,0,0.0
15203,2021-06,0,0.0
15203,2021-07,0,0.0
15203,2021-08,0,0.0
15203,2021-09,0,0.0
15203,2021-10,0,0.0
15203,2021-11,0,0.0
15203,2021-12,0,0.0
15204,2021-01,0,0.0
15204,2021-02,0,0.0
15204,2021-03,0,0.0
15204,2021-04,0,0.0
15204,2021-05,0,0.0
15204,2021-06,0,0.0
15204,2021-07,0,0.0
15204,2021-08,0,0.0
15204,2021-09,0,0.0
15204,2021-10,0,0.0
15204,2021-11,0,0.0
15204,2021-12,0,0.0
19301,2021-01,0,0.0
19301,2021-02,0,0.0
19301,2021-03,0,0.0
19301,2021-04,0,0.0
19301,2021-05,0,0.0
19301,2021-06,0,0.0
19301,2021-07,0,0.0
19301,2021-08,0,0.0
19301,2021-09,0,0.0
19301,2021-10,0,0.0
19301,2021-11,0,0.0
19301,2021-12,0,0.0
15206,2021-01,0,0.0
15206,2021-02,0,0.0
15206,2021-03,0,0.0
15206,2021-04,0,0.0
15206,2021-05,0,0.0
15206,2021-06,0,0.0
15206,2021-07,0,0.0
15206,2021-08,0,0.0
15206,2021-09,0,0.0
15206,2021-10,0,0.0
15206,2021-11,0,0.0
15206,2021-12,0,0.0
15207,2021-01,0,0.0
15207,2021-02,0,0.0
15207,2021-03,0,0.0
15207,2021-04,0,0.0
15207,2021-05,0,0.0
15207,2021-06,0,0.0
15207,2021-07,0,0.0
15207,2021-08,0,0.0
15207,2021-09,0,0.0
15207,2021-10,0,0.0
15207,2021-11,0,0.0
15207,2021-12,0,0.0
15208,2021-01,0,0.0
15208,2021-02,0,0.0
15208,2021-03,0,0.0
15208,2021-04,0,0.0
15208,2021-05,0,0.0
15208,2021-06,0,0.0
15208,2021-07,0,0.0
15208,2021-08,0,0.0
15208,2021-09,0,0.0
15208,2021-10,0,0.0
15208,2021-11,0,0.0
15208,2021-12,0,0.0
15209,2021-01,0,0.0
15209,2021-02,0,0.0
15209,2021-03,0,0.0
15209,2021-04,0,0.0
15209,2021-05,0,0.0
15209,2021-06,0,0.0
15209,2021-07,0,0.0
15209,2021-08,0,0.0
15209,2021-09,0,0.0
15209,2021-10,0,0.0
15209,2021-11,0,0.0
15209,2021-12,0,0.0
15210,2021-01,0,0.0
15210,2021-02,0,0.0
15210,2021-03,0,0.0
15210,2021-04,0,0.0
15210,2021-05,0,0.0
15210,2021-06,0,0.0
15210,2021-07,0,0.0
15210,2021-08,0,0.0
15210,2021-09,0,0.0
15210,2021-10,0,0.0
15210,2021-11,0,0.0
15210,2021-12,0,0.0
15211,2021-01,0,0.0
15211,2021-02,0,0.0
15211,2021-03,0,0.0
15211,2021-04,0,0.0
15211,2021-05,0,0.0
15211,2021-06,0,0.0
15211,2021-07,0,0.0
15211,2021-08,0,0.0
15211,2021-09,0,0.0
15211,2021-10,0,0.0
15211,2021-11,0,0.0
15211,2021-12,0,0.0
15212,2021-01,0,0.0
15212,2021-02,0,0.0
15212,2021-03,0,0.0
15212,2021-04,0,0.0
15212,2021-05,0,0.0
15212,2021-06,0,0.0
15212,2021-07,0,0.0
15212,2021-08,0,0.0
15212,2021-09,0,0.0
15212,2021-10,0,0.0
15212,2021-11,0,0.0
15212,2021-12,0,0.0
19310,2021-01,0,0.0
19310,2021-02,0,0.0
19310,2021-03,0,0.0
19310,2021-04,0,0.0
19310,2021-05,0,0.0
19310,2021-06,0,0.0
19310,2021-07,0,0.0
19310,2021-08,0,0.0
19310,2021-09,0,0.0
19310,2021-10,0,0.0
19310,2021-11,0,0.0
19310,2021-12,0,0.0
19311,2021-01,0,0.0
19311,2021-02,0,0.0
19311,2021-03,0,0.0
19311,2021-04,0,0.0
19311,2021-05,0,0.0
19311,2021-06,0,0.0
19311,2021-07,0,0.0
19311,2021-08,0,0.0
19311,2021-09,0,0.0
19311,2021-10,0,0.0
19311,2021-11,0,0.0
19311,2021-12,0,0.0
19312,2021-01,0,0.0
19312,2021-02,0,0.0
19312,2021-03,0,0.0
19312,2021-04,0,0.0
19312,2021-05,0,0.0
19312,2021-06,0,0.0
19312,2021-07,0,0.0
19312,2021-08,0,0.0
19312,2021-09,0,0.0
19312,2021-10,0,0.0
19312,2021-11,0,0.0
19312,2021-12,0,0.0
15213,2021-01,0,0.0
15213,2021-02,0,0.0
15213,2021-03,0,0.0
15213,2021-04,0,0.0
15213,2021-05,0,0.0
15213,2021-06,0,0.0
15213,2021-07,0,0.0
15213,2021-08,0,0.0
15213,2021-09,0,0.0
15213,2021-10,0,0.0
15213,2021-11,0,0.0
15213,2021-12,0,0.0
15214,2021-01,0,0.0
15214,2021-02,0,0.0
15214,2021-03,0,0.0
15214,2021-04,0,0.0
15214,2021-05,0,0.0
15214,2021-06,0,0.0
15214,2021-07,0,0.0
15214,2021-08,0,0.0
15214,2021-09,0,0.0
15214,2021-10,0,0.0
15214,2021-11,0,0.0
15214,2021-12,0,0.0
15215,2021-01,0,0.0
15215,2021-02,0,0.0
15215,2021-03,0,0.0
15215,2021-04,0,0.0
15215,2021-05,0,0.0
15215,2021-06,0,0.0
15215,2021-07,0,0.0
15215,2021-08,0,0.0
15215,2021-09,0,0.0
15215,2021-10,0,0.0
15215,2021-11,0,0.0
15215,2021-12,0,0.0
19316,2021-01,0,0.0
19316,2021-02,0,0.0
19316,2021-03,0,0.0
19316,2021-04,0,0.0
19316,2021-05,0,0.0
19316,2021-06,0,0.0
19316,2021-07,0,0.0
19316,2021-08,0,0.0
19316,2021-09,0,0.0
19316,2021-10,0,0.0
19316,2021-11,0,0.0
19316,2021-12,0,0.0
19317,2021-01,0,0.0
19317,2021-02,0,0.0
19317,2021-03,0,0.0
19317,2021-04,0,0.0
19317,2021-05,0,0.0
19317,2021-06,0,0.0
19317,2021-07,0,0.0
19317,2021-08,0,0.0
19317,2021-09,0,0.0
19317,2021-10,0,0.0
19317,2021-11,0,0.0
19317,2021-12,0,0.0
15216,2021-01,0,0.0
15216,2021-02,0,0.0
15216,2021-03,0,0.0
15216,2021-04,0,0.0
15216,2021-05,0,0.0
15216,2021-06,0,0.0
15216,2021-07,0,0.0
15216,2021-08,0,0.0
15216,2021-09,0,0.0
15216,2021-10,0,0.0
15216,2021-11,0,0.0
15216,2021-12,0,0.0
19319,2021-01,0,0.0
19319,2021-02,0,0.0
19319,2021-03,0,0.0
19319,2021-04,0,0.0
19319,2021-05,0,0.0
19319,2021-06,0,0.0
19319,2021-07,0,0.0
19319,2021-08,0,0.0
19319,2021-09,0,0.0
19319,2021-10,0,0.0
19319,2021-11,0,0.0
19319,2021-12,0,0.0
19320,2021-01,0,0.0
19320,2021-02,0,0.0
19320,2021-03,0,0.0
19320,2021-04,0,0.0
19320,2021-05,0,0.0
19320,2021-06,0,0.0
19320,2021-07,0,0.0
19320,2021-08,0,0.0
19320,2021-09,0,0.0
19320,2021-10,0,0.0
19320,2021-11,0,0.0
19320,2021-12,0,0.0
15217,2021-01,0,0.0
15217,2021-02,0,0.0
15217,2021-03,0,0.0
15217,2021-04,0,0.0
15217,2021-05,0,0.0
15217,2021-06,0,0.0
15217,2021-07,0,0.0
15217,2021-08,0,0.0
15217,2021-09,0,0.0
15217,2021-10,0,0.0
15217,2021-11,0,0.0
15217,2021-12,0,0.0
15218,2021-01,0,0.0
15218,2021-02,0,0.0
15218,2021-03,0,0.0
15218,2021-04,0,0.0
15218,2021-05,0,0.0
15218,2021-06,0,0.0
15218,2021-07,0,0.0
15218,2021-08,0,0.0
15218,2021-09,0,0.0
15218,2021-10,0,0.0
15218,2021-11,0,0.0
15218,2021-12,0,0.0
15220,2021-01,0,0.0
15220,2021-02,0,0.0
15220,2021-03,0,0.0
15220,2021-04,0,0.0
15220,2021-05,0,0.0
15220,2021-06,0,0.0
15220,2021-07,0,0.0
15220,2021-08,0,0.0
15220,2021-09,0,0.0
15220,2021-10,0,0.0
15220,2021-11,0,0.0
15220,2021-12,0,0.0
15221,2021-01,0,0.0
15221,2021-02,0,0.0
15221,2021-03,0,0.0
15221,2021-04,0,0.0
15221,2021-05,0,0.0
15221,2021-06,0,0.0
15221,2021-07,0,0.0
15221,2021-08,0,0.0
15221,2021-09,0,0.0
15221,2021-10,0,0.0
15221,2021-11,0,0.0
15221,2021-12,0,0.0
15222,2021-01,0,0.0
15222,2021-02,0,0.0
15222,2021-03,0,0.0
15222,2021-04,0,0.0
15222,2021-05,0,0.0
15222,2021-06,0,0.0
15222,2021-07,0,0.0
15222,2021-08,0,0.0
15222,2021-09,0,0.0
15222,2021-10,0,0.0
15222,2021-11,0,0.0
15222,2021-12,0,0.0
15223,2021-01,0,0.0
15223,2021-02,0,0.0
15223,2021-03,0,0.0
15223,2021-04,0,0.0
15223,2021-05,0,0.0
15223,2021-06,0,0.0
15223,2021-07,0,0.0
15223,2021-08,0,0.0
15223,2021-09,0,0.0
15223,2021-10,0,0.0
15223,2021-11,0,0.0
15223,2021-12,0,0.0
15224,2021-01,0,0.0
15224,2021-02,0,0.0
15224,2021-03,0,0.0
15224,2021-04,0,0.0
15224,2021-05,0,0.0
15224,2021-06,0,0.0
15224,2021-07,0,0.0
15224,2021-08,0,0.0
15224,2021-09,0,0.0
15224,2021-10,0,0.0
15224,2021-11,0,0.0
15224,2021-12,0,0.0
15225,2021-01,0,0.0
15225,2021-02,0,0.0
15225,2021-03,0,0.0
15225,2021-04,0,0.0
15225,2021-05,0,0.0
15225,2021-06,0,0.0
15225,2021-07,0,0.0
15225,2021-08,0,0.0
15225,2021-09,0,0.0
15225,2021-10,0,0.0
15225,2021-11,0,0.0
15225,2021-12,0,0.0
19330,2021-01,0,0.0
19330,2021-02,0,0.0
19330,2021-03,0,0.0
19330,2021-04,0,0.0
19330,2021-05,0,0.0
19330,2021-06,0,0.0
19330,2021-07,0,0.0
19330,2021-08,0,0.0
19330,2021-09,0,0.0
19330,2021-10,0,0.0
19330,2021-11,0,0.0
19330,2021-12,0,0.0
15226,2021-01,0,0.0
15226,2021-02,0,0.0
15226,2021-03,0,0.0
15226,2021-04,0,0.0
15226,2021-05,0,0.0
15226,2021-06,0,0.0
15226,2021-07,0,0.0
15226,2021-08,0,0.0
15226,2021-09,0,0.0
15226,2021-10,0,0.0
15226,2021-11,0,0.0
15226,2021-12,0,0.0
15227,2021-01,0,0.0
15227,2021-02,0,0.0
15227,2021-03,0,0.0
15227,2021-04,0,0.0
15227,2021-05,0,0.0
15227,2021-06,0,0.0
15227,2021-07,0,0.0
15227,2021-08,0,0.0
15227,2021-09,0,0.0
15227,2021-10,0,0.0
15227,2021-11,0,0.0
15227,2021-12,0,0.0
19333,2021-01,0,0.0
19333,2021-02,0,0.0
19333,2021-03,0,0.0
19333,2021-04,0,0.0
19333,2021-05,0,0.0
19333,2021-06,0,0.0
19333,2021-07,0,0.0
19333,2021-08,0,0.0
19333,2021-09,0,0.0
19333,2021-10,0,0.0
19333,2021-11,0,0.0
19333,2021-12,0,0.0
15229,2021-01,0,0.0
15229,2021-02,0,0.0
15229,2021-03,0,0.0
15229,2021-04,0,0.0
15229,2021-05,0,0.0
15229,2021-06,0,0.0
15229,2021-07,0,0.0
15229,2021-08,0,0.0
15229,2021-09,0,0.0
15229,2021-10,0,0.0
15229,2021-11,0,0.0
15229,2021-12,0,0.0
15232,2021-01,0,0.0
15232,2021-02,0,0.0
15232,2021-03,0,0.0
15232,2021-04,0,0.0
15232,2021-05,0,0.0
15232,2021-06,0,0.0
15232,2021-07,0,0.0
15232,2021-08,0,0.0
15232,2021-09,0,0.0
15232,2021-10,0,0.0
15232,2021-11,0,0.0
15232,2021-12,0,0.0
15233,2021-01,0,0.0
15233,2021-02,0,0.0
15233,2021-03,0,0.0
15233,2021-04,0,0.0
15233,2021-05,0,0.0
15233,2021-06,0,0.0
15233,2021-07,0,0.0
15233,2021-08,0,0.0
15233,2021-09,0,0.0
15233,2021-10,0,0.0
15233,2021-11,0,0.0
15233,2021-12,0,0.0
15234,2021-01,0,0.0
15234,2021-02,0,0.0
15234,2021-03,0,0.0
15234,2021-04,0,0.0
15234,2021-05,0,0.0
15234,2021-06,0,0.0
15234,2021-07,0,0.0
15234,2021-08,0,0.0
15234,2021-09,0,0.0
15234,2021-10,0,0.0
15234,2021-11,0,0.0
15234,2021-12,0,0.0
15236,2021-01,0,0.0
15236,2021-02,0,0.0
15236,2021-03,0,0.0
15236,2021-04,0,0.0
15236,2021-05,0,0.0
15236,2021-06,0,0.0
15236,2021-07,0,0.0
15236,2021-08,0,0.0
15236,2021-09,0,0.0
15236,2021-10,0,0.0
15236,2021-11,0,0.0
15236,2021-12,0,0.0
19342,2021-01,0,0.0
19342,2021-02,0,0.0
19342,2021-03,0,0.0
19342,2021-04,0,0.0
19342,2021-05,0,0.0
19342,2021-06,0,0.0
19342,2021-07,0,0.0
19342,2021-08,0,0.0
19342,2021-09,0,0.0
19342,2021-10,0,0.0
19342,2021-11,0,0.0
19342,2021-12,0,0.0
19343,2021-01,0,0.0
19343,2021-02,0,0.0
19343,2021-03,0,0.0
19343,2021-04,0,0.0
19343,2021-05,0,0.0
19343,2021-06,0,0.0
19343,2021-07,0,0.0
19343,2021-08,0,0.0
19343,2021-09,0,0.0
19343,2021-10,0,0.0
19343,2021-11,0,0.0
19343,2021-12,0,0.0
19344,2021-01,0,0.0
19344,2021-02,0,0.0
19344,2021-03,0,0.0
19344,2021-04,0,0.0
19344,2021-05,0,0.0
19344,2021-06,0,0.0
19344,2021-07,0,0.0
19344,2021-08,0,0.0
19344,2021-09,0,0.0
19344,2021-10,0,0.0
19344,2021-11,0,0.0
19344,2021-12,0,0.0
19345,2021-01,0,0.0
19345,2021-02,0,0.0
19345,2021-03,0,0.0
19345,2021-04,0,0.0
19345,2021-05,0,0.0
19345,2021-06,0,0.0
19345,2021-07,0,0.0
19345,2021-08,0,0.0
19345,2021-09,0,0.0
19345,2021-10,0,0.0
19345,2021-11,0,0.0
19345,2021-12,0,0.0
15243,2021-01,0,0.0
15243,2021-02,0,0.0
15243,2021-03,0,0.0
15243,2021-04,0,0.0
15243,2021-05,0,0.0
15243,2021-06,0,0.0
15243,2021-07,0,0.0
15243,2021-08,0,0.0
15243,2021-09,0,0.0
15243,2021-10,0,0.0
15243,2021-11,0,0.0
15243,2021-12,0,0.0
19348,2021-01,0,0.0
19348,2021-02,0,0.0
19348,2021-03,0,0.0
19348,2021-04,0,0.0
19348,2021-05,0,0.0
19348,2021-06,0,0.0
19348,2021-07,0,0.0
19348,2021-08,0,0.0
19348,2021-09,0,0.0
19348,2021-10,0,0.0
19348,2021-11,0,0.0
19348,2021-12,0,0.0
19350,2021-01,0,0.0
19350,2021-02,0,0.0
19350,2021-03,0,0.0
19350,2021-04,0,0.0
19350,2021-05,0,0.0
19350,2021-06,0,0.0
19350,2021-07,0,0.0
19350,2021-08,0,0.0
19350,2021-09,0,0.0
19350,2021-10,0,0.0
19350,2021-11,0,0.0
19350,2021-12,0,0.0
19352,2021-01,0,0.0
19352,2021-02,0,0.0
19352,2021-03,0,0.0
19352,2021-04,0,0.0
19352,2021-05,0,0.0
19352,2021-06,0,0.0
19352,2021-07,0,0.0
19352,2021-08,0,0.0
19352,2021-09,0,0.0
19352,2021-10,0,0.0
19352,2021-11,0,0.0
19352,2021-12,0,0.0
15260,2021-01,0,0.0
15260,2021-02,0,0.0
15260,2021-03,0,0.0
15260,2021-04,0,0.0
15260,2021-05,0,0.0
15260,2021-06,0,0.0
15260,2021-07,0,0.0
15260,2021-08,0,0.0
15260,2021-09,0,0.0
15260,2021-10,0,0.0
15260,2021-11,0,0.0
15260,2021-12,0,0.0
19358,2021-01,0,0.0
19358,2021-02,0,0.0
19358,2021-03,0,0.0
19358,2021-04,0,0.0
19358,2021-05,0,0.0
19358,2021-06,0,0.0
19358,2021-07,0,0.0
19358,2021-08,0,0.0
19358,2021-09,0,0.0
19358,2021-10,0,0.0
19358,2021-11,0,0.0
19358,2021-12,0,0.0
19362,2021-01,0,0.0
19362,2021-02,0,0.0
19362,2021-03,0,0.0
19362,2021-04,0,0.0
19362,2021-05,0,0.0
19362,2021-06,0,0.0
19362,2021-07,0,0.0
19362,2021-08,0,0.0
19362,2021-09,0,0.0
19362,2021-10,0,0.0
19362,2021-11,0,0.0
19362,2021-12,0,0.0
19363,2021-01,0,0.0
19363,2021-02,0,0.0
19363,2021-03,0,0.0
19363,2021-04,0,0.0
19363,2021-05,0,0.0
19363,2021-06,0,0.0
19363,2021-07,0,0.0
19363,2021-08,0,0.0
19363,2021-09,0,0.0
19363,2021-10,0,0.0
19363,2021-11,0,0.0
19363,2021-12,0,0.0
19365,2021-01,0,0.0
19365,2021-02,0,0.0
19365,2021-03,0,0.0
19365,2021-04,0,0.0
19365,2021-05,0,0.0
19365,2021-06,0,0.0
19365,2021-07,0,0.0
19365,2021-08,0,0.0
19365,2021-09,0,0.0
19365,2021-10,0,0.0
19365,2021-11,0,0.0
19365,2021-12,0,0.0
19367,2021-01,0,0.0
19367,2021-02,0,0.0
19367,2021-03,0,0.0
19367,2021-04,0,0.0
19367,2021-05,0,0.0
19367,2021-06,0,0.0
19367,2021-07,0,0.0
19367,2021-08,0,0.0
19367,2021-09,0,0.0
19367,2021-10,0,0.0
19367,2021-11,0,0.0
19367,2021-12,0,0.0
19369,2021-01,0,0.0
19369,2021-02,0,0.0
19369,2021-03,0,0.0
19369,2021-04,0,0.0
19369,2021-05,0,0.0
19369,2021-06,0,0.0
19369,2021-07,0,0.0
19369,2021-08,0,0.0
19369,2021-09,0,0.0
19369,2021-10,0,0.0
19369,2021-11,0,0.0
19369,2021-12,0,0.0
15275,2021-01,0,0.0
15275,2021-02,0,0.0
15275,2021-03,0,0.0
15275,2021-04,0,0.0
15275,2021-05,0,0.0
15275,2021-06,0,0.0
15275,2021-07,0,0.0
15275,2021-08,0,0.0
15275,2021-09,0,0.0
15275,2021-10,0,0.0
15275,2021-11,0,0.0
15275,2021-12,0,0.0
19372,2021-01,0,0.0
19372,2021-02,0,0.0
19372,2021-03,0,0.0
19372,2021-04,0,0.0
19372,2021-05,0,0.0
19372,2021-06,0,0.0
19372,2021-07,0,0.0
19372,2021-08,0,0.0
19372,2021-09,0,0.0
19372,2021-10,0,0.0
19372,2021-11,0,0.0
19372,2021-12,0,0.0
19373,2021-01,0,0.0
19373,2021-02,0,0.0
19373,2021-03,0,0.0
19373,2021-04,0,0.0
19373,2021-05,0,0.0
19373,2021-06,0,0.0
19373,2021-07,0,0.0
19373,2021-08,0,0.0
19373,2021-09,0,0.0
19373,2021-10,0,0.0
19373,2021-11,0,0.0
19373,2021-12,0,0.0
19374,2021-01,0,0.0
19374,2021-02,0,0.0
19374,2021-03,0,0.0
19374,2021-04,0,0.0
19374,2021-05,0,0.0
19374,2021-06,0,0.0
19374,2021-07,0,0.0
19374,2021-08,0,0.0
19374,2021-09,0,0.0
19374,2021-10,0,0.0
19374,2021-11,0,0.0
19374,2021-12,0,0.0
19375,2021-01,0,0.0
19375,2021-02,0,0.0
19375,2021-03,0,0.0
19375,2021-04,0,0.0
19375,2021-05,0,0.0
19375,2021-06,0,0.0
19375,2021-07,0,0.0
19375,2021-08,0,0.0
19375,2021-09,0,0.0
19375,2021-10,0,0.0
19375,2021-11,0,0.0
19375,2021-12,0,0.0
15282,2021-01,0,0.0
15282,2021-02,0,0.0
15282,2021-03,0,0.0
15282,2021-04,0,0.0
15282,2021-05,0,0.0
15282,2021-06,0,0.0
15282,2021-07,0,0.0
15282,2021-08,0,0.0
15282,2021-09,0,0.0
15282,2021-10,0,0.0
15282,2021-11,0,0.0
15282,2021-12,0,0.0
19383,2021-01,0,0.0
19383,2021-02,0,0.0
19383,2021-03,0,0.0
19383,2021-04,0,0.0
19383,2021-05,0,0.0
19383,2021-06,0,0.0
19383,2021-07,0,0.0
19383,2021-08,0,0.0
19383,2021-09,0,0.0
19383,2021-10,0,0.0
19383,2021-11,0,0.0
19383,2021-12,0,0.0
15290,2021-01,0,0.0
15290,2021-02,0,0.0
15290,2021-03,0,0.0
15290,2021-04,0,0.0
15290,2021-05,0,0.0
15290,2021-06,0,0.0
15290,2021-07,0,0.0
15290,2021-08,0,0.0
15290,2021-09,0,0.0
15290,2021-10,0,0.0
15290,2021-11,0,0.0
15290,2021-12,0,0.0
19390,2021-01,0,0.0
19390,2021-02,0,0.0
19390,2021-03,0,0.0
19390,2021-04,0,0.0
19390,2021-05,0,0.0
19390,2021-06,0,0.0
19390,2021-07,0,0.0
19390,2021-08,0,0.0
19390,2021-09,0,0.0
19390,2021-10,0,0.0
19390,2021-11,0,0.0
19390,2021-12,0,0.0
19403,2021-01,0,0.0
19403,2021-02,0,0.0
19403,2021-03,0,0.0
19403,2021-04,0,0.0
19403,2021-05,0,0.0
19403,2021-06,0,0.0
19403,2021-07,0,0.0
19403,2021-08,0,0.0
19403,2021-09,0,0.0
19403,2021-10,0,0.0
19403,2021-11,0,0.0
19403,2021-12,0,0.0
19405,2021-01,0,0.0
19405,2021-02,0,0.0
19405,2021-03,0,0.0
19405,2021-04,0,0.0
19405,2021-05,0,0.0
19405,2021-06,0,0.0
19405,2021-07,0,0.0
19405,2021-08,0,0.0
19405,2021-09,0,0.0
19405,2021-10,0,0.0
19405,2021-11,0,0.0
19405,2021-12,0,0.0
15310,2021-01,0,0.0
15310,2021-02,0,0.0
15310,2021-03,0,0.0
15310,2021-04,0,0.0
15310,2021-05,0,0.0
15310,2021-06,0,0.0
15310,2021-07,0,0.0
15310,2021-08,0,0.0
15310,2021-09,0,0.0
15310,2021-10,0,0.0
15310,2021-11,0,0.0
15310,2021-12,0,0.0
15311,2021-01,0,0.0
15311,2021-02,0,0.0
15311,2021-03,0,0.0
15311,2021-04,0,0.0
15311,2021-05,0,0.0
15311,2021-06,0,0.0
15311,2021-07,0,0.0
15311,2021-08,0,0.0
15311,2021-09,0,0.0
15311,2021-10,0,0.0
15311,2021-11,0,0.0
15311,2021-12,0,0.0
15312,2021-01,0,0.0
15312,2021-02,0,0.0
15312,2021-03,0,0.0
15312,2021-04,0,0.0
15312,2021-05,0,0.0
15312,2021-06,0,0.0
15312,2021-07,0,0.0
15312,2021-08,0,0.0
15312,2021-09,0,0.0
15312,2021-10,0,0.0
15312,2021-11,0,0.0
15312,2021-12,0,0.0
15313,2021-01,0,0.0
15313,2021-02,0,0.0
15313,2021-03,0,0.0
15313,2021-04,0,0.0
15313,2021-05,0,0.0
15313,2021-06,0,0.0
15313,2021-07,0,0.0
15313,2021-08,0,0.0
15313,2021-09,0,0.0
15313,2021-10,0,0.0
15313,2021-11,0,0.0
15313,2021-12,0,0.0
15314,2021-01,0,0.0
15314,2021-02,0,0.0
15314,2021-03,0,0.0
15314,2021-04,0,0.0
15314,2021-05,0,0.0
15314,2021-06,0,0.0
15314,2021-07,0,0.0
15314,2021-08,0,0.0
15314,2021-09,0,0.0
15314,2021-10,0,0.0
15314,2021-11,0,0.0
15314,2021-12,0,0.0
15315,2021-01,0,0.0
15315,2021-02,0,0.0
15315,2021-03,0,0.0
15315,2021-04,0,0.0
15315,2021-05,0,0.0
15315,2021-06,0,0.0
15315,2021-07,0,0.0
15315,2021-08,0,0.0
15315,2021-09,0,0.0
15315,2021-10,0,0.0
15315,2021-11,0,0.0
15315,2021-12,0,0.0
15316,2021-01,0,0.0
15316,2021-02,0,0.0
15316,2021-03,0,0.0
15316,2021-04,0,0.0
15316,2021-05,0,0.0
15316,2021-06,0,0.0
15316,2021-07,0,0.0
15316,2021-08,0,0.0
15316,2021-09,0,0.0
15316,2021-10,0,0.0
15316,2021-11,0,0.0
15316,2021-12,0,0.0
15317,2021-01,0,0.0
15317,2021-02,0,0.0
15317,2021-03,0,0.0
15317,2021-04,0,0.0
15317,2021-05,0,0.0
15317,2021-06,0,0.0
15317,2021-07,0,0.0
15317,2021-08,0,0.0
15317,2021-09,0,0.0
15317,2021-10,0,0.0
15317,2021-11,0,0.0
15317,2021-12,0,0.0
15320,2021-01,0,0.0
15320,2021-02,0,0.0
15320,2021-03,0,0.0
15320,2021-04,0,0.0
15320,2021-05,0,0.0
15320,2021-06,0,0.0
15320,2021-07,0,0.0
15320,2021-08,0,0.0
15320,2021-09,0,0.0
15320,2021-10,0,0.0
15320,2021-11,0,0.0
15320,2021-12,0,0.0
15321,2021-01,0,0.0
15321,2021-02,0,0.0
15321,2021-03,0,0.0
15321,2021-04,0,0.0
15321,2021-05,0,0.0
15321,2021-06,0,0.0
15321,2021-07,0,0.0
15321,2021-08,0,0.0
15321,2021-09,0,0.0
15321,2021-10,0,0.0
15321,2021-11,0,0.0
15321,2021-12,0,0.0
15322,2021-01,0,0.0
15322,2021-02,0,0.0
15322,2021-03,0,0.0
15322,2021-04,0,0.0
15322,2021-05,0,0.0
15322,2021-06,0,0.0
15322,2021-07,0,0.0
15322,2021-08,0,0.0
15322,2021-09,0,0.0
15322,2021-10,0,0.0
15322,2021-11,0,0.0
15322,2021-12,0,0.0
15323,2021-01,0,0.0
15323,2021-02,0,0.0
15323,2021-03,0,0.0
15323,2021-04,0,0.0
15323,2021-05,0,0.0
15323,2021-06,0,0.0
15323,2021-07,0,0.0
15323,2021-08,0,0.0
15323,2021-09,0,0.0
15323,2021-10,0,0.0
15323,2021-11,0,0.0
15323,2021-12,0,0.0
15324,2021-01,0,0.0
15324,2021-02,0,0.0
15324,2021-03,0,0.0
15324,2021-04,0,0.0
15324,2021-05,0,0.0
15324,2021-06,0,0.0
15324,2021-07,0,0.0
15324,2021-08,0,0.0
15324,2021-09,0,0.0
15324,2021-10,0,0.0
15324,2021-11,0,0.0
15324,2021-12,0,0.0
15325,2021-01,0,0.0
15325,2021-02,0,0.0
15325,2021-03,0,0.0
15325,2021-04,0,0.0
15325,2021-05,0,0.0
15325,2021-06,0,0.0
15325,2021-07,0,0.0
15325,2021-08,0,0.0
15325,2021-09,0,0.0
15325,2021-10,0,0.0
15325,2021-11,0,0.0
15325,2021-12,0,0.0
19422,2021-01,0,0.0
19422,2021-02,0,0.0
19422,2021-03,0,0.0
19422,2021-04,0,0.0
19422,2021-05,0,0.0
19422,2021-06,0,0.0
19422,2021-07,0,0.0
19422,2021-08,0,0.0
19422,2021-09,0,0.0
19422,2021-10,0,0.0
19422,2021-11,0,0.0
19422,2021-12,0,0.0
15327,2021-01,0,0.0
15327,2021-02,0,0.0
15327,2021-03,0,0.0
15327,2021-04,0,0.0
15327,2021-05,0,0.0
15327,2021-06,0,0.0
15327,2021-07,0,0.0
15327,2021-08,0,0.0
15327,2021-09,0,0.0
15327,2021-10,0,0.0
15327,2021-11,0,0.0
15327,2021-12,0,0.0
19425,2021-01,0,0.0
19425,2021-02,0,0.0
19425,2021-03,0,0.0
19425,2021-04,0,0.0
19425,2021-05,0,0.0
19425,2021-06,0,0.0
19425,2021-07,0,0.0
19425,2021-08,0,0.0
19425,2021-09,0,0.0
19425,2021-10,0,0.0
19425,2021-11,0,0.0
19425,2021-12,0,0.0
19426,2021-01,0,0.0
19426,2021-02,0,0.0
19426,2021-03,0,0.0
19426,2021-04,0,0.0
19426,2021-05,0,0.0
19426,2021-06,0,0.0
19426,2021-07,0,0.0
19426,2021-08,0,0.0
19426,2021-09,0,0.0
19426,2021-10,0,0.0
19426,2021-11,0,0.0
19426,2021-12,0,0.0
15329,2021-01,0,0.0
15329,2021-02,0,0.0
15329,2021-03,0,0.0
15329,2021-04,0,0.0
15329,2021-05,0,0.0
15329,2021-06,0,0.0
15329,2021-07,0,0.0
15329,2021-08,0,0.0
15329,2021-09,0,0.0
15329,2021-10,0,0.0
15329,2021-11,0,0.0
15329,2021-12,0,0.0
15330,2021-01,0,0.0
15330,2021-02,0,0.0
15330,2021-03,0,0.0
15330,2021-04,0,0.0
15330,2021-05,0,0.0
15330,2021-06,0,0.0
15330,2021-07,0,0.0
15330,2021-08,0,0.0
15330,2021-09,0,0.0
15330,2021-10,0,0.0
15330,2021-11,0,0.0
15330,2021-12,0,0.0
15331,2021-01,0,0.0
15331,2021-02,0,0.0
15331,2021-03,0,0.0
15331,2021-04,0,0.0
15331,2021-05,0,0.0
15331,2021-06,0,0.0
15331,2021-07,0,0.0
15331,2021-08,0,0.0
15331,2021-09,0,0.0
15331,2021-10,0,0.0
15331,2021-11,0,0.0
15331,2021-12,0,0.0
15332,2021-01,0,0.0
15332,2021-02,0,0.0
15332,2021-03,0,0.0
15332,2021-04,0,0.0
15332,2021-05,0,0.0
15332,2021-06,0,0.0
15332,2021-07,0,0.0
15332,2021-08,0,0.0
15332,2021-09,0,0.0
15332,2021-10,0,0.0
15332,2021-11,0,0.0
15332,2021-12,0,0.0
15333,2021-01,0,0.0
15333,2021-02,0,0.0
15333,2021-03,0,0.0
15333,2021-04,0,0.0
15333,2021-05,0,0.0
15333,2021-06,0,0.0
15333,2021-07,0,0.0
15333,2021-08,0,0.0
15333,2021-09,0,0.0
15333,2021-10,0,0.0
15333,2021-11,0,0.0
15333,2021-12,0,0.0
15334,2021-01,0,0.0
15334,2021-02,0,0.0
15334,2021-03,0,0.0
15334,2021-04,0,0.0
15334,2021-05,0,0.0
15334,2021-06,0,0.0
15334,2021-07,0,0.0
15334,2021-08,0,0.0
15334,2021-09,0,0.0
15334,2021-10,0,0.0
15334,2021-11,0,0.0
15334,2021-12,0,0.0
15337,2021-01,0,0.0
15337,2021-02,0,0.0
15337,2021-03,0,0.0
15337,2021-04,0,0.0
15337,2021-05,0,0.0
15337,2021-06,0,0.0
15337,2021-07,0,0.0
15337,2021-08,0,0.0
15337,2021-09,0,0.0
15337,2021-10,0,0.0
15337,2021-11,0,0.0
15337,2021-12,0,0.0
19435,2021-01,0,0.0
19435,2021-02,0,0.0
19435,2021-03,0,0.0
19435,2021-04,0,0.0
19435,2021-05,0,0.0
19435,2021-06,0,0.0
19435,2021-07,0,0.0
19435,2021-08,0,0.0
19435,2021-09,0,0.0
19435,2021-10,0,0.0
19435,2021-11,0,0.0
19435,2021-12,0,0.0
19436,2021-01,0,0.0
19436,2021-02,0,0.0
19436,2021-03,0,0.0
19436,2021-04,0,0.0
19436,2021-05,0,0.0
19436,2021-06,0,0.0
19436,2021-07,0,0.0
19436,2021-08,0,0.0
19436,2021-09,0,0.0
19436,2021-10,0,0.0
19436,2021-11,0,0.0
19436,2021-12,0,0.0
19437,2021-01,0,0.0
19437,2021-02,0,0.0
19437,2021-03,0,0.0
19437,2021-04,0,0.0
19437,2021-05,0,0.0
19437,2021-06,0,0.0
19437,2021-07,0,0.0
19437,2021-08,0,0.0
19437,2021-09,0,0.0
19437,2021-10,0,0.0
19437,2021-11,0,0.0
19437,2021-12,0,0.0
19438,2021-01,0,0.0
19438,2021-02,0,0.0
19438,2021-03,0,0.0
19438,2021-04,0,0.0
19438,2021-05,0,0.0
19438,2021-06,0,0.0
19438,2021-07,0,0.0
19438,2021-08,0,0.0
19438,2021-09,0,0.0
19438,2021-10,0,0.0
19438,2021-11,0,0.0
19438,2021-12,0,0.0
15338,2021-01,0,0.0
15338,2021-02,0,0.0
15338,2021-03,0,0.0
15338,2021-04,0,0.0
15338,2021-05,0,0.0
15338,2021-06,0,0.0
15338,2021-07,0,0.0
15338,2021-08,0,0.0
15338,2021-09,0,0.0
15338,2021-10,0,0.0
15338,2021-11,0,0.0
15338,2021-12,0,0.0
19440,2021-01,0,0.0
19440,2021-02,0,0.0
19440,2021-03,0,0.0
19440,2021-04,0,0.0
19440,2021-05,0,0.0
19440,2021-06,0,0.0
19440,2021-07,0,0.0
19440,2021-08,0,0.0
19440,2021-09,0,0.0
19440,2021-10,0,0.0
19440,2021-11,0,0.0
19440,2021-12,0,0.0
15340,2021-01,0,0.0
15340,2021-02,0,0.0
15340,2021-03,0,0.0
15340,2021-04,0,0.0
15340,2021-05,0,0.0
15340,2021-06,0,0.0
15340,2021-07,0,0.0
15340,2021-08,0,0.0
15340,2021-09,0,0.0
15340,2021-10,0,0.0
15340,2021-11,0,0.0
15340,2021-12,0,0.0
19442,2021-01,0,0.0
19442,2021-02,0,0.0
19442,2021-03,0,0.0
19442,2021-04,0,0.0
19442,2021-05,0,0.0
19442,2021-06,0,0.0
19442,2021-07,0,0.0
19442,2021-08,0,0.0
19442,2021-09,0,0.0
19442,2021-10,0,0.0
19442,2021-11,0,0.0
19442,2021-12,0,0.0
15341,2021-01,0,0.0
15341,2021-02,0,0.0
15341,2021-03,0,0.0
15341,2021-04,0,0.0
15341,2021-05,0,0.0
15341,2021-06,0,0.0
15341,2021-07,0,0.0
15341,2021-08,0,0.0
15341,2021-09,0,0.0
15341,2021-10,0,0.0
15341,2021-11,0,0.0
15341,2021-12,0,0.0
19444,2021-01,0,0.0
19444,2021-02,0,0.0
19444,2021-03,0,0.0
19444,2021-04,0,0.0
19444,2021-05,0,0.0
19444,2021-06,0,0.0
19444,2021-07,0,0.0
19444,2021-08,0,0.0
19444,2021-09,0,0.0
19444,2021-10,0,0.0
19444,2021-11,0,0.0
19444,2021-12,0,0.0
15342,2021-01,0,0.0
15342,2021-02,0,0.0
15342,2021-03,0,0.0
15342,2021-04,0,0.0
15342,2021-05,0,0.0
15342,2021-06,0,0.0
15342,2021-07,0,0.0
15342,2021-08,0,0.0
15342,2021-09,0,0.0
15342,2021-10,0,0.0
15342,2021-11,0,0.0
15342,2021-12,0,0.0
15344,2021-01,0,0.0
15344,2021-02,0,0.0
15344,2021-03,0,0.0
15344,2021-04,0,0.0
15344,2021-05,0,0.0
15344,2021-06,0,0.0
15344,2021-07,0,0.0
15344,2021-08,0,0.0
15344,2021-09,0,0.0
15344,2021-10,0,0.0
15344,2021-11,0,0.0
15344,2021-12,0,0.0
15345,2021-01,0,0.0
15345,2021-02,0,0.0
15345,2021-03,0,0.0
15345,2021-04,0,0.0
15345,2021-05,0,0.0
15345,2021-06,0,0.0
15345,2021-07,0,0.0
15345,2021-08,0,0.0
15345,2021-09,0,0.0
15345,2021-10,0,0.0
15345,2021-11,0,0.0
15345,2021-12,0,0.0
15346,2021-01,0,0.0
15346,2021-02,0,0.0
15346,2021-03,0,0.0
15346,2021-04,0,0.0
15346,2021-05,0,0.0
15346,2021-06,0,0.0
15346,2021-07,0,0.0
15346,2021-08,0,0.0
15346,2021-09,0,0.0
15346,2021-10,0,0.0
15346,2021-11,0,0.0
15346,2021-12,0,0.0
15347,2021-01,0,0.0
15347,2021-02,0,0.0
15347,2021-03,0,0.0
15347,2021-04,0,0.0
15347,2021-05,0,0.0
15347,2021-06,0,0.0
15347,2021-07,0,0.0
15347,2021-08,0,0.0
15347,2021-09,0,0.0
15347,2021-10,0,0.0
15347,2021-11,0,0.0
15347,2021-12,0,0.0
15348,2021-01,0,0.0
15348,2021-02,0,0.0
15348,2021-03,0,0.0
15348,2021-04,0,0.0
15348,2021-05,0,0.0
15348,2021-06,0,0.0
15348,2021-07,0,0.0
15348,2021-08,0,0.0
15348,2021-09,0,0.0
15348,2021-10,0,0.0
15348,2021-11,0,0.0
15348,2021-12,0,0.0
15349,2021-01,0,0.0
15349,2021-02,0,0.0
15349,2021-03,0,0.0
15349,2021-04,0,0.0
15349,2021-05,0,0.0
15349,2021-06,0,0.0
15349,2021-07,0,0.0
15349,2021-08,0,0.0
15349,2021-09,0,0.0
15349,2021-10,0,0.0
15349,2021-11,0,0.0
15349,2021-12,0,0.0
19453,2021-01,0,0.0
19453,2021-02,0,0.0
19453,2021-03,0,0.0
19453,2021-04,0,0.0
19453,2021-05,0,0.0
19453,2021-06,0,0.0
19453,2021-07,0,0.0
19453,2021-08,0,0.0
19453,2021-09,0,0.0
19453,2021-10,0,0.0
19453,2021-11,0,0.0
19453,2021-12,0,0.0
19454,2021-01,0,0.0
19454,2021-02,0,0.0
19454,2021-03,0,0.0
19454,2021-04,0,0.0
19454,2021-05,0,0.0
19454,2021-06,0,0.0
19454,2021-07,0,0.0
19454,2021-08,0,0.0
19454,2021-09,0,0.0
19454,2021-10,0,0.0
19454,2021-11,0,0.0
19454,2021-12,0,0.0
15350,2021-01,0,0.0
15350,2021-02,0,0.0
15350,2021-03,0,0.0
15350,2021-04,0,0.0
15350,2021-05,0,0.0
15350,2021-06,0,0.0
15350,2021-07,0,0.0
15350,2021-08,0,0.0
15350,2021-09,0,0.0
15350,2021-10,0,0.0
15350,2021-11,0,0.0
15350,2021-12,0,0.0
19456,2021-01,0,0.0
19456,2021-02,0,0.0
19456,2021-03,0,0.0
19456,2021-04,0,0.0
19456,2021-05,0,0.0
19456,2021-06,0,0.0
19456,2021-07,0,0.0
19456,2021-08,0,0.0
19456,2021-09,0,0.0
19456,2021-10,0,0.0
19456,2021-11,0,0.0
19456,2021-12,0,0.0
19457,2021-01,0,0.0
19457,2021-02,0,0.0
19457,2021-03,0,0.0
19457,2021-04,0,0.0
19457,2021-05,0,0.0
19457,2021-06,0,0.0
19457,2021-07,0,0.0
19457,2021-08,0,0.0
19457,2021-09,0,0.0
19457,2021-10,0,0.0
19457,2021-11,0,0.0
19457,2021-12,0,0.0
15353,2021-01,0,0.0
15353,2021-02,0,0.0
15353,2021-03,0,0.0
15353,2021-04,0,0.0
15353,2021-05,0,0.0
15353,2021-06,0,0.0
15353,2021-07,0,0.0
15353,2021-08,0,0.0
15353,2021-09,0,0.0
15353,2021-10,0,0.0
15353,2021-11,0,0.0
15353,2021-12,0,0.0
15357,2021-01,0,0.0
15357,2021-02,0,0.0
15357,2021-03,0,0.0
15357,2021-04,0,0.0
15357,2021-05,0,0.0
15357,2021-06,0,0.0
15357,2021-07,0,0.0
15357,2021-08,0,0.0
15357,2021-09,0,0.0
15357,2021-10,0,0.0
15357,2021-11,0,0.0
15357,2021-12,0,0.0
15358,2021-01,0,0.0
15358,2021-02,0,0.0
15358,2021-03,0,0.0
15358,2021-04,0,0.0
15358,2021-05,0,0.0
15358,2021-06,0,0.0
15358,2021-07,0,0.0
15358,2021-08,0,0.0
15358,2021-09,0,0.0
15358,2021-10,0,0.0
15358,2021-11,0,0.0
15358,2021-12,0,0.0
19462,2021-01,0,0.0
19462,2021-02,0,0.0
19462,2021-03,0,0.0
19462,2021-04,0,0.0
19462,2021-05,0,0.0
19462,2021-06,0,0.0
19462,2021-07,0,0.0
19462,2021-08,0,0.0
19462,2021-09,0,0.0
19462,2021-10,0,0.0
19462,2021-11,0,0.0
19462,2021-12,0,0.0
15359,2021-01,0,0.0
15359,2021-02,0,0.0
15359,2021-03,0,0.0
15359,2021-04,0,0.0
15359,2021-05,0,0.0
15359,2021-06,0,0.0
15359,2021-07,0,0.0
15359,2021-08,0,0.0
15359,2021-09,0,0.0
15359,2021-10,0,0.0
15359,2021-11,0,0.0
15359,2021-12,0,0.0
19464,2021-01,0,0.0
19464,2021-02,0,0.0
19464,2021-03,0,0.0
19464,2021-04,0,0.0
19464,2021-05,0,0.0
19464,2021-06,0,0.0
19464,2021-07,0,0.0
19464,2021-08,0,0.0
19464,2021-09,0,0.0
19464,2021-10,0,0.0
19464,2021-11,0,0.0
19464,2021-12,0,0.0
19465,2021-01,0,0.0
19465,2021-02,0,0.0
19465,2021-03,0,0.0
19465,2021-04,0,0.0
19465,2021-05,0,0.0
19465,2021-06,0,0.0
19465,2021-07,0,0.0
19465,2021-08,0,0.0
19465,2021-09,0,0.0
19465,2021-10,0,0.0
19465,2021-11,0,0.0
19465,2021-12,0,0.0
15361,2021-01,0,0.0
15361,2021-02,0,0.0
15361,2021-03,0,0.0
15361,2021-04,0,0.0
15361,2021-05,0,0.0
15361,2021-06,0,0.0
15361,2021-07,0,0.0
15361,2021-08,0,0.0
15361,2021-09,0,0.0
15361,2021-10,0,0.0
15361,2021-11,0,0.0
15361,2021-12,0,0.0
15362,2021-01,0,0.0
15362,2021-02,0,0.0
15362,2021-03,0,0.0
15362,2021-04,0,0.0
15362,2021-05,0,0.0
15362,2021-06,0,0.0
15362,2021-07,0,0.0
15362,2021-08,0,0.0
15362,2021-09,0,0.0
15362,2021-10,0,0.0
15362,2021-11,0,0.0
15362,2021-12,0,0.0
19468,2021-01,0,0.0
19468,2021-02,0,0.0
19468,2021-03,0,0.0
19468,2021-04,0,0.0
19468,2021-05,0,0.0
19468,2021-06,0,0.0
19468,2021-07,0,0.0
19468,2021-08,0,0.0
19468,2021-09,0,0.0
19468,2021-10,0,0.0
19468,2021-11,0,0.0
19468,2021-12,0,0.0
15364,2021-01,0,0.0
15364,2021-02,0,0.0
15364,2021-03,0,0.0
15364,2021-04,0,0.0
15364,2021-05,0,0.0
15364,2021-06,0,0.0
15364,2021-07,0,0.0
15364,2021-08,0,0.0
15364,2021-09,0,0.0
15364,2021-10,0,0.0
15364,2021-11,0,0.0
15364,2021-12,0,0.0
15365,2021-01,0,0.0
15365,2021-02,0,0.0
15365,2021-03,0,0.0
15365,2021-04,0,0.0
15365,2021-05,0,0.0
15365,2021-06,0,0.0
15365,2021-07,0,0.0
15365,2021-08,0,0.0
15365,2021-09,0,0.0
15365,2021-10,0,0.0
15365,2021-11,0,0.0
15365,2021-12,0,0.0
15366,2021-01,0,0.0
15366,2021-02,0,0.0
15366,2021-03,0,0.0
15366,2021-04,0,0.0
15366,2021-05,0,0.0
15366,2021-06,0,0.0
15366,2021-07,0,0.0
15366,2021-08,0,0.0
15366,2021-09,0,0.0
15366,2021-10,0,0.0
15366,2021-11,0,0.0
15366,2021-12,0,0.0
19472,2021-01,0,0.0
19472,2021-02,0,0.0
19472,2021-03,0,0.0
19472,2021-04,0,0.0
19472,2021-05,0,0.0
19472,2021-06,0,0.0
19472,2021-07,0,0.0
19472,2021-08,0,0.0
19472,2021-09,0,0.0
19472,2021-10,0,0.0
19472,2021-11,0,0.0
19472,2021-12,0,0.0
19473,2021-01,0,0.0
19473,2021-02,0,0.0
19473,2021-03,0,0.0
19473,2021-04,0,0.0
19473,2021-05,0,0.0
19473,2021-06,0,0.0
19473,2021-07,0,0.0
19473,2021-08,0,0.0
19473,2021-09,0,0.0
19473,2021-10,0,0.0
19473,2021-11,0,0.0
19473,2021-12,0,0.0
19474,2021-01,0,0.0
19474,2021-02,0,0.0
19474,2021-03,0,0.0
19474,2021-04,0,0.0
19474,2021-05,0,0.0
19474,2021-06,0,0.0
19474,2021-07,0,0.0
19474,2021-08,0,0.0
19474,2021-09,0,0.0
19474,2021-10,0,0.0
19474,2021-11,0,0.0
19474,2021-12,0,0.0
19475,2021-01,0,0.0
19475,2021-02,0,0.0
19475,2021-03,0,0.0
19475,2021-04,0,0.0
19475,2021-05,0,0.0
19475,2021-06,0,0.0
19475,2021-07,0,0.0
19475,2021-08,0,0.0
19475,2021-09,0,0.0
19475,2021-10,0,0.0
19475,2021-11,0,0.0
19475,2021-12,0,0.0
15376,2021-01,0,0.0
15376,2021-02,0,0.0
15376,2021-03,0,0.0
15376,2021-04,0,0.0
15376,2021-05,0,0.0
15376,2021-06,0,0.0
15376,2021-07,0,0.0
15376,2021-08,0,0.0
15376,2021-09,0,0.0
15376,2021-10,0,0.0
15376,2021-11,0,0.0
15376,2021-12,0,0.0
19477,2021-01,0,0.0
19477,2021-02,0,0.0
19477,2021-03,0,0.0
19477,2021-04,0,0.0
19477,2021-05,0,0.0
19477,2021-06,0,0.0
19477,2021-07,0,0.0
19477,2021-08,0,0.0
19477,2021-09,0,0.0
19477,2021-10,0,0.0
19477,2021-11,0,0.0
19477,2021-12,0,0.0
15377,2021-01,0,0.0
15377,2021-02,0,0.0
15377,2021-03,0,0.0
15377,2021-04,0,0.0
15377,2021-05,0,0.0
15377,2021-06,0,0.0
15377,2021-07,0,0.0
15377,2021-08,0,0.0
15377,2021-09,0,0.0
15377,2021-10,0,0.0
15377,2021-11,0,0.0
15377,2021-12,0,0.0
15378,2021-01,0,0.0
15378,2021-02,0,0.0
15378,2021-03,0,0.0
15378,2021-04,0,0.0
15378,2021-05,0,0.0
15378,2021-06,0,0.0
15378,2021-07,0,0.0
15378,2021-08,0,0.0
15378,2021-09,0,0.0
15378,2021-10,0,0.0
15378,2021-11,0,0.0
15378,2021-12,0,0.0
15379,2021-01,0,0.0
15379,2021-02,0,0.0
15379,2021-03,0,0.0
15379,2021-04,0,0.0
15379,2021-05,0,0.0
15379,2021-06,0,0.0
15379,2021-07,0,0.0
15379,2021-08,0,0.0
15379,2021-09,0,0.0
15379,2021-10,0,0.0
15379,2021-11,0,0.0
15379,2021-12,0,0.0
15380,2021-01,0,0.0
15380,2021-02,0,0.0
15380,2021-03,0,0.0
15380,2021-04,0,0.0
15380,2021-05,0,0.0
15380,2021-06,0,0.0
15380,2021-07,0,0.0
15380,2021-08,0,0.0
15380,2021-09,0,0.0
15380,2021-10,0,0.0
15380,2021-11,0,0.0
15380,2021-12,0,0.0
19490,2021-01,0,0.0
19490,2021-02,0,0.0
19490,2021-03,0,0.0
19490,2021-04,0,0.0
19490,2021-05,0,0.0
19490,2021-06,0,0.0
19490,2021-07,0,0.0
19490,2021-08,0,0.0
19490,2021-09,0,0.0
19490,2021-10,0,0.0
19490,2021-11,0,0.0
19490,2021-12,0,0.0
19492,2021-01,0,0.0
19492,2021-02,0,0.0
19492,2021-03,0,0.0
19492,2021-04,0,0.0
19492,2021-05,0,0.0
19492,2021-06,0,0.0
19492,2021-07,0,0.0
19492,2021-08,0,0.0
19492,2021-09,0,0.0
19492,2021-10,0,0.0
19492,2021-11,0,0.0
19492,2021-12,0,0.0
15401,2021-01,0,0.0
15401,2021-02,0,0.0
15401,2021-03,0,0.0
15401,2021-04,0,0.0
15401,2021-05,0,0.0
15401,2021-06,0,0.0
15401,2021-07,0,0.0
15401,2021-08,0,0.0
15401,2021-09,0,0.0
15401,2021-10,0,0.0
15401,2021-11,0,0.0
15401,2021-12,0,0.0
19501,2021-01,0,0.0
19501,2021-02,0,0.0
19501,2021-03,0,0.0
19501,2021-04,0,0.0
19501,2021-05,0,0.0
19501,2021-06,0,0.0
19501,2021-07,0,0.0
19501,2021-08,0,0.0
19501,2021-09,0,0.0
19501,2021-10,0,0.0
19501,2021-11,0,0.0
19501,2021-12,0,0.0
19503,2021-01,0,0.0
19503,2021-02,0,0.0
19503,2021-03,0,0.0
19503,2021-04,0,0.0
19503,2021-05,0,0.0
19503,2021-06,0,0.0
19503,2021-07,0,0.0
19503,2021-08,0,0.0
19503,2021-09,0,0.0
19503,2021-10,0,0.0
19503,2021-11,0,0.0
19503,2021-12,0,0.0
19504,2021-01,0,0.0
19504,2021-02,0,0.0
19504,2021-03,0,0.0
19504,2021-04,0,0.0
19504,2021-05,0,0.0
19504,2021-06,0,0.0
19504,2021-07,0,0.0
19504,2021-08,0,0.0
19504,2021-09,0,0.0
19504,2021-10,0,0.0
19504,2021-11,0,0.0
19504,2021-12,0,0.0
19505,2021-01,0,0.0
19505,2021-02,0,0.0
19505,2021-03,0,0.0
19505,2021-04,0,0.0
19505,2021-05,0,0.0
19505,2021-06,0,0.0
19505,2021-07,0,0.0
19505,2021-08,0,0.0
19505,2021-09,0,0.0
19505,2021-10,0,0.0
19505,2021-11,0,0.0
19505,2021-12,0,0.0
19506,2021-01,0,0.0
19506,2021-02,0,0.0
19506,2021-03,0,0.0
19506,2021-04,0,0.0
19506,2021-05,0,0.0
19506,2021-06,0,0.0
19506,2021-07,0,0.0
19506,2021-08,0,0.0
19506,2021-09,0,0.0
19506,2021-10,0,0.0
19506,2021-11,0,0.0
19506,2021-12,0,0.0
19507,2021-01,0,0.0
19507,2021-02,0,0.0
19507,2021-03,0,0.0
19507,2021-04,0,0.0
19507,2021-05,0,0.0
19507,2021-06,0,0.0
19507,2021-07,0,0.0
19507,2021-08,0,0.0
19507,2021-09,0,0.0
19507,2021-10,0,0.0
19507,2021-11,0,0.0
19507,2021-12,0,0.0
19508,2021-01,0,0.0
19508,2021-02,0,0.0
19508,2021-03,0,0.0
19508,2021-04,0,0.0
19508,2021-05,0,0.0
19508,2021-06,0,0.0
19508,2021-07,0,0.0
19508,2021-08,0,0.0
19508,2021-09,0,0.0
19508,2021-10,0,0.0
19508,2021-11,0,0.0
19508,2021-12,0,0.0
15410,2021-01,0,0.0
15410,2021-02,0,0.0
15410,2021-03,0,0.0
15410,2021-04,0,0.0
15410,2021-05,0,0.0
15410,2021-06,0,0.0
15410,2021-07,0,0.0
15410,2021-08,0,0.0
15410,2021-09,0,0.0
15410,2021-10,0,0.0
15410,2021-11,0,0.0
15410,2021-12,0,0.0
19510,2021-01,0,0.0
19510,2021-02,0,0.0
19510,2021-03,0,0.0
19510,2021-04,0,0.0
19510,2021-05,0,0.0
19510,2021-06,0,0.0
19510,2021-07,0,0.0
19510,2021-08,0,0.0
19510,2021-09,0,0.0
19510,2021-10,0,0.0
19510,2021-11,0,0.0
19510,2021-12,0,0.0
19511,2021-01,0,0.0
19511,2021-02,0,0.0
19511,2021-03,0,0.0
19511,2021-04,0,0.0
19511,2021-05,0,0.0
19511,2021-06,0,0.0
19511,2021-07,0,0.0
19511,2021-08,0,0.0
19511,2021-09,0,0.0
19511,2021-10,0,0.0
19511,2021-11,0,0.0
19511,2021-12,0,0.0
19512,2021-01,0,0.0
19512,2021-02,0,0.0
19512,2021-03,0,0.0
19512,2021-04,0,0.0
19512,2021-05,0,0.0
19512,2021-06,0,0.0
19512,2021-07,0,0.0
19512,2021-08,0,0.0
19512,2021-09,0,0.0
19512,2021-10,0,0.0
19512,2021-11,0,0.0
19512,2021-12,0,0.0
15411,2021-01,0,0.0
15411,2021-02,0,0.0
15411,2021-03,0,0.0
15411,2021-04,0,0.0
15411,2021-05,0,0.0
15411,2021-06,0,0.0
15411,2021-07,0,0.0
15411,2021-08,0,0.0
15411,2021-09,0,0.0
15411,2021-10,0,0.0
15411,2021-11,0,0.0
15411,2021-12,0,0.0
15412,2021-01,0,0.0
15412,2021-02,0,0.0
15412,2021-03,0,0.0
15412,2021-04,0,0.0
15412,2021-05,0,0.0
15412,2021-06,0,0.0
15412,2021-07,0,0.0
15412,2021-08,0,0.0
15412,2021-09,0,0.0
15412,2021-10,0,0.0
15412,2021-11,0,0.0
15412,2021-12,0,0.0
15413,2021-01,0,0.0
15413,2021-02,0,0.0
15413,2021-03,0,0.0
15413,2021-04,0,0.0
15413,2021-05,0,0.0
15413,2021-06,0,0.0
15413,2021-07,0,0.0
15413,2021-08,0,0.0
15413,2021-09,0,0.0
15413,2021-10,0,0.0
15413,2021-11,0,0.0
15413,2021-12,0,0.0
19516,2021-01,0,0.0
19516,2021-02,0,0.0
19516,2021-03,0,0.0
19516,2021-04,0,0.0
19516,2021-05,0,0.0
19516,2021-06,0,0.0
19516,2021-07,0,0.0
19516,2021-08,0,0.0
19516,2021-09,0,0.0
19516,2021-10,0,0.0
19516,2021-11,0,0.0
19516,2021-12,0,0.0
15416,2021-01,0,0.0
15416,2021-02,0,0.0
15416,2021-03,0,0.0
15416,2021-04,0,0.0
15416,2021-05,0,0.0
15416,2021-06,0,0.0
15416,2021-07,0,0.0
15416,2021-08,0,0.0
15416,2021-09,0,0.0
15416,2021-10,0,0.0
15416,2021-11,0,0.0
15416,2021-12,0,0.0
19518,2021-01,0,0.0
19518,2021-02,0,0.0
19518,2021-03,0,0.0
19518,2021-04,0,0.0
19518,2021-05,0,0.0
19518,2021-06,0,0.0
19518,2021-07,0,0.0
19518,2021-08,0,0.0
19518,2021-09,0,0.0
19518,2021-10,0,0.0
19518,2021-11,0,0.0
19518,2021-12,0,0.0
15417,2021-01,0,0.0
15417,2021-02,0,0.0
15417,2021-03,0,0.0
15417,2021-04,0,0.0
15417,2021-05,0,0.0
15417,2021-06,0,0.0
15417,2021-07,0,0.0
15417,2021-08,0,0.0
15417,2021-09,0,0.0
15417,2021-10,0,0.0
15417,2021-11,0,0.0
15417,2021-12,0,0.0
19520,2021-01,0,0.0
19520,2021-02,0,0.0
19520,2021-03,0,0.0
19520,2021-04,0,0.0
19520,2021-05,0,0.0
19520,2021-06,0,0.0
19520,2021-07,0,0.0
19520,2021-08,0,0.0
19520,2021-09,0,0.0
19520,2021-10,0,0.0
19520,2021-11,0,0.0
19520,2021-12,0,0.0
15419,2021-01,0,0.0
15419,2021-02,0,0.0
15419,2021-03,0,0.0
15419,2021-04,0,0.0
15419,2021-05,0,0.0
15419,2021-06,0,0.0
15419,2021-07,0,0.0
15419,2021-08,0,0.0
15419,2021-09,0,0.0
15419,2021-10,0,0.0
15419,2021-11,0,0.0
15419,2021-12,0,0.0
19522,2021-01,0,0.0
19522,2021-02,0,0.0
19522,2021-03,0,0.0
19522,2021-04,0,0.0
19522,2021-05,0,0.0
19522,2021-06,0,0.0
19522,2021-07,0,0.0
19522,2021-08,0,0.0
19522,2021-09,0,0.0
19522,2021-10,0,0.0
19522,2021-11,0,0.0
19522,2021-12,0,0.0
19523,2021-01,0,0.0
19523,2021-02,0,0.0
19523,2021-03,0,0.0
19523,2021-04,0,0.0
19523,2021-05,0,0.0
19523,2021-06,0,0.0
19523,2021-07,0,0.0
19523,2021-08,0,0.0
19523,2021-09,0,0.0
19523,2021-10,0,0.0
19523,2021-11,0,0.0
19523,2021-12,0,0.0
15420,2021-01,0,0.0
15420,2021-02,0,0.0
15420,2021-03,0,0.0
15420,2021-04,0,0.0
15420,2021-05,0,0.0
15420,2021-06,0,0.0
15420,2021-07,0,0.0
15420,2021-08,0,0.0
15420,2021-09,0,0.0
15420,2021-10,0,0.0
15420,2021-11,0,0.0
15420,2021-12,0,0.0
19526,2021-01,0,0.0
19526,2021-02,0,0.0
19526,2021-03,0,0.0
19526,2021-04,0,0.0
19526,2021-05,0,0.0
19526,2021-06,0,0.0
19526,2021-07,0,0.0
19526,2021-08,0,0.0
19526,2021-09,0,0.0
19526,2021-10,0,0.0
19526,2021-11,0,0.0
19526,2021-12,0,0.0
15422,2021-01,0,0.0
15422,2021-02,0,0.0
15422,2021-03,0,0.0
15422,2021-04,0,0.0
15422,2021-05,0,0.0
15422,2021-06,0,0.0
15422,2021-07,0,0.0
15422,2021-08,0,0.0
15422,2021-09,0,0.0
15422,2021-10,0,0.0
15422,2021-11,0,0.0
15422,2021-12,0,0.0
15423,2021-01,0,0.0
15423,2021-02,0,0.0
15423,2021-03,0,0.0
15423,2021-04,0,0.0
15423,2021-05,0,0.0
15423,2021-06,0,0.0
15423,2021-07,0,0.0
15423,2021-08,0,0.0
15423,2021-09,0,0.0
15423,2021-10,0,0.0
15423,2021-11,0,0.0
15423,2021-12,0,0.0
19529,2021-01,0,0.0
19529,2021-02,0,0.0
19529,2021-03,0,0.0
19529,2021-04,0,0.0
19529,2021-05,0,0.0
19529,2021-06,0,0.0
19529,2021-07,0,0.0
19529,2021-08,0,0.0
19529,2021-09,0,0.0
19529,2021-10,0,0.0
19529,2021-11,0,0.0
19529,2021-12,0,0.0
19530,2021-01,0,0.0
19530,2021-02,0,0.0
19530,2021-03,0,0.0
19530,2021-04,0,0.0
19530,2021-05,0,0.0
19530,2021-06,0,0.0
19530,2021-07,0,0.0
19530,2021-08,0,0.0
19530,2021-09,0,0.0
19530,2021-10,0,0.0
19530,2021-11,0,0.0
19530,2021-12,0,0.0
15427,2021-01,0,0.0
15427,2021-02,0,0.0
15427,2021-03,0,0.0
15427,2021-04,0,0.0
15427,2021-05,0,0.0
15427,2021-06,0,0.0
15427,2021-07,0,0.0
15427,2021-08,0,0.0
15427,2021-09,0,0.0
15427,2021-10,0,0.0
15427,2021-11,0,0.0
15427,2021-12,0,0.0
15428,2021-01,0,0.0
15428,2021-02,0,0.0
15428,2021-03,0,0.0
15428,2021-04,0,0.0
15428,2021-05,0,0.0
15428,2021-06,0,0.0
15428,2021-07,0,0.0
15428,2021-08,0,0.0
15428,2021-09,0,0.0
15428,2021-10,0,0.0
15428,2021-11,0,0.0
15428,2021-12,0,0.0
19534,2021-01,0,0.0
19534,2021-02,0,0.0
19534,2021-03,0,0.0
19534,2021-04,0,0.0
19534,2021-05,0,0.0
19534,2021-06,0,0.0
19534,2021-07,0,0.0
19534,2021-08,0,0.0
19534,2021-09,0,0.0
19534,2021-10,0,0.0
19534,2021-11,0,0.0
19534,2021-12,0,0.0
19535,2021-01,0,0.0
19535,2021-02,0,0.0
19535,2021-03,0,0.0
19535,2021-04,0,0.0
19535,2021-05,0,0.0
19535,2021-06,0,0.0
19535,2021-07,0,0.0
19535,2021-08,0,0.0
19535,2021-09,0,0.0
19535,2021-10,0,0.0
19535,2021-11,0,0.0
19535,2021-12,0,0.0
19536,2021-01,0,0.0
19536,2021-02,0,0.0
19536,2021-03,0,0.0
19536,2021-04,0,0.0
19536,2021-05,0,0.0
19536,2021-06,0,0.0
19536,2021-07,0,0.0
19536,2021-08,0,0.0
19536,2021-09,0,0.0
19536,2021-10,0,0.0
19536,2021-11,0,0.0
19536,2021-12,0,0.0
15432,2021-01,0,0.0
15432,2021-02,0,0.0
15432,2021-03,0,0.0
15432,2021-04,0,0.0
15432,2021-05,0,0.0
15432,2021-06,0,0.0
15432,2021-07,0,0.0
15432,2021-08,0,0.0
15432,2021-09,0,0.0
15432,2021-10,0,0.0
15432,2021-11,0,0.0
15432,2021-12,0,0.0
19538,2021-01,0,0.0
19538,2021-02,0,0.0
19538,2021-03,0,0.0
19538,2021-04,0,0.0
19538,2021-05,0,0.0
19538,2021-06,0,0.0
19538,2021-07,0,0.0
19538,2021-08,0,0.0
19538,2021-09,0,0.0
19538,2021-10,0,0.0
19538,2021-11,0,0.0
19538,2021-12,0,0.0
19539,2021-01,0,0.0
19539,2021-02,0,0.0
19539,2021-03,0,0.0
19539,2021-04,0,0.0
19539,2021-05,0,0.0
19539,2021-06,0,0.0
19539,2021-07,0,0.0
19539,2021-08,0,0.0
19539,2021-09,0,0.0
19539,2021-10,0,0.0
19539,2021-11,0,0.0
19539,2021-12,0,0.0
19540,2021-01,0,0.0
19540,2021-02,0,0.0
19540,2021-03,0,0.0
19540,2021-04,0,0.0
19540,2021-05,0,0.0
19540,2021-06,0,0.0
19540,2021-07,0,0.0
19540,2021-08,0,0.0
19540,2021-09,0,0.0
19540,2021-10,0,0.0
19540,2021-11,0,0.0
19540,2021-12,0,0.0
19541,2021-01,0,0.0
19541,2021-02,0,0.0
19541,2021-03,0,0.0
19541,2021-04,0,0.0
19541,2021-05,0,0.0
19541,2021-06,0,0.0
19541,2021-07,0,0.0
19541,2021-08,0,0.0
19541,2021-09,0,0.0
19541,2021-10,0,0.0
19541,2021-11,0,0.0
19541,2021-12,0,0.0
15437,2021-01,0,0.0
15437,2021-02,0,0.0
15437,2021-03,0,0.0
15437,2021-04,0,0.0
15437,2021-05,0,0.0
15437,2021-06,0,0.0
15437,2021-07,0,0.0
15437,2021-08,0,0.0
15437,2021-09,0,0.0
15437,2021-10,0,0.0
15437,2021-11,0,0.0
15437,2021-12,0,0.0
19543,2021-01,0,0.0
19543,2021-02,0,0.0
19543,2021-03,0,0.0
19543,2021-04,0,0.0
19543,2021-05,0,0.0
19543,2021-06,0,0.0
19543,2021-07,0,0.0
19543,2021-08,0,0.0
19543,2021-09,0,0.0
19543,2021-10,0,0.0
19543,2021-11,0,0.0
19543,2021-12,0,0.0
19544,2021-01,0,0.0
19544,2021-02,0,0.0
19544,2021-03,0,0.0
19544,2021-04,0,0.0
19544,2021-05,0,0.0
19544,2021-06,0,0.0
19544,2021-07,0,0.0
19544,2021-08,0,0.0
19544,2021-09,0,0.0
19544,2021-10,0,0.0
19544,2021-11,0,0.0
19544,2021-12,0,0.0
19545,2021-01,0,0.0
19545,2021-02,0,0.0
19545,2021-03,0,0.0
19545,2021-04,0,0.0
19545,2021-05,0,0.0
19545,2021-06,0,0.0
19545,2021-07,0,0.0
19545,2021-08,0,0.0
19545,2021-09,0,0.0
19545,2021-10,0,0.0
19545,2021-11,0,0.0
19545,2021-12,0,0.0
15442,2021-01,0,0.0
15442,2021-02,0,0.0
15442,2021-03,0,0.0
15442,2021-04,0,0.0
15442,2021-05,0,0.0
15442,2021-06,0,0.0
15442,2021-07,0,0.0
15442,2021-08,0,0.0
15442,2021-09,0,0.0
15442,2021-10,0,0.0
15442,2021-11,0,0.0
15442,2021-12,0,0.0
19547,2021-01,0,0.0
19547,2021-02,0,0.0
19547,2021-03,0,0.0
19547,2021-04,0,0.0
19547,2021-05,0,0.0
19547,2021-06,0,0.0
19547,2021-07,0,0.0
19547,2021-08,0,0.0
19547,2021-09,0,0.0
19547,2021-10,0,0.0
19547,2021-11,0,0.0
19547,2021-12,0,0.0
15443,2021-01,0,0.0
15443,2021-02,0,0.0
15443,2021-03,0,0.0
15443,2021-04,0,0.0
15443,2021-05,0,0.0
15443,2021-06,0,0.0
15443,2021-07,0,0.0
15443,2021-08,0,0.0
15443,2021-09,0,0.0
15443,2021-10,0,0.0
15443,2021-11,0,0.0
15443,2021-12,0,0.0
19549,2021-01,0,0.0
19549,2021-02,0,0.0
19549,2021-03,0,0.0
19549,2021-04,0,0.0
19549,2021-05,0,0.0
19549,2021-06,0,0.0
19549,2021-07,0,0.0
19549,2021-08,0,0.0
19549,2021-09,0,0.0
19549,2021-10,0,0.0
19549,2021-11,0,0.0
19549,2021-12,0,0.0
19550,2021-01,0,0.0
19550,2021-02,0,0.0
19550,2021-03,0,0.0
19550,2021-04,0,0.0
19550,2021-05,0,0.0
19550,2021-06,0,0.0
19550,2021-07,0,0.0
19550,2021-08,0,0.0
19550,2021-09,0,0.0
19550,2021-10,0,0.0
19550,2021-11,0,0.0
19550,2021-12,0,0.0
19551,2021-01,0,0.0
19551,2021-02,0,0.0
19551,2021-03,0,0.0
19551,2021-04,0,0.0
19551,2021-05,0,0.0
19551,2021-06,0,0.0
19551,2021-07,0,0.0
19551,2021-08,0,0.0
19551,2021-09,0,0.0
19551,2021-10,0,0.0
19551,2021-11,0,0.0
19551,2021-12,0,0.0
15447,2021-01,0,0.0
15447,2021-02,0,0.0
15447,2021-03,0,0.0
15447,2021-04,0,0.0
15447,2021-05,0,0.0
15447,2021-06,0,0.0
15447,2021-07,0,0.0
15447,2021-08,0,0.0
15447,2021-09,0,0.0
15447,2021-10,0,0.0
15447,2021-11,0,0.0
15447,2021-12,0,0.0
15448,2021-01,0,0.0
15448,2021-02,0,0.0
15448,2021-03,0,0.0
15448,2021-04,0,0.0
15448,2021-05,0,0.0
15448,2021-06,0,0.0
15448,2021-07,0,0.0
15448,2021-08,0,0.0
15448,2021-09,0,0.0
15448,2021-10,0,0.0
15448,2021-11,0,0.0
15448,2021-12,0,0.0
19554,2021-01,0,0.0
19554,2021-02,0,0.0
19554,2021-03,0,0.0
19554,2021-04,0,0.0
19554,2021-05,0,0.0
19554,2021-06,0,0.0
19554,2021-07,0,0.0
19554,2021-08,0,0.0
19554,2021-09,0,0.0
19554,2021-10,0,0.0
19554,2021-11,0,0.0
19554,2021-12,0,0.0
19555,2021-01,0,0.0
19555,2021-02,0,0.0
19555,2021-03,0,0.0
19555,2021-04,0,0.0
19555,2021-05,0,0.0
19555,2021-06,0,0.0
19555,2021-07,0,0.0
19555,2021-08,0,0.0
19555,2021-09,0,0.0
19555,2021-10,0,0.0
19555,2021-11,0,0.0
19555,2021-12,0,0.0
15451,2021-01,0,0.0
15451,2021-02,0,0.0
15451,2021-03,0,0.0
15451,2021-04,0,0.0
15451,2021-05,0,0.0
15451,2021-06,0,0.0
15451,2021-07,0,0.0
15451,2021-08,0,0.0
15451,2021-09,0,0.0
15451,2021-10,0,0.0
15451,2021-11,0,0.0
15451,2021-12,0,0.0
15454,2021-01,0,0.0
15454,2021-02,0,0.0
15454,2021-03,0,0.0
15454,2021-04,0,0.0
15454,2021-05,0,0.0
15454,2021-06,0,0.0
15454,2021-07,0,0.0
15454,2021-08,0,0.0
15454,2021-09,0,0.0
15454,2021-10,0,0.0
15454,2021-11,0,0.0
15454,2021-12,0,0.0
15455,2021-01,0,0.0
15455,2021-02,0,0.0
15455,2021-03,0,0.0
15455,2021-04,0,0.0
15455,2021-05,0,0.0
15455,2021-06,0,0.0
15455,2021-07,0,0.0
15455,2021-08,0,0.0
15455,2021-09,0,0.0
15455,2021-10,0,0.0
15455,2021-11,0,0.0
15455,2021-12,0,0.0
19559,2021-01,0,0.0
19559,2021-02,0,0.0
19559,2021-03,0,0.0
19559,2021-04,0,0.0
19559,2021-05,0,0.0
19559,2021-06,0,0.0
19559,2021-07,0,0.0
19559,2021-08,0,0.0
19559,2021-09,0,0.0
19559,2021-10,0,0.0
19559,2021-11,0,0.0
19559,2021-12,0,0.0
19560,2021-01,0,0.0
19560,2021-02,0,0.0
19560,2021-03,0,0.0
19560,2021-04,0,0.0
19560,2021-05,0,0.0
19560,2021-06,0,0.0
19560,2021-07,0,0.0
19560,2021-08,0,0.0
19560,2021-09,0,0.0
19560,2021-10,0,0.0
19560,2021-11,0,0.0
19560,2021-12,0,0.0
15456,2021-01,0,0.0
15456,2021-02,0,0.0
15456,2021-03,0,0.0
15456,2021-04,0,0.0
15456,2021-05,0,0.0
15456,2021-06,0,0.0
15456,2021-07,0,0.0
15456,2021-08,0,0.0
15456,2021-09,0,0.0
15456,2021-10,0,0.0
15456,2021-11,0,0.0
15456,2021-12,0,0.0
19562,2021-01,0,0.0
19562,2021-02,0,0.0
19562,2021-03,0,0.0
19562,2021-04,0,0.0
19562,2021-05,0,0.0
19562,2021-06,0,0.0
19562,2021-07,0,0.0
19562,2021-08,0,0.0
19562,2021-09,0,0.0
19562,2021-10,0,0.0
19562,2021-11,0,0.0
19562,2021-12,0,0.0
15458,2021-01,0,0.0
15458,2021-02,0,0.0
15458,2021-03,0,0.0
15458,2021-04,0,0.0
15458,2021-05,0,0.0
15458,2021-06,0,0.0
15458,2021-07,0,0.0
15458,2021-08,0,0.0
15458,2021-09,0,0.0
15458,2021-10,0,0.0
15458,2021-11,0,0.0
15458,2021-12,0,0.0
19564,2021-01,0,0.0
19564,2021-02,0,0.0
19564,2021-03,0,0.0
19564,2021-04,0,0.0
19564,2021-05,0,0.0
19564,2021-06,0,0.0
19564,2021-07,0,0.0
19564,2021-08,0,0.0
19564,2021-09,0,0.0
19564,2021-10,0,0.0
19564,2021-11,0,0.0
19564,2021-12,0,0.0
19565,2021-01,0,0.0
19565,2021-02,0,0.0
19565,2021-03,0,0.0
19565,2021-04,0,0.0
19565,2021-05,0,0.0
19565,2021-06,0,0.0
19565,2021-07,0,0.0
19565,2021-08,0,0.0
19565,2021-09,0,0.0
19565,2021-10,0,0.0
19565,2021-11,0,0.0
19565,2021-12,0,0.0
15461,2021-01,0,0.0
15461,2021-02,0,0.0
15461,2021-03,0,0.0
15461,2021-04,0,0.0
15461,2021-05,0,0.0
15461,2021-06,0,0.0
15461,2021-07,0,0.0
15461,2021-08,0,0.0
15461,2021-09,0,0.0
15461,2021-10,0,0.0
15461,2021-11,0,0.0
15461,2021-12,0,0.0
19567,2021-01,0,0.0
19567,2021-02,0,0.0
19567,2021-03,0,0.0
19567,2021-04,0,0.0
19567,2021-05,0,0.0
19567,2021-06,0,0.0
19567,2021-07,0,0.0
19567,2021-08,0,0.0
19567,2021-09,0,0.0
19567,2021-10,0,0.0
19567,2021-11,0,0.0
19567,2021-12,0,0.0
15463,2021-01,0,0.0
15463,2021-02,0,0.0
15463,2021-03,0,0.0
15463,2021-04,0,0.0
15463,2021-05,0,0.0
15463,2021-06,0,0.0
15463,2021-07,0,0.0
15463,2021-08,0,0.0
15463,2021-09,0,0.0
15463,2021-10,0,0.0
15463,2021-11,0,0.0
15463,2021-12,0,0.0
15464,2021-01,0,0.0
15464,2021-02,0,0.0
15464,2021-03,0,0.0
15464,2021-04,0,0.0
15464,2021-05,0,0.0
15464,2021-06,0,0.0
15464,2021-07,0,0.0
15464,2021-08,0,0.0
15464,2021-09,0,0.0
15464,2021-10,0,0.0
15464,2021-11,0,0.0
15464,2021-12,0,0.0
15465,2021-01,0,0.0
15465,2021-02,0,0.0
15465,2021-03,0,0.0
15465,2021-04,0,0.0
15465,2021-05,0,0.0
15465,2021-06,0,0.0
15465,2021-07,0,0.0
15465,2021-08,0,0.0
15465,2021-09,0,0.0
15465,2021-10,0,0.0
15465,2021-11,0,0.0
15465,2021-12,0,0.0
15466,2021-01,0,0.0
15466,2021-02,0,0.0
15466,2021-03,0,0.0
15466,2021-04,0,0.0
15466,2021-05,0,0.0
15466,2021-06,0,0.0
15466,2021-07,0,0.0
15466,2021-08,0,0.0
15466,2021-09,0,0.0
15466,2021-10,0,0.0
15466,2021-11,0,0.0
15466,2021-12,0,0.0
15467,2021-01,0,0.0
15467,2021-02,0,0.0
15467,2021-03,0,0.0
15467,2021-04,0,0.0
15467,2021-05,0,0.0
15467,2021-06,0,0.0
15467,2021-07,0,0.0
15467,2021-08,0,0.0
15467,2021-09,0,0.0
15467,2021-10,0,0.0
15467,2021-11,0,0.0
15467,2021-12,0,0.0
15468,2021-01,0,0.0
15468,2021-02,0,0.0
15468,2021-03,0,0.0
15468,2021-04,0,0.0
15468,2021-05,0,0.0
15468,2021-06,0,0.0
15468,2021-07,0,0.0
15468,2021-08,0,0.0
15468,2021-09,0,0.0
15468,2021-10,0,0.0
15468,2021-11,0,0.0
15468,2021-12,0,0.0
15469,2021-01,0,0.0
15469,2021-02,0,0.0
15469,2021-03,0,0.0
15469,2021-04,0,0.0
15469,2021-05,0,0.0
15469,2021-06,0,0.0
15469,2021-07,0,0.0
15469,2021-08,0,0.0
15469,2021-09,0,0.0
15469,2021-10,0,0.0
15469,2021-11,0,0.0
15469,2021-12,0,0.0
15470,2021-01,0,0.0
15470,2021-02,0,0.0
15470,2021-03,0,0.0
15470,2021-04,0,0.0
15470,2021-05,0,0.0
15470,2021-06,0,0.0
15470,2021-07,0,0.0
15470,2021-08,0,0.0
15470,2021-09,0,0.0
15470,2021-10,0,0.0
15470,2021-11,0,0.0
15470,2021-12,0,0.0
15472,2021-01,0,0.0
15472,2021-02,0,0.0
15472,2021-03,0,0.0
15472,2021-04,0,0.0
15472,2021-05,0,0.0
15472,2021-06,0,0.0
15472,2021-07,0,0.0
15472,2021-08,0,0.0
15472,2021-09,0,0.0
15472,2021-10,0,0.0
15472,2021-11,0,0.0
15472,2021-12,0,0.0
15473,2021-01,0,0.0
15473,2021-02,0,0.0
15473,2021-03,0,0.0
15473,2021-04,0,0.0
15473,2021-05,0,0.0
15473,2021-06,0,0.0
15473,2021-07,0,0.0
15473,2021-08,0,0.0
15473,2021-09,0,0.0
15473,2021-10,0,0.0
15473,2021-11,0,0.0
15473,2021-12,0,0.0
15474,2021-01,0,0.0
15474,2021-02,0,0.0
15474,2021-03,0,0.0
15474,2021-04,0,0.0
15474,2021-05,0,0.0
15474,2021-06,0,0.0
15474,2021-07,0,0.0
15474,2021-08,0,0.0
15474,2021-09,0,0.0
15474,2021-10,0,0.0
15474,2021-11,0,0.0
15474,2021-12,0,0.0
15475,2021-01,0,0.0
15475,2021-02,0,0.0
15475,2021-03,0,0.0
15475,2021-04,0,0.0
15475,2021-05,0,0.0
15475,2021-06,0,0.0
15475,2021-07,0,0.0
15475,2021-08,0,0.0
15475,2021-09,0,0.0
15475,2021-10,0,0.0
15475,2021-11,0,0.0
15475,2021-12,0,0.0
15476,2021-01,0,0.0
15476,2021-02,0,0.0
15476,2021-03,0,0.0
15476,2021-04,0,0.0
15476,2021-05,0,0.0
15476,2021-06,0,0.0
15476,2021-07,0,0.0
15476,2021-08,0,0.0
15476,2021-09,0,0.0
15476,2021-10,0,0.0
15476,2021-11,0,0.0
15476,2021-12,0,0.0
15477,2021-01,0,0.0
15477,2021-02,0,0.0
15477,2021-03,0,0.0
15477,2021-04,0,0.0
15477,2021-05,0,0.0
15477,2021-06,0,0.0
15477,2021-07,0,0.0
15477,2021-08,0,0.0
15477,2021-09,0,0.0
15477,2021-10,0,0.0
15477,2021-11,0,0.0
15477,2021-12,0,0.0
15478,2021-01,0,0.0
15478,2021-02,0,0.0
15478,2021-03,0,0.0
15478,2021-04,0,0.0
15478,2021-05,0,0.0
15478,2021-06,0,0.0
15478,2021-07,0,0.0
15478,2021-08,0,0.0
15478,2021-09,0,0.0
15478,2021-10,0,0.0
15478,2021-11,0,0.0
15478,2021-12,0,0.0
15479,2021-01,0,0.0
15479,2021-02,0,0.0
15479,2021-03,0,0.0
15479,2021-04,0,0.0
15479,2021-05,0,0.0
15479,2021-06,0,0.0
15479,2021-07,0,0.0
15479,2021-08,0,0.0
15479,2021-09,0,0.0
15479,2021-10,0,0.0
15479,2021-11,0,0.0
15479,2021-12,0,0.0
15480,2021-01,0,0.0
15480,2021-02,0,0.0
15480,2021-03,0,0.0
15480,2021-04,0,0.0
15480,2021-05,0,0.0
15480,2021-06,0,0.0
15480,2021-07,0,0.0
15480,2021-08,0,0.0
15480,2021-09,0,0.0
15480,2021-10,0,0.0
15480,2021-11,0,0.0
15480,2021-12,0,0.0
15482,2021-01,0,0.0
15482,2021-02,0,0.0
15482,2021-03,0,0.0
15482,2021-04,0,0.0
15482,2021-05,0,0.0
15482,2021-06,0,0.0
15482,2021-07,0,0.0
15482,2021-08,0,0.0
15482,2021-09,0,0.0
15482,2021-10,0,0.0
15482,2021-11,0,0.0
15482,2021-12,0,0.0
15483,2021-01,0,0.0
15483,2021-02,0,0.0
15483,2021-03,0,0.0
15483,2021-04,0,0.0
15483,2021-05,0,0.0
15483,2021-06,0,0.0
15483,2021-07,0,0.0
15483,2021-08,0,0.0
15483,2021-09,0,0.0
15483,2021-10,0,0.0
15483,2021-11,0,0.0
15483,2021-12,0,0.0
15484,2021-01,0,0.0
15484,2021-02,0,0.0
15484,2021-03,0,0.0
15484,2021-04,0,0.0
15484,2021-05,0,0.0
15484,2021-06,0,0.0
15484,2021-07,0,0.0
15484,2021-08,0,0.0
15484,2021-09,0,0.0
15484,2021-10,0,0.0
15484,2021-11,0,0.0
15484,2021-12,0,0.0
15486,2021-01,0,0.0
15486,2021-02,0,0.0
15486,2021-03,0,0.0
15486,2021-04,0,0.0
15486,2021-05,0,0.0
15486,2021-06,0,0.0
15486,2021-07,0,0.0
15486,2021-08,0,0.0
15486,2021-09,0,0.0
15486,2021-10,0,0.0
15486,2021-11,0,0.0
15486,2021-12,0,0.0
15488,2021-01,0,0.0
15488,2021-02,0,0.0
15488,2021-03,0,0.0
15488,2021-04,0,0.0
15488,2021-05,0,0.0
15488,2021-06,0,0.0
15488,2021-07,0,0.0
15488,2021-08,0,0.0
15488,2021-09,0,0.0
15488,2021-10,0,0.0
15488,2021-11,0,0.0
15488,2021-12,0,0.0
15489,2021-01,0,0.0
15489,2021-02,0,0.0
15489,2021-03,0,0.0
15489,2021-04,0,0.0
15489,2021-05,0,0.0
15489,2021-06,0,0.0
15489,2021-07,0,0.0
15489,2021-08,0,0.0
15489,2021-09,0,0.0
15489,2021-10,0,0.0
15489,2021-11,0,0.0
15489,2021-12,0,0.0
15490,2021-01,0,0.0
15490,2021-02,0,0.0
15490,2021-03,0,0.0
15490,2021-04,0,0.0
15490,2021-05,0,0.0
15490,2021-06,0,0.0
15490,2021-07,0,0.0
15490,2021-08,0,0.0
15490,2021-09,0,0.0
15490,2021-10,0,0.0
15490,2021-11,0,0.0
15490,2021-12,0,0.0
15492,2021-01,0,0.0
15492,2021-02,0,0.0
15492,2021-03,0,0.0
15492,2021-04,0,0.0
15492,2021-05,0,0.0
15492,2021-06,0,0.0
15492,2021-07,0,0.0
15492,2021-08,0,0.0
15492,2021-09,0,0.0
15492,2021-10,0,0.0
15492,2021-11,0,0.0
15492,2021-12,0,0.0
15502,2021-01,0,0.0
15502,2021-02,0,0.0
15502,2021-03,0,0.0
15502,2021-04,0,0.0
15502,2021-05,0,0.0
15502,2021-06,0,0.0
15502,2021-07,0,0.0
15502,2021-08,0,0.0
15502,2021-09,0,0.0
15502,2021-10,0,0.0
15502,2021-11,0,0.0
15502,2021-12,0,0.0
19602,2021-01,0,0.0
19602,2021-02,0,0.0
19602,2021-03,0,0.0
19602,2021-04,0,0.0
19602,2021-05,0,0.0
19602,2021-06,0,0.0
19602,2021-07,0,0.0
19602,2021-08,0,0.0
19602,2021-09,0,0.0
19602,2021-10,0,0.0
19602,2021-11,0,0.0
19602,2021-12,0,0.0
19604,2021-01,0,0.0
19604,2021-02,0,0.0
19604,2021-03,0,0.0
19604,2021-04,0,0.0
19604,2021-05,0,0.0
19604,2021-06,0,0.0
19604,2021-07,0,0.0
19604,2021-08,0,0.0
19604,2021-09,0,0.0
19604,2021-10,0,0.0
19604,2021-11,0,0.0
19604,2021-12,0,0.0
19605,2021-01,0,0.0
19605,2021-02,0,0.0
19605,2021-03,0,0.0
19605,2021-04,0,0.0
19605,2021-05,0,0.0
19605,2021-06,0,0.0
19605,2021-07,0,0.0
19605,2021-08,0,0.0
19605,2021-09,0,0.0
19605,2021-10,0,0.0
19605,2021-11,0,0.0
19605,2021-12,0,0.0
19606,2021-01,0,0.0
19606,2021-02,0,0.0
19606,2021-03,0,0.0
19606,2021-04,0,0.0
19606,2021-05,0,0.0
19606,2021-06,0,0.0
19606,2021-07,0,0.0
19606,2021-08,0,0.0
19606,2021-09,0,0.0
19606,2021-10,0,0.0
19606,2021-11,0,0.0
19606,2021-12,0,0.0
19607,2021-01,0,0.0
19607,2021-02,0,0.0
19607,2021-03,0,0.0
19607,2021-04,0,0.0
19607,2021-05,0,0.0
19607,2021-06,0,0.0
19607,2021-07,0,0.0
19607,2021-08,0,0.0
19607,2021-09,0,0.0
19607,2021-10,0,0.0
19607,2021-11,0,0.0
19607,2021-12,0,0.0
19608,2021-01,0,0.0
19608,2021-02,0,0.0
19608,2021-03,0,0.0
19608,2021-04,0,0.0
19608,2021-05,0,0.0
19608,2021-06,0,0.0
19608,2021-07,0,0.0
19608,2021-08,0,0.0
19608,2021-09,0,0.0
19608,2021-10,0,0.0
19608,2021-11,0,0.0
19608,2021-12,0,0.0
19609,2021-01,0,0.0
19609,2021-02,0,0.0
19609,2021-03,0,0.0
19609,2021-04,0,0.0
19609,2021-05,0,0.0
19609,2021-06,0,0.0
19609,2021-07,0,0.0
19609,2021-08,0,0.0
19609,2021-09,0,0.0
19609,2021-10,0,0.0
19609,2021-11,0,0.0
19609,2021-12,0,0.0
19610,2021-01,0,0.0
19610,2021-02,0,0.0
19610,2021-03,0,0.0
19610,2021-04,0,0.0
19610,2021-05,0,0.0
19610,2021-06,0,0.0
19610,2021-07,0,0.0
19610,2021-08,0,0.0
19610,2021-09,0,0.0
19610,2021-10,0,0.0
19610,2021-11,0,0.0
19610,2021-12,0,0.0
19611,2021-01,0,0.0
19611,2021-02,0,0.0
19611,2021-03,0,0.0
19611,2021-04,0,0.0
19611,2021-05,0,0.0
19611,2021-06,0,0.0
19611,2021-07,0,0.0
19611,2021-08,0,0.0
19611,2021-09,0,0.0
19611,2021-10,0,0.0
19611,2021-11,0,0.0
19611,2021-12,0,0.0
15510,2021-01,0,0.0
15510,2021-02,0,0.0
15510,2021-03,0,0.0
15510,2021-04,0,0.0
15510,2021-05,0,0.0
15510,2021-06,0,0.0
15510,2021-07,0,0.0
15510,2021-08,0,0.0
15510,2021-09,0,0.0
15510,2021-10,0,0.0
15510,2021-11,0,0.0
15510,2021-12,0,0.0
15520,2021-01,0,0.0
15520,2021-02,0,0.0
15520,2021-03,0,0.0
15520,2021-04,0,0.0
15520,2021-05,0,0.0
15520,2021-06,0,0.0
15520,2021-07,0,0.0
15520,2021-08,0,0.0
15520,2021-09,0,0.0
15520,2021-10,0,0.0
15520,2021-11,0,0.0
15520,2021-12,0,0.0
15521,2021-01,0,0.0
15521,2021-02,0,0.0
15521,2021-03,0,0.0
15521,2021-04,0,0.0
15521,2021-05,0,0.0
15521,2021-06,0,0.0
15521,2021-07,0,0.0
15521,2021-08,0,0.0
15521,2021-09,0,0.0
15521,2021-10,0,0.0
15521,2021-11,0,0.0
15521,2021-12,0,0.0
15522,2021-01,0,0.0
15522,2021-02,0,0.0
15522,2021-03,0,0.0
15522,2021-04,0,0.0
15522,2021-05,0,0.0
15522,2021-06,0,0.0
15522,2021-07,0,0.0
15522,2021-08,0,0.0
15522,2021-09,0,0.0
15522,2021-10,0,0.0
15522,2021-11,0,0.0
15522,2021-12,0,0.0
15530,2021-01,0,0.0
15530,2021-02,0,0.0
15530,2021-03,0,0.0
15530,2021-04,0,0.0
15530,2021-05,0,0.0
15530,2021-06,0,0.0
15530,2021-07,0,0.0
15530,2021-08,0,0.0
15530,2021-09,0,0.0
15530,2021-10,0,0.0
15530,2021-11,0,0.0
15530,2021-12,0,0.0
15531,2021-01,0,0.0
15531,2021-02,0,0.0
15531,2021-03,0,0.0
15531,2021-04,0,0.0
15531,2021-05,0,0.0
15531,2021-06,0,0.0
15531,2021-07,0,0.0
15531,2021-08,0,0.0
15531,2021-09,0,0.0
15531,2021-10,0,0.0
15531,2021-11,0,0.0
15531,2021-12,0,0.0
15532,2021-01,0,0.0
15532,2021-02,0,0.0
15532,2021-03,0,0.0
15532,2021-04,0,0.0
15532,2021-05,0,0.0
15532,2021-06,0,0.0
15532,2021-07,0,0.0
15532,2021-08,0,0.0
15532,2021-09,0,0.0
15532,2021-10,0,0.0
15532,2021-11,0,0.0
15532,2021-12,0,0.0
15533,2021-01,0,0.0
15533,2021-02,0,0.0
15533,2021-03,0,0.0
15533,2021-04,0,0.0
15533,2021-05,0,0.0
15533,2021-06,0,0.0
15533,2021-07,0,0.0
15533,2021-08,0,0.0
15533,2021-09,0,0.0
15533,2021-10,0,0.0
15533,2021-11,0,0.0
15533,2021-12,0,0.0
15534,2021-01,0,0.0
15534,2021-02,0,0.0
15534,2021-03,0,0.0
15534,2021-04,0,0.0
15534,2021-05,0,0.0
15534,2021-06,0,0.0
15534,2021-07,0,0.0
15534,2021-08,0,0.0
15534,2021-09,0,0.0
15534,2021-10,0,0.0
15534,2021-11,0,0.0
15534,2021-12,0,0.0
15535,2021-01,0,0.0
15535,2021-02,0,0.0
15535,2021-03,0,0.0
15535,2021-04,0,0.0
15535,2021-05,0,0.0
15535,2021-06,0,0.0
15535,2021-07,0,0.0
15535,2021-08,0,0.0
15535,2021-09,0,0.0
15535,2021-10,0,0.0
15535,2021-11,0,0.0
15535,2021-12,0,0.0
15536,2021-01,0,0.0
15536,2021-02,0,0.0
15536,2021-03,0,0.0
15536,2021-04,0,0.0
15536,2021-05,0,0.0
15536,2021-06,0,0.0
15536,2021-07,0,0.0
15536,2021-08,0,0.0
15536,2021-09,0,0.0
15536,2021-10,0,0.0
15536,2021-11,0,0.0
15536,2021-12,0,0.0
15537,2021-01,0,0.0
15537,2021-02,0,0.0
15537,2021-03,0,0.0
15537,2021-04,0,0.0
15537,2021-05,0,0.0
15537,2021-06,0,0.0
15537,2021-07,0,0.0
15537,2021-08,0,0.0
15537,2021-09,0,0.0
15537,2021-10,0,0.0
15537,2021-11,0,0.0
15537,2021-12,0,0.0
15538,2021-01,0,0.0
15538,2021-02,0,0.0
15538,2021-03,0,0.0
15538,2021-04,0,0.0
15538,2021-05,0,0.0
15538,2021-06,0,0.0
15538,2021-07,0,0.0
15538,2021-08,0,0.0
15538,2021-09,0,0.0
15538,2021-10,0,0.0
15538,2021-11,0,0.0
15538,2021-12,0,0.0
15539,2021-01,0,0.0
15539,2021-02,0,0.0
15539,2021-03,0,0.0
15539,2021-04,0,0.0
15539,2021-05,0,0.0
15539,2021-06,0,0.0
15539,2021-07,0,0.0
15539,2021-08,0,0.0
15539,2021-09,0,0.0
15539,2021-10,0,0.0
15539,2021-11,0,0.0
15539,2021-12,0,0.0
15540,2021-01,0,0.0
15540,2021-02,0,0.0
15540,2021-03,0,0.0
15540,2021-04,0,0.0
15540,2021-05,0,0.0
15540,2021-06,0,0.0
15540,2021-07,0,0.0
15540,2021-08,0,0.0
15540,2021-09,0,0.0
15540,2021-10,0,0.0
15540,2021-11,0,0.0
15540,2021-12,0,0.0
15541,2021-01,0,0.0
15541,2021-02,0,0.0
15541,2021-03,0,0.0
15541,2021-04,0,0.0
15541,2021-05,0,0.0
15541,2021-06,0,0.0
15541,2021-07,0,0.0
15541,2021-08,0,0.0
15541,2021-09,0,0.0
15541,2021-10,0,0.0
15541,2021-11,0,0.0
15541,2021-12,0,0.0
15542,2021-01,0,0.0
15542,2021-02,0,0.0
15542,2021-03,0,0.0
15542,2021-04,0,0.0
15542,2021-05,0,0.0
15542,2021-06,0,0.0
15542,2021-07,0,0.0
15542,2021-08,0,0.0
15542,2021-09,0,0.0
15542,2021-10,0,0.0
15542,2021-11,0,0.0
15542,2021-12,0,0.0
15544,2021-01,0,0.0
15544,2021-02,0,0.0
15544,2021-03,0,0.0
15544,2021-04,0,0.0
15544,2021-05,0,0.0
15544,2021-06,0,0.0
15544,2021-07,0,0.0
15544,2021-08,0,0.0
15544,2021-09,0,0.0
15544,2021-10,0,0.0
15544,2021-11,0,0.0
15544,2021-12,0,0.0
15545,2021-01,0,0.0
15545,2021-02,0,0.0
15545,2021-03,0,0.0
15545,2021-04,0,0.0
15545,2021-05,0,0.0
15545,2021-06,0,0.0
15545,2021-07,0,0.0
15545,2021-08,0,0.0
15545,2021-09,0,0.0
15545,2021-10,0,0.0
15545,2021-11,0,0.0
15545,2021-12,0,0.0
15546,2021-01,0,0.0
15546,2021-02,0,0.0
15546,2021-03,0,0.0
15546,2021-04,0,0.0
15546,2021-05,0,0.0
15546,2021-06,0,0.0
15546,2021-07,0,0.0
15546,2021-08,0,0.0
15546,2021-09,0,0.0
15546,2021-10,0,0.0
15546,2021-11,0,0.0
15546,2021-12,0,0.0
15547,2021-01,0,0.0
15547,2021-02,0,0.0
15547,2021-03,0,0.0
15547,2021-04,0,0.0
15547,2021-05,0,0.0
15547,2021-06,0,0.0
15547,2021-07,0,0.0
15547,2021-08,0,0.0
15547,2021-09,0,0.0
15547,2021-10,0,0.0
15547,2021-11,0,0.0
15547,2021-12,0,0.0
15550,2021-01,0,0.0
15550,2021-02,0,0.0
15550,2021-03,0,0.0
15550,2021-04,0,0.0
15550,2021-05,0,0.0
15550,2021-06,0,0.0
15550,2021-07,0,0.0
15550,2021-08,0,0.0
15550,2021-09,0,0.0
15550,2021-10,0,0.0
15550,2021-11,0,0.0
15550,2021-12,0,0.0
15551,2021-01,0,0.0
15551,2021-02,0,0.0
15551,2021-03,0,0.0
15551,2021-04,0,0.0
15551,2021-05,0,0.0
15551,2021-06,0,0.0
15551,2021-07,0,0.0
15551,2021-08,0,0.0
15551,2021-09,0,0.0
15551,2021-10,0,0.0
15551,2021-11,0,0.0
15551,2021-12,0,0.0
15552,2021-01,0,0.0
15552,2021-02,0,0.0
15552,2021-03,0,0.0
15552,2021-04,0,0.0
15552,2021-05,0,0.0
15552,2021-06,0,0.0
15552,2021-07,0,0.0
15552,2021-08,0,0.0
15552,2021-09,0,0.0
15552,2021-10,0,0.0
15552,2021-11,0,0.0
15552,2021-12,0,0.0
15554,2021-01,0,0.0
15554,2021-02,0,0.0
15554,2021-03,0,0.0
15554,2021-04,0,0.0
15554,2021-05,0,0.0
15554,2021-06,0,0.0
15554,2021-07,0,0.0
15554,2021-08,0,0.0
15554,2021-09,0,0.0
15554,2021-10,0,0.0
15554,2021-11,0,0.0
15554,2021-12,0,0.0
15555,2021-01,0,0.0
15555,2021-02,0,0.0
15555,2021-03,0,0.0
15555,2021-04,0,0.0
15555,2021-05,0,0.0
15555,2021-06,0,0.0
15555,2021-07,0,0.0
15555,2021-08,0,0.0
15555,2021-09,0,0.0
15555,2021-10,0,0.0
15555,2021-11,0,0.0
15555,2021-12,0,0.0
15557,2021-01,0,0.0
15557,2021-02,0,0.0
15557,2021-03,0,0.0
15557,2021-04,0,0.0
15557,2021-05,0,0.0
15557,2021-06,0,0.0
15557,2021-07,0,0.0
15557,2021-08,0,0.0
15557,2021-09,0,0.0
15557,2021-10,0,0.0
15557,2021-11,0,0.0
15557,2021-12,0,0.0
15558,2021-01,0,0.0
15558,2021-02,0,0.0
15558,2021-03,0,0.0
15558,2021-04,0,0.0
15558,2021-05,0,0.0
15558,2021-06,0,0.0
15558,2021-07,0,0.0
15558,2021-08,0,0.0
15558,2021-09,0,0.0
15558,2021-10,0,0.0
15558,2021-11,0,0.0
15558,2021-12,0,0.0
15559,2021-01,0,0.0
15559,2021-02,0,0.0
15559,2021-03,0,0.0
15559,2021-04,0,0.0
15559,2021-05,0,0.0
15559,2021-06,0,0.0
15559,2021-07,0,0.0
15559,2021-08,0,0.0
15559,2021-09,0,0.0
15559,2021-10,0,0.0
15559,2021-11,0,0.0
15559,2021-12,0,0.0
15560,2021-01,0,0.0
15560,2021-02,0,0.0
15560,2021-03,0,0.0
15560,2021-04,0,0.0
15560,2021-05,0,0.0
15560,2021-06,0,0.0
15560,2021-07,0,0.0
15560,2021-08,0,0.0
15560,2021-09,0,0.0
15560,2021-10,0,0.0
15560,2021-11,0,0.0
15560,2021-12,0,0.0
15561,2021-01,0,0.0
15561,2021-02,0,0.0
15561,2021-03,0,0.0
15561,2021-04,0,0.0
15561,2021-05,0,0.0
15561,2021-06,0,0.0
15561,2021-07,0,0.0
15561,2021-08,0,0.0
15561,2021-09,0,0.0
15561,2021-10,0,0.0
15561,2021-11,0,0.0
15561,2021-12,0,0.0
15562,2021-01,0,0.0
15562,2021-02,0,0.0
15562,2021-03,0,0.0
15562,2021-04,0,0.0
15562,2021-05,0,0.0
15562,2021-06,0,0.0
15562,2021-07,0,0.0
15562,2021-08,0,0.0
15562,2021-09,0,0.0
15562,2021-10,0,0.0
15562,2021-11,0,0.0
15562,2021-12,0,0.0
15563,2021-01,0,0.0
15563,2021-02,0,0.0
15563,2021-03,0,0.0
15563,2021-04,0,0.0
15563,2021-05,0,0.0
15563,2021-06,0,0.0
15563,2021-07,0,0.0
15563,2021-08,0,0.0
15563,2021-09,0,0.0
15563,2021-10,0,0.0
15563,2021-11,0,0.0
15563,2021-12,0,0.0
15564,2021-01,0,0.0
15564,2021-02,0,0.0
15564,2021-03,0,0.0
15564,2021-04,0,0.0
15564,2021-05,0,0.0
15564,2021-06,0,0.0
15564,2021-07,0,0.0
15564,2021-08,0,0.0
15564,2021-09,0,0.0
15564,2021-10,0,0.0
15564,2021-11,0,0.0
15564,2021-12,0,0.0
15565,2021-01,0,0.0
15565,2021-02,0,0.0
15565,2021-03,0,0.0
15565,2021-04,0,0.0
15565,2021-05,0,0.0
15565,2021-06,0,0.0
15565,2021-07,0,0.0
15565,2021-08,0,0.0
15565,2021-09,0,0.0
15565,2021-10,0,0.0
15565,2021-11,0,0.0
15565,2021-12,0,0.0
15610,2021-01,0,0.0
15610,2021-02,0,0.0
15610,2021-03,0,0.0
15610,2021-04,0,0.0
15610,2021-05,0,0.0
15610,2021-06,0,0.0
15610,2021-07,0,0.0
15610,2021-08,0,0.0
15610,2021-09,0,0.0
15610,2021-10,0,0.0
15610,2021-11,0,0.0
15610,2021-12,0,0.0
15611,2021-01,0,0.0
15611,2021-02,0,0.0
15611,2021-03,0,0.0
15611,2021-04,0,0.0
15611,2021-05,0,0.0
15611,2021-06,0,0.0
15611,2021-07,0,0.0
15611,2021-08,0,0.0
15611,2021-09,0,0.0
15611,2021-10,0,0.0
15611,2021-11,0,0.0
15611,2021-12,0,0.0
15612,2021-01,0,0.0
15612,2021-02,0,0.0
15612,2021-03,0,0.0
15612,2021-04,0,0.0
15612,2021-05,0,0.0
15612,2021-06,0,0.0
15612,2021-07,0,0.0
15612,2021-08,0,0.0
15612,2021-09,0,0.0
15612,2021-10,0,0.0
15612,2021-11,0,0.0
15612,2021-12,0,0.0
15613,2021-01,0,0.0
15613,2021-02,0,0.0
15613,2021-03,0,0.0
15613,2021-04,0,0.0
15613,2021-05,0,0.0
15613,2021-06,0,0.0
15613,2021-07,0,0.0
15613,2021-08,0,0.0
15613,2021-09,0,0.0
15613,2021-10,0,0.0
15613,2021-11,0,0.0
15613,2021-12,0,0.0
15615,2021-01,0,0.0
15615,2021-02,0,0.0
15615,2021-03,0,0.0
15615,2021-04,0,0.0
15615,2021-05,0,0.0
15615,2021-06,0,0.0
15615,2021-07,0,0.0
15615,2021-08,0,0.0
15615,2021-09,0,0.0
15615,2021-10,0,0.0
15615,2021-11,0,0.0
15615,2021-12,0,0.0
15616,2021-01,0,0.0
15616,2021-02,0,0.0
15616,2021-03,0,0.0
15616,2021-04,0,0.0
15616,2021-05,0,0.0
15616,2021-06,0,0.0
15616,2021-07,0,0.0
15616,2021-08,0,0.0
15616,2021-09,0,0.0
15616,2021-10,0,0.0
15616,2021-11,0,0.0
15616,2021-12,0,0.0
15617,2021-01,0,0.0
15617,2021-02,0,0.0
15617,2021-03,0,0.0
15617,2021-04,0,0.0
15617,2021-05,0,0.0
15617,2021-06,0,0.0
15617,2021-07,0,0.0
15617,2021-08,0,0.0
15617,2021-09,0,0.0
15617,2021-10,0,0.0
15617,2021-11,0,0.0
15617,2021-12,0,0.0
15618,2021-01,0,0.0
15618,2021-02,0,0.0
15618,2021-03,0,0.0
15618,2021-04,0,0.0
15618,2021-05,0,0.0
15618,2021-06,0,0.0
15618,2021-07,0,0.0
15618,2021-08,0,0.0
15618,2021-09,0,0.0
15618,2021-10,0,0.0
15618,2021-11,0,0.0
15618,2021-12,0,0.0
15619,2021-01,0,0.0
15619,2021-02,0,0.0
15619,2021-03,0,0.0
15619,2021-04,0,0.0
15619,2021-05,0,0.0
15619,2021-06,0,0.0
15619,2021-07,0,0.0
15619,2021-08,0,0.0
15619,2021-09,0,0.0
15619,2021-10,0,0.0
15619,2021-11,0,0.0
15619,2021-12,0,0.0
15620,2021-01,0,0.0
15620,2021-02,0,0.0
15620,2021-03,0,0.0
15620,2021-04,0,0.0
15620,2021-05,0,0.0
15620,2021-06,0,0.0
15620,2021-07,0,0.0
15620,2021-08,0,0.0
15620,2021-09,0,0.0
15620,2021-10,0,0.0
15620,2021-11,0,0.0
15620,2021-12,0,0.0
15622,2021-01,0,0.0
15622,2021-02,0,0.0
15622,2021-03,0,0.0
15622,2021-04,0,0.0
15622,2021-05,0,0.0
15622,2021-06,0,0.0
15622,2021-07,0,0.0
15622,2021-08,0,0.0
15622,2021-09,0,0.0
15622,2021-10,0,0.0
15622,2021-11,0,0.0
15622,2021-12,0,0.0
15623,2021-01,0,0.0
15623,2021-02,0,0.0
15623,2021-03,0,0.0
15623,2021-04,0,0.0
15623,2021-05,0,0.0
15623,2021-06,0,0.0
15623,2021-07,0,0.0
15623,2021-08,0,0.0
15623,2021-09,0,0.0
15623,2021-10,0,0.0
15623,2021-11,0,0.0
15623,2021-12,0,0.0
15624,2021-01,0,0.0
15624,2021-02,0,0.0
15624,2021-03,0,0.0
15624,2021-04,0,0.0
15624,2021-05,0,0.0
15624,2021-06,0,0.0
15624,2021-07,0,0.0
15624,2021-08,0,0.0
15624,2021-09,0,0.0
15624,2021-10,0,0.0
15624,2021-11,0,0.0
15624,2021-12,0,0.0
15625,2021-01,0,0.0
15625,2021-02,0,0.0
15625,2021-03,0,0.0
15625,2021-04,0,0.0
15625,2021-05,0,0.0
15625,2021-06,0,0.0
15625,2021-07,0,0.0
15625,2021-08,0,0.0
15625,2021-09,0,0.0
15625,2021-10,0,0.0
15625,2021-11,0,0.0
15625,2021-12,0,0.0
15626,2021-01,0,0.0
15626,2021-02,0,0.0
15626,2021-03,0,0.0
15626,2021-04,0,0.0
15626,2021-05,0,0.0
15626,2021-06,0,0.0
15626,2021-07,0,0.0
15626,2021-08,0,0.0
15626,2021-09,0,0.0
15626,2021-10,0,0.0
15626,2021-11,0,0.0
15626,2021-12,0,0.0
15628,2021-01,0,0.0
15628,2021-02,0,0.0
15628,2021-03,0,0.0
15628,2021-04,0,0.0
15628,2021-05,0,0.0
15628,2021-06,0,0.0
15628,2021-07,0,0.0
15628,2021-08,0,0.0
15628,2021-09,0,0.0
15628,2021-10,0,0.0
15628,2021-11,0,0.0
15628,2021-12,0,0.0
15629,2021-01,0,0.0
15629,2021-02,0,0.0
15629,2021-03,0,0.0
15629,2021-04,0,0.0
15629,2021-05,0,0.0
15629,2021-06,0,0.0
15629,2021-07,0,0.0
15629,2021-08,0,0.0
15629,2021-09,0,0.0
15629,2021-10,0,0.0
15629,2021-11,0,0.0
15629,2021-12,0,0.0
15631,2021-01,0,0.0
15631,2021-02,0,0.0
15631,2021-03,0,0.0
15631,2021-04,0,0.0
15631,2021-05,0,0.0
15631,2021-06,0,0.0
15631,2021-07,0,0.0
15631,2021-08,0,0.0
15631,2021-09,0,0.0
15631,2021-10,0,0.0
15631,2021-11,0,0.0
15631,2021-12,0,0.0
15632,2021-01,0,0.0
15632,2021-02,0,0.0
15632,2021-03,0,0.0
15632,2021-04,0,0.0
15632,2021-05,0,0.0
15632,2021-06,0,0.0
15632,2021-07,0,0.0
15632,2021-08,0,0.0
15632,2021-09,0,0.0
15632,2021-10,0,0.0
15632,2021-11,0,0.0
15632,2021-12,0,0.0
15633,2021-01,0,0.0
15633,2021-02,0,0.0
15633,2021-03,0,0.0
15633,2021-04,0,0.0
15633,2021-05,0,0.0
15633,2021-06,0,0.0
15633,2021-07,0,0.0
15633,2021-08,0,0.0
15633,2021-09,0,0.0
15633,2021-10,0,0.0
15633,2021-11,0,0.0
15633,2021-12,0,0.0
15634,2021-01,0,0.0
15634,2021-02,0,0.0
15634,2021-03,0,0.0
15634,2021-04,0,0.0
15634,2021-05,0,0.0
15634,2021-06,0,0.0
15634,2021-07,0,0.0
15634,2021-08,0,0.0
15634,2021-09,0,0.0
15634,2021-10,0,0.0
15634,2021-11,0,0.0
15634,2021-12,0,0.0
15635,2021-01,0,0.0
15635,2021-02,0,0.0
15635,2021-03,0,0.0
15635,2021-04,0,0.0
15635,2021-05,0,0.0
15635,2021-06,0,0.0
15635,2021-07,0,0.0
15635,2021-08,0,0.0
15635,2021-09,0,0.0
15635,2021-10,0,0.0
15635,2021-11,0,0.0
15635,2021-12,0,0.0
15636,2021-01,0,0.0
15636,2021-02,0,0.0
15636,2021-03,0,0.0
15636,2021-04,0,0.0
15636,2021-05,0,0.0
15636,2021-06,0,0.0
15636,2021-07,0,0.0
15636,2021-08,0,0.0
15636,2021-09,0,0.0
15636,2021-10,0,0.0
15636,2021-11,0,0.0
15636,2021-12,0,0.0
15637,2021-01,0,0.0
15637,2021-02,0,0.0
15637,2021-03,0,0.0
15637,2021-04,0,0.0
15637,2021-05,0,0.0
15637,2021-06,0,0.0
15637,2021-07,0,0.0
15637,2021-08,0,0.0
15637,2021-09,0,0.0
15637,2021-10,0,0.0
15637,2021-11,0,0.0
15637,2021-12,0,0.0
15638,2021-01,0,0.0
15638,2021-02,0,0.0
15638,2021-03,0,0.0
15638,2021-04,0,0.0
15638,2021-05,0,0.0
15638,2021-06,0,0.0
15638,2021-07,0,0.0
15638,2021-08,0,0.0
15638,2021-09,0,0.0
15638,2021-10,0,0.0
15638,2021-11,0,0.0
15638,2021-12,0,0.0
15639,2021-01,0,0.0
15639,2021-02,0,0.0
15639,2021-03,0,0.0
15639,2021-04,0,0.0
15639,2021-05,0,0.0
15639,2021-06,0,0.0
15639,2021-07,0,0.0
15639,2021-08,0,0.0
15639,2021-09,0,0.0
15639,2021-10,0,0.0
15639,2021-11,0,0.0
15639,2021-12,0,0.0
15640,2021-01,0,0.0
15640,2021-02,0,0.0
15640,2021-03,0,0.0
15640,2021-04,0,0.0
15640,2021-05,0,0.0
15640,2021-06,0,0.0
15640,2021-07,0,0.0
15640,2021-08,0,0.0
15640,2021-09,0,0.0
15640,2021-10,0,0.0
15640,2021-11,0,0.0
15640,2021-12,0,0.0
15641,2021-01,0,0.0
15641,2021-02,0,0.0
15641,2021-03,0,0.0
15641,2021-04,0,0.0
15641,2021-05,0,0.0
15641,2021-06,0,0.0
15641,2021-07,0,0.0
15641,2021-08,0,0.0
15641,2021-09,0,0.0
15641,2021-10,0,0.0
15641,2021-11,0,0.0
15641,2021-12,0,0.0
15644,2021-01,0,0.0
15644,2021-02,0,0.0
15644,2021-03,0,0.0
15644,2021-04,0,0.0
15644,2021-05,0,0.0
15644,2021-06,0,0.0
15644,2021-07,0,0.0
15644,2021-08,0,0.0
15644,2021-09,0,0.0
15644,2021-10,0,0.0
15644,2021-11,0,0.0
15644,2021-12,0,0.0
15646,2021-01,0,0.0
15646,2021-02,0,0.0
15646,2021-03,0,0.0
15646,2021-04,0,0.0
15646,2021-05,0,0.0
15646,2021-06,0,0.0
15646,2021-07,0,0.0
15646,2021-08,0,0.0
15646,2021-09,0,0.0
15646,2021-10,0,0.0
15646,2021-11,0,0.0
15646,2021-12,0,0.0
15647,2021-01,0,0.0
15647,2021-02,0,0.0
15647,2021-03,0,0.0
15647,2021-04,0,0.0
15647,2021-05,0,0.0
15647,2021-06,0,0.0
15647,2021-07,0,0.0
15647,2021-08,0,0.0
15647,2021-09,0,0.0
15647,2021-10,0,0.0
15647,2021-11,0,0.0
15647,2021-12,0,0.0
15655,2021-01,0,0.0
15655,2021-02,0,0.0
15655,2021-03,0,0.0
15655,2021-04,0,0.0
15655,2021-05,0,0.0
15655,2021-06,0,0.0
15655,2021-07,0,0.0
15655,2021-08,0,0.0
15655,2021-09,0,0.0
15655,2021-10,0,0.0
15655,2021-11,0,0.0
15655,2021-12,0,0.0
15656,2021-01,0,0.0
15656,2021-02,0,0.0
15656,2021-03,0,0.0
15656,2021-04,0,0.0
15656,2021-05,0,0.0
15656,2021-06,0,0.0
15656,2021-07,0,0.0
15656,2021-08,0,0.0
15656,2021-09,0,0.0
15656,2021-10,0,0.0
15656,2021-11,0,0.0
15656,2021-12,0,0.0
15658,2021-01,0,0.0
15658,2021-02,0,0.0
15658,2021-03,0,0.0
15658,2021-04,0,0.0
15658,2021-05,0,0.0
15658,2021-06,0,0.0
15658,2021-07,0,0.0
15658,2021-08,0,0.0
15658,2021-09,0,0.0
15658,2021-10,0,0.0
15658,2021-11,0,0.0
15658,2021-12,0,0.0
15660,2021-01,0,0.0
15660,2021-02,0,0.0
15660,2021-03,0,0.0
15660,2021-04,0,0.0
15660,2021-05,0,0.0
15660,2021-06,0,0.0
15660,2021-07,0,0.0
15660,2021-08,0,0.0
15660,2021-09,0,0.0
15660,2021-10,0,0.0
15660,2021-11,0,0.0
15660,2021-12,0,0.0
15661,2021-01,0,0.0
15661,2021-02,0,0.0
15661,2021-03,0,0.0
15661,2021-04,0,0.0
15661,2021-05,0,0.0
15661,2021-06,0,0.0
15661,2021-07,0,0.0
15661,2021-08,0,0.0
15661,2021-09,0,0.0
15661,2021-10,0,0.0
15661,2021-11,0,0.0
15661,2021-12,0,0.0
15662,2021-01,0,0.0
15662,2021-02,0,0.0
15662,2021-03,0,0.0
15662,2021-04,0,0.0
15662,2021-05,0,0.0
15662,2021-06,0,0.0
15662,2021-07,0,0.0
15662,2021-08,0,0.0
15662,2021-09,0,0.0
15662,2021-10,0,0.0
15662,2021-11,0,0.0
15662,2021-12,0,0.0
15663,2021-01,0,0.0
15663,2021-02,0,0.0
15663,2021-03,0,0.0
15663,2021-04,0,0.0
15663,2021-05,0,0.0
15663,2021-06,0,0.0
15663,2021-07,0,0.0
15663,2021-08,0,0.0
15663,2021-09,0,0.0
15663,2021-10,0,0.0
15663,2021-11,0,0.0
15663,2021-12,0,0.0
15665,2021-01,0,0.0
15665,2021-02,0,0.0
15665,2021-03,0,0.0
15665,2021-04,0,0.0
15665,2021-05,0,0.0
15665,2021-06,0,0.0
15665,2021-07,0,0.0
15665,2021-08,0,0.0
15665,2021-09,0,0.0
15665,2021-10,0,0.0
15665,2021-11,0,0.0
15665,2021-12,0,0.0
15666,2021-01,0,0.0
15666,2021-02,0,0.0
15666,2021-03,0,0.0
15666,2021-04,0,0.0
15666,2021-05,0,0.0
15666,2021-06,0,0.0
15666,2021-07,0,0.0
15666,2021-08,0,0.0
15666,2021-09,0,0.0
15666,2021-10,0,0.0
15666,2021-11,0,0.0
15666,2021-12,0,0.0
15670,2021-01,0,0.0
15670,2021-02,0,0.0
15670,2021-03,0,0.0
15670,2021-04,0,0.0
15670,2021-05,0,0.0
15670,2021-06,0,0.0
15670,2021-07,0,0.0
15670,2021-08,0,0.0
15670,2021-09,0,0.0
15670,2021-10,0,0.0
15670,2021-11,0,0.0
15670,2021-12,0,0.0
15671,2021-01,0,0.0
15671,2021-02,0,0.0
15671,2021-03,0,0.0
15671,2021-04,0,0.0
15671,2021-05,0,0.0
15671,2021-06,0,0.0
15671,2021-07,0,0.0
15671,2021-08,0,0.0
15671,2021-09,0,0.0
15671,2021-10,0,0.0
15671,2021-11,0,0.0
15671,2021-12,0,0.0
15672,2021-01,0,0.0
15672,2021-02,0,0.0
15672,2021-03,0,0.0
15672,2021-04,0,0.0
15672,2021-05,0,0.0
15672,2021-06,0,0.0
15672,2021-07,0,0.0
15672,2021-08,0,0.0
15672,2021-09,0,0.0
15672,2021-10,0,0.0
15672,2021-11,0,0.0
15672,2021-12,0,0.0
15673,2021-01,0,0.0
15673,2021-02,0,0.0
15673,2021-03,0,0.0
15673,2021-04,0,0.0
15673,2021-05,0,0.0
15673,2021-06,0,0.0
15673,2021-07,0,0.0
15673,2021-08,0,0.0
15673,2021-09,0,0.0
15673,2021-10,0,0.0
15673,2021-11,0,0.0
15673,2021-12,0,0.0
15674,2021-01,0,0.0
15674,2021-02,0,0.0
15674,2021-03,0,0.0
15674,2021-04,0,0.0
15674,2021-05,0,0.0
15674,2021-06,0,0.0
15674,2021-07,0,0.0
15674,2021-08,0,0.0
15674,2021-09,0,0.0
15674,2021-10,0,0.0
15674,2021-11,0,0.0
15674,2021-12,0,0.0
15675,2021-01,0,0.0
15675,2021-02,0,0.0
15675,2021-03,0,0.0
15675,2021-04,0,0.0
15675,2021-05,0,0.0
15675,2021-06,0,0.0
15675,2021-07,0,0.0
15675,2021-08,0,0.0
15675,2021-09,0,0.0
15675,2021-10,0,0.0
15675,2021-11,0,0.0
15675,2021-12,0,0.0
15676,2021-01,0,0.0
15676,2021-02,0,0.0
15676,2021-03,0,0.0
15676,2021-04,0,0.0
15676,2021-05,0,0.0
15676,2021-06,0,0.0
15676,2021-07,0,0.0
15676,2021-08,0,0.0
15676,2021-09,0,0.0
15676,2021-10,0,0.0
15676,2021-11,0,0.0
15676,2021-12,0,0.0
15677,2021-01,0,0.0
15677,2021-02,0,0.0
15677,2021-03,0,0.0
15677,2021-04,0,0.0
15677,2021-05,0,0.0
15677,2021-06,0,0.0
15677,2021-07,0,0.0
15677,2021-08,0,0.0
15677,2021-09,0,0.0
15677,2021-10,0,0.0
15677,2021-11,0,0.0
15677,2021-12,0,0.0
15678,2021-01,0,0.0
15678,2021-02,0,0.0
15678,2021-03,0,0.0
15678,2021-04,0,0.0
15678,2021-05,0,0.0
15678,2021-06,0,0.0
15678,2021-07,0,0.0
15678,2021-08,0,0.0
15678,2021-09,0,0.0
15678,2021-10,0,0.0
15678,2021-11,0,0.0
15678,2021-12,0,0.0
15679,2021-01,0,0.0
15679,2021-02,0,0.0
15679,2021-03,0,0.0
15679,2021-04,0,0.0
15679,2021-05,0,0.0
15679,2021-06,0,0.0
15679,2021-07,0,0.0
15679,2021-08,0,0.0
15679,2021-09,0,0.0
15679,2021-10,0,0.0
15679,2021-11,0,0.0
15679,2021-12,0,0.0
15680,2021-01,0,0.0
15680,2021-02,0,0.0
15680,2021-03,0,0.0
15680,2021-04,0,0.0
15680,2021-05,0,0.0
15680,2021-06,0,0.0
15680,2021-07,0,0.0
15680,2021-08,0,0.0
15680,2021-09,0,0.0
15680,2021-10,0,0.0
15680,2021-11,0,0.0
15680,2021-12,0,0.0
15682,2021-01,0,0.0
15682,2021-02,0,0.0
15682,2021-03,0,0.0
15682,2021-04,0,0.0
15682,2021-05,0,0.0
15682,2021-06,0,0.0
15682,2021-07,0,0.0
15682,2021-08,0,0.0
15682,2021-09,0,0.0
15682,2021-10,0,0.0
15682,2021-11,0,0.0
15682,2021-12,0,0.0
15683,2021-01,0,0.0
15683,2021-02,0,0.0
15683,2021-03,0,0.0
15683,2021-04,0,0.0
15683,2021-05,0,0.0
15683,2021-06,0,0.0
15683,2021-07,0,0.0
15683,2021-08,0,0.0
15683,2021-09,0,0.0
15683,2021-10,0,0.0
15683,2021-11,0,0.0
15683,2021-12,0,0.0
15684,2021-01,0,0.0
15684,2021-02,0,0.0
15684,2021-03,0,0.0
15684,2021-04,0,0.0
15684,2021-05,0,0.0
15684,2021-06,0,0.0
15684,2021-07,0,0.0
15684,2021-08,0,0.0
15684,2021-09,0,0.0
15684,2021-10,0,0.0
15684,2021-11,0,0.0
15684,2021-12,0,0.0
15686,2021-01,0,0.0
15686,2021-02,0,0.0
15686,2021-03,0,0.0
15686,2021-04,0,0.0
15686,2021-05,0,0.0
15686,2021-06,0,0.0
15686,2021-07,0,0.0
15686,2021-08,0,0.0
15686,2021-09,0,0.0
15686,2021-10,0,0.0
15686,2021-11,0,0.0
15686,2021-12,0,0.0
15687,2021-01,0,0.0
15687,2021-02,0,0.0
15687,2021-03,0,0.0
15687,2021-04,0,0.0
15687,2021-05,0,0.0
15687,2021-06,0,0.0
15687,2021-07,0,0.0
15687,2021-08,0,0.0
15687,2021-09,0,0.0
15687,2021-10,0,0.0
15687,2021-11,0,0.0
15687,2021-12,0,0.0
15688,2021-01,0,0.0
15688,2021-02,0,0.0
15688,2021-03,0,0.0
15688,2021-04,0,0.0
15688,2021-05,0,0.0
15688,2021-06,0,0.0
15688,2021-07,0,0.0
15688,2021-08,0,0.0
15688,2021-09,0,0.0
15688,2021-10,0,0.0
15688,2021-11,0,0.0
15688,2021-12,0,0.0
15689,2021-01,0,0.0
15689,2021-02,0,0.0
15689,2021-03,0,0.0
15689,2021-04,0,0.0
15689,2021-05,0,0.0
15689,2021-06,0,0.0
15689,2021-07,0,0.0
15689,2021-08,0,0.0
15689,2021-09,0,0.0
15689,2021-10,0,0.0
15689,2021-11,0,0.0
15689,2021-12,0,0.0
15691,2021-01,0,0.0
15691,2021-02,0,0.0
15691,2021-03,0,0.0
15691,2021-04,0,0.0
15691,2021-05,0,0.0
15691,2021-06,0,0.0
15691,2021-07,0,0.0
15691,2021-08,0,0.0
15691,2021-09,0,0.0
15691,2021-10,0,0.0
15691,2021-11,0,0.0
15691,2021-12,0,0.0
15692,2021-01,0,0.0
15692,2021-02,0,0.0
15692,2021-03,0,0.0
15692,2021-04,0,0.0
15692,2021-05,0,0.0
15692,2021-06,0,0.0
15692,2021-07,0,0.0
15692,2021-08,0,0.0
15692,2021-09,0,0.0
15692,2021-10,0,0.0
15692,2021-11,0,0.0
15692,2021-12,0,0.0
15693,2021-01,0,0.0
15693,2021-02,0,0.0
15693,2021-03,0,0.0
15693,2021-04,0,0.0
15693,2021-05,0,0.0
15693,2021-06,0,0.0
15693,2021-07,0,0.0
15693,2021-08,0,0.0
15693,2021-09,0,0.0
15693,2021-10,0,0.0
15693,2021-11,0,0.0
15693,2021-12,0,0.0
15695,2021-01,0,0.0
15695,2021-02,0,0.0
15695,2021-03,0,0.0
15695,2021-04,0,0.0
15695,2021-05,0,0.0
15695,2021-06,0,0.0
15695,2021-07,0,0.0
15695,2021-08,0,0.0
15695,2021-09,0,0.0
15695,2021-10,0,0.0
15695,2021-11,0,0.0
15695,2021-12,0,0.0
15696,2021-01,0,0.0
15696,2021-02,0,0.0
15696,2021-03,0,0.0
15696,2021-04,0,0.0
15696,2021-05,0,0.0
15696,2021-06,0,0.0
15696,2021-07,0,0.0
15696,2021-08,0,0.0
15696,2021-09,0,0.0
15696,2021-10,0,0.0
15696,2021-11,0,0.0
15696,2021-12,0,0.0
15697,2021-01,0,0.0
15697,2021-02,0,0.0
15697,2021-03,0,0.0
15697,2021-04,0,0.0
15697,2021-05,0,0.0
15697,2021-06,0,0.0
15697,2021-07,0,0.0
15697,2021-08,0,0.0
15697,2021-09,0,0.0
15697,2021-10,0,0.0
15697,2021-11,0,0.0
15697,2021-12,0,0.0
15698,2021-01,0,0.0
15698,2021-02,0,0.0
15698,2021-03,0,0.0
15698,2021-04,0,0.0
15698,2021-05,0,0.0
15698,2021-06,0,0.0
15698,2021-07,0,0.0
15698,2021-08,0,0.0
15698,2021-09,0,0.0
15698,2021-10,0,0.0
15698,2021-11,0,0.0
15698,2021-12,0,0.0
15701,2021-01,0,0.0
15701,2021-02,0,0.0
15701,2021-03,0,0.0
15701,2021-04,0,0.0
15701,2021-05,0,0.0
15701,2021-06,0,0.0
15701,2021-07,0,0.0
15701,2021-08,0,0.0
15701,2021-09,0,0.0
15701,2021-10,0,0.0
15701,2021-11,0,0.0
15701,2021-12,0,0.0
15705,2021-01,0,0.0
15705,2021-02,0,0.0
15705,2021-03,0,0.0
15705,2021-04,0,0.0
15705,2021-05,0,0.0
15705,2021-06,0,0.0
15705,2021-07,0,0.0
15705,2021-08,0,0.0
15705,2021-09,0,0.0
15705,2021-10,0,0.0
15705,2021-11,0,0.0
15705,2021-12,0,0.0
15710,2021-01,0,0.0
15710,2021-02,0,0.0
15710,2021-03,0,0.0
15710,2021-04,0,0.0
15710,2021-05,0,0.0
15710,2021-06,0,0.0
15710,2021-07,0,0.0
15710,2021-08,0,0.0
15710,2021-09,0,0.0
15710,2021-10,0,0.0
15710,2021-11,0,0.0
15710,2021-12,0,0.0
15711,2021-01,0,0.0
15711,2021-02,0,0.0
15711,2021-03,0,0.0
15711,2021-04,0,0.0
15711,2021-05,0,0.0
15711,2021-06,0,0.0
15711,2021-07,0,0.0
15711,2021-08,0,0.0
15711,2021-09,0,0.0
15711,2021-10,0,0.0
15711,2021-11,0,0.0
15711,2021-12,0,0.0
15712,2021-01,0,0.0
15712,2021-02,0,0.0
15712,2021-03,0,0.0
15712,2021-04,0,0.0
15712,2021-05,0,0.0
15712,2021-06,0,0.0
15712,2021-07,0,0.0
15712,2021-08,0,0.0
15712,2021-09,0,0.0
15712,2021-10,0,0.0
15712,2021-11,0,0.0
15712,2021-12,0,0.0
15713,2021-01,0,0.0
15713,2021-02,0,0.0
15713,2021-03,0,0.0
15713,2021-04,0,0.0
15713,2021-05,0,0.0
15713,2021-06,0,0.0
15713,2021-07,0,0.0
15713,2021-08,0,0.0
15713,2021-09,0,0.0
15713,2021-10,0,0.0
15713,2021-11,0,0.0
15713,2021-12,0,0.0
15714,2021-01,0,0.0
15714,2021-02,0,0.0
15714,2021-03,0,0.0
15714,2021-04,0,0.0
15714,2021-05,0,0.0
15714,2021-06,0,0.0
15714,2021-07,0,0.0
15714,2021-08,0,0.0
15714,2021-09,0,0.0
15714,2021-10,0,0.0
15714,2021-11,0,0.0
15714,2021-12,0,0.0
15715,2021-01,0,0.0
15715,2021-02,0,0.0
15715,2021-03,0,0.0
15715,2021-04,0,0.0
15715,2021-05,0,0.0
15715,2021-06,0,0.0
15715,2021-07,0,0.0
15715,2021-08,0,0.0
15715,2021-09,0,0.0
15715,2021-10,0,0.0
15715,2021-11,0,0.0
15715,2021-12,0,0.0
15716,2021-01,0,0.0
15716,2021-02,0,0.0
15716,2021-03,0,0.0
15716,2021-04,0,0.0
15716,2021-05,0,0.0
15716,2021-06,0,0.0
15716,2021-07,0,0.0
15716,2021-08,0,0.0
15716,2021-09,0,0.0
15716,2021-10,0,0.0
15716,2021-11,0,0.0
15716,2021-12,0,0.0
15717,2021-01,0,0.0
15717,2021-02,0,0.0
15717,2021-03,0,0.0
15717,2021-04,0,0.0
15717,2021-05,0,0.0
15717,2021-06,0,0.0
15717,2021-07,0,0.0
15717,2021-08,0,0.0
15717,2021-09,0,0.0
15717,2021-10,0,0.0
15717,2021-11,0,0.0
15717,2021-12,0,0.0
15720,2021-01,0,0.0
15720,2021-02,0,0.0
15720,2021-03,0,0.0
15720,2021-04,0,0.0
15720,2021-05,0,0.0
15720,2021-06,0,0.0
15720,2021-07,0,0.0
15720,2021-08,0,0.0
15720,2021-09,0,0.0
15720,2021-10,0,0.0
15720,2021-11,0,0.0
15720,2021-12,0,0.0
15721,2021-01,0,0.0
15721,2021-02,0,0.0
15721,2021-03,0,0.0
15721,2021-04,0,0.0
15721,2021-05,0,0.0
15721,2021-06,0,0.0
15721,2021-07,0,0.0
15721,2021-08,0,0.0
15721,2021-09,0,0.0
15721,2021-10,0,0.0
15721,2021-11,0,0.0
15721,2021-12,0,0.0
15722,2021-01,0,0.0
15722,2021-02,0,0.0
15722,2021-03,0,0.0
15722,2021-04,0,0.0
15722,2021-05,0,0.0
15722,2021-06,0,0.0
15722,2021-07,0,0.0
15722,2021-08,0,0.0
15722,2021-09,0,0.0
15722,2021-10,0,0.0
15722,2021-11,0,0.0
15722,2021-12,0,0.0
15723,2021-01,0,0.0
15723,2021-02,0,0.0
15723,2021-03,0,0.0
15723,2021-04,0,0.0
15723,2021-05,0,0.0
15723,2021-06,0,0.0
15723,2021-07,0,0.0
15723,2021-08,0,0.0
15723,2021-09,0,0.0
15723,2021-10,0,0.0
15723,2021-11,0,0.0
15723,2021-12,0,0.0
15724,2021-01,0,0.0
15724,2021-02,0,0.0
15724,2021-03,0,0.0
15724,2021-04,0,0.0
15724,2021-05,0,0.0
15724,2021-06,0,0.0
15724,2021-07,0,0.0
15724,2021-08,0,0.0
15724,2021-09,0,0.0
15724,2021-10,0,0.0
15724,2021-11,0,0.0
15724,2021-12,0,0.0
15725,2021-01,0,0.0
15725,2021-02,0,0.0
15725,2021-03,0,0.0
15725,2021-04,0,0.0
15725,2021-05,0,0.0
15725,2021-06,0,0.0
15725,2021-07,0,0.0
15725,2021-08,0,0.0
15725,2021-09,0,0.0
15725,2021-10,0,0.0
15725,2021-11,0,0.0
15725,2021-12,0,0.0
15727,2021-01,0,0.0
15727,2021-02,0,0.0
15727,2021-03,0,0.0
15727,2021-04,0,0.0
15727,2021-05,0,0.0
15727,2021-06,0,0.0
15727,2021-07,0,0.0
15727,2021-08,0,0.0
15727,2021-09,0,0.0
15727,2021-10,0,0.0
15727,2021-11,0,0.0
15727,2021-12,0,0.0
15728,2021-01,0,0.0
15728,2021-02,0,0.0
15728,2021-03,0,0.0
15728,2021-04,0,0.0
15728,2021-05,0,0.0
15728,2021-06,0,0.0
15728,2021-07,0,0.0
15728,2021-08,0,0.0
15728,2021-09,0,0.0
15728,2021-10,0,0.0
15728,2021-11,0,0.0
15728,2021-12,0,0.0
15729,2021-01,0,0.0
15729,2021-02,0,0.0
15729,2021-03,0,0.0
15729,2021-04,0,0.0
15729,2021-05,0,0.0
15729,2021-06,0,0.0
15729,2021-07,0,0.0
15729,2021-08,0,0.0
15729,2021-09,0,0.0
15729,2021-10,0,0.0
15729,2021-11,0,0.0
15729,2021-12,0,0.0
15730,2021-01,0,0.0
15730,2021-02,0,0.0
15730,2021-03,0,0.0
15730,2021-04,0,0.0
15730,2021-05,0,0.0
15730,2021-06,0,0.0
15730,2021-07,0,0.0
15730,2021-08,0,0.0
15730,2021-09,0,0.0
15730,2021-10,0,0.0
15730,2021-11,0,0.0
15730,2021-12,0,0.0
15731,2021-01,0,0.0
15731,2021-02,0,0.0
15731,2021-03,0,0.0
15731,2021-04,0,0.0
15731,2021-05,0,0.0
15731,2021-06,0,0.0
15731,2021-07,0,0.0
15731,2021-08,0,0.0
15731,2021-09,0,0.0
15731,2021-10,0,0.0
15731,2021-11,0,0.0
15731,2021-12,0,0.0
15732,2021-01,0,0.0
15732,2021-02,0,0.0
15732,2021-03,0,0.0
15732,2021-04,0,0.0
15732,2021-05,0,0.0
15732,2021-06,0,0.0
15732,2021-07,0,0.0
15732,2021-08,0,0.0
15732,2021-09,0,0.0
15732,2021-10,0,0.0
15732,2021-11,0,0.0
15732,2021-12,0,0.0
15733,2021-01,0,0.0
15733,2021-02,0,0.0
15733,2021-03,0,0.0
15733,2021-04,0,0.0
15733,2021-05,0,0.0
15733,2021-06,0,0.0
15733,2021-07,0,0.0
15733,2021-08,0,0.0
15733,2021-09,0,0.0
15733,2021-10,0,0.0
15733,2021-11,0,0.0
15733,2021-12,0,0.0
15734,2021-01,0,0.0
15734,2021-02,0,0.0
15734,2021-03,0,0.0
15734,2021-04,0,0.0
15734,2021-05,0,0.0
15734,2021-06,0,0.0
15734,2021-07,0,0.0
15734,2021-08,0,0.0
15734,2021-09,0,0.0
15734,2021-10,0,0.0
15734,2021-11,0,0.0
15734,2021-12,0,0.0
15736,2021-01,0,0.0
15736,2021-02,0,0.0
15736,2021-03,0,0.0
15736,2021-04,0,0.0
15736,2021-05,0,0.0
15736,2021-06,0,0.0
15736,2021-07,0,0.0
15736,2021-08,0,0.0
15736,2021-09,0,0.0
15736,2021-10,0,0.0
15736,2021-11,0,0.0
15736,2021-12,0,0.0
15737,2021-01,0,0.0
15737,2021-02,0,0.0
15737,2021-03,0,0.0
15737,2021-04,0,0.0
15737,2021-05,0,0.0
15737,2021-06,0,0.0
15737,2021-07,0,0.0
15737,2021-08,0,0.0
15737,2021-09,0,0.0
15737,2021-10,0,0.0
15737,2021-11,0,0.0
15737,2021-12,0,0.0
15738,2021-01,0,0.0
15738,2021-02,0,0.0
15738,2021-03,0,0.0
15738,2021-04,0,0.0
15738,2021-05,0,0.0
15738,2021-06,0,0.0
15738,2021-07,0,0.0
15738,2021-08,0,0.0
15738,2021-09,0,0.0
15738,2021-10,0,0.0
15738,2021-11,0,0.0
15738,2021-12,0,0.0
15739,2021-01,0,0.0
15739,2021-02,0,0.0
15739,2021-03,0,0.0
15739,2021-04,0,0.0
15739,2021-05,0,0.0
15739,2021-06,0,0.0
15739,2021-07,0,0.0
15739,2021-08,0,0.0
15739,2021-09,0,0.0
15739,2021-10,0,0.0
15739,2021-11,0,0.0
15739,2021-12,0,0.0
15741,2021-01,0,0.0
15741,2021-02,0,0.0
15741,2021-03,0,0.0
15741,2021-04,0,0.0
15741,2021-05,0,0.0
15741,2021-06,0,0.0
15741,2021-07,0,0.0
15741,2021-08,0,0.0
15741,2021-09,0,0.0
15741,2021-10,0,0.0
15741,2021-11,0,0.0
15741,2021-12,0,0.0
15742,2021-01,0,0.0
15742,2021-02,0,0.0
15742,2021-03,0,0.0
15742,2021-04,0,0.0
15742,2021-05,0,0.0
15742,2021-06,0,0.0
15742,2021-07,0,0.0
15742,2021-08,0,0.0
15742,2021-09,0,0.0
15742,2021-10,0,0.0
15742,2021-11,0,0.0
15742,2021-12,0,0.0
15744,2021-01,0,0.0
15744,2021-02,0,0.0
15744,2021-03,0,0.0
15744,2021-04,0,0.0
15744,2021-05,0,0.0
15744,2021-06,0,0.0
15744,2021-07,0,0.0
15744,2021-08,0,0.0
15744,2021-09,0,0.0
15744,2021-10,0,0.0
15744,2021-11,0,0.0
15744,2021-12,0,0.0
15745,2021-01,0,0.0
15745,2021-02,0,0.0
15745,2021-03,0,0.0
15745,2021-04,0,0.0
15745,2021-05,0,0.0
15745,2021-06,0,0.0
15745,2021-07,0,0.0
15745,2021-08,0,0.0
15745,2021-09,0,0.0
15745,2021-10,0,0.0
15745,2021-11,0,0.0
15745,2021-12,0,0.0
15746,2021-01,0,0.0
15746,2021-02,0,0.0
15746,2021-03,0,0.0
15746,2021-04,0,0.0
15746,2021-05,0,0.0
15746,2021-06,0,0.0
15746,2021-07,0,0.0
15746,2021-08,0,0.0
15746,2021-09,0,0.0
15746,2021-10,0,0.0
15746,2021-11,0,0.0
15746,2021-12,0,0.0
15747,2021-01,0,0.0
15747,2021-02,0,0.0
15747,2021-03,0,0.0
15747,2021-04,0,0.0
15747,2021-05,0,0.0
15747,2021-06,0,0.0
15747,2021-07,0,0.0
15747,2021-08,0,0.0
15747,2021-09,0,0.0
15747,2021-10,0,0.0
15747,2021-11,0,0.0
15747,2021-12,0,0.0
15748,2021-01,0,0.0
15748,2021-02,0,0.0
15748,2021-03,0,0.0
15748,2021-04,0,0.0
15748,2021-05,0,0.0
15748,2021-06,0,0.0
15748,2021-07,0,0.0
15748,2021-08,0,0.0
15748,2021-09,0,0.0
15748,2021-10,0,0.0
15748,2021-11,0,0.0
15748,2021-12,0,0.0
15750,2021-01,0,0.0
15750,2021-02,0,0.0
15750,2021-03,0,0.0
15750,2021-04,0,0.0
15750,2021-05,0,0.0
15750,2021-06,0,0.0
15750,2021-07,0,0.0
15750,2021-08,0,0.0
15750,2021-09,0,0.0
15750,2021-10,0,0.0
15750,2021-11,0,0.0
15750,2021-12,0,0.0
15752,2021-01,0,0.0
15752,2021-02,0,0.0
15752,2021-03,0,0.0
15752,2021-04,0,0.0
15752,2021-05,0,0.0
15752,2021-06,0,0.0
15752,2021-07,0,0.0
15752,2021-08,0,0.0
15752,2021-09,0,0.0
15752,2021-10,0,0.0
15752,2021-11,0,0.0
15752,2021-12,0,0.0
15753,2021-01,0,0.0
15753,2021-02,0,0.0
15753,2021-03,0,0.0
15753,2021-04,0,0.0
15753,2021-05,0,0.0
15753,2021-06,0,0.0
15753,2021-07,0,0.0
15753,2021-08,0,0.0
15753,2021-09,0,0.0
15753,2021-10,0,0.0
15753,2021-11,0,0.0
15753,2021-12,0,0.0
15754,2021-01,0,0.0
15754,2021-02,0,0.0
15754,2021-03,0,0.0
15754,2021-04,0,0.0
15754,2021-05,0,0.0
15754,2021-06,0,0.0
15754,2021-07,0,0.0
15754,2021-08,0,0.0
15754,2021-09,0,0.0
15754,2021-10,0,0.0
15754,2021-11,0,0.0
15754,2021-12,0,0.0
15756,2021-01,0,0.0
15756,2021-02,0,0.0
15756,2021-03,0,0.0
15756,2021-04,0,0.0
15756,2021-05,0,0.0
15756,2021-06,0,0.0
15756,2021-07,0,0.0
15756,2021-08,0,0.0
15756,2021-09,0,0.0
15756,2021-10,0,0.0
15756,2021-11,0,0.0
15756,2021-12,0,0.0
15757,2021-01,0,0.0
15757,2021-02,0,0.0
15757,2021-03,0,0.0
15757,2021-04,0,0.0
15757,2021-05,0,0.0
15757,2021-06,0,0.0
15757,2021-07,0,0.0
15757,2021-08,0,0.0
15757,2021-09,0,0.0
15757,2021-10,0,0.0
15757,2021-11,0,0.0
15757,2021-12,0,0.0
15759,2021-01,0,0.0
15759,2021-02,0,0.0
15759,2021-03,0,0.0
15759,2021-04,0,0.0
15759,2021-05,0,0.0
15759,2021-06,0,0.0
15759,2021-07,0,0.0
15759,2021-08,0,0.0
15759,2021-09,0,0.0
15759,2021-10,0,0.0
15759,2021-11,0,0.0
15759,2021-12,0,0.0
15760,2021-01,0,0.0
15760,2021-02,0,0.0
15760,2021-03,0,0.0
15760,2021-04,0,0.0
15760,2021-05,0,0.0
15760,2021-06,0,0.0
15760,2021-07,0,0.0
15760,2021-08,0,0.0
15760,2021-09,0,0.0
15760,2021-10,0,0.0
15760,2021-11,0,0.0
15760,2021-12,0,0.0
15761,2021-01,0,0.0
15761,2021-02,0,0.0
15761,2021-03,0,0.0
15761,2021-04,0,0.0
15761,2021-05,0,0.0
15761,2021-06,0,0.0
15761,2021-07,0,0.0
15761,2021-08,0,0.0
15761,2021-09,0,0.0
15761,2021-10,0,0.0
15761,2021-11,0,0.0
15761,2021-12,0,0.0
15762,2021-01,0,0.0
15762,2021-02,0,0.0
15762,2021-03,0,0.0
15762,2021-04,0,0.0
15762,2021-05,0,0.0
15762,2021-06,0,0.0
15762,2021-07,0,0.0
15762,2021-08,0,0.0
15762,2021-09,0,0.0
15762,2021-10,0,0.0
15762,2021-11,0,0.0
15762,2021-12,0,0.0
15763,2021-01,0,0.0
15763,2021-02,0,0.0
15763,2021-03,0,0.0
15763,2021-04,0,0.0
15763,2021-05,0,0.0
15763,2021-06,0,0.0
15763,2021-07,0,0.0
15763,2021-08,0,0.0
15763,2021-09,0,0.0
15763,2021-10,0,0.0
15763,2021-11,0,0.0
15763,2021-12,0,0.0
15764,2021-01,0,0.0
15764,2021-02,0,0.0
15764,2021-03,0,0.0
15764,2021-04,0,0.0
15764,2021-05,0,0.0
15764,2021-06,0,0.0
15764,2021-07,0,0.0
15764,2021-08,0,0.0
15764,2021-09,0,0.0
15764,2021-10,0,0.0
15764,2021-11,0,0.0
15764,2021-12,0,0.0
15765,2021-01,0,0.0
15765,2021-02,0,0.0
15765,2021-03,0,0.0
15765,2021-04,0,0.0
15765,2021-05,0,0.0
15765,2021-06,0,0.0
15765,2021-07,0,0.0
15765,2021-08,0,0.0
15765,2021-09,0,0.0
15765,2021-10,0,0.0
15765,2021-11,0,0.0
15765,2021-12,0,0.0
15770,2021-01,0,0.0
15770,2021-02,0,0.0
15770,2021-03,0,0.0
15770,2021-04,0,0.0
15770,2021-05,0,0.0
15770,2021-06,0,0.0
15770,2021-07,0,0.0
15770,2021-08,0,0.0
15770,2021-09,0,0.0
15770,2021-10,0,0.0
15770,2021-11,0,0.0
15770,2021-12,0,0.0
15771,2021-01,0,0.0
15771,2021-02,0,0.0
15771,2021-03,0,0.0
15771,2021-04,0,0.0
15771,2021-05,0,0.0
15771,2021-06,0,0.0
15771,2021-07,0,0.0
15771,2021-08,0,0.0
15771,2021-09,0,0.0
15771,2021-10,0,0.0
15771,2021-11,0,0.0
15771,2021-12,0,0.0
15772,2021-01,0,0.0
15772,2021-02,0,0.0
15772,2021-03,0,0.0
15772,2021-04,0,0.0
15772,2021-05,0,0.0
15772,2021-06,0,0.0
15772,2021-07,0,0.0
15772,2021-08,0,0.0
15772,2021-09,0,0.0
15772,2021-10,0,0.0
15772,2021-11,0,0.0
15772,2021-12,0,0.0
15773,2021-01,0,0.0
15773,2021-02,0,0.0
15773,2021-03,0,0.0
15773,2021-04,0,0.0
15773,2021-05,0,0.0
15773,2021-06,0,0.0
15773,2021-07,0,0.0
15773,2021-08,0,0.0
15773,2021-09,0,0.0
15773,2021-10,0,0.0
15773,2021-11,0,0.0
15773,2021-12,0,0.0
15774,2021-01,0,0.0
15774,2021-02,0,0.0
15774,2021-03,0,0.0
15774,2021-04,0,0.0
15774,2021-05,0,0.0
15774,2021-06,0,0.0
15774,2021-07,0,0.0
15774,2021-08,0,0.0
15774,2021-09,0,0.0
15774,2021-10,0,0.0
15774,2021-11,0,0.0
15774,2021-12,0,0.0
15775,2021-01,0,0.0
15775,2021-02,0,0.0
15775,2021-03,0,0.0
15775,2021-04,0,0.0
15775,2021-05,0,0.0
15775,2021-06,0,0.0
15775,2021-07,0,0.0
15775,2021-08,0,0.0
15775,2021-09,0,0.0
15775,2021-10,0,0.0
15775,2021-11,0,0.0
15775,2021-12,0,0.0
15776,2021-01,0,0.0
15776,2021-02,0,0.0
15776,2021-03,0,0.0
15776,2021-04,0,0.0
15776,2021-05,0,0.0
15776,2021-06,0,0.0
15776,2021-07,0,0.0
15776,2021-08,0,0.0
15776,2021-09,0,0.0
15776,2021-10,0,0.0
15776,2021-11,0,0.0
15776,2021-12,0,0.0
15777,2021-01,0,0.0
15777,2021-02,0,0.0
15777,2021-03,0,0.0
15777,2021-04,0,0.0
15777,2021-05,0,0.0
15777,2021-06,0,0.0
15777,2021-07,0,0.0
15777,2021-08,0,0.0
15777,2021-09,0,0.0
15777,2021-10,0,0.0
15777,2021-11,0,0.0
15777,2021-12,0,0.0
15778,2021-01,0,0.0
15778,2021-02,0,0.0
15778,2021-03,0,0.0
15778,2021-04,0,0.0
15778,2021-05,0,0.0
15778,2021-06,0,0.0
15778,2021-07,0,0.0
15778,2021-08,0,0.0
15778,2021-09,0,0.0
15778,2021-10,0,0.0
15778,2021-11,0,0.0
15778,2021-12,0,0.0
15779,2021-01,0,0.0
15779,2021-02,0,0.0
15779,2021-03,0,0.0
15779,2021-04,0,0.0
15779,2021-05,0,0.0
15779,2021-06,0,0.0
15779,2021-07,0,0.0
15779,2021-08,0,0.0
15779,2021-09,0,0.0
15779,2021-10,0,0.0
15779,2021-11,0,0.0
15779,2021-12,0,0.0
15780,2021-01,0,0.0
15780,2021-02,0,0.0
15780,2021-03,0,0.0
15780,2021-04,0,0.0
15780,2021-05,0,0.0
15780,2021-06,0,0.0
15780,2021-07,0,0.0
15780,2021-08,0,0.0
15780,2021-09,0,0.0
15780,2021-10,0,0.0
15780,2021-11,0,0.0
15780,2021-12,0,0.0
15781,2021-01,0,0.0
15781,2021-02,0,0.0
15781,2021-03,0,0.0
15781,2021-04,0,0.0
15781,2021-05,0,0.0
15781,2021-06,0,0.0
15781,2021-07,0,0.0
15781,2021-08,0,0.0
15781,2021-09,0,0.0
15781,2021-10,0,0.0
15781,2021-11,0,0.0
15781,2021-12,0,0.0
15783,2021-01,0,0.0
15783,2021-02,0,0.0
15783,2021-03,0,0.0
15783,2021-04,0,0.0
15783,2021-05,0,0.0
15783,2021-06,0,0.0
15783,2021-07,0,0.0
15783,2021-08,0,0.0
15783,2021-09,0,0.0
15783,2021-10,0,0.0
15783,2021-11,0,0.0
15783,2021-12,0,0.0
15784,2021-01,0,0.0
15784,2021-02,0,0.0
15784,2021-03,0,0.0
15784,2021-04,0,0.0
15784,2021-05,0,0.0
15784,2021-06,0,0.0
15784,2021-07,0,0.0
15784,2021-08,0,0.0
15784,2021-09,0,0.0
15784,2021-10,0,0.0
15784,2021-11,0,0.0
15784,2021-12,0,0.0
15351,2021-01,0,0.0
15351,2021-02,0,0.0
15351,2021-03,0,0.0
15351,2021-04,0,0.0
15351,2021-05,0,0.0
15351,2021-06,0,0.0
15351,2021-07,0,0.0
15351,2021-08,0,0.0
15351,2021-09,0,0.0
15351,2021-10,0,0.0
15351,2021-11,0,0.0
15351,2021-12,0,0.0
15352,2021-01,0,0.0
15352,2021-02,0,0.0
15352,2021-03,0,0.0
15352,2021-04,0,0.0
15352,2021-05,0,0.0
15352,2021-06,0,0.0
15352,2021-07,0,0.0
15352,2021-08,0,0.0
15352,2021-09,0,0.0
15352,2021-10,0,0.0
15352,2021-11,0,0.0
15352,2021-12,0,0.0
15821,2021-01,0,0.0
15821,2021-02,0,0.0
15821,2021-03,0,0.0
15821,2021-04,0,0.0
15821,2021-05,0,0.0
15821,2021-06,0,0.0
15821,2021-07,0,0.0
15821,2021-08,0,0.0
15821,2021-09,0,0.0
15821,2021-10,0,0.0
15821,2021-11,0,0.0
15821,2021-12,0,0.0
15823,2021-01,0,0.0
15823,2021-02,0,0.0
15823,2021-03,0,0.0
15823,2021-04,0,0.0
15823,2021-05,0,0.0
15823,2021-06,0,0.0
15823,2021-07,0,0.0
15823,2021-08,0,0.0
15823,2021-09,0,0.0
15823,2021-10,0,0.0
15823,2021-11,0,0.0
15823,2021-12,0,0.0
15824,2021-01,0,0.0
15824,2021-02,0,0.0
15824,2021-03,0,0.0
15824,2021-04,0,0.0
15824,2021-05,0,0.0
15824,2021-06,0,0.0
15824,2021-07,0,0.0
15824,2021-08,0,0.0
15824,2021-09,0,0.0
15824,2021-10,0,0.0
15824,2021-11,0,0.0
15824,2021-12,0,0.0
15827,2021-01,0,0.0
15827,2021-02,0,0.0
15827,2021-03,0,0.0
15827,2021-04,0,0.0
15827,2021-05,0,0.0
15827,2021-06,0,0.0
15827,2021-07,0,0.0
15827,2021-08,0,0.0
15827,2021-09,0,0.0
15827,2021-10,0,0.0
15827,2021-11,0,0.0
15827,2021-12,0,0.0
15828,2021-01,0,0.0
15828,2021-02,0,0.0
15828,2021-03,0,0.0
15828,2021-04,0,0.0
15828,2021-05,0,0.0
15828,2021-06,0,0.0
15828,2021-07,0,0.0
15828,2021-08,0,0.0
15828,2021-09,0,0.0
15828,2021-10,0,0.0
15828,2021-11,0,0.0
15828,2021-12,0,0.0
15829,2021-01,0,0.0
15829,2021-02,0,0.0
15829,2021-03,0,0.0
15829,2021-04,0,0.0
15829,2021-05,0,0.0
15829,2021-06,0,0.0
15829,2021-07,0,0.0
15829,2021-08,0,0.0
15829,2021-09,0,0.0
15829,2021-10,0,0.0
15829,2021-11,0,0.0
15829,2021-12,0,0.0
15831,2021-01,0,0.0
15831,2021-02,0,0.0
15831,2021-03,0,0.0
15831,2021-04,0,0.0
15831,2021-05,0,0.0
15831,2021-06,0,0.0
15831,2021-07,0,0.0
15831,2021-08,0,0.0
15831,2021-09,0,0.0
15831,2021-10,0,0.0
15831,2021-11,0,0.0
15831,2021-12,0,0.0
15832,2021-01,0,0.0
15832,2021-02,0,0.0
15832,2021-03,0,0.0
15832,2021-04,0,0.0
15832,2021-05,0,0.0
15832,2021-06,0,0.0
15832,2021-07,0,0.0
15832,2021-08,0,0.0
15832,2021-09,0,0.0
15832,2021-10,0,0.0
15832,2021-11,0,0.0
15832,2021-12,0,0.0
15834,2021-01,0,0.0
15834,2021-02,0,0.0
15834,2021-03,0,0.0
15834,2021-04,0,0.0
15834,2021-05,0,0.0
15834,2021-06,0,0.0
15834,2021-07,0,0.0
15834,2021-08,0,0.0
15834,2021-09,0,0.0
15834,2021-10,0,0.0
15834,2021-11,0,0.0
15834,2021-12,0,0.0
15840,2021-01,0,0.0
15840,2021-02,0,0.0
15840,2021-03,0,0.0
15840,2021-04,0,0.0
15840,2021-05,0,0.0
15840,2021-06,0,0.0
15840,2021-07,0,0.0
15840,2021-08,0,0.0
15840,2021-09,0,0.0
15840,2021-10,0,0.0
15840,2021-11,0,0.0
15840,2021-12,0,0.0
15360,2021-01,0,0.0
15360,2021-02,0,0.0
15360,2021-03,0,0.0
15360,2021-04,0,0.0
15360,2021-05,0,0.0
15360,2021-06,0,0.0
15360,2021-07,0,0.0
15360,2021-08,0,0.0
15360,2021-09,0,0.0
15360,2021-10,0,0.0
15360,2021-11,0,0.0
15360,2021-12,0,0.0
15841,2021-01,0,0.0
15841,2021-02,0,0.0
15841,2021-03,0,0.0
15841,2021-04,0,0.0
15841,2021-05,0,0.0
15841,2021-06,0,0.0
15841,2021-07,0,0.0
15841,2021-08,0,0.0
15841,2021-09,0,0.0
15841,2021-10,0,0.0
15841,2021-11,0,0.0
15841,2021-12,0,0.0
15845,2021-01,0,0.0
15845,2021-02,0,0.0
15845,2021-03,0,0.0
15845,2021-04,0,0.0
15845,2021-05,0,0.0
15845,2021-06,0,0.0
15845,2021-07,0,0.0
15845,2021-08,0,0.0
15845,2021-09,0,0.0
15845,2021-10,0,0.0
15845,2021-11,0,0.0
15845,2021-12,0,0.0
15846,2021-01,0,0.0
15846,2021-02,0,0.0
15846,2021-03,0,0.0
15846,2021-04,0,0.0
15846,2021-05,0,0.0
15846,2021-06,0,0.0
15846,2021-07,0,0.0
15846,2021-08,0,0.0
15846,2021-09,0,0.0
15846,2021-10,0,0.0
15846,2021-11,0,0.0
15846,2021-12,0,0.0
15847,2021-01,0,0.0
15847,2021-02,0,0.0
15847,2021-03,0,0.0
15847,2021-04,0,0.0
15847,2021-05,0,0.0
15847,2021-06,0,0.0
15847,2021-07,0,0.0
15847,2021-08,0,0.0
15847,2021-09,0,0.0
15847,2021-10,0,0.0
15847,2021-11,0,0.0
15847,2021-12,0,0.0
15848,2021-01,0,0.0
15848,2021-02,0,0.0
15848,2021-03,0,0.0
15848,2021-04,0,0.0
15848,2021-05,0,0.0
15848,2021-06,0,0.0
15848,2021-07,0,0.0
15848,2021-08,0,0.0
15848,2021-09,0,0.0
15848,2021-10,0,0.0
15848,2021-11,0,0.0
15848,2021-12,0,0.0
15849,2021-01,0,0.0
15849,2021-02,0,0.0
15849,2021-03,0,0.0
15849,2021-04,0,0.0
15849,2021-05,0,0.0
15849,2021-06,0,0.0
15849,2021-07,0,0.0
15849,2021-08,0,0.0
15849,2021-09,0,0.0
15849,2021-10,0,0.0
15849,2021-11,0,0.0
15849,2021-12,0,0.0
15851,2021-01,0,0.0
15851,2021-02,0,0.0
15851,2021-03,0,0.0
15851,2021-04,0,0.0
15851,2021-05,0,0.0
15851,2021-06,0,0.0
15851,2021-07,0,0.0
15851,2021-08,0,0.0
15851,2021-09,0,0.0
15851,2021-10,0,0.0
15851,2021-11,0,0.0
15851,2021-12,0,0.0
15853,2021-01,0,0.0
15853,2021-02,0,0.0
15853,2021-03,0,0.0
15853,2021-04,0,0.0
15853,2021-05,0,0.0
15853,2021-06,0,0.0
15853,2021-07,0,0.0
15853,2021-08,0,0.0
15853,2021-09,0,0.0
15853,2021-10,0,0.0
15853,2021-11,0,0.0
15853,2021-12,0,0.0
15363,2021-01,0,0.0
15363,2021-02,0,0.0
15363,2021-03,0,0.0
15363,2021-04,0,0.0
15363,2021-05,0,0.0
15363,2021-06,0,0.0
15363,2021-07,0,0.0
15363,2021-08,0,0.0
15363,2021-09,0,0.0
15363,2021-10,0,0.0
15363,2021-11,0,0.0
15363,2021-12,0,0.0
15856,2021-01,0,0.0
15856,2021-02,0,0.0
15856,2021-03,0,0.0
15856,2021-04,0,0.0
15856,2021-05,0,0.0
15856,2021-06,0,0.0
15856,2021-07,0,0.0
15856,2021-08,0,0.0
15856,2021-09,0,0.0
15856,2021-10,0,0.0
15856,2021-11,0,0.0
15856,2021-12,0,0.0
15860,2021-01,0,0.0
15860,2021-02,0,0.0
15860,2021-03,0,0.0
15860,2021-04,0,0.0
15860,2021-05,0,0.0
15860,2021-06,0,0.0
15860,2021-07,0,0.0
15860,2021-08,0,0.0
15860,2021-09,0,0.0
15860,2021-10,0,0.0
15860,2021-11,0,0.0
15860,2021-12,0,0.0
15861,2021-01,0,0.0
15861,2021-02,0,0.0
15861,2021-03,0,0.0
15861,2021-04,0,0.0
15861,2021-05,0,0.0
15861,2021-06,0,0.0
15861,2021-07,0,0.0
15861,2021-08,0,0.0
15861,2021-09,0,0.0
15861,2021-10,0,0.0
15861,2021-11,0,0.0
15861,2021-12,0,0.0
15863,2021-01,0,0.0
15863,2021-02,0,0.0
15863,2021-03,0,0.0
15863,2021-04,0,0.0
15863,2021-05,0,0.0
15863,2021-06,0,0.0
15863,2021-07,0,0.0
15863,2021-08,0,0.0
15863,2021-09,0,0.0
15863,2021-10,0,0.0
15863,2021-11,0,0.0
15863,2021-12,0,0.0
15864,2021-01,0,0.0
15864,2021-02,0,0.0
15864,2021-03,0,0.0
15864,2021-04,0,0.0
15864,2021-05,0,0.0
15864,2021-06,0,0.0
15864,2021-07,0,0.0
15864,2021-08,0,0.0
15864,2021-09,0,0.0
15864,2021-10,0,0.0
15864,2021-11,0,0.0
15864,2021-12,0,0.0
15865,2021-01,0,0.0
15865,2021-02,0,0.0
15865,2021-03,0,0.0
15865,2021-04,0,0.0
15865,2021-05,0,0.0
15865,2021-06,0,0.0
15865,2021-07,0,0.0
15865,2021-08,0,0.0
15865,2021-09,0,0.0
15865,2021-10,0,0.0
15865,2021-11,0,0.0
15865,2021-12,0,0.0
15866,2021-01,0,0.0
15866,2021-02,0,0.0
15866,2021-03,0,0.0
15866,2021-04,0,0.0
15866,2021-05,0,0.0
15866,2021-06,0,0.0
15866,2021-07,0,0.0
15866,2021-08,0,0.0
15866,2021-09,0,0.0
15866,2021-10,0,0.0
15866,2021-11,0,0.0
15866,2021-12,0,0.0
15868,2021-01,0,0.0
15868,2021-02,0,0.0
15868,2021-03,0,0.0
15868,2021-04,0,0.0
15868,2021-05,0,0.0
15868,2021-06,0,0.0
15868,2021-07,0,0.0
15868,2021-08,0,0.0
15868,2021-09,0,0.0
15868,2021-10,0,0.0
15868,2021-11,0,0.0
15868,2021-12,0,0.0
15870,2021-01,0,0.0
15870,2021-02,0,0.0
15870,2021-03,0,0.0
15870,2021-04,0,0.0
15870,2021-05,0,0.0
15870,2021-06,0,0.0
15870,2021-07,0,0.0
15870,2021-08,0,0.0
15870,2021-09,0,0.0
15870,2021-10,0,0.0
15870,2021-11,0,0.0
15870,2021-12,0,0.0
15367,2021-01,0,0.0
15367,2021-02,0,0.0
15367,2021-03,0,0.0
15367,2021-04,0,0.0
15367,2021-05,0,0.0
15367,2021-06,0,0.0
15367,2021-07,0,0.0
15367,2021-08,0,0.0
15367,2021-09,0,0.0
15367,2021-10,0,0.0
15367,2021-11,0,0.0
15367,2021-12,0,0.0
15368,2021-01,0,0.0
15368,2021-02,0,0.0
15368,2021-03,0,0.0
15368,2021-04,0,0.0
15368,2021-05,0,0.0
15368,2021-06,0,0.0
15368,2021-07,0,0.0
15368,2021-08,0,0.0
15368,2021-09,0,0.0
15368,2021-10,0,0.0
15368,2021-11,0,0.0
15368,2021-12,0,0.0
15370,2021-01,0,0.0
15370,2021-02,0,0.0
15370,2021-03,0,0.0
15370,2021-04,0,0.0
15370,2021-05,0,0.0
15370,2021-06,0,0.0
15370,2021-07,0,0.0
15370,2021-08,0,0.0
15370,2021-09,0,0.0
15370,2021-10,0,0.0
15370,2021-11,0,0.0
15370,2021-12,0,0.0
15902,2021-01,0,0.0
15902,2021-02,0,0.0
15902,2021-03,0,0.0
15902,2021-04,0,0.0
15902,2021-05,0,0.0
15902,2021-06,0,0.0
15902,2021-07,0,0.0
15902,2021-08,0,0.0
15902,2021-09,0,0.0
15902,2021-10,0,0.0
15902,2021-11,0,0.0
15902,2021-12,0,0.0
15904,2021-01,0,0.0
15904,2021-02,0,0.0
15904,2021-03,0,0.0
15904,2021-04,0,0.0
15904,2021-05,0,0.0
15904,2021-06,0,0.0
15904,2021-07,0,0.0
15904,2021-08,0,0.0
15904,2021-09,0,0.0
15904,2021-10,0,0.0
15904,2021-11,0,0.0
15904,2021-12,0,0.0
15905,2021-01,0,0.0
15905,2021-02,0,0.0
15905,2021-03,0,0.0
15905,2021-04,0,0.0
15905,2021-05,0,0.0
15905,2021-06,0,0.0
15905,2021-07,0,0.0
15905,2021-08,0,0.0
15905,2021-09,0,0.0
15905,2021-10,0,0.0
15905,2021-11,0,0.0
15905,2021-12,0,0.0
15906,2021-01,0,0.0
15906,2021-02,0,0.0
15906,2021-03,0,0.0
15906,2021-04,0,0.0
15906,2021-05,0,0.0
15906,2021-06,0,0.0
15906,2021-07,0,0.0
15906,2021-08,0,0.0
15906,2021-09,0,0.0
15906,2021-10,0,0.0
15906,2021-11,0,0.0
15906,2021-12,0,0.0
15909,2021-01,0,0.0
15909,2021-02,0,0.0
15909,2021-03,0,0.0
15909,2021-04,0,0.0
15909,2021-05,0,0.0
15909,2021-06,0,0.0
15909,2021-07,0,0.0
15909,2021-08,0,0.0
15909,2021-09,0,0.0
15909,2021-10,0,0.0
15909,2021-11,0,0.0
15909,2021-12,0,0.0
15920,2021-01,0,0.0
15920,2021-02,0,0.0
15920,2021-03,0,0.0
15920,2021-04,0,0.0
15920,2021-05,0,0.0
15920,2021-06,0,0.0
15920,2021-07,0,0.0
15920,2021-08,0,0.0
15920,2021-09,0,0.0
15920,2021-10,0,0.0
15920,2021-11,0,0.0
15920,2021-12,0,0.0
15921,2021-01,0,0.0
15921,2021-02,0,0.0
15921,2021-03,0,0.0
15921,2021-04,0,0.0
15921,2021-05,0,0.0
15921,2021-06,0,0.0
15921,2021-07,0,0.0
15921,2021-08,0,0.0
15921,2021-09,0,0.0
15921,2021-10,0,0.0
15921,2021-11,0,0.0
15921,2021-12,0,0.0
15922,2021-01,0,0.0
15922,2021-02,0,0.0
15922,2021-03,0,0.0
15922,2021-04,0,0.0
15922,2021-05,0,0.0
15922,2021-06,0,0.0
15922,2021-07,0,0.0
15922,2021-08,0,0.0
15922,2021-09,0,0.0
15922,2021-10,0,0.0
15922,2021-11,0,0.0
15922,2021-12,0,0.0
15923,2021-01,0,0.0
15923,2021-02,0,0.0
15923,2021-03,0,0.0
15923,2021-04,0,0.0
15923,2021-05,0,0.0
15923,2021-06,0,0.0
15923,2021-07,0,0.0
15923,2021-08,0,0.0
15923,2021-09,0,0.0
15923,2021-10,0,0.0
15923,2021-11,0,0.0
15923,2021-12,0,0.0
15924,2021-01,0,0.0
15924,2021-02,0,0.0
15924,2021-03,0,0.0
15924,2021-04,0,0.0
15924,2021-05,0,0.0
15924,2021-06,0,0.0
15924,2021-07,0,0.0
15924,2021-08,0,0.0
15924,2021-09,0,0.0
15924,2021-10,0,0.0
15924,2021-11,0,0.0
15924,2021-12,0,0.0
15925,2021-01,0,0.0
15925,2021-02,0,0.0
15925,2021-03,0,0.0
15925,2021-04,0,0.0
15925,2021-05,0,0.0
15925,2021-06,0,0.0
15925,2021-07,0,0.0
15925,2021-08,0,0.0
15925,2021-09,0,0.0
15925,2021-10,0,0.0
15925,2021-11,0,0.0
15925,2021-12,0,0.0
15926,2021-01,0,0.0
15926,2021-02,0,0.0
15926,2021-03,0,0.0
15926,2021-04,0,0.0
15926,2021-05,0,0.0
15926,2021-06,0,0.0
15926,2021-07,0,0.0
15926,2021-08,0,0.0
15926,2021-09,0,0.0
15926,2021-10,0,0.0
15926,2021-11,0,0.0
15926,2021-12,0,0.0
15927,2021-01,0,0.0
15927,2021-02,0,0.0
15927,2021-03,0,0.0
15927,2021-04,0,0.0
15927,2021-05,0,0.0
15927,2021-06,0,0.0
15927,2021-07,0,0.0
15927,2021-08,0,0.0
15927,2021-09,0,0.0
15927,2021-10,0,0.0
15927,2021-11,0,0.0
15927,2021-12,0,0.0
15928,2021-01,0,0.0
15928,2021-02,0,0.0
15928,2021-03,0,0.0
15928,2021-04,0,0.0
15928,2021-05,0,0.0
15928,2021-06,0,0.0
15928,2021-07,0,0.0
15928,2021-08,0,0.0
15928,2021-09,0,0.0
15928,2021-10,0,0.0
15928,2021-11,0,0.0
15928,2021-12,0,0.0
15929,2021-01,0,0.0
15929,2021-02,0,0.0
15929,2021-03,0,0.0
15929,2021-04,0,0.0
15929,2021-05,0,0.0
15929,2021-06,0,0.0
15929,2021-07,0,0.0
15929,2021-08,0,0.0
15929,2021-09,0,0.0
15929,2021-10,0,0.0
15929,2021-11,0,0.0
15929,2021-12,0,0.0
15930,2021-01,0,0.0
15930,2021-02,0,0.0
15930,2021-03,0,0.0
15930,2021-04,0,0.0
15930,2021-05,0,0.0
15930,2021-06,0,0.0
15930,2021-07,0,0.0
15930,2021-08,0,0.0
15930,2021-09,0,0.0
15930,2021-10,0,0.0
15930,2021-11,0,0.0
15930,2021-12,0,0.0
15931,2021-01,0,0.0
15931,2021-02,0,0.0
15931,2021-03,0,0.0
15931,2021-04,0,0.0
15931,2021-05,0,0.0
15931,2021-06,0,0.0
15931,2021-07,0,0.0
15931,2021-08,0,0.0
15931,2021-09,0,0.0
15931,2021-10,0,0.0
15931,2021-11,0,0.0
15931,2021-12,0,0.0
15934,2021-01,0,0.0
15934,2021-02,0,0.0
15934,2021-03,0,0.0
15934,2021-04,0,0.0
15934,2021-05,0,0.0
15934,2021-06,0,0.0
15934,2021-07,0,0.0
15934,2021-08,0,0.0
15934,2021-09,0,0.0
15934,2021-10,0,0.0
15934,2021-11,0,0.0
15934,2021-12,0,0.0
15935,2021-01,0,0.0
15935,2021-02,0,0.0
15935,2021-03,0,0.0
15935,2021-04,0,0.0
15935,2021-05,0,0.0
15935,2021-06,0,0.0
15935,2021-07,0,0.0
15935,2021-08,0,0.0
15935,2021-09,0,0.0
15935,2021-10,0,0.0
15935,2021-11,0,0.0
15935,2021-12,0,0.0
15936,2021-01,0,0.0
15936,2021-02,0,0.0
15936,2021-03,0,0.0
15936,2021-04,0,0.0
15936,2021-05,0,0.0
15936,2021-06,0,0.0
15936,2021-07,0,0.0
15936,2021-08,0,0.0
15936,2021-09,0,0.0
15936,2021-10,0,0.0
15936,2021-11,0,0.0
15936,2021-12,0,0.0
15937,2021-01,0,0.0
15937,2021-02,0,0.0
15937,2021-03,0,0.0
15937,2021-04,0,0.0
15937,2021-05,0,0.0
15937,2021-06,0,0.0
15937,2021-07,0,0.0
15937,2021-08,0,0.0
15937,2021-09,0,0.0
15937,2021-10,0,0.0
15937,2021-11,0,0.0
15937,2021-12,0,0.0
15938,2021-01,0,0.0
15938,2021-02,0,0.0
15938,2021-03,0,0.0
15938,2021-04,0,0.0
15938,2021-05,0,0.0
15938,2021-06,0,0.0
15938,2021-07,0,0.0
15938,2021-08,0,0.0
15938,2021-09,0,0.0
15938,2021-10,0,0.0
15938,2021-11,0,0.0
15938,2021-12,0,0.0
15940,2021-01,0,0.0
15940,2021-02,0,0.0
15940,2021-03,0,0.0
15940,2021-04,0,0.0
15940,2021-05,0,0.0
15940,2021-06,0,0.0
15940,2021-07,0,0.0
15940,2021-08,0,0.0
15940,2021-09,0,0.0
15940,2021-10,0,0.0
15940,2021-11,0,0.0
15940,2021-12,0,0.0
15942,2021-01,0,0.0
15942,2021-02,0,0.0
15942,2021-03,0,0.0
15942,2021-04,0,0.0
15942,2021-05,0,0.0
15942,2021-06,0,0.0
15942,2021-07,0,0.0
15942,2021-08,0,0.0
15942,2021-09,0,0.0
15942,2021-10,0,0.0
15942,2021-11,0,0.0
15942,2021-12,0,0.0
15943,2021-01,0,0.0
15943,2021-02,0,0.0
15943,2021-03,0,0.0
15943,2021-04,0,0.0
15943,2021-05,0,0.0
15943,2021-06,0,0.0
15943,2021-07,0,0.0
15943,2021-08,0,0.0
15943,2021-09,0,0.0
15943,2021-10,0,0.0
15943,2021-11,0,0.0
15943,2021-12,0,0.0
15944,2021-01,0,0.0
15944,2021-02,0,0.0
15944,2021-03,0,0.0
15944,2021-04,0,0.0
15944,2021-05,0,0.0
15944,2021-06,0,0.0
15944,2021-07,0,0.0
15944,2021-08,0,0.0
15944,2021-09,0,0.0
15944,2021-10,0,0.0
15944,2021-11,0,0.0
15944,2021-12,0,0.0
15945,2021-01,0,0.0
15945,2021-02,0,0.0
15945,2021-03,0,0.0
15945,2021-04,0,0.0
15945,2021-05,0,0.0
15945,2021-06,0,0.0
15945,2021-07,0,0.0
15945,2021-08,0,0.0
15945,2021-09,0,0.0
15945,2021-10,0,0.0
15945,2021-11,0,0.0
15945,2021-12,0,0.0
15946,2021-01,0,0.0
15946,2021-02,0,0.0
15946,2021-03,0,0.0
15946,2021-04,0,0.0
15946,2021-05,0,0.0
15946,2021-06,0,0.0
15946,2021-07,0,0.0
15946,2021-08,0,0.0
15946,2021-09,0,0.0
15946,2021-10,0,0.0
15946,2021-11,0,0.0
15946,2021-12,0,0.0
15948,2021-01,0,0.0
15948,2021-02,0,0.0
15948,2021-03,0,0.0
15948,2021-04,0,0.0
15948,2021-05,0,0.0
15948,2021-06,0,0.0
15948,2021-07,0,0.0
15948,2021-08,0,0.0
15948,2021-09,0,0.0
15948,2021-10,0,0.0
15948,2021-11,0,0.0
15948,2021-12,0,0.0
15949,2021-01,0,0.0
15949,2021-02,0,0.0
15949,2021-03,0,0.0
15949,2021-04,0,0.0
15949,2021-05,0,0.0
15949,2021-06,0,0.0
15949,2021-07,0,0.0
15949,2021-08,0,0.0
15949,2021-09,0,0.0
15949,2021-10,0,0.0
15949,2021-11,0,0.0
15949,2021-12,0,0.0
15951,2021-01,0,0.0
15951,2021-02,0,0.0
15951,2021-03,0,0.0
15951,2021-04,0,0.0
15951,2021-05,0,0.0
15951,2021-06,0,0.0
15951,2021-07,0,0.0
15951,2021-08,0,0.0
15951,2021-09,0,0.0
15951,2021-10,0,0.0
15951,2021-11,0,0.0
15951,2021-12,0,0.0
15952,2021-01,0,0.0
15952,2021-02,0,0.0
15952,2021-03,0,0.0
15952,2021-04,0,0.0
15952,2021-05,0,0.0
15952,2021-06,0,0.0
15952,2021-07,0,0.0
15952,2021-08,0,0.0
15952,2021-09,0,0.0
15952,2021-10,0,0.0
15952,2021-11,0,0.0
15952,2021-12,0,0.0
15953,2021-01,0,0.0
15953,2021-02,0,0.0
15953,2021-03,0,0.0
15953,2021-04,0,0.0
15953,2021-05,0,0.0
15953,2021-06,0,0.0
15953,2021-07,0,0.0
15953,2021-08,0,0.0
15953,2021-09,0,0.0
15953,2021-10,0,0.0
15953,2021-11,0,0.0
15953,2021-12,0,0.0
15954,2021-01,0,0.0
15954,2021-02,0,0.0
15954,2021-03,0,0.0
15954,2021-04,0,0.0
15954,2021-05,0,0.0
15954,2021-06,0,0.0
15954,2021-07,0,0.0
15954,2021-08,0,0.0
15954,2021-09,0,0.0
15954,2021-10,0,0.0
15954,2021-11,0,0.0
15954,2021-12,0,0.0
15955,2021-01,0,0.0
15955,2021-02,0,0.0
15955,2021-03,0,0.0
15955,2021-04,0,0.0
15955,2021-05,0,0.0
15955,2021-06,0,0.0
15955,2021-07,0,0.0
15955,2021-08,0,0.0
15955,2021-09,0,0.0
15955,2021-10,0,0.0
15955,2021-11,0,0.0
15955,2021-12,0,0.0
15956,2021-01,0,0.0
15956,2021-02,0,0.0
15956,2021-03,0,0.0
15956,2021-04,0,0.0
15956,2021-05,0,0.0
15956,2021-06,0,0.0
15956,2021-07,0,0.0
15956,2021-08,0,0.0
15956,2021-09,0,0.0
15956,2021-10,0,0.0
15956,2021-11,0,0.0
15956,2021-12,0,0.0
15957,2021-01,0,0.0
15957,2021-02,0,0.0
15957,2021-03,0,0.0
15957,2021-04,0,0.0
15957,2021-05,0,0.0
15957,2021-06,0,0.0
15957,2021-07,0,0.0
15957,2021-08,0,0.0
15957,2021-09,0,0.0
15957,2021-10,0,0.0
15957,2021-11,0,0.0
15957,2021-12,0,0.0
15958,2021-01,0,0.0
15958,2021-02,0,0.0
15958,2021-03,0,0.0
15958,2021-04,0,0.0
15958,2021-05,0,0.0
15958,2021-06,0,0.0
15958,2021-07,0,0.0
15958,2021-08,0,0.0
15958,2021-09,0,0.0
15958,2021-10,0,0.0
15958,2021-11,0,0.0
15958,2021-12,0,0.0
15960,2021-01,0,0.0
15960,2021-02,0,0.0
15960,2021-03,0,0.0
15960,2021-04,0,0.0
15960,2021-05,0,0.0
15960,2021-06,0,0.0
15960,2021-07,0,0.0
15960,2021-08,0,0.0
15960,2021-09,0,0.0
15960,2021-10,0,0.0
15960,2021-11,0,0.0
15960,2021-12,0,0.0
15961,2021-01,0,0.0
15961,2021-02,0,0.0
15961,2021-03,0,0.0
15961,2021-04,0,0.0
15961,2021-05,0,0.0
15961,2021-06,0,0.0
15961,2021-07,0,0.0
15961,2021-08,0,0.0
15961,2021-09,0,0.0
15961,2021-10,0,0.0
15961,2021-11,0,0.0
15961,2021-12,0,0.0
15962,2021-01,0,0.0
15962,2021-02,0,0.0
15962,2021-03,0,0.0
15962,2021-04,0,0.0
15962,2021-05,0,0.0
15962,2021-06,0,0.0
15962,2021-07,0,0.0
15962,2021-08,0,0.0
15962,2021-09,0,0.0
15962,2021-10,0,0.0
15962,2021-11,0,0.0
15962,2021-12,0,0.0
15963,2021-01,0,0.0
15963,2021-02,0,0.0
15963,2021-03,0,0.0
15963,2021-04,0,0.0
15963,2021-05,0,0.0
15963,2021-06,0,0.0
15963,2021-07,0,0.0
15963,2021-08,0,0.0
15963,2021-09,0,0.0
15963,2021-10,0,0.0
15963,2021-11,0,0.0
15963,2021-12,0,0.0
16002,2021-01,0,0.0
16002,2021-02,0,0.0
16002,2021-03,0,0.0
16002,2021-04,0,0.0
16002,2021-05,0,0.0
16002,2021-06,0,0.0
16002,2021-07,0,0.0
16002,2021-08,0,0.0
16002,2021-09,0,0.0
16002,2021-10,0,0.0
16002,2021-11,0,0.0
16002,2021-12,0,0.0
16020,2021-01,0,0.0
16020,2021-02,0,0.0
16020,2021-03,0,0.0
16020,2021-04,0,0.0
16020,2021-05,0,0.0
16020,2021-06,0,0.0
16020,2021-07,0,0.0
16020,2021-08,0,0.0
16020,2021-09,0,0.0
16020,2021-10,0,0.0
16020,2021-11,0,0.0
16020,2021-12,0,0.0
16022,2021-01,0,0.0
16022,2021-02,0,0.0
16022,2021-03,0,0.0
16022,2021-04,0,0.0
16022,2021-05,0,0.0
16022,2021-06,0,0.0
16022,2021-07,0,0.0
16022,2021-08,0,0.0
16022,2021-09,0,0.0
16022,2021-10,0,0.0
16022,2021-11,0,0.0
16022,2021-12,0,0.0
16023,2021-01,0,0.0
16023,2021-02,0,0.0
16023,2021-03,0,0.0
16023,2021-04,0,0.0
16023,2021-05,0,0.0
16023,2021-06,0,0.0
16023,2021-07,0,0.0
16023,2021-08,0,0.0
16023,2021-09,0,0.0
16023,2021-10,0,0.0
16023,2021-11,0,0.0
16023,2021-12,0,0.0
16024,2021-01,0,0.0
16024,2021-02,0,0.0
16024,2021-03,0,0.0
16024,2021-04,0,0.0
16024,2021-05,0,0.0
16024,2021-06,0,0.0
16024,2021-07,0,0.0
16024,2021-08,0,0.0
16024,2021-09,0,0.0
16024,2021-10,0,0.0
16024,2021-11,0,0.0
16024,2021-12,0,0.0
16025,2021-01,0,0.0
16025,2021-02,0,0.0
16025,2021-03,0,0.0
16025,2021-04,0,0.0
16025,2021-05,0,0.0
16025,2021-06,0,0.0
16025,2021-07,0,0.0
16025,2021-08,0,0.0
16025,2021-09,0,0.0
16025,2021-10,0,0.0
16025,2021-11,0,0.0
16025,2021-12,0,0.0
16027,2021-01,0,0.0
16027,2021-02,0,0.0
16027,2021-03,0,0.0
16027,2021-04,0,0.0
16027,2021-05,0,0.0
16027,2021-06,0,0.0
16027,2021-07,0,0.0
16027,2021-08,0,0.0
16027,2021-09,0,0.0
16027,2021-10,0,0.0
16027,2021-11,0,0.0
16027,2021-12,0,0.0
16028,2021-01,0,0.0
16028,2021-02,0,0.0
16028,2021-03,0,0.0
16028,2021-04,0,0.0
16028,2021-05,0,0.0
16028,2021-06,0,0.0
16028,2021-07,0,0.0
16028,2021-08,0,0.0
16028,2021-09,0,0.0
16028,2021-10,0,0.0
16028,2021-11,0,0.0
16028,2021-12,0,0.0
16029,2021-01,0,0.0
16029,2021-02,0,0.0
16029,2021-03,0,0.0
16029,2021-04,0,0.0
16029,2021-05,0,0.0
16029,2021-06,0,0.0
16029,2021-07,0,0.0
16029,2021-08,0,0.0
16029,2021-09,0,0.0
16029,2021-10,0,0.0
16029,2021-11,0,0.0
16029,2021-12,0,0.0
16030,2021-01,0,0.0
16030,2021-02,0,0.0
16030,2021-03,0,0.0
16030,2021-04,0,0.0
16030,2021-05,0,0.0
16030,2021-06,0,0.0
16030,2021-07,0,0.0
16030,2021-08,0,0.0
16030,2021-09,0,0.0
16030,2021-10,0,0.0
16030,2021-11,0,0.0
16030,2021-12,0,0.0
16033,2021-01,0,0.0
16033,2021-02,0,0.0
16033,2021-03,0,0.0
16033,2021-04,0,0.0
16033,2021-05,0,0.0
16033,2021-06,0,0.0
16033,2021-07,0,0.0
16033,2021-08,0,0.0
16033,2021-09,0,0.0
16033,2021-10,0,0.0
16033,2021-11,0,0.0
16033,2021-12,0,0.0
16034,2021-01,0,0.0
16034,2021-02,0,0.0
16034,2021-03,0,0.0
16034,2021-04,0,0.0
16034,2021-05,0,0.0
16034,2021-06,0,0.0
16034,2021-07,0,0.0
16034,2021-08,0,0.0
16034,2021-09,0,0.0
16034,2021-10,0,0.0
16034,2021-11,0,0.0
16034,2021-12,0,0.0
16035,2021-01,0,0.0
16035,2021-02,0,0.0
16035,2021-03,0,0.0
16035,2021-04,0,0.0
16035,2021-05,0,0.0
16035,2021-06,0,0.0
16035,2021-07,0,0.0
16035,2021-08,0,0.0
16035,2021-09,0,0.0
16035,2021-10,0,0.0
16035,2021-11,0,0.0
16035,2021-12,0,0.0
16036,2021-01,0,0.0
16036,2021-02,0,0.0
16036,2021-03,0,0.0
16036,2021-04,0,0.0
16036,2021-05,0,0.0
16036,2021-06,0,0.0
16036,2021-07,0,0.0
16036,2021-08,0,0.0
16036,2021-09,0,0.0
16036,2021-10,0,0.0
16036,2021-11,0,0.0
16036,2021-12,0,0.0
16037,2021-01,0,0.0
16037,2021-02,0,0.0
16037,2021-03,0,0.0
16037,2021-04,0,0.0
16037,2021-05,0,0.0
16037,2021-06,0,0.0
16037,2021-07,0,0.0
16037,2021-08,0,0.0
16037,2021-09,0,0.0
16037,2021-10,0,0.0
16037,2021-11,0,0.0
16037,2021-12,0,0.0
16038,2021-01,0,0.0
16038,2021-02,0,0.0
16038,2021-03,0,0.0
16038,2021-04,0,0.0
16038,2021-05,0,0.0
16038,2021-06,0,0.0
16038,2021-07,0,0.0
16038,2021-08,0,0.0
16038,2021-09,0,0.0
16038,2021-10,0,0.0
16038,2021-11,0,0.0
16038,2021-12,0,0.0
16040,2021-01,0,0.0
16040,2021-02,0,0.0
16040,2021-03,0,0.0
16040,2021-04,0,0.0
16040,2021-05,0,0.0
16040,2021-06,0,0.0
16040,2021-07,0,0.0
16040,2021-08,0,0.0
16040,2021-09,0,0.0
16040,2021-10,0,0.0
16040,2021-11,0,0.0
16040,2021-12,0,0.0
16041,2021-01,0,0.0
16041,2021-02,0,0.0
16041,2021-03,0,0.0
16041,2021-04,0,0.0
16041,2021-05,0,0.0
16041,2021-06,0,0.0
16041,2021-07,0,0.0
16041,2021-08,0,0.0
16041,2021-09,0,0.0
16041,2021-10,0,0.0
16041,2021-11,0,0.0
16041,2021-12,0,0.0
16045,2021-01,0,0.0
16045,2021-02,0,0.0
16045,2021-03,0,0.0
16045,2021-04,0,0.0
16045,2021-05,0,0.0
16045,2021-06,0,0.0
16045,2021-07,0,0.0
16045,2021-08,0,0.0
16045,2021-09,0,0.0
16045,2021-10,0,0.0
16045,2021-11,0,0.0
16045,2021-12,0,0.0
16046,2021-01,0,0.0
16046,2021-02,0,0.0
16046,2021-03,0,0.0
16046,2021-04,0,0.0
16046,2021-05,0,0.0
16046,2021-06,0,0.0
16046,2021-07,0,0.0
16046,2021-08,0,0.0
16046,2021-09,0,0.0
16046,2021-10,0,0.0
16046,2021-11,0,0.0
16046,2021-12,0,0.0
16048,2021-01,0,0.0
16048,2021-02,0,0.0
16048,2021-03,0,0.0
16048,2021-04,0,0.0
16048,2021-05,0,0.0
16048,2021-06,0,0.0
16048,2021-07,0,0.0
16048,2021-08,0,0.0
16048,2021-09,0,0.0
16048,2021-10,0,0.0
16048,2021-11,0,0.0
16048,2021-12,0,0.0
16049,2021-01,0,0.0
16049,2021-02,0,0.0
16049,2021-03,0,0.0
16049,2021-04,0,0.0
16049,2021-05,0,0.0
16049,2021-06,0,0.0
16049,2021-07,0,0.0
16049,2021-08,0,0.0
16049,2021-09,0,0.0
16049,2021-10,0,0.0
16049,2021-11,0,0.0
16049,2021-12,0,0.0
16050,2021-01,0,0.0
16050,2021-02,0,0.0
16050,2021-03,0,0.0
16050,2021-04,0,0.0
16050,2021-05,0,0.0
16050,2021-06,0,0.0
16050,2021-07,0,0.0
16050,2021-08,0,0.0
16050,2021-09,0,0.0
16050,2021-10,0,0.0
16050,2021-11,0,0.0
16050,2021-12,0,0.0
16051,2021-01,0,0.0
16051,2021-02,0,0.0
16051,2021-03,0,0.0
16051,2021-04,0,0.0
16051,2021-05,0,0.0
16051,2021-06,0,0.0
16051,2021-07,0,0.0
16051,2021-08,0,0.0
16051,2021-09,0,0.0
16051,2021-10,0,0.0
16051,2021-11,0,0.0
16051,2021-12,0,0.0
16052,2021-01,0,0.0
16052,2021-02,0,0.0
16052,2021-03,0,0.0
16052,2021-04,0,0.0
16052,2021-05,0,0.0
16052,2021-06,0,0.0
16052,2021-07,0,0.0
16052,2021-08,0,0.0
16052,2021-09,0,0.0
16052,2021-10,0,0.0
16052,2021-11,0,0.0
16052,2021-12,0,0.0
16053,2021-01,0,0.0
16053,2021-02,0,0.0
16053,2021-03,0,0.0
16053,2021-04,0,0.0
16053,2021-05,0,0.0
16053,2021-06,0,0.0
16053,2021-07,0,0.0
16053,2021-08,0,0.0
16053,2021-09,0,0.0
16053,2021-10,0,0.0
16053,2021-11,0,0.0
16053,2021-12,0,0.0
16054,2021-01,0,0.0
16054,2021-02,0,0.0
16054,2021-03,0,0.0
16054,2021-04,0,0.0
16054,2021-05,0,0.0
16054,2021-06,0,0.0
16054,2021-07,0,0.0
16054,2021-08,0,0.0
16054,2021-09,0,0.0
16054,2021-10,0,0.0
16054,2021-11,0,0.0
16054,2021-12,0,0.0
16055,2021-01,0,0.0
16055,2021-02,0,0.0
16055,2021-03,0,0.0
16055,2021-04,0,0.0
16055,2021-05,0,0.0
16055,2021-06,0,0.0
16055,2021-07,0,0.0
16055,2021-08,0,0.0
16055,2021-09,0,0.0
16055,2021-10,0,0.0
16055,2021-11,0,0.0
16055,2021-12,0,0.0
16056,2021-01,0,0.0
16056,2021-02,0,0.0
16056,2021-03,0,0.0
16056,2021-04,0,0.0
16056,2021-05,0,0.0
16056,2021-06,0,0.0
16056,2021-07,0,0.0
16056,2021-08,0,0.0
16056,2021-09,0,0.0
16056,2021-10,0,0.0
16056,2021-11,0,0.0
16056,2021-12,0,0.0
16057,2021-01,0,0.0
16057,2021-02,0,0.0
16057,2021-03,0,0.0
16057,2021-04,0,0.0
16057,2021-05,0,0.0
16057,2021-06,0,0.0
16057,2021-07,0,0.0
16057,2021-08,0,0.0
16057,2021-09,0,0.0
16057,2021-10,0,0.0
16057,2021-11,0,0.0
16057,2021-12,0,0.0
16059,2021-01,0,0.0
16059,2021-02,0,0.0
16059,2021-03,0,0.0
16059,2021-04,0,0.0
16059,2021-05,0,0.0
16059,2021-06,0,0.0
16059,2021-07,0,0.0
16059,2021-08,0,0.0
16059,2021-09,0,0.0
16059,2021-10,0,0.0
16059,2021-11,0,0.0
16059,2021-12,0,0.0
16061,2021-01,0,0.0
16061,2021-02,0,0.0
16061,2021-03,0,0.0
16061,2021-04,0,0.0
16061,2021-05,0,0.0
16061,2021-06,0,0.0
16061,2021-07,0,0.0
16061,2021-08,0,0.0
16061,2021-09,0,0.0
16061,2021-10,0,0.0
16061,2021-11,0,0.0
16061,2021-12,0,0.0
16063,2021-01,0,0.0
16063,2021-02,0,0.0
16063,2021-03,0,0.0
16063,2021-04,0,0.0
16063,2021-05,0,0.0
16063,2021-06,0,0.0
16063,2021-07,0,0.0
16063,2021-08,0,0.0
16063,2021-09,0,0.0
16063,2021-10,0,0.0
16063,2021-11,0,0.0
16063,2021-12,0,0.0
16102,2021-01,0,0.0
16102,2021-02,0,0.0
16102,2021-03,0,0.0
16102,2021-04,0,0.0
16102,2021-05,0,0.0
16102,2021-06,0,0.0
16102,2021-07,0,0.0
16102,2021-08,0,0.0
16102,2021-09,0,0.0
16102,2021-10,0,0.0
16102,2021-11,0,0.0
16102,2021-12,0,0.0
16105,2021-01,0,0.0
16105,2021-02,0,0.0
16105,2021-03,0,0.0
16105,2021-04,0,0.0
16105,2021-05,0,0.0
16105,2021-06,0,0.0
16105,2021-07,0,0.0
16105,2021-08,0,0.0
16105,2021-09,0,0.0
16105,2021-10,0,0.0
16105,2021-11,0,0.0
16105,2021-12,0,0.0
16110,2021-01,0,0.0
16110,2021-02,0,0.0
16110,2021-03,0,0.0
16110,2021-04,0,0.0
16110,2021-05,0,0.0
16110,2021-06,0,0.0
16110,2021-07,0,0.0
16110,2021-08,0,0.0
16110,2021-09,0,0.0
16110,2021-10,0,0.0
16110,2021-11,0,0.0
16110,2021-12,0,0.0
16111,2021-01,0,0.0
16111,2021-02,0,0.0
16111,2021-03,0,0.0
16111,2021-04,0,0.0
16111,2021-05,0,0.0
16111,2021-06,0,0.0
16111,2021-07,0,0.0
16111,2021-08,0,0.0
16111,2021-09,0,0.0
16111,2021-10,0,0.0
16111,2021-11,0,0.0
16111,2021-12,0,0.0
16112,2021-01,0,0.0
16112,2021-02,0,0.0
16112,2021-03,0,0.0
16112,2021-04,0,0.0
16112,2021-05,0,0.0
16112,2021-06,0,0.0
16112,2021-07,0,0.0
16112,2021-08,0,0.0
16112,2021-09,0,0.0
16112,2021-10,0,0.0
16112,2021-11,0,0.0
16112,2021-12,0,0.0
16113,2021-01,0,0.0
16113,2021-02,0,0.0
16113,2021-03,0,0.0
16113,2021-04,0,0.0
16113,2021-05,0,0.0
16113,2021-06,0,0.0
16113,2021-07,0,0.0
16113,2021-08,0,0.0
16113,2021-09,0,0.0
16113,2021-10,0,0.0
16113,2021-11,0,0.0
16113,2021-12,0,0.0
16114,2021-01,0,0.0
16114,2021-02,0,0.0
16114,2021-03,0,0.0
16114,2021-04,0,0.0
16114,2021-05,0,0.0
16114,2021-06,0,0.0
16114,2021-07,0,0.0
16114,2021-08,0,0.0
16114,2021-09,0,0.0
16114,2021-10,0,0.0
16114,2021-11,0,0.0
16114,2021-12,0,0.0
16115,2021-01,0,0.0
16115,2021-02,0,0.0
16115,2021-03,0,0.0
16115,2021-04,0,0.0
16115,2021-05,0,0.0
16115,2021-06,0,0.0
16115,2021-07,0,0.0
16115,2021-08,0,0.0
16115,2021-09,0,0.0
16115,2021-10,0,0.0
16115,2021-11,0,0.0
16115,2021-12,0,0.0
16116,2021-01,0,0.0
16116,2021-02,0,0.0
16116,2021-03,0,0.0
16116,2021-04,0,0.0
16116,2021-05,0,0.0
16116,2021-06,0,0.0
16116,2021-07,0,0.0
16116,2021-08,0,0.0
16116,2021-09,0,0.0
16116,2021-10,0,0.0
16116,2021-11,0,0.0
16116,2021-12,0,0.0
16117,2021-01,0,0.0
16117,2021-02,0,0.0
16117,2021-03,0,0.0
16117,2021-04,0,0.0
16117,2021-05,0,0.0
16117,2021-06,0,0.0
16117,2021-07,0,0.0
16117,2021-08,0,0.0
16117,2021-09,0,0.0
16117,2021-10,0,0.0
16117,2021-11,0,0.0
16117,2021-12,0,0.0
16120,2021-01,0,0.0
16120,2021-02,0,0.0
16120,2021-03,0,0.0
16120,2021-04,0,0.0
16120,2021-05,0,0.0
16120,2021-06,0,0.0
16120,2021-07,0,0.0
16120,2021-08,0,0.0
16120,2021-09,0,0.0
16120,2021-10,0,0.0
16120,2021-11,0,0.0
16120,2021-12,0,0.0
16123,2021-01,0,0.0
16123,2021-02,0,0.0
16123,2021-03,0,0.0
16123,2021-04,0,0.0
16123,2021-05,0,0.0
16123,2021-06,0,0.0
16123,2021-07,0,0.0
16123,2021-08,0,0.0
16123,2021-09,0,0.0
16123,2021-10,0,0.0
16123,2021-11,0,0.0
16123,2021-12,0,0.0
16124,2021-01,0,0.0
16124,2021-02,0,0.0
16124,2021-03,0,0.0
16124,2021-04,0,0.0
16124,2021-05,0,0.0
16124,2021-06,0,0.0
16124,2021-07,0,0.0
16124,2021-08,0,0.0
16124,2021-09,0,0.0
16124,2021-10,0,0.0
16124,2021-11,0,0.0
16124,2021-12,0,0.0
16125,2021-01,0,0.0
16125,2021-02,0,0.0
16125,2021-03,0,0.0
16125,2021-04,0,0.0
16125,2021-05,0,0.0
16125,2021-06,0,0.0
16125,2021-07,0,0.0
16125,2021-08,0,0.0
16125,2021-09,0,0.0
16125,2021-10,0,0.0
16125,2021-11,0,0.0
16125,2021-12,0,0.0
16127,2021-01,0,0.0
16127,2021-02,0,0.0
16127,2021-03,0,0.0
16127,2021-04,0,0.0
16127,2021-05,0,0.0
16127,2021-06,0,0.0
16127,2021-07,0,0.0
16127,2021-08,0,0.0
16127,2021-09,0,0.0
16127,2021-10,0,0.0
16127,2021-11,0,0.0
16127,2021-12,0,0.0
16130,2021-01,0,0.0
16130,2021-02,0,0.0
16130,2021-03,0,0.0
16130,2021-04,0,0.0
16130,2021-05,0,0.0
16130,2021-06,0,0.0
16130,2021-07,0,0.0
16130,2021-08,0,0.0
16130,2021-09,0,0.0
16130,2021-10,0,0.0
16130,2021-11,0,0.0
16130,2021-12,0,0.0
16131,2021-01,0,0.0
16131,2021-02,0,0.0
16131,2021-03,0,0.0
16131,2021-04,0,0.0
16131,2021-05,0,0.0
16131,2021-06,0,0.0
16131,2021-07,0,0.0
16131,2021-08,0,0.0
16131,2021-09,0,0.0
16131,2021-10,0,0.0
16131,2021-11,0,0.0
16131,2021-12,0,0.0
16132,2021-01,0,0.0
16132,2021-02,0,0.0
16132,2021-03,0,0.0
16132,2021-04,0,0.0
16132,2021-05,0,0.0
16132,2021-06,0,0.0
16132,2021-07,0,0.0
16132,2021-08,0,0.0
16132,2021-09,0,0.0
16132,2021-10,0,0.0
16132,2021-11,0,0.0
16132,2021-12,0,0.0
16133,2021-01,0,0.0
16133,2021-02,0,0.0
16133,2021-03,0,0.0
16133,2021-04,0,0.0
16133,2021-05,0,0.0
16133,2021-06,0,0.0
16133,2021-07,0,0.0
16133,2021-08,0,0.0
16133,2021-09,0,0.0
16133,2021-10,0,0.0
16133,2021-11,0,0.0
16133,2021-12,0,0.0
16136,2021-01,0,0.0
16136,2021-02,0,0.0
16136,2021-03,0,0.0
16136,2021-04,0,0.0
16136,2021-05,0,0.0
16136,2021-06,0,0.0
16136,2021-07,0,0.0
16136,2021-08,0,0.0
16136,2021-09,0,0.0
16136,2021-10,0,0.0
16136,2021-11,0,0.0
16136,2021-12,0,0.0
16137,2021-01,0,0.0
16137,2021-02,0,0.0
16137,2021-03,0,0.0
16137,2021-04,0,0.0
16137,2021-05,0,0.0
16137,2021-06,0,0.0
16137,2021-07,0,0.0
16137,2021-08,0,0.0
16137,2021-09,0,0.0
16137,2021-10,0,0.0
16137,2021-11,0,0.0
16137,2021-12,0,0.0
16140,2021-01,0,0.0
16140,2021-02,0,0.0
16140,2021-03,0,0.0
16140,2021-04,0,0.0
16140,2021-05,0,0.0
16140,2021-06,0,0.0
16140,2021-07,0,0.0
16140,2021-08,0,0.0
16140,2021-09,0,0.0
16140,2021-10,0,0.0
16140,2021-11,0,0.0
16140,2021-12,0,0.0
16141,2021-01,0,0.0
16141,2021-02,0,0.0
16141,2021-03,0,0.0
16141,2021-04,0,0.0
16141,2021-05,0,0.0
16141,2021-06,0,0.0
16141,2021-07,0,0.0
16141,2021-08,0,0.0
16141,2021-09,0,0.0
16141,2021-10,0,0.0
16141,2021-11,0,0.0
16141,2021-12,0,0.0
16143,2021-01,0,0.0
16143,2021-02,0,0.0
16143,2021-03,0,0.0
16143,2021-04,0,0.0
16143,2021-05,0,0.0
16143,2021-06,0,0.0
16143,2021-07,0,0.0
16143,2021-08,0,0.0
16143,2021-09,0,0.0
16143,2021-10,0,0.0
16143,2021-11,0,0.0
16143,2021-12,0,0.0
16145,2021-01,0,0.0
16145,2021-02,0,0.0
16145,2021-03,0,0.0
16145,2021-04,0,0.0
16145,2021-05,0,0.0
16145,2021-06,0,0.0
16145,2021-07,0,0.0
16145,2021-08,0,0.0
16145,2021-09,0,0.0
16145,2021-10,0,0.0
16145,2021-11,0,0.0
16145,2021-12,0,0.0
16146,2021-01,0,0.0
16146,2021-02,0,0.0
16146,2021-03,0,0.0
16146,2021-04,0,0.0
16146,2021-05,0,0.0
16146,2021-06,0,0.0
16146,2021-07,0,0.0
16146,2021-08,0,0.0
16146,2021-09,0,0.0
16146,2021-10,0,0.0
16146,2021-11,0,0.0
16146,2021-12,0,0.0
15421,2021-01,0,0.0
15421,2021-02,0,0.0
15421,2021-03,0,0.0
15421,2021-04,0,0.0
15421,2021-05,0,0.0
15421,2021-06,0,0.0
15421,2021-07,0,0.0
15421,2021-08,0,0.0
15421,2021-09,0,0.0
15421,2021-10,0,0.0
15421,2021-11,0,0.0
15421,2021-12,0,0.0
16148,2021-01,0,0.0
16148,2021-02,0,0.0
16148,2021-03,0,0.0
16148,2021-04,0,0.0
16148,2021-05,0,0.0
16148,2021-06,0,0.0
16148,2021-07,0,0.0
16148,2021-08,0,0.0
16148,2021-09,0,0.0
16148,2021-10,0,0.0
16148,2021-11,0,0.0
16148,2021-12,0,0.0
16150,2021-01,0,0.0
16150,2021-02,0,0.0
16150,2021-03,0,0.0
16150,2021-04,0,0.0
16150,2021-05,0,0.0
16150,2021-06,0,0.0
16150,2021-07,0,0.0
16150,2021-08,0,0.0
16150,2021-09,0,0.0
16150,2021-10,0,0.0
16150,2021-11,0,0.0
16150,2021-12,0,0.0
16151,2021-01,0,0.0
16151,2021-02,0,0.0
16151,2021-03,0,0.0
16151,2021-04,0,0.0
16151,2021-05,0,0.0
16151,2021-06,0,0.0
16151,2021-07,0,0.0
16151,2021-08,0,0.0
16151,2021-09,0,0.0
16151,2021-10,0,0.0
16151,2021-11,0,0.0
16151,2021-12,0,0.0
16153,2021-01,0,0.0
16153,2021-02,0,0.0
16153,2021-03,0,0.0
16153,2021-04,0,0.0
16153,2021-05,0,0.0
16153,2021-06,0,0.0
16153,2021-07,0,0.0
16153,2021-08,0,0.0
16153,2021-09,0,0.0
16153,2021-10,0,0.0
16153,2021-11,0,0.0
16153,2021-12,0,0.0
16154,2021-01,0,0.0
16154,2021-02,0,0.0
16154,2021-03,0,0.0
16154,2021-04,0,0.0
16154,2021-05,0,0.0
16154,2021-06,0,0.0
16154,2021-07,0,0.0
16154,2021-08,0,0.0
16154,2021-09,0,0.0
16154,2021-10,0,0.0
16154,2021-11,0,0.0
16154,2021-12,0,0.0
16155,2021-01,0,0.0
16155,2021-02,0,0.0
16155,2021-03,0,0.0
16155,2021-04,0,0.0
16155,2021-05,0,0.0
16155,2021-06,0,0.0
16155,2021-07,0,0.0
16155,2021-08,0,0.0
16155,2021-09,0,0.0
16155,2021-10,0,0.0
16155,2021-11,0,0.0
16155,2021-12,0,0.0
16156,2021-01,0,0.0
16156,2021-02,0,0.0
16156,2021-03,0,0.0
16156,2021-04,0,0.0
16156,2021-05,0,0.0
16156,2021-06,0,0.0
16156,2021-07,0,0.0
16156,2021-08,0,0.0
16156,2021-09,0,0.0
16156,2021-10,0,0.0
16156,2021-11,0,0.0
16156,2021-12,0,0.0
16157,2021-01,0,0.0
16157,2021-02,0,0.0
16157,2021-03,0,0.0
16157,2021-04,0,0.0
16157,2021-05,0,0.0
16157,2021-06,0,0.0
16157,2021-07,0,0.0
16157,2021-08,0,0.0
16157,2021-09,0,0.0
16157,2021-10,0,0.0
16157,2021-11,0,0.0
16157,2021-12,0,0.0
16160,2021-01,0,0.0
16160,2021-02,0,0.0
16160,2021-03,0,0.0
16160,2021-04,0,0.0
16160,2021-05,0,0.0
16160,2021-06,0,0.0
16160,2021-07,0,0.0
16160,2021-08,0,0.0
16160,2021-09,0,0.0
16160,2021-10,0,0.0
16160,2021-11,0,0.0
16160,2021-12,0,0.0
16161,2021-01,0,0.0
16161,2021-02,0,0.0
16161,2021-03,0,0.0
16161,2021-04,0,0.0
16161,2021-05,0,0.0
16161,2021-06,0,0.0
16161,2021-07,0,0.0
16161,2021-08,0,0.0
16161,2021-09,0,0.0
16161,2021-10,0,0.0
16161,2021-11,0,0.0
16161,2021-12,0,0.0
15424,2021-01,0,0.0
15424,2021-02,0,0.0
15424,2021-03,0,0.0
15424,2021-04,0,0.0
15424,2021-05,0,0.0
15424,2021-06,0,0.0
15424,2021-07,0,0.0
15424,2021-08,0,0.0
15424,2021-09,0,0.0
15424,2021-10,0,0.0
15424,2021-11,0,0.0
15424,2021-12,0,0.0
15425,2021-01,0,0.0
15425,2021-02,0,0.0
15425,2021-03,0,0.0
15425,2021-04,0,0.0
15425,2021-05,0,0.0
15425,2021-06,0,0.0
15425,2021-07,0,0.0
15425,2021-08,0,0.0
15425,2021-09,0,0.0
15425,2021-10,0,0.0
15425,2021-11,0,0.0
15425,2021-12,0,0.0
16172,2021-01,0,0.0
16172,2021-02,0,0.0
16172,2021-03,0,0.0
16172,2021-04,0,0.0
16172,2021-05,0,0.0
16172,2021-06,0,0.0
16172,2021-07,0,0.0
16172,2021-08,0,0.0
16172,2021-09,0,0.0
16172,2021-10,0,0.0
16172,2021-11,0,0.0
16172,2021-12,0,0.0
15429,2021-01,0,0.0
15429,2021-02,0,0.0
15429,2021-03,0,0.0
15429,2021-04,0,0.0
15429,2021-05,0,0.0
15429,2021-06,0,0.0
15429,2021-07,0,0.0
15429,2021-08,0,0.0
15429,2021-09,0,0.0
15429,2021-10,0,0.0
15429,2021-11,0,0.0
15429,2021-12,0,0.0
15430,2021-01,0,0.0
15430,2021-02,0,0.0
15430,2021-03,0,0.0
15430,2021-04,0,0.0
15430,2021-05,0,0.0
15430,2021-06,0,0.0
15430,2021-07,0,0.0
15430,2021-08,0,0.0
15430,2021-09,0,0.0
15430,2021-10,0,0.0
15430,2021-11,0,0.0
15430,2021-12,0,0.0
15431,2021-01,0,0.0
15431,2021-02,0,0.0
15431,2021-03,0,0.0
15431,2021-04,0,0.0
15431,2021-05,0,0.0
15431,2021-06,0,0.0
15431,2021-07,0,0.0
15431,2021-08,0,0.0
15431,2021-09,0,0.0
15431,2021-10,0,0.0
15431,2021-11,0,0.0
15431,2021-12,0,0.0
16201,2021-01,0,0.0
16201,2021-02,0,0.0
16201,2021-03,0,0.0
16201,2021-04,0,0.0
16201,2021-05,0,0.0
16201,2021-06,0,0.0
16201,2021-07,0,0.0
16201,2021-08,0,0.0
16201,2021-09,0,0.0
16201,2021-10,0,0.0
16201,2021-11,0,0.0
16201,2021-12,0,0.0
15433,2021-01,0,0.0
15433,2021-02,0,0.0
15433,2021-03,0,0.0
15433,2021-04,0,0.0
15433,2021-05,0,0.0
15433,2021-06,0,0.0
15433,2021-07,0,0.0
15433,2021-08,0,0.0
15433,2021-09,0,0.0
15433,2021-10,0,0.0
15433,2021-11,0,0.0
15433,2021-12,0,0.0
16210,2021-01,0,0.0
16210,2021-02,0,0.0
16210,2021-03,0,0.0
16210,2021-04,0,0.0
16210,2021-05,0,0.0
16210,2021-06,0,0.0
16210,2021-07,0,0.0
16210,2021-08,0,0.0
16210,2021-09,0,0.0
16210,2021-10,0,0.0
16210,2021-11,0,0.0
16210,2021-12,0,0.0
16211,2021-01,0,0.0
16211,2021-02,0,0.0
16211,2021-03,0,0.0
16211,2021-04,0,0.0
16211,2021-05,0,0.0
16211,2021-06,0,0.0
16211,2021-07,0,0.0
16211,2021-08,0,0.0
16211,2021-09,0,0.0
16211,2021-10,0,0.0
16211,2021-11,0,0.0
16211,2021-12,0,0.0
16212,2021-01,0,0.0
16212,2021-02,0,0.0
16212,2021-03,0,0.0
16212,2021-04,0,0.0
16212,2021-05,0,0.0
16212,2021-06,0,0.0
16212,2021-07,0,0.0
16212,2021-08,0,0.0
16212,2021-09,0,0.0
16212,2021-10,0,0.0
16212,2021-11,0,0.0
16212,2021-12,0,0.0
15434,2021-01,0,0.0
15434,2021-02,0,0.0
15434,2021-03,0,0.0
15434,2021-04,0,0.0
15434,2021-05,0,0.0
15434,2021-06,0,0.0
15434,2021-07,0,0.0
15434,2021-08,0,0.0
15434,2021-09,0,0.0
15434,2021-10,0,0.0
15434,2021-11,0,0.0
15434,2021-12,0,0.0
16213,2021-01,0,0.0
16213,2021-02,0,0.0
16213,2021-03,0,0.0
16213,2021-04,0,0.0
16213,2021-05,0,0.0
16213,2021-06,0,0.0
16213,2021-07,0,0.0
16213,2021-08,0,0.0
16213,2021-09,0,0.0
16213,2021-10,0,0.0
16213,2021-11,0,0.0
16213,2021-12,0,0.0
16217,2021-01,0,0.0
16217,2021-02,0,0.0
16217,2021-03,0,0.0
16217,2021-04,0,0.0
16217,2021-05,0,0.0
16217,2021-06,0,0.0
16217,2021-07,0,0.0
16217,2021-08,0,0.0
16217,2021-09,0,0.0
16217,2021-10,0,0.0
16217,2021-11,0,0.0
16217,2021-12,0,0.0
15435,2021-01,0,0.0
15435,2021-02,0,0.0
15435,2021-03,0,0.0
15435,2021-04,0,0.0
15435,2021-05,0,0.0
15435,2021-06,0,0.0
15435,2021-07,0,0.0
15435,2021-08,0,0.0
15435,2021-09,0,0.0
15435,2021-10,0,0.0
15435,2021-11,0,0.0
15435,2021-12,0,0.0
16218,2021-01,0,0.0
16218,2021-02,0,0.0
16218,2021-03,0,0.0
16218,2021-04,0,0.0
16218,2021-05,0,0.0
16218,2021-06,0,0.0
16218,2021-07,0,0.0
16218,2021-08,0,0.0
16218,2021-09,0,0.0
16218,2021-10,0,0.0
16218,2021-11,0,0.0
16218,2021-12,0,0.0
16220,2021-01,0,0.0
16220,2021-02,0,0.0
16220,2021-03,0,0.0
16220,2021-04,0,0.0
16220,2021-05,0,0.0
16220,2021-06,0,0.0
16220,2021-07,0,0.0
16220,2021-08,0,0.0
16220,2021-09,0,0.0
16220,2021-10,0,0.0
16220,2021-11,0,0.0
16220,2021-12,0,0.0
16222,2021-01,0,0.0
16222,2021-02,0,0.0
16222,2021-03,0,0.0
16222,2021-04,0,0.0
16222,2021-05,0,0.0
16222,2021-06,0,0.0
16222,2021-07,0,0.0
16222,2021-08,0,0.0
16222,2021-09,0,0.0
16222,2021-10,0,0.0
16222,2021-11,0,0.0
16222,2021-12,0,0.0
15436,2021-01,0,0.0
15436,2021-02,0,0.0
15436,2021-03,0,0.0
15436,2021-04,0,0.0
15436,2021-05,0,0.0
15436,2021-06,0,0.0
15436,2021-07,0,0.0
15436,2021-08,0,0.0
15436,2021-09,0,0.0
15436,2021-10,0,0.0
15436,2021-11,0,0.0
15436,2021-12,0,0.0
16223,2021-01,0,0.0
16223,2021-02,0,0.0
16223,2021-03,0,0.0
16223,2021-04,0,0.0
16223,2021-05,0,0.0
16223,2021-06,0,0.0
16223,2021-07,0,0.0
16223,2021-08,0,0.0
16223,2021-09,0,0.0
16223,2021-10,0,0.0
16223,2021-11,0,0.0
16223,2021-12,0,0.0
16224,2021-01,0,0.0
16224,2021-02,0,0.0
16224,2021-03,0,0.0
16224,2021-04,0,0.0
16224,2021-05,0,0.0
16224,2021-06,0,0.0
16224,2021-07,0,0.0
16224,2021-08,0,0.0
16224,2021-09,0,0.0
16224,2021-10,0,0.0
16224,2021-11,0,0.0
16224,2021-12,0,0.0
16226,2021-01,0,0.0
16226,2021-02,0,0.0
16226,2021-03,0,0.0
16226,2021-04,0,0.0
16226,2021-05,0,0.0
16226,2021-06,0,0.0
16226,2021-07,0,0.0
16226,2021-08,0,0.0
16226,2021-09,0,0.0
16226,2021-10,0,0.0
16226,2021-11,0,0.0
16226,2021-12,0,0.0
16228,2021-01,0,0.0
16228,2021-02,0,0.0
16228,2021-03,0,0.0
16228,2021-04,0,0.0
16228,2021-05,0,0.0
16228,2021-06,0,0.0
16228,2021-07,0,0.0
16228,2021-08,0,0.0
16228,2021-09,0,0.0
16228,2021-10,0,0.0
16228,2021-11,0,0.0
16228,2021-12,0,0.0
16229,2021-01,0,0.0
16229,2021-02,0,0.0
16229,2021-03,0,0.0
16229,2021-04,0,0.0
16229,2021-05,0,0.0
16229,2021-06,0,0.0
16229,2021-07,0,0.0
16229,2021-08,0,0.0
16229,2021-09,0,0.0
16229,2021-10,0,0.0
16229,2021-11,0,0.0
16229,2021-12,0,0.0
16230,2021-01,0,0.0
16230,2021-02,0,0.0
16230,2021-03,0,0.0
16230,2021-04,0,0.0
16230,2021-05,0,0.0
16230,2021-06,0,0.0
16230,2021-07,0,0.0
16230,2021-08,0,0.0
16230,2021-09,0,0.0
16230,2021-10,0,0.0
16230,2021-11,0,0.0
16230,2021-12,0,0.0
16232,2021-01,0,0.0
16232,2021-02,0,0.0
16232,2021-03,0,0.0
16232,2021-04,0,0.0
16232,2021-05,0,0.0
16232,2021-06,0,0.0
16232,2021-07,0,0.0
16232,2021-08,0,0.0
16232,2021-09,0,0.0
16232,2021-10,0,0.0
16232,2021-11,0,0.0
16232,2021-12,0,0.0
15438,2021-01,0,0.0
15438,2021-02,0,0.0
15438,2021-03,0,0.0
15438,2021-04,0,0.0
15438,2021-05,0,0.0
15438,2021-06,0,0.0
15438,2021-07,0,0.0
15438,2021-08,0,0.0
15438,2021-09,0,0.0
15438,2021-10,0,0.0
15438,2021-11,0,0.0
15438,2021-12,0,0.0
16233,2021-01,0,0.0
16233,2021-02,0,0.0
16233,2021-03,0,0.0
16233,2021-04,0,0.0
16233,2021-05,0,0.0
16233,2021-06,0,0.0
16233,2021-07,0,0.0
16233,2021-08,0,0.0
16233,2021-09,0,0.0
16233,2021-10,0,0.0
16233,2021-11,0,0.0
16233,2021-12,0,0.0
16235,2021-01,0,0.0
16235,2021-02,0,0.0
16235,2021-03,0,0.0
16235,2021-04,0,0.0
16235,2021-05,0,0.0
16235,2021-06,0,0.0
16235,2021-07,0,0.0
16235,2021-08,0,0.0
16235,2021-09,0,0.0
16235,2021-10,0,0.0
16235,2021-11,0,0.0
16235,2021-12,0,0.0
16236,2021-01,0,0.0
16236,2021-02,0,0.0
16236,2021-03,0,0.0
16236,2021-04,0,0.0
16236,2021-05,0,0.0
16236,2021-06,0,0.0
16236,2021-07,0,0.0
16236,2021-08,0,0.0
16236,2021-09,0,0.0
16236,2021-10,0,0.0
16236,2021-11,0,0.0
16236,2021-12,0,0.0
16238,2021-01,0,0.0
16238,2021-02,0,0.0
16238,2021-03,0,0.0
16238,2021-04,0,0.0
16238,2021-05,0,0.0
16238,2021-06,0,0.0
16238,2021-07,0,0.0
16238,2021-08,0,0.0
16238,2021-09,0,0.0
16238,2021-10,0,0.0
16238,2021-11,0,0.0
16238,2021-12,0,0.0
16239,2021-01,0,0.0
16239,2021-02,0,0.0
16239,2021-03,0,0.0
16239,2021-04,0,0.0
16239,2021-05,0,0.0
16239,2021-06,0,0.0
16239,2021-07,0,0.0
16239,2021-08,0,0.0
16239,2021-09,0,0.0
16239,2021-10,0,0.0
16239,2021-11,0,0.0
16239,2021-12,0,0.0
16240,2021-01,0,0.0
16240,2021-02,0,0.0
16240,2021-03,0,0.0
16240,2021-04,0,0.0
16240,2021-05,0,0.0
16240,2021-06,0,0.0
16240,2021-07,0,0.0
16240,2021-08,0,0.0
16240,2021-09,0,0.0
16240,2021-10,0,0.0
16240,2021-11,0,0.0
16240,2021-12,0,0.0
15440,2021-01,0,0.0
15440,2021-02,0,0.0
15440,2021-03,0,0.0
15440,2021-04,0,0.0
15440,2021-05,0,0.0
15440,2021-06,0,0.0
15440,2021-07,0,0.0
15440,2021-08,0,0.0
15440,2021-09,0,0.0
15440,2021-10,0,0.0
15440,2021-11,0,0.0
15440,2021-12,0,0.0
16244,2021-01,0,0.0
16244,2021-02,0,0.0
16244,2021-03,0,0.0
16244,2021-04,0,0.0
16244,2021-05,0,0.0
16244,2021-06,0,0.0
16244,2021-07,0,0.0
16244,2021-08,0,0.0
16244,2021-09,0,0.0
16244,2021-10,0,0.0
16244,2021-11,0,0.0
16244,2021-12,0,0.0
16245,2021-01,0,0.0
16245,2021-02,0,0.0
16245,2021-03,0,0.0
16245,2021-04,0,0.0
16245,2021-05,0,0.0
16245,2021-06,0,0.0
16245,2021-07,0,0.0
16245,2021-08,0,0.0
16245,2021-09,0,0.0
16245,2021-10,0,0.0
16245,2021-11,0,0.0
16245,2021-12,0,0.0
16246,2021-01,0,0.0
16246,2021-02,0,0.0
16246,2021-03,0,0.0
16246,2021-04,0,0.0
16246,2021-05,0,0.0
16246,2021-06,0,0.0
16246,2021-07,0,0.0
16246,2021-08,0,0.0
16246,2021-09,0,0.0
16246,2021-10,0,0.0
16246,2021-11,0,0.0
16246,2021-12,0,0.0
16249,2021-01,0,0.0
16249,2021-02,0,0.0
16249,2021-03,0,0.0
16249,2021-04,0,0.0
16249,2021-05,0,0.0
16249,2021-06,0,0.0
16249,2021-07,0,0.0
16249,2021-08,0,0.0
16249,2021-09,0,0.0
16249,2021-10,0,0.0
16249,2021-11,0,0.0
16249,2021-12,0,0.0
16250,2021-01,0,0.0
16250,2021-02,0,0.0
16250,2021-03,0,0.0
16250,2021-04,0,0.0
16250,2021-05,0,0.0
16250,2021-06,0,0.0
16250,2021-07,0,0.0
16250,2021-08,0,0.0
16250,2021-09,0,0.0
16250,2021-10,0,0.0
16250,2021-11,0,0.0
16250,2021-12,0,0.0
16253,2021-01,0,0.0
16253,2021-02,0,0.0
16253,2021-03,0,0.0
16253,2021-04,0,0.0
16253,2021-05,0,0.0
16253,2021-06,0,0.0
16253,2021-07,0,0.0
16253,2021-08,0,0.0
16253,2021-09,0,0.0
16253,2021-10,0,0.0
16253,2021-11,0,0.0
16253,2021-12,0,0.0
16254,2021-01,0,0.0
16254,2021-02,0,0.0
16254,2021-03,0,0.0
16254,2021-04,0,0.0
16254,2021-05,0,0.0
16254,2021-06,0,0.0
16254,2021-07,0,0.0
16254,2021-08,0,0.0
16254,2021-09,0,0.0
16254,2021-10,0,0.0
16254,2021-11,0,0.0
16254,2021-12,0,0.0
16255,2021-01,0,0.0
16255,2021-02,0,0.0
16255,2021-03,0,0.0
16255,2021-04,0,0.0
16255,2021-05,0,0.0
16255,2021-06,0,0.0
16255,2021-07,0,0.0
16255,2021-08,0,0.0
16255,2021-09,0,0.0
16255,2021-10,0,0.0
16255,2021-11,0,0.0
16255,2021-12,0,0.0
16256,2021-01,0,0.0
16256,2021-02,0,0.0
16256,2021-03,0,0.0
16256,2021-04,0,0.0
16256,2021-05,0,0.0
16256,2021-06,0,0.0
16256,2021-07,0,0.0
16256,2021-08,0,0.0
16256,2021-09,0,0.0
16256,2021-10,0,0.0
16256,2021-11,0,0.0
16256,2021-12,0,0.0
16258,2021-01,0,0.0
16258,2021-02,0,0.0
16258,2021-03,0,0.0
16258,2021-04,0,0.0
16258,2021-05,0,0.0
16258,2021-06,0,0.0
16258,2021-07,0,0.0
16258,2021-08,0,0.0
16258,2021-09,0,0.0
16258,2021-10,0,0.0
16258,2021-11,0,0.0
16258,2021-12,0,0.0
16259,2021-01,0,0.0
16259,2021-02,0,0.0
16259,2021-03,0,0.0
16259,2021-04,0,0.0
16259,2021-05,0,0.0
16259,2021-06,0,0.0
16259,2021-07,0,0.0
16259,2021-08,0,0.0
16259,2021-09,0,0.0
16259,2021-10,0,0.0
16259,2021-11,0,0.0
16259,2021-12,0,0.0
16260,2021-01,0,0.0
16260,2021-02,0,0.0
16260,2021-03,0,0.0
16260,2021-04,0,0.0
16260,2021-05,0,0.0
16260,2021-06,0,0.0
16260,2021-07,0,0.0
16260,2021-08,0,0.0
16260,2021-09,0,0.0
16260,2021-10,0,0.0
16260,2021-11,0,0.0
16260,2021-12,0,0.0
16262,2021-01,0,0.0
16262,2021-02,0,0.0
16262,2021-03,0,0.0
16262,2021-04,0,0.0
16262,2021-05,0,0.0
16262,2021-06,0,0.0
16262,2021-07,0,0.0
16262,2021-08,0,0.0
16262,2021-09,0,0.0
16262,2021-10,0,0.0
16262,2021-11,0,0.0
16262,2021-12,0,0.0
15444,2021-01,0,0.0
15444,2021-02,0,0.0
15444,2021-03,0,0.0
15444,2021-04,0,0.0
15444,2021-05,0,0.0
15444,2021-06,0,0.0
15444,2021-07,0,0.0
15444,2021-08,0,0.0
15444,2021-09,0,0.0
15444,2021-10,0,0.0
15444,2021-11,0,0.0
15444,2021-12,0,0.0
16263,2021-01,0,0.0
16263,2021-02,0,0.0
16263,2021-03,0,0.0
16263,2021-04,0,0.0
16263,2021-05,0,0.0
16263,2021-06,0,0.0
16263,2021-07,0,0.0
16263,2021-08,0,0.0
16263,2021-09,0,0.0
16263,2021-10,0,0.0
16263,2021-11,0,0.0
16263,2021-12,0,0.0
15445,2021-01,0,0.0
15445,2021-02,0,0.0
15445,2021-03,0,0.0
15445,2021-04,0,0.0
15445,2021-05,0,0.0
15445,2021-06,0,0.0
15445,2021-07,0,0.0
15445,2021-08,0,0.0
15445,2021-09,0,0.0
15445,2021-10,0,0.0
15445,2021-11,0,0.0
15445,2021-12,0,0.0
15446,2021-01,0,0.0
15446,2021-02,0,0.0
15446,2021-03,0,0.0
15446,2021-04,0,0.0
15446,2021-05,0,0.0
15446,2021-06,0,0.0
15446,2021-07,0,0.0
15446,2021-08,0,0.0
15446,2021-09,0,0.0
15446,2021-10,0,0.0
15446,2021-11,0,0.0
15446,2021-12,0,0.0
15449,2021-01,0,0.0
15449,2021-02,0,0.0
15449,2021-03,0,0.0
15449,2021-04,0,0.0
15449,2021-05,0,0.0
15449,2021-06,0,0.0
15449,2021-07,0,0.0
15449,2021-08,0,0.0
15449,2021-09,0,0.0
15449,2021-10,0,0.0
15449,2021-11,0,0.0
15449,2021-12,0,0.0
15450,2021-01,0,0.0
15450,2021-02,0,0.0
15450,2021-03,0,0.0
15450,2021-04,0,0.0
15450,2021-05,0,0.0
15450,2021-06,0,0.0
15450,2021-07,0,0.0
15450,2021-08,0,0.0
15450,2021-09,0,0.0
15450,2021-10,0,0.0
15450,2021-11,0,0.0
15450,2021-12,0,0.0
16311,2021-01,0,0.0
16311,2021-02,0,0.0
16311,2021-03,0,0.0
16311,2021-04,0,0.0
16311,2021-05,0,0.0
16311,2021-06,0,0.0
16311,2021-07,0,0.0
16311,2021-08,0,0.0
16311,2021-09,0,0.0
16311,2021-10,0,0.0
16311,2021-11,0,0.0
16311,2021-12,0,0.0
16312,2021-01,0,0.0
16312,2021-02,0,0.0
16312,2021-03,0,0.0
16312,2021-04,0,0.0
16312,2021-05,0,0.0
16312,2021-06,0,0.0
16312,2021-07,0,0.0
16312,2021-08,0,0.0
16312,2021-09,0,0.0
16312,2021-10,0,0.0
16312,2021-11,0,0.0
16312,2021-12,0,0.0
16313,2021-01,0,0.0
16313,2021-02,0,0.0
16313,2021-03,0,0.0
16313,2021-04,0,0.0
16313,2021-05,0,0.0
16313,2021-06,0,0.0
16313,2021-07,0,0.0
16313,2021-08,0,0.0
16313,2021-09,0,0.0
16313,2021-10,0,0.0
16313,2021-11,0,0.0
16313,2021-12,0,0.0
16314,2021-01,0,0.0
16314,2021-02,0,0.0
16314,2021-03,0,0.0
16314,2021-04,0,0.0
16314,2021-05,0,0.0
16314,2021-06,0,0.0
16314,2021-07,0,0.0
16314,2021-08,0,0.0
16314,2021-09,0,0.0
16314,2021-10,0,0.0
16314,2021-11,0,0.0
16314,2021-12,0,0.0
16316,2021-01,0,0.0
16316,2021-02,0,0.0
16316,2021-03,0,0.0
16316,2021-04,0,0.0
16316,2021-05,0,0.0
16316,2021-06,0,0.0
16316,2021-07,0,0.0
16316,2021-08,0,0.0
16316,2021-09,0,0.0
16316,2021-10,0,0.0
16316,2021-11,0,0.0
16316,2021-12,0,0.0
16317,2021-01,0,0.0
16317,2021-02,0,0.0
16317,2021-03,0,0.0
16317,2021-04,0,0.0
16317,2021-05,0,0.0
16317,2021-06,0,0.0
16317,2021-07,0,0.0
16317,2021-08,0,0.0
16317,2021-09,0,0.0
16317,2021-10,0,0.0
16317,2021-11,0,0.0
16317,2021-12,0,0.0
16319,2021-01,0,0.0
16319,2021-02,0,0.0
16319,2021-03,0,0.0
16319,2021-04,0,0.0
16319,2021-05,0,0.0
16319,2021-06,0,0.0
16319,2021-07,0,0.0
16319,2021-08,0,0.0
16319,2021-09,0,0.0
16319,2021-10,0,0.0
16319,2021-11,0,0.0
16319,2021-12,0,0.0
16321,2021-01,0,0.0
16321,2021-02,0,0.0
16321,2021-03,0,0.0
16321,2021-04,0,0.0
16321,2021-05,0,0.0
16321,2021-06,0,0.0
16321,2021-07,0,0.0
16321,2021-08,0,0.0
16321,2021-09,0,0.0
16321,2021-10,0,0.0
16321,2021-11,0,0.0
16321,2021-12,0,0.0
16322,2021-01,0,0.0
16322,2021-02,0,0.0
16322,2021-03,0,0.0
16322,2021-04,0,0.0
16322,2021-05,0,0.0
16322,2021-06,0,0.0
16322,2021-07,0,0.0
16322,2021-08,0,0.0
16322,2021-09,0,0.0
16322,2021-10,0,0.0
16322,2021-11,0,0.0
16322,2021-12,0,0.0
16323,2021-01,0,0.0
16323,2021-02,0,0.0
16323,2021-03,0,0.0
16323,2021-04,0,0.0
16323,2021-05,0,0.0
16323,2021-06,0,0.0
16323,2021-07,0,0.0
16323,2021-08,0,0.0
16323,2021-09,0,0.0
16323,2021-10,0,0.0
16323,2021-11,0,0.0
16323,2021-12,0,0.0
16326,2021-01,0,0.0
16326,2021-02,0,0.0
16326,2021-03,0,0.0
16326,2021-04,0,0.0
16326,2021-05,0,0.0
16326,2021-06,0,0.0
16326,2021-07,0,0.0
16326,2021-08,0,0.0
16326,2021-09,0,0.0
16326,2021-10,0,0.0
16326,2021-11,0,0.0
16326,2021-12,0,0.0
16327,2021-01,0,0.0
16327,2021-02,0,0.0
16327,2021-03,0,0.0
16327,2021-04,0,0.0
16327,2021-05,0,0.0
16327,2021-06,0,0.0
16327,2021-07,0,0.0
16327,2021-08,0,0.0
16327,2021-09,0,0.0
16327,2021-10,0,0.0
16327,2021-11,0,0.0
16327,2021-12,0,0.0
16328,2021-01,0,0.0
16328,2021-02,0,0.0
16328,2021-03,0,0.0
16328,2021-04,0,0.0
16328,2021-05,0,0.0
16328,2021-06,0,0.0
16328,2021-07,0,0.0
16328,2021-08,0,0.0
16328,2021-09,0,0.0
16328,2021-10,0,0.0
16328,2021-11,0,0.0
16328,2021-12,0,0.0
16329,2021-01,0,0.0
16329,2021-02,0,0.0
16329,2021-03,0,0.0
16329,2021-04,0,0.0
16329,2021-05,0,0.0
16329,2021-06,0,0.0
16329,2021-07,0,0.0
16329,2021-08,0,0.0
16329,2021-09,0,0.0
16329,2021-10,0,0.0
16329,2021-11,0,0.0
16329,2021-12,0,0.0
16331,2021-01,0,0.0
16331,2021-02,0,0.0
16331,2021-03,0,0.0
16331,2021-04,0,0.0
16331,2021-05,0,0.0
16331,2021-06,0,0.0
16331,2021-07,0,0.0
16331,2021-08,0,0.0
16331,2021-09,0,0.0
16331,2021-10,0,0.0
16331,2021-11,0,0.0
16331,2021-12,0,0.0
16332,2021-01,0,0.0
16332,2021-02,0,0.0
16332,2021-03,0,0.0
16332,2021-04,0,0.0
16332,2021-05,0,0.0
16332,2021-06,0,0.0
16332,2021-07,0,0.0
16332,2021-08,0,0.0
16332,2021-09,0,0.0
16332,2021-10,0,0.0
16332,2021-11,0,0.0
16332,2021-12,0,0.0
16333,2021-01,0,0.0
16333,2021-02,0,0.0
16333,2021-03,0,0.0
16333,2021-04,0,0.0
16333,2021-05,0,0.0
16333,2021-06,0,0.0
16333,2021-07,0,0.0
16333,2021-08,0,0.0
16333,2021-09,0,0.0
16333,2021-10,0,0.0
16333,2021-11,0,0.0
16333,2021-12,0,0.0
16334,2021-01,0,0.0
16334,2021-02,0,0.0
16334,2021-03,0,0.0
16334,2021-04,0,0.0
16334,2021-05,0,0.0
16334,2021-06,0,0.0
16334,2021-07,0,0.0
16334,2021-08,0,0.0
16334,2021-09,0,0.0
16334,2021-10,0,0.0
16334,2021-11,0,0.0
16334,2021-12,0,0.0
16335,2021-01,0,0.0
16335,2021-02,0,0.0
16335,2021-03,0,0.0
16335,2021-04,0,0.0
16335,2021-05,0,0.0
16335,2021-06,0,0.0
16335,2021-07,0,0.0
16335,2021-08,0,0.0
16335,2021-09,0,0.0
16335,2021-10,0,0.0
16335,2021-11,0,0.0
16335,2021-12,0,0.0
15459,2021-01,0,0.0
15459,2021-02,0,0.0
15459,2021-03,0,0.0
15459,2021-04,0,0.0
15459,2021-05,0,0.0
15459,2021-06,0,0.0
15459,2021-07,0,0.0
15459,2021-08,0,0.0
15459,2021-09,0,0.0
15459,2021-10,0,0.0
15459,2021-11,0,0.0
15459,2021-12,0,0.0
16340,2021-01,0,0.0
16340,2021-02,0,0.0
16340,2021-03,0,0.0
16340,2021-04,0,0.0
16340,2021-05,0,0.0
16340,2021-06,0,0.0
16340,2021-07,0,0.0
16340,2021-08,0,0.0
16340,2021-09,0,0.0
16340,2021-10,0,0.0
16340,2021-11,0,0.0
16340,2021-12,0,0.0
16341,2021-01,0,0.0
16341,2021-02,0,0.0
16341,2021-03,0,0.0
16341,2021-04,0,0.0
16341,2021-05,0,0.0
16341,2021-06,0,0.0
16341,2021-07,0,0.0
16341,2021-08,0,0.0
16341,2021-09,0,0.0
16341,2021-10,0,0.0
16341,2021-11,0,0.0
16341,2021-12,0,0.0
16342,2021-01,0,0.0
16342,2021-02,0,0.0
16342,2021-03,0,0.0
16342,2021-04,0,0.0
16342,2021-05,0,0.0
16342,2021-06,0,0.0
16342,2021-07,0,0.0
16342,2021-08,0,0.0
16342,2021-09,0,0.0
16342,2021-10,0,0.0
16342,2021-11,0,0.0
16342,2021-12,0,0.0
16343,2021-01,0,0.0
16343,2021-02,0,0.0
16343,2021-03,0,0.0
16343,2021-04,0,0.0
16343,2021-05,0,0.0
16343,2021-06,0,0.0
16343,2021-07,0,0.0
16343,2021-08,0,0.0
16343,2021-09,0,0.0
16343,2021-10,0,0.0
16343,2021-11,0,0.0
16343,2021-12,0,0.0
15460,2021-01,0,0.0
15460,2021-02,0,0.0
15460,2021-03,0,0.0
15460,2021-04,0,0.0
15460,2021-05,0,0.0
15460,2021-06,0,0.0
15460,2021-07,0,0.0
15460,2021-08,0,0.0
15460,2021-09,0,0.0
15460,2021-10,0,0.0
15460,2021-11,0,0.0
15460,2021-12,0,0.0
16344,2021-01,0,0.0
16344,2021-02,0,0.0
16344,2021-03,0,0.0
16344,2021-04,0,0.0
16344,2021-05,0,0.0
16344,2021-06,0,0.0
16344,2021-07,0,0.0
16344,2021-08,0,0.0
16344,2021-09,0,0.0
16344,2021-10,0,0.0
16344,2021-11,0,0.0
16344,2021-12,0,0.0
16345,2021-01,0,0.0
16345,2021-02,0,0.0
16345,2021-03,0,0.0
16345,2021-04,0,0.0
16345,2021-05,0,0.0
16345,2021-06,0,0.0
16345,2021-07,0,0.0
16345,2021-08,0,0.0
16345,2021-09,0,0.0
16345,2021-10,0,0.0
16345,2021-11,0,0.0
16345,2021-12,0,0.0
16346,2021-01,0,0.0
16346,2021-02,0,0.0
16346,2021-03,0,0.0
16346,2021-04,0,0.0
16346,2021-05,0,0.0
16346,2021-06,0,0.0
16346,2021-07,0,0.0
16346,2021-08,0,0.0
16346,2021-09,0,0.0
16346,2021-10,0,0.0
16346,2021-11,0,0.0
16346,2021-12,0,0.0
16347,2021-01,0,0.0
16347,2021-02,0,0.0
16347,2021-03,0,0.0
16347,2021-04,0,0.0
16347,2021-05,0,0.0
16347,2021-06,0,0.0
16347,2021-07,0,0.0
16347,2021-08,0,0.0
16347,2021-09,0,0.0
16347,2021-10,0,0.0
16347,2021-11,0,0.0
16347,2021-12,0,0.0
16350,2021-01,0,0.0
16350,2021-02,0,0.0
16350,2021-03,0,0.0
16350,2021-04,0,0.0
16350,2021-05,0,0.0
16350,2021-06,0,0.0
16350,2021-07,0,0.0
16350,2021-08,0,0.0
16350,2021-09,0,0.0
16350,2021-10,0,0.0
16350,2021-11,0,0.0
16350,2021-12,0,0.0
16351,2021-01,0,0.0
16351,2021-02,0,0.0
16351,2021-03,0,0.0
16351,2021-04,0,0.0
16351,2021-05,0,0.0
16351,2021-06,0,0.0
16351,2021-07,0,0.0
16351,2021-08,0,0.0
16351,2021-09,0,0.0
16351,2021-10,0,0.0
16351,2021-11,0,0.0
16351,2021-12,0,0.0
16352,2021-01,0,0.0
16352,2021-02,0,0.0
16352,2021-03,0,0.0
16352,2021-04,0,0.0
16352,2021-05,0,0.0
16352,2021-06,0,0.0
16352,2021-07,0,0.0
16352,2021-08,0,0.0
16352,2021-09,0,0.0
16352,2021-10,0,0.0
16352,2021-11,0,0.0
16352,2021-12,0,0.0
16353,2021-01,0,0.0
16353,2021-02,0,0.0
16353,2021-03,0,0.0
16353,2021-04,0,0.0
16353,2021-05,0,0.0
16353,2021-06,0,0.0
16353,2021-07,0,0.0
16353,2021-08,0,0.0
16353,2021-09,0,0.0
16353,2021-10,0,0.0
16353,2021-11,0,0.0
16353,2021-12,0,0.0
15462,2021-01,0,0.0
15462,2021-02,0,0.0
15462,2021-03,0,0.0
15462,2021-04,0,0.0
15462,2021-05,0,0.0
15462,2021-06,0,0.0
15462,2021-07,0,0.0
15462,2021-08,0,0.0
15462,2021-09,0,0.0
15462,2021-10,0,0.0
15462,2021-11,0,0.0
15462,2021-12,0,0.0
16354,2021-01,0,0.0
16354,2021-02,0,0.0
16354,2021-03,0,0.0
16354,2021-04,0,0.0
16354,2021-05,0,0.0
16354,2021-06,0,0.0
16354,2021-07,0,0.0
16354,2021-08,0,0.0
16354,2021-09,0,0.0
16354,2021-10,0,0.0
16354,2021-11,0,0.0
16354,2021-12,0,0.0
16360,2021-01,0,0.0
16360,2021-02,0,0.0
16360,2021-03,0,0.0
16360,2021-04,0,0.0
16360,2021-05,0,0.0
16360,2021-06,0,0.0
16360,2021-07,0,0.0
16360,2021-08,0,0.0
16360,2021-09,0,0.0
16360,2021-10,0,0.0
16360,2021-11,0,0.0
16360,2021-12,0,0.0
16361,2021-01,0,0.0
16361,2021-02,0,0.0
16361,2021-03,0,0.0
16361,2021-04,0,0.0
16361,2021-05,0,0.0
16361,2021-06,0,0.0
16361,2021-07,0,0.0
16361,2021-08,0,0.0
16361,2021-09,0,0.0
16361,2021-10,0,0.0
16361,2021-11,0,0.0
16361,2021-12,0,0.0
16362,2021-01,0,0.0
16362,2021-02,0,0.0
16362,2021-03,0,0.0
16362,2021-04,0,0.0
16362,2021-05,0,0.0
16362,2021-06,0,0.0
16362,2021-07,0,0.0
16362,2021-08,0,0.0
16362,2021-09,0,0.0
16362,2021-10,0,0.0
16362,2021-11,0,0.0
16362,2021-12,0,0.0
16364,2021-01,0,0.0
16364,2021-02,0,0.0
16364,2021-03,0,0.0
16364,2021-04,0,0.0
16364,2021-05,0,0.0
16364,2021-06,0,0.0
16364,2021-07,0,0.0
16364,2021-08,0,0.0
16364,2021-09,0,0.0
16364,2021-10,0,0.0
16364,2021-11,0,0.0
16364,2021-12,0,0.0
16370,2021-01,0,0.0
16370,2021-02,0,0.0
16370,2021-03,0,0.0
16370,2021-04,0,0.0
16370,2021-05,0,0.0
16370,2021-06,0,0.0
16370,2021-07,0,0.0
16370,2021-08,0,0.0
16370,2021-09,0,0.0
16370,2021-10,0,0.0
16370,2021-11,0,0.0
16370,2021-12,0,0.0
16371,2021-01,0,0.0
16371,2021-02,0,0.0
16371,2021-03,0,0.0
16371,2021-04,0,0.0
16371,2021-05,0,0.0
16371,2021-06,0,0.0
16371,2021-07,0,0.0
16371,2021-08,0,0.0
16371,2021-09,0,0.0
16371,2021-10,0,0.0
16371,2021-11,0,0.0
16371,2021-12,0,0.0
16372,2021-01,0,0.0
16372,2021-02,0,0.0
16372,2021-03,0,0.0
16372,2021-04,0,0.0
16372,2021-05,0,0.0
16372,2021-06,0,0.0
16372,2021-07,0,0.0
16372,2021-08,0,0.0
16372,2021-09,0,0.0
16372,2021-10,0,0.0
16372,2021-11,0,0.0
16372,2021-12,0,0.0
16373,2021-01,0,0.0
16373,2021-02,0,0.0
16373,2021-03,0,0.0
16373,2021-04,0,0.0
16373,2021-05,0,0.0
16373,2021-06,0,0.0
16373,2021-07,0,0.0
16373,2021-08,0,0.0
16373,2021-09,0,0.0
16373,2021-10,0,0.0
16373,2021-11,0,0.0
16373,2021-12,0,0.0
16374,2021-01,0,0.0
16374,2021-02,0,0.0
16374,2021-03,0,0.0
16374,2021-04,0,0.0
16374,2021-05,0,0.0
16374,2021-06,0,0.0
16374,2021-07,0,0.0
16374,2021-08,0,0.0
16374,2021-09,0,0.0
16374,2021-10,0,0.0
16374,2021-11,0,0.0
16374,2021-12,0,0.0
