ZCTA,admin2,Month,months_until_election,months_since_election,election_month
15001,Beaver,2022-01,10,-10,0
15001,Beaver,2022-02,9,-9,0
15001,Beaver,2022-03,8,-8,0
15001,Beaver,2022-04,7,-7,0
15001,Beaver,2022-05,6,-6,0
15001,Beaver,2022-06,5,-5,0
15001,Beaver,2022-07,4,-4,0
15001,Beaver,2022-08,3,-3,0
15001,Beaver,2022-09,2,-2,0
15001,Beaver,2022-10,1,-1,0
15001,Beaver,2022-11,0,0,1
15001,Beaver,2022-12,-1,1,0
15003,Beaver,2022-01,10,-10,0
15003,Beaver,2022-02,9,-9,0
15003,Beaver,2022-03,8,-8,0
15003,Beaver,2022-04,7,-7,0
15003,Beaver,2022-05,6,-6,0
15003,Beaver,2022-06,5,-5,0
15003,Beaver,2022-07,4,-4,0
15003,Beaver,2022-08,3,-3,0
15003,Beaver,2022-09,2,-2,0
15003,Beaver,2022-10,1,-1,0
15003,Beaver,2022-11,0,0,1
15003,Beaver,2022-12,-1,1,0
15004,Washington,2022-01,10,-10,0
15004,Washington,2022-02,9,-9,0
15004,Washington,2022-03,8,-8,0
15004,Washington,2022-04,7,-7,0
15004,Washington,2022-05,6,-6,0
15004,Washington,2022-06,5,-5,0
15004,Washington,2022-07,4,-4,0
15004,Washington,2022-08,3,-3,0
15004,Washington,2022-09,2,-2,0
15004,Washington,2022-10,1,-1,0
15004,Washington,2022-11,0,0,1
15004,Washington,2022-12,-1,1,0
15005,Beaver,2022-01,10,-10,0
15005,Beaver,2022-02,9,-9,0
15005,Beaver,2022-03,8,-8,0
15005,Beaver,2022-04,7,-7,0
15005,Beaver,2022-05,6,-6,0
15005,Beaver,2022-06,5,-5,0
15005,Beaver,2022-07,4,-4,0
15005,Beaver,2022-08,3,-3,0
15005,Beaver,2022-09,2,-2,0
15005,Beaver,2022-10,1,-1,0
15005,Beaver,2022-11,0,0,1
15005,Beaver,2022-12,-1,1,0
15006,Allegheny,2022-01,10,-10,0
15006,Allegheny,2022-02,9,-9,0
15006,Allegheny,2022-03,8,-8,0
15006,Allegheny,2022-04,7,-7,0
15006,Allegheny,2022-05,6,-6,0
15006,Allegheny,2022-06,5,-5,0
15006,Allegheny,2022-07,4,-4,0
15006,Allegheny,2022-08,3,-3,0
15006,Allegheny,2022-09,2,-2,0
15006,Allegheny,2022-10,1,-1,0
15006,Allegheny,2022-11,0,0,1
15006,Allegheny,2022-12,-1,1,0
15007,Allegheny,2022-01,10,-10,0
15007,Allegheny,2022-02,9,-9,0
15007,Allegheny,2022-03,8,-8,0
15007,Allegheny,2022-04,7,-7,0
15007,Allegheny,2022-05,6,-6,0
15007,Allegheny,2022-06,5,-5,0
15007,Allegheny,2022-07,4,-4,0
15007,Allegheny,2022-08,3,-3,0
15007,Allegheny,2022-09,2,-2,0
15007,Allegheny,2022-10,1,-1,0
15007,Allegheny,2022-11,0,0,1
15007,Allegheny,2022-12,-1,1,0
15009,Beaver,2022-01,10,-10,0
15009,Beaver,2022-02,9,-9,0
15009,Beaver,2022-03,8,-8,0
15009,Beaver,2022-04,7,-7,0
15009,Beaver,2022-05,6,-6,0
15009,Beaver,2022-06,5,-5,0
15009,Beaver,2022-07,4,-4,0
15009,Beaver,2022-08,3,-3,0
15009,Beaver,2022-09,2,-2,0
15009,Beaver,2022-10,1,-1,0
15009,Beaver,2022-11,0,0,1
15009,Beaver,2022-12,-1,1,0
15010,Beaver,2022-01,10,-10,0
15010,Beaver,2022-02,9,-9,0
15010,Beaver,2022-03,8,-8,0
15010,Beaver,2022-04,7,-7,0
15010,Beaver,2022-05,6,-6,0
15010,Beaver,2022-06,5,-5,0
15010,Beaver,2022-07,4,-4,0
15010,Beaver,2022-08,3,-3,0
15010,Beaver,2022-09,2,-2,0
15010,Beaver,2022-10,1,-1,0
15010,Beaver,2022-11,0,0,1
15010,Beaver,2022-12,-1,1,0
15012,Westmoreland,2022-01,10,-10,0
15012,Westmoreland,2022-02,9,-9,0
15012,Westmoreland,2022-03,8,-8,0
15012,Westmoreland,2022-04,7,-7,0
15012,Westmoreland,2022-05,6,-6,0
15012,Westmoreland,2022-06,5,-5,0
15012,Westmoreland,2022-07,4,-4,0
15012,Westmoreland,2022-08,3,-3,0
15012,Westmoreland,2022-09,2,-2,0
15012,Westmoreland,2022-10,1,-1,0
15012,Westmoreland,2022-11,0,0,1
15012,Westmoreland,2022-12,-1,1,0
15014,Allegheny,2022-01,10,-10,0
15014,Allegheny,2022-02,9,-9,0
15014,Allegheny,2022-03,8,-8,0
15014,Allegheny,2022-04,7,-7,0
15014,Allegheny,2022-05,6,-6,0
15014,Allegheny,2022-06,5,-5,0
15014,Allegheny,2022-07,4,-4,0
15014,Allegheny,2022-08,3,-3,0
15014,Allegheny,2022-09,2,-2,0
15014,Allegheny,2022-10,1,-1,0
15014,Allegheny,2022-11,0,0,1
15014,Allegheny,2022-12,-1,1,0
15015,Allegheny,2022-01,10,-10,0
15015,Allegheny,2022-02,9,-9,0
15015,Allegheny,2022-03,8,-8,0
15015,Allegheny,2022-04,7,-7,0
15015,Allegheny,2022-05,6,-6,0
15015,Allegheny,2022-06,5,-5,0
15015,Allegheny,2022-07,4,-4,0
15015,Allegheny,2022-08,3,-3,0
15015,Allegheny,2022-09,2,-2,0
15015,Allegheny,2022-10,1,-1,0
15015,Allegheny,2022-11,0,0,1
15015,Allegheny,2022-12,-1,1,0
15017,Allegheny,2022-01,10,-10,0
15017,Allegheny,2022-02,9,-9,0
15017,Allegheny,2022-03,8,-8,0
15017,Allegheny,2022-04,7,-7,0
15017,Allegheny,2022-05,6,-6,0
15017,Allegheny,2022-06,5,-5,0
15017,Allegheny,2022-07,4,-4,0
15017,Allegheny,2022-08,3,-3,0
15017,Allegheny,2022-09,2,-2,0
15017,Allegheny,2022-10,1,-1,0
15017,Allegheny,2022-11,0,0,1
15017,Allegheny,2022-12,-1,1,0
15018,Allegheny,2022-01,10,-10,0
15018,Allegheny,2022-02,9,-9,0
15018,Allegheny,2022-03,8,-8,0
15018,Allegheny,2022-04,7,-7,0
15018,Allegheny,2022-05,6,-6,0
15018,Allegheny,2022-06,5,-5,0
15018,Allegheny,2022-07,4,-4,0
15018,Allegheny,2022-08,3,-3,0
15018,Allegheny,2022-09,2,-2,0
15018,Allegheny,2022-10,1,-1,0
15018,Allegheny,2022-11,0,0,1
15018,Allegheny,2022-12,-1,1,0
15019,Washington,2022-01,10,-10,0
15019,Washington,2022-02,9,-9,0
15019,Washington,2022-03,8,-8,0
15019,Washington,2022-04,7,-7,0
15019,Washington,2022-05,6,-6,0
15019,Washington,2022-06,5,-5,0
15019,Washington,2022-07,4,-4,0
15019,Washington,2022-08,3,-3,0
15019,Washington,2022-09,2,-2,0
15019,Washington,2022-10,1,-1,0
15019,Washington,2022-11,0,0,1
15019,Washington,2022-12,-1,1,0
15020,Allegheny,2022-01,10,-10,0
15020,Allegheny,2022-02,9,-9,0
15020,Allegheny,2022-03,8,-8,0
15020,Allegheny,2022-04,7,-7,0
15020,Allegheny,2022-05,6,-6,0
15020,Allegheny,2022-06,5,-5,0
15020,Allegheny,2022-07,4,-4,0
15020,Allegheny,2022-08,3,-3,0
15020,Allegheny,2022-09,2,-2,0
15020,Allegheny,2022-10,1,-1,0
15020,Allegheny,2022-11,0,0,1
15020,Allegheny,2022-12,-1,1,0
15021,Washington,2022-01,10,-10,0
15021,Washington,2022-02,9,-9,0
15021,Washington,2022-03,8,-8,0
15021,Washington,2022-04,7,-7,0
15021,Washington,2022-05,6,-6,0
15021,Washington,2022-06,5,-5,0
15021,Washington,2022-07,4,-4,0
15021,Washington,2022-08,3,-3,0
15021,Washington,2022-09,2,-2,0
15021,Washington,2022-10,1,-1,0
15021,Washington,2022-11,0,0,1
15021,Washington,2022-12,-1,1,0
15022,Washington,2022-01,10,-10,0
15022,Washington,2022-02,9,-9,0
15022,Washington,2022-03,8,-8,0
15022,Washington,2022-04,7,-7,0
15022,Washington,2022-05,6,-6,0
15022,Washington,2022-06,5,-5,0
15022,Washington,2022-07,4,-4,0
15022,Washington,2022-08,3,-3,0
15022,Washington,2022-09,2,-2,0
15022,Washington,2022-10,1,-1,0
15022,Washington,2022-11,0,0,1
15022,Washington,2022-12,-1,1,0
15024,Allegheny,2022-01,10,-10,0
15024,Allegheny,2022-02,9,-9,0
15024,Allegheny,2022-03,8,-8,0
15024,Allegheny,2022-04,7,-7,0
15024,Allegheny,2022-05,6,-6,0
15024,Allegheny,2022-06,5,-5,0
15024,Allegheny,2022-07,4,-4,0
15024,Allegheny,2022-08,3,-3,0
15024,Allegheny,2022-09,2,-2,0
15024,Allegheny,2022-10,1,-1,0
15024,Allegheny,2022-11,0,0,1
15024,Allegheny,2022-12,-1,1,0
15025,Allegheny,2022-01,10,-10,0
15025,Allegheny,2022-02,9,-9,0
15025,Allegheny,2022-03,8,-8,0
15025,Allegheny,2022-04,7,-7,0
15025,Allegheny,2022-05,6,-6,0
15025,Allegheny,2022-06,5,-5,0
15025,Allegheny,2022-07,4,-4,0
15025,Allegheny,2022-08,3,-3,0
15025,Allegheny,2022-09,2,-2,0
15025,Allegheny,2022-10,1,-1,0
15025,Allegheny,2022-11,0,0,1
15025,Allegheny,2022-12,-1,1,0
15026,Beaver,2022-01,10,-10,0
15026,Beaver,2022-02,9,-9,0
15026,Beaver,2022-03,8,-8,0
15026,Beaver,2022-04,7,-7,0
15026,Beaver,2022-05,6,-6,0
15026,Beaver,2022-06,5,-5,0
15026,Beaver,2022-07,4,-4,0
15026,Beaver,2022-08,3,-3,0
15026,Beaver,2022-09,2,-2,0
15026,Beaver,2022-10,1,-1,0
15026,Beaver,2022-11,0,0,1
15026,Beaver,2022-12,-1,1,0
15027,Beaver,2022-01,10,-10,0
15027,Beaver,2022-02,9,-9,0
15027,Beaver,2022-03,8,-8,0
15027,Beaver,2022-04,7,-7,0
15027,Beaver,2022-05,6,-6,0
15027,Beaver,2022-06,5,-5,0
15027,Beaver,2022-07,4,-4,0
15027,Beaver,2022-08,3,-3,0
15027,Beaver,2022-09,2,-2,0
15027,Beaver,2022-10,1,-1,0
15027,Beaver,2022-11,0,0,1
15027,Beaver,2022-12,-1,1,0
15028,Allegheny,2022-01,10,-10,0
15028,Allegheny,2022-02,9,-9,0
15028,Allegheny,2022-03,8,-8,0
15028,Allegheny,2022-04,7,-7,0
15028,Allegheny,2022-05,6,-6,0
15028,Allegheny,2022-06,5,-5,0
15028,Allegheny,2022-07,4,-4,0
15028,Allegheny,2022-08,3,-3,0
15028,Allegheny,2022-09,2,-2,0
15028,Allegheny,2022-10,1,-1,0
15028,Allegheny,2022-11,0,0,1
15028,Allegheny,2022-12,-1,1,0
15030,Allegheny,2022-01,10,-10,0
15030,Allegheny,2022-02,9,-9,0
15030,Allegheny,2022-03,8,-8,0
15030,Allegheny,2022-04,7,-7,0
15030,Allegheny,2022-05,6,-6,0
15030,Allegheny,2022-06,5,-5,0
15030,Allegheny,2022-07,4,-4,0
15030,Allegheny,2022-08,3,-3,0
15030,Allegheny,2022-09,2,-2,0
15030,Allegheny,2022-10,1,-1,0
15030,Allegheny,2022-11,0,0,1
15030,Allegheny,2022-12,-1,1,0
15031,Allegheny,2022-01,10,-10,0
15031,Allegheny,2022-02,9,-9,0
15031,Allegheny,2022-03,8,-8,0
15031,Allegheny,2022-04,7,-7,0
15031,Allegheny,2022-05,6,-6,0
15031,Allegheny,2022-06,5,-5,0
15031,Allegheny,2022-07,4,-4,0
15031,Allegheny,2022-08,3,-3,0
15031,Allegheny,2022-09,2,-2,0
15031,Allegheny,2022-10,1,-1,0
15031,Allegheny,2022-11,0,0,1
15031,Allegheny,2022-12,-1,1,0
15033,Washington,2022-01,10,-10,0
15033,Washington,2022-02,9,-9,0
15033,Washington,2022-03,8,-8,0
15033,Washington,2022-04,7,-7,0
15033,Washington,2022-05,6,-6,0
15033,Washington,2022-06,5,-5,0
15033,Washington,2022-07,4,-4,0
15033,Washington,2022-08,3,-3,0
15033,Washington,2022-09,2,-2,0
15033,Washington,2022-10,1,-1,0
15033,Washington,2022-11,0,0,1
15033,Washington,2022-12,-1,1,0
15034,Allegheny,2022-01,10,-10,0
15034,Allegheny,2022-02,9,-9,0
15034,Allegheny,2022-03,8,-8,0
15034,Allegheny,2022-04,7,-7,0
15034,Allegheny,2022-05,6,-6,0
15034,Allegheny,2022-06,5,-5,0
15034,Allegheny,2022-07,4,-4,0
15034,Allegheny,2022-08,3,-3,0
15034,Allegheny,2022-09,2,-2,0
15034,Allegheny,2022-10,1,-1,0
15034,Allegheny,2022-11,0,0,1
15034,Allegheny,2022-12,-1,1,0
15035,Allegheny,2022-01,10,-10,0
15035,Allegheny,2022-02,9,-9,0
15035,Allegheny,2022-03,8,-8,0
15035,Allegheny,2022-04,7,-7,0
15035,Allegheny,2022-05,6,-6,0
15035,Allegheny,2022-06,5,-5,0
15035,Allegheny,2022-07,4,-4,0
15035,Allegheny,2022-08,3,-3,0
15035,Allegheny,2022-09,2,-2,0
15035,Allegheny,2022-10,1,-1,0
15035,Allegheny,2022-11,0,0,1
15035,Allegheny,2022-12,-1,1,0
15037,Allegheny,2022-01,10,-10,0
15037,Allegheny,2022-02,9,-9,0
15037,Allegheny,2022-03,8,-8,0
15037,Allegheny,2022-04,7,-7,0
15037,Allegheny,2022-05,6,-6,0
15037,Allegheny,2022-06,5,-5,0
15037,Allegheny,2022-07,4,-4,0
15037,Allegheny,2022-08,3,-3,0
15037,Allegheny,2022-09,2,-2,0
15037,Allegheny,2022-10,1,-1,0
15037,Allegheny,2022-11,0,0,1
15037,Allegheny,2022-12,-1,1,0
15038,Washington,2022-01,10,-10,0
15038,Washington,2022-02,9,-9,0
15038,Washington,2022-03,8,-8,0
15038,Washington,2022-04,7,-7,0
15038,Washington,2022-05,6,-6,0
15038,Washington,2022-06,5,-5,0
15038,Washington,2022-07,4,-4,0
15038,Washington,2022-08,3,-3,0
15038,Washington,2022-09,2,-2,0
15038,Washington,2022-10,1,-1,0
15038,Washington,2022-11,0,0,1
15038,Washington,2022-12,-1,1,0
15042,Beaver,2022-01,10,-10,0
15042,Beaver,2022-02,9,-9,0
15042,Beaver,2022-03,8,-8,0
15042,Beaver,2022-04,7,-7,0
15042,Beaver,2022-05,6,-6,0
15042,Beaver,2022-06,5,-5,0
15042,Beaver,2022-07,4,-4,0
15042,Beaver,2022-08,3,-3,0
15042,Beaver,2022-09,2,-2,0
15042,Beaver,2022-10,1,-1,0
15042,Beaver,2022-11,0,0,1
15042,Beaver,2022-12,-1,1,0
15043,Beaver,2022-01,10,-10,0
15043,Beaver,2022-02,9,-9,0
15043,Beaver,2022-03,8,-8,0
15043,Beaver,2022-04,7,-7,0
15043,Beaver,2022-05,6,-6,0
15043,Beaver,2022-06,5,-5,0
15043,Beaver,2022-07,4,-4,0
15043,Beaver,2022-08,3,-3,0
15043,Beaver,2022-09,2,-2,0
15043,Beaver,2022-10,1,-1,0
15043,Beaver,2022-11,0,0,1
15043,Beaver,2022-12,-1,1,0
15044,Allegheny,2022-01,10,-10,0
15044,Allegheny,2022-02,9,-9,0
15044,Allegheny,2022-03,8,-8,0
15044,Allegheny,2022-04,7,-7,0
15044,Allegheny,2022-05,6,-6,0
15044,Allegheny,2022-06,5,-5,0
15044,Allegheny,2022-07,4,-4,0
15044,Allegheny,2022-08,3,-3,0
15044,Allegheny,2022-09,2,-2,0
15044,Allegheny,2022-10,1,-1,0
15044,Allegheny,2022-11,0,0,1
15044,Allegheny,2022-12,-1,1,0
15045,Allegheny,2022-01,10,-10,0
15045,Allegheny,2022-02,9,-9,0
15045,Allegheny,2022-03,8,-8,0
15045,Allegheny,2022-04,7,-7,0
15045,Allegheny,2022-05,6,-6,0
15045,Allegheny,2022-06,5,-5,0
15045,Allegheny,2022-07,4,-4,0
15045,Allegheny,2022-08,3,-3,0
15045,Allegheny,2022-09,2,-2,0
15045,Allegheny,2022-10,1,-1,0
15045,Allegheny,2022-11,0,0,1
15045,Allegheny,2022-12,-1,1,0
15046,Allegheny,2022-01,10,-10,0
15046,Allegheny,2022-02,9,-9,0
15046,Allegheny,2022-03,8,-8,0
15046,Allegheny,2022-04,7,-7,0
15046,Allegheny,2022-05,6,-6,0
15046,Allegheny,2022-06,5,-5,0
15046,Allegheny,2022-07,4,-4,0
15046,Allegheny,2022-08,3,-3,0
15046,Allegheny,2022-09,2,-2,0
15046,Allegheny,2022-10,1,-1,0
15046,Allegheny,2022-11,0,0,1
15046,Allegheny,2022-12,-1,1,0
15047,Allegheny,2022-01,10,-10,0
15047,Allegheny,2022-02,9,-9,0
15047,Allegheny,2022-03,8,-8,0
15047,Allegheny,2022-04,7,-7,0
15047,Allegheny,2022-05,6,-6,0
15047,Allegheny,2022-06,5,-5,0
15047,Allegheny,2022-07,4,-4,0
15047,Allegheny,2022-08,3,-3,0
15047,Allegheny,2022-09,2,-2,0
15047,Allegheny,2022-10,1,-1,0
15047,Allegheny,2022-11,0,0,1
15047,Allegheny,2022-12,-1,1,0
15049,Allegheny,2022-01,10,-10,0
15049,Allegheny,2022-02,9,-9,0
15049,Allegheny,2022-03,8,-8,0
15049,Allegheny,2022-04,7,-7,0
15049,Allegheny,2022-05,6,-6,0
15049,Allegheny,2022-06,5,-5,0
15049,Allegheny,2022-07,4,-4,0
15049,Allegheny,2022-08,3,-3,0
15049,Allegheny,2022-09,2,-2,0
15049,Allegheny,2022-10,1,-1,0
15049,Allegheny,2022-11,0,0,1
15049,Allegheny,2022-12,-1,1,0
15050,Beaver,2022-01,10,-10,0
15050,Beaver,2022-02,9,-9,0
15050,Beaver,2022-03,8,-8,0
15050,Beaver,2022-04,7,-7,0
15050,Beaver,2022-05,6,-6,0
15050,Beaver,2022-06,5,-5,0
15050,Beaver,2022-07,4,-4,0
15050,Beaver,2022-08,3,-3,0
15050,Beaver,2022-09,2,-2,0
15050,Beaver,2022-10,1,-1,0
15050,Beaver,2022-11,0,0,1
15050,Beaver,2022-12,-1,1,0
15051,Allegheny,2022-01,10,-10,0
15051,Allegheny,2022-02,9,-9,0
15051,Allegheny,2022-03,8,-8,0
15051,Allegheny,2022-04,7,-7,0
15051,Allegheny,2022-05,6,-6,0
15051,Allegheny,2022-06,5,-5,0
15051,Allegheny,2022-07,4,-4,0
15051,Allegheny,2022-08,3,-3,0
15051,Allegheny,2022-09,2,-2,0
15051,Allegheny,2022-10,1,-1,0
15051,Allegheny,2022-11,0,0,1
15051,Allegheny,2022-12,-1,1,0
15052,Beaver,2022-01,10,-10,0
15052,Beaver,2022-02,9,-9,0
15052,Beaver,2022-03,8,-8,0
15052,Beaver,2022-04,7,-7,0
15052,Beaver,2022-05,6,-6,0
15052,Beaver,2022-06,5,-5,0
15052,Beaver,2022-07,4,-4,0
15052,Beaver,2022-08,3,-3,0
15052,Beaver,2022-09,2,-2,0
15052,Beaver,2022-10,1,-1,0
15052,Beaver,2022-11,0,0,1
15052,Beaver,2022-12,-1,1,0
15053,Washington,2022-01,10,-10,0
15053,Washington,2022-02,9,-9,0
15053,Washington,2022-03,8,-8,0
15053,Washington,2022-04,7,-7,0
15053,Washington,2022-05,6,-6,0
15053,Washington,2022-06,5,-5,0
15053,Washington,2022-07,4,-4,0
15053,Washington,2022-08,3,-3,0
15053,Washington,2022-09,2,-2,0
15053,Washington,2022-10,1,-1,0
15053,Washington,2022-11,0,0,1
15053,Washington,2022-12,-1,1,0
15054,Washington,2022-01,10,-10,0
15054,Washington,2022-02,9,-9,0
15054,Washington,2022-03,8,-8,0
15054,Washington,2022-04,7,-7,0
15054,Washington,2022-05,6,-6,0
15054,Washington,2022-06,5,-5,0
15054,Washington,2022-07,4,-4,0
15054,Washington,2022-08,3,-3,0
15054,Washington,2022-09,2,-2,0
15054,Washington,2022-10,1,-1,0
15054,Washington,2022-11,0,0,1
15054,Washington,2022-12,-1,1,0
15055,Washington,2022-01,10,-10,0
15055,Washington,2022-02,9,-9,0
15055,Washington,2022-03,8,-8,0
15055,Washington,2022-04,7,-7,0
15055,Washington,2022-05,6,-6,0
15055,Washington,2022-06,5,-5,0
15055,Washington,2022-07,4,-4,0
15055,Washington,2022-08,3,-3,0
15055,Washington,2022-09,2,-2,0
15055,Washington,2022-10,1,-1,0
15055,Washington,2022-11,0,0,1
15055,Washington,2022-12,-1,1,0
15056,Allegheny,2022-01,10,-10,0
15056,Allegheny,2022-02,9,-9,0
15056,Allegheny,2022-03,8,-8,0
15056,Allegheny,2022-04,7,-7,0
15056,Allegheny,2022-05,6,-6,0
15056,Allegheny,2022-06,5,-5,0
15056,Allegheny,2022-07,4,-4,0
15056,Allegheny,2022-08,3,-3,0
15056,Allegheny,2022-09,2,-2,0
15056,Allegheny,2022-10,1,-1,0
15056,Allegheny,2022-11,0,0,1
15056,Allegheny,2022-12,-1,1,0
15057,Washington,2022-01,10,-10,0
15057,Washington,2022-02,9,-9,0
15057,Washington,2022-03,8,-8,0
15057,Washington,2022-04,7,-7,0
15057,Washington,2022-05,6,-6,0
15057,Washington,2022-06,5,-5,0
15057,Washington,2022-07,4,-4,0
15057,Washington,2022-08,3,-3,0
15057,Washington,2022-09,2,-2,0
15057,Washington,2022-10,1,-1,0
15057,Washington,2022-11,0,0,1
15057,Washington,2022-12,-1,1,0
15059,Beaver,2022-01,10,-10,0
15059,Beaver,2022-02,9,-9,0
15059,Beaver,2022-03,8,-8,0
15059,Beaver,2022-04,7,-7,0
15059,Beaver,2022-05,6,-6,0
15059,Beaver,2022-06,5,-5,0
15059,Beaver,2022-07,4,-4,0
15059,Beaver,2022-08,3,-3,0
15059,Beaver,2022-09,2,-2,0
15059,Beaver,2022-10,1,-1,0
15059,Beaver,2022-11,0,0,1
15059,Beaver,2022-12,-1,1,0
15060,Washington,2022-01,10,-10,0
15060,Washington,2022-02,9,-9,0
15060,Washington,2022-03,8,-8,0
15060,Washington,2022-04,7,-7,0
15060,Washington,2022-05,6,-6,0
15060,Washington,2022-06,5,-5,0
15060,Washington,2022-07,4,-4,0
15060,Washington,2022-08,3,-3,0
15060,Washington,2022-09,2,-2,0
15060,Washington,2022-10,1,-1,0
15060,Washington,2022-11,0,0,1
15060,Washington,2022-12,-1,1,0
15061,Beaver,2022-01,10,-10,0
15061,Beaver,2022-02,9,-9,0
15061,Beaver,2022-03,8,-8,0
15061,Beaver,2022-04,7,-7,0
15061,Beaver,2022-05,6,-6,0
15061,Beaver,2022-06,5,-5,0
15061,Beaver,2022-07,4,-4,0
15061,Beaver,2022-08,3,-3,0
15061,Beaver,2022-09,2,-2,0
15061,Beaver,2022-10,1,-1,0
15061,Beaver,2022-11,0,0,1
15061,Beaver,2022-12,-1,1,0
15062,Westmoreland,2022-01,10,-10,0
15062,Westmoreland,2022-02,9,-9,0
15062,Westmoreland,2022-03,8,-8,0
15062,Westmoreland,2022-04,7,-7,0
15062,Westmoreland,2022-05,6,-6,0
15062,Westmoreland,2022-06,5,-5,0
15062,Westmoreland,2022-07,4,-4,0
15062,Westmoreland,2022-08,3,-3,0
15062,Westmoreland,2022-09,2,-2,0
15062,Westmoreland,2022-10,1,-1,0
15062,Westmoreland,2022-11,0,0,1
15062,Westmoreland,2022-12,-1,1,0
15063,Washington,2022-01,10,-10,0
15063,Washington,2022-02,9,-9,0
15063,Washington,2022-03,8,-8,0
15063,Washington,2022-04,7,-7,0
15063,Washington,2022-05,6,-6,0
15063,Washington,2022-06,5,-5,0
15063,Washington,2022-07,4,-4,0
15063,Washington,2022-08,3,-3,0
15063,Washington,2022-09,2,-2,0
15063,Washington,2022-10,1,-1,0
15063,Washington,2022-11,0,0,1
15063,Washington,2022-12,-1,1,0
15064,Allegheny,2022-01,10,-10,0
15064,Allegheny,2022-02,9,-9,0
15064,Allegheny,2022-03,8,-8,0
15064,Allegheny,2022-04,7,-7,0
15064,Allegheny,2022-05,6,-6,0
15064,Allegheny,2022-06,5,-5,0
15064,Allegheny,2022-07,4,-4,0
15064,Allegheny,2022-08,3,-3,0
15064,Allegheny,2022-09,2,-2,0
15064,Allegheny,2022-10,1,-1,0
15064,Allegheny,2022-11,0,0,1
15064,Allegheny,2022-12,-1,1,0
15065,Allegheny,2022-01,10,-10,0
15065,Allegheny,2022-02,9,-9,0
15065,Allegheny,2022-03,8,-8,0
15065,Allegheny,2022-04,7,-7,0
15065,Allegheny,2022-05,6,-6,0
15065,Allegheny,2022-06,5,-5,0
15065,Allegheny,2022-07,4,-4,0
15065,Allegheny,2022-08,3,-3,0
15065,Allegheny,2022-09,2,-2,0
15065,Allegheny,2022-10,1,-1,0
15065,Allegheny,2022-11,0,0,1
15065,Allegheny,2022-12,-1,1,0
15066,Beaver,2022-01,10,-10,0
15066,Beaver,2022-02,9,-9,0
15066,Beaver,2022-03,8,-8,0
15066,Beaver,2022-04,7,-7,0
15066,Beaver,2022-05,6,-6,0
15066,Beaver,2022-06,5,-5,0
15066,Beaver,2022-07,4,-4,0
15066,Beaver,2022-08,3,-3,0
15066,Beaver,2022-09,2,-2,0
15066,Beaver,2022-10,1,-1,0
15066,Beaver,2022-11,0,0,1
15066,Beaver,2022-12,-1,1,0
15067,Washington,2022-01,10,-10,0
15067,Washington,2022-02,9,-9,0
15067,Washington,2022-03,8,-8,0
15067,Washington,2022-04,7,-7,0
15067,Washington,2022-05,6,-6,0
15067,Washington,2022-06,5,-5,0
15067,Washington,2022-07,4,-4,0
15067,Washington,2022-08,3,-3,0
15067,Washington,2022-09,2,-2,0
15067,Washington,2022-10,1,-1,0
15067,Washington,2022-11,0,0,1
15067,Washington,2022-12,-1,1,0
15068,Westmoreland,2022-01,10,-10,0
15068,Westmoreland,2022-02,9,-9,0
15068,Westmoreland,2022-03,8,-8,0
15068,Westmoreland,2022-04,7,-7,0
15068,Westmoreland,2022-05,6,-6,0
15068,Westmoreland,2022-06,5,-5,0
15068,Westmoreland,2022-07,4,-4,0
15068,Westmoreland,2022-08,3,-3,0
15068,Westmoreland,2022-09,2,-2,0
15068,Westmoreland,2022-10,1,-1,0
15068,Westmoreland,2022-11,0,0,1
15068,Westmoreland,2022-12,-1,1,0
15071,Allegheny,2022-01,10,-10,0
15071,Allegheny,2022-02,9,-9,0
15071,Allegheny,2022-03,8,-8,0
15071,Allegheny,2022-04,7,-7,0
15071,Allegheny,2022-05,6,-6,0
15071,Allegheny,2022-06,5,-5,0
15071,Allegheny,2022-07,4,-4,0
15071,Allegheny,2022-08,3,-3,0
15071,Allegheny,2022-09,2,-2,0
15071,Allegheny,2022-10,1,-1,0
15071,Allegheny,2022-11,0,0,1
15071,Allegheny,2022-12,-1,1,0
15072,Westmoreland,2022-01,10,-10,0
15072,Westmoreland,2022-02,9,-9,0
15072,Westmoreland,2022-03,8,-8,0
15072,Westmoreland,2022-04,7,-7,0
15072,Westmoreland,2022-05,6,-6,0
15072,Westmoreland,2022-06,5,-5,0
15072,Westmoreland,2022-07,4,-4,0
15072,Westmoreland,2022-08,3,-3,0
15072,Westmoreland,2022-09,2,-2,0
15072,Westmoreland,2022-10,1,-1,0
15072,Westmoreland,2022-11,0,0,1
15072,Westmoreland,2022-12,-1,1,0
15074,Beaver,2022-01,10,-10,0
15074,Beaver,2022-02,9,-9,0
15074,Beaver,2022-03,8,-8,0
15074,Beaver,2022-04,7,-7,0
15074,Beaver,2022-05,6,-6,0
15074,Beaver,2022-06,5,-5,0
15074,Beaver,2022-07,4,-4,0
15074,Beaver,2022-08,3,-3,0
15074,Beaver,2022-09,2,-2,0
15074,Beaver,2022-10,1,-1,0
15074,Beaver,2022-11,0,0,1
15074,Beaver,2022-12,-1,1,0
15075,Allegheny,2022-01,10,-10,0
15075,Allegheny,2022-02,9,-9,0
15075,Allegheny,2022-03,8,-8,0
15075,Allegheny,2022-04,7,-7,0
15075,Allegheny,2022-05,6,-6,0
15075,Allegheny,2022-06,5,-5,0
15075,Allegheny,2022-07,4,-4,0
15075,Allegheny,2022-08,3,-3,0
15075,Allegheny,2022-09,2,-2,0
15075,Allegheny,2022-10,1,-1,0
15075,Allegheny,2022-11,0,0,1
15075,Allegheny,2022-12,-1,1,0
15076,Allegheny,2022-01,10,-10,0
15076,Allegheny,2022-02,9,-9,0
15076,Allegheny,2022-03,8,-8,0
15076,Allegheny,2022-04,7,-7,0
15076,Allegheny,2022-05,6,-6,0
15076,Allegheny,2022-06,5,-5,0
15076,Allegheny,2022-07,4,-4,0
15076,Allegheny,2022-08,3,-3,0
15076,Allegheny,2022-09,2,-2,0
15076,Allegheny,2022-10,1,-1,0
15076,Allegheny,2022-11,0,0,1
15076,Allegheny,2022-12,-1,1,0
15077,Beaver,2022-01,10,-10,0
15077,Beaver,2022-02,9,-9,0
15077,Beaver,2022-03,8,-8,0
15077,Beaver,2022-04,7,-7,0
15077,Beaver,2022-05,6,-6,0
15077,Beaver,2022-06,5,-5,0
15077,Beaver,2022-07,4,-4,0
15077,Beaver,2022-08,3,-3,0
15077,Beaver,2022-09,2,-2,0
15077,Beaver,2022-10,1,-1,0
15077,Beaver,2022-11,0,0,1
15077,Beaver,2022-12,-1,1,0
15078,Washington,2022-01,10,-10,0
15078,Washington,2022-02,9,-9,0
15078,Washington,2022-03,8,-8,0
15078,Washington,2022-04,7,-7,0
15078,Washington,2022-05,6,-6,0
15078,Washington,2022-06,5,-5,0
15078,Washington,2022-07,4,-4,0
15078,Washington,2022-08,3,-3,0
15078,Washington,2022-09,2,-2,0
15078,Washington,2022-10,1,-1,0
15078,Washington,2022-11,0,0,1
15078,Washington,2022-12,-1,1,0
15081,Beaver,2022-01,10,-10,0
15081,Beaver,2022-02,9,-9,0
15081,Beaver,2022-03,8,-8,0
15081,Beaver,2022-04,7,-7,0
15081,Beaver,2022-05,6,-6,0
15081,Beaver,2022-06,5,-5,0
15081,Beaver,2022-07,4,-4,0
15081,Beaver,2022-08,3,-3,0
15081,Beaver,2022-09,2,-2,0
15081,Beaver,2022-10,1,-1,0
15081,Beaver,2022-11,0,0,1
15081,Beaver,2022-12,-1,1,0
15082,Allegheny,2022-01,10,-10,0
15082,Allegheny,2022-02,9,-9,0
15082,Allegheny,2022-03,8,-8,0
15082,Allegheny,2022-04,7,-7,0
15082,Allegheny,2022-05,6,-6,0
15082,Allegheny,2022-06,5,-5,0
15082,Allegheny,2022-07,4,-4,0
15082,Allegheny,2022-08,3,-3,0
15082,Allegheny,2022-09,2,-2,0
15082,Allegheny,2022-10,1,-1,0
15082,Allegheny,2022-11,0,0,1
15082,Allegheny,2022-12,-1,1,0
15083,Westmoreland,2022-01,10,-10,0
15083,Westmoreland,2022-02,9,-9,0
15083,Westmoreland,2022-03,8,-8,0
15083,Westmoreland,2022-04,7,-7,0
15083,Westmoreland,2022-05,6,-6,0
15083,Westmoreland,2022-06,5,-5,0
15083,Westmoreland,2022-07,4,-4,0
15083,Westmoreland,2022-08,3,-3,0
15083,Westmoreland,2022-09,2,-2,0
15083,Westmoreland,2022-10,1,-1,0
15083,Westmoreland,2022-11,0,0,1
15083,Westmoreland,2022-12,-1,1,0
15084,Allegheny,2022-01,10,-10,0
15084,Allegheny,2022-02,9,-9,0
15084,Allegheny,2022-03,8,-8,0
15084,Allegheny,2022-04,7,-7,0
15084,Allegheny,2022-05,6,-6,0
15084,Allegheny,2022-06,5,-5,0
15084,Allegheny,2022-07,4,-4,0
15084,Allegheny,2022-08,3,-3,0
15084,Allegheny,2022-09,2,-2,0
15084,Allegheny,2022-10,1,-1,0
15084,Allegheny,2022-11,0,0,1
15084,Allegheny,2022-12,-1,1,0
15085,Westmoreland,2022-01,10,-10,0
15085,Westmoreland,2022-02,9,-9,0
15085,Westmoreland,2022-03,8,-8,0
15085,Westmoreland,2022-04,7,-7,0
15085,Westmoreland,2022-05,6,-6,0
15085,Westmoreland,2022-06,5,-5,0
15085,Westmoreland,2022-07,4,-4,0
15085,Westmoreland,2022-08,3,-3,0
15085,Westmoreland,2022-09,2,-2,0
15085,Westmoreland,2022-10,1,-1,0
15085,Westmoreland,2022-11,0,0,1
15085,Westmoreland,2022-12,-1,1,0
15086,Allegheny,2022-01,10,-10,0
15086,Allegheny,2022-02,9,-9,0
15086,Allegheny,2022-03,8,-8,0
15086,Allegheny,2022-04,7,-7,0
15086,Allegheny,2022-05,6,-6,0
15086,Allegheny,2022-06,5,-5,0
15086,Allegheny,2022-07,4,-4,0
15086,Allegheny,2022-08,3,-3,0
15086,Allegheny,2022-09,2,-2,0
15086,Allegheny,2022-10,1,-1,0
15086,Allegheny,2022-11,0,0,1
15086,Allegheny,2022-12,-1,1,0
15087,Westmoreland,2022-01,10,-10,0
15087,Westmoreland,2022-02,9,-9,0
15087,Westmoreland,2022-03,8,-8,0
15087,Westmoreland,2022-04,7,-7,0
15087,Westmoreland,2022-05,6,-6,0
15087,Westmoreland,2022-06,5,-5,0
15087,Westmoreland,2022-07,4,-4,0
15087,Westmoreland,2022-08,3,-3,0
15087,Westmoreland,2022-09,2,-2,0
15087,Westmoreland,2022-10,1,-1,0
15087,Westmoreland,2022-11,0,0,1
15087,Westmoreland,2022-12,-1,1,0
15088,Allegheny,2022-01,10,-10,0
15088,Allegheny,2022-02,9,-9,0
15088,Allegheny,2022-03,8,-8,0
15088,Allegheny,2022-04,7,-7,0
15088,Allegheny,2022-05,6,-6,0
15088,Allegheny,2022-06,5,-5,0
15088,Allegheny,2022-07,4,-4,0
15088,Allegheny,2022-08,3,-3,0
15088,Allegheny,2022-09,2,-2,0
15088,Allegheny,2022-10,1,-1,0
15088,Allegheny,2022-11,0,0,1
15088,Allegheny,2022-12,-1,1,0
15089,Westmoreland,2022-01,10,-10,0
15089,Westmoreland,2022-02,9,-9,0
15089,Westmoreland,2022-03,8,-8,0
15089,Westmoreland,2022-04,7,-7,0
15089,Westmoreland,2022-05,6,-6,0
15089,Westmoreland,2022-06,5,-5,0
15089,Westmoreland,2022-07,4,-4,0
15089,Westmoreland,2022-08,3,-3,0
15089,Westmoreland,2022-09,2,-2,0
15089,Westmoreland,2022-10,1,-1,0
15089,Westmoreland,2022-11,0,0,1
15089,Westmoreland,2022-12,-1,1,0
15090,Allegheny,2022-01,10,-10,0
15090,Allegheny,2022-02,9,-9,0
15090,Allegheny,2022-03,8,-8,0
15090,Allegheny,2022-04,7,-7,0
15090,Allegheny,2022-05,6,-6,0
15090,Allegheny,2022-06,5,-5,0
15090,Allegheny,2022-07,4,-4,0
15090,Allegheny,2022-08,3,-3,0
15090,Allegheny,2022-09,2,-2,0
15090,Allegheny,2022-10,1,-1,0
15090,Allegheny,2022-11,0,0,1
15090,Allegheny,2022-12,-1,1,0
15101,Allegheny,2022-01,10,-10,0
15101,Allegheny,2022-02,9,-9,0
15101,Allegheny,2022-03,8,-8,0
15101,Allegheny,2022-04,7,-7,0
15101,Allegheny,2022-05,6,-6,0
15101,Allegheny,2022-06,5,-5,0
15101,Allegheny,2022-07,4,-4,0
15101,Allegheny,2022-08,3,-3,0
15101,Allegheny,2022-09,2,-2,0
15101,Allegheny,2022-10,1,-1,0
15101,Allegheny,2022-11,0,0,1
15101,Allegheny,2022-12,-1,1,0
15102,Allegheny,2022-01,10,-10,0
15102,Allegheny,2022-02,9,-9,0
15102,Allegheny,2022-03,8,-8,0
15102,Allegheny,2022-04,7,-7,0
15102,Allegheny,2022-05,6,-6,0
15102,Allegheny,2022-06,5,-5,0
15102,Allegheny,2022-07,4,-4,0
15102,Allegheny,2022-08,3,-3,0
15102,Allegheny,2022-09,2,-2,0
15102,Allegheny,2022-10,1,-1,0
15102,Allegheny,2022-11,0,0,1
15102,Allegheny,2022-12,-1,1,0
15104,Allegheny,2022-01,10,-10,0
15104,Allegheny,2022-02,9,-9,0
15104,Allegheny,2022-03,8,-8,0
15104,Allegheny,2022-04,7,-7,0
15104,Allegheny,2022-05,6,-6,0
15104,Allegheny,2022-06,5,-5,0
15104,Allegheny,2022-07,4,-4,0
15104,Allegheny,2022-08,3,-3,0
15104,Allegheny,2022-09,2,-2,0
15104,Allegheny,2022-10,1,-1,0
15104,Allegheny,2022-11,0,0,1
15104,Allegheny,2022-12,-1,1,0
15106,Allegheny,2022-01,10,-10,0
15106,Allegheny,2022-02,9,-9,0
15106,Allegheny,2022-03,8,-8,0
15106,Allegheny,2022-04,7,-7,0
15106,Allegheny,2022-05,6,-6,0
15106,Allegheny,2022-06,5,-5,0
15106,Allegheny,2022-07,4,-4,0
15106,Allegheny,2022-08,3,-3,0
15106,Allegheny,2022-09,2,-2,0
15106,Allegheny,2022-10,1,-1,0
15106,Allegheny,2022-11,0,0,1
15106,Allegheny,2022-12,-1,1,0
15108,Allegheny,2022-01,10,-10,0
15108,Allegheny,2022-02,9,-9,0
15108,Allegheny,2022-03,8,-8,0
15108,Allegheny,2022-04,7,-7,0
15108,Allegheny,2022-05,6,-6,0
15108,Allegheny,2022-06,5,-5,0
15108,Allegheny,2022-07,4,-4,0
15108,Allegheny,2022-08,3,-3,0
15108,Allegheny,2022-09,2,-2,0
15108,Allegheny,2022-10,1,-1,0
15108,Allegheny,2022-11,0,0,1
15108,Allegheny,2022-12,-1,1,0
15110,Allegheny,2022-01,10,-10,0
15110,Allegheny,2022-02,9,-9,0
15110,Allegheny,2022-03,8,-8,0
15110,Allegheny,2022-04,7,-7,0
15110,Allegheny,2022-05,6,-6,0
15110,Allegheny,2022-06,5,-5,0
15110,Allegheny,2022-07,4,-4,0
15110,Allegheny,2022-08,3,-3,0
15110,Allegheny,2022-09,2,-2,0
15110,Allegheny,2022-10,1,-1,0
15110,Allegheny,2022-11,0,0,1
15110,Allegheny,2022-12,-1,1,0
15112,Allegheny,2022-01,10,-10,0
15112,Allegheny,2022-02,9,-9,0
15112,Allegheny,2022-03,8,-8,0
15112,Allegheny,2022-04,7,-7,0
15112,Allegheny,2022-05,6,-6,0
15112,Allegheny,2022-06,5,-5,0
15112,Allegheny,2022-07,4,-4,0
15112,Allegheny,2022-08,3,-3,0
15112,Allegheny,2022-09,2,-2,0
15112,Allegheny,2022-10,1,-1,0
15112,Allegheny,2022-11,0,0,1
15112,Allegheny,2022-12,-1,1,0
15116,Allegheny,2022-01,10,-10,0
15116,Allegheny,2022-02,9,-9,0
15116,Allegheny,2022-03,8,-8,0
15116,Allegheny,2022-04,7,-7,0
15116,Allegheny,2022-05,6,-6,0
15116,Allegheny,2022-06,5,-5,0
15116,Allegheny,2022-07,4,-4,0
15116,Allegheny,2022-08,3,-3,0
15116,Allegheny,2022-09,2,-2,0
15116,Allegheny,2022-10,1,-1,0
15116,Allegheny,2022-11,0,0,1
15116,Allegheny,2022-12,-1,1,0
15120,Allegheny,2022-01,10,-10,0
15120,Allegheny,2022-02,9,-9,0
15120,Allegheny,2022-03,8,-8,0
15120,Allegheny,2022-04,7,-7,0
15120,Allegheny,2022-05,6,-6,0
15120,Allegheny,2022-06,5,-5,0
15120,Allegheny,2022-07,4,-4,0
15120,Allegheny,2022-08,3,-3,0
15120,Allegheny,2022-09,2,-2,0
15120,Allegheny,2022-10,1,-1,0
15120,Allegheny,2022-11,0,0,1
15120,Allegheny,2022-12,-1,1,0
15122,Allegheny,2022-01,10,-10,0
15122,Allegheny,2022-02,9,-9,0
15122,Allegheny,2022-03,8,-8,0
15122,Allegheny,2022-04,7,-7,0
15122,Allegheny,2022-05,6,-6,0
15122,Allegheny,2022-06,5,-5,0
15122,Allegheny,2022-07,4,-4,0
15122,Allegheny,2022-08,3,-3,0
15122,Allegheny,2022-09,2,-2,0
15122,Allegheny,2022-10,1,-1,0
15122,Allegheny,2022-11,0,0,1
15122,Allegheny,2022-12,-1,1,0
15123,Allegheny,2022-01,10,-10,0
15123,Allegheny,2022-02,9,-9,0
15123,Allegheny,2022-03,8,-8,0
15123,Allegheny,2022-04,7,-7,0
15123,Allegheny,2022-05,6,-6,0
15123,Allegheny,2022-06,5,-5,0
15123,Allegheny,2022-07,4,-4,0
15123,Allegheny,2022-08,3,-3,0
15123,Allegheny,2022-09,2,-2,0
15123,Allegheny,2022-10,1,-1,0
15123,Allegheny,2022-11,0,0,1
15123,Allegheny,2022-12,-1,1,0
15126,Allegheny,2022-01,10,-10,0
15126,Allegheny,2022-02,9,-9,0
15126,Allegheny,2022-03,8,-8,0
15126,Allegheny,2022-04,7,-7,0
15126,Allegheny,2022-05,6,-6,0
15126,Allegheny,2022-06,5,-5,0
15126,Allegheny,2022-07,4,-4,0
15126,Allegheny,2022-08,3,-3,0
15126,Allegheny,2022-09,2,-2,0
15126,Allegheny,2022-10,1,-1,0
15126,Allegheny,2022-11,0,0,1
15126,Allegheny,2022-12,-1,1,0
15129,Allegheny,2022-01,10,-10,0
15129,Allegheny,2022-02,9,-9,0
15129,Allegheny,2022-03,8,-8,0
15129,Allegheny,2022-04,7,-7,0
15129,Allegheny,2022-05,6,-6,0
15129,Allegheny,2022-06,5,-5,0
15129,Allegheny,2022-07,4,-4,0
15129,Allegheny,2022-08,3,-3,0
15129,Allegheny,2022-09,2,-2,0
15129,Allegheny,2022-10,1,-1,0
15129,Allegheny,2022-11,0,0,1
15129,Allegheny,2022-12,-1,1,0
15131,Allegheny,2022-01,10,-10,0
15131,Allegheny,2022-02,9,-9,0
15131,Allegheny,2022-03,8,-8,0
15131,Allegheny,2022-04,7,-7,0
15131,Allegheny,2022-05,6,-6,0
15131,Allegheny,2022-06,5,-5,0
15131,Allegheny,2022-07,4,-4,0
15131,Allegheny,2022-08,3,-3,0
15131,Allegheny,2022-09,2,-2,0
15131,Allegheny,2022-10,1,-1,0
15131,Allegheny,2022-11,0,0,1
15131,Allegheny,2022-12,-1,1,0
15132,Allegheny,2022-01,10,-10,0
15132,Allegheny,2022-02,9,-9,0
15132,Allegheny,2022-03,8,-8,0
15132,Allegheny,2022-04,7,-7,0
15132,Allegheny,2022-05,6,-6,0
15132,Allegheny,2022-06,5,-5,0
15132,Allegheny,2022-07,4,-4,0
15132,Allegheny,2022-08,3,-3,0
15132,Allegheny,2022-09,2,-2,0
15132,Allegheny,2022-10,1,-1,0
15132,Allegheny,2022-11,0,0,1
15132,Allegheny,2022-12,-1,1,0
15133,Allegheny,2022-01,10,-10,0
15133,Allegheny,2022-02,9,-9,0
15133,Allegheny,2022-03,8,-8,0
15133,Allegheny,2022-04,7,-7,0
15133,Allegheny,2022-05,6,-6,0
15133,Allegheny,2022-06,5,-5,0
15133,Allegheny,2022-07,4,-4,0
15133,Allegheny,2022-08,3,-3,0
15133,Allegheny,2022-09,2,-2,0
15133,Allegheny,2022-10,1,-1,0
15133,Allegheny,2022-11,0,0,1
15133,Allegheny,2022-12,-1,1,0
15135,Allegheny,2022-01,10,-10,0
15135,Allegheny,2022-02,9,-9,0
15135,Allegheny,2022-03,8,-8,0
15135,Allegheny,2022-04,7,-7,0
15135,Allegheny,2022-05,6,-6,0
15135,Allegheny,2022-06,5,-5,0
15135,Allegheny,2022-07,4,-4,0
15135,Allegheny,2022-08,3,-3,0
15135,Allegheny,2022-09,2,-2,0
15135,Allegheny,2022-10,1,-1,0
15135,Allegheny,2022-11,0,0,1
15135,Allegheny,2022-12,-1,1,0
15136,Allegheny,2022-01,10,-10,0
15136,Allegheny,2022-02,9,-9,0
15136,Allegheny,2022-03,8,-8,0
15136,Allegheny,2022-04,7,-7,0
15136,Allegheny,2022-05,6,-6,0
15136,Allegheny,2022-06,5,-5,0
15136,Allegheny,2022-07,4,-4,0
15136,Allegheny,2022-08,3,-3,0
15136,Allegheny,2022-09,2,-2,0
15136,Allegheny,2022-10,1,-1,0
15136,Allegheny,2022-11,0,0,1
15136,Allegheny,2022-12,-1,1,0
15137,Allegheny,2022-01,10,-10,0
15137,Allegheny,2022-02,9,-9,0
15137,Allegheny,2022-03,8,-8,0
15137,Allegheny,2022-04,7,-7,0
15137,Allegheny,2022-05,6,-6,0
15137,Allegheny,2022-06,5,-5,0
15137,Allegheny,2022-07,4,-4,0
15137,Allegheny,2022-08,3,-3,0
15137,Allegheny,2022-09,2,-2,0
15137,Allegheny,2022-10,1,-1,0
15137,Allegheny,2022-11,0,0,1
15137,Allegheny,2022-12,-1,1,0
15139,Allegheny,2022-01,10,-10,0
15139,Allegheny,2022-02,9,-9,0
15139,Allegheny,2022-03,8,-8,0
15139,Allegheny,2022-04,7,-7,0
15139,Allegheny,2022-05,6,-6,0
15139,Allegheny,2022-06,5,-5,0
15139,Allegheny,2022-07,4,-4,0
15139,Allegheny,2022-08,3,-3,0
15139,Allegheny,2022-09,2,-2,0
15139,Allegheny,2022-10,1,-1,0
15139,Allegheny,2022-11,0,0,1
15139,Allegheny,2022-12,-1,1,0
15140,Allegheny,2022-01,10,-10,0
15140,Allegheny,2022-02,9,-9,0
15140,Allegheny,2022-03,8,-8,0
15140,Allegheny,2022-04,7,-7,0
15140,Allegheny,2022-05,6,-6,0
15140,Allegheny,2022-06,5,-5,0
15140,Allegheny,2022-07,4,-4,0
15140,Allegheny,2022-08,3,-3,0
15140,Allegheny,2022-09,2,-2,0
15140,Allegheny,2022-10,1,-1,0
15140,Allegheny,2022-11,0,0,1
15140,Allegheny,2022-12,-1,1,0
15142,Allegheny,2022-01,10,-10,0
15142,Allegheny,2022-02,9,-9,0
15142,Allegheny,2022-03,8,-8,0
15142,Allegheny,2022-04,7,-7,0
15142,Allegheny,2022-05,6,-6,0
15142,Allegheny,2022-06,5,-5,0
15142,Allegheny,2022-07,4,-4,0
15142,Allegheny,2022-08,3,-3,0
15142,Allegheny,2022-09,2,-2,0
15142,Allegheny,2022-10,1,-1,0
15142,Allegheny,2022-11,0,0,1
15142,Allegheny,2022-12,-1,1,0
15143,Allegheny,2022-01,10,-10,0
15143,Allegheny,2022-02,9,-9,0
15143,Allegheny,2022-03,8,-8,0
15143,Allegheny,2022-04,7,-7,0
15143,Allegheny,2022-05,6,-6,0
15143,Allegheny,2022-06,5,-5,0
15143,Allegheny,2022-07,4,-4,0
15143,Allegheny,2022-08,3,-3,0
15143,Allegheny,2022-09,2,-2,0
15143,Allegheny,2022-10,1,-1,0
15143,Allegheny,2022-11,0,0,1
15143,Allegheny,2022-12,-1,1,0
15144,Allegheny,2022-01,10,-10,0
15144,Allegheny,2022-02,9,-9,0
15144,Allegheny,2022-03,8,-8,0
15144,Allegheny,2022-04,7,-7,0
15144,Allegheny,2022-05,6,-6,0
15144,Allegheny,2022-06,5,-5,0
15144,Allegheny,2022-07,4,-4,0
15144,Allegheny,2022-08,3,-3,0
15144,Allegheny,2022-09,2,-2,0
15144,Allegheny,2022-10,1,-1,0
15144,Allegheny,2022-11,0,0,1
15144,Allegheny,2022-12,-1,1,0
15145,Allegheny,2022-01,10,-10,0
15145,Allegheny,2022-02,9,-9,0
15145,Allegheny,2022-03,8,-8,0
15145,Allegheny,2022-04,7,-7,0
15145,Allegheny,2022-05,6,-6,0
15145,Allegheny,2022-06,5,-5,0
15145,Allegheny,2022-07,4,-4,0
15145,Allegheny,2022-08,3,-3,0
15145,Allegheny,2022-09,2,-2,0
15145,Allegheny,2022-10,1,-1,0
15145,Allegheny,2022-11,0,0,1
15145,Allegheny,2022-12,-1,1,0
15146,Allegheny,2022-01,10,-10,0
15146,Allegheny,2022-02,9,-9,0
15146,Allegheny,2022-03,8,-8,0
15146,Allegheny,2022-04,7,-7,0
15146,Allegheny,2022-05,6,-6,0
15146,Allegheny,2022-06,5,-5,0
15146,Allegheny,2022-07,4,-4,0
15146,Allegheny,2022-08,3,-3,0
15146,Allegheny,2022-09,2,-2,0
15146,Allegheny,2022-10,1,-1,0
15146,Allegheny,2022-11,0,0,1
15146,Allegheny,2022-12,-1,1,0
15147,Allegheny,2022-01,10,-10,0
15147,Allegheny,2022-02,9,-9,0
15147,Allegheny,2022-03,8,-8,0
15147,Allegheny,2022-04,7,-7,0
15147,Allegheny,2022-05,6,-6,0
15147,Allegheny,2022-06,5,-5,0
15147,Allegheny,2022-07,4,-4,0
15147,Allegheny,2022-08,3,-3,0
15147,Allegheny,2022-09,2,-2,0
15147,Allegheny,2022-10,1,-1,0
15147,Allegheny,2022-11,0,0,1
15147,Allegheny,2022-12,-1,1,0
15148,Allegheny,2022-01,10,-10,0
15148,Allegheny,2022-02,9,-9,0
15148,Allegheny,2022-03,8,-8,0
15148,Allegheny,2022-04,7,-7,0
15148,Allegheny,2022-05,6,-6,0
15148,Allegheny,2022-06,5,-5,0
15148,Allegheny,2022-07,4,-4,0
15148,Allegheny,2022-08,3,-3,0
15148,Allegheny,2022-09,2,-2,0
15148,Allegheny,2022-10,1,-1,0
15148,Allegheny,2022-11,0,0,1
15148,Allegheny,2022-12,-1,1,0
15201,Allegheny,2022-01,10,-10,0
15201,Allegheny,2022-02,9,-9,0
15201,Allegheny,2022-03,8,-8,0
15201,Allegheny,2022-04,7,-7,0
15201,Allegheny,2022-05,6,-6,0
15201,Allegheny,2022-06,5,-5,0
15201,Allegheny,2022-07,4,-4,0
15201,Allegheny,2022-08,3,-3,0
15201,Allegheny,2022-09,2,-2,0
15201,Allegheny,2022-10,1,-1,0
15201,Allegheny,2022-11,0,0,1
15201,Allegheny,2022-12,-1,1,0
15202,Allegheny,2022-01,10,-10,0
15202,Allegheny,2022-02,9,-9,0
15202,Allegheny,2022-03,8,-8,0
15202,Allegheny,2022-04,7,-7,0
15202,Allegheny,2022-05,6,-6,0
15202,Allegheny,2022-06,5,-5,0
15202,Allegheny,2022-07,4,-4,0
15202,Allegheny,2022-08,3,-3,0
15202,Allegheny,2022-09,2,-2,0
15202,Allegheny,2022-10,1,-1,0
15202,Allegheny,2022-11,0,0,1
15202,Allegheny,2022-12,-1,1,0
15203,Allegheny,2022-01,10,-10,0
15203,Allegheny,2022-02,9,-9,0
15203,Allegheny,2022-03,8,-8,0
15203,Allegheny,2022-04,7,-7,0
15203,Allegheny,2022-05,6,-6,0
15203,Allegheny,2022-06,5,-5,0
15203,Allegheny,2022-07,4,-4,0
15203,Allegheny,2022-08,3,-3,0
15203,Allegheny,2022-09,2,-2,0
15203,Allegheny,2022-10,1,-1,0
15203,Allegheny,2022-11,0,0,1
15203,Allegheny,2022-12,-1,1,0
15204,Allegheny,2022-01,10,-10,0
15204,Allegheny,2022-02,9,-9,0
15204,Allegheny,2022-03,8,-8,0
15204,Allegheny,2022-04,7,-7,0
15204,Allegheny,2022-05,6,-6,0
15204,Allegheny,2022-06,5,-5,0
15204,Allegheny,2022-07,4,-4,0
15204,Allegheny,2022-08,3,-3,0
15204,Allegheny,2022-09,2,-2,0
15204,Allegheny,2022-10,1,-1,0
15204,Allegheny,2022-11,0,0,1
15204,Allegheny,2022-12,-1,1,0
15205,Allegheny,2022-01,10,-10,0
15205,Allegheny,2022-02,9,-9,0
15205,Allegheny,2022-03,8,-8,0
15205,Allegheny,2022-04,7,-7,0
15205,Allegheny,2022-05,6,-6,0
15205,Allegheny,2022-06,5,-5,0
15205,Allegheny,2022-07,4,-4,0
15205,Allegheny,2022-08,3,-3,0
15205,Allegheny,2022-09,2,-2,0
15205,Allegheny,2022-10,1,-1,0
15205,Allegheny,2022-11,0,0,1
15205,Allegheny,2022-12,-1,1,0
15206,Allegheny,2022-01,10,-10,0
15206,Allegheny,2022-02,9,-9,0
15206,Allegheny,2022-03,8,-8,0
15206,Allegheny,2022-04,7,-7,0
15206,Allegheny,2022-05,6,-6,0
15206,Allegheny,2022-06,5,-5,0
15206,Allegheny,2022-07,4,-4,0
15206,Allegheny,2022-08,3,-3,0
15206,Allegheny,2022-09,2,-2,0
15206,Allegheny,2022-10,1,-1,0
15206,Allegheny,2022-11,0,0,1
15206,Allegheny,2022-12,-1,1,0
15207,Allegheny,2022-01,10,-10,0
15207,Allegheny,2022-02,9,-9,0
15207,Allegheny,2022-03,8,-8,0
15207,Allegheny,2022-04,7,-7,0
15207,Allegheny,2022-05,6,-6,0
15207,Allegheny,2022-06,5,-5,0
15207,Allegheny,2022-07,4,-4,0
15207,Allegheny,2022-08,3,-3,0
15207,Allegheny,2022-09,2,-2,0
15207,Allegheny,2022-10,1,-1,0
15207,Allegheny,2022-11,0,0,1
15207,Allegheny,2022-12,-1,1,0
15208,Allegheny,2022-01,10,-10,0
15208,Allegheny,2022-02,9,-9,0
15208,Allegheny,2022-03,8,-8,0
15208,Allegheny,2022-04,7,-7,0
15208,Allegheny,2022-05,6,-6,0
15208,Allegheny,2022-06,5,-5,0
15208,Allegheny,2022-07,4,-4,0
15208,Allegheny,2022-08,3,-3,0
15208,Allegheny,2022-09,2,-2,0
15208,Allegheny,2022-10,1,-1,0
15208,Allegheny,2022-11,0,0,1
15208,Allegheny,2022-12,-1,1,0
15209,Allegheny,2022-01,10,-10,0
15209,Allegheny,2022-02,9,-9,0
15209,Allegheny,2022-03,8,-8,0
15209,Allegheny,2022-04,7,-7,0
15209,Allegheny,2022-05,6,-6,0
15209,Allegheny,2022-06,5,-5,0
15209,Allegheny,2022-07,4,-4,0
15209,Allegheny,2022-08,3,-3,0
15209,Allegheny,2022-09,2,-2,0
15209,Allegheny,2022-10,1,-1,0
15209,Allegheny,2022-11,0,0,1
15209,Allegheny,2022-12,-1,1,0
15210,Allegheny,2022-01,10,-10,0
15210,Allegheny,2022-02,9,-9,0
15210,Allegheny,2022-03,8,-8,0
15210,Allegheny,2022-04,7,-7,0
15210,Allegheny,2022-05,6,-6,0
15210,Allegheny,2022-06,5,-5,0
15210,Allegheny,2022-07,4,-4,0
15210,Allegheny,2022-08,3,-3,0
15210,Allegheny,2022-09,2,-2,0
15210,Allegheny,2022-10,1,-1,0
15210,Allegheny,2022-11,0,0,1
15210,Allegheny,2022-12,-1,1,0
15211,Allegheny,2022-01,10,-10,0
15211,Allegheny,2022-02,9,-9,0
15211,Allegheny,2022-03,8,-8,0
15211,Allegheny,2022-04,7,-7,0
15211,Allegheny,2022-05,6,-6,0
15211,Allegheny,2022-06,5,-5,0
15211,Allegheny,2022-07,4,-4,0
15211,Allegheny,2022-08,3,-3,0
15211,Allegheny,2022-09,2,-2,0
15211,Allegheny,2022-10,1,-1,0
15211,Allegheny,2022-11,0,0,1
15211,Allegheny,2022-12,-1,1,0
15212,Allegheny,2022-01,10,-10,0
15212,Allegheny,2022-02,9,-9,0
15212,Allegheny,2022-03,8,-8,0
15212,Allegheny,2022-04,7,-7,0
15212,Allegheny,2022-05,6,-6,0
15212,Allegheny,2022-06,5,-5,0
15212,Allegheny,2022-07,4,-4,0
15212,Allegheny,2022-08,3,-3,0
15212,Allegheny,2022-09,2,-2,0
15212,Allegheny,2022-10,1,-1,0
15212,Allegheny,2022-11,0,0,1
15212,Allegheny,2022-12,-1,1,0
15213,Allegheny,2022-01,10,-10,0
15213,Allegheny,2022-02,9,-9,0
15213,Allegheny,2022-03,8,-8,0
15213,Allegheny,2022-04,7,-7,0
15213,Allegheny,2022-05,6,-6,0
15213,Allegheny,2022-06,5,-5,0
15213,Allegheny,2022-07,4,-4,0
15213,Allegheny,2022-08,3,-3,0
15213,Allegheny,2022-09,2,-2,0
15213,Allegheny,2022-10,1,-1,0
15213,Allegheny,2022-11,0,0,1
15213,Allegheny,2022-12,-1,1,0
15214,Allegheny,2022-01,10,-10,0
15214,Allegheny,2022-02,9,-9,0
15214,Allegheny,2022-03,8,-8,0
15214,Allegheny,2022-04,7,-7,0
15214,Allegheny,2022-05,6,-6,0
15214,Allegheny,2022-06,5,-5,0
15214,Allegheny,2022-07,4,-4,0
15214,Allegheny,2022-08,3,-3,0
15214,Allegheny,2022-09,2,-2,0
15214,Allegheny,2022-10,1,-1,0
15214,Allegheny,2022-11,0,0,1
15214,Allegheny,2022-12,-1,1,0
15215,Allegheny,2022-01,10,-10,0
15215,Allegheny,2022-02,9,-9,0
15215,Allegheny,2022-03,8,-8,0
15215,Allegheny,2022-04,7,-7,0
15215,Allegheny,2022-05,6,-6,0
15215,Allegheny,2022-06,5,-5,0
15215,Allegheny,2022-07,4,-4,0
15215,Allegheny,2022-08,3,-3,0
15215,Allegheny,2022-09,2,-2,0
15215,Allegheny,2022-10,1,-1,0
15215,Allegheny,2022-11,0,0,1
15215,Allegheny,2022-12,-1,1,0
15216,Allegheny,2022-01,10,-10,0
15216,Allegheny,2022-02,9,-9,0
15216,Allegheny,2022-03,8,-8,0
15216,Allegheny,2022-04,7,-7,0
15216,Allegheny,2022-05,6,-6,0
15216,Allegheny,2022-06,5,-5,0
15216,Allegheny,2022-07,4,-4,0
15216,Allegheny,2022-08,3,-3,0
15216,Allegheny,2022-09,2,-2,0
15216,Allegheny,2022-10,1,-1,0
15216,Allegheny,2022-11,0,0,1
15216,Allegheny,2022-12,-1,1,0
15217,Allegheny,2022-01,10,-10,0
15217,Allegheny,2022-02,9,-9,0
15217,Allegheny,2022-03,8,-8,0
15217,Allegheny,2022-04,7,-7,0
15217,Allegheny,2022-05,6,-6,0
15217,Allegheny,2022-06,5,-5,0
15217,Allegheny,2022-07,4,-4,0
15217,Allegheny,2022-08,3,-3,0
15217,Allegheny,2022-09,2,-2,0
15217,Allegheny,2022-10,1,-1,0
15217,Allegheny,2022-11,0,0,1
15217,Allegheny,2022-12,-1,1,0
15218,Allegheny,2022-01,10,-10,0
15218,Allegheny,2022-02,9,-9,0
15218,Allegheny,2022-03,8,-8,0
15218,Allegheny,2022-04,7,-7,0
15218,Allegheny,2022-05,6,-6,0
15218,Allegheny,2022-06,5,-5,0
15218,Allegheny,2022-07,4,-4,0
15218,Allegheny,2022-08,3,-3,0
15218,Allegheny,2022-09,2,-2,0
15218,Allegheny,2022-10,1,-1,0
15218,Allegheny,2022-11,0,0,1
15218,Allegheny,2022-12,-1,1,0
15219,Allegheny,2022-01,10,-10,0
15219,Allegheny,2022-02,9,-9,0
15219,Allegheny,2022-03,8,-8,0
15219,Allegheny,2022-04,7,-7,0
15219,Allegheny,2022-05,6,-6,0
15219,Allegheny,2022-06,5,-5,0
15219,Allegheny,2022-07,4,-4,0
15219,Allegheny,2022-08,3,-3,0
15219,Allegheny,2022-09,2,-2,0
15219,Allegheny,2022-10,1,-1,0
15219,Allegheny,2022-11,0,0,1
15219,Allegheny,2022-12,-1,1,0
15220,Allegheny,2022-01,10,-10,0
15220,Allegheny,2022-02,9,-9,0
15220,Allegheny,2022-03,8,-8,0
15220,Allegheny,2022-04,7,-7,0
15220,Allegheny,2022-05,6,-6,0
15220,Allegheny,2022-06,5,-5,0
15220,Allegheny,2022-07,4,-4,0
15220,Allegheny,2022-08,3,-3,0
15220,Allegheny,2022-09,2,-2,0
15220,Allegheny,2022-10,1,-1,0
15220,Allegheny,2022-11,0,0,1
15220,Allegheny,2022-12,-1,1,0
15221,Allegheny,2022-01,10,-10,0
15221,Allegheny,2022-02,9,-9,0
15221,Allegheny,2022-03,8,-8,0
15221,Allegheny,2022-04,7,-7,0
15221,Allegheny,2022-05,6,-6,0
15221,Allegheny,2022-06,5,-5,0
15221,Allegheny,2022-07,4,-4,0
15221,Allegheny,2022-08,3,-3,0
15221,Allegheny,2022-09,2,-2,0
15221,Allegheny,2022-10,1,-1,0
15221,Allegheny,2022-11,0,0,1
15221,Allegheny,2022-12,-1,1,0
15222,Allegheny,2022-01,10,-10,0
15222,Allegheny,2022-02,9,-9,0
15222,Allegheny,2022-03,8,-8,0
15222,Allegheny,2022-04,7,-7,0
15222,Allegheny,2022-05,6,-6,0
15222,Allegheny,2022-06,5,-5,0
15222,Allegheny,2022-07,4,-4,0
15222,Allegheny,2022-08,3,-3,0
15222,Allegheny,2022-09,2,-2,0
15222,Allegheny,2022-10,1,-1,0
15222,Allegheny,2022-11,0,0,1
15222,Allegheny,2022-12,-1,1,0
15223,Allegheny,2022-01,10,-10,0
15223,Allegheny,2022-02,9,-9,0
15223,Allegheny,2022-03,8,-8,0
15223,Allegheny,2022-04,7,-7,0
15223,Allegheny,2022-05,6,-6,0
15223,Allegheny,2022-06,5,-5,0
15223,Allegheny,2022-07,4,-4,0
15223,Allegheny,2022-08,3,-3,0
15223,Allegheny,2022-09,2,-2,0
15223,Allegheny,2022-10,1,-1,0
15223,Allegheny,2022-11,0,0,1
15223,Allegheny,2022-12,-1,1,0
15224,Allegheny,2022-01,10,-10,0
15224,Allegheny,2022-02,9,-9,0
15224,Allegheny,2022-03,8,-8,0
15224,Allegheny,2022-04,7,-7,0
15224,Allegheny,2022-05,6,-6,0
15224,Allegheny,2022-06,5,-5,0
15224,Allegheny,2022-07,4,-4,0
15224,Allegheny,2022-08,3,-3,0
15224,Allegheny,2022-09,2,-2,0
15224,Allegheny,2022-10,1,-1,0
15224,Allegheny,2022-11,0,0,1
15224,Allegheny,2022-12,-1,1,0
15225,Allegheny,2022-01,10,-10,0
15225,Allegheny,2022-02,9,-9,0
15225,Allegheny,2022-03,8,-8,0
15225,Allegheny,2022-04,7,-7,0
15225,Allegheny,2022-05,6,-6,0
15225,Allegheny,2022-06,5,-5,0
15225,Allegheny,2022-07,4,-4,0
15225,Allegheny,2022-08,3,-3,0
15225,Allegheny,2022-09,2,-2,0
15225,Allegheny,2022-10,1,-1,0
15225,Allegheny,2022-11,0,0,1
15225,Allegheny,2022-12,-1,1,0
15226,Allegheny,2022-01,10,-10,0
15226,Allegheny,2022-02,9,-9,0
15226,Allegheny,2022-03,8,-8,0
15226,Allegheny,2022-04,7,-7,0
15226,Allegheny,2022-05,6,-6,0
15226,Allegheny,2022-06,5,-5,0
15226,Allegheny,2022-07,4,-4,0
15226,Allegheny,2022-08,3,-3,0
15226,Allegheny,2022-09,2,-2,0
15226,Allegheny,2022-10,1,-1,0
15226,Allegheny,2022-11,0,0,1
15226,Allegheny,2022-12,-1,1,0
15227,Allegheny,2022-01,10,-10,0
15227,Allegheny,2022-02,9,-9,0
15227,Allegheny,2022-03,8,-8,0
15227,Allegheny,2022-04,7,-7,0
15227,Allegheny,2022-05,6,-6,0
15227,Allegheny,2022-06,5,-5,0
15227,Allegheny,2022-07,4,-4,0
15227,Allegheny,2022-08,3,-3,0
15227,Allegheny,2022-09,2,-2,0
15227,Allegheny,2022-10,1,-1,0
15227,Allegheny,2022-11,0,0,1
15227,Allegheny,2022-12,-1,1,0
15228,Allegheny,2022-01,10,-10,0
15228,Allegheny,2022-02,9,-9,0
15228,Allegheny,2022-03,8,-8,0
15228,Allegheny,2022-04,7,-7,0
15228,Allegheny,2022-05,6,-6,0
15228,Allegheny,2022-06,5,-5,0
15228,Allegheny,2022-07,4,-4,0
15228,Allegheny,2022-08,3,-3,0
15228,Allegheny,2022-09,2,-2,0
15228,Allegheny,2022-10,1,-1,0
15228,Allegheny,2022-11,0,0,1
15228,Allegheny,2022-12,-1,1,0
15229,Allegheny,2022-01,10,-10,0
15229,Allegheny,2022-02,9,-9,0
15229,Allegheny,2022-03,8,-8,0
15229,Allegheny,2022-04,7,-7,0
15229,Allegheny,2022-05,6,-6,0
15229,Allegheny,2022-06,5,-5,0
15229,Allegheny,2022-07,4,-4,0
15229,Allegheny,2022-08,3,-3,0
15229,Allegheny,2022-09,2,-2,0
15229,Allegheny,2022-10,1,-1,0
15229,Allegheny,2022-11,0,0,1
15229,Allegheny,2022-12,-1,1,0
15232,Allegheny,2022-01,10,-10,0
15232,Allegheny,2022-02,9,-9,0
15232,Allegheny,2022-03,8,-8,0
15232,Allegheny,2022-04,7,-7,0
15232,Allegheny,2022-05,6,-6,0
15232,Allegheny,2022-06,5,-5,0
15232,Allegheny,2022-07,4,-4,0
15232,Allegheny,2022-08,3,-3,0
15232,Allegheny,2022-09,2,-2,0
15232,Allegheny,2022-10,1,-1,0
15232,Allegheny,2022-11,0,0,1
15232,Allegheny,2022-12,-1,1,0
15233,Allegheny,2022-01,10,-10,0
15233,Allegheny,2022-02,9,-9,0
15233,Allegheny,2022-03,8,-8,0
15233,Allegheny,2022-04,7,-7,0
15233,Allegheny,2022-05,6,-6,0
15233,Allegheny,2022-06,5,-5,0
15233,Allegheny,2022-07,4,-4,0
15233,Allegheny,2022-08,3,-3,0
15233,Allegheny,2022-09,2,-2,0
15233,Allegheny,2022-10,1,-1,0
15233,Allegheny,2022-11,0,0,1
15233,Allegheny,2022-12,-1,1,0
15234,Allegheny,2022-01,10,-10,0
15234,Allegheny,2022-02,9,-9,0
15234,Allegheny,2022-03,8,-8,0
15234,Allegheny,2022-04,7,-7,0
15234,Allegheny,2022-05,6,-6,0
15234,Allegheny,2022-06,5,-5,0
15234,Allegheny,2022-07,4,-4,0
15234,Allegheny,2022-08,3,-3,0
15234,Allegheny,2022-09,2,-2,0
15234,Allegheny,2022-10,1,-1,0
15234,Allegheny,2022-11,0,0,1
15234,Allegheny,2022-12,-1,1,0
15235,Allegheny,2022-01,10,-10,0
15235,Allegheny,2022-02,9,-9,0
15235,Allegheny,2022-03,8,-8,0
15235,Allegheny,2022-04,7,-7,0
15235,Allegheny,2022-05,6,-6,0
15235,Allegheny,2022-06,5,-5,0
15235,Allegheny,2022-07,4,-4,0
15235,Allegheny,2022-08,3,-3,0
15235,Allegheny,2022-09,2,-2,0
15235,Allegheny,2022-10,1,-1,0
15235,Allegheny,2022-11,0,0,1
15235,Allegheny,2022-12,-1,1,0
15236,Allegheny,2022-01,10,-10,0
15236,Allegheny,2022-02,9,-9,0
15236,Allegheny,2022-03,8,-8,0
15236,Allegheny,2022-04,7,-7,0
15236,Allegheny,2022-05,6,-6,0
15236,Allegheny,2022-06,5,-5,0
15236,Allegheny,2022-07,4,-4,0
15236,Allegheny,2022-08,3,-3,0
15236,Allegheny,2022-09,2,-2,0
15236,Allegheny,2022-10,1,-1,0
15236,Allegheny,2022-11,0,0,1
15236,Allegheny,2022-12,-1,1,0
15237,Allegheny,2022-01,10,-10,0
15237,Allegheny,2022-02,9,-9,0
15237,Allegheny,2022-03,8,-8,0
15237,Allegheny,2022-04,7,-7,0
15237,Allegheny,2022-05,6,-6,0
15237,Allegheny,2022-06,5,-5,0
15237,Allegheny,2022-07,4,-4,0
15237,Allegheny,2022-08,3,-3,0
15237,Allegheny,2022-09,2,-2,0
15237,Allegheny,2022-10,1,-1,0
15237,Allegheny,2022-11,0,0,1
15237,Allegheny,2022-12,-1,1,0
15238,Allegheny,2022-01,10,-10,0
15238,Allegheny,2022-02,9,-9,0
15238,Allegheny,2022-03,8,-8,0
15238,Allegheny,2022-04,7,-7,0
15238,Allegheny,2022-05,6,-6,0
15238,Allegheny,2022-06,5,-5,0
15238,Allegheny,2022-07,4,-4,0
15238,Allegheny,2022-08,3,-3,0
15238,Allegheny,2022-09,2,-2,0
15238,Allegheny,2022-10,1,-1,0
15238,Allegheny,2022-11,0,0,1
15238,Allegheny,2022-12,-1,1,0
15239,Allegheny,2022-01,10,-10,0
15239,Allegheny,2022-02,9,-9,0
15239,Allegheny,2022-03,8,-8,0
15239,Allegheny,2022-04,7,-7,0
15239,Allegheny,2022-05,6,-6,0
15239,Allegheny,2022-06,5,-5,0
15239,Allegheny,2022-07,4,-4,0
15239,Allegheny,2022-08,3,-3,0
15239,Allegheny,2022-09,2,-2,0
15239,Allegheny,2022-10,1,-1,0
15239,Allegheny,2022-11,0,0,1
15239,Allegheny,2022-12,-1,1,0
15241,Allegheny,2022-01,10,-10,0
15241,Allegheny,2022-02,9,-9,0
15241,Allegheny,2022-03,8,-8,0
15241,Allegheny,2022-04,7,-7,0
15241,Allegheny,2022-05,6,-6,0
15241,Allegheny,2022-06,5,-5,0
15241,Allegheny,2022-07,4,-4,0
15241,Allegheny,2022-08,3,-3,0
15241,Allegheny,2022-09,2,-2,0
15241,Allegheny,2022-10,1,-1,0
15241,Allegheny,2022-11,0,0,1
15241,Allegheny,2022-12,-1,1,0
15243,Allegheny,2022-01,10,-10,0
15243,Allegheny,2022-02,9,-9,0
15243,Allegheny,2022-03,8,-8,0
15243,Allegheny,2022-04,7,-7,0
15243,Allegheny,2022-05,6,-6,0
15243,Allegheny,2022-06,5,-5,0
15243,Allegheny,2022-07,4,-4,0
15243,Allegheny,2022-08,3,-3,0
15243,Allegheny,2022-09,2,-2,0
15243,Allegheny,2022-10,1,-1,0
15243,Allegheny,2022-11,0,0,1
15243,Allegheny,2022-12,-1,1,0
15260,Allegheny,2022-01,10,-10,0
15260,Allegheny,2022-02,9,-9,0
15260,Allegheny,2022-03,8,-8,0
15260,Allegheny,2022-04,7,-7,0
15260,Allegheny,2022-05,6,-6,0
15260,Allegheny,2022-06,5,-5,0
15260,Allegheny,2022-07,4,-4,0
15260,Allegheny,2022-08,3,-3,0
15260,Allegheny,2022-09,2,-2,0
15260,Allegheny,2022-10,1,-1,0
15260,Allegheny,2022-11,0,0,1
15260,Allegheny,2022-12,-1,1,0
15275,Allegheny,2022-01,10,-10,0
15275,Allegheny,2022-02,9,-9,0
15275,Allegheny,2022-03,8,-8,0
15275,Allegheny,2022-04,7,-7,0
15275,Allegheny,2022-05,6,-6,0
15275,Allegheny,2022-06,5,-5,0
15275,Allegheny,2022-07,4,-4,0
15275,Allegheny,2022-08,3,-3,0
15275,Allegheny,2022-09,2,-2,0
15275,Allegheny,2022-10,1,-1,0
15275,Allegheny,2022-11,0,0,1
15275,Allegheny,2022-12,-1,1,0
15282,Allegheny,2022-01,10,-10,0
15282,Allegheny,2022-02,9,-9,0
15282,Allegheny,2022-03,8,-8,0
15282,Allegheny,2022-04,7,-7,0
15282,Allegheny,2022-05,6,-6,0
15282,Allegheny,2022-06,5,-5,0
15282,Allegheny,2022-07,4,-4,0
15282,Allegheny,2022-08,3,-3,0
15282,Allegheny,2022-09,2,-2,0
15282,Allegheny,2022-10,1,-1,0
15282,Allegheny,2022-11,0,0,1
15282,Allegheny,2022-12,-1,1,0
15290,Allegheny,2022-01,10,-10,0
15290,Allegheny,2022-02,9,-9,0
15290,Allegheny,2022-03,8,-8,0
15290,Allegheny,2022-04,7,-7,0
15290,Allegheny,2022-05,6,-6,0
15290,Allegheny,2022-06,5,-5,0
15290,Allegheny,2022-07,4,-4,0
15290,Allegheny,2022-08,3,-3,0
15290,Allegheny,2022-09,2,-2,0
15290,Allegheny,2022-10,1,-1,0
15290,Allegheny,2022-11,0,0,1
15290,Allegheny,2022-12,-1,1,0
15301,Washington,2022-01,10,-10,0
15301,Washington,2022-02,9,-9,0
15301,Washington,2022-03,8,-8,0
15301,Washington,2022-04,7,-7,0
15301,Washington,2022-05,6,-6,0
15301,Washington,2022-06,5,-5,0
15301,Washington,2022-07,4,-4,0
15301,Washington,2022-08,3,-3,0
15301,Washington,2022-09,2,-2,0
15301,Washington,2022-10,1,-1,0
15301,Washington,2022-11,0,0,1
15301,Washington,2022-12,-1,1,0
15310,Greene,2022-01,10,-10,0
15310,Greene,2022-02,9,-9,0
15310,Greene,2022-03,8,-8,0
15310,Greene,2022-04,7,-7,0
15310,Greene,2022-05,6,-6,0
15310,Greene,2022-06,5,-5,0
15310,Greene,2022-07,4,-4,0
15310,Greene,2022-08,3,-3,0
15310,Greene,2022-09,2,-2,0
15310,Greene,2022-10,1,-1,0
15310,Greene,2022-11,0,0,1
15310,Greene,2022-12,-1,1,0
15311,Washington,2022-01,10,-10,0
15311,Washington,2022-02,9,-9,0
15311,Washington,2022-03,8,-8,0
15311,Washington,2022-04,7,-7,0
15311,Washington,2022-05,6,-6,0
15311,Washington,2022-06,5,-5,0
15311,Washington,2022-07,4,-4,0
15311,Washington,2022-08,3,-3,0
15311,Washington,2022-09,2,-2,0
15311,Washington,2022-10,1,-1,0
15311,Washington,2022-11,0,0,1
15311,Washington,2022-12,-1,1,0
15312,Washington,2022-01,10,-10,0
15312,Washington,2022-02,9,-9,0
15312,Washington,2022-03,8,-8,0
15312,Washington,2022-04,7,-7,0
15312,Washington,2022-05,6,-6,0
15312,Washington,2022-06,5,-5,0
15312,Washington,2022-07,4,-4,0
15312,Washington,2022-08,3,-3,0
15312,Washington,2022-09,2,-2,0
15312,Washington,2022-10,1,-1,0
15312,Washington,2022-11,0,0,1
15312,Washington,2022-12,-1,1,0
15313,Washington,2022-01,10,-10,0
15313,Washington,2022-02,9,-9,0
15313,Washington,2022-03,8,-8,0
15313,Washington,2022-04,7,-7,0
15313,Washington,2022-05,6,-6,0
15313,Washington,2022-06,5,-5,0
15313,Washington,2022-07,4,-4,0
15313,Washington,2022-08,3,-3,0
15313,Washington,2022-09,2,-2,0
15313,Washington,2022-10,1,-1,0
15313,Washington,2022-11,0,0,1
15313,Washington,2022-12,-1,1,0
15314,Washington,2022-01,10,-10,0
15314,Washington,2022-02,9,-9,0
15314,Washington,2022-03,8,-8,0
15314,Washington,2022-04,7,-7,0
15314,Washington,2022-05,6,-6,0
15314,Washington,2022-06,5,-5,0
15314,Washington,2022-07,4,-4,0
15314,Washington,2022-08,3,-3,0
15314,Washington,2022-09,2,-2,0
15314,Washington,2022-10,1,-1,0
15314,Washington,2022-11,0,0,1
15314,Washington,2022-12,-1,1,0
15315,Greene,2022-01,10,-10,0
15315,Greene,2022-02,9,-9,0
15315,Greene,2022-03,8,-8,0
15315,Greene,2022-04,7,-7,0
15315,Greene,2022-05,6,-6,0
15315,Greene,2022-06,5,-5,0
15315,Greene,2022-07,4,-4,0
15315,Greene,2022-08,3,-3,0
15315,Greene,2022-09,2,-2,0
15315,Greene,2022-10,1,-1,0
15315,Greene,2022-11,0,0,1
15315,Greene,2022-12,-1,1,0
15316,Greene,2022-01,10,-10,0
15316,Greene,2022-02,9,-9,0
15316,Greene,2022-03,8,-8,0
15316,Greene,2022-04,7,-7,0
15316,Greene,2022-05,6,-6,0
15316,Greene,2022-06,5,-5,0
15316,Greene,2022-07,4,-4,0
15316,Greene,2022-08,3,-3,0
15316,Greene,2022-09,2,-2,0
15316,Greene,2022-10,1,-1,0
15316,Greene,2022-11,0,0,1
15316,Greene,2022-12,-1,1,0
15317,Washington,2022-01,10,-10,0
15317,Washington,2022-02,9,-9,0
15317,Washington,2022-03,8,-8,0
15317,Washington,2022-04,7,-7,0
15317,Washington,2022-05,6,-6,0
15317,Washington,2022-06,5,-5,0
15317,Washington,2022-07,4,-4,0
15317,Washington,2022-08,3,-3,0
15317,Washington,2022-09,2,-2,0
15317,Washington,2022-10,1,-1,0
15317,Washington,2022-11,0,0,1
15317,Washington,2022-12,-1,1,0
15320,Greene,2022-01,10,-10,0
15320,Greene,2022-02,9,-9,0
15320,Greene,2022-03,8,-8,0
15320,Greene,2022-04,7,-7,0
15320,Greene,2022-05,6,-6,0
15320,Greene,2022-06,5,-5,0
15320,Greene,2022-07,4,-4,0
15320,Greene,2022-08,3,-3,0
15320,Greene,2022-09,2,-2,0
15320,Greene,2022-10,1,-1,0
15320,Greene,2022-11,0,0,1
15320,Greene,2022-12,-1,1,0
15321,Washington,2022-01,10,-10,0
15321,Washington,2022-02,9,-9,0
15321,Washington,2022-03,8,-8,0
15321,Washington,2022-04,7,-7,0
15321,Washington,2022-05,6,-6,0
15321,Washington,2022-06,5,-5,0
15321,Washington,2022-07,4,-4,0
15321,Washington,2022-08,3,-3,0
15321,Washington,2022-09,2,-2,0
15321,Washington,2022-10,1,-1,0
15321,Washington,2022-11,0,0,1
15321,Washington,2022-12,-1,1,0
15322,Greene,2022-01,10,-10,0
15322,Greene,2022-02,9,-9,0
15322,Greene,2022-03,8,-8,0
15322,Greene,2022-04,7,-7,0
15322,Greene,2022-05,6,-6,0
15322,Greene,2022-06,5,-5,0
15322,Greene,2022-07,4,-4,0
15322,Greene,2022-08,3,-3,0
15322,Greene,2022-09,2,-2,0
15322,Greene,2022-10,1,-1,0
15322,Greene,2022-11,0,0,1
15322,Greene,2022-12,-1,1,0
15323,Washington,2022-01,10,-10,0
15323,Washington,2022-02,9,-9,0
15323,Washington,2022-03,8,-8,0
15323,Washington,2022-04,7,-7,0
15323,Washington,2022-05,6,-6,0
15323,Washington,2022-06,5,-5,0
15323,Washington,2022-07,4,-4,0
15323,Washington,2022-08,3,-3,0
15323,Washington,2022-09,2,-2,0
15323,Washington,2022-10,1,-1,0
15323,Washington,2022-11,0,0,1
15323,Washington,2022-12,-1,1,0
15324,Washington,2022-01,10,-10,0
15324,Washington,2022-02,9,-9,0
15324,Washington,2022-03,8,-8,0
15324,Washington,2022-04,7,-7,0
15324,Washington,2022-05,6,-6,0
15324,Washington,2022-06,5,-5,0
15324,Washington,2022-07,4,-4,0
15324,Washington,2022-08,3,-3,0
15324,Washington,2022-09,2,-2,0
15324,Washington,2022-10,1,-1,0
15324,Washington,2022-11,0,0,1
15324,Washington,2022-12,-1,1,0
15325,Greene,2022-01,10,-10,0
15325,Greene,2022-02,9,-9,0
15325,Greene,2022-03,8,-8,0
15325,Greene,2022-04,7,-7,0
15325,Greene,2022-05,6,-6,0
15325,Greene,2022-06,5,-5,0
15325,Greene,2022-07,4,-4,0
15325,Greene,2022-08,3,-3,0
15325,Greene,2022-09,2,-2,0
15325,Greene,2022-10,1,-1,0
15325,Greene,2022-11,0,0,1
15325,Greene,2022-12,-1,1,0
15327,Greene,2022-01,10,-10,0
15327,Greene,2022-02,9,-9,0
15327,Greene,2022-03,8,-8,0
15327,Greene,2022-04,7,-7,0
15327,Greene,2022-05,6,-6,0
15327,Greene,2022-06,5,-5,0
15327,Greene,2022-07,4,-4,0
15327,Greene,2022-08,3,-3,0
15327,Greene,2022-09,2,-2,0
15327,Greene,2022-10,1,-1,0
15327,Greene,2022-11,0,0,1
15327,Greene,2022-12,-1,1,0
15329,Washington,2022-01,10,-10,0
15329,Washington,2022-02,9,-9,0
15329,Washington,2022-03,8,-8,0
15329,Washington,2022-04,7,-7,0
15329,Washington,2022-05,6,-6,0
15329,Washington,2022-06,5,-5,0
15329,Washington,2022-07,4,-4,0
15329,Washington,2022-08,3,-3,0
15329,Washington,2022-09,2,-2,0
15329,Washington,2022-10,1,-1,0
15329,Washington,2022-11,0,0,1
15329,Washington,2022-12,-1,1,0
15330,Washington,2022-01,10,-10,0
15330,Washington,2022-02,9,-9,0
15330,Washington,2022-03,8,-8,0
15330,Washington,2022-04,7,-7,0
15330,Washington,2022-05,6,-6,0
15330,Washington,2022-06,5,-5,0
15330,Washington,2022-07,4,-4,0
15330,Washington,2022-08,3,-3,0
15330,Washington,2022-09,2,-2,0
15330,Washington,2022-10,1,-1,0
15330,Washington,2022-11,0,0,1
15330,Washington,2022-12,-1,1,0
15331,Washington,2022-01,10,-10,0
15331,Washington,2022-02,9,-9,0
15331,Washington,2022-03,8,-8,0
15331,Washington,2022-04,7,-7,0
15331,Washington,2022-05,6,-6,0
15331,Washington,2022-06,5,-5,0
15331,Washington,2022-07,4,-4,0
15331,Washington,2022-08,3,-3,0
15331,Washington,2022-09,2,-2,0
15331,Washington,2022-10,1,-1,0
15331,Washington,2022-11,0,0,1
15331,Washington,2022-12,-1,1,0
15332,Washington,2022-01,10,-10,0
15332,Washington,2022-02,9,-9,0
15332,Washington,2022-03,8,-8,0
15332,Washington,2022-04,7,-7,0
15332,Washington,2022-05,6,-6,0
15332,Washington,2022-06,5,-5,0
15332,Washington,2022-07,4,-4,0
15332,Washington,2022-08,3,-3,0
15332,Washington,2022-09,2,-2,0
15332,Washington,2022-10,1,-1,0
15332,Washington,2022-11,0,0,1
15332,Washington,2022-12,-1,1,0
15333,Washington,2022-01,10,-10,0
15333,Washington,2022-02,9,-9,0
15333,Washington,2022-03,8,-8,0
15333,Washington,2022-04,7,-7,0
15333,Washington,2022-05,6,-6,0
15333,Washington,2022-06,5,-5,0
15333,Washington,2022-07,4,-4,0
15333,Washington,2022-08,3,-3,0
15333,Washington,2022-09,2,-2,0
15333,Washington,2022-10,1,-1,0
15333,Washington,2022-11,0,0,1
15333,Washington,2022-12,-1,1,0
15334,Greene,2022-01,10,-10,0
15334,Greene,2022-02,9,-9,0
15334,Greene,2022-03,8,-8,0
15334,Greene,2022-04,7,-7,0
15334,Greene,2022-05,6,-6,0
15334,Greene,2022-06,5,-5,0
15334,Greene,2022-07,4,-4,0
15334,Greene,2022-08,3,-3,0
15334,Greene,2022-09,2,-2,0
15334,Greene,2022-10,1,-1,0
15334,Greene,2022-11,0,0,1
15334,Greene,2022-12,-1,1,0
15337,Greene,2022-01,10,-10,0
15337,Greene,2022-02,9,-9,0
15337,Greene,2022-03,8,-8,0
15337,Greene,2022-04,7,-7,0
15337,Greene,2022-05,6,-6,0
15337,Greene,2022-06,5,-5,0
15337,Greene,2022-07,4,-4,0
15337,Greene,2022-08,3,-3,0
15337,Greene,2022-09,2,-2,0
15337,Greene,2022-10,1,-1,0
15337,Greene,2022-11,0,0,1
15337,Greene,2022-12,-1,1,0
15338,Greene,2022-01,10,-10,0
15338,Greene,2022-02,9,-9,0
15338,Greene,2022-03,8,-8,0
15338,Greene,2022-04,7,-7,0
15338,Greene,2022-05,6,-6,0
15338,Greene,2022-06,5,-5,0
15338,Greene,2022-07,4,-4,0
15338,Greene,2022-08,3,-3,0
15338,Greene,2022-09,2,-2,0
15338,Greene,2022-10,1,-1,0
15338,Greene,2022-11,0,0,1
15338,Greene,2022-12,-1,1,0
15340,Washington,2022-01,10,-10,0
15340,Washington,2022-02,9,-9,0
15340,Washington,2022-03,8,-8,0
15340,Washington,2022-04,7,-7,0
15340,Washington,2022-05,6,-6,0
15340,Washington,2022-06,5,-5,0
15340,Washington,2022-07,4,-4,0
15340,Washington,2022-08,3,-3,0
15340,Washington,2022-09,2,-2,0
15340,Washington,2022-10,1,-1,0
15340,Washington,2022-11,0,0,1
15340,Washington,2022-12,-1,1,0
15341,Greene,2022-01,10,-10,0
15341,Greene,2022-02,9,-9,0
15341,Greene,2022-03,8,-8,0
15341,Greene,2022-04,7,-7,0
15341,Greene,2022-05,6,-6,0
15341,Greene,2022-06,5,-5,0
15341,Greene,2022-07,4,-4,0
15341,Greene,2022-08,3,-3,0
15341,Greene,2022-09,2,-2,0
15341,Greene,2022-10,1,-1,0
15341,Greene,2022-11,0,0,1
15341,Greene,2022-12,-1,1,0
15342,Washington,2022-01,10,-10,0
15342,Washington,2022-02,9,-9,0
15342,Washington,2022-03,8,-8,0
15342,Washington,2022-04,7,-7,0
15342,Washington,2022-05,6,-6,0
15342,Washington,2022-06,5,-5,0
15342,Washington,2022-07,4,-4,0
15342,Washington,2022-08,3,-3,0
15342,Washington,2022-09,2,-2,0
15342,Washington,2022-10,1,-1,0
15342,Washington,2022-11,0,0,1
15342,Washington,2022-12,-1,1,0
15344,Greene,2022-01,10,-10,0
15344,Greene,2022-02,9,-9,0
15344,Greene,2022-03,8,-8,0
15344,Greene,2022-04,7,-7,0
15344,Greene,2022-05,6,-6,0
15344,Greene,2022-06,5,-5,0
15344,Greene,2022-07,4,-4,0
15344,Greene,2022-08,3,-3,0
15344,Greene,2022-09,2,-2,0
15344,Greene,2022-10,1,-1,0
15344,Greene,2022-11,0,0,1
15344,Greene,2022-12,-1,1,0
15345,Washington,2022-01,10,-10,0
15345,Washington,2022-02,9,-9,0
15345,Washington,2022-03,8,-8,0
15345,Washington,2022-04,7,-7,0
15345,Washington,2022-05,6,-6,0
15345,Washington,2022-06,5,-5,0
15345,Washington,2022-07,4,-4,0
15345,Washington,2022-08,3,-3,0
15345,Washington,2022-09,2,-2,0
15345,Washington,2022-10,1,-1,0
15345,Washington,2022-11,0,0,1
15345,Washington,2022-12,-1,1,0
15346,Greene,2022-01,10,-10,0
15346,Greene,2022-02,9,-9,0
15346,Greene,2022-03,8,-8,0
15346,Greene,2022-04,7,-7,0
15346,Greene,2022-05,6,-6,0
15346,Greene,2022-06,5,-5,0
15346,Greene,2022-07,4,-4,0
15346,Greene,2022-08,3,-3,0
15346,Greene,2022-09,2,-2,0
15346,Greene,2022-10,1,-1,0
15346,Greene,2022-11,0,0,1
15346,Greene,2022-12,-1,1,0
15347,Washington,2022-01,10,-10,0
15347,Washington,2022-02,9,-9,0
15347,Washington,2022-03,8,-8,0
15347,Washington,2022-04,7,-7,0
15347,Washington,2022-05,6,-6,0
15347,Washington,2022-06,5,-5,0
15347,Washington,2022-07,4,-4,0
15347,Washington,2022-08,3,-3,0
15347,Washington,2022-09,2,-2,0
15347,Washington,2022-10,1,-1,0
15347,Washington,2022-11,0,0,1
15347,Washington,2022-12,-1,1,0
15348,Washington,2022-01,10,-10,0
15348,Washington,2022-02,9,-9,0
15348,Washington,2022-03,8,-8,0
15348,Washington,2022-04,7,-7,0
15348,Washington,2022-05,6,-6,0
15348,Washington,2022-06,5,-5,0
15348,Washington,2022-07,4,-4,0
15348,Washington,2022-08,3,-3,0
15348,Washington,2022-09,2,-2,0
15348,Washington,2022-10,1,-1,0
15348,Washington,2022-11,0,0,1
15348,Washington,2022-12,-1,1,0
15349,Greene,2022-01,10,-10,0
15349,Greene,2022-02,9,-9,0
15349,Greene,2022-03,8,-8,0
15349,Greene,2022-04,7,-7,0
15349,Greene,2022-05,6,-6,0
15349,Greene,2022-06,5,-5,0
15349,Greene,2022-07,4,-4,0
15349,Greene,2022-08,3,-3,0
15349,Greene,2022-09,2,-2,0
15349,Greene,2022-10,1,-1,0
15349,Greene,2022-11,0,0,1
15349,Greene,2022-12,-1,1,0
15350,Washington,2022-01,10,-10,0
15350,Washington,2022-02,9,-9,0
15350,Washington,2022-03,8,-8,0
15350,Washington,2022-04,7,-7,0
15350,Washington,2022-05,6,-6,0
15350,Washington,2022-06,5,-5,0
15350,Washington,2022-07,4,-4,0
15350,Washington,2022-08,3,-3,0
15350,Washington,2022-09,2,-2,0
15350,Washington,2022-10,1,-1,0
15350,Washington,2022-11,0,0,1
15350,Washington,2022-12,-1,1,0
15351,Greene,2022-01,10,-10,0
15351,Greene,2022-02,9,-9,0
15351,Greene,2022-03,8,-8,0
15351,Greene,2022-04,7,-7,0
15351,Greene,2022-05,6,-6,0
15351,Greene,2022-06,5,-5,0
15351,Greene,2022-07,4,-4,0
15351,Greene,2022-08,3,-3,0
15351,Greene,2022-09,2,-2,0
15351,Greene,2022-10,1,-1,0
15351,Greene,2022-11,0,0,1
15351,Greene,2022-12,-1,1,0
15352,Greene,2022-01,10,-10,0
15352,Greene,2022-02,9,-9,0
15352,Greene,2022-03,8,-8,0
15352,Greene,2022-04,7,-7,0
15352,Greene,2022-05,6,-6,0
15352,Greene,2022-06,5,-5,0
15352,Greene,2022-07,4,-4,0
15352,Greene,2022-08,3,-3,0
15352,Greene,2022-09,2,-2,0
15352,Greene,2022-10,1,-1,0
15352,Greene,2022-11,0,0,1
15352,Greene,2022-12,-1,1,0
15353,Greene,2022-01,10,-10,0
15353,Greene,2022-02,9,-9,0
15353,Greene,2022-03,8,-8,0
15353,Greene,2022-04,7,-7,0
15353,Greene,2022-05,6,-6,0
15353,Greene,2022-06,5,-5,0
15353,Greene,2022-07,4,-4,0
15353,Greene,2022-08,3,-3,0
15353,Greene,2022-09,2,-2,0
15353,Greene,2022-10,1,-1,0
15353,Greene,2022-11,0,0,1
15353,Greene,2022-12,-1,1,0
15357,Greene,2022-01,10,-10,0
15357,Greene,2022-02,9,-9,0
15357,Greene,2022-03,8,-8,0
15357,Greene,2022-04,7,-7,0
15357,Greene,2022-05,6,-6,0
15357,Greene,2022-06,5,-5,0
15357,Greene,2022-07,4,-4,0
15357,Greene,2022-08,3,-3,0
15357,Greene,2022-09,2,-2,0
15357,Greene,2022-10,1,-1,0
15357,Greene,2022-11,0,0,1
15357,Greene,2022-12,-1,1,0
15358,Washington,2022-01,10,-10,0
15358,Washington,2022-02,9,-9,0
15358,Washington,2022-03,8,-8,0
15358,Washington,2022-04,7,-7,0
15358,Washington,2022-05,6,-6,0
15358,Washington,2022-06,5,-5,0
15358,Washington,2022-07,4,-4,0
15358,Washington,2022-08,3,-3,0
15358,Washington,2022-09,2,-2,0
15358,Washington,2022-10,1,-1,0
15358,Washington,2022-11,0,0,1
15358,Washington,2022-12,-1,1,0
15359,Greene,2022-01,10,-10,0
15359,Greene,2022-02,9,-9,0
15359,Greene,2022-03,8,-8,0
15359,Greene,2022-04,7,-7,0
15359,Greene,2022-05,6,-6,0
15359,Greene,2022-06,5,-5,0
15359,Greene,2022-07,4,-4,0
15359,Greene,2022-08,3,-3,0
15359,Greene,2022-09,2,-2,0
15359,Greene,2022-10,1,-1,0
15359,Greene,2022-11,0,0,1
15359,Greene,2022-12,-1,1,0
15360,Washington,2022-01,10,-10,0
15360,Washington,2022-02,9,-9,0
15360,Washington,2022-03,8,-8,0
15360,Washington,2022-04,7,-7,0
15360,Washington,2022-05,6,-6,0
15360,Washington,2022-06,5,-5,0
15360,Washington,2022-07,4,-4,0
15360,Washington,2022-08,3,-3,0
15360,Washington,2022-09,2,-2,0
15360,Washington,2022-10,1,-1,0
15360,Washington,2022-11,0,0,1
15360,Washington,2022-12,-1,1,0
15361,Washington,2022-01,10,-10,0
15361,Washington,2022-02,9,-9,0
15361,Washington,2022-03,8,-8,0
15361,Washington,2022-04,7,-7,0
15361,Washington,2022-05,6,-6,0
15361,Washington,2022-06,5,-5,0
15361,Washington,2022-07,4,-4,0
15361,Washington,2022-08,3,-3,0
15361,Washington,2022-09,2,-2,0
15361,Washington,2022-10,1,-1,0
15361,Washington,2022-11,0,0,1
15361,Washington,2022-12,-1,1,0
15362,Greene,2022-01,10,-10,0
15362,Greene,2022-02,9,-9,0
15362,Greene,2022-03,8,-8,0
15362,Greene,2022-04,7,-7,0
15362,Greene,2022-05,6,-6,0
15362,Greene,2022-06,5,-5,0
15362,Greene,2022-07,4,-4,0
15362,Greene,2022-08,3,-3,0
15362,Greene,2022-09,2,-2,0
15362,Greene,2022-10,1,-1,0
15362,Greene,2022-11,0,0,1
15362,Greene,2022-12,-1,1,0
15363,Washington,2022-01,10,-10,0
15363,Washington,2022-02,9,-9,0
15363,Washington,2022-03,8,-8,0
15363,Washington,2022-04,7,-7,0
15363,Washington,2022-05,6,-6,0
15363,Washington,2022-06,5,-5,0
15363,Washington,2022-07,4,-4,0
15363,Washington,2022-08,3,-3,0
15363,Washington,2022-09,2,-2,0
15363,Washington,2022-10,1,-1,0
15363,Washington,2022-11,0,0,1
15363,Washington,2022-12,-1,1,0
15364,Greene,2022-01,10,-10,0
15364,Greene,2022-02,9,-9,0
15364,Greene,2022-03,8,-8,0
15364,Greene,2022-04,7,-7,0
15364,Greene,2022-05,6,-6,0
15364,Greene,2022-06,5,-5,0
15364,Greene,2022-07,4,-4,0
15364,Greene,2022-08,3,-3,0
15364,Greene,2022-09,2,-2,0
15364,Greene,2022-10,1,-1,0
15364,Greene,2022-11,0,0,1
15364,Greene,2022-12,-1,1,0
15365,Washington,2022-01,10,-10,0
15365,Washington,2022-02,9,-9,0
15365,Washington,2022-03,8,-8,0
15365,Washington,2022-04,7,-7,0
15365,Washington,2022-05,6,-6,0
15365,Washington,2022-06,5,-5,0
15365,Washington,2022-07,4,-4,0
15365,Washington,2022-08,3,-3,0
15365,Washington,2022-09,2,-2,0
15365,Washington,2022-10,1,-1,0
15365,Washington,2022-11,0,0,1
15365,Washington,2022-12,-1,1,0
15366,Washington,2022-01,10,-10,0
15366,Washington,2022-02,9,-9,0
15366,Washington,2022-03,8,-8,0
15366,Washington,2022-04,7,-7,0
15366,Washington,2022-05,6,-6,0
15366,Washington,2022-06,5,-5,0
15366,Washington,2022-07,4,-4,0
15366,Washington,2022-08,3,-3,0
15366,Washington,2022-09,2,-2,0
15366,Washington,2022-10,1,-1,0
15366,Washington,2022-11,0,0,1
15366,Washington,2022-12,-1,1,0
15367,Washington,2022-01,10,-10,0
15367,Washington,2022-02,9,-9,0
15367,Washington,2022-03,8,-8,0
15367,Washington,2022-04,7,-7,0
15367,Washington,2022-05,6,-6,0
15367,Washington,2022-06,5,-5,0
15367,Washington,2022-07,4,-4,0
15367,Washington,2022-08,3,-3,0
15367,Washington,2022-09,2,-2,0
15367,Washington,2022-10,1,-1,0
15367,Washington,2022-11,0,0,1
15367,Washington,2022-12,-1,1,0
15368,Washington,2022-01,10,-10,0
15368,Washington,2022-02,9,-9,0
15368,Washington,2022-03,8,-8,0
15368,Washington,2022-04,7,-7,0
15368,Washington,2022-05,6,-6,0
15368,Washington,2022-06,5,-5,0
15368,Washington,2022-07,4,-4,0
15368,Washington,2022-08,3,-3,0
15368,Washington,2022-09,2,-2,0
15368,Washington,2022-10,1,-1,0
15368,Washington,2022-11,0,0,1
15368,Washington,2022-12,-1,1,0
15370,Greene,2022-01,10,-10,0
15370,Greene,2022-02,9,-9,0
15370,Greene,2022-03,8,-8,0
15370,Greene,2022-04,7,-7,0
15370,Greene,2022-05,6,-6,0
15370,Greene,2022-06,5,-5,0
15370,Greene,2022-07,4,-4,0
15370,Greene,2022-08,3,-3,0
15370,Greene,2022-09,2,-2,0
15370,Greene,2022-10,1,-1,0
15370,Greene,2022-11,0,0,1
15370,Greene,2022-12,-1,1,0
15376,Washington,2022-01,10,-10,0
15376,Washington,2022-02,9,-9,0
15376,Washington,2022-03,8,-8,0
15376,Washington,2022-04,7,-7,0
15376,Washington,2022-05,6,-6,0
15376,Washington,2022-06,5,-5,0
15376,Washington,2022-07,4,-4,0
15376,Washington,2022-08,3,-3,0
15376,Washington,2022-09,2,-2,0
15376,Washington,2022-10,1,-1,0
15376,Washington,2022-11,0,0,1
15376,Washington,2022-12,-1,1,0
15377,Washington,2022-01,10,-10,0
15377,Washington,2022-02,9,-9,0
15377,Washington,2022-03,8,-8,0
15377,Washington,2022-04,7,-7,0
15377,Washington,2022-05,6,-6,0
15377,Washington,2022-06,5,-5,0
15377,Washington,2022-07,4,-4,0
15377,Washington,2022-08,3,-3,0
15377,Washington,2022-09,2,-2,0
15377,Washington,2022-10,1,-1,0
15377,Washington,2022-11,0,0,1
15377,Washington,2022-12,-1,1,0
15378,Washington,2022-01,10,-10,0
15378,Washington,2022-02,9,-9,0
15378,Washington,2022-03,8,-8,0
15378,Washington,2022-04,7,-7,0
15378,Washington,2022-05,6,-6,0
15378,Washington,2022-06,5,-5,0
15378,Washington,2022-07,4,-4,0
15378,Washington,2022-08,3,-3,0
15378,Washington,2022-09,2,-2,0
15378,Washington,2022-10,1,-1,0
15378,Washington,2022-11,0,0,1
15378,Washington,2022-12,-1,1,0
15379,Washington,2022-01,10,-10,0
15379,Washington,2022-02,9,-9,0
15379,Washington,2022-03,8,-8,0
15379,Washington,2022-04,7,-7,0
15379,Washington,2022-05,6,-6,0
15379,Washington,2022-06,5,-5,0
15379,Washington,2022-07,4,-4,0
15379,Washington,2022-08,3,-3,0
15379,Washington,2022-09,2,-2,0
15379,Washington,2022-10,1,-1,0
15379,Washington,2022-11,0,0,1
15379,Washington,2022-12,-1,1,0
15380,Greene,2022-01,10,-10,0
15380,Greene,2022-02,9,-9,0
15380,Greene,2022-03,8,-8,0
15380,Greene,2022-04,7,-7,0
15380,Greene,2022-05,6,-6,0
15380,Greene,2022-06,5,-5,0
15380,Greene,2022-07,4,-4,0
15380,Greene,2022-08,3,-3,0
15380,Greene,2022-09,2,-2,0
15380,Greene,2022-10,1,-1,0
15380,Greene,2022-11,0,0,1
15380,Greene,2022-12,-1,1,0
15401,Fayette,2022-01,10,-10,0
15401,Fayette,2022-02,9,-9,0
15401,Fayette,2022-03,8,-8,0
15401,Fayette,2022-04,7,-7,0
15401,Fayette,2022-05,6,-6,0
15401,Fayette,2022-06,5,-5,0
15401,Fayette,2022-07,4,-4,0
15401,Fayette,2022-08,3,-3,0
15401,Fayette,2022-09,2,-2,0
15401,Fayette,2022-10,1,-1,0
15401,Fayette,2022-11,0,0,1
15401,Fayette,2022-12,-1,1,0
15410,Fayette,2022-01,10,-10,0
15410,Fayette,2022-02,9,-9,0
15410,Fayette,2022-03,8,-8,0
15410,Fayette,2022-04,7,-7,0
15410,Fayette,2022-05,6,-6,0
15410,Fayette,2022-06,5,-5,0
15410,Fayette,2022-07,4,-4,0
15410,Fayette,2022-08,3,-3,0
15410,Fayette,2022-09,2,-2,0
15410,Fayette,2022-10,1,-1,0
15410,Fayette,2022-11,0,0,1
15410,Fayette,2022-12,-1,1,0
15411,Somerset,2022-01,10,-10,0
15411,Somerset,2022-02,9,-9,0
15411,Somerset,2022-03,8,-8,0
15411,Somerset,2022-04,7,-7,0
15411,Somerset,2022-05,6,-6,0
15411,Somerset,2022-06,5,-5,0
15411,Somerset,2022-07,4,-4,0
15411,Somerset,2022-08,3,-3,0
15411,Somerset,2022-09,2,-2,0
15411,Somerset,2022-10,1,-1,0
15411,Somerset,2022-11,0,0,1
15411,Somerset,2022-12,-1,1,0
15412,Washington,2022-01,10,-10,0
15412,Washington,2022-02,9,-9,0
15412,Washington,2022-03,8,-8,0
15412,Washington,2022-04,7,-7,0
15412,Washington,2022-05,6,-6,0
15412,Washington,2022-06,5,-5,0
15412,Washington,2022-07,4,-4,0
15412,Washington,2022-08,3,-3,0
15412,Washington,2022-09,2,-2,0
15412,Washington,2022-10,1,-1,0
15412,Washington,2022-11,0,0,1
15412,Washington,2022-12,-1,1,0
15413,Fayette,2022-01,10,-10,0
15413,Fayette,2022-02,9,-9,0
15413,Fayette,2022-03,8,-8,0
15413,Fayette,2022-04,7,-7,0
15413,Fayette,2022-05,6,-6,0
15413,Fayette,2022-06,5,-5,0
15413,Fayette,2022-07,4,-4,0
15413,Fayette,2022-08,3,-3,0
15413,Fayette,2022-09,2,-2,0
15413,Fayette,2022-10,1,-1,0
15413,Fayette,2022-11,0,0,1
15413,Fayette,2022-12,-1,1,0
15416,Fayette,2022-01,10,-10,0
15416,Fayette,2022-02,9,-9,0
15416,Fayette,2022-03,8,-8,0
15416,Fayette,2022-04,7,-7,0
15416,Fayette,2022-05,6,-6,0
15416,Fayette,2022-06,5,-5,0
15416,Fayette,2022-07,4,-4,0
15416,Fayette,2022-08,3,-3,0
15416,Fayette,2022-09,2,-2,0
15416,Fayette,2022-10,1,-1,0
15416,Fayette,2022-11,0,0,1
15416,Fayette,2022-12,-1,1,0
15417,Washington,2022-01,10,-10,0
15417,Washington,2022-02,9,-9,0
15417,Washington,2022-03,8,-8,0
15417,Washington,2022-04,7,-7,0
15417,Washington,2022-05,6,-6,0
15417,Washington,2022-06,5,-5,0
15417,Washington,2022-07,4,-4,0
15417,Washington,2022-08,3,-3,0
15417,Washington,2022-09,2,-2,0
15417,Washington,2022-10,1,-1,0
15417,Washington,2022-11,0,0,1
15417,Washington,2022-12,-1,1,0
15419,Washington,2022-01,10,-10,0
15419,Washington,2022-02,9,-9,0
15419,Washington,2022-03,8,-8,0
15419,Washington,2022-04,7,-7,0
15419,Washington,2022-05,6,-6,0
15419,Washington,2022-06,5,-5,0
15419,Washington,2022-07,4,-4,0
15419,Washington,2022-08,3,-3,0
15419,Washington,2022-09,2,-2,0
15419,Washington,2022-10,1,-1,0
15419,Washington,2022-11,0,0,1
15419,Washington,2022-12,-1,1,0
15420,Fayette,2022-01,10,-10,0
15420,Fayette,2022-02,9,-9,0
15420,Fayette,2022-03,8,-8,0
15420,Fayette,2022-04,7,-7,0
15420,Fayette,2022-05,6,-6,0
15420,Fayette,2022-06,5,-5,0
15420,Fayette,2022-07,4,-4,0
15420,Fayette,2022-08,3,-3,0
15420,Fayette,2022-09,2,-2,0
15420,Fayette,2022-10,1,-1,0
15420,Fayette,2022-11,0,0,1
15420,Fayette,2022-12,-1,1,0
15421,Fayette,2022-01,10,-10,0
15421,Fayette,2022-02,9,-9,0
15421,Fayette,2022-03,8,-8,0
15421,Fayette,2022-04,7,-7,0
15421,Fayette,2022-05,6,-6,0
15421,Fayette,2022-06,5,-5,0
15421,Fayette,2022-07,4,-4,0
15421,Fayette,2022-08,3,-3,0
15421,Fayette,2022-09,2,-2,0
15421,Fayette,2022-10,1,-1,0
15421,Fayette,2022-11,0,0,1
15421,Fayette,2022-12,-1,1,0
15422,Fayette,2022-01,10,-10,0
15422,Fayette,2022-02,9,-9,0
15422,Fayette,2022-03,8,-8,0
15422,Fayette,2022-04,7,-7,0
15422,Fayette,2022-05,6,-6,0
15422,Fayette,2022-06,5,-5,0
15422,Fayette,2022-07,4,-4,0
15422,Fayette,2022-08,3,-3,0
15422,Fayette,2022-09,2,-2,0
15422,Fayette,2022-10,1,-1,0
15422,Fayette,2022-11,0,0,1
15422,Fayette,2022-12,-1,1,0
15423,Washington,2022-01,10,-10,0
15423,Washington,2022-02,9,-9,0
15423,Washington,2022-03,8,-8,0
15423,Washington,2022-04,7,-7,0
15423,Washington,2022-05,6,-6,0
15423,Washington,2022-06,5,-5,0
15423,Washington,2022-07,4,-4,0
15423,Washington,2022-08,3,-3,0
15423,Washington,2022-09,2,-2,0
15423,Washington,2022-10,1,-1,0
15423,Washington,2022-11,0,0,1
15423,Washington,2022-12,-1,1,0
15424,Somerset,2022-01,10,-10,0
15424,Somerset,2022-02,9,-9,0
15424,Somerset,2022-03,8,-8,0
15424,Somerset,2022-04,7,-7,0
15424,Somerset,2022-05,6,-6,0
15424,Somerset,2022-06,5,-5,0
15424,Somerset,2022-07,4,-4,0
15424,Somerset,2022-08,3,-3,0
15424,Somerset,2022-09,2,-2,0
15424,Somerset,2022-10,1,-1,0
15424,Somerset,2022-11,0,0,1
15424,Somerset,2022-12,-1,1,0
15425,Fayette,2022-01,10,-10,0
15425,Fayette,2022-02,9,-9,0
15425,Fayette,2022-03,8,-8,0
15425,Fayette,2022-04,7,-7,0
15425,Fayette,2022-05,6,-6,0
15425,Fayette,2022-06,5,-5,0
15425,Fayette,2022-07,4,-4,0
15425,Fayette,2022-08,3,-3,0
15425,Fayette,2022-09,2,-2,0
15425,Fayette,2022-10,1,-1,0
15425,Fayette,2022-11,0,0,1
15425,Fayette,2022-12,-1,1,0
15427,Washington,2022-01,10,-10,0
15427,Washington,2022-02,9,-9,0
15427,Washington,2022-03,8,-8,0
15427,Washington,2022-04,7,-7,0
15427,Washington,2022-05,6,-6,0
15427,Washington,2022-06,5,-5,0
15427,Washington,2022-07,4,-4,0
15427,Washington,2022-08,3,-3,0
15427,Washington,2022-09,2,-2,0
15427,Washington,2022-10,1,-1,0
15427,Washington,2022-11,0,0,1
15427,Washington,2022-12,-1,1,0
15428,Fayette,2022-01,10,-10,0
15428,Fayette,2022-02,9,-9,0
15428,Fayette,2022-03,8,-8,0
15428,Fayette,2022-04,7,-7,0
15428,Fayette,2022-05,6,-6,0
15428,Fayette,2022-06,5,-5,0
15428,Fayette,2022-07,4,-4,0
15428,Fayette,2022-08,3,-3,0
15428,Fayette,2022-09,2,-2,0
15428,Fayette,2022-10,1,-1,0
15428,Fayette,2022-11,0,0,1
15428,Fayette,2022-12,-1,1,0
15429,Washington,2022-01,10,-10,0
15429,Washington,2022-02,9,-9,0
15429,Washington,2022-03,8,-8,0
15429,Washington,2022-04,7,-7,0
15429,Washington,2022-05,6,-6,0
15429,Washington,2022-06,5,-5,0
15429,Washington,2022-07,4,-4,0
15429,Washington,2022-08,3,-3,0
15429,Washington,2022-09,2,-2,0
15429,Washington,2022-10,1,-1,0
15429,Washington,2022-11,0,0,1
15429,Washington,2022-12,-1,1,0
15430,Fayette,2022-01,10,-10,0
15430,Fayette,2022-02,9,-9,0
15430,Fayette,2022-03,8,-8,0
15430,Fayette,2022-04,7,-7,0
15430,Fayette,2022-05,6,-6,0
15430,Fayette,2022-06,5,-5,0
15430,Fayette,2022-07,4,-4,0
15430,Fayette,2022-08,3,-3,0
15430,Fayette,2022-09,2,-2,0
15430,Fayette,2022-10,1,-1,0
15430,Fayette,2022-11,0,0,1
15430,Fayette,2022-12,-1,1,0
15431,Fayette,2022-01,10,-10,0
15431,Fayette,2022-02,9,-9,0
15431,Fayette,2022-03,8,-8,0
15431,Fayette,2022-04,7,-7,0
15431,Fayette,2022-05,6,-6,0
15431,Fayette,2022-06,5,-5,0
15431,Fayette,2022-07,4,-4,0
15431,Fayette,2022-08,3,-3,0
15431,Fayette,2022-09,2,-2,0
15431,Fayette,2022-10,1,-1,0
15431,Fayette,2022-11,0,0,1
15431,Fayette,2022-12,-1,1,0
15432,Washington,2022-01,10,-10,0
15432,Washington,2022-02,9,-9,0
15432,Washington,2022-03,8,-8,0
15432,Washington,2022-04,7,-7,0
15432,Washington,2022-05,6,-6,0
15432,Washington,2022-06,5,-5,0
15432,Washington,2022-07,4,-4,0
15432,Washington,2022-08,3,-3,0
15432,Washington,2022-09,2,-2,0
15432,Washington,2022-10,1,-1,0
15432,Washington,2022-11,0,0,1
15432,Washington,2022-12,-1,1,0
15433,Fayette,2022-01,10,-10,0
15433,Fayette,2022-02,9,-9,0
15433,Fayette,2022-03,8,-8,0
15433,Fayette,2022-04,7,-7,0
15433,Fayette,2022-05,6,-6,0
15433,Fayette,2022-06,5,-5,0
15433,Fayette,2022-07,4,-4,0
15433,Fayette,2022-08,3,-3,0
15433,Fayette,2022-09,2,-2,0
15433,Fayette,2022-10,1,-1,0
15433,Fayette,2022-11,0,0,1
15433,Fayette,2022-12,-1,1,0
15434,Washington,2022-01,10,-10,0
15434,Washington,2022-02,9,-9,0
15434,Washington,2022-03,8,-8,0
15434,Washington,2022-04,7,-7,0
15434,Washington,2022-05,6,-6,0
15434,Washington,2022-06,5,-5,0
15434,Washington,2022-07,4,-4,0
15434,Washington,2022-08,3,-3,0
15434,Washington,2022-09,2,-2,0
15434,Washington,2022-10,1,-1,0
15434,Washington,2022-11,0,0,1
15434,Washington,2022-12,-1,1,0
15435,Fayette,2022-01,10,-10,0
15435,Fayette,2022-02,9,-9,0
15435,Fayette,2022-03,8,-8,0
15435,Fayette,2022-04,7,-7,0
15435,Fayette,2022-05,6,-6,0
15435,Fayette,2022-06,5,-5,0
15435,Fayette,2022-07,4,-4,0
15435,Fayette,2022-08,3,-3,0
15435,Fayette,2022-09,2,-2,0
15435,Fayette,2022-10,1,-1,0
15435,Fayette,2022-11,0,0,1
15435,Fayette,2022-12,-1,1,0
15436,Fayette,2022-01,10,-10,0
15436,Fayette,2022-02,9,-9,0
15436,Fayette,2022-03,8,-8,0
15436,Fayette,2022-04,7,-7,0
15436,Fayette,2022-05,6,-6,0
15436,Fayette,2022-06,5,-5,0
15436,Fayette,2022-07,4,-4,0
15436,Fayette,2022-08,3,-3,0
15436,Fayette,2022-09,2,-2,0
15436,Fayette,2022-10,1,-1,0
15436,Fayette,2022-11,0,0,1
15436,Fayette,2022-12,-1,1,0
15437,Fayette,2022-01,10,-10,0
15437,Fayette,2022-02,9,-9,0
15437,Fayette,2022-03,8,-8,0
15437,Fayette,2022-04,7,-7,0
15437,Fayette,2022-05,6,-6,0
15437,Fayette,2022-06,5,-5,0
15437,Fayette,2022-07,4,-4,0
15437,Fayette,2022-08,3,-3,0
15437,Fayette,2022-09,2,-2,0
15437,Fayette,2022-10,1,-1,0
15437,Fayette,2022-11,0,0,1
15437,Fayette,2022-12,-1,1,0
15438,Fayette,2022-01,10,-10,0
15438,Fayette,2022-02,9,-9,0
15438,Fayette,2022-03,8,-8,0
15438,Fayette,2022-04,7,-7,0
15438,Fayette,2022-05,6,-6,0
15438,Fayette,2022-06,5,-5,0
15438,Fayette,2022-07,4,-4,0
15438,Fayette,2022-08,3,-3,0
15438,Fayette,2022-09,2,-2,0
15438,Fayette,2022-10,1,-1,0
15438,Fayette,2022-11,0,0,1
15438,Fayette,2022-12,-1,1,0
15440,Fayette,2022-01,10,-10,0
15440,Fayette,2022-02,9,-9,0
15440,Fayette,2022-03,8,-8,0
15440,Fayette,2022-04,7,-7,0
15440,Fayette,2022-05,6,-6,0
15440,Fayette,2022-06,5,-5,0
15440,Fayette,2022-07,4,-4,0
15440,Fayette,2022-08,3,-3,0
15440,Fayette,2022-09,2,-2,0
15440,Fayette,2022-10,1,-1,0
15440,Fayette,2022-11,0,0,1
15440,Fayette,2022-12,-1,1,0
15442,Fayette,2022-01,10,-10,0
15442,Fayette,2022-02,9,-9,0
15442,Fayette,2022-03,8,-8,0
15442,Fayette,2022-04,7,-7,0
15442,Fayette,2022-05,6,-6,0
15442,Fayette,2022-06,5,-5,0
15442,Fayette,2022-07,4,-4,0
15442,Fayette,2022-08,3,-3,0
15442,Fayette,2022-09,2,-2,0
15442,Fayette,2022-10,1,-1,0
15442,Fayette,2022-11,0,0,1
15442,Fayette,2022-12,-1,1,0
15443,Fayette,2022-01,10,-10,0
15443,Fayette,2022-02,9,-9,0
15443,Fayette,2022-03,8,-8,0
15443,Fayette,2022-04,7,-7,0
15443,Fayette,2022-05,6,-6,0
15443,Fayette,2022-06,5,-5,0
15443,Fayette,2022-07,4,-4,0
15443,Fayette,2022-08,3,-3,0
15443,Fayette,2022-09,2,-2,0
15443,Fayette,2022-10,1,-1,0
15443,Fayette,2022-11,0,0,1
15443,Fayette,2022-12,-1,1,0
15444,Fayette,2022-01,10,-10,0
15444,Fayette,2022-02,9,-9,0
15444,Fayette,2022-03,8,-8,0
15444,Fayette,2022-04,7,-7,0
15444,Fayette,2022-05,6,-6,0
15444,Fayette,2022-06,5,-5,0
15444,Fayette,2022-07,4,-4,0
15444,Fayette,2022-08,3,-3,0
15444,Fayette,2022-09,2,-2,0
15444,Fayette,2022-10,1,-1,0
15444,Fayette,2022-11,0,0,1
15444,Fayette,2022-12,-1,1,0
15445,Fayette,2022-01,10,-10,0
15445,Fayette,2022-02,9,-9,0
15445,Fayette,2022-03,8,-8,0
15445,Fayette,2022-04,7,-7,0
15445,Fayette,2022-05,6,-6,0
15445,Fayette,2022-06,5,-5,0
15445,Fayette,2022-07,4,-4,0
15445,Fayette,2022-08,3,-3,0
15445,Fayette,2022-09,2,-2,0
15445,Fayette,2022-10,1,-1,0
15445,Fayette,2022-11,0,0,1
15445,Fayette,2022-12,-1,1,0
15446,Fayette,2022-01,10,-10,0
15446,Fayette,2022-02,9,-9,0
15446,Fayette,2022-03,8,-8,0
15446,Fayette,2022-04,7,-7,0
15446,Fayette,2022-05,6,-6,0
15446,Fayette,2022-06,5,-5,0
15446,Fayette,2022-07,4,-4,0
15446,Fayette,2022-08,3,-3,0
15446,Fayette,2022-09,2,-2,0
15446,Fayette,2022-10,1,-1,0
15446,Fayette,2022-11,0,0,1
15446,Fayette,2022-12,-1,1,0
15447,Fayette,2022-01,10,-10,0
15447,Fayette,2022-02,9,-9,0
15447,Fayette,2022-03,8,-8,0
15447,Fayette,2022-04,7,-7,0
15447,Fayette,2022-05,6,-6,0
15447,Fayette,2022-06,5,-5,0
15447,Fayette,2022-07,4,-4,0
15447,Fayette,2022-08,3,-3,0
15447,Fayette,2022-09,2,-2,0
15447,Fayette,2022-10,1,-1,0
15447,Fayette,2022-11,0,0,1
15447,Fayette,2022-12,-1,1,0
15448,Westmoreland,2022-01,10,-10,0
15448,Westmoreland,2022-02,9,-9,0
15448,Westmoreland,2022-03,8,-8,0
15448,Westmoreland,2022-04,7,-7,0
15448,Westmoreland,2022-05,6,-6,0
15448,Westmoreland,2022-06,5,-5,0
15448,Westmoreland,2022-07,4,-4,0
15448,Westmoreland,2022-08,3,-3,0
15448,Westmoreland,2022-09,2,-2,0
15448,Westmoreland,2022-10,1,-1,0
15448,Westmoreland,2022-11,0,0,1
15448,Westmoreland,2022-12,-1,1,0
15449,Fayette,2022-01,10,-10,0
15449,Fayette,2022-02,9,-9,0
15449,Fayette,2022-03,8,-8,0
15449,Fayette,2022-04,7,-7,0
15449,Fayette,2022-05,6,-6,0
15449,Fayette,2022-06,5,-5,0
15449,Fayette,2022-07,4,-4,0
15449,Fayette,2022-08,3,-3,0
15449,Fayette,2022-09,2,-2,0
15449,Fayette,2022-10,1,-1,0
15449,Fayette,2022-11,0,0,1
15449,Fayette,2022-12,-1,1,0
15450,Fayette,2022-01,10,-10,0
15450,Fayette,2022-02,9,-9,0
15450,Fayette,2022-03,8,-8,0
15450,Fayette,2022-04,7,-7,0
15450,Fayette,2022-05,6,-6,0
15450,Fayette,2022-06,5,-5,0
15450,Fayette,2022-07,4,-4,0
15450,Fayette,2022-08,3,-3,0
15450,Fayette,2022-09,2,-2,0
15450,Fayette,2022-10,1,-1,0
15450,Fayette,2022-11,0,0,1
15450,Fayette,2022-12,-1,1,0
15451,Fayette,2022-01,10,-10,0
15451,Fayette,2022-02,9,-9,0
15451,Fayette,2022-03,8,-8,0
15451,Fayette,2022-04,7,-7,0
15451,Fayette,2022-05,6,-6,0
15451,Fayette,2022-06,5,-5,0
15451,Fayette,2022-07,4,-4,0
15451,Fayette,2022-08,3,-3,0
15451,Fayette,2022-09,2,-2,0
15451,Fayette,2022-10,1,-1,0
15451,Fayette,2022-11,0,0,1
15451,Fayette,2022-12,-1,1,0
15454,Fayette,2022-01,10,-10,0
15454,Fayette,2022-02,9,-9,0
15454,Fayette,2022-03,8,-8,0
15454,Fayette,2022-04,7,-7,0
15454,Fayette,2022-05,6,-6,0
15454,Fayette,2022-06,5,-5,0
15454,Fayette,2022-07,4,-4,0
15454,Fayette,2022-08,3,-3,0
15454,Fayette,2022-09,2,-2,0
15454,Fayette,2022-10,1,-1,0
15454,Fayette,2022-11,0,0,1
15454,Fayette,2022-12,-1,1,0
15455,Fayette,2022-01,10,-10,0
15455,Fayette,2022-02,9,-9,0
15455,Fayette,2022-03,8,-8,0
15455,Fayette,2022-04,7,-7,0
15455,Fayette,2022-05,6,-6,0
15455,Fayette,2022-06,5,-5,0
15455,Fayette,2022-07,4,-4,0
15455,Fayette,2022-08,3,-3,0
15455,Fayette,2022-09,2,-2,0
15455,Fayette,2022-10,1,-1,0
15455,Fayette,2022-11,0,0,1
15455,Fayette,2022-12,-1,1,0
15456,Fayette,2022-01,10,-10,0
15456,Fayette,2022-02,9,-9,0
15456,Fayette,2022-03,8,-8,0
15456,Fayette,2022-04,7,-7,0
15456,Fayette,2022-05,6,-6,0
15456,Fayette,2022-06,5,-5,0
15456,Fayette,2022-07,4,-4,0
15456,Fayette,2022-08,3,-3,0
15456,Fayette,2022-09,2,-2,0
15456,Fayette,2022-10,1,-1,0
15456,Fayette,2022-11,0,0,1
15456,Fayette,2022-12,-1,1,0
15458,Fayette,2022-01,10,-10,0
15458,Fayette,2022-02,9,-9,0
15458,Fayette,2022-03,8,-8,0
15458,Fayette,2022-04,7,-7,0
15458,Fayette,2022-05,6,-6,0
15458,Fayette,2022-06,5,-5,0
15458,Fayette,2022-07,4,-4,0
15458,Fayette,2022-08,3,-3,0
15458,Fayette,2022-09,2,-2,0
15458,Fayette,2022-10,1,-1,0
15458,Fayette,2022-11,0,0,1
15458,Fayette,2022-12,-1,1,0
15459,Fayette,2022-01,10,-10,0
15459,Fayette,2022-02,9,-9,0
15459,Fayette,2022-03,8,-8,0
15459,Fayette,2022-04,7,-7,0
15459,Fayette,2022-05,6,-6,0
15459,Fayette,2022-06,5,-5,0
15459,Fayette,2022-07,4,-4,0
15459,Fayette,2022-08,3,-3,0
15459,Fayette,2022-09,2,-2,0
15459,Fayette,2022-10,1,-1,0
15459,Fayette,2022-11,0,0,1
15459,Fayette,2022-12,-1,1,0
15460,Fayette,2022-01,10,-10,0
15460,Fayette,2022-02,9,-9,0
15460,Fayette,2022-03,8,-8,0
15460,Fayette,2022-04,7,-7,0
15460,Fayette,2022-05,6,-6,0
15460,Fayette,2022-06,5,-5,0
15460,Fayette,2022-07,4,-4,0
15460,Fayette,2022-08,3,-3,0
15460,Fayette,2022-09,2,-2,0
15460,Fayette,2022-10,1,-1,0
15460,Fayette,2022-11,0,0,1
15460,Fayette,2022-12,-1,1,0
15461,Fayette,2022-01,10,-10,0
15461,Fayette,2022-02,9,-9,0
15461,Fayette,2022-03,8,-8,0
15461,Fayette,2022-04,7,-7,0
15461,Fayette,2022-05,6,-6,0
15461,Fayette,2022-06,5,-5,0
15461,Fayette,2022-07,4,-4,0
15461,Fayette,2022-08,3,-3,0
15461,Fayette,2022-09,2,-2,0
15461,Fayette,2022-10,1,-1,0
15461,Fayette,2022-11,0,0,1
15461,Fayette,2022-12,-1,1,0
15462,Fayette,2022-01,10,-10,0
15462,Fayette,2022-02,9,-9,0
15462,Fayette,2022-03,8,-8,0
15462,Fayette,2022-04,7,-7,0
15462,Fayette,2022-05,6,-6,0
15462,Fayette,2022-06,5,-5,0
15462,Fayette,2022-07,4,-4,0
15462,Fayette,2022-08,3,-3,0
15462,Fayette,2022-09,2,-2,0
15462,Fayette,2022-10,1,-1,0
15462,Fayette,2022-11,0,0,1
15462,Fayette,2022-12,-1,1,0
15463,Fayette,2022-01,10,-10,0
15463,Fayette,2022-02,9,-9,0
15463,Fayette,2022-03,8,-8,0
15463,Fayette,2022-04,7,-7,0
15463,Fayette,2022-05,6,-6,0
15463,Fayette,2022-06,5,-5,0
15463,Fayette,2022-07,4,-4,0
15463,Fayette,2022-08,3,-3,0
15463,Fayette,2022-09,2,-2,0
15463,Fayette,2022-10,1,-1,0
15463,Fayette,2022-11,0,0,1
15463,Fayette,2022-12,-1,1,0
15464,Fayette,2022-01,10,-10,0
15464,Fayette,2022-02,9,-9,0
15464,Fayette,2022-03,8,-8,0
15464,Fayette,2022-04,7,-7,0
15464,Fayette,2022-05,6,-6,0
15464,Fayette,2022-06,5,-5,0
15464,Fayette,2022-07,4,-4,0
15464,Fayette,2022-08,3,-3,0
15464,Fayette,2022-09,2,-2,0
15464,Fayette,2022-10,1,-1,0
15464,Fayette,2022-11,0,0,1
15464,Fayette,2022-12,-1,1,0
15465,Fayette,2022-01,10,-10,0
15465,Fayette,2022-02,9,-9,0
15465,Fayette,2022-03,8,-8,0
15465,Fayette,2022-04,7,-7,0
15465,Fayette,2022-05,6,-6,0
15465,Fayette,2022-06,5,-5,0
15465,Fayette,2022-07,4,-4,0
15465,Fayette,2022-08,3,-3,0
15465,Fayette,2022-09,2,-2,0
15465,Fayette,2022-10,1,-1,0
15465,Fayette,2022-11,0,0,1
15465,Fayette,2022-12,-1,1,0
15466,Fayette,2022-01,10,-10,0
15466,Fayette,2022-02,9,-9,0
15466,Fayette,2022-03,8,-8,0
15466,Fayette,2022-04,7,-7,0
15466,Fayette,2022-05,6,-6,0
15466,Fayette,2022-06,5,-5,0
15466,Fayette,2022-07,4,-4,0
15466,Fayette,2022-08,3,-3,0
15466,Fayette,2022-09,2,-2,0
15466,Fayette,2022-10,1,-1,0
15466,Fayette,2022-11,0,0,1
15466,Fayette,2022-12,-1,1,0
15467,Fayette,2022-01,10,-10,0
15467,Fayette,2022-02,9,-9,0
15467,Fayette,2022-03,8,-8,0
15467,Fayette,2022-04,7,-7,0
15467,Fayette,2022-05,6,-6,0
15467,Fayette,2022-06,5,-5,0
15467,Fayette,2022-07,4,-4,0
15467,Fayette,2022-08,3,-3,0
15467,Fayette,2022-09,2,-2,0
15467,Fayette,2022-10,1,-1,0
15467,Fayette,2022-11,0,0,1
15467,Fayette,2022-12,-1,1,0
15468,Fayette,2022-01,10,-10,0
15468,Fayette,2022-02,9,-9,0
15468,Fayette,2022-03,8,-8,0
15468,Fayette,2022-04,7,-7,0
15468,Fayette,2022-05,6,-6,0
15468,Fayette,2022-06,5,-5,0
15468,Fayette,2022-07,4,-4,0
15468,Fayette,2022-08,3,-3,0
15468,Fayette,2022-09,2,-2,0
15468,Fayette,2022-10,1,-1,0
15468,Fayette,2022-11,0,0,1
15468,Fayette,2022-12,-1,1,0
15469,Fayette,2022-01,10,-10,0
15469,Fayette,2022-02,9,-9,0
15469,Fayette,2022-03,8,-8,0
15469,Fayette,2022-04,7,-7,0
15469,Fayette,2022-05,6,-6,0
15469,Fayette,2022-06,5,-5,0
15469,Fayette,2022-07,4,-4,0
15469,Fayette,2022-08,3,-3,0
15469,Fayette,2022-09,2,-2,0
15469,Fayette,2022-10,1,-1,0
15469,Fayette,2022-11,0,0,1
15469,Fayette,2022-12,-1,1,0
15470,Fayette,2022-01,10,-10,0
15470,Fayette,2022-02,9,-9,0
15470,Fayette,2022-03,8,-8,0
15470,Fayette,2022-04,7,-7,0
15470,Fayette,2022-05,6,-6,0
15470,Fayette,2022-06,5,-5,0
15470,Fayette,2022-07,4,-4,0
15470,Fayette,2022-08,3,-3,0
15470,Fayette,2022-09,2,-2,0
15470,Fayette,2022-10,1,-1,0
15470,Fayette,2022-11,0,0,1
15470,Fayette,2022-12,-1,1,0
15472,Fayette,2022-01,10,-10,0
15472,Fayette,2022-02,9,-9,0
15472,Fayette,2022-03,8,-8,0
15472,Fayette,2022-04,7,-7,0
15472,Fayette,2022-05,6,-6,0
15472,Fayette,2022-06,5,-5,0
15472,Fayette,2022-07,4,-4,0
15472,Fayette,2022-08,3,-3,0
15472,Fayette,2022-09,2,-2,0
15472,Fayette,2022-10,1,-1,0
15472,Fayette,2022-11,0,0,1
15472,Fayette,2022-12,-1,1,0
15473,Fayette,2022-01,10,-10,0
15473,Fayette,2022-02,9,-9,0
15473,Fayette,2022-03,8,-8,0
15473,Fayette,2022-04,7,-7,0
15473,Fayette,2022-05,6,-6,0
15473,Fayette,2022-06,5,-5,0
15473,Fayette,2022-07,4,-4,0
15473,Fayette,2022-08,3,-3,0
15473,Fayette,2022-09,2,-2,0
15473,Fayette,2022-10,1,-1,0
15473,Fayette,2022-11,0,0,1
15473,Fayette,2022-12,-1,1,0
15474,Fayette,2022-01,10,-10,0
15474,Fayette,2022-02,9,-9,0
15474,Fayette,2022-03,8,-8,0
15474,Fayette,2022-04,7,-7,0
15474,Fayette,2022-05,6,-6,0
15474,Fayette,2022-06,5,-5,0
15474,Fayette,2022-07,4,-4,0
15474,Fayette,2022-08,3,-3,0
15474,Fayette,2022-09,2,-2,0
15474,Fayette,2022-10,1,-1,0
15474,Fayette,2022-11,0,0,1
15474,Fayette,2022-12,-1,1,0
15475,Fayette,2022-01,10,-10,0
15475,Fayette,2022-02,9,-9,0
15475,Fayette,2022-03,8,-8,0
15475,Fayette,2022-04,7,-7,0
15475,Fayette,2022-05,6,-6,0
15475,Fayette,2022-06,5,-5,0
15475,Fayette,2022-07,4,-4,0
15475,Fayette,2022-08,3,-3,0
15475,Fayette,2022-09,2,-2,0
15475,Fayette,2022-10,1,-1,0
15475,Fayette,2022-11,0,0,1
15475,Fayette,2022-12,-1,1,0
15476,Fayette,2022-01,10,-10,0
15476,Fayette,2022-02,9,-9,0
15476,Fayette,2022-03,8,-8,0
15476,Fayette,2022-04,7,-7,0
15476,Fayette,2022-05,6,-6,0
15476,Fayette,2022-06,5,-5,0
15476,Fayette,2022-07,4,-4,0
15476,Fayette,2022-08,3,-3,0
15476,Fayette,2022-09,2,-2,0
15476,Fayette,2022-10,1,-1,0
15476,Fayette,2022-11,0,0,1
15476,Fayette,2022-12,-1,1,0
15477,Washington,2022-01,10,-10,0
15477,Washington,2022-02,9,-9,0
15477,Washington,2022-03,8,-8,0
15477,Washington,2022-04,7,-7,0
15477,Washington,2022-05,6,-6,0
15477,Washington,2022-06,5,-5,0
15477,Washington,2022-07,4,-4,0
15477,Washington,2022-08,3,-3,0
15477,Washington,2022-09,2,-2,0
15477,Washington,2022-10,1,-1,0
15477,Washington,2022-11,0,0,1
15477,Washington,2022-12,-1,1,0
15478,Fayette,2022-01,10,-10,0
15478,Fayette,2022-02,9,-9,0
15478,Fayette,2022-03,8,-8,0
15478,Fayette,2022-04,7,-7,0
15478,Fayette,2022-05,6,-6,0
15478,Fayette,2022-06,5,-5,0
15478,Fayette,2022-07,4,-4,0
15478,Fayette,2022-08,3,-3,0
15478,Fayette,2022-09,2,-2,0
15478,Fayette,2022-10,1,-1,0
15478,Fayette,2022-11,0,0,1
15478,Fayette,2022-12,-1,1,0
15479,Westmoreland,2022-01,10,-10,0
15479,Westmoreland,2022-02,9,-9,0
15479,Westmoreland,2022-03,8,-8,0
15479,Westmoreland,2022-04,7,-7,0
15479,Westmoreland,2022-05,6,-6,0
15479,Westmoreland,2022-06,5,-5,0
15479,Westmoreland,2022-07,4,-4,0
15479,Westmoreland,2022-08,3,-3,0
15479,Westmoreland,2022-09,2,-2,0
15479,Westmoreland,2022-10,1,-1,0
15479,Westmoreland,2022-11,0,0,1
15479,Westmoreland,2022-12,-1,1,0
15480,Fayette,2022-01,10,-10,0
15480,Fayette,2022-02,9,-9,0
15480,Fayette,2022-03,8,-8,0
15480,Fayette,2022-04,7,-7,0
15480,Fayette,2022-05,6,-6,0
15480,Fayette,2022-06,5,-5,0
15480,Fayette,2022-07,4,-4,0
15480,Fayette,2022-08,3,-3,0
15480,Fayette,2022-09,2,-2,0
15480,Fayette,2022-10,1,-1,0
15480,Fayette,2022-11,0,0,1
15480,Fayette,2022-12,-1,1,0
15482,Fayette,2022-01,10,-10,0
15482,Fayette,2022-02,9,-9,0
15482,Fayette,2022-03,8,-8,0
15482,Fayette,2022-04,7,-7,0
15482,Fayette,2022-05,6,-6,0
15482,Fayette,2022-06,5,-5,0
15482,Fayette,2022-07,4,-4,0
15482,Fayette,2022-08,3,-3,0
15482,Fayette,2022-09,2,-2,0
15482,Fayette,2022-10,1,-1,0
15482,Fayette,2022-11,0,0,1
15482,Fayette,2022-12,-1,1,0
15483,Washington,2022-01,10,-10,0
15483,Washington,2022-02,9,-9,0
15483,Washington,2022-03,8,-8,0
15483,Washington,2022-04,7,-7,0
15483,Washington,2022-05,6,-6,0
15483,Washington,2022-06,5,-5,0
15483,Washington,2022-07,4,-4,0
15483,Washington,2022-08,3,-3,0
15483,Washington,2022-09,2,-2,0
15483,Washington,2022-10,1,-1,0
15483,Washington,2022-11,0,0,1
15483,Washington,2022-12,-1,1,0
15484,Fayette,2022-01,10,-10,0
15484,Fayette,2022-02,9,-9,0
15484,Fayette,2022-03,8,-8,0
15484,Fayette,2022-04,7,-7,0
15484,Fayette,2022-05,6,-6,0
15484,Fayette,2022-06,5,-5,0
15484,Fayette,2022-07,4,-4,0
15484,Fayette,2022-08,3,-3,0
15484,Fayette,2022-09,2,-2,0
15484,Fayette,2022-10,1,-1,0
15484,Fayette,2022-11,0,0,1
15484,Fayette,2022-12,-1,1,0
15486,Fayette,2022-01,10,-10,0
15486,Fayette,2022-02,9,-9,0
15486,Fayette,2022-03,8,-8,0
15486,Fayette,2022-04,7,-7,0
15486,Fayette,2022-05,6,-6,0
15486,Fayette,2022-06,5,-5,0
15486,Fayette,2022-07,4,-4,0
15486,Fayette,2022-08,3,-3,0
15486,Fayette,2022-09,2,-2,0
15486,Fayette,2022-10,1,-1,0
15486,Fayette,2022-11,0,0,1
15486,Fayette,2022-12,-1,1,0
15488,Fayette,2022-01,10,-10,0
15488,Fayette,2022-02,9,-9,0
15488,Fayette,2022-03,8,-8,0
15488,Fayette,2022-04,7,-7,0
15488,Fayette,2022-05,6,-6,0
15488,Fayette,2022-06,5,-5,0
15488,Fayette,2022-07,4,-4,0
15488,Fayette,2022-08,3,-3,0
15488,Fayette,2022-09,2,-2,0
15488,Fayette,2022-10,1,-1,0
15488,Fayette,2022-11,0,0,1
15488,Fayette,2022-12,-1,1,0
15489,Fayette,2022-01,10,-10,0
15489,Fayette,2022-02,9,-9,0
15489,Fayette,2022-03,8,-8,0
15489,Fayette,2022-04,7,-7,0
15489,Fayette,2022-05,6,-6,0
15489,Fayette,2022-06,5,-5,0
15489,Fayette,2022-07,4,-4,0
15489,Fayette,2022-08,3,-3,0
15489,Fayette,2022-09,2,-2,0
15489,Fayette,2022-10,1,-1,0
15489,Fayette,2022-11,0,0,1
15489,Fayette,2022-12,-1,1,0
15490,Fayette,2022-01,10,-10,0
15490,Fayette,2022-02,9,-9,0
15490,Fayette,2022-03,8,-8,0
15490,Fayette,2022-04,7,-7,0
15490,Fayette,2022-05,6,-6,0
15490,Fayette,2022-06,5,-5,0
15490,Fayette,2022-07,4,-4,0
15490,Fayette,2022-08,3,-3,0
15490,Fayette,2022-09,2,-2,0
15490,Fayette,2022-10,1,-1,0
15490,Fayette,2022-11,0,0,1
15490,Fayette,2022-12,-1,1,0
15492,Fayette,2022-01,10,-10,0
15492,Fayette,2022-02,9,-9,0
15492,Fayette,2022-03,8,-8,0
15492,Fayette,2022-04,7,-7,0
15492,Fayette,2022-05,6,-6,0
15492,Fayette,2022-06,5,-5,0
15492,Fayette,2022-07,4,-4,0
15492,Fayette,2022-08,3,-3,0
15492,Fayette,2022-09,2,-2,0
15492,Fayette,2022-10,1,-1,0
15492,Fayette,2022-11,0,0,1
15492,Fayette,2022-12,-1,1,0
15501,Somerset,2022-01,10,-10,0
15501,Somerset,2022-02,9,-9,0
15501,Somerset,2022-03,8,-8,0
15501,Somerset,2022-04,7,-7,0
15501,Somerset,2022-05,6,-6,0
15501,Somerset,2022-06,5,-5,0
15501,Somerset,2022-07,4,-4,0
15501,Somerset,2022-08,3,-3,0
15501,Somerset,2022-09,2,-2,0
15501,Somerset,2022-10,1,-1,0
15501,Somerset,2022-11,0,0,1
15501,Somerset,2022-12,-1,1,0
15502,Somerset,2022-01,10,-10,0
15502,Somerset,2022-02,9,-9,0
15502,Somerset,2022-03,8,-8,0
15502,Somerset,2022-04,7,-7,0
15502,Somerset,2022-05,6,-6,0
15502,Somerset,2022-06,5,-5,0
15502,Somerset,2022-07,4,-4,0
15502,Somerset,2022-08,3,-3,0
15502,Somerset,2022-09,2,-2,0
15502,Somerset,2022-10,1,-1,0
15502,Somerset,2022-11,0,0,1
15502,Somerset,2022-12,-1,1,0
15510,Somerset,2022-01,10,-10,0
15510,Somerset,2022-02,9,-9,0
15510,Somerset,2022-03,8,-8,0
15510,Somerset,2022-04,7,-7,0
15510,Somerset,2022-05,6,-6,0
15510,Somerset,2022-06,5,-5,0
15510,Somerset,2022-07,4,-4,0
15510,Somerset,2022-08,3,-3,0
15510,Somerset,2022-09,2,-2,0
15510,Somerset,2022-10,1,-1,0
15510,Somerset,2022-11,0,0,1
15510,Somerset,2022-12,-1,1,0
15520,Somerset,2022-01,10,-10,0
15520,Somerset,2022-02,9,-9,0
15520,Somerset,2022-03,8,-8,0
15520,Somerset,2022-04,7,-7,0
15520,Somerset,2022-05,6,-6,0
15520,Somerset,2022-06,5,-5,0
15520,Somerset,2022-07,4,-4,0
15520,Somerset,2022-08,3,-3,0
15520,Somerset,2022-09,2,-2,0
15520,Somerset,2022-10,1,-1,0
15520,Somerset,2022-11,0,0,1
15520,Somerset,2022-12,-1,1,0
15521,Bedford,2022-01,10,-10,0
15521,Bedford,2022-02,9,-9,0
15521,Bedford,2022-03,8,-8,0
15521,Bedford,2022-04,7,-7,0
15521,Bedford,2022-05,6,-6,0
15521,Bedford,2022-06,5,-5,0
15521,Bedford,2022-07,4,-4,0
15521,Bedford,2022-08,3,-3,0
15521,Bedford,2022-09,2,-2,0
15521,Bedford,2022-10,1,-1,0
15521,Bedford,2022-11,0,0,1
15521,Bedford,2022-12,-1,1,0
15522,Bedford,2022-01,10,-10,0
15522,Bedford,2022-02,9,-9,0
15522,Bedford,2022-03,8,-8,0
15522,Bedford,2022-04,7,-7,0
15522,Bedford,2022-05,6,-6,0
15522,Bedford,2022-06,5,-5,0
15522,Bedford,2022-07,4,-4,0
15522,Bedford,2022-08,3,-3,0
15522,Bedford,2022-09,2,-2,0
15522,Bedford,2022-10,1,-1,0
15522,Bedford,2022-11,0,0,1
15522,Bedford,2022-12,-1,1,0
15530,Somerset,2022-01,10,-10,0
15530,Somerset,2022-02,9,-9,0
15530,Somerset,2022-03,8,-8,0
15530,Somerset,2022-04,7,-7,0
15530,Somerset,2022-05,6,-6,0
15530,Somerset,2022-06,5,-5,0
15530,Somerset,2022-07,4,-4,0
15530,Somerset,2022-08,3,-3,0
15530,Somerset,2022-09,2,-2,0
15530,Somerset,2022-10,1,-1,0
15530,Somerset,2022-11,0,0,1
15530,Somerset,2022-12,-1,1,0
15531,Somerset,2022-01,10,-10,0
15531,Somerset,2022-02,9,-9,0
15531,Somerset,2022-03,8,-8,0
15531,Somerset,2022-04,7,-7,0
15531,Somerset,2022-05,6,-6,0
15531,Somerset,2022-06,5,-5,0
15531,Somerset,2022-07,4,-4,0
15531,Somerset,2022-08,3,-3,0
15531,Somerset,2022-09,2,-2,0
15531,Somerset,2022-10,1,-1,0
15531,Somerset,2022-11,0,0,1
15531,Somerset,2022-12,-1,1,0
15532,Somerset,2022-01,10,-10,0
15532,Somerset,2022-02,9,-9,0
15532,Somerset,2022-03,8,-8,0
15532,Somerset,2022-04,7,-7,0
15532,Somerset,2022-05,6,-6,0
15532,Somerset,2022-06,5,-5,0
15532,Somerset,2022-07,4,-4,0
15532,Somerset,2022-08,3,-3,0
15532,Somerset,2022-09,2,-2,0
15532,Somerset,2022-10,1,-1,0
15532,Somerset,2022-11,0,0,1
15532,Somerset,2022-12,-1,1,0
15533,Bedford,2022-01,10,-10,0
15533,Bedford,2022-02,9,-9,0
15533,Bedford,2022-03,8,-8,0
15533,Bedford,2022-04,7,-7,0
15533,Bedford,2022-05,6,-6,0
15533,Bedford,2022-06,5,-5,0
15533,Bedford,2022-07,4,-4,0
15533,Bedford,2022-08,3,-3,0
15533,Bedford,2022-09,2,-2,0
15533,Bedford,2022-10,1,-1,0
15533,Bedford,2022-11,0,0,1
15533,Bedford,2022-12,-1,1,0
15534,Bedford,2022-01,10,-10,0
15534,Bedford,2022-02,9,-9,0
15534,Bedford,2022-03,8,-8,0
15534,Bedford,2022-04,7,-7,0
15534,Bedford,2022-05,6,-6,0
15534,Bedford,2022-06,5,-5,0
15534,Bedford,2022-07,4,-4,0
15534,Bedford,2022-08,3,-3,0
15534,Bedford,2022-09,2,-2,0
15534,Bedford,2022-10,1,-1,0
15534,Bedford,2022-11,0,0,1
15534,Bedford,2022-12,-1,1,0
15535,Bedford,2022-01,10,-10,0
15535,Bedford,2022-02,9,-9,0
15535,Bedford,2022-03,8,-8,0
15535,Bedford,2022-04,7,-7,0
15535,Bedford,2022-05,6,-6,0
15535,Bedford,2022-06,5,-5,0
15535,Bedford,2022-07,4,-4,0
15535,Bedford,2022-08,3,-3,0
15535,Bedford,2022-09,2,-2,0
15535,Bedford,2022-10,1,-1,0
15535,Bedford,2022-11,0,0,1
15535,Bedford,2022-12,-1,1,0
15536,Fulton,2022-01,10,-10,0
15536,Fulton,2022-02,9,-9,0
15536,Fulton,2022-03,8,-8,0
15536,Fulton,2022-04,7,-7,0
15536,Fulton,2022-05,6,-6,0
15536,Fulton,2022-06,5,-5,0
15536,Fulton,2022-07,4,-4,0
15536,Fulton,2022-08,3,-3,0
15536,Fulton,2022-09,2,-2,0
15536,Fulton,2022-10,1,-1,0
15536,Fulton,2022-11,0,0,1
15536,Fulton,2022-12,-1,1,0
15537,Bedford,2022-01,10,-10,0
15537,Bedford,2022-02,9,-9,0
15537,Bedford,2022-03,8,-8,0
15537,Bedford,2022-04,7,-7,0
15537,Bedford,2022-05,6,-6,0
15537,Bedford,2022-06,5,-5,0
15537,Bedford,2022-07,4,-4,0
15537,Bedford,2022-08,3,-3,0
15537,Bedford,2022-09,2,-2,0
15537,Bedford,2022-10,1,-1,0
15537,Bedford,2022-11,0,0,1
15537,Bedford,2022-12,-1,1,0
15538,Somerset,2022-01,10,-10,0
15538,Somerset,2022-02,9,-9,0
15538,Somerset,2022-03,8,-8,0
15538,Somerset,2022-04,7,-7,0
15538,Somerset,2022-05,6,-6,0
15538,Somerset,2022-06,5,-5,0
15538,Somerset,2022-07,4,-4,0
15538,Somerset,2022-08,3,-3,0
15538,Somerset,2022-09,2,-2,0
15538,Somerset,2022-10,1,-1,0
15538,Somerset,2022-11,0,0,1
15538,Somerset,2022-12,-1,1,0
15539,Bedford,2022-01,10,-10,0
15539,Bedford,2022-02,9,-9,0
15539,Bedford,2022-03,8,-8,0
15539,Bedford,2022-04,7,-7,0
15539,Bedford,2022-05,6,-6,0
15539,Bedford,2022-06,5,-5,0
15539,Bedford,2022-07,4,-4,0
15539,Bedford,2022-08,3,-3,0
15539,Bedford,2022-09,2,-2,0
15539,Bedford,2022-10,1,-1,0
15539,Bedford,2022-11,0,0,1
15539,Bedford,2022-12,-1,1,0
15540,Somerset,2022-01,10,-10,0
15540,Somerset,2022-02,9,-9,0
15540,Somerset,2022-03,8,-8,0
15540,Somerset,2022-04,7,-7,0
15540,Somerset,2022-05,6,-6,0
15540,Somerset,2022-06,5,-5,0
15540,Somerset,2022-07,4,-4,0
15540,Somerset,2022-08,3,-3,0
15540,Somerset,2022-09,2,-2,0
15540,Somerset,2022-10,1,-1,0
15540,Somerset,2022-11,0,0,1
15540,Somerset,2022-12,-1,1,0
15541,Somerset,2022-01,10,-10,0
15541,Somerset,2022-02,9,-9,0
15541,Somerset,2022-03,8,-8,0
15541,Somerset,2022-04,7,-7,0
15541,Somerset,2022-05,6,-6,0
15541,Somerset,2022-06,5,-5,0
15541,Somerset,2022-07,4,-4,0
15541,Somerset,2022-08,3,-3,0
15541,Somerset,2022-09,2,-2,0
15541,Somerset,2022-10,1,-1,0
15541,Somerset,2022-11,0,0,1
15541,Somerset,2022-12,-1,1,0
15542,Somerset,2022-01,10,-10,0
15542,Somerset,2022-02,9,-9,0
15542,Somerset,2022-03,8,-8,0
15542,Somerset,2022-04,7,-7,0
15542,Somerset,2022-05,6,-6,0
15542,Somerset,2022-06,5,-5,0
15542,Somerset,2022-07,4,-4,0
15542,Somerset,2022-08,3,-3,0
15542,Somerset,2022-09,2,-2,0
15542,Somerset,2022-10,1,-1,0
15542,Somerset,2022-11,0,0,1
15542,Somerset,2022-12,-1,1,0
15544,Somerset,2022-01,10,-10,0
15544,Somerset,2022-02,9,-9,0
15544,Somerset,2022-03,8,-8,0
15544,Somerset,2022-04,7,-7,0
15544,Somerset,2022-05,6,-6,0
15544,Somerset,2022-06,5,-5,0
15544,Somerset,2022-07,4,-4,0
15544,Somerset,2022-08,3,-3,0
15544,Somerset,2022-09,2,-2,0
15544,Somerset,2022-10,1,-1,0
15544,Somerset,2022-11,0,0,1
15544,Somerset,2022-12,-1,1,0
15545,Bedford,2022-01,10,-10,0
15545,Bedford,2022-02,9,-9,0
15545,Bedford,2022-03,8,-8,0
15545,Bedford,2022-04,7,-7,0
15545,Bedford,2022-05,6,-6,0
15545,Bedford,2022-06,5,-5,0
15545,Bedford,2022-07,4,-4,0
15545,Bedford,2022-08,3,-3,0
15545,Bedford,2022-09,2,-2,0
15545,Bedford,2022-10,1,-1,0
15545,Bedford,2022-11,0,0,1
15545,Bedford,2022-12,-1,1,0
15546,Somerset,2022-01,10,-10,0
15546,Somerset,2022-02,9,-9,0
15546,Somerset,2022-03,8,-8,0
15546,Somerset,2022-04,7,-7,0
15546,Somerset,2022-05,6,-6,0
15546,Somerset,2022-06,5,-5,0
15546,Somerset,2022-07,4,-4,0
15546,Somerset,2022-08,3,-3,0
15546,Somerset,2022-09,2,-2,0
15546,Somerset,2022-10,1,-1,0
15546,Somerset,2022-11,0,0,1
15546,Somerset,2022-12,-1,1,0
15547,Somerset,2022-01,10,-10,0
15547,Somerset,2022-02,9,-9,0
15547,Somerset,2022-03,8,-8,0
15547,Somerset,2022-04,7,-7,0
15547,Somerset,2022-05,6,-6,0
15547,Somerset,2022-06,5,-5,0
15547,Somerset,2022-07,4,-4,0
15547,Somerset,2022-08,3,-3,0
15547,Somerset,2022-09,2,-2,0
15547,Somerset,2022-10,1,-1,0
15547,Somerset,2022-11,0,0,1
15547,Somerset,2022-12,-1,1,0
15550,Bedford,2022-01,10,-10,0
15550,Bedford,2022-02,9,-9,0
15550,Bedford,2022-03,8,-8,0
15550,Bedford,2022-04,7,-7,0
15550,Bedford,2022-05,6,-6,0
15550,Bedford,2022-06,5,-5,0
15550,Bedford,2022-07,4,-4,0
15550,Bedford,2022-08,3,-3,0
15550,Bedford,2022-09,2,-2,0
15550,Bedford,2022-10,1,-1,0
15550,Bedford,2022-11,0,0,1
15550,Bedford,2022-12,-1,1,0
15551,Somerset,2022-01,10,-10,0
15551,Somerset,2022-02,9,-9,0
15551,Somerset,2022-03,8,-8,0
15551,Somerset,2022-04,7,-7,0
15551,Somerset,2022-05,6,-6,0
15551,Somerset,2022-06,5,-5,0
15551,Somerset,2022-07,4,-4,0
15551,Somerset,2022-08,3,-3,0
15551,Somerset,2022-09,2,-2,0
15551,Somerset,2022-10,1,-1,0
15551,Somerset,2022-11,0,0,1
15551,Somerset,2022-12,-1,1,0
15552,Somerset,2022-01,10,-10,0
15552,Somerset,2022-02,9,-9,0
15552,Somerset,2022-03,8,-8,0
15552,Somerset,2022-04,7,-7,0
15552,Somerset,2022-05,6,-6,0
15552,Somerset,2022-06,5,-5,0
15552,Somerset,2022-07,4,-4,0
15552,Somerset,2022-08,3,-3,0
15552,Somerset,2022-09,2,-2,0
15552,Somerset,2022-10,1,-1,0
15552,Somerset,2022-11,0,0,1
15552,Somerset,2022-12,-1,1,0
15554,Bedford,2022-01,10,-10,0
15554,Bedford,2022-02,9,-9,0
15554,Bedford,2022-03,8,-8,0
15554,Bedford,2022-04,7,-7,0
15554,Bedford,2022-05,6,-6,0
15554,Bedford,2022-06,5,-5,0
15554,Bedford,2022-07,4,-4,0
15554,Bedford,2022-08,3,-3,0
15554,Bedford,2022-09,2,-2,0
15554,Bedford,2022-10,1,-1,0
15554,Bedford,2022-11,0,0,1
15554,Bedford,2022-12,-1,1,0
15555,Somerset,2022-01,10,-10,0
15555,Somerset,2022-02,9,-9,0
15555,Somerset,2022-03,8,-8,0
15555,Somerset,2022-04,7,-7,0
15555,Somerset,2022-05,6,-6,0
15555,Somerset,2022-06,5,-5,0
15555,Somerset,2022-07,4,-4,0
15555,Somerset,2022-08,3,-3,0
15555,Somerset,2022-09,2,-2,0
15555,Somerset,2022-10,1,-1,0
15555,Somerset,2022-11,0,0,1
15555,Somerset,2022-12,-1,1,0
15557,Somerset,2022-01,10,-10,0
15557,Somerset,2022-02,9,-9,0
15557,Somerset,2022-03,8,-8,0
15557,Somerset,2022-04,7,-7,0
15557,Somerset,2022-05,6,-6,0
15557,Somerset,2022-06,5,-5,0
15557,Somerset,2022-07,4,-4,0
15557,Somerset,2022-08,3,-3,0
15557,Somerset,2022-09,2,-2,0
15557,Somerset,2022-10,1,-1,0
15557,Somerset,2022-11,0,0,1
15557,Somerset,2022-12,-1,1,0
15558,Somerset,2022-01,10,-10,0
15558,Somerset,2022-02,9,-9,0
15558,Somerset,2022-03,8,-8,0
15558,Somerset,2022-04,7,-7,0
15558,Somerset,2022-05,6,-6,0
15558,Somerset,2022-06,5,-5,0
15558,Somerset,2022-07,4,-4,0
15558,Somerset,2022-08,3,-3,0
15558,Somerset,2022-09,2,-2,0
15558,Somerset,2022-10,1,-1,0
15558,Somerset,2022-11,0,0,1
15558,Somerset,2022-12,-1,1,0
15559,Bedford,2022-01,10,-10,0
15559,Bedford,2022-02,9,-9,0
15559,Bedford,2022-03,8,-8,0
15559,Bedford,2022-04,7,-7,0
15559,Bedford,2022-05,6,-6,0
15559,Bedford,2022-06,5,-5,0
15559,Bedford,2022-07,4,-4,0
15559,Bedford,2022-08,3,-3,0
15559,Bedford,2022-09,2,-2,0
15559,Bedford,2022-10,1,-1,0
15559,Bedford,2022-11,0,0,1
15559,Bedford,2022-12,-1,1,0
15560,Somerset,2022-01,10,-10,0
15560,Somerset,2022-02,9,-9,0
15560,Somerset,2022-03,8,-8,0
15560,Somerset,2022-04,7,-7,0
15560,Somerset,2022-05,6,-6,0
15560,Somerset,2022-06,5,-5,0
15560,Somerset,2022-07,4,-4,0
15560,Somerset,2022-08,3,-3,0
15560,Somerset,2022-09,2,-2,0
15560,Somerset,2022-10,1,-1,0
15560,Somerset,2022-11,0,0,1
15560,Somerset,2022-12,-1,1,0
15561,Somerset,2022-01,10,-10,0
15561,Somerset,2022-02,9,-9,0
15561,Somerset,2022-03,8,-8,0
15561,Somerset,2022-04,7,-7,0
15561,Somerset,2022-05,6,-6,0
15561,Somerset,2022-06,5,-5,0
15561,Somerset,2022-07,4,-4,0
15561,Somerset,2022-08,3,-3,0
15561,Somerset,2022-09,2,-2,0
15561,Somerset,2022-10,1,-1,0
15561,Somerset,2022-11,0,0,1
15561,Somerset,2022-12,-1,1,0
15562,Somerset,2022-01,10,-10,0
15562,Somerset,2022-02,9,-9,0
15562,Somerset,2022-03,8,-8,0
15562,Somerset,2022-04,7,-7,0
15562,Somerset,2022-05,6,-6,0
15562,Somerset,2022-06,5,-5,0
15562,Somerset,2022-07,4,-4,0
15562,Somerset,2022-08,3,-3,0
15562,Somerset,2022-09,2,-2,0
15562,Somerset,2022-10,1,-1,0
15562,Somerset,2022-11,0,0,1
15562,Somerset,2022-12,-1,1,0
15563,Somerset,2022-01,10,-10,0
15563,Somerset,2022-02,9,-9,0
15563,Somerset,2022-03,8,-8,0
15563,Somerset,2022-04,7,-7,0
15563,Somerset,2022-05,6,-6,0
15563,Somerset,2022-06,5,-5,0
15563,Somerset,2022-07,4,-4,0
15563,Somerset,2022-08,3,-3,0
15563,Somerset,2022-09,2,-2,0
15563,Somerset,2022-10,1,-1,0
15563,Somerset,2022-11,0,0,1
15563,Somerset,2022-12,-1,1,0
15564,Somerset,2022-01,10,-10,0
15564,Somerset,2022-02,9,-9,0
15564,Somerset,2022-03,8,-8,0
15564,Somerset,2022-04,7,-7,0
15564,Somerset,2022-05,6,-6,0
15564,Somerset,2022-06,5,-5,0
15564,Somerset,2022-07,4,-4,0
15564,Somerset,2022-08,3,-3,0
15564,Somerset,2022-09,2,-2,0
15564,Somerset,2022-10,1,-1,0
15564,Somerset,2022-11,0,0,1
15564,Somerset,2022-12,-1,1,0
15565,Somerset,2022-01,10,-10,0
15565,Somerset,2022-02,9,-9,0
15565,Somerset,2022-03,8,-8,0
15565,Somerset,2022-04,7,-7,0
15565,Somerset,2022-05,6,-6,0
15565,Somerset,2022-06,5,-5,0
15565,Somerset,2022-07,4,-4,0
15565,Somerset,2022-08,3,-3,0
15565,Somerset,2022-09,2,-2,0
15565,Somerset,2022-10,1,-1,0
15565,Somerset,2022-11,0,0,1
15565,Somerset,2022-12,-1,1,0
15601,Westmoreland,2022-01,10,-10,0
15601,Westmoreland,2022-02,9,-9,0
15601,Westmoreland,2022-03,8,-8,0
15601,Westmoreland,2022-04,7,-7,0
15601,Westmoreland,2022-05,6,-6,0
15601,Westmoreland,2022-06,5,-5,0
15601,Westmoreland,2022-07,4,-4,0
15601,Westmoreland,2022-08,3,-3,0
15601,Westmoreland,2022-09,2,-2,0
15601,Westmoreland,2022-10,1,-1,0
15601,Westmoreland,2022-11,0,0,1
15601,Westmoreland,2022-12,-1,1,0
15610,Westmoreland,2022-01,10,-10,0
15610,Westmoreland,2022-02,9,-9,0
15610,Westmoreland,2022-03,8,-8,0
15610,Westmoreland,2022-04,7,-7,0
15610,Westmoreland,2022-05,6,-6,0
15610,Westmoreland,2022-06,5,-5,0
15610,Westmoreland,2022-07,4,-4,0
15610,Westmoreland,2022-08,3,-3,0
15610,Westmoreland,2022-09,2,-2,0
15610,Westmoreland,2022-10,1,-1,0
15610,Westmoreland,2022-11,0,0,1
15610,Westmoreland,2022-12,-1,1,0
15611,Westmoreland,2022-01,10,-10,0
15611,Westmoreland,2022-02,9,-9,0
15611,Westmoreland,2022-03,8,-8,0
15611,Westmoreland,2022-04,7,-7,0
15611,Westmoreland,2022-05,6,-6,0
15611,Westmoreland,2022-06,5,-5,0
15611,Westmoreland,2022-07,4,-4,0
15611,Westmoreland,2022-08,3,-3,0
15611,Westmoreland,2022-09,2,-2,0
15611,Westmoreland,2022-10,1,-1,0
15611,Westmoreland,2022-11,0,0,1
15611,Westmoreland,2022-12,-1,1,0
15612,Westmoreland,2022-01,10,-10,0
15612,Westmoreland,2022-02,9,-9,0
15612,Westmoreland,2022-03,8,-8,0
15612,Westmoreland,2022-04,7,-7,0
15612,Westmoreland,2022-05,6,-6,0
15612,Westmoreland,2022-06,5,-5,0
15612,Westmoreland,2022-07,4,-4,0
15612,Westmoreland,2022-08,3,-3,0
15612,Westmoreland,2022-09,2,-2,0
15612,Westmoreland,2022-10,1,-1,0
15612,Westmoreland,2022-11,0,0,1
15612,Westmoreland,2022-12,-1,1,0
15613,Westmoreland,2022-01,10,-10,0
15613,Westmoreland,2022-02,9,-9,0
15613,Westmoreland,2022-03,8,-8,0
15613,Westmoreland,2022-04,7,-7,0
15613,Westmoreland,2022-05,6,-6,0
15613,Westmoreland,2022-06,5,-5,0
15613,Westmoreland,2022-07,4,-4,0
15613,Westmoreland,2022-08,3,-3,0
15613,Westmoreland,2022-09,2,-2,0
15613,Westmoreland,2022-10,1,-1,0
15613,Westmoreland,2022-11,0,0,1
15613,Westmoreland,2022-12,-1,1,0
15615,Westmoreland,2022-01,10,-10,0
15615,Westmoreland,2022-02,9,-9,0
15615,Westmoreland,2022-03,8,-8,0
15615,Westmoreland,2022-04,7,-7,0
15615,Westmoreland,2022-05,6,-6,0
15615,Westmoreland,2022-06,5,-5,0
15615,Westmoreland,2022-07,4,-4,0
15615,Westmoreland,2022-08,3,-3,0
15615,Westmoreland,2022-09,2,-2,0
15615,Westmoreland,2022-10,1,-1,0
15615,Westmoreland,2022-11,0,0,1
15615,Westmoreland,2022-12,-1,1,0
15616,Westmoreland,2022-01,10,-10,0
15616,Westmoreland,2022-02,9,-9,0
15616,Westmoreland,2022-03,8,-8,0
15616,Westmoreland,2022-04,7,-7,0
15616,Westmoreland,2022-05,6,-6,0
15616,Westmoreland,2022-06,5,-5,0
15616,Westmoreland,2022-07,4,-4,0
15616,Westmoreland,2022-08,3,-3,0
15616,Westmoreland,2022-09,2,-2,0
15616,Westmoreland,2022-10,1,-1,0
15616,Westmoreland,2022-11,0,0,1
15616,Westmoreland,2022-12,-1,1,0
15617,Westmoreland,2022-01,10,-10,0
15617,Westmoreland,2022-02,9,-9,0
15617,Westmoreland,2022-03,8,-8,0
15617,Westmoreland,2022-04,7,-7,0
15617,Westmoreland,2022-05,6,-6,0
15617,Westmoreland,2022-06,5,-5,0
15617,Westmoreland,2022-07,4,-4,0
15617,Westmoreland,2022-08,3,-3,0
15617,Westmoreland,2022-09,2,-2,0
15617,Westmoreland,2022-10,1,-1,0
15617,Westmoreland,2022-11,0,0,1
15617,Westmoreland,2022-12,-1,1,0
15618,Armstrong,2022-01,10,-10,0
15618,Armstrong,2022-02,9,-9,0
15618,Armstrong,2022-03,8,-8,0
15618,Armstrong,2022-04,7,-7,0
15618,Armstrong,2022-05,6,-6,0
15618,Armstrong,2022-06,5,-5,0
15618,Armstrong,2022-07,4,-4,0
15618,Armstrong,2022-08,3,-3,0
15618,Armstrong,2022-09,2,-2,0
15618,Armstrong,2022-10,1,-1,0
15618,Armstrong,2022-11,0,0,1
15618,Armstrong,2022-12,-1,1,0
15619,Westmoreland,2022-01,10,-10,0
15619,Westmoreland,2022-02,9,-9,0
15619,Westmoreland,2022-03,8,-8,0
15619,Westmoreland,2022-04,7,-7,0
15619,Westmoreland,2022-05,6,-6,0
15619,Westmoreland,2022-06,5,-5,0
15619,Westmoreland,2022-07,4,-4,0
15619,Westmoreland,2022-08,3,-3,0
15619,Westmoreland,2022-09,2,-2,0
15619,Westmoreland,2022-10,1,-1,0
15619,Westmoreland,2022-11,0,0,1
15619,Westmoreland,2022-12,-1,1,0
15620,Westmoreland,2022-01,10,-10,0
15620,Westmoreland,2022-02,9,-9,0
15620,Westmoreland,2022-03,8,-8,0
15620,Westmoreland,2022-04,7,-7,0
15620,Westmoreland,2022-05,6,-6,0
15620,Westmoreland,2022-06,5,-5,0
15620,Westmoreland,2022-07,4,-4,0
15620,Westmoreland,2022-08,3,-3,0
15620,Westmoreland,2022-09,2,-2,0
15620,Westmoreland,2022-10,1,-1,0
15620,Westmoreland,2022-11,0,0,1
15620,Westmoreland,2022-12,-1,1,0
15622,Fayette,2022-01,10,-10,0
15622,Fayette,2022-02,9,-9,0
15622,Fayette,2022-03,8,-8,0
15622,Fayette,2022-04,7,-7,0
15622,Fayette,2022-05,6,-6,0
15622,Fayette,2022-06,5,-5,0
15622,Fayette,2022-07,4,-4,0
15622,Fayette,2022-08,3,-3,0
15622,Fayette,2022-09,2,-2,0
15622,Fayette,2022-10,1,-1,0
15622,Fayette,2022-11,0,0,1
15622,Fayette,2022-12,-1,1,0
15623,Westmoreland,2022-01,10,-10,0
15623,Westmoreland,2022-02,9,-9,0
15623,Westmoreland,2022-03,8,-8,0
15623,Westmoreland,2022-04,7,-7,0
15623,Westmoreland,2022-05,6,-6,0
15623,Westmoreland,2022-06,5,-5,0
15623,Westmoreland,2022-07,4,-4,0
15623,Westmoreland,2022-08,3,-3,0
15623,Westmoreland,2022-09,2,-2,0
15623,Westmoreland,2022-10,1,-1,0
15623,Westmoreland,2022-11,0,0,1
15623,Westmoreland,2022-12,-1,1,0
15624,Westmoreland,2022-01,10,-10,0
15624,Westmoreland,2022-02,9,-9,0
15624,Westmoreland,2022-03,8,-8,0
15624,Westmoreland,2022-04,7,-7,0
15624,Westmoreland,2022-05,6,-6,0
15624,Westmoreland,2022-06,5,-5,0
15624,Westmoreland,2022-07,4,-4,0
15624,Westmoreland,2022-08,3,-3,0
15624,Westmoreland,2022-09,2,-2,0
15624,Westmoreland,2022-10,1,-1,0
15624,Westmoreland,2022-11,0,0,1
15624,Westmoreland,2022-12,-1,1,0
15625,Westmoreland,2022-01,10,-10,0
15625,Westmoreland,2022-02,9,-9,0
15625,Westmoreland,2022-03,8,-8,0
15625,Westmoreland,2022-04,7,-7,0
15625,Westmoreland,2022-05,6,-6,0
15625,Westmoreland,2022-06,5,-5,0
15625,Westmoreland,2022-07,4,-4,0
15625,Westmoreland,2022-08,3,-3,0
15625,Westmoreland,2022-09,2,-2,0
15625,Westmoreland,2022-10,1,-1,0
15625,Westmoreland,2022-11,0,0,1
15625,Westmoreland,2022-12,-1,1,0
15626,Westmoreland,2022-01,10,-10,0
15626,Westmoreland,2022-02,9,-9,0
15626,Westmoreland,2022-03,8,-8,0
15626,Westmoreland,2022-04,7,-7,0
15626,Westmoreland,2022-05,6,-6,0
15626,Westmoreland,2022-06,5,-5,0
15626,Westmoreland,2022-07,4,-4,0
15626,Westmoreland,2022-08,3,-3,0
15626,Westmoreland,2022-09,2,-2,0
15626,Westmoreland,2022-10,1,-1,0
15626,Westmoreland,2022-11,0,0,1
15626,Westmoreland,2022-12,-1,1,0
15627,Westmoreland,2022-01,10,-10,0
15627,Westmoreland,2022-02,9,-9,0
15627,Westmoreland,2022-03,8,-8,0
15627,Westmoreland,2022-04,7,-7,0
15627,Westmoreland,2022-05,6,-6,0
15627,Westmoreland,2022-06,5,-5,0
15627,Westmoreland,2022-07,4,-4,0
15627,Westmoreland,2022-08,3,-3,0
15627,Westmoreland,2022-09,2,-2,0
15627,Westmoreland,2022-10,1,-1,0
15627,Westmoreland,2022-11,0,0,1
15627,Westmoreland,2022-12,-1,1,0
15628,Westmoreland,2022-01,10,-10,0
15628,Westmoreland,2022-02,9,-9,0
15628,Westmoreland,2022-03,8,-8,0
15628,Westmoreland,2022-04,7,-7,0
15628,Westmoreland,2022-05,6,-6,0
15628,Westmoreland,2022-06,5,-5,0
15628,Westmoreland,2022-07,4,-4,0
15628,Westmoreland,2022-08,3,-3,0
15628,Westmoreland,2022-09,2,-2,0
15628,Westmoreland,2022-10,1,-1,0
15628,Westmoreland,2022-11,0,0,1
15628,Westmoreland,2022-12,-1,1,0
15629,Westmoreland,2022-01,10,-10,0
15629,Westmoreland,2022-02,9,-9,0
15629,Westmoreland,2022-03,8,-8,0
15629,Westmoreland,2022-04,7,-7,0
15629,Westmoreland,2022-05,6,-6,0
15629,Westmoreland,2022-06,5,-5,0
15629,Westmoreland,2022-07,4,-4,0
15629,Westmoreland,2022-08,3,-3,0
15629,Westmoreland,2022-09,2,-2,0
15629,Westmoreland,2022-10,1,-1,0
15629,Westmoreland,2022-11,0,0,1
15629,Westmoreland,2022-12,-1,1,0
15631,Fayette,2022-01,10,-10,0
15631,Fayette,2022-02,9,-9,0
15631,Fayette,2022-03,8,-8,0
15631,Fayette,2022-04,7,-7,0
15631,Fayette,2022-05,6,-6,0
15631,Fayette,2022-06,5,-5,0
15631,Fayette,2022-07,4,-4,0
15631,Fayette,2022-08,3,-3,0
15631,Fayette,2022-09,2,-2,0
15631,Fayette,2022-10,1,-1,0
15631,Fayette,2022-11,0,0,1
15631,Fayette,2022-12,-1,1,0
15632,Westmoreland,2022-01,10,-10,0
15632,Westmoreland,2022-02,9,-9,0
15632,Westmoreland,2022-03,8,-8,0
15632,Westmoreland,2022-04,7,-7,0
15632,Westmoreland,2022-05,6,-6,0
15632,Westmoreland,2022-06,5,-5,0
15632,Westmoreland,2022-07,4,-4,0
15632,Westmoreland,2022-08,3,-3,0
15632,Westmoreland,2022-09,2,-2,0
15632,Westmoreland,2022-10,1,-1,0
15632,Westmoreland,2022-11,0,0,1
15632,Westmoreland,2022-12,-1,1,0
15633,Westmoreland,2022-01,10,-10,0
15633,Westmoreland,2022-02,9,-9,0
15633,Westmoreland,2022-03,8,-8,0
15633,Westmoreland,2022-04,7,-7,0
15633,Westmoreland,2022-05,6,-6,0
15633,Westmoreland,2022-06,5,-5,0
15633,Westmoreland,2022-07,4,-4,0
15633,Westmoreland,2022-08,3,-3,0
15633,Westmoreland,2022-09,2,-2,0
15633,Westmoreland,2022-10,1,-1,0
15633,Westmoreland,2022-11,0,0,1
15633,Westmoreland,2022-12,-1,1,0
15634,Westmoreland,2022-01,10,-10,0
15634,Westmoreland,2022-02,9,-9,0
15634,Westmoreland,2022-03,8,-8,0
15634,Westmoreland,2022-04,7,-7,0
15634,Westmoreland,2022-05,6,-6,0
15634,Westmoreland,2022-06,5,-5,0
15634,Westmoreland,2022-07,4,-4,0
15634,Westmoreland,2022-08,3,-3,0
15634,Westmoreland,2022-09,2,-2,0
15634,Westmoreland,2022-10,1,-1,0
15634,Westmoreland,2022-11,0,0,1
15634,Westmoreland,2022-12,-1,1,0
15635,Westmoreland,2022-01,10,-10,0
15635,Westmoreland,2022-02,9,-9,0
15635,Westmoreland,2022-03,8,-8,0
15635,Westmoreland,2022-04,7,-7,0
15635,Westmoreland,2022-05,6,-6,0
15635,Westmoreland,2022-06,5,-5,0
15635,Westmoreland,2022-07,4,-4,0
15635,Westmoreland,2022-08,3,-3,0
15635,Westmoreland,2022-09,2,-2,0
15635,Westmoreland,2022-10,1,-1,0
15635,Westmoreland,2022-11,0,0,1
15635,Westmoreland,2022-12,-1,1,0
15636,Westmoreland,2022-01,10,-10,0
15636,Westmoreland,2022-02,9,-9,0
15636,Westmoreland,2022-03,8,-8,0
15636,Westmoreland,2022-04,7,-7,0
15636,Westmoreland,2022-05,6,-6,0
15636,Westmoreland,2022-06,5,-5,0
15636,Westmoreland,2022-07,4,-4,0
15636,Westmoreland,2022-08,3,-3,0
15636,Westmoreland,2022-09,2,-2,0
15636,Westmoreland,2022-10,1,-1,0
15636,Westmoreland,2022-11,0,0,1
15636,Westmoreland,2022-12,-1,1,0
15637,Westmoreland,2022-01,10,-10,0
15637,Westmoreland,2022-02,9,-9,0
15637,Westmoreland,2022-03,8,-8,0
15637,Westmoreland,2022-04,7,-7,0
15637,Westmoreland,2022-05,6,-6,0
15637,Westmoreland,2022-06,5,-5,0
15637,Westmoreland,2022-07,4,-4,0
15637,Westmoreland,2022-08,3,-3,0
15637,Westmoreland,2022-09,2,-2,0
15637,Westmoreland,2022-10,1,-1,0
15637,Westmoreland,2022-11,0,0,1
15637,Westmoreland,2022-12,-1,1,0
15638,Westmoreland,2022-01,10,-10,0
15638,Westmoreland,2022-02,9,-9,0
15638,Westmoreland,2022-03,8,-8,0
15638,Westmoreland,2022-04,7,-7,0
15638,Westmoreland,2022-05,6,-6,0
15638,Westmoreland,2022-06,5,-5,0
15638,Westmoreland,2022-07,4,-4,0
15638,Westmoreland,2022-08,3,-3,0
15638,Westmoreland,2022-09,2,-2,0
15638,Westmoreland,2022-10,1,-1,0
15638,Westmoreland,2022-11,0,0,1
15638,Westmoreland,2022-12,-1,1,0
15639,Westmoreland,2022-01,10,-10,0
15639,Westmoreland,2022-02,9,-9,0
15639,Westmoreland,2022-03,8,-8,0
15639,Westmoreland,2022-04,7,-7,0
15639,Westmoreland,2022-05,6,-6,0
15639,Westmoreland,2022-06,5,-5,0
15639,Westmoreland,2022-07,4,-4,0
15639,Westmoreland,2022-08,3,-3,0
15639,Westmoreland,2022-09,2,-2,0
15639,Westmoreland,2022-10,1,-1,0
15639,Westmoreland,2022-11,0,0,1
15639,Westmoreland,2022-12,-1,1,0
15640,Westmoreland,2022-01,10,-10,0
15640,Westmoreland,2022-02,9,-9,0
15640,Westmoreland,2022-03,8,-8,0
15640,Westmoreland,2022-04,7,-7,0
15640,Westmoreland,2022-05,6,-6,0
15640,Westmoreland,2022-06,5,-5,0
15640,Westmoreland,2022-07,4,-4,0
15640,Westmoreland,2022-08,3,-3,0
15640,Westmoreland,2022-09,2,-2,0
15640,Westmoreland,2022-10,1,-1,0
15640,Westmoreland,2022-11,0,0,1
15640,Westmoreland,2022-12,-1,1,0
15641,Westmoreland,2022-01,10,-10,0
15641,Westmoreland,2022-02,9,-9,0
15641,Westmoreland,2022-03,8,-8,0
15641,Westmoreland,2022-04,7,-7,0
15641,Westmoreland,2022-05,6,-6,0
15641,Westmoreland,2022-06,5,-5,0
15641,Westmoreland,2022-07,4,-4,0
15641,Westmoreland,2022-08,3,-3,0
15641,Westmoreland,2022-09,2,-2,0
15641,Westmoreland,2022-10,1,-1,0
15641,Westmoreland,2022-11,0,0,1
15641,Westmoreland,2022-12,-1,1,0
15642,Westmoreland,2022-01,10,-10,0
15642,Westmoreland,2022-02,9,-9,0
15642,Westmoreland,2022-03,8,-8,0
15642,Westmoreland,2022-04,7,-7,0
15642,Westmoreland,2022-05,6,-6,0
15642,Westmoreland,2022-06,5,-5,0
15642,Westmoreland,2022-07,4,-4,0
15642,Westmoreland,2022-08,3,-3,0
15642,Westmoreland,2022-09,2,-2,0
15642,Westmoreland,2022-10,1,-1,0
15642,Westmoreland,2022-11,0,0,1
15642,Westmoreland,2022-12,-1,1,0
15644,Westmoreland,2022-01,10,-10,0
15644,Westmoreland,2022-02,9,-9,0
15644,Westmoreland,2022-03,8,-8,0
15644,Westmoreland,2022-04,7,-7,0
15644,Westmoreland,2022-05,6,-6,0
15644,Westmoreland,2022-06,5,-5,0
15644,Westmoreland,2022-07,4,-4,0
15644,Westmoreland,2022-08,3,-3,0
15644,Westmoreland,2022-09,2,-2,0
15644,Westmoreland,2022-10,1,-1,0
15644,Westmoreland,2022-11,0,0,1
15644,Westmoreland,2022-12,-1,1,0
15646,Westmoreland,2022-01,10,-10,0
15646,Westmoreland,2022-02,9,-9,0
15646,Westmoreland,2022-03,8,-8,0
15646,Westmoreland,2022-04,7,-7,0
15646,Westmoreland,2022-05,6,-6,0
15646,Westmoreland,2022-06,5,-5,0
15646,Westmoreland,2022-07,4,-4,0
15646,Westmoreland,2022-08,3,-3,0
15646,Westmoreland,2022-09,2,-2,0
15646,Westmoreland,2022-10,1,-1,0
15646,Westmoreland,2022-11,0,0,1
15646,Westmoreland,2022-12,-1,1,0
15647,Westmoreland,2022-01,10,-10,0
15647,Westmoreland,2022-02,9,-9,0
15647,Westmoreland,2022-03,8,-8,0
15647,Westmoreland,2022-04,7,-7,0
15647,Westmoreland,2022-05,6,-6,0
15647,Westmoreland,2022-06,5,-5,0
15647,Westmoreland,2022-07,4,-4,0
15647,Westmoreland,2022-08,3,-3,0
15647,Westmoreland,2022-09,2,-2,0
15647,Westmoreland,2022-10,1,-1,0
15647,Westmoreland,2022-11,0,0,1
15647,Westmoreland,2022-12,-1,1,0
15650,Westmoreland,2022-01,10,-10,0
15650,Westmoreland,2022-02,9,-9,0
15650,Westmoreland,2022-03,8,-8,0
15650,Westmoreland,2022-04,7,-7,0
15650,Westmoreland,2022-05,6,-6,0
15650,Westmoreland,2022-06,5,-5,0
15650,Westmoreland,2022-07,4,-4,0
15650,Westmoreland,2022-08,3,-3,0
15650,Westmoreland,2022-09,2,-2,0
15650,Westmoreland,2022-10,1,-1,0
15650,Westmoreland,2022-11,0,0,1
15650,Westmoreland,2022-12,-1,1,0
15655,Westmoreland,2022-01,10,-10,0
15655,Westmoreland,2022-02,9,-9,0
15655,Westmoreland,2022-03,8,-8,0
15655,Westmoreland,2022-04,7,-7,0
15655,Westmoreland,2022-05,6,-6,0
15655,Westmoreland,2022-06,5,-5,0
15655,Westmoreland,2022-07,4,-4,0
15655,Westmoreland,2022-08,3,-3,0
15655,Westmoreland,2022-09,2,-2,0
15655,Westmoreland,2022-10,1,-1,0
15655,Westmoreland,2022-11,0,0,1
15655,Westmoreland,2022-12,-1,1,0
15656,Westmoreland,2022-01,10,-10,0
15656,Westmoreland,2022-02,9,-9,0
15656,Westmoreland,2022-03,8,-8,0
15656,Westmoreland,2022-04,7,-7,0
15656,Westmoreland,2022-05,6,-6,0
15656,Westmoreland,2022-06,5,-5,0
15656,Westmoreland,2022-07,4,-4,0
15656,Westmoreland,2022-08,3,-3,0
15656,Westmoreland,2022-09,2,-2,0
15656,Westmoreland,2022-10,1,-1,0
15656,Westmoreland,2022-11,0,0,1
15656,Westmoreland,2022-12,-1,1,0
15658,Westmoreland,2022-01,10,-10,0
15658,Westmoreland,2022-02,9,-9,0
15658,Westmoreland,2022-03,8,-8,0
15658,Westmoreland,2022-04,7,-7,0
15658,Westmoreland,2022-05,6,-6,0
15658,Westmoreland,2022-06,5,-5,0
15658,Westmoreland,2022-07,4,-4,0
15658,Westmoreland,2022-08,3,-3,0
15658,Westmoreland,2022-09,2,-2,0
15658,Westmoreland,2022-10,1,-1,0
15658,Westmoreland,2022-11,0,0,1
15658,Westmoreland,2022-12,-1,1,0
15660,Westmoreland,2022-01,10,-10,0
15660,Westmoreland,2022-02,9,-9,0
15660,Westmoreland,2022-03,8,-8,0
15660,Westmoreland,2022-04,7,-7,0
15660,Westmoreland,2022-05,6,-6,0
15660,Westmoreland,2022-06,5,-5,0
15660,Westmoreland,2022-07,4,-4,0
15660,Westmoreland,2022-08,3,-3,0
15660,Westmoreland,2022-09,2,-2,0
15660,Westmoreland,2022-10,1,-1,0
15660,Westmoreland,2022-11,0,0,1
15660,Westmoreland,2022-12,-1,1,0
15661,Westmoreland,2022-01,10,-10,0
15661,Westmoreland,2022-02,9,-9,0
15661,Westmoreland,2022-03,8,-8,0
15661,Westmoreland,2022-04,7,-7,0
15661,Westmoreland,2022-05,6,-6,0
15661,Westmoreland,2022-06,5,-5,0
15661,Westmoreland,2022-07,4,-4,0
15661,Westmoreland,2022-08,3,-3,0
15661,Westmoreland,2022-09,2,-2,0
15661,Westmoreland,2022-10,1,-1,0
15661,Westmoreland,2022-11,0,0,1
15661,Westmoreland,2022-12,-1,1,0
15662,Westmoreland,2022-01,10,-10,0
15662,Westmoreland,2022-02,9,-9,0
15662,Westmoreland,2022-03,8,-8,0
15662,Westmoreland,2022-04,7,-7,0
15662,Westmoreland,2022-05,6,-6,0
15662,Westmoreland,2022-06,5,-5,0
15662,Westmoreland,2022-07,4,-4,0
15662,Westmoreland,2022-08,3,-3,0
15662,Westmoreland,2022-09,2,-2,0
15662,Westmoreland,2022-10,1,-1,0
15662,Westmoreland,2022-11,0,0,1
15662,Westmoreland,2022-12,-1,1,0
15663,Westmoreland,2022-01,10,-10,0
15663,Westmoreland,2022-02,9,-9,0
15663,Westmoreland,2022-03,8,-8,0
15663,Westmoreland,2022-04,7,-7,0
15663,Westmoreland,2022-05,6,-6,0
15663,Westmoreland,2022-06,5,-5,0
15663,Westmoreland,2022-07,4,-4,0
15663,Westmoreland,2022-08,3,-3,0
15663,Westmoreland,2022-09,2,-2,0
15663,Westmoreland,2022-10,1,-1,0
15663,Westmoreland,2022-11,0,0,1
15663,Westmoreland,2022-12,-1,1,0
15665,Westmoreland,2022-01,10,-10,0
15665,Westmoreland,2022-02,9,-9,0
15665,Westmoreland,2022-03,8,-8,0
15665,Westmoreland,2022-04,7,-7,0
15665,Westmoreland,2022-05,6,-6,0
15665,Westmoreland,2022-06,5,-5,0
15665,Westmoreland,2022-07,4,-4,0
15665,Westmoreland,2022-08,3,-3,0
15665,Westmoreland,2022-09,2,-2,0
15665,Westmoreland,2022-10,1,-1,0
15665,Westmoreland,2022-11,0,0,1
15665,Westmoreland,2022-12,-1,1,0
15666,Westmoreland,2022-01,10,-10,0
15666,Westmoreland,2022-02,9,-9,0
15666,Westmoreland,2022-03,8,-8,0
15666,Westmoreland,2022-04,7,-7,0
15666,Westmoreland,2022-05,6,-6,0
15666,Westmoreland,2022-06,5,-5,0
15666,Westmoreland,2022-07,4,-4,0
15666,Westmoreland,2022-08,3,-3,0
15666,Westmoreland,2022-09,2,-2,0
15666,Westmoreland,2022-10,1,-1,0
15666,Westmoreland,2022-11,0,0,1
15666,Westmoreland,2022-12,-1,1,0
15668,Westmoreland,2022-01,10,-10,0
15668,Westmoreland,2022-02,9,-9,0
15668,Westmoreland,2022-03,8,-8,0
15668,Westmoreland,2022-04,7,-7,0
15668,Westmoreland,2022-05,6,-6,0
15668,Westmoreland,2022-06,5,-5,0
15668,Westmoreland,2022-07,4,-4,0
15668,Westmoreland,2022-08,3,-3,0
15668,Westmoreland,2022-09,2,-2,0
15668,Westmoreland,2022-10,1,-1,0
15668,Westmoreland,2022-11,0,0,1
15668,Westmoreland,2022-12,-1,1,0
15670,Westmoreland,2022-01,10,-10,0
15670,Westmoreland,2022-02,9,-9,0
15670,Westmoreland,2022-03,8,-8,0
15670,Westmoreland,2022-04,7,-7,0
15670,Westmoreland,2022-05,6,-6,0
15670,Westmoreland,2022-06,5,-5,0
15670,Westmoreland,2022-07,4,-4,0
15670,Westmoreland,2022-08,3,-3,0
15670,Westmoreland,2022-09,2,-2,0
15670,Westmoreland,2022-10,1,-1,0
15670,Westmoreland,2022-11,0,0,1
15670,Westmoreland,2022-12,-1,1,0
15671,Westmoreland,2022-01,10,-10,0
15671,Westmoreland,2022-02,9,-9,0
15671,Westmoreland,2022-03,8,-8,0
15671,Westmoreland,2022-04,7,-7,0
15671,Westmoreland,2022-05,6,-6,0
15671,Westmoreland,2022-06,5,-5,0
15671,Westmoreland,2022-07,4,-4,0
15671,Westmoreland,2022-08,3,-3,0
15671,Westmoreland,2022-09,2,-2,0
15671,Westmoreland,2022-10,1,-1,0
15671,Westmoreland,2022-11,0,0,1
15671,Westmoreland,2022-12,-1,1,0
15672,Westmoreland,2022-01,10,-10,0
15672,Westmoreland,2022-02,9,-9,0
15672,Westmoreland,2022-03,8,-8,0
15672,Westmoreland,2022-04,7,-7,0
15672,Westmoreland,2022-05,6,-6,0
15672,Westmoreland,2022-06,5,-5,0
15672,Westmoreland,2022-07,4,-4,0
15672,Westmoreland,2022-08,3,-3,0
15672,Westmoreland,2022-09,2,-2,0
15672,Westmoreland,2022-10,1,-1,0
15672,Westmoreland,2022-11,0,0,1
15672,Westmoreland,2022-12,-1,1,0
15673,Armstrong,2022-01,10,-10,0
15673,Armstrong,2022-02,9,-9,0
15673,Armstrong,2022-03,8,-8,0
15673,Armstrong,2022-04,7,-7,0
15673,Armstrong,2022-05,6,-6,0
15673,Armstrong,2022-06,5,-5,0
15673,Armstrong,2022-07,4,-4,0
15673,Armstrong,2022-08,3,-3,0
15673,Armstrong,2022-09,2,-2,0
15673,Armstrong,2022-10,1,-1,0
15673,Armstrong,2022-11,0,0,1
15673,Armstrong,2022-12,-1,1,0
15674,Westmoreland,2022-01,10,-10,0
15674,Westmoreland,2022-02,9,-9,0
15674,Westmoreland,2022-03,8,-8,0
15674,Westmoreland,2022-04,7,-7,0
15674,Westmoreland,2022-05,6,-6,0
15674,Westmoreland,2022-06,5,-5,0
15674,Westmoreland,2022-07,4,-4,0
15674,Westmoreland,2022-08,3,-3,0
15674,Westmoreland,2022-09,2,-2,0
15674,Westmoreland,2022-10,1,-1,0
15674,Westmoreland,2022-11,0,0,1
15674,Westmoreland,2022-12,-1,1,0
15675,Westmoreland,2022-01,10,-10,0
15675,Westmoreland,2022-02,9,-9,0
15675,Westmoreland,2022-03,8,-8,0
15675,Westmoreland,2022-04,7,-7,0
15675,Westmoreland,2022-05,6,-6,0
15675,Westmoreland,2022-06,5,-5,0
15675,Westmoreland,2022-07,4,-4,0
15675,Westmoreland,2022-08,3,-3,0
15675,Westmoreland,2022-09,2,-2,0
15675,Westmoreland,2022-10,1,-1,0
15675,Westmoreland,2022-11,0,0,1
15675,Westmoreland,2022-12,-1,1,0
15676,Westmoreland,2022-01,10,-10,0
15676,Westmoreland,2022-02,9,-9,0
15676,Westmoreland,2022-03,8,-8,0
15676,Westmoreland,2022-04,7,-7,0
15676,Westmoreland,2022-05,6,-6,0
15676,Westmoreland,2022-06,5,-5,0
15676,Westmoreland,2022-07,4,-4,0
15676,Westmoreland,2022-08,3,-3,0
15676,Westmoreland,2022-09,2,-2,0
15676,Westmoreland,2022-10,1,-1,0
15676,Westmoreland,2022-11,0,0,1
15676,Westmoreland,2022-12,-1,1,0
15677,Westmoreland,2022-01,10,-10,0
15677,Westmoreland,2022-02,9,-9,0
15677,Westmoreland,2022-03,8,-8,0
15677,Westmoreland,2022-04,7,-7,0
15677,Westmoreland,2022-05,6,-6,0
15677,Westmoreland,2022-06,5,-5,0
15677,Westmoreland,2022-07,4,-4,0
15677,Westmoreland,2022-08,3,-3,0
15677,Westmoreland,2022-09,2,-2,0
15677,Westmoreland,2022-10,1,-1,0
15677,Westmoreland,2022-11,0,0,1
15677,Westmoreland,2022-12,-1,1,0
15678,Westmoreland,2022-01,10,-10,0
15678,Westmoreland,2022-02,9,-9,0
15678,Westmoreland,2022-03,8,-8,0
15678,Westmoreland,2022-04,7,-7,0
15678,Westmoreland,2022-05,6,-6,0
15678,Westmoreland,2022-06,5,-5,0
15678,Westmoreland,2022-07,4,-4,0
15678,Westmoreland,2022-08,3,-3,0
15678,Westmoreland,2022-09,2,-2,0
15678,Westmoreland,2022-10,1,-1,0
15678,Westmoreland,2022-11,0,0,1
15678,Westmoreland,2022-12,-1,1,0
15679,Westmoreland,2022-01,10,-10,0
15679,Westmoreland,2022-02,9,-9,0
15679,Westmoreland,2022-03,8,-8,0
15679,Westmoreland,2022-04,7,-7,0
15679,Westmoreland,2022-05,6,-6,0
15679,Westmoreland,2022-06,5,-5,0
15679,Westmoreland,2022-07,4,-4,0
15679,Westmoreland,2022-08,3,-3,0
15679,Westmoreland,2022-09,2,-2,0
15679,Westmoreland,2022-10,1,-1,0
15679,Westmoreland,2022-11,0,0,1
15679,Westmoreland,2022-12,-1,1,0
15680,Westmoreland,2022-01,10,-10,0
15680,Westmoreland,2022-02,9,-9,0
15680,Westmoreland,2022-03,8,-8,0
15680,Westmoreland,2022-04,7,-7,0
15680,Westmoreland,2022-05,6,-6,0
15680,Westmoreland,2022-06,5,-5,0
15680,Westmoreland,2022-07,4,-4,0
15680,Westmoreland,2022-08,3,-3,0
15680,Westmoreland,2022-09,2,-2,0
15680,Westmoreland,2022-10,1,-1,0
15680,Westmoreland,2022-11,0,0,1
15680,Westmoreland,2022-12,-1,1,0
15681,Indiana,2022-01,10,-10,0
15681,Indiana,2022-02,9,-9,0
15681,Indiana,2022-03,8,-8,0
15681,Indiana,2022-04,7,-7,0
15681,Indiana,2022-05,6,-6,0
15681,Indiana,2022-06,5,-5,0
15681,Indiana,2022-07,4,-4,0
15681,Indiana,2022-08,3,-3,0
15681,Indiana,2022-09,2,-2,0
15681,Indiana,2022-10,1,-1,0
15681,Indiana,2022-11,0,0,1
15681,Indiana,2022-12,-1,1,0
15682,Armstrong,2022-01,10,-10,0
15682,Armstrong,2022-02,9,-9,0
15682,Armstrong,2022-03,8,-8,0
15682,Armstrong,2022-04,7,-7,0
15682,Armstrong,2022-05,6,-6,0
15682,Armstrong,2022-06,5,-5,0
15682,Armstrong,2022-07,4,-4,0
15682,Armstrong,2022-08,3,-3,0
15682,Armstrong,2022-09,2,-2,0
15682,Armstrong,2022-10,1,-1,0
15682,Armstrong,2022-11,0,0,1
15682,Armstrong,2022-12,-1,1,0
15683,Westmoreland,2022-01,10,-10,0
15683,Westmoreland,2022-02,9,-9,0
15683,Westmoreland,2022-03,8,-8,0
15683,Westmoreland,2022-04,7,-7,0
15683,Westmoreland,2022-05,6,-6,0
15683,Westmoreland,2022-06,5,-5,0
15683,Westmoreland,2022-07,4,-4,0
15683,Westmoreland,2022-08,3,-3,0
15683,Westmoreland,2022-09,2,-2,0
15683,Westmoreland,2022-10,1,-1,0
15683,Westmoreland,2022-11,0,0,1
15683,Westmoreland,2022-12,-1,1,0
15684,Westmoreland,2022-01,10,-10,0
15684,Westmoreland,2022-02,9,-9,0
15684,Westmoreland,2022-03,8,-8,0
15684,Westmoreland,2022-04,7,-7,0
15684,Westmoreland,2022-05,6,-6,0
15684,Westmoreland,2022-06,5,-5,0
15684,Westmoreland,2022-07,4,-4,0
15684,Westmoreland,2022-08,3,-3,0
15684,Westmoreland,2022-09,2,-2,0
15684,Westmoreland,2022-10,1,-1,0
15684,Westmoreland,2022-11,0,0,1
15684,Westmoreland,2022-12,-1,1,0
15686,Armstrong,2022-01,10,-10,0
15686,Armstrong,2022-02,9,-9,0
15686,Armstrong,2022-03,8,-8,0
15686,Armstrong,2022-04,7,-7,0
15686,Armstrong,2022-05,6,-6,0
15686,Armstrong,2022-06,5,-5,0
15686,Armstrong,2022-07,4,-4,0
15686,Armstrong,2022-08,3,-3,0
15686,Armstrong,2022-09,2,-2,0
15686,Armstrong,2022-10,1,-1,0
15686,Armstrong,2022-11,0,0,1
15686,Armstrong,2022-12,-1,1,0
15687,Westmoreland,2022-01,10,-10,0
15687,Westmoreland,2022-02,9,-9,0
15687,Westmoreland,2022-03,8,-8,0
15687,Westmoreland,2022-04,7,-7,0
15687,Westmoreland,2022-05,6,-6,0
15687,Westmoreland,2022-06,5,-5,0
15687,Westmoreland,2022-07,4,-4,0
15687,Westmoreland,2022-08,3,-3,0
15687,Westmoreland,2022-09,2,-2,0
15687,Westmoreland,2022-10,1,-1,0
15687,Westmoreland,2022-11,0,0,1
15687,Westmoreland,2022-12,-1,1,0
15688,Westmoreland,2022-01,10,-10,0
15688,Westmoreland,2022-02,9,-9,0
15688,Westmoreland,2022-03,8,-8,0
15688,Westmoreland,2022-04,7,-7,0
15688,Westmoreland,2022-05,6,-6,0
15688,Westmoreland,2022-06,5,-5,0
15688,Westmoreland,2022-07,4,-4,0
15688,Westmoreland,2022-08,3,-3,0
15688,Westmoreland,2022-09,2,-2,0
15688,Westmoreland,2022-10,1,-1,0
15688,Westmoreland,2022-11,0,0,1
15688,Westmoreland,2022-12,-1,1,0
15689,Westmoreland,2022-01,10,-10,0
15689,Westmoreland,2022-02,9,-9,0
15689,Westmoreland,2022-03,8,-8,0
15689,Westmoreland,2022-04,7,-7,0
15689,Westmoreland,2022-05,6,-6,0
15689,Westmoreland,2022-06,5,-5,0
15689,Westmoreland,2022-07,4,-4,0
15689,Westmoreland,2022-08,3,-3,0
15689,Westmoreland,2022-09,2,-2,0
15689,Westmoreland,2022-10,1,-1,0
15689,Westmoreland,2022-11,0,0,1
15689,Westmoreland,2022-12,-1,1,0
15690,Armstrong,2022-01,10,-10,0
15690,Armstrong,2022-02,9,-9,0
15690,Armstrong,2022-03,8,-8,0
15690,Armstrong,2022-04,7,-7,0
15690,Armstrong,2022-05,6,-6,0
15690,Armstrong,2022-06,5,-5,0
15690,Armstrong,2022-07,4,-4,0
15690,Armstrong,2022-08,3,-3,0
15690,Armstrong,2022-09,2,-2,0
15690,Armstrong,2022-10,1,-1,0
15690,Armstrong,2022-11,0,0,1
15690,Armstrong,2022-12,-1,1,0
15691,Westmoreland,2022-01,10,-10,0
15691,Westmoreland,2022-02,9,-9,0
15691,Westmoreland,2022-03,8,-8,0
15691,Westmoreland,2022-04,7,-7,0
15691,Westmoreland,2022-05,6,-6,0
15691,Westmoreland,2022-06,5,-5,0
15691,Westmoreland,2022-07,4,-4,0
15691,Westmoreland,2022-08,3,-3,0
15691,Westmoreland,2022-09,2,-2,0
15691,Westmoreland,2022-10,1,-1,0
15691,Westmoreland,2022-11,0,0,1
15691,Westmoreland,2022-12,-1,1,0
15692,Westmoreland,2022-01,10,-10,0
15692,Westmoreland,2022-02,9,-9,0
15692,Westmoreland,2022-03,8,-8,0
15692,Westmoreland,2022-04,7,-7,0
15692,Westmoreland,2022-05,6,-6,0
15692,Westmoreland,2022-06,5,-5,0
15692,Westmoreland,2022-07,4,-4,0
15692,Westmoreland,2022-08,3,-3,0
15692,Westmoreland,2022-09,2,-2,0
15692,Westmoreland,2022-10,1,-1,0
15692,Westmoreland,2022-11,0,0,1
15692,Westmoreland,2022-12,-1,1,0
15693,Westmoreland,2022-01,10,-10,0
15693,Westmoreland,2022-02,9,-9,0
15693,Westmoreland,2022-03,8,-8,0
15693,Westmoreland,2022-04,7,-7,0
15693,Westmoreland,2022-05,6,-6,0
15693,Westmoreland,2022-06,5,-5,0
15693,Westmoreland,2022-07,4,-4,0
15693,Westmoreland,2022-08,3,-3,0
15693,Westmoreland,2022-09,2,-2,0
15693,Westmoreland,2022-10,1,-1,0
15693,Westmoreland,2022-11,0,0,1
15693,Westmoreland,2022-12,-1,1,0
15695,Westmoreland,2022-01,10,-10,0
15695,Westmoreland,2022-02,9,-9,0
15695,Westmoreland,2022-03,8,-8,0
15695,Westmoreland,2022-04,7,-7,0
15695,Westmoreland,2022-05,6,-6,0
15695,Westmoreland,2022-06,5,-5,0
15695,Westmoreland,2022-07,4,-4,0
15695,Westmoreland,2022-08,3,-3,0
15695,Westmoreland,2022-09,2,-2,0
15695,Westmoreland,2022-10,1,-1,0
15695,Westmoreland,2022-11,0,0,1
15695,Westmoreland,2022-12,-1,1,0
15696,Westmoreland,2022-01,10,-10,0
15696,Westmoreland,2022-02,9,-9,0
15696,Westmoreland,2022-03,8,-8,0
15696,Westmoreland,2022-04,7,-7,0
15696,Westmoreland,2022-05,6,-6,0
15696,Westmoreland,2022-06,5,-5,0
15696,Westmoreland,2022-07,4,-4,0
15696,Westmoreland,2022-08,3,-3,0
15696,Westmoreland,2022-09,2,-2,0
15696,Westmoreland,2022-10,1,-1,0
15696,Westmoreland,2022-11,0,0,1
15696,Westmoreland,2022-12,-1,1,0
15697,Westmoreland,2022-01,10,-10,0
15697,Westmoreland,2022-02,9,-9,0
15697,Westmoreland,2022-03,8,-8,0
15697,Westmoreland,2022-04,7,-7,0
15697,Westmoreland,2022-05,6,-6,0
15697,Westmoreland,2022-06,5,-5,0
15697,Westmoreland,2022-07,4,-4,0
15697,Westmoreland,2022-08,3,-3,0
15697,Westmoreland,2022-09,2,-2,0
15697,Westmoreland,2022-10,1,-1,0
15697,Westmoreland,2022-11,0,0,1
15697,Westmoreland,2022-12,-1,1,0
15698,Westmoreland,2022-01,10,-10,0
15698,Westmoreland,2022-02,9,-9,0
15698,Westmoreland,2022-03,8,-8,0
15698,Westmoreland,2022-04,7,-7,0
15698,Westmoreland,2022-05,6,-6,0
15698,Westmoreland,2022-06,5,-5,0
15698,Westmoreland,2022-07,4,-4,0
15698,Westmoreland,2022-08,3,-3,0
15698,Westmoreland,2022-09,2,-2,0
15698,Westmoreland,2022-10,1,-1,0
15698,Westmoreland,2022-11,0,0,1
15698,Westmoreland,2022-12,-1,1,0
15701,Indiana,2022-01,10,-10,0
15701,Indiana,2022-02,9,-9,0
15701,Indiana,2022-03,8,-8,0
15701,Indiana,2022-04,7,-7,0
15701,Indiana,2022-05,6,-6,0
15701,Indiana,2022-06,5,-5,0
15701,Indiana,2022-07,4,-4,0
15701,Indiana,2022-08,3,-3,0
15701,Indiana,2022-09,2,-2,0
15701,Indiana,2022-10,1,-1,0
15701,Indiana,2022-11,0,0,1
15701,Indiana,2022-12,-1,1,0
15705,Indiana,2022-01,10,-10,0
15705,Indiana,2022-02,9,-9,0
15705,Indiana,2022-03,8,-8,0
15705,Indiana,2022-04,7,-7,0
15705,Indiana,2022-05,6,-6,0
15705,Indiana,2022-06,5,-5,0
15705,Indiana,2022-07,4,-4,0
15705,Indiana,2022-08,3,-3,0
15705,Indiana,2022-09,2,-2,0
15705,Indiana,2022-10,1,-1,0
15705,Indiana,2022-11,0,0,1
15705,Indiana,2022-12,-1,1,0
15710,Indiana,2022-01,10,-10,0
15710,Indiana,2022-02,9,-9,0
15710,Indiana,2022-03,8,-8,0
15710,Indiana,2022-04,7,-7,0
15710,Indiana,2022-05,6,-6,0
15710,Indiana,2022-06,5,-5,0
15710,Indiana,2022-07,4,-4,0
15710,Indiana,2022-08,3,-3,0
15710,Indiana,2022-09,2,-2,0
15710,Indiana,2022-10,1,-1,0
15710,Indiana,2022-11,0,0,1
15710,Indiana,2022-12,-1,1,0
15711,Jefferson,2022-01,10,-10,0
15711,Jefferson,2022-02,9,-9,0
15711,Jefferson,2022-03,8,-8,0
15711,Jefferson,2022-04,7,-7,0
15711,Jefferson,2022-05,6,-6,0
15711,Jefferson,2022-06,5,-5,0
15711,Jefferson,2022-07,4,-4,0
15711,Jefferson,2022-08,3,-3,0
15711,Jefferson,2022-09,2,-2,0
15711,Jefferson,2022-10,1,-1,0
15711,Jefferson,2022-11,0,0,1
15711,Jefferson,2022-12,-1,1,0
15712,Indiana,2022-01,10,-10,0
15712,Indiana,2022-02,9,-9,0
15712,Indiana,2022-03,8,-8,0
15712,Indiana,2022-04,7,-7,0
15712,Indiana,2022-05,6,-6,0
15712,Indiana,2022-06,5,-5,0
15712,Indiana,2022-07,4,-4,0
15712,Indiana,2022-08,3,-3,0
15712,Indiana,2022-09,2,-2,0
15712,Indiana,2022-10,1,-1,0
15712,Indiana,2022-11,0,0,1
15712,Indiana,2022-12,-1,1,0
15713,Indiana,2022-01,10,-10,0
15713,Indiana,2022-02,9,-9,0
15713,Indiana,2022-03,8,-8,0
15713,Indiana,2022-04,7,-7,0
15713,Indiana,2022-05,6,-6,0
15713,Indiana,2022-06,5,-5,0
15713,Indiana,2022-07,4,-4,0
15713,Indiana,2022-08,3,-3,0
15713,Indiana,2022-09,2,-2,0
15713,Indiana,2022-10,1,-1,0
15713,Indiana,2022-11,0,0,1
15713,Indiana,2022-12,-1,1,0
15714,Cambria,2022-01,10,-10,0
15714,Cambria,2022-02,9,-9,0
15714,Cambria,2022-03,8,-8,0
15714,Cambria,2022-04,7,-7,0
15714,Cambria,2022-05,6,-6,0
15714,Cambria,2022-06,5,-5,0
15714,Cambria,2022-07,4,-4,0
15714,Cambria,2022-08,3,-3,0
15714,Cambria,2022-09,2,-2,0
15714,Cambria,2022-10,1,-1,0
15714,Cambria,2022-11,0,0,1
15714,Cambria,2022-12,-1,1,0
15715,Jefferson,2022-01,10,-10,0
15715,Jefferson,2022-02,9,-9,0
15715,Jefferson,2022-03,8,-8,0
15715,Jefferson,2022-04,7,-7,0
15715,Jefferson,2022-05,6,-6,0
15715,Jefferson,2022-06,5,-5,0
15715,Jefferson,2022-07,4,-4,0
15715,Jefferson,2022-08,3,-3,0
15715,Jefferson,2022-09,2,-2,0
15715,Jefferson,2022-10,1,-1,0
15715,Jefferson,2022-11,0,0,1
15715,Jefferson,2022-12,-1,1,0
15716,Indiana,2022-01,10,-10,0
15716,Indiana,2022-02,9,-9,0
15716,Indiana,2022-03,8,-8,0
15716,Indiana,2022-04,7,-7,0
15716,Indiana,2022-05,6,-6,0
15716,Indiana,2022-06,5,-5,0
15716,Indiana,2022-07,4,-4,0
15716,Indiana,2022-08,3,-3,0
15716,Indiana,2022-09,2,-2,0
15716,Indiana,2022-10,1,-1,0
15716,Indiana,2022-11,0,0,1
15716,Indiana,2022-12,-1,1,0
15717,Indiana,2022-01,10,-10,0
15717,Indiana,2022-02,9,-9,0
15717,Indiana,2022-03,8,-8,0
15717,Indiana,2022-04,7,-7,0
15717,Indiana,2022-05,6,-6,0
15717,Indiana,2022-06,5,-5,0
15717,Indiana,2022-07,4,-4,0
15717,Indiana,2022-08,3,-3,0
15717,Indiana,2022-09,2,-2,0
15717,Indiana,2022-10,1,-1,0
15717,Indiana,2022-11,0,0,1
15717,Indiana,2022-12,-1,1,0
15720,Indiana,2022-01,10,-10,0
15720,Indiana,2022-02,9,-9,0
15720,Indiana,2022-03,8,-8,0
15720,Indiana,2022-04,7,-7,0
15720,Indiana,2022-05,6,-6,0
15720,Indiana,2022-06,5,-5,0
15720,Indiana,2022-07,4,-4,0
15720,Indiana,2022-08,3,-3,0
15720,Indiana,2022-09,2,-2,0
15720,Indiana,2022-10,1,-1,0
15720,Indiana,2022-11,0,0,1
15720,Indiana,2022-12,-1,1,0
15721,Clearfield,2022-01,10,-10,0
15721,Clearfield,2022-02,9,-9,0
15721,Clearfield,2022-03,8,-8,0
15721,Clearfield,2022-04,7,-7,0
15721,Clearfield,2022-05,6,-6,0
15721,Clearfield,2022-06,5,-5,0
15721,Clearfield,2022-07,4,-4,0
15721,Clearfield,2022-08,3,-3,0
15721,Clearfield,2022-09,2,-2,0
15721,Clearfield,2022-10,1,-1,0
15721,Clearfield,2022-11,0,0,1
15721,Clearfield,2022-12,-1,1,0
15722,Cambria,2022-01,10,-10,0
15722,Cambria,2022-02,9,-9,0
15722,Cambria,2022-03,8,-8,0
15722,Cambria,2022-04,7,-7,0
15722,Cambria,2022-05,6,-6,0
15722,Cambria,2022-06,5,-5,0
15722,Cambria,2022-07,4,-4,0
15722,Cambria,2022-08,3,-3,0
15722,Cambria,2022-09,2,-2,0
15722,Cambria,2022-10,1,-1,0
15722,Cambria,2022-11,0,0,1
15722,Cambria,2022-12,-1,1,0
15723,Indiana,2022-01,10,-10,0
15723,Indiana,2022-02,9,-9,0
15723,Indiana,2022-03,8,-8,0
15723,Indiana,2022-04,7,-7,0
15723,Indiana,2022-05,6,-6,0
15723,Indiana,2022-06,5,-5,0
15723,Indiana,2022-07,4,-4,0
15723,Indiana,2022-08,3,-3,0
15723,Indiana,2022-09,2,-2,0
15723,Indiana,2022-10,1,-1,0
15723,Indiana,2022-11,0,0,1
15723,Indiana,2022-12,-1,1,0
15724,Indiana,2022-01,10,-10,0
15724,Indiana,2022-02,9,-9,0
15724,Indiana,2022-03,8,-8,0
15724,Indiana,2022-04,7,-7,0
15724,Indiana,2022-05,6,-6,0
15724,Indiana,2022-06,5,-5,0
15724,Indiana,2022-07,4,-4,0
15724,Indiana,2022-08,3,-3,0
15724,Indiana,2022-09,2,-2,0
15724,Indiana,2022-10,1,-1,0
15724,Indiana,2022-11,0,0,1
15724,Indiana,2022-12,-1,1,0
15725,Indiana,2022-01,10,-10,0
15725,Indiana,2022-02,9,-9,0
15725,Indiana,2022-03,8,-8,0
15725,Indiana,2022-04,7,-7,0
15725,Indiana,2022-05,6,-6,0
15725,Indiana,2022-06,5,-5,0
15725,Indiana,2022-07,4,-4,0
15725,Indiana,2022-08,3,-3,0
15725,Indiana,2022-09,2,-2,0
15725,Indiana,2022-10,1,-1,0
15725,Indiana,2022-11,0,0,1
15725,Indiana,2022-12,-1,1,0
15727,Indiana,2022-01,10,-10,0
15727,Indiana,2022-02,9,-9,0
15727,Indiana,2022-03,8,-8,0
15727,Indiana,2022-04,7,-7,0
15727,Indiana,2022-05,6,-6,0
15727,Indiana,2022-06,5,-5,0
15727,Indiana,2022-07,4,-4,0
15727,Indiana,2022-08,3,-3,0
15727,Indiana,2022-09,2,-2,0
15727,Indiana,2022-10,1,-1,0
15727,Indiana,2022-11,0,0,1
15727,Indiana,2022-12,-1,1,0
15728,Indiana,2022-01,10,-10,0
15728,Indiana,2022-02,9,-9,0
15728,Indiana,2022-03,8,-8,0
15728,Indiana,2022-04,7,-7,0
15728,Indiana,2022-05,6,-6,0
15728,Indiana,2022-06,5,-5,0
15728,Indiana,2022-07,4,-4,0
15728,Indiana,2022-08,3,-3,0
15728,Indiana,2022-09,2,-2,0
15728,Indiana,2022-10,1,-1,0
15728,Indiana,2022-11,0,0,1
15728,Indiana,2022-12,-1,1,0
15729,Indiana,2022-01,10,-10,0
15729,Indiana,2022-02,9,-9,0
15729,Indiana,2022-03,8,-8,0
15729,Indiana,2022-04,7,-7,0
15729,Indiana,2022-05,6,-6,0
15729,Indiana,2022-06,5,-5,0
15729,Indiana,2022-07,4,-4,0
15729,Indiana,2022-08,3,-3,0
15729,Indiana,2022-09,2,-2,0
15729,Indiana,2022-10,1,-1,0
15729,Indiana,2022-11,0,0,1
15729,Indiana,2022-12,-1,1,0
15730,Jefferson,2022-01,10,-10,0
15730,Jefferson,2022-02,9,-9,0
15730,Jefferson,2022-03,8,-8,0
15730,Jefferson,2022-04,7,-7,0
15730,Jefferson,2022-05,6,-6,0
15730,Jefferson,2022-06,5,-5,0
15730,Jefferson,2022-07,4,-4,0
15730,Jefferson,2022-08,3,-3,0
15730,Jefferson,2022-09,2,-2,0
15730,Jefferson,2022-10,1,-1,0
15730,Jefferson,2022-11,0,0,1
15730,Jefferson,2022-12,-1,1,0
15731,Indiana,2022-01,10,-10,0
15731,Indiana,2022-02,9,-9,0
15731,Indiana,2022-03,8,-8,0
15731,Indiana,2022-04,7,-7,0
15731,Indiana,2022-05,6,-6,0
15731,Indiana,2022-06,5,-5,0
15731,Indiana,2022-07,4,-4,0
15731,Indiana,2022-08,3,-3,0
15731,Indiana,2022-09,2,-2,0
15731,Indiana,2022-10,1,-1,0
15731,Indiana,2022-11,0,0,1
15731,Indiana,2022-12,-1,1,0
15732,Indiana,2022-01,10,-10,0
15732,Indiana,2022-02,9,-9,0
15732,Indiana,2022-03,8,-8,0
15732,Indiana,2022-04,7,-7,0
15732,Indiana,2022-05,6,-6,0
15732,Indiana,2022-06,5,-5,0
15732,Indiana,2022-07,4,-4,0
15732,Indiana,2022-08,3,-3,0
15732,Indiana,2022-09,2,-2,0
15732,Indiana,2022-10,1,-1,0
15732,Indiana,2022-11,0,0,1
15732,Indiana,2022-12,-1,1,0
15733,Jefferson,2022-01,10,-10,0
15733,Jefferson,2022-02,9,-9,0
15733,Jefferson,2022-03,8,-8,0
15733,Jefferson,2022-04,7,-7,0
15733,Jefferson,2022-05,6,-6,0
15733,Jefferson,2022-06,5,-5,0
15733,Jefferson,2022-07,4,-4,0
15733,Jefferson,2022-08,3,-3,0
15733,Jefferson,2022-09,2,-2,0
15733,Jefferson,2022-10,1,-1,0
15733,Jefferson,2022-11,0,0,1
15733,Jefferson,2022-12,-1,1,0
15734,Indiana,2022-01,10,-10,0
15734,Indiana,2022-02,9,-9,0
15734,Indiana,2022-03,8,-8,0
15734,Indiana,2022-04,7,-7,0
15734,Indiana,2022-05,6,-6,0
15734,Indiana,2022-06,5,-5,0
15734,Indiana,2022-07,4,-4,0
15734,Indiana,2022-08,3,-3,0
15734,Indiana,2022-09,2,-2,0
15734,Indiana,2022-10,1,-1,0
15734,Indiana,2022-11,0,0,1
15734,Indiana,2022-12,-1,1,0
15736,Armstrong,2022-01,10,-10,0
15736,Armstrong,2022-02,9,-9,0
15736,Armstrong,2022-03,8,-8,0
15736,Armstrong,2022-04,7,-7,0
15736,Armstrong,2022-05,6,-6,0
15736,Armstrong,2022-06,5,-5,0
15736,Armstrong,2022-07,4,-4,0
15736,Armstrong,2022-08,3,-3,0
15736,Armstrong,2022-09,2,-2,0
15736,Armstrong,2022-10,1,-1,0
15736,Armstrong,2022-11,0,0,1
15736,Armstrong,2022-12,-1,1,0
15737,Cambria,2022-01,10,-10,0
15737,Cambria,2022-02,9,-9,0
15737,Cambria,2022-03,8,-8,0
15737,Cambria,2022-04,7,-7,0
15737,Cambria,2022-05,6,-6,0
15737,Cambria,2022-06,5,-5,0
15737,Cambria,2022-07,4,-4,0
15737,Cambria,2022-08,3,-3,0
15737,Cambria,2022-09,2,-2,0
15737,Cambria,2022-10,1,-1,0
15737,Cambria,2022-11,0,0,1
15737,Cambria,2022-12,-1,1,0
15738,Cambria,2022-01,10,-10,0
15738,Cambria,2022-02,9,-9,0
15738,Cambria,2022-03,8,-8,0
15738,Cambria,2022-04,7,-7,0
15738,Cambria,2022-05,6,-6,0
15738,Cambria,2022-06,5,-5,0
15738,Cambria,2022-07,4,-4,0
15738,Cambria,2022-08,3,-3,0
15738,Cambria,2022-09,2,-2,0
15738,Cambria,2022-10,1,-1,0
15738,Cambria,2022-11,0,0,1
15738,Cambria,2022-12,-1,1,0
15739,Indiana,2022-01,10,-10,0
15739,Indiana,2022-02,9,-9,0
15739,Indiana,2022-03,8,-8,0
15739,Indiana,2022-04,7,-7,0
15739,Indiana,2022-05,6,-6,0
15739,Indiana,2022-06,5,-5,0
15739,Indiana,2022-07,4,-4,0
15739,Indiana,2022-08,3,-3,0
15739,Indiana,2022-09,2,-2,0
15739,Indiana,2022-10,1,-1,0
15739,Indiana,2022-11,0,0,1
15739,Indiana,2022-12,-1,1,0
15741,Indiana,2022-01,10,-10,0
15741,Indiana,2022-02,9,-9,0
15741,Indiana,2022-03,8,-8,0
15741,Indiana,2022-04,7,-7,0
15741,Indiana,2022-05,6,-6,0
15741,Indiana,2022-06,5,-5,0
15741,Indiana,2022-07,4,-4,0
15741,Indiana,2022-08,3,-3,0
15741,Indiana,2022-09,2,-2,0
15741,Indiana,2022-10,1,-1,0
15741,Indiana,2022-11,0,0,1
15741,Indiana,2022-12,-1,1,0
15742,Indiana,2022-01,10,-10,0
15742,Indiana,2022-02,9,-9,0
15742,Indiana,2022-03,8,-8,0
15742,Indiana,2022-04,7,-7,0
15742,Indiana,2022-05,6,-6,0
15742,Indiana,2022-06,5,-5,0
15742,Indiana,2022-07,4,-4,0
15742,Indiana,2022-08,3,-3,0
15742,Indiana,2022-09,2,-2,0
15742,Indiana,2022-10,1,-1,0
15742,Indiana,2022-11,0,0,1
15742,Indiana,2022-12,-1,1,0
15744,Jefferson,2022-01,10,-10,0
15744,Jefferson,2022-02,9,-9,0
15744,Jefferson,2022-03,8,-8,0
15744,Jefferson,2022-04,7,-7,0
15744,Jefferson,2022-05,6,-6,0
15744,Jefferson,2022-06,5,-5,0
15744,Jefferson,2022-07,4,-4,0
15744,Jefferson,2022-08,3,-3,0
15744,Jefferson,2022-09,2,-2,0
15744,Jefferson,2022-10,1,-1,0
15744,Jefferson,2022-11,0,0,1
15744,Jefferson,2022-12,-1,1,0
15745,Indiana,2022-01,10,-10,0
15745,Indiana,2022-02,9,-9,0
15745,Indiana,2022-03,8,-8,0
15745,Indiana,2022-04,7,-7,0
15745,Indiana,2022-05,6,-6,0
15745,Indiana,2022-06,5,-5,0
15745,Indiana,2022-07,4,-4,0
15745,Indiana,2022-08,3,-3,0
15745,Indiana,2022-09,2,-2,0
15745,Indiana,2022-10,1,-1,0
15745,Indiana,2022-11,0,0,1
15745,Indiana,2022-12,-1,1,0
15746,Indiana,2022-01,10,-10,0
15746,Indiana,2022-02,9,-9,0
15746,Indiana,2022-03,8,-8,0
15746,Indiana,2022-04,7,-7,0
15746,Indiana,2022-05,6,-6,0
15746,Indiana,2022-06,5,-5,0
15746,Indiana,2022-07,4,-4,0
15746,Indiana,2022-08,3,-3,0
15746,Indiana,2022-09,2,-2,0
15746,Indiana,2022-10,1,-1,0
15746,Indiana,2022-11,0,0,1
15746,Indiana,2022-12,-1,1,0
15747,Indiana,2022-01,10,-10,0
15747,Indiana,2022-02,9,-9,0
15747,Indiana,2022-03,8,-8,0
15747,Indiana,2022-04,7,-7,0
15747,Indiana,2022-05,6,-6,0
15747,Indiana,2022-06,5,-5,0
15747,Indiana,2022-07,4,-4,0
15747,Indiana,2022-08,3,-3,0
15747,Indiana,2022-09,2,-2,0
15747,Indiana,2022-10,1,-1,0
15747,Indiana,2022-11,0,0,1
15747,Indiana,2022-12,-1,1,0
15748,Indiana,2022-01,10,-10,0
15748,Indiana,2022-02,9,-9,0
15748,Indiana,2022-03,8,-8,0
15748,Indiana,2022-04,7,-7,0
15748,Indiana,2022-05,6,-6,0
15748,Indiana,2022-06,5,-5,0
15748,Indiana,2022-07,4,-4,0
15748,Indiana,2022-08,3,-3,0
15748,Indiana,2022-09,2,-2,0
15748,Indiana,2022-10,1,-1,0
15748,Indiana,2022-11,0,0,1
15748,Indiana,2022-12,-1,1,0
15750,Indiana,2022-01,10,-10,0
15750,Indiana,2022-02,9,-9,0
15750,Indiana,2022-03,8,-8,0
15750,Indiana,2022-04,7,-7,0
15750,Indiana,2022-05,6,-6,0
15750,Indiana,2022-06,5,-5,0
15750,Indiana,2022-07,4,-4,0
15750,Indiana,2022-08,3,-3,0
15750,Indiana,2022-09,2,-2,0
15750,Indiana,2022-10,1,-1,0
15750,Indiana,2022-11,0,0,1
15750,Indiana,2022-12,-1,1,0
15752,Indiana,2022-01,10,-10,0
15752,Indiana,2022-02,9,-9,0
15752,Indiana,2022-03,8,-8,0
15752,Indiana,2022-04,7,-7,0
15752,Indiana,2022-05,6,-6,0
15752,Indiana,2022-06,5,-5,0
15752,Indiana,2022-07,4,-4,0
15752,Indiana,2022-08,3,-3,0
15752,Indiana,2022-09,2,-2,0
15752,Indiana,2022-10,1,-1,0
15752,Indiana,2022-11,0,0,1
15752,Indiana,2022-12,-1,1,0
15753,Clearfield,2022-01,10,-10,0
15753,Clearfield,2022-02,9,-9,0
15753,Clearfield,2022-03,8,-8,0
15753,Clearfield,2022-04,7,-7,0
15753,Clearfield,2022-05,6,-6,0
15753,Clearfield,2022-06,5,-5,0
15753,Clearfield,2022-07,4,-4,0
15753,Clearfield,2022-08,3,-3,0
15753,Clearfield,2022-09,2,-2,0
15753,Clearfield,2022-10,1,-1,0
15753,Clearfield,2022-11,0,0,1
15753,Clearfield,2022-12,-1,1,0
15754,Indiana,2022-01,10,-10,0
15754,Indiana,2022-02,9,-9,0
15754,Indiana,2022-03,8,-8,0
15754,Indiana,2022-04,7,-7,0
15754,Indiana,2022-05,6,-6,0
15754,Indiana,2022-06,5,-5,0
15754,Indiana,2022-07,4,-4,0
15754,Indiana,2022-08,3,-3,0
15754,Indiana,2022-09,2,-2,0
15754,Indiana,2022-10,1,-1,0
15754,Indiana,2022-11,0,0,1
15754,Indiana,2022-12,-1,1,0
15756,Indiana,2022-01,10,-10,0
15756,Indiana,2022-02,9,-9,0
15756,Indiana,2022-03,8,-8,0
15756,Indiana,2022-04,7,-7,0
15756,Indiana,2022-05,6,-6,0
15756,Indiana,2022-06,5,-5,0
15756,Indiana,2022-07,4,-4,0
15756,Indiana,2022-08,3,-3,0
15756,Indiana,2022-09,2,-2,0
15756,Indiana,2022-10,1,-1,0
15756,Indiana,2022-11,0,0,1
15756,Indiana,2022-12,-1,1,0
15757,Clearfield,2022-01,10,-10,0
15757,Clearfield,2022-02,9,-9,0
15757,Clearfield,2022-03,8,-8,0
15757,Clearfield,2022-04,7,-7,0
15757,Clearfield,2022-05,6,-6,0
15757,Clearfield,2022-06,5,-5,0
15757,Clearfield,2022-07,4,-4,0
15757,Clearfield,2022-08,3,-3,0
15757,Clearfield,2022-09,2,-2,0
15757,Clearfield,2022-10,1,-1,0
15757,Clearfield,2022-11,0,0,1
15757,Clearfield,2022-12,-1,1,0
15759,Indiana,2022-01,10,-10,0
15759,Indiana,2022-02,9,-9,0
15759,Indiana,2022-03,8,-8,0
15759,Indiana,2022-04,7,-7,0
15759,Indiana,2022-05,6,-6,0
15759,Indiana,2022-06,5,-5,0
15759,Indiana,2022-07,4,-4,0
15759,Indiana,2022-08,3,-3,0
15759,Indiana,2022-09,2,-2,0
15759,Indiana,2022-10,1,-1,0
15759,Indiana,2022-11,0,0,1
15759,Indiana,2022-12,-1,1,0
15760,Cambria,2022-01,10,-10,0
15760,Cambria,2022-02,9,-9,0
15760,Cambria,2022-03,8,-8,0
15760,Cambria,2022-04,7,-7,0
15760,Cambria,2022-05,6,-6,0
15760,Cambria,2022-06,5,-5,0
15760,Cambria,2022-07,4,-4,0
15760,Cambria,2022-08,3,-3,0
15760,Cambria,2022-09,2,-2,0
15760,Cambria,2022-10,1,-1,0
15760,Cambria,2022-11,0,0,1
15760,Cambria,2022-12,-1,1,0
15761,Indiana,2022-01,10,-10,0
15761,Indiana,2022-02,9,-9,0
15761,Indiana,2022-03,8,-8,0
15761,Indiana,2022-04,7,-7,0
15761,Indiana,2022-05,6,-6,0
15761,Indiana,2022-06,5,-5,0
15761,Indiana,2022-07,4,-4,0
15761,Indiana,2022-08,3,-3,0
15761,Indiana,2022-09,2,-2,0
15761,Indiana,2022-10,1,-1,0
15761,Indiana,2022-11,0,0,1
15761,Indiana,2022-12,-1,1,0
15762,Cambria,2022-01,10,-10,0
15762,Cambria,2022-02,9,-9,0
15762,Cambria,2022-03,8,-8,0
15762,Cambria,2022-04,7,-7,0
15762,Cambria,2022-05,6,-6,0
15762,Cambria,2022-06,5,-5,0
15762,Cambria,2022-07,4,-4,0
15762,Cambria,2022-08,3,-3,0
15762,Cambria,2022-09,2,-2,0
15762,Cambria,2022-10,1,-1,0
15762,Cambria,2022-11,0,0,1
15762,Cambria,2022-12,-1,1,0
15763,Indiana,2022-01,10,-10,0
15763,Indiana,2022-02,9,-9,0
15763,Indiana,2022-03,8,-8,0
15763,Indiana,2022-04,7,-7,0
15763,Indiana,2022-05,6,-6,0
15763,Indiana,2022-06,5,-5,0
15763,Indiana,2022-07,4,-4,0
15763,Indiana,2022-08,3,-3,0
15763,Indiana,2022-09,2,-2,0
15763,Indiana,2022-10,1,-1,0
15763,Indiana,2022-11,0,0,1
15763,Indiana,2022-12,-1,1,0
15764,Jefferson,2022-01,10,-10,0
15764,Jefferson,2022-02,9,-9,0
15764,Jefferson,2022-03,8,-8,0
15764,Jefferson,2022-04,7,-7,0
15764,Jefferson,2022-05,6,-6,0
15764,Jefferson,2022-06,5,-5,0
15764,Jefferson,2022-07,4,-4,0
15764,Jefferson,2022-08,3,-3,0
15764,Jefferson,2022-09,2,-2,0
15764,Jefferson,2022-10,1,-1,0
15764,Jefferson,2022-11,0,0,1
15764,Jefferson,2022-12,-1,1,0
15765,Indiana,2022-01,10,-10,0
15765,Indiana,2022-02,9,-9,0
15765,Indiana,2022-03,8,-8,0
15765,Indiana,2022-04,7,-7,0
15765,Indiana,2022-05,6,-6,0
15765,Indiana,2022-06,5,-5,0
15765,Indiana,2022-07,4,-4,0
15765,Indiana,2022-08,3,-3,0
15765,Indiana,2022-09,2,-2,0
15765,Indiana,2022-10,1,-1,0
15765,Indiana,2022-11,0,0,1
15765,Indiana,2022-12,-1,1,0
15767,Jefferson,2022-01,10,-10,0
15767,Jefferson,2022-02,9,-9,0
15767,Jefferson,2022-03,8,-8,0
15767,Jefferson,2022-04,7,-7,0
15767,Jefferson,2022-05,6,-6,0
15767,Jefferson,2022-06,5,-5,0
15767,Jefferson,2022-07,4,-4,0
15767,Jefferson,2022-08,3,-3,0
15767,Jefferson,2022-09,2,-2,0
15767,Jefferson,2022-10,1,-1,0
15767,Jefferson,2022-11,0,0,1
15767,Jefferson,2022-12,-1,1,0
15770,Jefferson,2022-01,10,-10,0
15770,Jefferson,2022-02,9,-9,0
15770,Jefferson,2022-03,8,-8,0
15770,Jefferson,2022-04,7,-7,0
15770,Jefferson,2022-05,6,-6,0
15770,Jefferson,2022-06,5,-5,0
15770,Jefferson,2022-07,4,-4,0
15770,Jefferson,2022-08,3,-3,0
15770,Jefferson,2022-09,2,-2,0
15770,Jefferson,2022-10,1,-1,0
15770,Jefferson,2022-11,0,0,1
15770,Jefferson,2022-12,-1,1,0
15771,Indiana,2022-01,10,-10,0
15771,Indiana,2022-02,9,-9,0
15771,Indiana,2022-03,8,-8,0
15771,Indiana,2022-04,7,-7,0
15771,Indiana,2022-05,6,-6,0
15771,Indiana,2022-06,5,-5,0
15771,Indiana,2022-07,4,-4,0
15771,Indiana,2022-08,3,-3,0
15771,Indiana,2022-09,2,-2,0
15771,Indiana,2022-10,1,-1,0
15771,Indiana,2022-11,0,0,1
15771,Indiana,2022-12,-1,1,0
15772,Indiana,2022-01,10,-10,0
15772,Indiana,2022-02,9,-9,0
15772,Indiana,2022-03,8,-8,0
15772,Indiana,2022-04,7,-7,0
15772,Indiana,2022-05,6,-6,0
15772,Indiana,2022-06,5,-5,0
15772,Indiana,2022-07,4,-4,0
15772,Indiana,2022-08,3,-3,0
15772,Indiana,2022-09,2,-2,0
15772,Indiana,2022-10,1,-1,0
15772,Indiana,2022-11,0,0,1
15772,Indiana,2022-12,-1,1,0
15773,Cambria,2022-01,10,-10,0
15773,Cambria,2022-02,9,-9,0
15773,Cambria,2022-03,8,-8,0
15773,Cambria,2022-04,7,-7,0
15773,Cambria,2022-05,6,-6,0
15773,Cambria,2022-06,5,-5,0
15773,Cambria,2022-07,4,-4,0
15773,Cambria,2022-08,3,-3,0
15773,Cambria,2022-09,2,-2,0
15773,Cambria,2022-10,1,-1,0
15773,Cambria,2022-11,0,0,1
15773,Cambria,2022-12,-1,1,0
15774,Armstrong,2022-01,10,-10,0
15774,Armstrong,2022-02,9,-9,0
15774,Armstrong,2022-03,8,-8,0
15774,Armstrong,2022-04,7,-7,0
15774,Armstrong,2022-05,6,-6,0
15774,Armstrong,2022-06,5,-5,0
15774,Armstrong,2022-07,4,-4,0
15774,Armstrong,2022-08,3,-3,0
15774,Armstrong,2022-09,2,-2,0
15774,Armstrong,2022-10,1,-1,0
15774,Armstrong,2022-11,0,0,1
15774,Armstrong,2022-12,-1,1,0
15775,Cambria,2022-01,10,-10,0
15775,Cambria,2022-02,9,-9,0
15775,Cambria,2022-03,8,-8,0
15775,Cambria,2022-04,7,-7,0
15775,Cambria,2022-05,6,-6,0
15775,Cambria,2022-06,5,-5,0
15775,Cambria,2022-07,4,-4,0
15775,Cambria,2022-08,3,-3,0
15775,Cambria,2022-09,2,-2,0
15775,Cambria,2022-10,1,-1,0
15775,Cambria,2022-11,0,0,1
15775,Cambria,2022-12,-1,1,0
15776,Jefferson,2022-01,10,-10,0
15776,Jefferson,2022-02,9,-9,0
15776,Jefferson,2022-03,8,-8,0
15776,Jefferson,2022-04,7,-7,0
15776,Jefferson,2022-05,6,-6,0
15776,Jefferson,2022-06,5,-5,0
15776,Jefferson,2022-07,4,-4,0
15776,Jefferson,2022-08,3,-3,0
15776,Jefferson,2022-09,2,-2,0
15776,Jefferson,2022-10,1,-1,0
15776,Jefferson,2022-11,0,0,1
15776,Jefferson,2022-12,-1,1,0
15777,Indiana,2022-01,10,-10,0
15777,Indiana,2022-02,9,-9,0
15777,Indiana,2022-03,8,-8,0
15777,Indiana,2022-04,7,-7,0
15777,Indiana,2022-05,6,-6,0
15777,Indiana,2022-06,5,-5,0
15777,Indiana,2022-07,4,-4,0
15777,Indiana,2022-08,3,-3,0
15777,Indiana,2022-09,2,-2,0
15777,Indiana,2022-10,1,-1,0
15777,Indiana,2022-11,0,0,1
15777,Indiana,2022-12,-1,1,0
15778,Jefferson,2022-01,10,-10,0
15778,Jefferson,2022-02,9,-9,0
15778,Jefferson,2022-03,8,-8,0
15778,Jefferson,2022-04,7,-7,0
15778,Jefferson,2022-05,6,-6,0
15778,Jefferson,2022-06,5,-5,0
15778,Jefferson,2022-07,4,-4,0
15778,Jefferson,2022-08,3,-3,0
15778,Jefferson,2022-09,2,-2,0
15778,Jefferson,2022-10,1,-1,0
15778,Jefferson,2022-11,0,0,1
15778,Jefferson,2022-12,-1,1,0
15779,Westmoreland,2022-01,10,-10,0
15779,Westmoreland,2022-02,9,-9,0
15779,Westmoreland,2022-03,8,-8,0
15779,Westmoreland,2022-04,7,-7,0
15779,Westmoreland,2022-05,6,-6,0
15779,Westmoreland,2022-06,5,-5,0
15779,Westmoreland,2022-07,4,-4,0
15779,Westmoreland,2022-08,3,-3,0
15779,Westmoreland,2022-09,2,-2,0
15779,Westmoreland,2022-10,1,-1,0
15779,Westmoreland,2022-11,0,0,1
15779,Westmoreland,2022-12,-1,1,0
15780,Jefferson,2022-01,10,-10,0
15780,Jefferson,2022-02,9,-9,0
15780,Jefferson,2022-03,8,-8,0
15780,Jefferson,2022-04,7,-7,0
15780,Jefferson,2022-05,6,-6,0
15780,Jefferson,2022-06,5,-5,0
15780,Jefferson,2022-07,4,-4,0
15780,Jefferson,2022-08,3,-3,0
15780,Jefferson,2022-09,2,-2,0
15780,Jefferson,2022-10,1,-1,0
15780,Jefferson,2022-11,0,0,1
15780,Jefferson,2022-12,-1,1,0
15781,Jefferson,2022-01,10,-10,0
15781,Jefferson,2022-02,9,-9,0
15781,Jefferson,2022-03,8,-8,0
15781,Jefferson,2022-04,7,-7,0
15781,Jefferson,2022-05,6,-6,0
15781,Jefferson,2022-06,5,-5,0
15781,Jefferson,2022-07,4,-4,0
15781,Jefferson,2022-08,3,-3,0
15781,Jefferson,2022-09,2,-2,0
15781,Jefferson,2022-10,1,-1,0
15781,Jefferson,2022-11,0,0,1
15781,Jefferson,2022-12,-1,1,0
15783,Indiana,2022-01,10,-10,0
15783,Indiana,2022-02,9,-9,0
15783,Indiana,2022-03,8,-8,0
15783,Indiana,2022-04,7,-7,0
15783,Indiana,2022-05,6,-6,0
15783,Indiana,2022-06,5,-5,0
15783,Indiana,2022-07,4,-4,0
15783,Indiana,2022-08,3,-3,0
15783,Indiana,2022-09,2,-2,0
15783,Indiana,2022-10,1,-1,0
15783,Indiana,2022-11,0,0,1
15783,Indiana,2022-12,-1,1,0
15784,Jefferson,2022-01,10,-10,0
15784,Jefferson,2022-02,9,-9,0
15784,Jefferson,2022-03,8,-8,0
15784,Jefferson,2022-04,7,-7,0
15784,Jefferson,2022-05,6,-6,0
15784,Jefferson,2022-06,5,-5,0
15784,Jefferson,2022-07,4,-4,0
15784,Jefferson,2022-08,3,-3,0
15784,Jefferson,2022-09,2,-2,0
15784,Jefferson,2022-10,1,-1,0
15784,Jefferson,2022-11,0,0,1
15784,Jefferson,2022-12,-1,1,0
15801,Clearfield,2022-01,10,-10,0
15801,Clearfield,2022-02,9,-9,0
15801,Clearfield,2022-03,8,-8,0
15801,Clearfield,2022-04,7,-7,0
15801,Clearfield,2022-05,6,-6,0
15801,Clearfield,2022-06,5,-5,0
15801,Clearfield,2022-07,4,-4,0
15801,Clearfield,2022-08,3,-3,0
15801,Clearfield,2022-09,2,-2,0
15801,Clearfield,2022-10,1,-1,0
15801,Clearfield,2022-11,0,0,1
15801,Clearfield,2022-12,-1,1,0
15821,Elk,2022-01,10,-10,0
15821,Elk,2022-02,9,-9,0
15821,Elk,2022-03,8,-8,0
15821,Elk,2022-04,7,-7,0
15821,Elk,2022-05,6,-6,0
15821,Elk,2022-06,5,-5,0
15821,Elk,2022-07,4,-4,0
15821,Elk,2022-08,3,-3,0
15821,Elk,2022-09,2,-2,0
15821,Elk,2022-10,1,-1,0
15821,Elk,2022-11,0,0,1
15821,Elk,2022-12,-1,1,0
15823,Elk,2022-01,10,-10,0
15823,Elk,2022-02,9,-9,0
15823,Elk,2022-03,8,-8,0
15823,Elk,2022-04,7,-7,0
15823,Elk,2022-05,6,-6,0
15823,Elk,2022-06,5,-5,0
15823,Elk,2022-07,4,-4,0
15823,Elk,2022-08,3,-3,0
15823,Elk,2022-09,2,-2,0
15823,Elk,2022-10,1,-1,0
15823,Elk,2022-11,0,0,1
15823,Elk,2022-12,-1,1,0
15824,Jefferson,2022-01,10,-10,0
15824,Jefferson,2022-02,9,-9,0
15824,Jefferson,2022-03,8,-8,0
15824,Jefferson,2022-04,7,-7,0
15824,Jefferson,2022-05,6,-6,0
15824,Jefferson,2022-06,5,-5,0
15824,Jefferson,2022-07,4,-4,0
15824,Jefferson,2022-08,3,-3,0
15824,Jefferson,2022-09,2,-2,0
15824,Jefferson,2022-10,1,-1,0
15824,Jefferson,2022-11,0,0,1
15824,Jefferson,2022-12,-1,1,0
15825,Jefferson,2022-01,10,-10,0
15825,Jefferson,2022-02,9,-9,0
15825,Jefferson,2022-03,8,-8,0
15825,Jefferson,2022-04,7,-7,0
15825,Jefferson,2022-05,6,-6,0
15825,Jefferson,2022-06,5,-5,0
15825,Jefferson,2022-07,4,-4,0
15825,Jefferson,2022-08,3,-3,0
15825,Jefferson,2022-09,2,-2,0
15825,Jefferson,2022-10,1,-1,0
15825,Jefferson,2022-11,0,0,1
15825,Jefferson,2022-12,-1,1,0
15827,Elk,2022-01,10,-10,0
15827,Elk,2022-02,9,-9,0
15827,Elk,2022-03,8,-8,0
15827,Elk,2022-04,7,-7,0
15827,Elk,2022-05,6,-6,0
15827,Elk,2022-06,5,-5,0
15827,Elk,2022-07,4,-4,0
15827,Elk,2022-08,3,-3,0
15827,Elk,2022-09,2,-2,0
15827,Elk,2022-10,1,-1,0
15827,Elk,2022-11,0,0,1
15827,Elk,2022-12,-1,1,0
15828,Forest,2022-01,10,-10,0
15828,Forest,2022-02,9,-9,0
15828,Forest,2022-03,8,-8,0
15828,Forest,2022-04,7,-7,0
15828,Forest,2022-05,6,-6,0
15828,Forest,2022-06,5,-5,0
15828,Forest,2022-07,4,-4,0
15828,Forest,2022-08,3,-3,0
15828,Forest,2022-09,2,-2,0
15828,Forest,2022-10,1,-1,0
15828,Forest,2022-11,0,0,1
15828,Forest,2022-12,-1,1,0
15829,Jefferson,2022-01,10,-10,0
15829,Jefferson,2022-02,9,-9,0
15829,Jefferson,2022-03,8,-8,0
15829,Jefferson,2022-04,7,-7,0
15829,Jefferson,2022-05,6,-6,0
15829,Jefferson,2022-06,5,-5,0
15829,Jefferson,2022-07,4,-4,0
15829,Jefferson,2022-08,3,-3,0
15829,Jefferson,2022-09,2,-2,0
15829,Jefferson,2022-10,1,-1,0
15829,Jefferson,2022-11,0,0,1
15829,Jefferson,2022-12,-1,1,0
15831,Elk,2022-01,10,-10,0
15831,Elk,2022-02,9,-9,0
15831,Elk,2022-03,8,-8,0
15831,Elk,2022-04,7,-7,0
15831,Elk,2022-05,6,-6,0
15831,Elk,2022-06,5,-5,0
15831,Elk,2022-07,4,-4,0
15831,Elk,2022-08,3,-3,0
15831,Elk,2022-09,2,-2,0
15831,Elk,2022-10,1,-1,0
15831,Elk,2022-11,0,0,1
15831,Elk,2022-12,-1,1,0
15832,Cameron,2022-01,10,-10,0
15832,Cameron,2022-02,9,-9,0
15832,Cameron,2022-03,8,-8,0
15832,Cameron,2022-04,7,-7,0
15832,Cameron,2022-05,6,-6,0
15832,Cameron,2022-06,5,-5,0
15832,Cameron,2022-07,4,-4,0
15832,Cameron,2022-08,3,-3,0
15832,Cameron,2022-09,2,-2,0
15832,Cameron,2022-10,1,-1,0
15832,Cameron,2022-11,0,0,1
15832,Cameron,2022-12,-1,1,0
15834,Cameron,2022-01,10,-10,0
15834,Cameron,2022-02,9,-9,0
15834,Cameron,2022-03,8,-8,0
15834,Cameron,2022-04,7,-7,0
15834,Cameron,2022-05,6,-6,0
15834,Cameron,2022-06,5,-5,0
15834,Cameron,2022-07,4,-4,0
15834,Cameron,2022-08,3,-3,0
15834,Cameron,2022-09,2,-2,0
15834,Cameron,2022-10,1,-1,0
15834,Cameron,2022-11,0,0,1
15834,Cameron,2022-12,-1,1,0
15840,Jefferson,2022-01,10,-10,0
15840,Jefferson,2022-02,9,-9,0
15840,Jefferson,2022-03,8,-8,0
15840,Jefferson,2022-04,7,-7,0
15840,Jefferson,2022-05,6,-6,0
15840,Jefferson,2022-06,5,-5,0
15840,Jefferson,2022-07,4,-4,0
15840,Jefferson,2022-08,3,-3,0
15840,Jefferson,2022-09,2,-2,0
15840,Jefferson,2022-10,1,-1,0
15840,Jefferson,2022-11,0,0,1
15840,Jefferson,2022-12,-1,1,0
15841,Elk,2022-01,10,-10,0
15841,Elk,2022-02,9,-9,0
15841,Elk,2022-03,8,-8,0
15841,Elk,2022-04,7,-7,0
15841,Elk,2022-05,6,-6,0
15841,Elk,2022-06,5,-5,0
15841,Elk,2022-07,4,-4,0
15841,Elk,2022-08,3,-3,0
15841,Elk,2022-09,2,-2,0
15841,Elk,2022-10,1,-1,0
15841,Elk,2022-11,0,0,1
15841,Elk,2022-12,-1,1,0
15845,Elk,2022-01,10,-10,0
15845,Elk,2022-02,9,-9,0
15845,Elk,2022-03,8,-8,0
15845,Elk,2022-04,7,-7,0
15845,Elk,2022-05,6,-6,0
15845,Elk,2022-06,5,-5,0
15845,Elk,2022-07,4,-4,0
15845,Elk,2022-08,3,-3,0
15845,Elk,2022-09,2,-2,0
15845,Elk,2022-10,1,-1,0
15845,Elk,2022-11,0,0,1
15845,Elk,2022-12,-1,1,0
15846,Elk,2022-01,10,-10,0
15846,Elk,2022-02,9,-9,0
15846,Elk,2022-03,8,-8,0
15846,Elk,2022-04,7,-7,0
15846,Elk,2022-05,6,-6,0
15846,Elk,2022-06,5,-5,0
15846,Elk,2022-07,4,-4,0
15846,Elk,2022-08,3,-3,0
15846,Elk,2022-09,2,-2,0
15846,Elk,2022-10,1,-1,0
15846,Elk,2022-11,0,0,1
15846,Elk,2022-12,-1,1,0
15847,Jefferson,2022-01,10,-10,0
15847,Jefferson,2022-02,9,-9,0
15847,Jefferson,2022-03,8,-8,0
15847,Jefferson,2022-04,7,-7,0
15847,Jefferson,2022-05,6,-6,0
15847,Jefferson,2022-06,5,-5,0
15847,Jefferson,2022-07,4,-4,0
15847,Jefferson,2022-08,3,-3,0
15847,Jefferson,2022-09,2,-2,0
15847,Jefferson,2022-10,1,-1,0
15847,Jefferson,2022-11,0,0,1
15847,Jefferson,2022-12,-1,1,0
15848,Clearfield,2022-01,10,-10,0
15848,Clearfield,2022-02,9,-9,0
15848,Clearfield,2022-03,8,-8,0
15848,Clearfield,2022-04,7,-7,0
15848,Clearfield,2022-05,6,-6,0
15848,Clearfield,2022-06,5,-5,0
15848,Clearfield,2022-07,4,-4,0
15848,Clearfield,2022-08,3,-3,0
15848,Clearfield,2022-09,2,-2,0
15848,Clearfield,2022-10,1,-1,0
15848,Clearfield,2022-11,0,0,1
15848,Clearfield,2022-12,-1,1,0
15849,Clearfield,2022-01,10,-10,0
15849,Clearfield,2022-02,9,-9,0
15849,Clearfield,2022-03,8,-8,0
15849,Clearfield,2022-04,7,-7,0
15849,Clearfield,2022-05,6,-6,0
15849,Clearfield,2022-06,5,-5,0
15849,Clearfield,2022-07,4,-4,0
15849,Clearfield,2022-08,3,-3,0
15849,Clearfield,2022-09,2,-2,0
15849,Clearfield,2022-10,1,-1,0
15849,Clearfield,2022-11,0,0,1
15849,Clearfield,2022-12,-1,1,0
15851,Jefferson,2022-01,10,-10,0
15851,Jefferson,2022-02,9,-9,0
15851,Jefferson,2022-03,8,-8,0
15851,Jefferson,2022-04,7,-7,0
15851,Jefferson,2022-05,6,-6,0
15851,Jefferson,2022-06,5,-5,0
15851,Jefferson,2022-07,4,-4,0
15851,Jefferson,2022-08,3,-3,0
15851,Jefferson,2022-09,2,-2,0
15851,Jefferson,2022-10,1,-1,0
15851,Jefferson,2022-11,0,0,1
15851,Jefferson,2022-12,-1,1,0
15853,Elk,2022-01,10,-10,0
15853,Elk,2022-02,9,-9,0
15853,Elk,2022-03,8,-8,0
15853,Elk,2022-04,7,-7,0
15853,Elk,2022-05,6,-6,0
15853,Elk,2022-06,5,-5,0
15853,Elk,2022-07,4,-4,0
15853,Elk,2022-08,3,-3,0
15853,Elk,2022-09,2,-2,0
15853,Elk,2022-10,1,-1,0
15853,Elk,2022-11,0,0,1
15853,Elk,2022-12,-1,1,0
15856,Clearfield,2022-01,10,-10,0
15856,Clearfield,2022-02,9,-9,0
15856,Clearfield,2022-03,8,-8,0
15856,Clearfield,2022-04,7,-7,0
15856,Clearfield,2022-05,6,-6,0
15856,Clearfield,2022-06,5,-5,0
15856,Clearfield,2022-07,4,-4,0
15856,Clearfield,2022-08,3,-3,0
15856,Clearfield,2022-09,2,-2,0
15856,Clearfield,2022-10,1,-1,0
15856,Clearfield,2022-11,0,0,1
15856,Clearfield,2022-12,-1,1,0
15857,Elk,2022-01,10,-10,0
15857,Elk,2022-02,9,-9,0
15857,Elk,2022-03,8,-8,0
15857,Elk,2022-04,7,-7,0
15857,Elk,2022-05,6,-6,0
15857,Elk,2022-06,5,-5,0
15857,Elk,2022-07,4,-4,0
15857,Elk,2022-08,3,-3,0
15857,Elk,2022-09,2,-2,0
15857,Elk,2022-10,1,-1,0
15857,Elk,2022-11,0,0,1
15857,Elk,2022-12,-1,1,0
15860,Jefferson,2022-01,10,-10,0
15860,Jefferson,2022-02,9,-9,0
15860,Jefferson,2022-03,8,-8,0
15860,Jefferson,2022-04,7,-7,0
15860,Jefferson,2022-05,6,-6,0
15860,Jefferson,2022-06,5,-5,0
15860,Jefferson,2022-07,4,-4,0
15860,Jefferson,2022-08,3,-3,0
15860,Jefferson,2022-09,2,-2,0
15860,Jefferson,2022-10,1,-1,0
15860,Jefferson,2022-11,0,0,1
15860,Jefferson,2022-12,-1,1,0
15861,Cameron,2022-01,10,-10,0
15861,Cameron,2022-02,9,-9,0
15861,Cameron,2022-03,8,-8,0
15861,Cameron,2022-04,7,-7,0
15861,Cameron,2022-05,6,-6,0
15861,Cameron,2022-06,5,-5,0
15861,Cameron,2022-07,4,-4,0
15861,Cameron,2022-08,3,-3,0
15861,Cameron,2022-09,2,-2,0
15861,Cameron,2022-10,1,-1,0
15861,Cameron,2022-11,0,0,1
15861,Cameron,2022-12,-1,1,0
15863,Jefferson,2022-01,10,-10,0
15863,Jefferson,2022-02,9,-9,0
15863,Jefferson,2022-03,8,-8,0
15863,Jefferson,2022-04,7,-7,0
15863,Jefferson,2022-05,6,-6,0
15863,Jefferson,2022-06,5,-5,0
15863,Jefferson,2022-07,4,-4,0
15863,Jefferson,2022-08,3,-3,0
15863,Jefferson,2022-09,2,-2,0
15863,Jefferson,2022-10,1,-1,0
15863,Jefferson,2022-11,0,0,1
15863,Jefferson,2022-12,-1,1,0
15864,Jefferson,2022-01,10,-10,0
15864,Jefferson,2022-02,9,-9,0
15864,Jefferson,2022-03,8,-8,0
15864,Jefferson,2022-04,7,-7,0
15864,Jefferson,2022-05,6,-6,0
15864,Jefferson,2022-06,5,-5,0
15864,Jefferson,2022-07,4,-4,0
15864,Jefferson,2022-08,3,-3,0
15864,Jefferson,2022-09,2,-2,0
15864,Jefferson,2022-10,1,-1,0
15864,Jefferson,2022-11,0,0,1
15864,Jefferson,2022-12,-1,1,0
15865,Jefferson,2022-01,10,-10,0
15865,Jefferson,2022-02,9,-9,0
15865,Jefferson,2022-03,8,-8,0
15865,Jefferson,2022-04,7,-7,0
15865,Jefferson,2022-05,6,-6,0
15865,Jefferson,2022-06,5,-5,0
15865,Jefferson,2022-07,4,-4,0
15865,Jefferson,2022-08,3,-3,0
15865,Jefferson,2022-09,2,-2,0
15865,Jefferson,2022-10,1,-1,0
15865,Jefferson,2022-11,0,0,1
15865,Jefferson,2022-12,-1,1,0
15866,Clearfield,2022-01,10,-10,0
15866,Clearfield,2022-02,9,-9,0
15866,Clearfield,2022-03,8,-8,0
15866,Clearfield,2022-04,7,-7,0
15866,Clearfield,2022-05,6,-6,0
15866,Clearfield,2022-06,5,-5,0
15866,Clearfield,2022-07,4,-4,0
15866,Clearfield,2022-08,3,-3,0
15866,Clearfield,2022-09,2,-2,0
15866,Clearfield,2022-10,1,-1,0
15866,Clearfield,2022-11,0,0,1
15866,Clearfield,2022-12,-1,1,0
15868,Elk,2022-01,10,-10,0
15868,Elk,2022-02,9,-9,0
15868,Elk,2022-03,8,-8,0
15868,Elk,2022-04,7,-7,0
15868,Elk,2022-05,6,-6,0
15868,Elk,2022-06,5,-5,0
15868,Elk,2022-07,4,-4,0
15868,Elk,2022-08,3,-3,0
15868,Elk,2022-09,2,-2,0
15868,Elk,2022-10,1,-1,0
15868,Elk,2022-11,0,0,1
15868,Elk,2022-12,-1,1,0
15870,Elk,2022-01,10,-10,0
15870,Elk,2022-02,9,-9,0
15870,Elk,2022-03,8,-8,0
15870,Elk,2022-04,7,-7,0
15870,Elk,2022-05,6,-6,0
15870,Elk,2022-06,5,-5,0
15870,Elk,2022-07,4,-4,0
15870,Elk,2022-08,3,-3,0
15870,Elk,2022-09,2,-2,0
15870,Elk,2022-10,1,-1,0
15870,Elk,2022-11,0,0,1
15870,Elk,2022-12,-1,1,0
15901,Cambria,2022-01,10,-10,0
15901,Cambria,2022-02,9,-9,0
15901,Cambria,2022-03,8,-8,0
15901,Cambria,2022-04,7,-7,0
15901,Cambria,2022-05,6,-6,0
15901,Cambria,2022-06,5,-5,0
15901,Cambria,2022-07,4,-4,0
15901,Cambria,2022-08,3,-3,0
15901,Cambria,2022-09,2,-2,0
15901,Cambria,2022-10,1,-1,0
15901,Cambria,2022-11,0,0,1
15901,Cambria,2022-12,-1,1,0
15902,Cambria,2022-01,10,-10,0
15902,Cambria,2022-02,9,-9,0
15902,Cambria,2022-03,8,-8,0
15902,Cambria,2022-04,7,-7,0
15902,Cambria,2022-05,6,-6,0
15902,Cambria,2022-06,5,-5,0
15902,Cambria,2022-07,4,-4,0
15902,Cambria,2022-08,3,-3,0
15902,Cambria,2022-09,2,-2,0
15902,Cambria,2022-10,1,-1,0
15902,Cambria,2022-11,0,0,1
15902,Cambria,2022-12,-1,1,0
15904,Cambria,2022-01,10,-10,0
15904,Cambria,2022-02,9,-9,0
15904,Cambria,2022-03,8,-8,0
15904,Cambria,2022-04,7,-7,0
15904,Cambria,2022-05,6,-6,0
15904,Cambria,2022-06,5,-5,0
15904,Cambria,2022-07,4,-4,0
15904,Cambria,2022-08,3,-3,0
15904,Cambria,2022-09,2,-2,0
15904,Cambria,2022-10,1,-1,0
15904,Cambria,2022-11,0,0,1
15904,Cambria,2022-12,-1,1,0
15905,Cambria,2022-01,10,-10,0
15905,Cambria,2022-02,9,-9,0
15905,Cambria,2022-03,8,-8,0
15905,Cambria,2022-04,7,-7,0
15905,Cambria,2022-05,6,-6,0
15905,Cambria,2022-06,5,-5,0
15905,Cambria,2022-07,4,-4,0
15905,Cambria,2022-08,3,-3,0
15905,Cambria,2022-09,2,-2,0
15905,Cambria,2022-10,1,-1,0
15905,Cambria,2022-11,0,0,1
15905,Cambria,2022-12,-1,1,0
15906,Cambria,2022-01,10,-10,0
15906,Cambria,2022-02,9,-9,0
15906,Cambria,2022-03,8,-8,0
15906,Cambria,2022-04,7,-7,0
15906,Cambria,2022-05,6,-6,0
15906,Cambria,2022-06,5,-5,0
15906,Cambria,2022-07,4,-4,0
15906,Cambria,2022-08,3,-3,0
15906,Cambria,2022-09,2,-2,0
15906,Cambria,2022-10,1,-1,0
15906,Cambria,2022-11,0,0,1
15906,Cambria,2022-12,-1,1,0
15909,Cambria,2022-01,10,-10,0
15909,Cambria,2022-02,9,-9,0
15909,Cambria,2022-03,8,-8,0
15909,Cambria,2022-04,7,-7,0
15909,Cambria,2022-05,6,-6,0
15909,Cambria,2022-06,5,-5,0
15909,Cambria,2022-07,4,-4,0
15909,Cambria,2022-08,3,-3,0
15909,Cambria,2022-09,2,-2,0
15909,Cambria,2022-10,1,-1,0
15909,Cambria,2022-11,0,0,1
15909,Cambria,2022-12,-1,1,0
15920,Indiana,2022-01,10,-10,0
15920,Indiana,2022-02,9,-9,0
15920,Indiana,2022-03,8,-8,0
15920,Indiana,2022-04,7,-7,0
15920,Indiana,2022-05,6,-6,0
15920,Indiana,2022-06,5,-5,0
15920,Indiana,2022-07,4,-4,0
15920,Indiana,2022-08,3,-3,0
15920,Indiana,2022-09,2,-2,0
15920,Indiana,2022-10,1,-1,0
15920,Indiana,2022-11,0,0,1
15920,Indiana,2022-12,-1,1,0
15921,Cambria,2022-01,10,-10,0
15921,Cambria,2022-02,9,-9,0
15921,Cambria,2022-03,8,-8,0
15921,Cambria,2022-04,7,-7,0
15921,Cambria,2022-05,6,-6,0
15921,Cambria,2022-06,5,-5,0
15921,Cambria,2022-07,4,-4,0
15921,Cambria,2022-08,3,-3,0
15921,Cambria,2022-09,2,-2,0
15921,Cambria,2022-10,1,-1,0
15921,Cambria,2022-11,0,0,1
15921,Cambria,2022-12,-1,1,0
15922,Cambria,2022-01,10,-10,0
15922,Cambria,2022-02,9,-9,0
15922,Cambria,2022-03,8,-8,0
15922,Cambria,2022-04,7,-7,0
15922,Cambria,2022-05,6,-6,0
15922,Cambria,2022-06,5,-5,0
15922,Cambria,2022-07,4,-4,0
15922,Cambria,2022-08,3,-3,0
15922,Cambria,2022-09,2,-2,0
15922,Cambria,2022-10,1,-1,0
15922,Cambria,2022-11,0,0,1
15922,Cambria,2022-12,-1,1,0
15923,Westmoreland,2022-01,10,-10,0
15923,Westmoreland,2022-02,9,-9,0
15923,Westmoreland,2022-03,8,-8,0
15923,Westmoreland,2022-04,7,-7,0
15923,Westmoreland,2022-05,6,-6,0
15923,Westmoreland,2022-06,5,-5,0
15923,Westmoreland,2022-07,4,-4,0
15923,Westmoreland,2022-08,3,-3,0
15923,Westmoreland,2022-09,2,-2,0
15923,Westmoreland,2022-10,1,-1,0
15923,Westmoreland,2022-11,0,0,1
15923,Westmoreland,2022-12,-1,1,0
15924,Somerset,2022-01,10,-10,0
15924,Somerset,2022-02,9,-9,0
15924,Somerset,2022-03,8,-8,0
15924,Somerset,2022-04,7,-7,0
15924,Somerset,2022-05,6,-6,0
15924,Somerset,2022-06,5,-5,0
15924,Somerset,2022-07,4,-4,0
15924,Somerset,2022-08,3,-3,0
15924,Somerset,2022-09,2,-2,0
15924,Somerset,2022-10,1,-1,0
15924,Somerset,2022-11,0,0,1
15924,Somerset,2022-12,-1,1,0
15925,Cambria,2022-01,10,-10,0
15925,Cambria,2022-02,9,-9,0
15925,Cambria,2022-03,8,-8,0
15925,Cambria,2022-04,7,-7,0
15925,Cambria,2022-05,6,-6,0
15925,Cambria,2022-06,5,-5,0
15925,Cambria,2022-07,4,-4,0
15925,Cambria,2022-08,3,-3,0
15925,Cambria,2022-09,2,-2,0
15925,Cambria,2022-10,1,-1,0
15925,Cambria,2022-11,0,0,1
15925,Cambria,2022-12,-1,1,0
15926,Somerset,2022-01,10,-10,0
15926,Somerset,2022-02,9,-9,0
15926,Somerset,2022-03,8,-8,0
15926,Somerset,2022-04,7,-7,0
15926,Somerset,2022-05,6,-6,0
15926,Somerset,2022-06,5,-5,0
15926,Somerset,2022-07,4,-4,0
15926,Somerset,2022-08,3,-3,0
15926,Somerset,2022-09,2,-2,0
15926,Somerset,2022-10,1,-1,0
15926,Somerset,2022-11,0,0,1
15926,Somerset,2022-12,-1,1,0
15927,Cambria,2022-01,10,-10,0
15927,Cambria,2022-02,9,-9,0
15927,Cambria,2022-03,8,-8,0
15927,Cambria,2022-04,7,-7,0
15927,Cambria,2022-05,6,-6,0
15927,Cambria,2022-06,5,-5,0
15927,Cambria,2022-07,4,-4,0
15927,Cambria,2022-08,3,-3,0
15927,Cambria,2022-09,2,-2,0
15927,Cambria,2022-10,1,-1,0
15927,Cambria,2022-11,0,0,1
15927,Cambria,2022-12,-1,1,0
15928,Somerset,2022-01,10,-10,0
15928,Somerset,2022-02,9,-9,0
15928,Somerset,2022-03,8,-8,0
15928,Somerset,2022-04,7,-7,0
15928,Somerset,2022-05,6,-6,0
15928,Somerset,2022-06,5,-5,0
15928,Somerset,2022-07,4,-4,0
15928,Somerset,2022-08,3,-3,0
15928,Somerset,2022-09,2,-2,0
15928,Somerset,2022-10,1,-1,0
15928,Somerset,2022-11,0,0,1
15928,Somerset,2022-12,-1,1,0
15929,Indiana,2022-01,10,-10,0
15929,Indiana,2022-02,9,-9,0
15929,Indiana,2022-03,8,-8,0
15929,Indiana,2022-04,7,-7,0
15929,Indiana,2022-05,6,-6,0
15929,Indiana,2022-06,5,-5,0
15929,Indiana,2022-07,4,-4,0
15929,Indiana,2022-08,3,-3,0
15929,Indiana,2022-09,2,-2,0
15929,Indiana,2022-10,1,-1,0
15929,Indiana,2022-11,0,0,1
15929,Indiana,2022-12,-1,1,0
15930,Cambria,2022-01,10,-10,0
15930,Cambria,2022-02,9,-9,0
15930,Cambria,2022-03,8,-8,0
15930,Cambria,2022-04,7,-7,0
15930,Cambria,2022-05,6,-6,0
15930,Cambria,2022-06,5,-5,0
15930,Cambria,2022-07,4,-4,0
15930,Cambria,2022-08,3,-3,0
15930,Cambria,2022-09,2,-2,0
15930,Cambria,2022-10,1,-1,0
15930,Cambria,2022-11,0,0,1
15930,Cambria,2022-12,-1,1,0
15931,Cambria,2022-01,10,-10,0
15931,Cambria,2022-02,9,-9,0
15931,Cambria,2022-03,8,-8,0
15931,Cambria,2022-04,7,-7,0
15931,Cambria,2022-05,6,-6,0
15931,Cambria,2022-06,5,-5,0
15931,Cambria,2022-07,4,-4,0
15931,Cambria,2022-08,3,-3,0
15931,Cambria,2022-09,2,-2,0
15931,Cambria,2022-10,1,-1,0
15931,Cambria,2022-11,0,0,1
15931,Cambria,2022-12,-1,1,0
15934,Cambria,2022-01,10,-10,0
15934,Cambria,2022-02,9,-9,0
15934,Cambria,2022-03,8,-8,0
15934,Cambria,2022-04,7,-7,0
15934,Cambria,2022-05,6,-6,0
15934,Cambria,2022-06,5,-5,0
15934,Cambria,2022-07,4,-4,0
15934,Cambria,2022-08,3,-3,0
15934,Cambria,2022-09,2,-2,0
15934,Cambria,2022-10,1,-1,0
15934,Cambria,2022-11,0,0,1
15934,Cambria,2022-12,-1,1,0
15935,Somerset,2022-01,10,-10,0
15935,Somerset,2022-02,9,-9,0
15935,Somerset,2022-03,8,-8,0
15935,Somerset,2022-04,7,-7,0
15935,Somerset,2022-05,6,-6,0
15935,Somerset,2022-06,5,-5,0
15935,Somerset,2022-07,4,-4,0
15935,Somerset,2022-08,3,-3,0
15935,Somerset,2022-09,2,-2,0
15935,Somerset,2022-10,1,-1,0
15935,Somerset,2022-11,0,0,1
15935,Somerset,2022-12,-1,1,0
15936,Somerset,2022-01,10,-10,0
15936,Somerset,2022-02,9,-9,0
15936,Somerset,2022-03,8,-8,0
15936,Somerset,2022-04,7,-7,0
15936,Somerset,2022-05,6,-6,0
15936,Somerset,2022-06,5,-5,0
15936,Somerset,2022-07,4,-4,0
15936,Somerset,2022-08,3,-3,0
15936,Somerset,2022-09,2,-2,0
15936,Somerset,2022-10,1,-1,0
15936,Somerset,2022-11,0,0,1
15936,Somerset,2022-12,-1,1,0
15937,Somerset,2022-01,10,-10,0
15937,Somerset,2022-02,9,-9,0
15937,Somerset,2022-03,8,-8,0
15937,Somerset,2022-04,7,-7,0
15937,Somerset,2022-05,6,-6,0
15937,Somerset,2022-06,5,-5,0
15937,Somerset,2022-07,4,-4,0
15937,Somerset,2022-08,3,-3,0
15937,Somerset,2022-09,2,-2,0
15937,Somerset,2022-10,1,-1,0
15937,Somerset,2022-11,0,0,1
15937,Somerset,2022-12,-1,1,0
15938,Cambria,2022-01,10,-10,0
15938,Cambria,2022-02,9,-9,0
15938,Cambria,2022-03,8,-8,0
15938,Cambria,2022-04,7,-7,0
15938,Cambria,2022-05,6,-6,0
15938,Cambria,2022-06,5,-5,0
15938,Cambria,2022-07,4,-4,0
15938,Cambria,2022-08,3,-3,0
15938,Cambria,2022-09,2,-2,0
15938,Cambria,2022-10,1,-1,0
15938,Cambria,2022-11,0,0,1
15938,Cambria,2022-12,-1,1,0
15940,Cambria,2022-01,10,-10,0
15940,Cambria,2022-02,9,-9,0
15940,Cambria,2022-03,8,-8,0
15940,Cambria,2022-04,7,-7,0
15940,Cambria,2022-05,6,-6,0
15940,Cambria,2022-06,5,-5,0
15940,Cambria,2022-07,4,-4,0
15940,Cambria,2022-08,3,-3,0
15940,Cambria,2022-09,2,-2,0
15940,Cambria,2022-10,1,-1,0
15940,Cambria,2022-11,0,0,1
15940,Cambria,2022-12,-1,1,0
15942,Cambria,2022-01,10,-10,0
15942,Cambria,2022-02,9,-9,0
15942,Cambria,2022-03,8,-8,0
15942,Cambria,2022-04,7,-7,0
15942,Cambria,2022-05,6,-6,0
15942,Cambria,2022-06,5,-5,0
15942,Cambria,2022-07,4,-4,0
15942,Cambria,2022-08,3,-3,0
15942,Cambria,2022-09,2,-2,0
15942,Cambria,2022-10,1,-1,0
15942,Cambria,2022-11,0,0,1
15942,Cambria,2022-12,-1,1,0
15943,Cambria,2022-01,10,-10,0
15943,Cambria,2022-02,9,-9,0
15943,Cambria,2022-03,8,-8,0
15943,Cambria,2022-04,7,-7,0
15943,Cambria,2022-05,6,-6,0
15943,Cambria,2022-06,5,-5,0
15943,Cambria,2022-07,4,-4,0
15943,Cambria,2022-08,3,-3,0
15943,Cambria,2022-09,2,-2,0
15943,Cambria,2022-10,1,-1,0
15943,Cambria,2022-11,0,0,1
15943,Cambria,2022-12,-1,1,0
15944,Westmoreland,2022-01,10,-10,0
15944,Westmoreland,2022-02,9,-9,0
15944,Westmoreland,2022-03,8,-8,0
15944,Westmoreland,2022-04,7,-7,0
15944,Westmoreland,2022-05,6,-6,0
15944,Westmoreland,2022-06,5,-5,0
15944,Westmoreland,2022-07,4,-4,0
15944,Westmoreland,2022-08,3,-3,0
15944,Westmoreland,2022-09,2,-2,0
15944,Westmoreland,2022-10,1,-1,0
15944,Westmoreland,2022-11,0,0,1
15944,Westmoreland,2022-12,-1,1,0
15945,Cambria,2022-01,10,-10,0
15945,Cambria,2022-02,9,-9,0
15945,Cambria,2022-03,8,-8,0
15945,Cambria,2022-04,7,-7,0
15945,Cambria,2022-05,6,-6,0
15945,Cambria,2022-06,5,-5,0
15945,Cambria,2022-07,4,-4,0
15945,Cambria,2022-08,3,-3,0
15945,Cambria,2022-09,2,-2,0
15945,Cambria,2022-10,1,-1,0
15945,Cambria,2022-11,0,0,1
15945,Cambria,2022-12,-1,1,0
15946,Cambria,2022-01,10,-10,0
15946,Cambria,2022-02,9,-9,0
15946,Cambria,2022-03,8,-8,0
15946,Cambria,2022-04,7,-7,0
15946,Cambria,2022-05,6,-6,0
15946,Cambria,2022-06,5,-5,0
15946,Cambria,2022-07,4,-4,0
15946,Cambria,2022-08,3,-3,0
15946,Cambria,2022-09,2,-2,0
15946,Cambria,2022-10,1,-1,0
15946,Cambria,2022-11,0,0,1
15946,Cambria,2022-12,-1,1,0
15948,Cambria,2022-01,10,-10,0
15948,Cambria,2022-02,9,-9,0
15948,Cambria,2022-03,8,-8,0
15948,Cambria,2022-04,7,-7,0
15948,Cambria,2022-05,6,-6,0
15948,Cambria,2022-06,5,-5,0
15948,Cambria,2022-07,4,-4,0
15948,Cambria,2022-08,3,-3,0
15948,Cambria,2022-09,2,-2,0
15948,Cambria,2022-10,1,-1,0
15948,Cambria,2022-11,0,0,1
15948,Cambria,2022-12,-1,1,0
15949,Indiana,2022-01,10,-10,0
15949,Indiana,2022-02,9,-9,0
15949,Indiana,2022-03,8,-8,0
15949,Indiana,2022-04,7,-7,0
15949,Indiana,2022-05,6,-6,0
15949,Indiana,2022-06,5,-5,0
15949,Indiana,2022-07,4,-4,0
15949,Indiana,2022-08,3,-3,0
15949,Indiana,2022-09,2,-2,0
15949,Indiana,2022-10,1,-1,0
15949,Indiana,2022-11,0,0,1
15949,Indiana,2022-12,-1,1,0
15951,Cambria,2022-01,10,-10,0
15951,Cambria,2022-02,9,-9,0
15951,Cambria,2022-03,8,-8,0
15951,Cambria,2022-04,7,-7,0
15951,Cambria,2022-05,6,-6,0
15951,Cambria,2022-06,5,-5,0
15951,Cambria,2022-07,4,-4,0
15951,Cambria,2022-08,3,-3,0
15951,Cambria,2022-09,2,-2,0
15951,Cambria,2022-10,1,-1,0
15951,Cambria,2022-11,0,0,1
15951,Cambria,2022-12,-1,1,0
15952,Cambria,2022-01,10,-10,0
15952,Cambria,2022-02,9,-9,0
15952,Cambria,2022-03,8,-8,0
15952,Cambria,2022-04,7,-7,0
15952,Cambria,2022-05,6,-6,0
15952,Cambria,2022-06,5,-5,0
15952,Cambria,2022-07,4,-4,0
15952,Cambria,2022-08,3,-3,0
15952,Cambria,2022-09,2,-2,0
15952,Cambria,2022-10,1,-1,0
15952,Cambria,2022-11,0,0,1
15952,Cambria,2022-12,-1,1,0
15953,Somerset,2022-01,10,-10,0
15953,Somerset,2022-02,9,-9,0
15953,Somerset,2022-03,8,-8,0
15953,Somerset,2022-04,7,-7,0
15953,Somerset,2022-05,6,-6,0
15953,Somerset,2022-06,5,-5,0
15953,Somerset,2022-07,4,-4,0
15953,Somerset,2022-08,3,-3,0
15953,Somerset,2022-09,2,-2,0
15953,Somerset,2022-10,1,-1,0
15953,Somerset,2022-11,0,0,1
15953,Somerset,2022-12,-1,1,0
15954,Indiana,2022-01,10,-10,0
15954,Indiana,2022-02,9,-9,0
15954,Indiana,2022-03,8,-8,0
15954,Indiana,2022-04,7,-7,0
15954,Indiana,2022-05,6,-6,0
15954,Indiana,2022-06,5,-5,0
15954,Indiana,2022-07,4,-4,0
15954,Indiana,2022-08,3,-3,0
15954,Indiana,2022-09,2,-2,0
15954,Indiana,2022-10,1,-1,0
15954,Indiana,2022-11,0,0,1
15954,Indiana,2022-12,-1,1,0
15955,Cambria,2022-01,10,-10,0
15955,Cambria,2022-02,9,-9,0
15955,Cambria,2022-03,8,-8,0
15955,Cambria,2022-04,7,-7,0
15955,Cambria,2022-05,6,-6,0
15955,Cambria,2022-06,5,-5,0
15955,Cambria,2022-07,4,-4,0
15955,Cambria,2022-08,3,-3,0
15955,Cambria,2022-09,2,-2,0
15955,Cambria,2022-10,1,-1,0
15955,Cambria,2022-11,0,0,1
15955,Cambria,2022-12,-1,1,0
15956,Cambria,2022-01,10,-10,0
15956,Cambria,2022-02,9,-9,0
15956,Cambria,2022-03,8,-8,0
15956,Cambria,2022-04,7,-7,0
15956,Cambria,2022-05,6,-6,0
15956,Cambria,2022-06,5,-5,0
15956,Cambria,2022-07,4,-4,0
15956,Cambria,2022-08,3,-3,0
15956,Cambria,2022-09,2,-2,0
15956,Cambria,2022-10,1,-1,0
15956,Cambria,2022-11,0,0,1
15956,Cambria,2022-12,-1,1,0
15957,Indiana,2022-01,10,-10,0
15957,Indiana,2022-02,9,-9,0
15957,Indiana,2022-03,8,-8,0
15957,Indiana,2022-04,7,-7,0
15957,Indiana,2022-05,6,-6,0
15957,Indiana,2022-06,5,-5,0
15957,Indiana,2022-07,4,-4,0
15957,Indiana,2022-08,3,-3,0
15957,Indiana,2022-09,2,-2,0
15957,Indiana,2022-10,1,-1,0
15957,Indiana,2022-11,0,0,1
15957,Indiana,2022-12,-1,1,0
15958,Cambria,2022-01,10,-10,0
15958,Cambria,2022-02,9,-9,0
15958,Cambria,2022-03,8,-8,0
15958,Cambria,2022-04,7,-7,0
15958,Cambria,2022-05,6,-6,0
15958,Cambria,2022-06,5,-5,0
15958,Cambria,2022-07,4,-4,0
15958,Cambria,2022-08,3,-3,0
15958,Cambria,2022-09,2,-2,0
15958,Cambria,2022-10,1,-1,0
15958,Cambria,2022-11,0,0,1
15958,Cambria,2022-12,-1,1,0
15960,Cambria,2022-01,10,-10,0
15960,Cambria,2022-02,9,-9,0
15960,Cambria,2022-03,8,-8,0
15960,Cambria,2022-04,7,-7,0
15960,Cambria,2022-05,6,-6,0
15960,Cambria,2022-06,5,-5,0
15960,Cambria,2022-07,4,-4,0
15960,Cambria,2022-08,3,-3,0
15960,Cambria,2022-09,2,-2,0
15960,Cambria,2022-10,1,-1,0
15960,Cambria,2022-11,0,0,1
15960,Cambria,2022-12,-1,1,0
15961,Indiana,2022-01,10,-10,0
15961,Indiana,2022-02,9,-9,0
15961,Indiana,2022-03,8,-8,0
15961,Indiana,2022-04,7,-7,0
15961,Indiana,2022-05,6,-6,0
15961,Indiana,2022-06,5,-5,0
15961,Indiana,2022-07,4,-4,0
15961,Indiana,2022-08,3,-3,0
15961,Indiana,2022-09,2,-2,0
15961,Indiana,2022-10,1,-1,0
15961,Indiana,2022-11,0,0,1
15961,Indiana,2022-12,-1,1,0
15962,Cambria,2022-01,10,-10,0
15962,Cambria,2022-02,9,-9,0
15962,Cambria,2022-03,8,-8,0
15962,Cambria,2022-04,7,-7,0
15962,Cambria,2022-05,6,-6,0
15962,Cambria,2022-06,5,-5,0
15962,Cambria,2022-07,4,-4,0
15962,Cambria,2022-08,3,-3,0
15962,Cambria,2022-09,2,-2,0
15962,Cambria,2022-10,1,-1,0
15962,Cambria,2022-11,0,0,1
15962,Cambria,2022-12,-1,1,0
15963,Somerset,2022-01,10,-10,0
15963,Somerset,2022-02,9,-9,0
15963,Somerset,2022-03,8,-8,0
15963,Somerset,2022-04,7,-7,0
15963,Somerset,2022-05,6,-6,0
15963,Somerset,2022-06,5,-5,0
15963,Somerset,2022-07,4,-4,0
15963,Somerset,2022-08,3,-3,0
15963,Somerset,2022-09,2,-2,0
15963,Somerset,2022-10,1,-1,0
15963,Somerset,2022-11,0,0,1
15963,Somerset,2022-12,-1,1,0
16001,Butler,2022-01,10,-10,0
16001,Butler,2022-02,9,-9,0
16001,Butler,2022-03,8,-8,0
16001,Butler,2022-04,7,-7,0
16001,Butler,2022-05,6,-6,0
16001,Butler,2022-06,5,-5,0
16001,Butler,2022-07,4,-4,0
16001,Butler,2022-08,3,-3,0
16001,Butler,2022-09,2,-2,0
16001,Butler,2022-10,1,-1,0
16001,Butler,2022-11,0,0,1
16001,Butler,2022-12,-1,1,0
16002,Butler,2022-01,10,-10,0
16002,Butler,2022-02,9,-9,0
16002,Butler,2022-03,8,-8,0
16002,Butler,2022-04,7,-7,0
16002,Butler,2022-05,6,-6,0
16002,Butler,2022-06,5,-5,0
16002,Butler,2022-07,4,-4,0
16002,Butler,2022-08,3,-3,0
16002,Butler,2022-09,2,-2,0
16002,Butler,2022-10,1,-1,0
16002,Butler,2022-11,0,0,1
16002,Butler,2022-12,-1,1,0
16020,Butler,2022-01,10,-10,0
16020,Butler,2022-02,9,-9,0
16020,Butler,2022-03,8,-8,0
16020,Butler,2022-04,7,-7,0
16020,Butler,2022-05,6,-6,0
16020,Butler,2022-06,5,-5,0
16020,Butler,2022-07,4,-4,0
16020,Butler,2022-08,3,-3,0
16020,Butler,2022-09,2,-2,0
16020,Butler,2022-10,1,-1,0
16020,Butler,2022-11,0,0,1
16020,Butler,2022-12,-1,1,0
16022,Butler,2022-01,10,-10,0
16022,Butler,2022-02,9,-9,0
16022,Butler,2022-03,8,-8,0
16022,Butler,2022-04,7,-7,0
16022,Butler,2022-05,6,-6,0
16022,Butler,2022-06,5,-5,0
16022,Butler,2022-07,4,-4,0
16022,Butler,2022-08,3,-3,0
16022,Butler,2022-09,2,-2,0
16022,Butler,2022-10,1,-1,0
16022,Butler,2022-11,0,0,1
16022,Butler,2022-12,-1,1,0
16023,Butler,2022-01,10,-10,0
16023,Butler,2022-02,9,-9,0
16023,Butler,2022-03,8,-8,0
16023,Butler,2022-04,7,-7,0
16023,Butler,2022-05,6,-6,0
16023,Butler,2022-06,5,-5,0
16023,Butler,2022-07,4,-4,0
16023,Butler,2022-08,3,-3,0
16023,Butler,2022-09,2,-2,0
16023,Butler,2022-10,1,-1,0
16023,Butler,2022-11,0,0,1
16023,Butler,2022-12,-1,1,0
16024,Butler,2022-01,10,-10,0
16024,Butler,2022-02,9,-9,0
16024,Butler,2022-03,8,-8,0
16024,Butler,2022-04,7,-7,0
16024,Butler,2022-05,6,-6,0
16024,Butler,2022-06,5,-5,0
16024,Butler,2022-07,4,-4,0
16024,Butler,2022-08,3,-3,0
16024,Butler,2022-09,2,-2,0
16024,Butler,2022-10,1,-1,0
16024,Butler,2022-11,0,0,1
16024,Butler,2022-12,-1,1,0
16025,Butler,2022-01,10,-10,0
16025,Butler,2022-02,9,-9,0
16025,Butler,2022-03,8,-8,0
16025,Butler,2022-04,7,-7,0
16025,Butler,2022-05,6,-6,0
16025,Butler,2022-06,5,-5,0
16025,Butler,2022-07,4,-4,0
16025,Butler,2022-08,3,-3,0
16025,Butler,2022-09,2,-2,0
16025,Butler,2022-10,1,-1,0
16025,Butler,2022-11,0,0,1
16025,Butler,2022-12,-1,1,0
16027,Butler,2022-01,10,-10,0
16027,Butler,2022-02,9,-9,0
16027,Butler,2022-03,8,-8,0
16027,Butler,2022-04,7,-7,0
16027,Butler,2022-05,6,-6,0
16027,Butler,2022-06,5,-5,0
16027,Butler,2022-07,4,-4,0
16027,Butler,2022-08,3,-3,0
16027,Butler,2022-09,2,-2,0
16027,Butler,2022-10,1,-1,0
16027,Butler,2022-11,0,0,1
16027,Butler,2022-12,-1,1,0
16028,Armstrong,2022-01,10,-10,0
16028,Armstrong,2022-02,9,-9,0
16028,Armstrong,2022-03,8,-8,0
16028,Armstrong,2022-04,7,-7,0
16028,Armstrong,2022-05,6,-6,0
16028,Armstrong,2022-06,5,-5,0
16028,Armstrong,2022-07,4,-4,0
16028,Armstrong,2022-08,3,-3,0
16028,Armstrong,2022-09,2,-2,0
16028,Armstrong,2022-10,1,-1,0
16028,Armstrong,2022-11,0,0,1
16028,Armstrong,2022-12,-1,1,0
16029,Butler,2022-01,10,-10,0
16029,Butler,2022-02,9,-9,0
16029,Butler,2022-03,8,-8,0
16029,Butler,2022-04,7,-7,0
16029,Butler,2022-05,6,-6,0
16029,Butler,2022-06,5,-5,0
16029,Butler,2022-07,4,-4,0
16029,Butler,2022-08,3,-3,0
16029,Butler,2022-09,2,-2,0
16029,Butler,2022-10,1,-1,0
16029,Butler,2022-11,0,0,1
16029,Butler,2022-12,-1,1,0
16030,Butler,2022-01,10,-10,0
16030,Butler,2022-02,9,-9,0
16030,Butler,2022-03,8,-8,0
16030,Butler,2022-04,7,-7,0
16030,Butler,2022-05,6,-6,0
16030,Butler,2022-06,5,-5,0
16030,Butler,2022-07,4,-4,0
16030,Butler,2022-08,3,-3,0
16030,Butler,2022-09,2,-2,0
16030,Butler,2022-10,1,-1,0
16030,Butler,2022-11,0,0,1
16030,Butler,2022-12,-1,1,0
16033,Butler,2022-01,10,-10,0
16033,Butler,2022-02,9,-9,0
16033,Butler,2022-03,8,-8,0
16033,Butler,2022-04,7,-7,0
16033,Butler,2022-05,6,-6,0
16033,Butler,2022-06,5,-5,0
16033,Butler,2022-07,4,-4,0
16033,Butler,2022-08,3,-3,0
16033,Butler,2022-09,2,-2,0
16033,Butler,2022-10,1,-1,0
16033,Butler,2022-11,0,0,1
16033,Butler,2022-12,-1,1,0
16034,Butler,2022-01,10,-10,0
16034,Butler,2022-02,9,-9,0
16034,Butler,2022-03,8,-8,0
16034,Butler,2022-04,7,-7,0
16034,Butler,2022-05,6,-6,0
16034,Butler,2022-06,5,-5,0
16034,Butler,2022-07,4,-4,0
16034,Butler,2022-08,3,-3,0
16034,Butler,2022-09,2,-2,0
16034,Butler,2022-10,1,-1,0
16034,Butler,2022-11,0,0,1
16034,Butler,2022-12,-1,1,0
16035,Butler,2022-01,10,-10,0
16035,Butler,2022-02,9,-9,0
16035,Butler,2022-03,8,-8,0
16035,Butler,2022-04,7,-7,0
16035,Butler,2022-05,6,-6,0
16035,Butler,2022-06,5,-5,0
16035,Butler,2022-07,4,-4,0
16035,Butler,2022-08,3,-3,0
16035,Butler,2022-09,2,-2,0
16035,Butler,2022-10,1,-1,0
16035,Butler,2022-11,0,0,1
16035,Butler,2022-12,-1,1,0
16036,Clarion,2022-01,10,-10,0
16036,Clarion,2022-02,9,-9,0
16036,Clarion,2022-03,8,-8,0
16036,Clarion,2022-04,7,-7,0
16036,Clarion,2022-05,6,-6,0
16036,Clarion,2022-06,5,-5,0
16036,Clarion,2022-07,4,-4,0
16036,Clarion,2022-08,3,-3,0
16036,Clarion,2022-09,2,-2,0
16036,Clarion,2022-10,1,-1,0
16036,Clarion,2022-11,0,0,1
16036,Clarion,2022-12,-1,1,0
16037,Butler,2022-01,10,-10,0
16037,Butler,2022-02,9,-9,0
16037,Butler,2022-03,8,-8,0
16037,Butler,2022-04,7,-7,0
16037,Butler,2022-05,6,-6,0
16037,Butler,2022-06,5,-5,0
16037,Butler,2022-07,4,-4,0
16037,Butler,2022-08,3,-3,0
16037,Butler,2022-09,2,-2,0
16037,Butler,2022-10,1,-1,0
16037,Butler,2022-11,0,0,1
16037,Butler,2022-12,-1,1,0
16038,Butler,2022-01,10,-10,0
16038,Butler,2022-02,9,-9,0
16038,Butler,2022-03,8,-8,0
16038,Butler,2022-04,7,-7,0
16038,Butler,2022-05,6,-6,0
16038,Butler,2022-06,5,-5,0
16038,Butler,2022-07,4,-4,0
16038,Butler,2022-08,3,-3,0
16038,Butler,2022-09,2,-2,0
16038,Butler,2022-10,1,-1,0
16038,Butler,2022-11,0,0,1
16038,Butler,2022-12,-1,1,0
16040,Butler,2022-01,10,-10,0
16040,Butler,2022-02,9,-9,0
16040,Butler,2022-03,8,-8,0
16040,Butler,2022-04,7,-7,0
16040,Butler,2022-05,6,-6,0
16040,Butler,2022-06,5,-5,0
16040,Butler,2022-07,4,-4,0
16040,Butler,2022-08,3,-3,0
16040,Butler,2022-09,2,-2,0
16040,Butler,2022-10,1,-1,0
16040,Butler,2022-11,0,0,1
16040,Butler,2022-12,-1,1,0
16041,Butler,2022-01,10,-10,0
16041,Butler,2022-02,9,-9,0
16041,Butler,2022-03,8,-8,0
16041,Butler,2022-04,7,-7,0
16041,Butler,2022-05,6,-6,0
16041,Butler,2022-06,5,-5,0
16041,Butler,2022-07,4,-4,0
16041,Butler,2022-08,3,-3,0
16041,Butler,2022-09,2,-2,0
16041,Butler,2022-10,1,-1,0
16041,Butler,2022-11,0,0,1
16041,Butler,2022-12,-1,1,0
16045,Butler,2022-01,10,-10,0
16045,Butler,2022-02,9,-9,0
16045,Butler,2022-03,8,-8,0
16045,Butler,2022-04,7,-7,0
16045,Butler,2022-05,6,-6,0
16045,Butler,2022-06,5,-5,0
16045,Butler,2022-07,4,-4,0
16045,Butler,2022-08,3,-3,0
16045,Butler,2022-09,2,-2,0
16045,Butler,2022-10,1,-1,0
16045,Butler,2022-11,0,0,1
16045,Butler,2022-12,-1,1,0
16046,Butler,2022-01,10,-10,0
16046,Butler,2022-02,9,-9,0
16046,Butler,2022-03,8,-8,0
16046,Butler,2022-04,7,-7,0
16046,Butler,2022-05,6,-6,0
16046,Butler,2022-06,5,-5,0
16046,Butler,2022-07,4,-4,0
16046,Butler,2022-08,3,-3,0
16046,Butler,2022-09,2,-2,0
16046,Butler,2022-10,1,-1,0
16046,Butler,2022-11,0,0,1
16046,Butler,2022-12,-1,1,0
16048,Butler,2022-01,10,-10,0
16048,Butler,2022-02,9,-9,0
16048,Butler,2022-03,8,-8,0
16048,Butler,2022-04,7,-7,0
16048,Butler,2022-05,6,-6,0
16048,Butler,2022-06,5,-5,0
16048,Butler,2022-07,4,-4,0
16048,Butler,2022-08,3,-3,0
16048,Butler,2022-09,2,-2,0
16048,Butler,2022-10,1,-1,0
16048,Butler,2022-11,0,0,1
16048,Butler,2022-12,-1,1,0
16049,Clarion,2022-01,10,-10,0
16049,Clarion,2022-02,9,-9,0
16049,Clarion,2022-03,8,-8,0
16049,Clarion,2022-04,7,-7,0
16049,Clarion,2022-05,6,-6,0
16049,Clarion,2022-06,5,-5,0
16049,Clarion,2022-07,4,-4,0
16049,Clarion,2022-08,3,-3,0
16049,Clarion,2022-09,2,-2,0
16049,Clarion,2022-10,1,-1,0
16049,Clarion,2022-11,0,0,1
16049,Clarion,2022-12,-1,1,0
16050,Butler,2022-01,10,-10,0
16050,Butler,2022-02,9,-9,0
16050,Butler,2022-03,8,-8,0
16050,Butler,2022-04,7,-7,0
16050,Butler,2022-05,6,-6,0
16050,Butler,2022-06,5,-5,0
16050,Butler,2022-07,4,-4,0
16050,Butler,2022-08,3,-3,0
16050,Butler,2022-09,2,-2,0
16050,Butler,2022-10,1,-1,0
16050,Butler,2022-11,0,0,1
16050,Butler,2022-12,-1,1,0
16051,Butler,2022-01,10,-10,0
16051,Butler,2022-02,9,-9,0
16051,Butler,2022-03,8,-8,0
16051,Butler,2022-04,7,-7,0
16051,Butler,2022-05,6,-6,0
16051,Butler,2022-06,5,-5,0
16051,Butler,2022-07,4,-4,0
16051,Butler,2022-08,3,-3,0
16051,Butler,2022-09,2,-2,0
16051,Butler,2022-10,1,-1,0
16051,Butler,2022-11,0,0,1
16051,Butler,2022-12,-1,1,0
16052,Butler,2022-01,10,-10,0
16052,Butler,2022-02,9,-9,0
16052,Butler,2022-03,8,-8,0
16052,Butler,2022-04,7,-7,0
16052,Butler,2022-05,6,-6,0
16052,Butler,2022-06,5,-5,0
16052,Butler,2022-07,4,-4,0
16052,Butler,2022-08,3,-3,0
16052,Butler,2022-09,2,-2,0
16052,Butler,2022-10,1,-1,0
16052,Butler,2022-11,0,0,1
16052,Butler,2022-12,-1,1,0
16053,Butler,2022-01,10,-10,0
16053,Butler,2022-02,9,-9,0
16053,Butler,2022-03,8,-8,0
16053,Butler,2022-04,7,-7,0
16053,Butler,2022-05,6,-6,0
16053,Butler,2022-06,5,-5,0
16053,Butler,2022-07,4,-4,0
16053,Butler,2022-08,3,-3,0
16053,Butler,2022-09,2,-2,0
16053,Butler,2022-10,1,-1,0
16053,Butler,2022-11,0,0,1
16053,Butler,2022-12,-1,1,0
16054,Clarion,2022-01,10,-10,0
16054,Clarion,2022-02,9,-9,0
16054,Clarion,2022-03,8,-8,0
16054,Clarion,2022-04,7,-7,0
16054,Clarion,2022-05,6,-6,0
16054,Clarion,2022-06,5,-5,0
16054,Clarion,2022-07,4,-4,0
16054,Clarion,2022-08,3,-3,0
16054,Clarion,2022-09,2,-2,0
16054,Clarion,2022-10,1,-1,0
16054,Clarion,2022-11,0,0,1
16054,Clarion,2022-12,-1,1,0
16055,Butler,2022-01,10,-10,0
16055,Butler,2022-02,9,-9,0
16055,Butler,2022-03,8,-8,0
16055,Butler,2022-04,7,-7,0
16055,Butler,2022-05,6,-6,0
16055,Butler,2022-06,5,-5,0
16055,Butler,2022-07,4,-4,0
16055,Butler,2022-08,3,-3,0
16055,Butler,2022-09,2,-2,0
16055,Butler,2022-10,1,-1,0
16055,Butler,2022-11,0,0,1
16055,Butler,2022-12,-1,1,0
16056,Butler,2022-01,10,-10,0
16056,Butler,2022-02,9,-9,0
16056,Butler,2022-03,8,-8,0
16056,Butler,2022-04,7,-7,0
16056,Butler,2022-05,6,-6,0
16056,Butler,2022-06,5,-5,0
16056,Butler,2022-07,4,-4,0
16056,Butler,2022-08,3,-3,0
16056,Butler,2022-09,2,-2,0
16056,Butler,2022-10,1,-1,0
16056,Butler,2022-11,0,0,1
16056,Butler,2022-12,-1,1,0
16057,Butler,2022-01,10,-10,0
16057,Butler,2022-02,9,-9,0
16057,Butler,2022-03,8,-8,0
16057,Butler,2022-04,7,-7,0
16057,Butler,2022-05,6,-6,0
16057,Butler,2022-06,5,-5,0
16057,Butler,2022-07,4,-4,0
16057,Butler,2022-08,3,-3,0
16057,Butler,2022-09,2,-2,0
16057,Butler,2022-10,1,-1,0
16057,Butler,2022-11,0,0,1
16057,Butler,2022-12,-1,1,0
16059,Butler,2022-01,10,-10,0
16059,Butler,2022-02,9,-9,0
16059,Butler,2022-03,8,-8,0
16059,Butler,2022-04,7,-7,0
16059,Butler,2022-05,6,-6,0
16059,Butler,2022-06,5,-5,0
16059,Butler,2022-07,4,-4,0
16059,Butler,2022-08,3,-3,0
16059,Butler,2022-09,2,-2,0
16059,Butler,2022-10,1,-1,0
16059,Butler,2022-11,0,0,1
16059,Butler,2022-12,-1,1,0
16061,Butler,2022-01,10,-10,0
16061,Butler,2022-02,9,-9,0
16061,Butler,2022-03,8,-8,0
16061,Butler,2022-04,7,-7,0
16061,Butler,2022-05,6,-6,0
16061,Butler,2022-06,5,-5,0
16061,Butler,2022-07,4,-4,0
16061,Butler,2022-08,3,-3,0
16061,Butler,2022-09,2,-2,0
16061,Butler,2022-10,1,-1,0
16061,Butler,2022-11,0,0,1
16061,Butler,2022-12,-1,1,0
16063,Butler,2022-01,10,-10,0
16063,Butler,2022-02,9,-9,0
16063,Butler,2022-03,8,-8,0
16063,Butler,2022-04,7,-7,0
16063,Butler,2022-05,6,-6,0
16063,Butler,2022-06,5,-5,0
16063,Butler,2022-07,4,-4,0
16063,Butler,2022-08,3,-3,0
16063,Butler,2022-09,2,-2,0
16063,Butler,2022-10,1,-1,0
16063,Butler,2022-11,0,0,1
16063,Butler,2022-12,-1,1,0
16066,Butler,2022-01,10,-10,0
16066,Butler,2022-02,9,-9,0
16066,Butler,2022-03,8,-8,0
16066,Butler,2022-04,7,-7,0
16066,Butler,2022-05,6,-6,0
16066,Butler,2022-06,5,-5,0
16066,Butler,2022-07,4,-4,0
16066,Butler,2022-08,3,-3,0
16066,Butler,2022-09,2,-2,0
16066,Butler,2022-10,1,-1,0
16066,Butler,2022-11,0,0,1
16066,Butler,2022-12,-1,1,0
16101,Lawrence,2022-01,10,-10,0
16101,Lawrence,2022-02,9,-9,0
16101,Lawrence,2022-03,8,-8,0
16101,Lawrence,2022-04,7,-7,0
16101,Lawrence,2022-05,6,-6,0
16101,Lawrence,2022-06,5,-5,0
16101,Lawrence,2022-07,4,-4,0
16101,Lawrence,2022-08,3,-3,0
16101,Lawrence,2022-09,2,-2,0
16101,Lawrence,2022-10,1,-1,0
16101,Lawrence,2022-11,0,0,1
16101,Lawrence,2022-12,-1,1,0
16102,Lawrence,2022-01,10,-10,0
16102,Lawrence,2022-02,9,-9,0
16102,Lawrence,2022-03,8,-8,0
16102,Lawrence,2022-04,7,-7,0
16102,Lawrence,2022-05,6,-6,0
16102,Lawrence,2022-06,5,-5,0
16102,Lawrence,2022-07,4,-4,0
16102,Lawrence,2022-08,3,-3,0
16102,Lawrence,2022-09,2,-2,0
16102,Lawrence,2022-10,1,-1,0
16102,Lawrence,2022-11,0,0,1
16102,Lawrence,2022-12,-1,1,0
16105,Lawrence,2022-01,10,-10,0
16105,Lawrence,2022-02,9,-9,0
16105,Lawrence,2022-03,8,-8,0
16105,Lawrence,2022-04,7,-7,0
16105,Lawrence,2022-05,6,-6,0
16105,Lawrence,2022-06,5,-5,0
16105,Lawrence,2022-07,4,-4,0
16105,Lawrence,2022-08,3,-3,0
16105,Lawrence,2022-09,2,-2,0
16105,Lawrence,2022-10,1,-1,0
16105,Lawrence,2022-11,0,0,1
16105,Lawrence,2022-12,-1,1,0
16110,Crawford,2022-01,10,-10,0
16110,Crawford,2022-02,9,-9,0
16110,Crawford,2022-03,8,-8,0
16110,Crawford,2022-04,7,-7,0
16110,Crawford,2022-05,6,-6,0
16110,Crawford,2022-06,5,-5,0
16110,Crawford,2022-07,4,-4,0
16110,Crawford,2022-08,3,-3,0
16110,Crawford,2022-09,2,-2,0
16110,Crawford,2022-10,1,-1,0
16110,Crawford,2022-11,0,0,1
16110,Crawford,2022-12,-1,1,0
16111,Crawford,2022-01,10,-10,0
16111,Crawford,2022-02,9,-9,0
16111,Crawford,2022-03,8,-8,0
16111,Crawford,2022-04,7,-7,0
16111,Crawford,2022-05,6,-6,0
16111,Crawford,2022-06,5,-5,0
16111,Crawford,2022-07,4,-4,0
16111,Crawford,2022-08,3,-3,0
16111,Crawford,2022-09,2,-2,0
16111,Crawford,2022-10,1,-1,0
16111,Crawford,2022-11,0,0,1
16111,Crawford,2022-12,-1,1,0
16112,Lawrence,2022-01,10,-10,0
16112,Lawrence,2022-02,9,-9,0
16112,Lawrence,2022-03,8,-8,0
16112,Lawrence,2022-04,7,-7,0
16112,Lawrence,2022-05,6,-6,0
16112,Lawrence,2022-06,5,-5,0
16112,Lawrence,2022-07,4,-4,0
16112,Lawrence,2022-08,3,-3,0
16112,Lawrence,2022-09,2,-2,0
16112,Lawrence,2022-10,1,-1,0
16112,Lawrence,2022-11,0,0,1
16112,Lawrence,2022-12,-1,1,0
16113,Mercer,2022-01,10,-10,0
16113,Mercer,2022-02,9,-9,0
16113,Mercer,2022-03,8,-8,0
16113,Mercer,2022-04,7,-7,0
16113,Mercer,2022-05,6,-6,0
16113,Mercer,2022-06,5,-5,0
16113,Mercer,2022-07,4,-4,0
16113,Mercer,2022-08,3,-3,0
16113,Mercer,2022-09,2,-2,0
16113,Mercer,2022-10,1,-1,0
16113,Mercer,2022-11,0,0,1
16113,Mercer,2022-12,-1,1,0
16114,Mercer,2022-01,10,-10,0
16114,Mercer,2022-02,9,-9,0
16114,Mercer,2022-03,8,-8,0
16114,Mercer,2022-04,7,-7,0
16114,Mercer,2022-05,6,-6,0
16114,Mercer,2022-06,5,-5,0
16114,Mercer,2022-07,4,-4,0
16114,Mercer,2022-08,3,-3,0
16114,Mercer,2022-09,2,-2,0
16114,Mercer,2022-10,1,-1,0
16114,Mercer,2022-11,0,0,1
16114,Mercer,2022-12,-1,1,0
16115,Beaver,2022-01,10,-10,0
16115,Beaver,2022-02,9,-9,0
16115,Beaver,2022-03,8,-8,0
16115,Beaver,2022-04,7,-7,0
16115,Beaver,2022-05,6,-6,0
16115,Beaver,2022-06,5,-5,0
16115,Beaver,2022-07,4,-4,0
16115,Beaver,2022-08,3,-3,0
16115,Beaver,2022-09,2,-2,0
16115,Beaver,2022-10,1,-1,0
16115,Beaver,2022-11,0,0,1
16115,Beaver,2022-12,-1,1,0
16116,Lawrence,2022-01,10,-10,0
16116,Lawrence,2022-02,9,-9,0
16116,Lawrence,2022-03,8,-8,0
16116,Lawrence,2022-04,7,-7,0
16116,Lawrence,2022-05,6,-6,0
16116,Lawrence,2022-06,5,-5,0
16116,Lawrence,2022-07,4,-4,0
16116,Lawrence,2022-08,3,-3,0
16116,Lawrence,2022-09,2,-2,0
16116,Lawrence,2022-10,1,-1,0
16116,Lawrence,2022-11,0,0,1
16116,Lawrence,2022-12,-1,1,0
16117,Lawrence,2022-01,10,-10,0
16117,Lawrence,2022-02,9,-9,0
16117,Lawrence,2022-03,8,-8,0
16117,Lawrence,2022-04,7,-7,0
16117,Lawrence,2022-05,6,-6,0
16117,Lawrence,2022-06,5,-5,0
16117,Lawrence,2022-07,4,-4,0
16117,Lawrence,2022-08,3,-3,0
16117,Lawrence,2022-09,2,-2,0
16117,Lawrence,2022-10,1,-1,0
16117,Lawrence,2022-11,0,0,1
16117,Lawrence,2022-12,-1,1,0
16120,Lawrence,2022-01,10,-10,0
16120,Lawrence,2022-02,9,-9,0
16120,Lawrence,2022-03,8,-8,0
16120,Lawrence,2022-04,7,-7,0
16120,Lawrence,2022-05,6,-6,0
16120,Lawrence,2022-06,5,-5,0
16120,Lawrence,2022-07,4,-4,0
16120,Lawrence,2022-08,3,-3,0
16120,Lawrence,2022-09,2,-2,0
16120,Lawrence,2022-10,1,-1,0
16120,Lawrence,2022-11,0,0,1
16120,Lawrence,2022-12,-1,1,0
16121,Mercer,2022-01,10,-10,0
16121,Mercer,2022-02,9,-9,0
16121,Mercer,2022-03,8,-8,0
16121,Mercer,2022-04,7,-7,0
16121,Mercer,2022-05,6,-6,0
16121,Mercer,2022-06,5,-5,0
16121,Mercer,2022-07,4,-4,0
16121,Mercer,2022-08,3,-3,0
16121,Mercer,2022-09,2,-2,0
16121,Mercer,2022-10,1,-1,0
16121,Mercer,2022-11,0,0,1
16121,Mercer,2022-12,-1,1,0
16123,Beaver,2022-01,10,-10,0
16123,Beaver,2022-02,9,-9,0
16123,Beaver,2022-03,8,-8,0
16123,Beaver,2022-04,7,-7,0
16123,Beaver,2022-05,6,-6,0
16123,Beaver,2022-06,5,-5,0
16123,Beaver,2022-07,4,-4,0
16123,Beaver,2022-08,3,-3,0
16123,Beaver,2022-09,2,-2,0
16123,Beaver,2022-10,1,-1,0
16123,Beaver,2022-11,0,0,1
16123,Beaver,2022-12,-1,1,0
16124,Mercer,2022-01,10,-10,0
16124,Mercer,2022-02,9,-9,0
16124,Mercer,2022-03,8,-8,0
16124,Mercer,2022-04,7,-7,0
16124,Mercer,2022-05,6,-6,0
16124,Mercer,2022-06,5,-5,0
16124,Mercer,2022-07,4,-4,0
16124,Mercer,2022-08,3,-3,0
16124,Mercer,2022-09,2,-2,0
16124,Mercer,2022-10,1,-1,0
16124,Mercer,2022-11,0,0,1
16124,Mercer,2022-12,-1,1,0
16125,Mercer,2022-01,10,-10,0
16125,Mercer,2022-02,9,-9,0
16125,Mercer,2022-03,8,-8,0
16125,Mercer,2022-04,7,-7,0
16125,Mercer,2022-05,6,-6,0
16125,Mercer,2022-06,5,-5,0
16125,Mercer,2022-07,4,-4,0
16125,Mercer,2022-08,3,-3,0
16125,Mercer,2022-09,2,-2,0
16125,Mercer,2022-10,1,-1,0
16125,Mercer,2022-11,0,0,1
16125,Mercer,2022-12,-1,1,0
16127,Mercer,2022-01,10,-10,0
16127,Mercer,2022-02,9,-9,0
16127,Mercer,2022-03,8,-8,0
16127,Mercer,2022-04,7,-7,0
16127,Mercer,2022-05,6,-6,0
16127,Mercer,2022-06,5,-5,0
16127,Mercer,2022-07,4,-4,0
16127,Mercer,2022-08,3,-3,0
16127,Mercer,2022-09,2,-2,0
16127,Mercer,2022-10,1,-1,0
16127,Mercer,2022-11,0,0,1
16127,Mercer,2022-12,-1,1,0
16130,Mercer,2022-01,10,-10,0
16130,Mercer,2022-02,9,-9,0
16130,Mercer,2022-03,8,-8,0
16130,Mercer,2022-04,7,-7,0
16130,Mercer,2022-05,6,-6,0
16130,Mercer,2022-06,5,-5,0
16130,Mercer,2022-07,4,-4,0
16130,Mercer,2022-08,3,-3,0
16130,Mercer,2022-09,2,-2,0
16130,Mercer,2022-10,1,-1,0
16130,Mercer,2022-11,0,0,1
16130,Mercer,2022-12,-1,1,0
16131,Crawford,2022-01,10,-10,0
16131,Crawford,2022-02,9,-9,0
16131,Crawford,2022-03,8,-8,0
16131,Crawford,2022-04,7,-7,0
16131,Crawford,2022-05,6,-6,0
16131,Crawford,2022-06,5,-5,0
16131,Crawford,2022-07,4,-4,0
16131,Crawford,2022-08,3,-3,0
16131,Crawford,2022-09,2,-2,0
16131,Crawford,2022-10,1,-1,0
16131,Crawford,2022-11,0,0,1
16131,Crawford,2022-12,-1,1,0
16132,Lawrence,2022-01,10,-10,0
16132,Lawrence,2022-02,9,-9,0
16132,Lawrence,2022-03,8,-8,0
16132,Lawrence,2022-04,7,-7,0
16132,Lawrence,2022-05,6,-6,0
16132,Lawrence,2022-06,5,-5,0
16132,Lawrence,2022-07,4,-4,0
16132,Lawrence,2022-08,3,-3,0
16132,Lawrence,2022-09,2,-2,0
16132,Lawrence,2022-10,1,-1,0
16132,Lawrence,2022-11,0,0,1
16132,Lawrence,2022-12,-1,1,0
16133,Mercer,2022-01,10,-10,0
16133,Mercer,2022-02,9,-9,0
16133,Mercer,2022-03,8,-8,0
16133,Mercer,2022-04,7,-7,0
16133,Mercer,2022-05,6,-6,0
16133,Mercer,2022-06,5,-5,0
16133,Mercer,2022-07,4,-4,0
16133,Mercer,2022-08,3,-3,0
16133,Mercer,2022-09,2,-2,0
16133,Mercer,2022-10,1,-1,0
16133,Mercer,2022-11,0,0,1
16133,Mercer,2022-12,-1,1,0
16134,Crawford,2022-01,10,-10,0
16134,Crawford,2022-02,9,-9,0
16134,Crawford,2022-03,8,-8,0
16134,Crawford,2022-04,7,-7,0
16134,Crawford,2022-05,6,-6,0
16134,Crawford,2022-06,5,-5,0
16134,Crawford,2022-07,4,-4,0
16134,Crawford,2022-08,3,-3,0
16134,Crawford,2022-09,2,-2,0
16134,Crawford,2022-10,1,-1,0
16134,Crawford,2022-11,0,0,1
16134,Crawford,2022-12,-1,1,0
16136,Beaver,2022-01,10,-10,0
16136,Beaver,2022-02,9,-9,0
16136,Beaver,2022-03,8,-8,0
16136,Beaver,2022-04,7,-7,0
16136,Beaver,2022-05,6,-6,0
16136,Beaver,2022-06,5,-5,0
16136,Beaver,2022-07,4,-4,0
16136,Beaver,2022-08,3,-3,0
16136,Beaver,2022-09,2,-2,0
16136,Beaver,2022-10,1,-1,0
16136,Beaver,2022-11,0,0,1
16136,Beaver,2022-12,-1,1,0
16137,Mercer,2022-01,10,-10,0
16137,Mercer,2022-02,9,-9,0
16137,Mercer,2022-03,8,-8,0
16137,Mercer,2022-04,7,-7,0
16137,Mercer,2022-05,6,-6,0
16137,Mercer,2022-06,5,-5,0
16137,Mercer,2022-07,4,-4,0
16137,Mercer,2022-08,3,-3,0
16137,Mercer,2022-09,2,-2,0
16137,Mercer,2022-10,1,-1,0
16137,Mercer,2022-11,0,0,1
16137,Mercer,2022-12,-1,1,0
16140,Lawrence,2022-01,10,-10,0
16140,Lawrence,2022-02,9,-9,0
16140,Lawrence,2022-03,8,-8,0
16140,Lawrence,2022-04,7,-7,0
16140,Lawrence,2022-05,6,-6,0
16140,Lawrence,2022-06,5,-5,0
16140,Lawrence,2022-07,4,-4,0
16140,Lawrence,2022-08,3,-3,0
16140,Lawrence,2022-09,2,-2,0
16140,Lawrence,2022-10,1,-1,0
16140,Lawrence,2022-11,0,0,1
16140,Lawrence,2022-12,-1,1,0
16141,Lawrence,2022-01,10,-10,0
16141,Lawrence,2022-02,9,-9,0
16141,Lawrence,2022-03,8,-8,0
16141,Lawrence,2022-04,7,-7,0
16141,Lawrence,2022-05,6,-6,0
16141,Lawrence,2022-06,5,-5,0
16141,Lawrence,2022-07,4,-4,0
16141,Lawrence,2022-08,3,-3,0
16141,Lawrence,2022-09,2,-2,0
16141,Lawrence,2022-10,1,-1,0
16141,Lawrence,2022-11,0,0,1
16141,Lawrence,2022-12,-1,1,0
16142,Mercer,2022-01,10,-10,0
16142,Mercer,2022-02,9,-9,0
16142,Mercer,2022-03,8,-8,0
16142,Mercer,2022-04,7,-7,0
16142,Mercer,2022-05,6,-6,0
16142,Mercer,2022-06,5,-5,0
16142,Mercer,2022-07,4,-4,0
16142,Mercer,2022-08,3,-3,0
16142,Mercer,2022-09,2,-2,0
16142,Mercer,2022-10,1,-1,0
16142,Mercer,2022-11,0,0,1
16142,Mercer,2022-12,-1,1,0
16143,Lawrence,2022-01,10,-10,0
16143,Lawrence,2022-02,9,-9,0
16143,Lawrence,2022-03,8,-8,0
16143,Lawrence,2022-04,7,-7,0
16143,Lawrence,2022-05,6,-6,0
16143,Lawrence,2022-06,5,-5,0
16143,Lawrence,2022-07,4,-4,0
16143,Lawrence,2022-08,3,-3,0
16143,Lawrence,2022-09,2,-2,0
16143,Lawrence,2022-10,1,-1,0
16143,Lawrence,2022-11,0,0,1
16143,Lawrence,2022-12,-1,1,0
16145,Mercer,2022-01,10,-10,0
16145,Mercer,2022-02,9,-9,0
16145,Mercer,2022-03,8,-8,0
16145,Mercer,2022-04,7,-7,0
16145,Mercer,2022-05,6,-6,0
16145,Mercer,2022-06,5,-5,0
16145,Mercer,2022-07,4,-4,0
16145,Mercer,2022-08,3,-3,0
16145,Mercer,2022-09,2,-2,0
16145,Mercer,2022-10,1,-1,0
16145,Mercer,2022-11,0,0,1
16145,Mercer,2022-12,-1,1,0
16146,Mercer,2022-01,10,-10,0
16146,Mercer,2022-02,9,-9,0
16146,Mercer,2022-03,8,-8,0
16146,Mercer,2022-04,7,-7,0
16146,Mercer,2022-05,6,-6,0
16146,Mercer,2022-06,5,-5,0
16146,Mercer,2022-07,4,-4,0
16146,Mercer,2022-08,3,-3,0
16146,Mercer,2022-09,2,-2,0
16146,Mercer,2022-10,1,-1,0
16146,Mercer,2022-11,0,0,1
16146,Mercer,2022-12,-1,1,0
16148,Mercer,2022-01,10,-10,0
16148,Mercer,2022-02,9,-9,0
16148,Mercer,2022-03,8,-8,0
16148,Mercer,2022-04,7,-7,0
16148,Mercer,2022-05,6,-6,0
16148,Mercer,2022-06,5,-5,0
16148,Mercer,2022-07,4,-4,0
16148,Mercer,2022-08,3,-3,0
16148,Mercer,2022-09,2,-2,0
16148,Mercer,2022-10,1,-1,0
16148,Mercer,2022-11,0,0,1
16148,Mercer,2022-12,-1,1,0
16150,Mercer,2022-01,10,-10,0
16150,Mercer,2022-02,9,-9,0
16150,Mercer,2022-03,8,-8,0
16150,Mercer,2022-04,7,-7,0
16150,Mercer,2022-05,6,-6,0
16150,Mercer,2022-06,5,-5,0
16150,Mercer,2022-07,4,-4,0
16150,Mercer,2022-08,3,-3,0
16150,Mercer,2022-09,2,-2,0
16150,Mercer,2022-10,1,-1,0
16150,Mercer,2022-11,0,0,1
16150,Mercer,2022-12,-1,1,0
16151,Mercer,2022-01,10,-10,0
16151,Mercer,2022-02,9,-9,0
16151,Mercer,2022-03,8,-8,0
16151,Mercer,2022-04,7,-7,0
16151,Mercer,2022-05,6,-6,0
16151,Mercer,2022-06,5,-5,0
16151,Mercer,2022-07,4,-4,0
16151,Mercer,2022-08,3,-3,0
16151,Mercer,2022-09,2,-2,0
16151,Mercer,2022-10,1,-1,0
16151,Mercer,2022-11,0,0,1
16151,Mercer,2022-12,-1,1,0
16153,Mercer,2022-01,10,-10,0
16153,Mercer,2022-02,9,-9,0
16153,Mercer,2022-03,8,-8,0
16153,Mercer,2022-04,7,-7,0
16153,Mercer,2022-05,6,-6,0
16153,Mercer,2022-06,5,-5,0
16153,Mercer,2022-07,4,-4,0
16153,Mercer,2022-08,3,-3,0
16153,Mercer,2022-09,2,-2,0
16153,Mercer,2022-10,1,-1,0
16153,Mercer,2022-11,0,0,1
16153,Mercer,2022-12,-1,1,0
16154,Mercer,2022-01,10,-10,0
16154,Mercer,2022-02,9,-9,0
16154,Mercer,2022-03,8,-8,0
16154,Mercer,2022-04,7,-7,0
16154,Mercer,2022-05,6,-6,0
16154,Mercer,2022-06,5,-5,0
16154,Mercer,2022-07,4,-4,0
16154,Mercer,2022-08,3,-3,0
16154,Mercer,2022-09,2,-2,0
16154,Mercer,2022-10,1,-1,0
16154,Mercer,2022-11,0,0,1
16154,Mercer,2022-12,-1,1,0
16155,Lawrence,2022-01,10,-10,0
16155,Lawrence,2022-02,9,-9,0
16155,Lawrence,2022-03,8,-8,0
16155,Lawrence,2022-04,7,-7,0
16155,Lawrence,2022-05,6,-6,0
16155,Lawrence,2022-06,5,-5,0
16155,Lawrence,2022-07,4,-4,0
16155,Lawrence,2022-08,3,-3,0
16155,Lawrence,2022-09,2,-2,0
16155,Lawrence,2022-10,1,-1,0
16155,Lawrence,2022-11,0,0,1
16155,Lawrence,2022-12,-1,1,0
16156,Lawrence,2022-01,10,-10,0
16156,Lawrence,2022-02,9,-9,0
16156,Lawrence,2022-03,8,-8,0
16156,Lawrence,2022-04,7,-7,0
16156,Lawrence,2022-05,6,-6,0
16156,Lawrence,2022-06,5,-5,0
16156,Lawrence,2022-07,4,-4,0
16156,Lawrence,2022-08,3,-3,0
16156,Lawrence,2022-09,2,-2,0
16156,Lawrence,2022-10,1,-1,0
16156,Lawrence,2022-11,0,0,1
16156,Lawrence,2022-12,-1,1,0
16157,Lawrence,2022-01,10,-10,0
16157,Lawrence,2022-02,9,-9,0
16157,Lawrence,2022-03,8,-8,0
16157,Lawrence,2022-04,7,-7,0
16157,Lawrence,2022-05,6,-6,0
16157,Lawrence,2022-06,5,-5,0
16157,Lawrence,2022-07,4,-4,0
16157,Lawrence,2022-08,3,-3,0
16157,Lawrence,2022-09,2,-2,0
16157,Lawrence,2022-10,1,-1,0
16157,Lawrence,2022-11,0,0,1
16157,Lawrence,2022-12,-1,1,0
16159,Mercer,2022-01,10,-10,0
16159,Mercer,2022-02,9,-9,0
16159,Mercer,2022-03,8,-8,0
16159,Mercer,2022-04,7,-7,0
16159,Mercer,2022-05,6,-6,0
16159,Mercer,2022-06,5,-5,0
16159,Mercer,2022-07,4,-4,0
16159,Mercer,2022-08,3,-3,0
16159,Mercer,2022-09,2,-2,0
16159,Mercer,2022-10,1,-1,0
16159,Mercer,2022-11,0,0,1
16159,Mercer,2022-12,-1,1,0
16160,Lawrence,2022-01,10,-10,0
16160,Lawrence,2022-02,9,-9,0
16160,Lawrence,2022-03,8,-8,0
16160,Lawrence,2022-04,7,-7,0
16160,Lawrence,2022-05,6,-6,0
16160,Lawrence,2022-06,5,-5,0
16160,Lawrence,2022-07,4,-4,0
16160,Lawrence,2022-08,3,-3,0
16160,Lawrence,2022-09,2,-2,0
16160,Lawrence,2022-10,1,-1,0
16160,Lawrence,2022-11,0,0,1
16160,Lawrence,2022-12,-1,1,0
16161,Mercer,2022-01,10,-10,0
16161,Mercer,2022-02,9,-9,0
16161,Mercer,2022-03,8,-8,0
16161,Mercer,2022-04,7,-7,0
16161,Mercer,2022-05,6,-6,0
16161,Mercer,2022-06,5,-5,0
16161,Mercer,2022-07,4,-4,0
16161,Mercer,2022-08,3,-3,0
16161,Mercer,2022-09,2,-2,0
16161,Mercer,2022-10,1,-1,0
16161,Mercer,2022-11,0,0,1
16161,Mercer,2022-12,-1,1,0
16172,Lawrence,2022-01,10,-10,0
16172,Lawrence,2022-02,9,-9,0
16172,Lawrence,2022-03,8,-8,0
16172,Lawrence,2022-04,7,-7,0
16172,Lawrence,2022-05,6,-6,0
16172,Lawrence,2022-06,5,-5,0
16172,Lawrence,2022-07,4,-4,0
16172,Lawrence,2022-08,3,-3,0
16172,Lawrence,2022-09,2,-2,0
16172,Lawrence,2022-10,1,-1,0
16172,Lawrence,2022-11,0,0,1
16172,Lawrence,2022-12,-1,1,0
16201,Armstrong,2022-01,10,-10,0
16201,Armstrong,2022-02,9,-9,0
16201,Armstrong,2022-03,8,-8,0
16201,Armstrong,2022-04,7,-7,0
16201,Armstrong,2022-05,6,-6,0
16201,Armstrong,2022-06,5,-5,0
16201,Armstrong,2022-07,4,-4,0
16201,Armstrong,2022-08,3,-3,0
16201,Armstrong,2022-09,2,-2,0
16201,Armstrong,2022-10,1,-1,0
16201,Armstrong,2022-11,0,0,1
16201,Armstrong,2022-12,-1,1,0
16210,Armstrong,2022-01,10,-10,0
16210,Armstrong,2022-02,9,-9,0
16210,Armstrong,2022-03,8,-8,0
16210,Armstrong,2022-04,7,-7,0
16210,Armstrong,2022-05,6,-6,0
16210,Armstrong,2022-06,5,-5,0
16210,Armstrong,2022-07,4,-4,0
16210,Armstrong,2022-08,3,-3,0
16210,Armstrong,2022-09,2,-2,0
16210,Armstrong,2022-10,1,-1,0
16210,Armstrong,2022-11,0,0,1
16210,Armstrong,2022-12,-1,1,0
16211,Indiana,2022-01,10,-10,0
16211,Indiana,2022-02,9,-9,0
16211,Indiana,2022-03,8,-8,0
16211,Indiana,2022-04,7,-7,0
16211,Indiana,2022-05,6,-6,0
16211,Indiana,2022-06,5,-5,0
16211,Indiana,2022-07,4,-4,0
16211,Indiana,2022-08,3,-3,0
16211,Indiana,2022-09,2,-2,0
16211,Indiana,2022-10,1,-1,0
16211,Indiana,2022-11,0,0,1
16211,Indiana,2022-12,-1,1,0
16212,Armstrong,2022-01,10,-10,0
16212,Armstrong,2022-02,9,-9,0
16212,Armstrong,2022-03,8,-8,0
16212,Armstrong,2022-04,7,-7,0
16212,Armstrong,2022-05,6,-6,0
16212,Armstrong,2022-06,5,-5,0
16212,Armstrong,2022-07,4,-4,0
16212,Armstrong,2022-08,3,-3,0
16212,Armstrong,2022-09,2,-2,0
16212,Armstrong,2022-10,1,-1,0
16212,Armstrong,2022-11,0,0,1
16212,Armstrong,2022-12,-1,1,0
16213,Clarion,2022-01,10,-10,0
16213,Clarion,2022-02,9,-9,0
16213,Clarion,2022-03,8,-8,0
16213,Clarion,2022-04,7,-7,0
16213,Clarion,2022-05,6,-6,0
16213,Clarion,2022-06,5,-5,0
16213,Clarion,2022-07,4,-4,0
16213,Clarion,2022-08,3,-3,0
16213,Clarion,2022-09,2,-2,0
16213,Clarion,2022-10,1,-1,0
16213,Clarion,2022-11,0,0,1
16213,Clarion,2022-12,-1,1,0
16214,Clarion,2022-01,10,-10,0
16214,Clarion,2022-02,9,-9,0
16214,Clarion,2022-03,8,-8,0
16214,Clarion,2022-04,7,-7,0
16214,Clarion,2022-05,6,-6,0
16214,Clarion,2022-06,5,-5,0
16214,Clarion,2022-07,4,-4,0
16214,Clarion,2022-08,3,-3,0
16214,Clarion,2022-09,2,-2,0
16214,Clarion,2022-10,1,-1,0
16214,Clarion,2022-11,0,0,1
16214,Clarion,2022-12,-1,1,0
16217,Forest,2022-01,10,-10,0
16217,Forest,2022-02,9,-9,0
16217,Forest,2022-03,8,-8,0
16217,Forest,2022-04,7,-7,0
16217,Forest,2022-05,6,-6,0
16217,Forest,2022-06,5,-5,0
16217,Forest,2022-07,4,-4,0
16217,Forest,2022-08,3,-3,0
16217,Forest,2022-09,2,-2,0
16217,Forest,2022-10,1,-1,0
16217,Forest,2022-11,0,0,1
16217,Forest,2022-12,-1,1,0
16218,Armstrong,2022-01,10,-10,0
16218,Armstrong,2022-02,9,-9,0
16218,Armstrong,2022-03,8,-8,0
16218,Armstrong,2022-04,7,-7,0
16218,Armstrong,2022-05,6,-6,0
16218,Armstrong,2022-06,5,-5,0
16218,Armstrong,2022-07,4,-4,0
16218,Armstrong,2022-08,3,-3,0
16218,Armstrong,2022-09,2,-2,0
16218,Armstrong,2022-10,1,-1,0
16218,Armstrong,2022-11,0,0,1
16218,Armstrong,2022-12,-1,1,0
16220,Clarion,2022-01,10,-10,0
16220,Clarion,2022-02,9,-9,0
16220,Clarion,2022-03,8,-8,0
16220,Clarion,2022-04,7,-7,0
16220,Clarion,2022-05,6,-6,0
16220,Clarion,2022-06,5,-5,0
16220,Clarion,2022-07,4,-4,0
16220,Clarion,2022-08,3,-3,0
16220,Clarion,2022-09,2,-2,0
16220,Clarion,2022-10,1,-1,0
16220,Clarion,2022-11,0,0,1
16220,Clarion,2022-12,-1,1,0
16222,Armstrong,2022-01,10,-10,0
16222,Armstrong,2022-02,9,-9,0
16222,Armstrong,2022-03,8,-8,0
16222,Armstrong,2022-04,7,-7,0
16222,Armstrong,2022-05,6,-6,0
16222,Armstrong,2022-06,5,-5,0
16222,Armstrong,2022-07,4,-4,0
16222,Armstrong,2022-08,3,-3,0
16222,Armstrong,2022-09,2,-2,0
16222,Armstrong,2022-10,1,-1,0
16222,Armstrong,2022-11,0,0,1
16222,Armstrong,2022-12,-1,1,0
16223,Armstrong,2022-01,10,-10,0
16223,Armstrong,2022-02,9,-9,0
16223,Armstrong,2022-03,8,-8,0
16223,Armstrong,2022-04,7,-7,0
16223,Armstrong,2022-05,6,-6,0
16223,Armstrong,2022-06,5,-5,0
16223,Armstrong,2022-07,4,-4,0
16223,Armstrong,2022-08,3,-3,0
16223,Armstrong,2022-09,2,-2,0
16223,Armstrong,2022-10,1,-1,0
16223,Armstrong,2022-11,0,0,1
16223,Armstrong,2022-12,-1,1,0
16224,Clarion,2022-01,10,-10,0
16224,Clarion,2022-02,9,-9,0
16224,Clarion,2022-03,8,-8,0
16224,Clarion,2022-04,7,-7,0
16224,Clarion,2022-05,6,-6,0
16224,Clarion,2022-06,5,-5,0
16224,Clarion,2022-07,4,-4,0
16224,Clarion,2022-08,3,-3,0
16224,Clarion,2022-09,2,-2,0
16224,Clarion,2022-10,1,-1,0
16224,Clarion,2022-11,0,0,1
16224,Clarion,2022-12,-1,1,0
16226,Armstrong,2022-01,10,-10,0
16226,Armstrong,2022-02,9,-9,0
16226,Armstrong,2022-03,8,-8,0
16226,Armstrong,2022-04,7,-7,0
16226,Armstrong,2022-05,6,-6,0
16226,Armstrong,2022-06,5,-5,0
16226,Armstrong,2022-07,4,-4,0
16226,Armstrong,2022-08,3,-3,0
16226,Armstrong,2022-09,2,-2,0
16226,Armstrong,2022-10,1,-1,0
16226,Armstrong,2022-11,0,0,1
16226,Armstrong,2022-12,-1,1,0
16228,Armstrong,2022-01,10,-10,0
16228,Armstrong,2022-02,9,-9,0
16228,Armstrong,2022-03,8,-8,0
16228,Armstrong,2022-04,7,-7,0
16228,Armstrong,2022-05,6,-6,0
16228,Armstrong,2022-06,5,-5,0
16228,Armstrong,2022-07,4,-4,0
16228,Armstrong,2022-08,3,-3,0
16228,Armstrong,2022-09,2,-2,0
16228,Armstrong,2022-10,1,-1,0
16228,Armstrong,2022-11,0,0,1
16228,Armstrong,2022-12,-1,1,0
16229,Armstrong,2022-01,10,-10,0
16229,Armstrong,2022-02,9,-9,0
16229,Armstrong,2022-03,8,-8,0
16229,Armstrong,2022-04,7,-7,0
16229,Armstrong,2022-05,6,-6,0
16229,Armstrong,2022-06,5,-5,0
16229,Armstrong,2022-07,4,-4,0
16229,Armstrong,2022-08,3,-3,0
16229,Armstrong,2022-09,2,-2,0
16229,Armstrong,2022-10,1,-1,0
16229,Armstrong,2022-11,0,0,1
16229,Armstrong,2022-12,-1,1,0
16230,Clarion,2022-01,10,-10,0
16230,Clarion,2022-02,9,-9,0
16230,Clarion,2022-03,8,-8,0
16230,Clarion,2022-04,7,-7,0
16230,Clarion,2022-05,6,-6,0
16230,Clarion,2022-06,5,-5,0
16230,Clarion,2022-07,4,-4,0
16230,Clarion,2022-08,3,-3,0
16230,Clarion,2022-09,2,-2,0
16230,Clarion,2022-10,1,-1,0
16230,Clarion,2022-11,0,0,1
16230,Clarion,2022-12,-1,1,0
16232,Clarion,2022-01,10,-10,0
16232,Clarion,2022-02,9,-9,0
16232,Clarion,2022-03,8,-8,0
16232,Clarion,2022-04,7,-7,0
16232,Clarion,2022-05,6,-6,0
16232,Clarion,2022-06,5,-5,0
16232,Clarion,2022-07,4,-4,0
16232,Clarion,2022-08,3,-3,0
16232,Clarion,2022-09,2,-2,0
16232,Clarion,2022-10,1,-1,0
16232,Clarion,2022-11,0,0,1
16232,Clarion,2022-12,-1,1,0
16233,Clarion,2022-01,10,-10,0
16233,Clarion,2022-02,9,-9,0
16233,Clarion,2022-03,8,-8,0
16233,Clarion,2022-04,7,-7,0
16233,Clarion,2022-05,6,-6,0
16233,Clarion,2022-06,5,-5,0
16233,Clarion,2022-07,4,-4,0
16233,Clarion,2022-08,3,-3,0
16233,Clarion,2022-09,2,-2,0
16233,Clarion,2022-10,1,-1,0
16233,Clarion,2022-11,0,0,1
16233,Clarion,2022-12,-1,1,0
16235,Clarion,2022-01,10,-10,0
16235,Clarion,2022-02,9,-9,0
16235,Clarion,2022-03,8,-8,0
16235,Clarion,2022-04,7,-7,0
16235,Clarion,2022-05,6,-6,0
16235,Clarion,2022-06,5,-5,0
16235,Clarion,2022-07,4,-4,0
16235,Clarion,2022-08,3,-3,0
16235,Clarion,2022-09,2,-2,0
16235,Clarion,2022-10,1,-1,0
16235,Clarion,2022-11,0,0,1
16235,Clarion,2022-12,-1,1,0
16236,Armstrong,2022-01,10,-10,0
16236,Armstrong,2022-02,9,-9,0
16236,Armstrong,2022-03,8,-8,0
16236,Armstrong,2022-04,7,-7,0
16236,Armstrong,2022-05,6,-6,0
16236,Armstrong,2022-06,5,-5,0
16236,Armstrong,2022-07,4,-4,0
16236,Armstrong,2022-08,3,-3,0
16236,Armstrong,2022-09,2,-2,0
16236,Armstrong,2022-10,1,-1,0
16236,Armstrong,2022-11,0,0,1
16236,Armstrong,2022-12,-1,1,0
16238,Armstrong,2022-01,10,-10,0
16238,Armstrong,2022-02,9,-9,0
16238,Armstrong,2022-03,8,-8,0
16238,Armstrong,2022-04,7,-7,0
16238,Armstrong,2022-05,6,-6,0
16238,Armstrong,2022-06,5,-5,0
16238,Armstrong,2022-07,4,-4,0
16238,Armstrong,2022-08,3,-3,0
16238,Armstrong,2022-09,2,-2,0
16238,Armstrong,2022-10,1,-1,0
16238,Armstrong,2022-11,0,0,1
16238,Armstrong,2022-12,-1,1,0
16239,Forest,2022-01,10,-10,0
16239,Forest,2022-02,9,-9,0
16239,Forest,2022-03,8,-8,0
16239,Forest,2022-04,7,-7,0
16239,Forest,2022-05,6,-6,0
16239,Forest,2022-06,5,-5,0
16239,Forest,2022-07,4,-4,0
16239,Forest,2022-08,3,-3,0
16239,Forest,2022-09,2,-2,0
16239,Forest,2022-10,1,-1,0
16239,Forest,2022-11,0,0,1
16239,Forest,2022-12,-1,1,0
16240,Jefferson,2022-01,10,-10,0
16240,Jefferson,2022-02,9,-9,0
16240,Jefferson,2022-03,8,-8,0
16240,Jefferson,2022-04,7,-7,0
16240,Jefferson,2022-05,6,-6,0
16240,Jefferson,2022-06,5,-5,0
16240,Jefferson,2022-07,4,-4,0
16240,Jefferson,2022-08,3,-3,0
16240,Jefferson,2022-09,2,-2,0
16240,Jefferson,2022-10,1,-1,0
16240,Jefferson,2022-11,0,0,1
16240,Jefferson,2022-12,-1,1,0
16242,Clarion,2022-01,10,-10,0
16242,Clarion,2022-02,9,-9,0
16242,Clarion,2022-03,8,-8,0
16242,Clarion,2022-04,7,-7,0
16242,Clarion,2022-05,6,-6,0
16242,Clarion,2022-06,5,-5,0
16242,Clarion,2022-07,4,-4,0
16242,Clarion,2022-08,3,-3,0
16242,Clarion,2022-09,2,-2,0
16242,Clarion,2022-10,1,-1,0
16242,Clarion,2022-11,0,0,1
16242,Clarion,2022-12,-1,1,0
16244,Armstrong,2022-01,10,-10,0
16244,Armstrong,2022-02,9,-9,0
16244,Armstrong,2022-03,8,-8,0
16244,Armstrong,2022-04,7,-7,0
16244,Armstrong,2022-05,6,-6,0
16244,Armstrong,2022-06,5,-5,0
16244,Armstrong,2022-07,4,-4,0
16244,Armstrong,2022-08,3,-3,0
16244,Armstrong,2022-09,2,-2,0
16244,Armstrong,2022-10,1,-1,0
16244,Armstrong,2022-11,0,0,1
16244,Armstrong,2022-12,-1,1,0
16245,Armstrong,2022-01,10,-10,0
16245,Armstrong,2022-02,9,-9,0
16245,Armstrong,2022-03,8,-8,0
16245,Armstrong,2022-04,7,-7,0
16245,Armstrong,2022-05,6,-6,0
16245,Armstrong,2022-06,5,-5,0
16245,Armstrong,2022-07,4,-4,0
16245,Armstrong,2022-08,3,-3,0
16245,Armstrong,2022-09,2,-2,0
16245,Armstrong,2022-10,1,-1,0
16245,Armstrong,2022-11,0,0,1
16245,Armstrong,2022-12,-1,1,0
16246,Indiana,2022-01,10,-10,0
16246,Indiana,2022-02,9,-9,0
16246,Indiana,2022-03,8,-8,0
16246,Indiana,2022-04,7,-7,0
16246,Indiana,2022-05,6,-6,0
16246,Indiana,2022-06,5,-5,0
16246,Indiana,2022-07,4,-4,0
16246,Indiana,2022-08,3,-3,0
16246,Indiana,2022-09,2,-2,0
16246,Indiana,2022-10,1,-1,0
16246,Indiana,2022-11,0,0,1
16246,Indiana,2022-12,-1,1,0
16248,Clarion,2022-01,10,-10,0
16248,Clarion,2022-02,9,-9,0
16248,Clarion,2022-03,8,-8,0
16248,Clarion,2022-04,7,-7,0
16248,Clarion,2022-05,6,-6,0
16248,Clarion,2022-06,5,-5,0
16248,Clarion,2022-07,4,-4,0
16248,Clarion,2022-08,3,-3,0
16248,Clarion,2022-09,2,-2,0
16248,Clarion,2022-10,1,-1,0
16248,Clarion,2022-11,0,0,1
16248,Clarion,2022-12,-1,1,0
16249,Armstrong,2022-01,10,-10,0
16249,Armstrong,2022-02,9,-9,0
16249,Armstrong,2022-03,8,-8,0
16249,Armstrong,2022-04,7,-7,0
16249,Armstrong,2022-05,6,-6,0
16249,Armstrong,2022-06,5,-5,0
16249,Armstrong,2022-07,4,-4,0
16249,Armstrong,2022-08,3,-3,0
16249,Armstrong,2022-09,2,-2,0
16249,Armstrong,2022-10,1,-1,0
16249,Armstrong,2022-11,0,0,1
16249,Armstrong,2022-12,-1,1,0
16250,Armstrong,2022-01,10,-10,0
16250,Armstrong,2022-02,9,-9,0
16250,Armstrong,2022-03,8,-8,0
16250,Armstrong,2022-04,7,-7,0
16250,Armstrong,2022-05,6,-6,0
16250,Armstrong,2022-06,5,-5,0
16250,Armstrong,2022-07,4,-4,0
16250,Armstrong,2022-08,3,-3,0
16250,Armstrong,2022-09,2,-2,0
16250,Armstrong,2022-10,1,-1,0
16250,Armstrong,2022-11,0,0,1
16250,Armstrong,2022-12,-1,1,0
16253,Armstrong,2022-01,10,-10,0
16253,Armstrong,2022-02,9,-9,0
16253,Armstrong,2022-03,8,-8,0
16253,Armstrong,2022-04,7,-7,0
16253,Armstrong,2022-05,6,-6,0
16253,Armstrong,2022-06,5,-5,0
16253,Armstrong,2022-07,4,-4,0
16253,Armstrong,2022-08,3,-3,0
16253,Armstrong,2022-09,2,-2,0
16253,Armstrong,2022-10,1,-1,0
16253,Armstrong,2022-11,0,0,1
16253,Armstrong,2022-12,-1,1,0
16254,Clarion,2022-01,10,-10,0
16254,Clarion,2022-02,9,-9,0
16254,Clarion,2022-03,8,-8,0
16254,Clarion,2022-04,7,-7,0
16254,Clarion,2022-05,6,-6,0
16254,Clarion,2022-06,5,-5,0
16254,Clarion,2022-07,4,-4,0
16254,Clarion,2022-08,3,-3,0
16254,Clarion,2022-09,2,-2,0
16254,Clarion,2022-10,1,-1,0
16254,Clarion,2022-11,0,0,1
16254,Clarion,2022-12,-1,1,0
16255,Clarion,2022-01,10,-10,0
16255,Clarion,2022-02,9,-9,0
16255,Clarion,2022-03,8,-8,0
16255,Clarion,2022-04,7,-7,0
16255,Clarion,2022-05,6,-6,0
16255,Clarion,2022-06,5,-5,0
16255,Clarion,2022-07,4,-4,0
16255,Clarion,2022-08,3,-3,0
16255,Clarion,2022-09,2,-2,0
16255,Clarion,2022-10,1,-1,0
16255,Clarion,2022-11,0,0,1
16255,Clarion,2022-12,-1,1,0
16256,Indiana,2022-01,10,-10,0
16256,Indiana,2022-02,9,-9,0
16256,Indiana,2022-03,8,-8,0
16256,Indiana,2022-04,7,-7,0
16256,Indiana,2022-05,6,-6,0
16256,Indiana,2022-06,5,-5,0
16256,Indiana,2022-07,4,-4,0
16256,Indiana,2022-08,3,-3,0
16256,Indiana,2022-09,2,-2,0
16256,Indiana,2022-10,1,-1,0
16256,Indiana,2022-11,0,0,1
16256,Indiana,2022-12,-1,1,0
16258,Clarion,2022-01,10,-10,0
16258,Clarion,2022-02,9,-9,0
16258,Clarion,2022-03,8,-8,0
16258,Clarion,2022-04,7,-7,0
16258,Clarion,2022-05,6,-6,0
16258,Clarion,2022-06,5,-5,0
16258,Clarion,2022-07,4,-4,0
16258,Clarion,2022-08,3,-3,0
16258,Clarion,2022-09,2,-2,0
16258,Clarion,2022-10,1,-1,0
16258,Clarion,2022-11,0,0,1
16258,Clarion,2022-12,-1,1,0
16259,Armstrong,2022-01,10,-10,0
16259,Armstrong,2022-02,9,-9,0
16259,Armstrong,2022-03,8,-8,0
16259,Armstrong,2022-04,7,-7,0
16259,Armstrong,2022-05,6,-6,0
16259,Armstrong,2022-06,5,-5,0
16259,Armstrong,2022-07,4,-4,0
16259,Armstrong,2022-08,3,-3,0
16259,Armstrong,2022-09,2,-2,0
16259,Armstrong,2022-10,1,-1,0
16259,Armstrong,2022-11,0,0,1
16259,Armstrong,2022-12,-1,1,0
16260,Clarion,2022-01,10,-10,0
16260,Clarion,2022-02,9,-9,0
16260,Clarion,2022-03,8,-8,0
16260,Clarion,2022-04,7,-7,0
16260,Clarion,2022-05,6,-6,0
16260,Clarion,2022-06,5,-5,0
16260,Clarion,2022-07,4,-4,0
16260,Clarion,2022-08,3,-3,0
16260,Clarion,2022-09,2,-2,0
16260,Clarion,2022-10,1,-1,0
16260,Clarion,2022-11,0,0,1
16260,Clarion,2022-12,-1,1,0
16262,Armstrong,2022-01,10,-10,0
16262,Armstrong,2022-02,9,-9,0
16262,Armstrong,2022-03,8,-8,0
16262,Armstrong,2022-04,7,-7,0
16262,Armstrong,2022-05,6,-6,0
16262,Armstrong,2022-06,5,-5,0
16262,Armstrong,2022-07,4,-4,0
16262,Armstrong,2022-08,3,-3,0
16262,Armstrong,2022-09,2,-2,0
16262,Armstrong,2022-10,1,-1,0
16262,Armstrong,2022-11,0,0,1
16262,Armstrong,2022-12,-1,1,0
16263,Armstrong,2022-01,10,-10,0
16263,Armstrong,2022-02,9,-9,0
16263,Armstrong,2022-03,8,-8,0
16263,Armstrong,2022-04,7,-7,0
16263,Armstrong,2022-05,6,-6,0
16263,Armstrong,2022-06,5,-5,0
16263,Armstrong,2022-07,4,-4,0
16263,Armstrong,2022-08,3,-3,0
16263,Armstrong,2022-09,2,-2,0
16263,Armstrong,2022-10,1,-1,0
16263,Armstrong,2022-11,0,0,1
16263,Armstrong,2022-12,-1,1,0
16301,Venango,2022-01,10,-10,0
16301,Venango,2022-02,9,-9,0
16301,Venango,2022-03,8,-8,0
16301,Venango,2022-04,7,-7,0
16301,Venango,2022-05,6,-6,0
16301,Venango,2022-06,5,-5,0
16301,Venango,2022-07,4,-4,0
16301,Venango,2022-08,3,-3,0
16301,Venango,2022-09,2,-2,0
16301,Venango,2022-10,1,-1,0
16301,Venango,2022-11,0,0,1
16301,Venango,2022-12,-1,1,0
16311,Mercer,2022-01,10,-10,0
16311,Mercer,2022-02,9,-9,0
16311,Mercer,2022-03,8,-8,0
16311,Mercer,2022-04,7,-7,0
16311,Mercer,2022-05,6,-6,0
16311,Mercer,2022-06,5,-5,0
16311,Mercer,2022-07,4,-4,0
16311,Mercer,2022-08,3,-3,0
16311,Mercer,2022-09,2,-2,0
16311,Mercer,2022-10,1,-1,0
16311,Mercer,2022-11,0,0,1
16311,Mercer,2022-12,-1,1,0
16312,Warren,2022-01,10,-10,0
16312,Warren,2022-02,9,-9,0
16312,Warren,2022-03,8,-8,0
16312,Warren,2022-04,7,-7,0
16312,Warren,2022-05,6,-6,0
16312,Warren,2022-06,5,-5,0
16312,Warren,2022-07,4,-4,0
16312,Warren,2022-08,3,-3,0
16312,Warren,2022-09,2,-2,0
16312,Warren,2022-10,1,-1,0
16312,Warren,2022-11,0,0,1
16312,Warren,2022-12,-1,1,0
16313,Warren,2022-01,10,-10,0
16313,Warren,2022-02,9,-9,0
16313,Warren,2022-03,8,-8,0
16313,Warren,2022-04,7,-7,0
16313,Warren,2022-05,6,-6,0
16313,Warren,2022-06,5,-5,0
16313,Warren,2022-07,4,-4,0
16313,Warren,2022-08,3,-3,0
16313,Warren,2022-09,2,-2,0
16313,Warren,2022-10,1,-1,0
16313,Warren,2022-11,0,0,1
16313,Warren,2022-12,-1,1,0
16314,Crawford,2022-01,10,-10,0
16314,Crawford,2022-02,9,-9,0
16314,Crawford,2022-03,8,-8,0
16314,Crawford,2022-04,7,-7,0
16314,Crawford,2022-05,6,-6,0
16314,Crawford,2022-06,5,-5,0
16314,Crawford,2022-07,4,-4,0
16314,Crawford,2022-08,3,-3,0
16314,Crawford,2022-09,2,-2,0
16314,Crawford,2022-10,1,-1,0
16314,Crawford,2022-11,0,0,1
16314,Crawford,2022-12,-1,1,0
16316,Crawford,2022-01,10,-10,0
16316,Crawford,2022-02,9,-9,0
16316,Crawford,2022-03,8,-8,0
16316,Crawford,2022-04,7,-7,0
16316,Crawford,2022-05,6,-6,0
16316,Crawford,2022-06,5,-5,0
16316,Crawford,2022-07,4,-4,0
16316,Crawford,2022-08,3,-3,0
16316,Crawford,2022-09,2,-2,0
16316,Crawford,2022-10,1,-1,0
16316,Crawford,2022-11,0,0,1
16316,Crawford,2022-12,-1,1,0
16317,Venango,2022-01,10,-10,0
16317,Venango,2022-02,9,-9,0
16317,Venango,2022-03,8,-8,0
16317,Venango,2022-04,7,-7,0
16317,Venango,2022-05,6,-6,0
16317,Venango,2022-06,5,-5,0
16317,Venango,2022-07,4,-4,0
16317,Venango,2022-08,3,-3,0
16317,Venango,2022-09,2,-2,0
16317,Venango,2022-10,1,-1,0
16317,Venango,2022-11,0,0,1
16317,Venango,2022-12,-1,1,0
16319,Venango,2022-01,10,-10,0
16319,Venango,2022-02,9,-9,0
16319,Venango,2022-03,8,-8,0
16319,Venango,2022-04,7,-7,0
16319,Venango,2022-05,6,-6,0
16319,Venango,2022-06,5,-5,0
16319,Venango,2022-07,4,-4,0
16319,Venango,2022-08,3,-3,0
16319,Venango,2022-09,2,-2,0
16319,Venango,2022-10,1,-1,0
16319,Venango,2022-11,0,0,1
16319,Venango,2022-12,-1,1,0
16321,Forest,2022-01,10,-10,0
16321,Forest,2022-02,9,-9,0
16321,Forest,2022-03,8,-8,0
16321,Forest,2022-04,7,-7,0
16321,Forest,2022-05,6,-6,0
16321,Forest,2022-06,5,-5,0
16321,Forest,2022-07,4,-4,0
16321,Forest,2022-08,3,-3,0
16321,Forest,2022-09,2,-2,0
16321,Forest,2022-10,1,-1,0
16321,Forest,2022-11,0,0,1
16321,Forest,2022-12,-1,1,0
16322,Forest,2022-01,10,-10,0
16322,Forest,2022-02,9,-9,0
16322,Forest,2022-03,8,-8,0
16322,Forest,2022-04,7,-7,0
16322,Forest,2022-05,6,-6,0
16322,Forest,2022-06,5,-5,0
16322,Forest,2022-07,4,-4,0
16322,Forest,2022-08,3,-3,0
16322,Forest,2022-09,2,-2,0
16322,Forest,2022-10,1,-1,0
16322,Forest,2022-11,0,0,1
16322,Forest,2022-12,-1,1,0
16323,Venango,2022-01,10,-10,0
16323,Venango,2022-02,9,-9,0
16323,Venango,2022-03,8,-8,0
16323,Venango,2022-04,7,-7,0
16323,Venango,2022-05,6,-6,0
16323,Venango,2022-06,5,-5,0
16323,Venango,2022-07,4,-4,0
16323,Venango,2022-08,3,-3,0
16323,Venango,2022-09,2,-2,0
16323,Venango,2022-10,1,-1,0
16323,Venango,2022-11,0,0,1
16323,Venango,2022-12,-1,1,0
16326,Clarion,2022-01,10,-10,0
16326,Clarion,2022-02,9,-9,0
16326,Clarion,2022-03,8,-8,0
16326,Clarion,2022-04,7,-7,0
16326,Clarion,2022-05,6,-6,0
16326,Clarion,2022-06,5,-5,0
16326,Clarion,2022-07,4,-4,0
16326,Clarion,2022-08,3,-3,0
16326,Clarion,2022-09,2,-2,0
16326,Clarion,2022-10,1,-1,0
16326,Clarion,2022-11,0,0,1
16326,Clarion,2022-12,-1,1,0
16327,Crawford,2022-01,10,-10,0
16327,Crawford,2022-02,9,-9,0
16327,Crawford,2022-03,8,-8,0
16327,Crawford,2022-04,7,-7,0
16327,Crawford,2022-05,6,-6,0
16327,Crawford,2022-06,5,-5,0
16327,Crawford,2022-07,4,-4,0
16327,Crawford,2022-08,3,-3,0
16327,Crawford,2022-09,2,-2,0
16327,Crawford,2022-10,1,-1,0
16327,Crawford,2022-11,0,0,1
16327,Crawford,2022-12,-1,1,0
16328,Crawford,2022-01,10,-10,0
16328,Crawford,2022-02,9,-9,0
16328,Crawford,2022-03,8,-8,0
16328,Crawford,2022-04,7,-7,0
16328,Crawford,2022-05,6,-6,0
16328,Crawford,2022-06,5,-5,0
16328,Crawford,2022-07,4,-4,0
16328,Crawford,2022-08,3,-3,0
16328,Crawford,2022-09,2,-2,0
16328,Crawford,2022-10,1,-1,0
16328,Crawford,2022-11,0,0,1
16328,Crawford,2022-12,-1,1,0
16329,Warren,2022-01,10,-10,0
16329,Warren,2022-02,9,-9,0
16329,Warren,2022-03,8,-8,0
16329,Warren,2022-04,7,-7,0
16329,Warren,2022-05,6,-6,0
16329,Warren,2022-06,5,-5,0
16329,Warren,2022-07,4,-4,0
16329,Warren,2022-08,3,-3,0
16329,Warren,2022-09,2,-2,0
16329,Warren,2022-10,1,-1,0
16329,Warren,2022-11,0,0,1
16329,Warren,2022-12,-1,1,0
16331,Clarion,2022-01,10,-10,0
16331,Clarion,2022-02,9,-9,0
16331,Clarion,2022-03,8,-8,0
16331,Clarion,2022-04,7,-7,0
16331,Clarion,2022-05,6,-6,0
16331,Clarion,2022-06,5,-5,0
16331,Clarion,2022-07,4,-4,0
16331,Clarion,2022-08,3,-3,0
16331,Clarion,2022-09,2,-2,0
16331,Clarion,2022-10,1,-1,0
16331,Clarion,2022-11,0,0,1
16331,Clarion,2022-12,-1,1,0
16332,Clarion,2022-01,10,-10,0
16332,Clarion,2022-02,9,-9,0
16332,Clarion,2022-03,8,-8,0
16332,Clarion,2022-04,7,-7,0
16332,Clarion,2022-05,6,-6,0
16332,Clarion,2022-06,5,-5,0
16332,Clarion,2022-07,4,-4,0
16332,Clarion,2022-08,3,-3,0
16332,Clarion,2022-09,2,-2,0
16332,Clarion,2022-10,1,-1,0
16332,Clarion,2022-11,0,0,1
16332,Clarion,2022-12,-1,1,0
16333,McKean,2022-01,10,-10,0
16333,McKean,2022-02,9,-9,0
16333,McKean,2022-03,8,-8,0
16333,McKean,2022-04,7,-7,0
16333,McKean,2022-05,6,-6,0
16333,McKean,2022-06,5,-5,0
16333,McKean,2022-07,4,-4,0
16333,McKean,2022-08,3,-3,0
16333,McKean,2022-09,2,-2,0
16333,McKean,2022-10,1,-1,0
16333,McKean,2022-11,0,0,1
16333,McKean,2022-12,-1,1,0
16334,Clarion,2022-01,10,-10,0
16334,Clarion,2022-02,9,-9,0
16334,Clarion,2022-03,8,-8,0
16334,Clarion,2022-04,7,-7,0
16334,Clarion,2022-05,6,-6,0
16334,Clarion,2022-06,5,-5,0
16334,Clarion,2022-07,4,-4,0
16334,Clarion,2022-08,3,-3,0
16334,Clarion,2022-09,2,-2,0
16334,Clarion,2022-10,1,-1,0
16334,Clarion,2022-11,0,0,1
16334,Clarion,2022-12,-1,1,0
16335,Crawford,2022-01,10,-10,0
16335,Crawford,2022-02,9,-9,0
16335,Crawford,2022-03,8,-8,0
16335,Crawford,2022-04,7,-7,0
16335,Crawford,2022-05,6,-6,0
16335,Crawford,2022-06,5,-5,0
16335,Crawford,2022-07,4,-4,0
16335,Crawford,2022-08,3,-3,0
16335,Crawford,2022-09,2,-2,0
16335,Crawford,2022-10,1,-1,0
16335,Crawford,2022-11,0,0,1
16335,Crawford,2022-12,-1,1,0
16340,Warren,2022-01,10,-10,0
16340,Warren,2022-02,9,-9,0
16340,Warren,2022-03,8,-8,0
16340,Warren,2022-04,7,-7,0
16340,Warren,2022-05,6,-6,0
16340,Warren,2022-06,5,-5,0
16340,Warren,2022-07,4,-4,0
16340,Warren,2022-08,3,-3,0
16340,Warren,2022-09,2,-2,0
16340,Warren,2022-10,1,-1,0
16340,Warren,2022-11,0,0,1
16340,Warren,2022-12,-1,1,0
16341,Venango,2022-01,10,-10,0
16341,Venango,2022-02,9,-9,0
16341,Venango,2022-03,8,-8,0
16341,Venango,2022-04,7,-7,0
16341,Venango,2022-05,6,-6,0
16341,Venango,2022-06,5,-5,0
16341,Venango,2022-07,4,-4,0
16341,Venango,2022-08,3,-3,0
16341,Venango,2022-09,2,-2,0
16341,Venango,2022-10,1,-1,0
16341,Venango,2022-11,0,0,1
16341,Venango,2022-12,-1,1,0
16342,Venango,2022-01,10,-10,0
16342,Venango,2022-02,9,-9,0
16342,Venango,2022-03,8,-8,0
16342,Venango,2022-04,7,-7,0
16342,Venango,2022-05,6,-6,0
16342,Venango,2022-06,5,-5,0
16342,Venango,2022-07,4,-4,0
16342,Venango,2022-08,3,-3,0
16342,Venango,2022-09,2,-2,0
16342,Venango,2022-10,1,-1,0
16342,Venango,2022-11,0,0,1
16342,Venango,2022-12,-1,1,0
16343,Venango,2022-01,10,-10,0
16343,Venango,2022-02,9,-9,0
16343,Venango,2022-03,8,-8,0
16343,Venango,2022-04,7,-7,0
16343,Venango,2022-05,6,-6,0
16343,Venango,2022-06,5,-5,0
16343,Venango,2022-07,4,-4,0
16343,Venango,2022-08,3,-3,0
16343,Venango,2022-09,2,-2,0
16343,Venango,2022-10,1,-1,0
16343,Venango,2022-11,0,0,1
16343,Venango,2022-12,-1,1,0
16344,Venango,2022-01,10,-10,0
16344,Venango,2022-02,9,-9,0
16344,Venango,2022-03,8,-8,0
16344,Venango,2022-04,7,-7,0
16344,Venango,2022-05,6,-6,0
16344,Venango,2022-06,5,-5,0
16344,Venango,2022-07,4,-4,0
16344,Venango,2022-08,3,-3,0
16344,Venango,2022-09,2,-2,0
16344,Venango,2022-10,1,-1,0
16344,Venango,2022-11,0,0,1
16344,Venango,2022-12,-1,1,0
16345,Warren,2022-01,10,-10,0
16345,Warren,2022-02,9,-9,0
16345,Warren,2022-03,8,-8,0
16345,Warren,2022-04,7,-7,0
16345,Warren,2022-05,6,-6,0
16345,Warren,2022-06,5,-5,0
16345,Warren,2022-07,4,-4,0
16345,Warren,2022-08,3,-3,0
16345,Warren,2022-09,2,-2,0
16345,Warren,2022-10,1,-1,0
16345,Warren,2022-11,0,0,1
16345,Warren,2022-12,-1,1,0
16346,Venango,2022-01,10,-10,0
16346,Venango,2022-02,9,-9,0
16346,Venango,2022-03,8,-8,0
16346,Venango,2022-04,7,-7,0
16346,Venango,2022-05,6,-6,0
16346,Venango,2022-06,5,-5,0
16346,Venango,2022-07,4,-4,0
16346,Venango,2022-08,3,-3,0
16346,Venango,2022-09,2,-2,0
16346,Venango,2022-10,1,-1,0
16346,Venango,2022-11,0,0,1
16346,Venango,2022-12,-1,1,0
16347,Warren,2022-01,10,-10,0
16347,Warren,2022-02,9,-9,0
16347,Warren,2022-03,8,-8,0
16347,Warren,2022-04,7,-7,0
16347,Warren,2022-05,6,-6,0
16347,Warren,2022-06,5,-5,0
16347,Warren,2022-07,4,-4,0
16347,Warren,2022-08,3,-3,0
16347,Warren,2022-09,2,-2,0
16347,Warren,2022-10,1,-1,0
16347,Warren,2022-11,0,0,1
16347,Warren,2022-12,-1,1,0
16350,Warren,2022-01,10,-10,0
16350,Warren,2022-02,9,-9,0
16350,Warren,2022-03,8,-8,0
16350,Warren,2022-04,7,-7,0
16350,Warren,2022-05,6,-6,0
16350,Warren,2022-06,5,-5,0
16350,Warren,2022-07,4,-4,0
16350,Warren,2022-08,3,-3,0
16350,Warren,2022-09,2,-2,0
16350,Warren,2022-10,1,-1,0
16350,Warren,2022-11,0,0,1
16350,Warren,2022-12,-1,1,0
16351,Warren,2022-01,10,-10,0
16351,Warren,2022-02,9,-9,0
16351,Warren,2022-03,8,-8,0
16351,Warren,2022-04,7,-7,0
16351,Warren,2022-05,6,-6,0
16351,Warren,2022-06,5,-5,0
16351,Warren,2022-07,4,-4,0
16351,Warren,2022-08,3,-3,0
16351,Warren,2022-09,2,-2,0
16351,Warren,2022-10,1,-1,0
16351,Warren,2022-11,0,0,1
16351,Warren,2022-12,-1,1,0
16352,Warren,2022-01,10,-10,0
16352,Warren,2022-02,9,-9,0
16352,Warren,2022-03,8,-8,0
16352,Warren,2022-04,7,-7,0
16352,Warren,2022-05,6,-6,0
16352,Warren,2022-06,5,-5,0
16352,Warren,2022-07,4,-4,0
16352,Warren,2022-08,3,-3,0
16352,Warren,2022-09,2,-2,0
16352,Warren,2022-10,1,-1,0
16352,Warren,2022-11,0,0,1
16352,Warren,2022-12,-1,1,0
16353,Forest,2022-01,10,-10,0
16353,Forest,2022-02,9,-9,0
16353,Forest,2022-03,8,-8,0
16353,Forest,2022-04,7,-7,0
16353,Forest,2022-05,6,-6,0
16353,Forest,2022-06,5,-5,0
16353,Forest,2022-07,4,-4,0
16353,Forest,2022-08,3,-3,0
16353,Forest,2022-09,2,-2,0
16353,Forest,2022-10,1,-1,0
16353,Forest,2022-11,0,0,1
16353,Forest,2022-12,-1,1,0
16354,Venango,2022-01,10,-10,0
16354,Venango,2022-02,9,-9,0
16354,Venango,2022-03,8,-8,0
16354,Venango,2022-04,7,-7,0
16354,Venango,2022-05,6,-6,0
16354,Venango,2022-06,5,-5,0
16354,Venango,2022-07,4,-4,0
16354,Venango,2022-08,3,-3,0
16354,Venango,2022-09,2,-2,0
16354,Venango,2022-10,1,-1,0
16354,Venango,2022-11,0,0,1
16354,Venango,2022-12,-1,1,0
16360,Crawford,2022-01,10,-10,0
16360,Crawford,2022-02,9,-9,0
16360,Crawford,2022-03,8,-8,0
16360,Crawford,2022-04,7,-7,0
16360,Crawford,2022-05,6,-6,0
16360,Crawford,2022-06,5,-5,0
16360,Crawford,2022-07,4,-4,0
16360,Crawford,2022-08,3,-3,0
16360,Crawford,2022-09,2,-2,0
16360,Crawford,2022-10,1,-1,0
16360,Crawford,2022-11,0,0,1
16360,Crawford,2022-12,-1,1,0
16361,Clarion,2022-01,10,-10,0
16361,Clarion,2022-02,9,-9,0
16361,Clarion,2022-03,8,-8,0
16361,Clarion,2022-04,7,-7,0
16361,Clarion,2022-05,6,-6,0
16361,Clarion,2022-06,5,-5,0
16361,Clarion,2022-07,4,-4,0
16361,Clarion,2022-08,3,-3,0
16361,Clarion,2022-09,2,-2,0
16361,Clarion,2022-10,1,-1,0
16361,Clarion,2022-11,0,0,1
16361,Clarion,2022-12,-1,1,0
16362,Venango,2022-01,10,-10,0
16362,Venango,2022-02,9,-9,0
16362,Venango,2022-03,8,-8,0
16362,Venango,2022-04,7,-7,0
16362,Venango,2022-05,6,-6,0
16362,Venango,2022-06,5,-5,0
16362,Venango,2022-07,4,-4,0
16362,Venango,2022-08,3,-3,0
16362,Venango,2022-09,2,-2,0
16362,Venango,2022-10,1,-1,0
16362,Venango,2022-11,0,0,1
16362,Venango,2022-12,-1,1,0
16364,Venango,2022-01,10,-10,0
16364,Venango,2022-02,9,-9,0
16364,Venango,2022-03,8,-8,0
16364,Venango,2022-04,7,-7,0
16364,Venango,2022-05,6,-6,0
16364,Venango,2022-06,5,-5,0
16364,Venango,2022-07,4,-4,0
16364,Venango,2022-08,3,-3,0
16364,Venango,2022-09,2,-2,0
16364,Venango,2022-10,1,-1,0
16364,Venango,2022-11,0,0,1
16364,Venango,2022-12,-1,1,0
16365,Warren,2022-01,10,-10,0
16365,Warren,2022-02,9,-9,0
16365,Warren,2022-03,8,-8,0
16365,Warren,2022-04,7,-7,0
16365,Warren,2022-05,6,-6,0
16365,Warren,2022-06,5,-5,0
16365,Warren,2022-07,4,-4,0
16365,Warren,2022-08,3,-3,0
16365,Warren,2022-09,2,-2,0
16365,Warren,2022-10,1,-1,0
16365,Warren,2022-11,0,0,1
16365,Warren,2022-12,-1,1,0
16370,Forest,2022-01,10,-10,0
16370,Forest,2022-02,9,-9,0
16370,Forest,2022-03,8,-8,0
16370,Forest,2022-04,7,-7,0
16370,Forest,2022-05,6,-6,0
16370,Forest,2022-06,5,-5,0
16370,Forest,2022-07,4,-4,0
16370,Forest,2022-08,3,-3,0
16370,Forest,2022-09,2,-2,0
16370,Forest,2022-10,1,-1,0
16370,Forest,2022-11,0,0,1
16370,Forest,2022-12,-1,1,0
16371,Warren,2022-01,10,-10,0
16371,Warren,2022-02,9,-9,0
16371,Warren,2022-03,8,-8,0
16371,Warren,2022-04,7,-7,0
16371,Warren,2022-05,6,-6,0
16371,Warren,2022-06,5,-5,0
16371,Warren,2022-07,4,-4,0
16371,Warren,2022-08,3,-3,0
16371,Warren,2022-09,2,-2,0
16371,Warren,2022-10,1,-1,0
16371,Warren,2022-11,0,0,1
16371,Warren,2022-12,-1,1,0
16372,Venango,2022-01,10,-10,0
16372,Venango,2022-02,9,-9,0
16372,Venango,2022-03,8,-8,0
16372,Venango,2022-04,7,-7,0
16372,Venango,2022-05,6,-6,0
16372,Venango,2022-06,5,-5,0
16372,Venango,2022-07,4,-4,0
16372,Venango,2022-08,3,-3,0
16372,Venango,2022-09,2,-2,0
16372,Venango,2022-10,1,-1,0
16372,Venango,2022-11,0,0,1
16372,Venango,2022-12,-1,1,0
16373,Venango,2022-01,10,-10,0
16373,Venango,2022-02,9,-9,0
16373,Venango,2022-03,8,-8,0
16373,Venango,2022-04,7,-7,0
16373,Venango,2022-05,6,-6,0
16373,Venango,2022-06,5,-5,0
16373,Venango,2022-07,4,-4,0
16373,Venango,2022-08,3,-3,0
16373,Venango,2022-09,2,-2,0
16373,Venango,2022-10,1,-1,0
16373,Venango,2022-11,0,0,1
16373,Venango,2022-12,-1,1,0
16374,Venango,2022-01,10,-10,0
16374,Venango,2022-02,9,-9,0
16374,Venango,2022-03,8,-8,0
16374,Venango,2022-04,7,-7,0
16374,Venango,2022-05,6,-6,0
16374,Venango,2022-06,5,-5,0
16374,Venango,2022-07,4,-4,0
16374,Venango,2022-08,3,-3,0
16374,Venango,2022-09,2,-2,0
16374,Venango,2022-10,1,-1,0
16374,Venango,2022-11,0,0,1
16374,Venango,2022-12,-1,1,0
16401,Erie,2022-01,10,-10,0
16401,Erie,2022-02,9,-9,0
16401,Erie,2022-03,8,-8,0
16401,Erie,2022-04,7,-7,0
16401,Erie,2022-05,6,-6,0
16401,Erie,2022-06,5,-5,0
16401,Erie,2022-07,4,-4,0
16401,Erie,2022-08,3,-3,0
16401,Erie,2022-09,2,-2,0
16401,Erie,2022-10,1,-1,0
16401,Erie,2022-11,0,0,1
16401,Erie,2022-12,-1,1,0
16402,Warren,2022-01,10,-10,0
16402,Warren,2022-02,9,-9,0
16402,Warren,2022-03,8,-8,0
16402,Warren,2022-04,7,-7,0
16402,Warren,2022-05,6,-6,0
16402,Warren,2022-06,5,-5,0
16402,Warren,2022-07,4,-4,0
16402,Warren,2022-08,3,-3,0
16402,Warren,2022-09,2,-2,0
16402,Warren,2022-10,1,-1,0
16402,Warren,2022-11,0,0,1
16402,Warren,2022-12,-1,1,0
16403,Crawford,2022-01,10,-10,0
16403,Crawford,2022-02,9,-9,0
16403,Crawford,2022-03,8,-8,0
16403,Crawford,2022-04,7,-7,0
16403,Crawford,2022-05,6,-6,0
16403,Crawford,2022-06,5,-5,0
16403,Crawford,2022-07,4,-4,0
16403,Crawford,2022-08,3,-3,0
16403,Crawford,2022-09,2,-2,0
16403,Crawford,2022-10,1,-1,0
16403,Crawford,2022-11,0,0,1
16403,Crawford,2022-12,-1,1,0
16404,Crawford,2022-01,10,-10,0
16404,Crawford,2022-02,9,-9,0
16404,Crawford,2022-03,8,-8,0
16404,Crawford,2022-04,7,-7,0
16404,Crawford,2022-05,6,-6,0
16404,Crawford,2022-06,5,-5,0
16404,Crawford,2022-07,4,-4,0
16404,Crawford,2022-08,3,-3,0
16404,Crawford,2022-09,2,-2,0
16404,Crawford,2022-10,1,-1,0
16404,Crawford,2022-11,0,0,1
16404,Crawford,2022-12,-1,1,0
16405,Warren,2022-01,10,-10,0
16405,Warren,2022-02,9,-9,0
16405,Warren,2022-03,8,-8,0
16405,Warren,2022-04,7,-7,0
16405,Warren,2022-05,6,-6,0
16405,Warren,2022-06,5,-5,0
16405,Warren,2022-07,4,-4,0
16405,Warren,2022-08,3,-3,0
16405,Warren,2022-09,2,-2,0
16405,Warren,2022-10,1,-1,0
16405,Warren,2022-11,0,0,1
16405,Warren,2022-12,-1,1,0
16406,Crawford,2022-01,10,-10,0
16406,Crawford,2022-02,9,-9,0
16406,Crawford,2022-03,8,-8,0
16406,Crawford,2022-04,7,-7,0
16406,Crawford,2022-05,6,-6,0
16406,Crawford,2022-06,5,-5,0
16406,Crawford,2022-07,4,-4,0
16406,Crawford,2022-08,3,-3,0
16406,Crawford,2022-09,2,-2,0
16406,Crawford,2022-10,1,-1,0
16406,Crawford,2022-11,0,0,1
16406,Crawford,2022-12,-1,1,0
16407,Erie,2022-01,10,-10,0
16407,Erie,2022-02,9,-9,0
16407,Erie,2022-03,8,-8,0
16407,Erie,2022-04,7,-7,0
16407,Erie,2022-05,6,-6,0
16407,Erie,2022-06,5,-5,0
16407,Erie,2022-07,4,-4,0
16407,Erie,2022-08,3,-3,0
16407,Erie,2022-09,2,-2,0
16407,Erie,2022-10,1,-1,0
16407,Erie,2022-11,0,0,1
16407,Erie,2022-12,-1,1,0
16410,Erie,2022-01,10,-10,0
16410,Erie,2022-02,9,-9,0
16410,Erie,2022-03,8,-8,0
16410,Erie,2022-04,7,-7,0
16410,Erie,2022-05,6,-6,0
16410,Erie,2022-06,5,-5,0
16410,Erie,2022-07,4,-4,0
16410,Erie,2022-08,3,-3,0
16410,Erie,2022-09,2,-2,0
16410,Erie,2022-10,1,-1,0
16410,Erie,2022-11,0,0,1
16410,Erie,2022-12,-1,1,0
16411,Erie,2022-01,10,-10,0
16411,Erie,2022-02,9,-9,0
16411,Erie,2022-03,8,-8,0
16411,Erie,2022-04,7,-7,0
16411,Erie,2022-05,6,-6,0
16411,Erie,2022-06,5,-5,0
16411,Erie,2022-07,4,-4,0
16411,Erie,2022-08,3,-3,0
16411,Erie,2022-09,2,-2,0
16411,Erie,2022-10,1,-1,0
16411,Erie,2022-11,0,0,1
16411,Erie,2022-12,-1,1,0
16412,Erie,2022-01,10,-10,0
16412,Erie,2022-02,9,-9,0
16412,Erie,2022-03,8,-8,0
16412,Erie,2022-04,7,-7,0
16412,Erie,2022-05,6,-6,0
16412,Erie,2022-06,5,-5,0
16412,Erie,2022-07,4,-4,0
16412,Erie,2022-08,3,-3,0
16412,Erie,2022-09,2,-2,0
16412,Erie,2022-10,1,-1,0
16412,Erie,2022-11,0,0,1
16412,Erie,2022-12,-1,1,0
16415,Erie,2022-01,10,-10,0
16415,Erie,2022-02,9,-9,0
16415,Erie,2022-03,8,-8,0
16415,Erie,2022-04,7,-7,0
16415,Erie,2022-05,6,-6,0
16415,Erie,2022-06,5,-5,0
16415,Erie,2022-07,4,-4,0
16415,Erie,2022-08,3,-3,0
16415,Erie,2022-09,2,-2,0
16415,Erie,2022-10,1,-1,0
16415,Erie,2022-11,0,0,1
16415,Erie,2022-12,-1,1,0
16416,Warren,2022-01,10,-10,0
16416,Warren,2022-02,9,-9,0
16416,Warren,2022-03,8,-8,0
16416,Warren,2022-04,7,-7,0
16416,Warren,2022-05,6,-6,0
16416,Warren,2022-06,5,-5,0
16416,Warren,2022-07,4,-4,0
16416,Warren,2022-08,3,-3,0
16416,Warren,2022-09,2,-2,0
16416,Warren,2022-10,1,-1,0
16416,Warren,2022-11,0,0,1
16416,Warren,2022-12,-1,1,0
16417,Erie,2022-01,10,-10,0
16417,Erie,2022-02,9,-9,0
16417,Erie,2022-03,8,-8,0
16417,Erie,2022-04,7,-7,0
16417,Erie,2022-05,6,-6,0
16417,Erie,2022-06,5,-5,0
16417,Erie,2022-07,4,-4,0
16417,Erie,2022-08,3,-3,0
16417,Erie,2022-09,2,-2,0
16417,Erie,2022-10,1,-1,0
16417,Erie,2022-11,0,0,1
16417,Erie,2022-12,-1,1,0
16420,Warren,2022-01,10,-10,0
16420,Warren,2022-02,9,-9,0
16420,Warren,2022-03,8,-8,0
16420,Warren,2022-04,7,-7,0
16420,Warren,2022-05,6,-6,0
16420,Warren,2022-06,5,-5,0
16420,Warren,2022-07,4,-4,0
16420,Warren,2022-08,3,-3,0
16420,Warren,2022-09,2,-2,0
16420,Warren,2022-10,1,-1,0
16420,Warren,2022-11,0,0,1
16420,Warren,2022-12,-1,1,0
16421,Erie,2022-01,10,-10,0
16421,Erie,2022-02,9,-9,0
16421,Erie,2022-03,8,-8,0
16421,Erie,2022-04,7,-7,0
16421,Erie,2022-05,6,-6,0
16421,Erie,2022-06,5,-5,0
16421,Erie,2022-07,4,-4,0
16421,Erie,2022-08,3,-3,0
16421,Erie,2022-09,2,-2,0
16421,Erie,2022-10,1,-1,0
16421,Erie,2022-11,0,0,1
16421,Erie,2022-12,-1,1,0
16422,Crawford,2022-01,10,-10,0
16422,Crawford,2022-02,9,-9,0
16422,Crawford,2022-03,8,-8,0
16422,Crawford,2022-04,7,-7,0
16422,Crawford,2022-05,6,-6,0
16422,Crawford,2022-06,5,-5,0
16422,Crawford,2022-07,4,-4,0
16422,Crawford,2022-08,3,-3,0
16422,Crawford,2022-09,2,-2,0
16422,Crawford,2022-10,1,-1,0
16422,Crawford,2022-11,0,0,1
16422,Crawford,2022-12,-1,1,0
16423,Erie,2022-01,10,-10,0
16423,Erie,2022-02,9,-9,0
16423,Erie,2022-03,8,-8,0
16423,Erie,2022-04,7,-7,0
16423,Erie,2022-05,6,-6,0
16423,Erie,2022-06,5,-5,0
16423,Erie,2022-07,4,-4,0
16423,Erie,2022-08,3,-3,0
16423,Erie,2022-09,2,-2,0
16423,Erie,2022-10,1,-1,0
16423,Erie,2022-11,0,0,1
16423,Erie,2022-12,-1,1,0
16424,Crawford,2022-01,10,-10,0
16424,Crawford,2022-02,9,-9,0
16424,Crawford,2022-03,8,-8,0
16424,Crawford,2022-04,7,-7,0
16424,Crawford,2022-05,6,-6,0
16424,Crawford,2022-06,5,-5,0
16424,Crawford,2022-07,4,-4,0
16424,Crawford,2022-08,3,-3,0
16424,Crawford,2022-09,2,-2,0
16424,Crawford,2022-10,1,-1,0
16424,Crawford,2022-11,0,0,1
16424,Crawford,2022-12,-1,1,0
16426,Erie,2022-01,10,-10,0
16426,Erie,2022-02,9,-9,0
16426,Erie,2022-03,8,-8,0
16426,Erie,2022-04,7,-7,0
16426,Erie,2022-05,6,-6,0
16426,Erie,2022-06,5,-5,0
16426,Erie,2022-07,4,-4,0
16426,Erie,2022-08,3,-3,0
16426,Erie,2022-09,2,-2,0
16426,Erie,2022-10,1,-1,0
16426,Erie,2022-11,0,0,1
16426,Erie,2022-12,-1,1,0
16427,Erie,2022-01,10,-10,0
16427,Erie,2022-02,9,-9,0
16427,Erie,2022-03,8,-8,0
16427,Erie,2022-04,7,-7,0
16427,Erie,2022-05,6,-6,0
16427,Erie,2022-06,5,-5,0
16427,Erie,2022-07,4,-4,0
16427,Erie,2022-08,3,-3,0
16427,Erie,2022-09,2,-2,0
16427,Erie,2022-10,1,-1,0
16427,Erie,2022-11,0,0,1
16427,Erie,2022-12,-1,1,0
16428,Erie,2022-01,10,-10,0
16428,Erie,2022-02,9,-9,0
16428,Erie,2022-03,8,-8,0
16428,Erie,2022-04,7,-7,0
16428,Erie,2022-05,6,-6,0
16428,Erie,2022-06,5,-5,0
16428,Erie,2022-07,4,-4,0
16428,Erie,2022-08,3,-3,0
16428,Erie,2022-09,2,-2,0
16428,Erie,2022-10,1,-1,0
16428,Erie,2022-11,0,0,1
16428,Erie,2022-12,-1,1,0
16430,Erie,2022-01,10,-10,0
16430,Erie,2022-02,9,-9,0
16430,Erie,2022-03,8,-8,0
16430,Erie,2022-04,7,-7,0
16430,Erie,2022-05,6,-6,0
16430,Erie,2022-06,5,-5,0
16430,Erie,2022-07,4,-4,0
16430,Erie,2022-08,3,-3,0
16430,Erie,2022-09,2,-2,0
16430,Erie,2022-10,1,-1,0
16430,Erie,2022-11,0,0,1
16430,Erie,2022-12,-1,1,0
16433,Crawford,2022-01,10,-10,0
16433,Crawford,2022-02,9,-9,0
16433,Crawford,2022-03,8,-8,0
16433,Crawford,2022-04,7,-7,0
16433,Crawford,2022-05,6,-6,0
16433,Crawford,2022-06,5,-5,0
16433,Crawford,2022-07,4,-4,0
16433,Crawford,2022-08,3,-3,0
16433,Crawford,2022-09,2,-2,0
16433,Crawford,2022-10,1,-1,0
16433,Crawford,2022-11,0,0,1
16433,Crawford,2022-12,-1,1,0
16434,Crawford,2022-01,10,-10,0
16434,Crawford,2022-02,9,-9,0
16434,Crawford,2022-03,8,-8,0
16434,Crawford,2022-04,7,-7,0
16434,Crawford,2022-05,6,-6,0
16434,Crawford,2022-06,5,-5,0
16434,Crawford,2022-07,4,-4,0
16434,Crawford,2022-08,3,-3,0
16434,Crawford,2022-09,2,-2,0
16434,Crawford,2022-10,1,-1,0
16434,Crawford,2022-11,0,0,1
16434,Crawford,2022-12,-1,1,0
16435,Crawford,2022-01,10,-10,0
16435,Crawford,2022-02,9,-9,0
16435,Crawford,2022-03,8,-8,0
16435,Crawford,2022-04,7,-7,0
16435,Crawford,2022-05,6,-6,0
16435,Crawford,2022-06,5,-5,0
16435,Crawford,2022-07,4,-4,0
16435,Crawford,2022-08,3,-3,0
16435,Crawford,2022-09,2,-2,0
16435,Crawford,2022-10,1,-1,0
16435,Crawford,2022-11,0,0,1
16435,Crawford,2022-12,-1,1,0
16436,Warren,2022-01,10,-10,0
16436,Warren,2022-02,9,-9,0
16436,Warren,2022-03,8,-8,0
16436,Warren,2022-04,7,-7,0
16436,Warren,2022-05,6,-6,0
16436,Warren,2022-06,5,-5,0
16436,Warren,2022-07,4,-4,0
16436,Warren,2022-08,3,-3,0
16436,Warren,2022-09,2,-2,0
16436,Warren,2022-10,1,-1,0
16436,Warren,2022-11,0,0,1
16436,Warren,2022-12,-1,1,0
16438,Erie,2022-01,10,-10,0
16438,Erie,2022-02,9,-9,0
16438,Erie,2022-03,8,-8,0
16438,Erie,2022-04,7,-7,0
16438,Erie,2022-05,6,-6,0
16438,Erie,2022-06,5,-5,0
16438,Erie,2022-07,4,-4,0
16438,Erie,2022-08,3,-3,0
16438,Erie,2022-09,2,-2,0
16438,Erie,2022-10,1,-1,0
16438,Erie,2022-11,0,0,1
16438,Erie,2022-12,-1,1,0
16440,Crawford,2022-01,10,-10,0
16440,Crawford,2022-02,9,-9,0
16440,Crawford,2022-03,8,-8,0
16440,Crawford,2022-04,7,-7,0
16440,Crawford,2022-05,6,-6,0
16440,Crawford,2022-06,5,-5,0
16440,Crawford,2022-07,4,-4,0
16440,Crawford,2022-08,3,-3,0
16440,Crawford,2022-09,2,-2,0
16440,Crawford,2022-10,1,-1,0
16440,Crawford,2022-11,0,0,1
16440,Crawford,2022-12,-1,1,0
16441,Erie,2022-01,10,-10,0
16441,Erie,2022-02,9,-9,0
16441,Erie,2022-03,8,-8,0
16441,Erie,2022-04,7,-7,0
16441,Erie,2022-05,6,-6,0
16441,Erie,2022-06,5,-5,0
16441,Erie,2022-07,4,-4,0
16441,Erie,2022-08,3,-3,0
16441,Erie,2022-09,2,-2,0
16441,Erie,2022-10,1,-1,0
16441,Erie,2022-11,0,0,1
16441,Erie,2022-12,-1,1,0
16442,Erie,2022-01,10,-10,0
16442,Erie,2022-02,9,-9,0
16442,Erie,2022-03,8,-8,0
16442,Erie,2022-04,7,-7,0
16442,Erie,2022-05,6,-6,0
16442,Erie,2022-06,5,-5,0
16442,Erie,2022-07,4,-4,0
16442,Erie,2022-08,3,-3,0
16442,Erie,2022-09,2,-2,0
16442,Erie,2022-10,1,-1,0
16442,Erie,2022-11,0,0,1
16442,Erie,2022-12,-1,1,0
16443,Erie,2022-01,10,-10,0
16443,Erie,2022-02,9,-9,0
16443,Erie,2022-03,8,-8,0
16443,Erie,2022-04,7,-7,0
16443,Erie,2022-05,6,-6,0
16443,Erie,2022-06,5,-5,0
16443,Erie,2022-07,4,-4,0
16443,Erie,2022-08,3,-3,0
16443,Erie,2022-09,2,-2,0
16443,Erie,2022-10,1,-1,0
16443,Erie,2022-11,0,0,1
16443,Erie,2022-12,-1,1,0
16444,Erie,2022-01,10,-10,0
16444,Erie,2022-02,9,-9,0
16444,Erie,2022-03,8,-8,0
16444,Erie,2022-04,7,-7,0
16444,Erie,2022-05,6,-6,0
16444,Erie,2022-06,5,-5,0
16444,Erie,2022-07,4,-4,0
16444,Erie,2022-08,3,-3,0
16444,Erie,2022-09,2,-2,0
16444,Erie,2022-10,1,-1,0
16444,Erie,2022-11,0,0,1
16444,Erie,2022-12,-1,1,0
16475,Erie,2022-01,10,-10,0
16475,Erie,2022-02,9,-9,0
16475,Erie,2022-03,8,-8,0
16475,Erie,2022-04,7,-7,0
16475,Erie,2022-05,6,-6,0
16475,Erie,2022-06,5,-5,0
16475,Erie,2022-07,4,-4,0
16475,Erie,2022-08,3,-3,0
16475,Erie,2022-09,2,-2,0
16475,Erie,2022-10,1,-1,0
16475,Erie,2022-11,0,0,1
16475,Erie,2022-12,-1,1,0
16501,Erie,2022-01,10,-10,0
16501,Erie,2022-02,9,-9,0
16501,Erie,2022-03,8,-8,0
16501,Erie,2022-04,7,-7,0
16501,Erie,2022-05,6,-6,0
16501,Erie,2022-06,5,-5,0
16501,Erie,2022-07,4,-4,0
16501,Erie,2022-08,3,-3,0
16501,Erie,2022-09,2,-2,0
16501,Erie,2022-10,1,-1,0
16501,Erie,2022-11,0,0,1
16501,Erie,2022-12,-1,1,0
16502,Erie,2022-01,10,-10,0
16502,Erie,2022-02,9,-9,0
16502,Erie,2022-03,8,-8,0
16502,Erie,2022-04,7,-7,0
16502,Erie,2022-05,6,-6,0
16502,Erie,2022-06,5,-5,0
16502,Erie,2022-07,4,-4,0
16502,Erie,2022-08,3,-3,0
16502,Erie,2022-09,2,-2,0
16502,Erie,2022-10,1,-1,0
16502,Erie,2022-11,0,0,1
16502,Erie,2022-12,-1,1,0
16503,Erie,2022-01,10,-10,0
16503,Erie,2022-02,9,-9,0
16503,Erie,2022-03,8,-8,0
16503,Erie,2022-04,7,-7,0
16503,Erie,2022-05,6,-6,0
16503,Erie,2022-06,5,-5,0
16503,Erie,2022-07,4,-4,0
16503,Erie,2022-08,3,-3,0
16503,Erie,2022-09,2,-2,0
16503,Erie,2022-10,1,-1,0
16503,Erie,2022-11,0,0,1
16503,Erie,2022-12,-1,1,0
16504,Erie,2022-01,10,-10,0
16504,Erie,2022-02,9,-9,0
16504,Erie,2022-03,8,-8,0
16504,Erie,2022-04,7,-7,0
16504,Erie,2022-05,6,-6,0
16504,Erie,2022-06,5,-5,0
16504,Erie,2022-07,4,-4,0
16504,Erie,2022-08,3,-3,0
16504,Erie,2022-09,2,-2,0
16504,Erie,2022-10,1,-1,0
16504,Erie,2022-11,0,0,1
16504,Erie,2022-12,-1,1,0
16505,Erie,2022-01,10,-10,0
16505,Erie,2022-02,9,-9,0
16505,Erie,2022-03,8,-8,0
16505,Erie,2022-04,7,-7,0
16505,Erie,2022-05,6,-6,0
16505,Erie,2022-06,5,-5,0
16505,Erie,2022-07,4,-4,0
16505,Erie,2022-08,3,-3,0
16505,Erie,2022-09,2,-2,0
16505,Erie,2022-10,1,-1,0
16505,Erie,2022-11,0,0,1
16505,Erie,2022-12,-1,1,0
16506,Erie,2022-01,10,-10,0
16506,Erie,2022-02,9,-9,0
16506,Erie,2022-03,8,-8,0
16506,Erie,2022-04,7,-7,0
16506,Erie,2022-05,6,-6,0
16506,Erie,2022-06,5,-5,0
16506,Erie,2022-07,4,-4,0
16506,Erie,2022-08,3,-3,0
16506,Erie,2022-09,2,-2,0
16506,Erie,2022-10,1,-1,0
16506,Erie,2022-11,0,0,1
16506,Erie,2022-12,-1,1,0
16507,Erie,2022-01,10,-10,0
16507,Erie,2022-02,9,-9,0
16507,Erie,2022-03,8,-8,0
16507,Erie,2022-04,7,-7,0
16507,Erie,2022-05,6,-6,0
16507,Erie,2022-06,5,-5,0
16507,Erie,2022-07,4,-4,0
16507,Erie,2022-08,3,-3,0
16507,Erie,2022-09,2,-2,0
16507,Erie,2022-10,1,-1,0
16507,Erie,2022-11,0,0,1
16507,Erie,2022-12,-1,1,0
16508,Erie,2022-01,10,-10,0
16508,Erie,2022-02,9,-9,0
16508,Erie,2022-03,8,-8,0
16508,Erie,2022-04,7,-7,0
16508,Erie,2022-05,6,-6,0
16508,Erie,2022-06,5,-5,0
16508,Erie,2022-07,4,-4,0
16508,Erie,2022-08,3,-3,0
16508,Erie,2022-09,2,-2,0
16508,Erie,2022-10,1,-1,0
16508,Erie,2022-11,0,0,1
16508,Erie,2022-12,-1,1,0
16509,Erie,2022-01,10,-10,0
16509,Erie,2022-02,9,-9,0
16509,Erie,2022-03,8,-8,0
16509,Erie,2022-04,7,-7,0
16509,Erie,2022-05,6,-6,0
16509,Erie,2022-06,5,-5,0
16509,Erie,2022-07,4,-4,0
16509,Erie,2022-08,3,-3,0
16509,Erie,2022-09,2,-2,0
16509,Erie,2022-10,1,-1,0
16509,Erie,2022-11,0,0,1
16509,Erie,2022-12,-1,1,0
16510,Erie,2022-01,10,-10,0
16510,Erie,2022-02,9,-9,0
16510,Erie,2022-03,8,-8,0
16510,Erie,2022-04,7,-7,0
16510,Erie,2022-05,6,-6,0
16510,Erie,2022-06,5,-5,0
16510,Erie,2022-07,4,-4,0
16510,Erie,2022-08,3,-3,0
16510,Erie,2022-09,2,-2,0
16510,Erie,2022-10,1,-1,0
16510,Erie,2022-11,0,0,1
16510,Erie,2022-12,-1,1,0
16511,Erie,2022-01,10,-10,0
16511,Erie,2022-02,9,-9,0
16511,Erie,2022-03,8,-8,0
16511,Erie,2022-04,7,-7,0
16511,Erie,2022-05,6,-6,0
16511,Erie,2022-06,5,-5,0
16511,Erie,2022-07,4,-4,0
16511,Erie,2022-08,3,-3,0
16511,Erie,2022-09,2,-2,0
16511,Erie,2022-10,1,-1,0
16511,Erie,2022-11,0,0,1
16511,Erie,2022-12,-1,1,0
16546,Erie,2022-01,10,-10,0
16546,Erie,2022-02,9,-9,0
16546,Erie,2022-03,8,-8,0
16546,Erie,2022-04,7,-7,0
16546,Erie,2022-05,6,-6,0
16546,Erie,2022-06,5,-5,0
16546,Erie,2022-07,4,-4,0
16546,Erie,2022-08,3,-3,0
16546,Erie,2022-09,2,-2,0
16546,Erie,2022-10,1,-1,0
16546,Erie,2022-11,0,0,1
16546,Erie,2022-12,-1,1,0
16550,Erie,2022-01,10,-10,0
16550,Erie,2022-02,9,-9,0
16550,Erie,2022-03,8,-8,0
16550,Erie,2022-04,7,-7,0
16550,Erie,2022-05,6,-6,0
16550,Erie,2022-06,5,-5,0
16550,Erie,2022-07,4,-4,0
16550,Erie,2022-08,3,-3,0
16550,Erie,2022-09,2,-2,0
16550,Erie,2022-10,1,-1,0
16550,Erie,2022-11,0,0,1
16550,Erie,2022-12,-1,1,0
16563,Erie,2022-01,10,-10,0
16563,Erie,2022-02,9,-9,0
16563,Erie,2022-03,8,-8,0
16563,Erie,2022-04,7,-7,0
16563,Erie,2022-05,6,-6,0
16563,Erie,2022-06,5,-5,0
16563,Erie,2022-07,4,-4,0
16563,Erie,2022-08,3,-3,0
16563,Erie,2022-09,2,-2,0
16563,Erie,2022-10,1,-1,0
16563,Erie,2022-11,0,0,1
16563,Erie,2022-12,-1,1,0
16601,Blair,2022-01,10,-10,0
16601,Blair,2022-02,9,-9,0
16601,Blair,2022-03,8,-8,0
16601,Blair,2022-04,7,-7,0
16601,Blair,2022-05,6,-6,0
16601,Blair,2022-06,5,-5,0
16601,Blair,2022-07,4,-4,0
16601,Blair,2022-08,3,-3,0
16601,Blair,2022-09,2,-2,0
16601,Blair,2022-10,1,-1,0
16601,Blair,2022-11,0,0,1
16601,Blair,2022-12,-1,1,0
16602,Blair,2022-01,10,-10,0
16602,Blair,2022-02,9,-9,0
16602,Blair,2022-03,8,-8,0
16602,Blair,2022-04,7,-7,0
16602,Blair,2022-05,6,-6,0
16602,Blair,2022-06,5,-5,0
16602,Blair,2022-07,4,-4,0
16602,Blair,2022-08,3,-3,0
16602,Blair,2022-09,2,-2,0
16602,Blair,2022-10,1,-1,0
16602,Blair,2022-11,0,0,1
16602,Blair,2022-12,-1,1,0
16611,Huntingdon,2022-01,10,-10,0
16611,Huntingdon,2022-02,9,-9,0
16611,Huntingdon,2022-03,8,-8,0
16611,Huntingdon,2022-04,7,-7,0
16611,Huntingdon,2022-05,6,-6,0
16611,Huntingdon,2022-06,5,-5,0
16611,Huntingdon,2022-07,4,-4,0
16611,Huntingdon,2022-08,3,-3,0
16611,Huntingdon,2022-09,2,-2,0
16611,Huntingdon,2022-10,1,-1,0
16611,Huntingdon,2022-11,0,0,1
16611,Huntingdon,2022-12,-1,1,0
16613,Cambria,2022-01,10,-10,0
16613,Cambria,2022-02,9,-9,0
16613,Cambria,2022-03,8,-8,0
16613,Cambria,2022-04,7,-7,0
16613,Cambria,2022-05,6,-6,0
16613,Cambria,2022-06,5,-5,0
16613,Cambria,2022-07,4,-4,0
16613,Cambria,2022-08,3,-3,0
16613,Cambria,2022-09,2,-2,0
16613,Cambria,2022-10,1,-1,0
16613,Cambria,2022-11,0,0,1
16613,Cambria,2022-12,-1,1,0
16616,Clearfield,2022-01,10,-10,0
16616,Clearfield,2022-02,9,-9,0
16616,Clearfield,2022-03,8,-8,0
16616,Clearfield,2022-04,7,-7,0
16616,Clearfield,2022-05,6,-6,0
16616,Clearfield,2022-06,5,-5,0
16616,Clearfield,2022-07,4,-4,0
16616,Clearfield,2022-08,3,-3,0
16616,Clearfield,2022-09,2,-2,0
16616,Clearfield,2022-10,1,-1,0
16616,Clearfield,2022-11,0,0,1
16616,Clearfield,2022-12,-1,1,0
16617,Blair,2022-01,10,-10,0
16617,Blair,2022-02,9,-9,0
16617,Blair,2022-03,8,-8,0
16617,Blair,2022-04,7,-7,0
16617,Blair,2022-05,6,-6,0
16617,Blair,2022-06,5,-5,0
16617,Blair,2022-07,4,-4,0
16617,Blair,2022-08,3,-3,0
16617,Blair,2022-09,2,-2,0
16617,Blair,2022-10,1,-1,0
16617,Blair,2022-11,0,0,1
16617,Blair,2022-12,-1,1,0
16619,Cambria,2022-01,10,-10,0
16619,Cambria,2022-02,9,-9,0
16619,Cambria,2022-03,8,-8,0
16619,Cambria,2022-04,7,-7,0
16619,Cambria,2022-05,6,-6,0
16619,Cambria,2022-06,5,-5,0
16619,Cambria,2022-07,4,-4,0
16619,Cambria,2022-08,3,-3,0
16619,Cambria,2022-09,2,-2,0
16619,Cambria,2022-10,1,-1,0
16619,Cambria,2022-11,0,0,1
16619,Cambria,2022-12,-1,1,0
16620,Clearfield,2022-01,10,-10,0
16620,Clearfield,2022-02,9,-9,0
16620,Clearfield,2022-03,8,-8,0
16620,Clearfield,2022-04,7,-7,0
16620,Clearfield,2022-05,6,-6,0
16620,Clearfield,2022-06,5,-5,0
16620,Clearfield,2022-07,4,-4,0
16620,Clearfield,2022-08,3,-3,0
16620,Clearfield,2022-09,2,-2,0
16620,Clearfield,2022-10,1,-1,0
16620,Clearfield,2022-11,0,0,1
16620,Clearfield,2022-12,-1,1,0
16621,Huntingdon,2022-01,10,-10,0
16621,Huntingdon,2022-02,9,-9,0
16621,Huntingdon,2022-03,8,-8,0
16621,Huntingdon,2022-04,7,-7,0
16621,Huntingdon,2022-05,6,-6,0
16621,Huntingdon,2022-06,5,-5,0
16621,Huntingdon,2022-07,4,-4,0
16621,Huntingdon,2022-08,3,-3,0
16621,Huntingdon,2022-09,2,-2,0
16621,Huntingdon,2022-10,1,-1,0
16621,Huntingdon,2022-11,0,0,1
16621,Huntingdon,2022-12,-1,1,0
16622,Huntingdon,2022-01,10,-10,0
16622,Huntingdon,2022-02,9,-9,0
16622,Huntingdon,2022-03,8,-8,0
16622,Huntingdon,2022-04,7,-7,0
16622,Huntingdon,2022-05,6,-6,0
16622,Huntingdon,2022-06,5,-5,0
16622,Huntingdon,2022-07,4,-4,0
16622,Huntingdon,2022-08,3,-3,0
16622,Huntingdon,2022-09,2,-2,0
16622,Huntingdon,2022-10,1,-1,0
16622,Huntingdon,2022-11,0,0,1
16622,Huntingdon,2022-12,-1,1,0
16623,Huntingdon,2022-01,10,-10,0
16623,Huntingdon,2022-02,9,-9,0
16623,Huntingdon,2022-03,8,-8,0
16623,Huntingdon,2022-04,7,-7,0
16623,Huntingdon,2022-05,6,-6,0
16623,Huntingdon,2022-06,5,-5,0
16623,Huntingdon,2022-07,4,-4,0
16623,Huntingdon,2022-08,3,-3,0
16623,Huntingdon,2022-09,2,-2,0
16623,Huntingdon,2022-10,1,-1,0
16623,Huntingdon,2022-11,0,0,1
16623,Huntingdon,2022-12,-1,1,0
16624,Cambria,2022-01,10,-10,0
16624,Cambria,2022-02,9,-9,0
16624,Cambria,2022-03,8,-8,0
16624,Cambria,2022-04,7,-7,0
16624,Cambria,2022-05,6,-6,0
16624,Cambria,2022-06,5,-5,0
16624,Cambria,2022-07,4,-4,0
16624,Cambria,2022-08,3,-3,0
16624,Cambria,2022-09,2,-2,0
16624,Cambria,2022-10,1,-1,0
16624,Cambria,2022-11,0,0,1
16624,Cambria,2022-12,-1,1,0
16625,Blair,2022-01,10,-10,0
16625,Blair,2022-02,9,-9,0
16625,Blair,2022-03,8,-8,0
16625,Blair,2022-04,7,-7,0
16625,Blair,2022-05,6,-6,0
16625,Blair,2022-06,5,-5,0
16625,Blair,2022-07,4,-4,0
16625,Blair,2022-08,3,-3,0
16625,Blair,2022-09,2,-2,0
16625,Blair,2022-10,1,-1,0
16625,Blair,2022-11,0,0,1
16625,Blair,2022-12,-1,1,0
16627,Clearfield,2022-01,10,-10,0
16627,Clearfield,2022-02,9,-9,0
16627,Clearfield,2022-03,8,-8,0
16627,Clearfield,2022-04,7,-7,0
16627,Clearfield,2022-05,6,-6,0
16627,Clearfield,2022-06,5,-5,0
16627,Clearfield,2022-07,4,-4,0
16627,Clearfield,2022-08,3,-3,0
16627,Clearfield,2022-09,2,-2,0
16627,Clearfield,2022-10,1,-1,0
16627,Clearfield,2022-11,0,0,1
16627,Clearfield,2022-12,-1,1,0
16630,Cambria,2022-01,10,-10,0
16630,Cambria,2022-02,9,-9,0
16630,Cambria,2022-03,8,-8,0
16630,Cambria,2022-04,7,-7,0
16630,Cambria,2022-05,6,-6,0
16630,Cambria,2022-06,5,-5,0
16630,Cambria,2022-07,4,-4,0
16630,Cambria,2022-08,3,-3,0
16630,Cambria,2022-09,2,-2,0
16630,Cambria,2022-10,1,-1,0
16630,Cambria,2022-11,0,0,1
16630,Cambria,2022-12,-1,1,0
16631,Blair,2022-01,10,-10,0
16631,Blair,2022-02,9,-9,0
16631,Blair,2022-03,8,-8,0
16631,Blair,2022-04,7,-7,0
16631,Blair,2022-05,6,-6,0
16631,Blair,2022-06,5,-5,0
16631,Blair,2022-07,4,-4,0
16631,Blair,2022-08,3,-3,0
16631,Blair,2022-09,2,-2,0
16631,Blair,2022-10,1,-1,0
16631,Blair,2022-11,0,0,1
16631,Blair,2022-12,-1,1,0
16633,Bedford,2022-01,10,-10,0
16633,Bedford,2022-02,9,-9,0
16633,Bedford,2022-03,8,-8,0
16633,Bedford,2022-04,7,-7,0
16633,Bedford,2022-05,6,-6,0
16633,Bedford,2022-06,5,-5,0
16633,Bedford,2022-07,4,-4,0
16633,Bedford,2022-08,3,-3,0
16633,Bedford,2022-09,2,-2,0
16633,Bedford,2022-10,1,-1,0
16633,Bedford,2022-11,0,0,1
16633,Bedford,2022-12,-1,1,0
16634,Huntingdon,2022-01,10,-10,0
16634,Huntingdon,2022-02,9,-9,0
16634,Huntingdon,2022-03,8,-8,0
16634,Huntingdon,2022-04,7,-7,0
16634,Huntingdon,2022-05,6,-6,0
16634,Huntingdon,2022-06,5,-5,0
16634,Huntingdon,2022-07,4,-4,0
16634,Huntingdon,2022-08,3,-3,0
16634,Huntingdon,2022-09,2,-2,0
16634,Huntingdon,2022-10,1,-1,0
16634,Huntingdon,2022-11,0,0,1
16634,Huntingdon,2022-12,-1,1,0
16635,Blair,2022-01,10,-10,0
16635,Blair,2022-02,9,-9,0
16635,Blair,2022-03,8,-8,0
16635,Blair,2022-04,7,-7,0
16635,Blair,2022-05,6,-6,0
16635,Blair,2022-06,5,-5,0
16635,Blair,2022-07,4,-4,0
16635,Blair,2022-08,3,-3,0
16635,Blair,2022-09,2,-2,0
16635,Blair,2022-10,1,-1,0
16635,Blair,2022-11,0,0,1
16635,Blair,2022-12,-1,1,0
16636,Cambria,2022-01,10,-10,0
16636,Cambria,2022-02,9,-9,0
16636,Cambria,2022-03,8,-8,0
16636,Cambria,2022-04,7,-7,0
16636,Cambria,2022-05,6,-6,0
16636,Cambria,2022-06,5,-5,0
16636,Cambria,2022-07,4,-4,0
16636,Cambria,2022-08,3,-3,0
16636,Cambria,2022-09,2,-2,0
16636,Cambria,2022-10,1,-1,0
16636,Cambria,2022-11,0,0,1
16636,Cambria,2022-12,-1,1,0
16637,Blair,2022-01,10,-10,0
16637,Blair,2022-02,9,-9,0
16637,Blair,2022-03,8,-8,0
16637,Blair,2022-04,7,-7,0
16637,Blair,2022-05,6,-6,0
16637,Blair,2022-06,5,-5,0
16637,Blair,2022-07,4,-4,0
16637,Blair,2022-08,3,-3,0
16637,Blair,2022-09,2,-2,0
16637,Blair,2022-10,1,-1,0
16637,Blair,2022-11,0,0,1
16637,Blair,2022-12,-1,1,0
16638,Huntingdon,2022-01,10,-10,0
16638,Huntingdon,2022-02,9,-9,0
16638,Huntingdon,2022-03,8,-8,0
16638,Huntingdon,2022-04,7,-7,0
16638,Huntingdon,2022-05,6,-6,0
16638,Huntingdon,2022-06,5,-5,0
16638,Huntingdon,2022-07,4,-4,0
16638,Huntingdon,2022-08,3,-3,0
16638,Huntingdon,2022-09,2,-2,0
16638,Huntingdon,2022-10,1,-1,0
16638,Huntingdon,2022-11,0,0,1
16638,Huntingdon,2022-12,-1,1,0
16639,Cambria,2022-01,10,-10,0
16639,Cambria,2022-02,9,-9,0
16639,Cambria,2022-03,8,-8,0
16639,Cambria,2022-04,7,-7,0
16639,Cambria,2022-05,6,-6,0
16639,Cambria,2022-06,5,-5,0
16639,Cambria,2022-07,4,-4,0
16639,Cambria,2022-08,3,-3,0
16639,Cambria,2022-09,2,-2,0
16639,Cambria,2022-10,1,-1,0
16639,Cambria,2022-11,0,0,1
16639,Cambria,2022-12,-1,1,0
16640,Cambria,2022-01,10,-10,0
16640,Cambria,2022-02,9,-9,0
16640,Cambria,2022-03,8,-8,0
16640,Cambria,2022-04,7,-7,0
16640,Cambria,2022-05,6,-6,0
16640,Cambria,2022-06,5,-5,0
16640,Cambria,2022-07,4,-4,0
16640,Cambria,2022-08,3,-3,0
16640,Cambria,2022-09,2,-2,0
16640,Cambria,2022-10,1,-1,0
16640,Cambria,2022-11,0,0,1
16640,Cambria,2022-12,-1,1,0
16641,Cambria,2022-01,10,-10,0
16641,Cambria,2022-02,9,-9,0
16641,Cambria,2022-03,8,-8,0
16641,Cambria,2022-04,7,-7,0
16641,Cambria,2022-05,6,-6,0
16641,Cambria,2022-06,5,-5,0
16641,Cambria,2022-07,4,-4,0
16641,Cambria,2022-08,3,-3,0
16641,Cambria,2022-09,2,-2,0
16641,Cambria,2022-10,1,-1,0
16641,Cambria,2022-11,0,0,1
16641,Cambria,2022-12,-1,1,0
16645,Clearfield,2022-01,10,-10,0
16645,Clearfield,2022-02,9,-9,0
16645,Clearfield,2022-03,8,-8,0
16645,Clearfield,2022-04,7,-7,0
16645,Clearfield,2022-05,6,-6,0
16645,Clearfield,2022-06,5,-5,0
16645,Clearfield,2022-07,4,-4,0
16645,Clearfield,2022-08,3,-3,0
16645,Clearfield,2022-09,2,-2,0
16645,Clearfield,2022-10,1,-1,0
16645,Clearfield,2022-11,0,0,1
16645,Clearfield,2022-12,-1,1,0
16646,Cambria,2022-01,10,-10,0
16646,Cambria,2022-02,9,-9,0
16646,Cambria,2022-03,8,-8,0
16646,Cambria,2022-04,7,-7,0
16646,Cambria,2022-05,6,-6,0
16646,Cambria,2022-06,5,-5,0
16646,Cambria,2022-07,4,-4,0
16646,Cambria,2022-08,3,-3,0
16646,Cambria,2022-09,2,-2,0
16646,Cambria,2022-10,1,-1,0
16646,Cambria,2022-11,0,0,1
16646,Cambria,2022-12,-1,1,0
16647,Huntingdon,2022-01,10,-10,0
16647,Huntingdon,2022-02,9,-9,0
16647,Huntingdon,2022-03,8,-8,0
16647,Huntingdon,2022-04,7,-7,0
16647,Huntingdon,2022-05,6,-6,0
16647,Huntingdon,2022-06,5,-5,0
16647,Huntingdon,2022-07,4,-4,0
16647,Huntingdon,2022-08,3,-3,0
16647,Huntingdon,2022-09,2,-2,0
16647,Huntingdon,2022-10,1,-1,0
16647,Huntingdon,2022-11,0,0,1
16647,Huntingdon,2022-12,-1,1,0
16648,Blair,2022-01,10,-10,0
16648,Blair,2022-02,9,-9,0
16648,Blair,2022-03,8,-8,0
16648,Blair,2022-04,7,-7,0
16648,Blair,2022-05,6,-6,0
16648,Blair,2022-06,5,-5,0
16648,Blair,2022-07,4,-4,0
16648,Blair,2022-08,3,-3,0
16648,Blair,2022-09,2,-2,0
16648,Blair,2022-10,1,-1,0
16648,Blair,2022-11,0,0,1
16648,Blair,2022-12,-1,1,0
16650,Bedford,2022-01,10,-10,0
16650,Bedford,2022-02,9,-9,0
16650,Bedford,2022-03,8,-8,0
16650,Bedford,2022-04,7,-7,0
16650,Bedford,2022-05,6,-6,0
16650,Bedford,2022-06,5,-5,0
16650,Bedford,2022-07,4,-4,0
16650,Bedford,2022-08,3,-3,0
16650,Bedford,2022-09,2,-2,0
16650,Bedford,2022-10,1,-1,0
16650,Bedford,2022-11,0,0,1
16650,Bedford,2022-12,-1,1,0
16651,Clearfield,2022-01,10,-10,0
16651,Clearfield,2022-02,9,-9,0
16651,Clearfield,2022-03,8,-8,0
16651,Clearfield,2022-04,7,-7,0
16651,Clearfield,2022-05,6,-6,0
16651,Clearfield,2022-06,5,-5,0
16651,Clearfield,2022-07,4,-4,0
16651,Clearfield,2022-08,3,-3,0
16651,Clearfield,2022-09,2,-2,0
16651,Clearfield,2022-10,1,-1,0
16651,Clearfield,2022-11,0,0,1
16651,Clearfield,2022-12,-1,1,0
16652,Huntingdon,2022-01,10,-10,0
16652,Huntingdon,2022-02,9,-9,0
16652,Huntingdon,2022-03,8,-8,0
16652,Huntingdon,2022-04,7,-7,0
16652,Huntingdon,2022-05,6,-6,0
16652,Huntingdon,2022-06,5,-5,0
16652,Huntingdon,2022-07,4,-4,0
16652,Huntingdon,2022-08,3,-3,0
16652,Huntingdon,2022-09,2,-2,0
16652,Huntingdon,2022-10,1,-1,0
16652,Huntingdon,2022-11,0,0,1
16652,Huntingdon,2022-12,-1,1,0
16654,Huntingdon,2022-01,10,-10,0
16654,Huntingdon,2022-02,9,-9,0
16654,Huntingdon,2022-03,8,-8,0
16654,Huntingdon,2022-04,7,-7,0
16654,Huntingdon,2022-05,6,-6,0
16654,Huntingdon,2022-06,5,-5,0
16654,Huntingdon,2022-07,4,-4,0
16654,Huntingdon,2022-08,3,-3,0
16654,Huntingdon,2022-09,2,-2,0
16654,Huntingdon,2022-10,1,-1,0
16654,Huntingdon,2022-11,0,0,1
16654,Huntingdon,2022-12,-1,1,0
16655,Bedford,2022-01,10,-10,0
16655,Bedford,2022-02,9,-9,0
16655,Bedford,2022-03,8,-8,0
16655,Bedford,2022-04,7,-7,0
16655,Bedford,2022-05,6,-6,0
16655,Bedford,2022-06,5,-5,0
16655,Bedford,2022-07,4,-4,0
16655,Bedford,2022-08,3,-3,0
16655,Bedford,2022-09,2,-2,0
16655,Bedford,2022-10,1,-1,0
16655,Bedford,2022-11,0,0,1
16655,Bedford,2022-12,-1,1,0
16656,Clearfield,2022-01,10,-10,0
16656,Clearfield,2022-02,9,-9,0
16656,Clearfield,2022-03,8,-8,0
16656,Clearfield,2022-04,7,-7,0
16656,Clearfield,2022-05,6,-6,0
16656,Clearfield,2022-06,5,-5,0
16656,Clearfield,2022-07,4,-4,0
16656,Clearfield,2022-08,3,-3,0
16656,Clearfield,2022-09,2,-2,0
16656,Clearfield,2022-10,1,-1,0
16656,Clearfield,2022-11,0,0,1
16656,Clearfield,2022-12,-1,1,0
16657,Huntingdon,2022-01,10,-10,0
16657,Huntingdon,2022-02,9,-9,0
16657,Huntingdon,2022-03,8,-8,0
16657,Huntingdon,2022-04,7,-7,0
16657,Huntingdon,2022-05,6,-6,0
16657,Huntingdon,2022-06,5,-5,0
16657,Huntingdon,2022-07,4,-4,0
16657,Huntingdon,2022-08,3,-3,0
16657,Huntingdon,2022-09,2,-2,0
16657,Huntingdon,2022-10,1,-1,0
16657,Huntingdon,2022-11,0,0,1
16657,Huntingdon,2022-12,-1,1,0
16659,Bedford,2022-01,10,-10,0
16659,Bedford,2022-02,9,-9,0
16659,Bedford,2022-03,8,-8,0
16659,Bedford,2022-04,7,-7,0
16659,Bedford,2022-05,6,-6,0
16659,Bedford,2022-06,5,-5,0
16659,Bedford,2022-07,4,-4,0
16659,Bedford,2022-08,3,-3,0
16659,Bedford,2022-09,2,-2,0
16659,Bedford,2022-10,1,-1,0
16659,Bedford,2022-11,0,0,1
16659,Bedford,2022-12,-1,1,0
16661,Clearfield,2022-01,10,-10,0
16661,Clearfield,2022-02,9,-9,0
16661,Clearfield,2022-03,8,-8,0
16661,Clearfield,2022-04,7,-7,0
16661,Clearfield,2022-05,6,-6,0
16661,Clearfield,2022-06,5,-5,0
16661,Clearfield,2022-07,4,-4,0
16661,Clearfield,2022-08,3,-3,0
16661,Clearfield,2022-09,2,-2,0
16661,Clearfield,2022-10,1,-1,0
16661,Clearfield,2022-11,0,0,1
16661,Clearfield,2022-12,-1,1,0
16662,Blair,2022-01,10,-10,0
16662,Blair,2022-02,9,-9,0
16662,Blair,2022-03,8,-8,0
16662,Blair,2022-04,7,-7,0
16662,Blair,2022-05,6,-6,0
16662,Blair,2022-06,5,-5,0
16662,Blair,2022-07,4,-4,0
16662,Blair,2022-08,3,-3,0
16662,Blair,2022-09,2,-2,0
16662,Blair,2022-10,1,-1,0
16662,Blair,2022-11,0,0,1
16662,Blair,2022-12,-1,1,0
16664,Bedford,2022-01,10,-10,0
16664,Bedford,2022-02,9,-9,0
16664,Bedford,2022-03,8,-8,0
16664,Bedford,2022-04,7,-7,0
16664,Bedford,2022-05,6,-6,0
16664,Bedford,2022-06,5,-5,0
16664,Bedford,2022-07,4,-4,0
16664,Bedford,2022-08,3,-3,0
16664,Bedford,2022-09,2,-2,0
16664,Bedford,2022-10,1,-1,0
16664,Bedford,2022-11,0,0,1
16664,Bedford,2022-12,-1,1,0
16665,Blair,2022-01,10,-10,0
16665,Blair,2022-02,9,-9,0
16665,Blair,2022-03,8,-8,0
16665,Blair,2022-04,7,-7,0
16665,Blair,2022-05,6,-6,0
16665,Blair,2022-06,5,-5,0
16665,Blair,2022-07,4,-4,0
16665,Blair,2022-08,3,-3,0
16665,Blair,2022-09,2,-2,0
16665,Blair,2022-10,1,-1,0
16665,Blair,2022-11,0,0,1
16665,Blair,2022-12,-1,1,0
16666,Clearfield,2022-01,10,-10,0
16666,Clearfield,2022-02,9,-9,0
16666,Clearfield,2022-03,8,-8,0
16666,Clearfield,2022-04,7,-7,0
16666,Clearfield,2022-05,6,-6,0
16666,Clearfield,2022-06,5,-5,0
16666,Clearfield,2022-07,4,-4,0
16666,Clearfield,2022-08,3,-3,0
16666,Clearfield,2022-09,2,-2,0
16666,Clearfield,2022-10,1,-1,0
16666,Clearfield,2022-11,0,0,1
16666,Clearfield,2022-12,-1,1,0
16667,Bedford,2022-01,10,-10,0
16667,Bedford,2022-02,9,-9,0
16667,Bedford,2022-03,8,-8,0
16667,Bedford,2022-04,7,-7,0
16667,Bedford,2022-05,6,-6,0
16667,Bedford,2022-06,5,-5,0
16667,Bedford,2022-07,4,-4,0
16667,Bedford,2022-08,3,-3,0
16667,Bedford,2022-09,2,-2,0
16667,Bedford,2022-10,1,-1,0
16667,Bedford,2022-11,0,0,1
16667,Bedford,2022-12,-1,1,0
16668,Cambria,2022-01,10,-10,0
16668,Cambria,2022-02,9,-9,0
16668,Cambria,2022-03,8,-8,0
16668,Cambria,2022-04,7,-7,0
16668,Cambria,2022-05,6,-6,0
16668,Cambria,2022-06,5,-5,0
16668,Cambria,2022-07,4,-4,0
16668,Cambria,2022-08,3,-3,0
16668,Cambria,2022-09,2,-2,0
16668,Cambria,2022-10,1,-1,0
16668,Cambria,2022-11,0,0,1
16668,Cambria,2022-12,-1,1,0
16669,Huntingdon,2022-01,10,-10,0
16669,Huntingdon,2022-02,9,-9,0
16669,Huntingdon,2022-03,8,-8,0
16669,Huntingdon,2022-04,7,-7,0
16669,Huntingdon,2022-05,6,-6,0
16669,Huntingdon,2022-06,5,-5,0
16669,Huntingdon,2022-07,4,-4,0
16669,Huntingdon,2022-08,3,-3,0
16669,Huntingdon,2022-09,2,-2,0
16669,Huntingdon,2022-10,1,-1,0
16669,Huntingdon,2022-11,0,0,1
16669,Huntingdon,2022-12,-1,1,0
16670,Bedford,2022-01,10,-10,0
16670,Bedford,2022-02,9,-9,0
16670,Bedford,2022-03,8,-8,0
16670,Bedford,2022-04,7,-7,0
16670,Bedford,2022-05,6,-6,0
16670,Bedford,2022-06,5,-5,0
16670,Bedford,2022-07,4,-4,0
16670,Bedford,2022-08,3,-3,0
16670,Bedford,2022-09,2,-2,0
16670,Bedford,2022-10,1,-1,0
16670,Bedford,2022-11,0,0,1
16670,Bedford,2022-12,-1,1,0
16671,Clearfield,2022-01,10,-10,0
16671,Clearfield,2022-02,9,-9,0
16671,Clearfield,2022-03,8,-8,0
16671,Clearfield,2022-04,7,-7,0
16671,Clearfield,2022-05,6,-6,0
16671,Clearfield,2022-06,5,-5,0
16671,Clearfield,2022-07,4,-4,0
16671,Clearfield,2022-08,3,-3,0
16671,Clearfield,2022-09,2,-2,0
16671,Clearfield,2022-10,1,-1,0
16671,Clearfield,2022-11,0,0,1
16671,Clearfield,2022-12,-1,1,0
16672,Bedford,2022-01,10,-10,0
16672,Bedford,2022-02,9,-9,0
16672,Bedford,2022-03,8,-8,0
16672,Bedford,2022-04,7,-7,0
16672,Bedford,2022-05,6,-6,0
16672,Bedford,2022-06,5,-5,0
16672,Bedford,2022-07,4,-4,0
16672,Bedford,2022-08,3,-3,0
16672,Bedford,2022-09,2,-2,0
16672,Bedford,2022-10,1,-1,0
16672,Bedford,2022-11,0,0,1
16672,Bedford,2022-12,-1,1,0
16673,Blair,2022-01,10,-10,0
16673,Blair,2022-02,9,-9,0
16673,Blair,2022-03,8,-8,0
16673,Blair,2022-04,7,-7,0
16673,Blair,2022-05,6,-6,0
16673,Blair,2022-06,5,-5,0
16673,Blair,2022-07,4,-4,0
16673,Blair,2022-08,3,-3,0
16673,Blair,2022-09,2,-2,0
16673,Blair,2022-10,1,-1,0
16673,Blair,2022-11,0,0,1
16673,Blair,2022-12,-1,1,0
16674,Huntingdon,2022-01,10,-10,0
16674,Huntingdon,2022-02,9,-9,0
16674,Huntingdon,2022-03,8,-8,0
16674,Huntingdon,2022-04,7,-7,0
16674,Huntingdon,2022-05,6,-6,0
16674,Huntingdon,2022-06,5,-5,0
16674,Huntingdon,2022-07,4,-4,0
16674,Huntingdon,2022-08,3,-3,0
16674,Huntingdon,2022-09,2,-2,0
16674,Huntingdon,2022-10,1,-1,0
16674,Huntingdon,2022-11,0,0,1
16674,Huntingdon,2022-12,-1,1,0
16675,Cambria,2022-01,10,-10,0
16675,Cambria,2022-02,9,-9,0
16675,Cambria,2022-03,8,-8,0
16675,Cambria,2022-04,7,-7,0
16675,Cambria,2022-05,6,-6,0
16675,Cambria,2022-06,5,-5,0
16675,Cambria,2022-07,4,-4,0
16675,Cambria,2022-08,3,-3,0
16675,Cambria,2022-09,2,-2,0
16675,Cambria,2022-10,1,-1,0
16675,Cambria,2022-11,0,0,1
16675,Cambria,2022-12,-1,1,0
16677,Centre,2022-01,10,-10,0
16677,Centre,2022-02,9,-9,0
16677,Centre,2022-03,8,-8,0
16677,Centre,2022-04,7,-7,0
16677,Centre,2022-05,6,-6,0
16677,Centre,2022-06,5,-5,0
16677,Centre,2022-07,4,-4,0
16677,Centre,2022-08,3,-3,0
16677,Centre,2022-09,2,-2,0
16677,Centre,2022-10,1,-1,0
16677,Centre,2022-11,0,0,1
16677,Centre,2022-12,-1,1,0
16678,Bedford,2022-01,10,-10,0
16678,Bedford,2022-02,9,-9,0
16678,Bedford,2022-03,8,-8,0
16678,Bedford,2022-04,7,-7,0
16678,Bedford,2022-05,6,-6,0
16678,Bedford,2022-06,5,-5,0
16678,Bedford,2022-07,4,-4,0
16678,Bedford,2022-08,3,-3,0
16678,Bedford,2022-09,2,-2,0
16678,Bedford,2022-10,1,-1,0
16678,Bedford,2022-11,0,0,1
16678,Bedford,2022-12,-1,1,0
16679,Bedford,2022-01,10,-10,0
16679,Bedford,2022-02,9,-9,0
16679,Bedford,2022-03,8,-8,0
16679,Bedford,2022-04,7,-7,0
16679,Bedford,2022-05,6,-6,0
16679,Bedford,2022-06,5,-5,0
16679,Bedford,2022-07,4,-4,0
16679,Bedford,2022-08,3,-3,0
16679,Bedford,2022-09,2,-2,0
16679,Bedford,2022-10,1,-1,0
16679,Bedford,2022-11,0,0,1
16679,Bedford,2022-12,-1,1,0
16680,Clearfield,2022-01,10,-10,0
16680,Clearfield,2022-02,9,-9,0
16680,Clearfield,2022-03,8,-8,0
16680,Clearfield,2022-04,7,-7,0
16680,Clearfield,2022-05,6,-6,0
16680,Clearfield,2022-06,5,-5,0
16680,Clearfield,2022-07,4,-4,0
16680,Clearfield,2022-08,3,-3,0
16680,Clearfield,2022-09,2,-2,0
16680,Clearfield,2022-10,1,-1,0
16680,Clearfield,2022-11,0,0,1
16680,Clearfield,2022-12,-1,1,0
16682,Blair,2022-01,10,-10,0
16682,Blair,2022-02,9,-9,0
16682,Blair,2022-03,8,-8,0
16682,Blair,2022-04,7,-7,0
16682,Blair,2022-05,6,-6,0
16682,Blair,2022-06,5,-5,0
16682,Blair,2022-07,4,-4,0
16682,Blair,2022-08,3,-3,0
16682,Blair,2022-09,2,-2,0
16682,Blair,2022-10,1,-1,0
16682,Blair,2022-11,0,0,1
16682,Blair,2022-12,-1,1,0
16683,Huntingdon,2022-01,10,-10,0
16683,Huntingdon,2022-02,9,-9,0
16683,Huntingdon,2022-03,8,-8,0
16683,Huntingdon,2022-04,7,-7,0
16683,Huntingdon,2022-05,6,-6,0
16683,Huntingdon,2022-06,5,-5,0
16683,Huntingdon,2022-07,4,-4,0
16683,Huntingdon,2022-08,3,-3,0
16683,Huntingdon,2022-09,2,-2,0
16683,Huntingdon,2022-10,1,-1,0
16683,Huntingdon,2022-11,0,0,1
16683,Huntingdon,2022-12,-1,1,0
16684,Blair,2022-01,10,-10,0
16684,Blair,2022-02,9,-9,0
16684,Blair,2022-03,8,-8,0
16684,Blair,2022-04,7,-7,0
16684,Blair,2022-05,6,-6,0
16684,Blair,2022-06,5,-5,0
16684,Blair,2022-07,4,-4,0
16684,Blair,2022-08,3,-3,0
16684,Blair,2022-09,2,-2,0
16684,Blair,2022-10,1,-1,0
16684,Blair,2022-11,0,0,1
16684,Blair,2022-12,-1,1,0
16685,Huntingdon,2022-01,10,-10,0
16685,Huntingdon,2022-02,9,-9,0
16685,Huntingdon,2022-03,8,-8,0
16685,Huntingdon,2022-04,7,-7,0
16685,Huntingdon,2022-05,6,-6,0
16685,Huntingdon,2022-06,5,-5,0
16685,Huntingdon,2022-07,4,-4,0
16685,Huntingdon,2022-08,3,-3,0
16685,Huntingdon,2022-09,2,-2,0
16685,Huntingdon,2022-10,1,-1,0
16685,Huntingdon,2022-11,0,0,1
16685,Huntingdon,2022-12,-1,1,0
16686,Blair,2022-01,10,-10,0
16686,Blair,2022-02,9,-9,0
16686,Blair,2022-03,8,-8,0
16686,Blair,2022-04,7,-7,0
16686,Blair,2022-05,6,-6,0
16686,Blair,2022-06,5,-5,0
16686,Blair,2022-07,4,-4,0
16686,Blair,2022-08,3,-3,0
16686,Blair,2022-09,2,-2,0
16686,Blair,2022-10,1,-1,0
16686,Blair,2022-11,0,0,1
16686,Blair,2022-12,-1,1,0
16689,Fulton,2022-01,10,-10,0
16689,Fulton,2022-02,9,-9,0
16689,Fulton,2022-03,8,-8,0
16689,Fulton,2022-04,7,-7,0
16689,Fulton,2022-05,6,-6,0
16689,Fulton,2022-06,5,-5,0
16689,Fulton,2022-07,4,-4,0
16689,Fulton,2022-08,3,-3,0
16689,Fulton,2022-09,2,-2,0
16689,Fulton,2022-10,1,-1,0
16689,Fulton,2022-11,0,0,1
16689,Fulton,2022-12,-1,1,0
16691,Fulton,2022-01,10,-10,0
16691,Fulton,2022-02,9,-9,0
16691,Fulton,2022-03,8,-8,0
16691,Fulton,2022-04,7,-7,0
16691,Fulton,2022-05,6,-6,0
16691,Fulton,2022-06,5,-5,0
16691,Fulton,2022-07,4,-4,0
16691,Fulton,2022-08,3,-3,0
16691,Fulton,2022-09,2,-2,0
16691,Fulton,2022-10,1,-1,0
16691,Fulton,2022-11,0,0,1
16691,Fulton,2022-12,-1,1,0
16692,Clearfield,2022-01,10,-10,0
16692,Clearfield,2022-02,9,-9,0
16692,Clearfield,2022-03,8,-8,0
16692,Clearfield,2022-04,7,-7,0
16692,Clearfield,2022-05,6,-6,0
16692,Clearfield,2022-06,5,-5,0
16692,Clearfield,2022-07,4,-4,0
16692,Clearfield,2022-08,3,-3,0
16692,Clearfield,2022-09,2,-2,0
16692,Clearfield,2022-10,1,-1,0
16692,Clearfield,2022-11,0,0,1
16692,Clearfield,2022-12,-1,1,0
16693,Blair,2022-01,10,-10,0
16693,Blair,2022-02,9,-9,0
16693,Blair,2022-03,8,-8,0
16693,Blair,2022-04,7,-7,0
16693,Blair,2022-05,6,-6,0
16693,Blair,2022-06,5,-5,0
16693,Blair,2022-07,4,-4,0
16693,Blair,2022-08,3,-3,0
16693,Blair,2022-09,2,-2,0
16693,Blair,2022-10,1,-1,0
16693,Blair,2022-11,0,0,1
16693,Blair,2022-12,-1,1,0
16694,Huntingdon,2022-01,10,-10,0
16694,Huntingdon,2022-02,9,-9,0
16694,Huntingdon,2022-03,8,-8,0
16694,Huntingdon,2022-04,7,-7,0
16694,Huntingdon,2022-05,6,-6,0
16694,Huntingdon,2022-06,5,-5,0
16694,Huntingdon,2022-07,4,-4,0
16694,Huntingdon,2022-08,3,-3,0
16694,Huntingdon,2022-09,2,-2,0
16694,Huntingdon,2022-10,1,-1,0
16694,Huntingdon,2022-11,0,0,1
16694,Huntingdon,2022-12,-1,1,0
16695,Bedford,2022-01,10,-10,0
16695,Bedford,2022-02,9,-9,0
16695,Bedford,2022-03,8,-8,0
16695,Bedford,2022-04,7,-7,0
16695,Bedford,2022-05,6,-6,0
16695,Bedford,2022-06,5,-5,0
16695,Bedford,2022-07,4,-4,0
16695,Bedford,2022-08,3,-3,0
16695,Bedford,2022-09,2,-2,0
16695,Bedford,2022-10,1,-1,0
16695,Bedford,2022-11,0,0,1
16695,Bedford,2022-12,-1,1,0
16699,Cambria,2022-01,10,-10,0
16699,Cambria,2022-02,9,-9,0
16699,Cambria,2022-03,8,-8,0
16699,Cambria,2022-04,7,-7,0
16699,Cambria,2022-05,6,-6,0
16699,Cambria,2022-06,5,-5,0
16699,Cambria,2022-07,4,-4,0
16699,Cambria,2022-08,3,-3,0
16699,Cambria,2022-09,2,-2,0
16699,Cambria,2022-10,1,-1,0
16699,Cambria,2022-11,0,0,1
16699,Cambria,2022-12,-1,1,0
16701,McKean,2022-01,10,-10,0
16701,McKean,2022-02,9,-9,0
16701,McKean,2022-03,8,-8,0
16701,McKean,2022-04,7,-7,0
16701,McKean,2022-05,6,-6,0
16701,McKean,2022-06,5,-5,0
16701,McKean,2022-07,4,-4,0
16701,McKean,2022-08,3,-3,0
16701,McKean,2022-09,2,-2,0
16701,McKean,2022-10,1,-1,0
16701,McKean,2022-11,0,0,1
16701,McKean,2022-12,-1,1,0
16720,Potter,2022-01,10,-10,0
16720,Potter,2022-02,9,-9,0
16720,Potter,2022-03,8,-8,0
16720,Potter,2022-04,7,-7,0
16720,Potter,2022-05,6,-6,0
16720,Potter,2022-06,5,-5,0
16720,Potter,2022-07,4,-4,0
16720,Potter,2022-08,3,-3,0
16720,Potter,2022-09,2,-2,0
16720,Potter,2022-10,1,-1,0
16720,Potter,2022-11,0,0,1
16720,Potter,2022-12,-1,1,0
16724,McKean,2022-01,10,-10,0
16724,McKean,2022-02,9,-9,0
16724,McKean,2022-03,8,-8,0
16724,McKean,2022-04,7,-7,0
16724,McKean,2022-05,6,-6,0
16724,McKean,2022-06,5,-5,0
16724,McKean,2022-07,4,-4,0
16724,McKean,2022-08,3,-3,0
16724,McKean,2022-09,2,-2,0
16724,McKean,2022-10,1,-1,0
16724,McKean,2022-11,0,0,1
16724,McKean,2022-12,-1,1,0
16725,McKean,2022-01,10,-10,0
16725,McKean,2022-02,9,-9,0
16725,McKean,2022-03,8,-8,0
16725,McKean,2022-04,7,-7,0
16725,McKean,2022-05,6,-6,0
16725,McKean,2022-06,5,-5,0
16725,McKean,2022-07,4,-4,0
16725,McKean,2022-08,3,-3,0
16725,McKean,2022-09,2,-2,0
16725,McKean,2022-10,1,-1,0
16725,McKean,2022-11,0,0,1
16725,McKean,2022-12,-1,1,0
16726,McKean,2022-01,10,-10,0
16726,McKean,2022-02,9,-9,0
16726,McKean,2022-03,8,-8,0
16726,McKean,2022-04,7,-7,0
16726,McKean,2022-05,6,-6,0
16726,McKean,2022-06,5,-5,0
16726,McKean,2022-07,4,-4,0
16726,McKean,2022-08,3,-3,0
16726,McKean,2022-09,2,-2,0
16726,McKean,2022-10,1,-1,0
16726,McKean,2022-11,0,0,1
16726,McKean,2022-12,-1,1,0
16727,McKean,2022-01,10,-10,0
16727,McKean,2022-02,9,-9,0
16727,McKean,2022-03,8,-8,0
16727,McKean,2022-04,7,-7,0
16727,McKean,2022-05,6,-6,0
16727,McKean,2022-06,5,-5,0
16727,McKean,2022-07,4,-4,0
16727,McKean,2022-08,3,-3,0
16727,McKean,2022-09,2,-2,0
16727,McKean,2022-10,1,-1,0
16727,McKean,2022-11,0,0,1
16727,McKean,2022-12,-1,1,0
16729,McKean,2022-01,10,-10,0
16729,McKean,2022-02,9,-9,0
16729,McKean,2022-03,8,-8,0
16729,McKean,2022-04,7,-7,0
16729,McKean,2022-05,6,-6,0
16729,McKean,2022-06,5,-5,0
16729,McKean,2022-07,4,-4,0
16729,McKean,2022-08,3,-3,0
16729,McKean,2022-09,2,-2,0
16729,McKean,2022-10,1,-1,0
16729,McKean,2022-11,0,0,1
16729,McKean,2022-12,-1,1,0
16730,McKean,2022-01,10,-10,0
16730,McKean,2022-02,9,-9,0
16730,McKean,2022-03,8,-8,0
16730,McKean,2022-04,7,-7,0
16730,McKean,2022-05,6,-6,0
16730,McKean,2022-06,5,-5,0
16730,McKean,2022-07,4,-4,0
16730,McKean,2022-08,3,-3,0
16730,McKean,2022-09,2,-2,0
16730,McKean,2022-10,1,-1,0
16730,McKean,2022-11,0,0,1
16730,McKean,2022-12,-1,1,0
16731,McKean,2022-01,10,-10,0
16731,McKean,2022-02,9,-9,0
16731,McKean,2022-03,8,-8,0
16731,McKean,2022-04,7,-7,0
16731,McKean,2022-05,6,-6,0
16731,McKean,2022-06,5,-5,0
16731,McKean,2022-07,4,-4,0
16731,McKean,2022-08,3,-3,0
16731,McKean,2022-09,2,-2,0
16731,McKean,2022-10,1,-1,0
16731,McKean,2022-11,0,0,1
16731,McKean,2022-12,-1,1,0
16732,McKean,2022-01,10,-10,0
16732,McKean,2022-02,9,-9,0
16732,McKean,2022-03,8,-8,0
16732,McKean,2022-04,7,-7,0
16732,McKean,2022-05,6,-6,0
16732,McKean,2022-06,5,-5,0
16732,McKean,2022-07,4,-4,0
16732,McKean,2022-08,3,-3,0
16732,McKean,2022-09,2,-2,0
16732,McKean,2022-10,1,-1,0
16732,McKean,2022-11,0,0,1
16732,McKean,2022-12,-1,1,0
16733,McKean,2022-01,10,-10,0
16733,McKean,2022-02,9,-9,0
16733,McKean,2022-03,8,-8,0
16733,McKean,2022-04,7,-7,0
16733,McKean,2022-05,6,-6,0
16733,McKean,2022-06,5,-5,0
16733,McKean,2022-07,4,-4,0
16733,McKean,2022-08,3,-3,0
16733,McKean,2022-09,2,-2,0
16733,McKean,2022-10,1,-1,0
16733,McKean,2022-11,0,0,1
16733,McKean,2022-12,-1,1,0
16734,Elk,2022-01,10,-10,0
16734,Elk,2022-02,9,-9,0
16734,Elk,2022-03,8,-8,0
16734,Elk,2022-04,7,-7,0
16734,Elk,2022-05,6,-6,0
16734,Elk,2022-06,5,-5,0
16734,Elk,2022-07,4,-4,0
16734,Elk,2022-08,3,-3,0
16734,Elk,2022-09,2,-2,0
16734,Elk,2022-10,1,-1,0
16734,Elk,2022-11,0,0,1
16734,Elk,2022-12,-1,1,0
16735,McKean,2022-01,10,-10,0
16735,McKean,2022-02,9,-9,0
16735,McKean,2022-03,8,-8,0
16735,McKean,2022-04,7,-7,0
16735,McKean,2022-05,6,-6,0
16735,McKean,2022-06,5,-5,0
16735,McKean,2022-07,4,-4,0
16735,McKean,2022-08,3,-3,0
16735,McKean,2022-09,2,-2,0
16735,McKean,2022-10,1,-1,0
16735,McKean,2022-11,0,0,1
16735,McKean,2022-12,-1,1,0
16738,McKean,2022-01,10,-10,0
16738,McKean,2022-02,9,-9,0
16738,McKean,2022-03,8,-8,0
16738,McKean,2022-04,7,-7,0
16738,McKean,2022-05,6,-6,0
16738,McKean,2022-06,5,-5,0
16738,McKean,2022-07,4,-4,0
16738,McKean,2022-08,3,-3,0
16738,McKean,2022-09,2,-2,0
16738,McKean,2022-10,1,-1,0
16738,McKean,2022-11,0,0,1
16738,McKean,2022-12,-1,1,0
16740,McKean,2022-01,10,-10,0
16740,McKean,2022-02,9,-9,0
16740,McKean,2022-03,8,-8,0
16740,McKean,2022-04,7,-7,0
16740,McKean,2022-05,6,-6,0
16740,McKean,2022-06,5,-5,0
16740,McKean,2022-07,4,-4,0
16740,McKean,2022-08,3,-3,0
16740,McKean,2022-09,2,-2,0
16740,McKean,2022-10,1,-1,0
16740,McKean,2022-11,0,0,1
16740,McKean,2022-12,-1,1,0
16743,McKean,2022-01,10,-10,0
16743,McKean,2022-02,9,-9,0
16743,McKean,2022-03,8,-8,0
16743,McKean,2022-04,7,-7,0
16743,McKean,2022-05,6,-6,0
16743,McKean,2022-06,5,-5,0
16743,McKean,2022-07,4,-4,0
16743,McKean,2022-08,3,-3,0
16743,McKean,2022-09,2,-2,0
16743,McKean,2022-10,1,-1,0
16743,McKean,2022-11,0,0,1
16743,McKean,2022-12,-1,1,0
16744,McKean,2022-01,10,-10,0
16744,McKean,2022-02,9,-9,0
16744,McKean,2022-03,8,-8,0
16744,McKean,2022-04,7,-7,0
16744,McKean,2022-05,6,-6,0
16744,McKean,2022-06,5,-5,0
16744,McKean,2022-07,4,-4,0
16744,McKean,2022-08,3,-3,0
16744,McKean,2022-09,2,-2,0
16744,McKean,2022-10,1,-1,0
16744,McKean,2022-11,0,0,1
16744,McKean,2022-12,-1,1,0
16745,McKean,2022-01,10,-10,0
16745,McKean,2022-02,9,-9,0
16745,McKean,2022-03,8,-8,0
16745,McKean,2022-04,7,-7,0
16745,McKean,2022-05,6,-6,0
16745,McKean,2022-06,5,-5,0
16745,McKean,2022-07,4,-4,0
16745,McKean,2022-08,3,-3,0
16745,McKean,2022-09,2,-2,0
16745,McKean,2022-10,1,-1,0
16745,McKean,2022-11,0,0,1
16745,McKean,2022-12,-1,1,0
16746,Potter,2022-01,10,-10,0
16746,Potter,2022-02,9,-9,0
16746,Potter,2022-03,8,-8,0
16746,Potter,2022-04,7,-7,0
16746,Potter,2022-05,6,-6,0
16746,Potter,2022-06,5,-5,0
16746,Potter,2022-07,4,-4,0
16746,Potter,2022-08,3,-3,0
16746,Potter,2022-09,2,-2,0
16746,Potter,2022-10,1,-1,0
16746,Potter,2022-11,0,0,1
16746,Potter,2022-12,-1,1,0
16748,Potter,2022-01,10,-10,0
16748,Potter,2022-02,9,-9,0
16748,Potter,2022-03,8,-8,0
16748,Potter,2022-04,7,-7,0
16748,Potter,2022-05,6,-6,0
16748,Potter,2022-06,5,-5,0
16748,Potter,2022-07,4,-4,0
16748,Potter,2022-08,3,-3,0
16748,Potter,2022-09,2,-2,0
16748,Potter,2022-10,1,-1,0
16748,Potter,2022-11,0,0,1
16748,Potter,2022-12,-1,1,0
16749,McKean,2022-01,10,-10,0
16749,McKean,2022-02,9,-9,0
16749,McKean,2022-03,8,-8,0
16749,McKean,2022-04,7,-7,0
16749,McKean,2022-05,6,-6,0
16749,McKean,2022-06,5,-5,0
16749,McKean,2022-07,4,-4,0
16749,McKean,2022-08,3,-3,0
16749,McKean,2022-09,2,-2,0
16749,McKean,2022-10,1,-1,0
16749,McKean,2022-11,0,0,1
16749,McKean,2022-12,-1,1,0
16750,McKean,2022-01,10,-10,0
16750,McKean,2022-02,9,-9,0
16750,McKean,2022-03,8,-8,0
16750,McKean,2022-04,7,-7,0
16750,McKean,2022-05,6,-6,0
16750,McKean,2022-06,5,-5,0
16750,McKean,2022-07,4,-4,0
16750,McKean,2022-08,3,-3,0
16750,McKean,2022-09,2,-2,0
16750,McKean,2022-10,1,-1,0
16750,McKean,2022-11,0,0,1
16750,McKean,2022-12,-1,1,0
16801,Centre,2022-01,10,-10,0
16801,Centre,2022-02,9,-9,0
16801,Centre,2022-03,8,-8,0
16801,Centre,2022-04,7,-7,0
16801,Centre,2022-05,6,-6,0
16801,Centre,2022-06,5,-5,0
16801,Centre,2022-07,4,-4,0
16801,Centre,2022-08,3,-3,0
16801,Centre,2022-09,2,-2,0
16801,Centre,2022-10,1,-1,0
16801,Centre,2022-11,0,0,1
16801,Centre,2022-12,-1,1,0
16802,Centre,2022-01,10,-10,0
16802,Centre,2022-02,9,-9,0
16802,Centre,2022-03,8,-8,0
16802,Centre,2022-04,7,-7,0
16802,Centre,2022-05,6,-6,0
16802,Centre,2022-06,5,-5,0
16802,Centre,2022-07,4,-4,0
16802,Centre,2022-08,3,-3,0
16802,Centre,2022-09,2,-2,0
16802,Centre,2022-10,1,-1,0
16802,Centre,2022-11,0,0,1
16802,Centre,2022-12,-1,1,0
16803,Centre,2022-01,10,-10,0
16803,Centre,2022-02,9,-9,0
16803,Centre,2022-03,8,-8,0
16803,Centre,2022-04,7,-7,0
16803,Centre,2022-05,6,-6,0
16803,Centre,2022-06,5,-5,0
16803,Centre,2022-07,4,-4,0
16803,Centre,2022-08,3,-3,0
16803,Centre,2022-09,2,-2,0
16803,Centre,2022-10,1,-1,0
16803,Centre,2022-11,0,0,1
16803,Centre,2022-12,-1,1,0
16820,Centre,2022-01,10,-10,0
16820,Centre,2022-02,9,-9,0
16820,Centre,2022-03,8,-8,0
16820,Centre,2022-04,7,-7,0
16820,Centre,2022-05,6,-6,0
16820,Centre,2022-06,5,-5,0
16820,Centre,2022-07,4,-4,0
16820,Centre,2022-08,3,-3,0
16820,Centre,2022-09,2,-2,0
16820,Centre,2022-10,1,-1,0
16820,Centre,2022-11,0,0,1
16820,Centre,2022-12,-1,1,0
16821,Clearfield,2022-01,10,-10,0
16821,Clearfield,2022-02,9,-9,0
16821,Clearfield,2022-03,8,-8,0
16821,Clearfield,2022-04,7,-7,0
16821,Clearfield,2022-05,6,-6,0
16821,Clearfield,2022-06,5,-5,0
16821,Clearfield,2022-07,4,-4,0
16821,Clearfield,2022-08,3,-3,0
16821,Clearfield,2022-09,2,-2,0
16821,Clearfield,2022-10,1,-1,0
16821,Clearfield,2022-11,0,0,1
16821,Clearfield,2022-12,-1,1,0
16822,Clinton,2022-01,10,-10,0
16822,Clinton,2022-02,9,-9,0
16822,Clinton,2022-03,8,-8,0
16822,Clinton,2022-04,7,-7,0
16822,Clinton,2022-05,6,-6,0
16822,Clinton,2022-06,5,-5,0
16822,Clinton,2022-07,4,-4,0
16822,Clinton,2022-08,3,-3,0
16822,Clinton,2022-09,2,-2,0
16822,Clinton,2022-10,1,-1,0
16822,Clinton,2022-11,0,0,1
16822,Clinton,2022-12,-1,1,0
16823,Centre,2022-01,10,-10,0
16823,Centre,2022-02,9,-9,0
16823,Centre,2022-03,8,-8,0
16823,Centre,2022-04,7,-7,0
16823,Centre,2022-05,6,-6,0
16823,Centre,2022-06,5,-5,0
16823,Centre,2022-07,4,-4,0
16823,Centre,2022-08,3,-3,0
16823,Centre,2022-09,2,-2,0
16823,Centre,2022-10,1,-1,0
16823,Centre,2022-11,0,0,1
16823,Centre,2022-12,-1,1,0
16825,Clearfield,2022-01,10,-10,0
16825,Clearfield,2022-02,9,-9,0
16825,Clearfield,2022-03,8,-8,0
16825,Clearfield,2022-04,7,-7,0
16825,Clearfield,2022-05,6,-6,0
16825,Clearfield,2022-06,5,-5,0
16825,Clearfield,2022-07,4,-4,0
16825,Clearfield,2022-08,3,-3,0
16825,Clearfield,2022-09,2,-2,0
16825,Clearfield,2022-10,1,-1,0
16825,Clearfield,2022-11,0,0,1
16825,Clearfield,2022-12,-1,1,0
16826,Centre,2022-01,10,-10,0
16826,Centre,2022-02,9,-9,0
16826,Centre,2022-03,8,-8,0
16826,Centre,2022-04,7,-7,0
16826,Centre,2022-05,6,-6,0
16826,Centre,2022-06,5,-5,0
16826,Centre,2022-07,4,-4,0
16826,Centre,2022-08,3,-3,0
16826,Centre,2022-09,2,-2,0
16826,Centre,2022-10,1,-1,0
16826,Centre,2022-11,0,0,1
16826,Centre,2022-12,-1,1,0
16827,Centre,2022-01,10,-10,0
16827,Centre,2022-02,9,-9,0
16827,Centre,2022-03,8,-8,0
16827,Centre,2022-04,7,-7,0
16827,Centre,2022-05,6,-6,0
16827,Centre,2022-06,5,-5,0
16827,Centre,2022-07,4,-4,0
16827,Centre,2022-08,3,-3,0
16827,Centre,2022-09,2,-2,0
16827,Centre,2022-10,1,-1,0
16827,Centre,2022-11,0,0,1
16827,Centre,2022-12,-1,1,0
16828,Centre,2022-01,10,-10,0
16828,Centre,2022-02,9,-9,0
16828,Centre,2022-03,8,-8,0
16828,Centre,2022-04,7,-7,0
16828,Centre,2022-05,6,-6,0
16828,Centre,2022-06,5,-5,0
16828,Centre,2022-07,4,-4,0
16828,Centre,2022-08,3,-3,0
16828,Centre,2022-09,2,-2,0
16828,Centre,2022-10,1,-1,0
16828,Centre,2022-11,0,0,1
16828,Centre,2022-12,-1,1,0
16829,Centre,2022-01,10,-10,0
16829,Centre,2022-02,9,-9,0
16829,Centre,2022-03,8,-8,0
16829,Centre,2022-04,7,-7,0
16829,Centre,2022-05,6,-6,0
16829,Centre,2022-06,5,-5,0
16829,Centre,2022-07,4,-4,0
16829,Centre,2022-08,3,-3,0
16829,Centre,2022-09,2,-2,0
16829,Centre,2022-10,1,-1,0
16829,Centre,2022-11,0,0,1
16829,Centre,2022-12,-1,1,0
16830,Clearfield,2022-01,10,-10,0
16830,Clearfield,2022-02,9,-9,0
16830,Clearfield,2022-03,8,-8,0
16830,Clearfield,2022-04,7,-7,0
16830,Clearfield,2022-05,6,-6,0
16830,Clearfield,2022-06,5,-5,0
16830,Clearfield,2022-07,4,-4,0
16830,Clearfield,2022-08,3,-3,0
16830,Clearfield,2022-09,2,-2,0
16830,Clearfield,2022-10,1,-1,0
16830,Clearfield,2022-11,0,0,1
16830,Clearfield,2022-12,-1,1,0
16832,Centre,2022-01,10,-10,0
16832,Centre,2022-02,9,-9,0
16832,Centre,2022-03,8,-8,0
16832,Centre,2022-04,7,-7,0
16832,Centre,2022-05,6,-6,0
16832,Centre,2022-06,5,-5,0
16832,Centre,2022-07,4,-4,0
16832,Centre,2022-08,3,-3,0
16832,Centre,2022-09,2,-2,0
16832,Centre,2022-10,1,-1,0
16832,Centre,2022-11,0,0,1
16832,Centre,2022-12,-1,1,0
16833,Clearfield,2022-01,10,-10,0
16833,Clearfield,2022-02,9,-9,0
16833,Clearfield,2022-03,8,-8,0
16833,Clearfield,2022-04,7,-7,0
16833,Clearfield,2022-05,6,-6,0
16833,Clearfield,2022-06,5,-5,0
16833,Clearfield,2022-07,4,-4,0
16833,Clearfield,2022-08,3,-3,0
16833,Clearfield,2022-09,2,-2,0
16833,Clearfield,2022-10,1,-1,0
16833,Clearfield,2022-11,0,0,1
16833,Clearfield,2022-12,-1,1,0
16834,Clearfield,2022-01,10,-10,0
16834,Clearfield,2022-02,9,-9,0
16834,Clearfield,2022-03,8,-8,0
16834,Clearfield,2022-04,7,-7,0
16834,Clearfield,2022-05,6,-6,0
16834,Clearfield,2022-06,5,-5,0
16834,Clearfield,2022-07,4,-4,0
16834,Clearfield,2022-08,3,-3,0
16834,Clearfield,2022-09,2,-2,0
16834,Clearfield,2022-10,1,-1,0
16834,Clearfield,2022-11,0,0,1
16834,Clearfield,2022-12,-1,1,0
16835,Centre,2022-01,10,-10,0
16835,Centre,2022-02,9,-9,0
16835,Centre,2022-03,8,-8,0
16835,Centre,2022-04,7,-7,0
16835,Centre,2022-05,6,-6,0
16835,Centre,2022-06,5,-5,0
16835,Centre,2022-07,4,-4,0
16835,Centre,2022-08,3,-3,0
16835,Centre,2022-09,2,-2,0
16835,Centre,2022-10,1,-1,0
16835,Centre,2022-11,0,0,1
16835,Centre,2022-12,-1,1,0
16836,Clearfield,2022-01,10,-10,0
16836,Clearfield,2022-02,9,-9,0
16836,Clearfield,2022-03,8,-8,0
16836,Clearfield,2022-04,7,-7,0
16836,Clearfield,2022-05,6,-6,0
16836,Clearfield,2022-06,5,-5,0
16836,Clearfield,2022-07,4,-4,0
16836,Clearfield,2022-08,3,-3,0
16836,Clearfield,2022-09,2,-2,0
16836,Clearfield,2022-10,1,-1,0
16836,Clearfield,2022-11,0,0,1
16836,Clearfield,2022-12,-1,1,0
16837,Clearfield,2022-01,10,-10,0
16837,Clearfield,2022-02,9,-9,0
16837,Clearfield,2022-03,8,-8,0
16837,Clearfield,2022-04,7,-7,0
16837,Clearfield,2022-05,6,-6,0
16837,Clearfield,2022-06,5,-5,0
16837,Clearfield,2022-07,4,-4,0
16837,Clearfield,2022-08,3,-3,0
16837,Clearfield,2022-09,2,-2,0
16837,Clearfield,2022-10,1,-1,0
16837,Clearfield,2022-11,0,0,1
16837,Clearfield,2022-12,-1,1,0
16838,Clearfield,2022-01,10,-10,0
16838,Clearfield,2022-02,9,-9,0
16838,Clearfield,2022-03,8,-8,0
16838,Clearfield,2022-04,7,-7,0
16838,Clearfield,2022-05,6,-6,0
16838,Clearfield,2022-06,5,-5,0
16838,Clearfield,2022-07,4,-4,0
16838,Clearfield,2022-08,3,-3,0
16838,Clearfield,2022-09,2,-2,0
16838,Clearfield,2022-10,1,-1,0
16838,Clearfield,2022-11,0,0,1
16838,Clearfield,2022-12,-1,1,0
16839,Clearfield,2022-01,10,-10,0
16839,Clearfield,2022-02,9,-9,0
16839,Clearfield,2022-03,8,-8,0
16839,Clearfield,2022-04,7,-7,0
16839,Clearfield,2022-05,6,-6,0
16839,Clearfield,2022-06,5,-5,0
16839,Clearfield,2022-07,4,-4,0
16839,Clearfield,2022-08,3,-3,0
16839,Clearfield,2022-09,2,-2,0
16839,Clearfield,2022-10,1,-1,0
16839,Clearfield,2022-11,0,0,1
16839,Clearfield,2022-12,-1,1,0
16840,Clearfield,2022-01,10,-10,0
16840,Clearfield,2022-02,9,-9,0
16840,Clearfield,2022-03,8,-8,0
16840,Clearfield,2022-04,7,-7,0
16840,Clearfield,2022-05,6,-6,0
16840,Clearfield,2022-06,5,-5,0
16840,Clearfield,2022-07,4,-4,0
16840,Clearfield,2022-08,3,-3,0
16840,Clearfield,2022-09,2,-2,0
16840,Clearfield,2022-10,1,-1,0
16840,Clearfield,2022-11,0,0,1
16840,Clearfield,2022-12,-1,1,0
16841,Centre,2022-01,10,-10,0
16841,Centre,2022-02,9,-9,0
16841,Centre,2022-03,8,-8,0
16841,Centre,2022-04,7,-7,0
16841,Centre,2022-05,6,-6,0
16841,Centre,2022-06,5,-5,0
16841,Centre,2022-07,4,-4,0
16841,Centre,2022-08,3,-3,0
16841,Centre,2022-09,2,-2,0
16841,Centre,2022-10,1,-1,0
16841,Centre,2022-11,0,0,1
16841,Centre,2022-12,-1,1,0
16843,Clearfield,2022-01,10,-10,0
16843,Clearfield,2022-02,9,-9,0
16843,Clearfield,2022-03,8,-8,0
16843,Clearfield,2022-04,7,-7,0
16843,Clearfield,2022-05,6,-6,0
16843,Clearfield,2022-06,5,-5,0
16843,Clearfield,2022-07,4,-4,0
16843,Clearfield,2022-08,3,-3,0
16843,Clearfield,2022-09,2,-2,0
16843,Clearfield,2022-10,1,-1,0
16843,Clearfield,2022-11,0,0,1
16843,Clearfield,2022-12,-1,1,0
16844,Centre,2022-01,10,-10,0
16844,Centre,2022-02,9,-9,0
16844,Centre,2022-03,8,-8,0
16844,Centre,2022-04,7,-7,0
16844,Centre,2022-05,6,-6,0
16844,Centre,2022-06,5,-5,0
16844,Centre,2022-07,4,-4,0
16844,Centre,2022-08,3,-3,0
16844,Centre,2022-09,2,-2,0
16844,Centre,2022-10,1,-1,0
16844,Centre,2022-11,0,0,1
16844,Centre,2022-12,-1,1,0
16845,Centre,2022-01,10,-10,0
16845,Centre,2022-02,9,-9,0
16845,Centre,2022-03,8,-8,0
16845,Centre,2022-04,7,-7,0
16845,Centre,2022-05,6,-6,0
16845,Centre,2022-06,5,-5,0
16845,Centre,2022-07,4,-4,0
16845,Centre,2022-08,3,-3,0
16845,Centre,2022-09,2,-2,0
16845,Centre,2022-10,1,-1,0
16845,Centre,2022-11,0,0,1
16845,Centre,2022-12,-1,1,0
16847,Clearfield,2022-01,10,-10,0
16847,Clearfield,2022-02,9,-9,0
16847,Clearfield,2022-03,8,-8,0
16847,Clearfield,2022-04,7,-7,0
16847,Clearfield,2022-05,6,-6,0
16847,Clearfield,2022-06,5,-5,0
16847,Clearfield,2022-07,4,-4,0
16847,Clearfield,2022-08,3,-3,0
16847,Clearfield,2022-09,2,-2,0
16847,Clearfield,2022-10,1,-1,0
16847,Clearfield,2022-11,0,0,1
16847,Clearfield,2022-12,-1,1,0
16848,Clinton,2022-01,10,-10,0
16848,Clinton,2022-02,9,-9,0
16848,Clinton,2022-03,8,-8,0
16848,Clinton,2022-04,7,-7,0
16848,Clinton,2022-05,6,-6,0
16848,Clinton,2022-06,5,-5,0
16848,Clinton,2022-07,4,-4,0
16848,Clinton,2022-08,3,-3,0
16848,Clinton,2022-09,2,-2,0
16848,Clinton,2022-10,1,-1,0
16848,Clinton,2022-11,0,0,1
16848,Clinton,2022-12,-1,1,0
16849,Clearfield,2022-01,10,-10,0
16849,Clearfield,2022-02,9,-9,0
16849,Clearfield,2022-03,8,-8,0
16849,Clearfield,2022-04,7,-7,0
16849,Clearfield,2022-05,6,-6,0
16849,Clearfield,2022-06,5,-5,0
16849,Clearfield,2022-07,4,-4,0
16849,Clearfield,2022-08,3,-3,0
16849,Clearfield,2022-09,2,-2,0
16849,Clearfield,2022-10,1,-1,0
16849,Clearfield,2022-11,0,0,1
16849,Clearfield,2022-12,-1,1,0
16851,Centre,2022-01,10,-10,0
16851,Centre,2022-02,9,-9,0
16851,Centre,2022-03,8,-8,0
16851,Centre,2022-04,7,-7,0
16851,Centre,2022-05,6,-6,0
16851,Centre,2022-06,5,-5,0
16851,Centre,2022-07,4,-4,0
16851,Centre,2022-08,3,-3,0
16851,Centre,2022-09,2,-2,0
16851,Centre,2022-10,1,-1,0
16851,Centre,2022-11,0,0,1
16851,Centre,2022-12,-1,1,0
16852,Centre,2022-01,10,-10,0
16852,Centre,2022-02,9,-9,0
16852,Centre,2022-03,8,-8,0
16852,Centre,2022-04,7,-7,0
16852,Centre,2022-05,6,-6,0
16852,Centre,2022-06,5,-5,0
16852,Centre,2022-07,4,-4,0
16852,Centre,2022-08,3,-3,0
16852,Centre,2022-09,2,-2,0
16852,Centre,2022-10,1,-1,0
16852,Centre,2022-11,0,0,1
16852,Centre,2022-12,-1,1,0
16853,Centre,2022-01,10,-10,0
16853,Centre,2022-02,9,-9,0
16853,Centre,2022-03,8,-8,0
16853,Centre,2022-04,7,-7,0
16853,Centre,2022-05,6,-6,0
16853,Centre,2022-06,5,-5,0
16853,Centre,2022-07,4,-4,0
16853,Centre,2022-08,3,-3,0
16853,Centre,2022-09,2,-2,0
16853,Centre,2022-10,1,-1,0
16853,Centre,2022-11,0,0,1
16853,Centre,2022-12,-1,1,0
16854,Centre,2022-01,10,-10,0
16854,Centre,2022-02,9,-9,0
16854,Centre,2022-03,8,-8,0
16854,Centre,2022-04,7,-7,0
16854,Centre,2022-05,6,-6,0
16854,Centre,2022-06,5,-5,0
16854,Centre,2022-07,4,-4,0
16854,Centre,2022-08,3,-3,0
16854,Centre,2022-09,2,-2,0
16854,Centre,2022-10,1,-1,0
16854,Centre,2022-11,0,0,1
16854,Centre,2022-12,-1,1,0
16855,Clearfield,2022-01,10,-10,0
16855,Clearfield,2022-02,9,-9,0
16855,Clearfield,2022-03,8,-8,0
16855,Clearfield,2022-04,7,-7,0
16855,Clearfield,2022-05,6,-6,0
16855,Clearfield,2022-06,5,-5,0
16855,Clearfield,2022-07,4,-4,0
16855,Clearfield,2022-08,3,-3,0
16855,Clearfield,2022-09,2,-2,0
16855,Clearfield,2022-10,1,-1,0
16855,Clearfield,2022-11,0,0,1
16855,Clearfield,2022-12,-1,1,0
16856,Centre,2022-01,10,-10,0
16856,Centre,2022-02,9,-9,0
16856,Centre,2022-03,8,-8,0
16856,Centre,2022-04,7,-7,0
16856,Centre,2022-05,6,-6,0
16856,Centre,2022-06,5,-5,0
16856,Centre,2022-07,4,-4,0
16856,Centre,2022-08,3,-3,0
16856,Centre,2022-09,2,-2,0
16856,Centre,2022-10,1,-1,0
16856,Centre,2022-11,0,0,1
16856,Centre,2022-12,-1,1,0
16858,Clearfield,2022-01,10,-10,0
16858,Clearfield,2022-02,9,-9,0
16858,Clearfield,2022-03,8,-8,0
16858,Clearfield,2022-04,7,-7,0
16858,Clearfield,2022-05,6,-6,0
16858,Clearfield,2022-06,5,-5,0
16858,Clearfield,2022-07,4,-4,0
16858,Clearfield,2022-08,3,-3,0
16858,Clearfield,2022-09,2,-2,0
16858,Clearfield,2022-10,1,-1,0
16858,Clearfield,2022-11,0,0,1
16858,Clearfield,2022-12,-1,1,0
16859,Centre,2022-01,10,-10,0
16859,Centre,2022-02,9,-9,0
16859,Centre,2022-03,8,-8,0
16859,Centre,2022-04,7,-7,0
16859,Centre,2022-05,6,-6,0
16859,Centre,2022-06,5,-5,0
16859,Centre,2022-07,4,-4,0
16859,Centre,2022-08,3,-3,0
16859,Centre,2022-09,2,-2,0
16859,Centre,2022-10,1,-1,0
16859,Centre,2022-11,0,0,1
16859,Centre,2022-12,-1,1,0
16860,Clearfield,2022-01,10,-10,0
16860,Clearfield,2022-02,9,-9,0
16860,Clearfield,2022-03,8,-8,0
16860,Clearfield,2022-04,7,-7,0
16860,Clearfield,2022-05,6,-6,0
16860,Clearfield,2022-06,5,-5,0
16860,Clearfield,2022-07,4,-4,0
16860,Clearfield,2022-08,3,-3,0
16860,Clearfield,2022-09,2,-2,0
16860,Clearfield,2022-10,1,-1,0
16860,Clearfield,2022-11,0,0,1
16860,Clearfield,2022-12,-1,1,0
16861,Clearfield,2022-01,10,-10,0
16861,Clearfield,2022-02,9,-9,0
16861,Clearfield,2022-03,8,-8,0
16861,Clearfield,2022-04,7,-7,0
16861,Clearfield,2022-05,6,-6,0
16861,Clearfield,2022-06,5,-5,0
16861,Clearfield,2022-07,4,-4,0
16861,Clearfield,2022-08,3,-3,0
16861,Clearfield,2022-09,2,-2,0
16861,Clearfield,2022-10,1,-1,0
16861,Clearfield,2022-11,0,0,1
16861,Clearfield,2022-12,-1,1,0
16863,Clearfield,2022-01,10,-10,0
16863,Clearfield,2022-02,9,-9,0
16863,Clearfield,2022-03,8,-8,0
16863,Clearfield,2022-04,7,-7,0
16863,Clearfield,2022-05,6,-6,0
16863,Clearfield,2022-06,5,-5,0
16863,Clearfield,2022-07,4,-4,0
16863,Clearfield,2022-08,3,-3,0
16863,Clearfield,2022-09,2,-2,0
16863,Clearfield,2022-10,1,-1,0
16863,Clearfield,2022-11,0,0,1
16863,Clearfield,2022-12,-1,1,0
16864,Centre,2022-01,10,-10,0
16864,Centre,2022-02,9,-9,0
16864,Centre,2022-03,8,-8,0
16864,Centre,2022-04,7,-7,0
16864,Centre,2022-05,6,-6,0
16864,Centre,2022-06,5,-5,0
16864,Centre,2022-07,4,-4,0
16864,Centre,2022-08,3,-3,0
16864,Centre,2022-09,2,-2,0
16864,Centre,2022-10,1,-1,0
16864,Centre,2022-11,0,0,1
16864,Centre,2022-12,-1,1,0
16865,Centre,2022-01,10,-10,0
16865,Centre,2022-02,9,-9,0
16865,Centre,2022-03,8,-8,0
16865,Centre,2022-04,7,-7,0
16865,Centre,2022-05,6,-6,0
16865,Centre,2022-06,5,-5,0
16865,Centre,2022-07,4,-4,0
16865,Centre,2022-08,3,-3,0
16865,Centre,2022-09,2,-2,0
16865,Centre,2022-10,1,-1,0
16865,Centre,2022-11,0,0,1
16865,Centre,2022-12,-1,1,0
16866,Centre,2022-01,10,-10,0
16866,Centre,2022-02,9,-9,0
16866,Centre,2022-03,8,-8,0
16866,Centre,2022-04,7,-7,0
16866,Centre,2022-05,6,-6,0
16866,Centre,2022-06,5,-5,0
16866,Centre,2022-07,4,-4,0
16866,Centre,2022-08,3,-3,0
16866,Centre,2022-09,2,-2,0
16866,Centre,2022-10,1,-1,0
16866,Centre,2022-11,0,0,1
16866,Centre,2022-12,-1,1,0
16868,Centre,2022-01,10,-10,0
16868,Centre,2022-02,9,-9,0
16868,Centre,2022-03,8,-8,0
16868,Centre,2022-04,7,-7,0
16868,Centre,2022-05,6,-6,0
16868,Centre,2022-06,5,-5,0
16868,Centre,2022-07,4,-4,0
16868,Centre,2022-08,3,-3,0
16868,Centre,2022-09,2,-2,0
16868,Centre,2022-10,1,-1,0
16868,Centre,2022-11,0,0,1
16868,Centre,2022-12,-1,1,0
16870,Centre,2022-01,10,-10,0
16870,Centre,2022-02,9,-9,0
16870,Centre,2022-03,8,-8,0
16870,Centre,2022-04,7,-7,0
16870,Centre,2022-05,6,-6,0
16870,Centre,2022-06,5,-5,0
16870,Centre,2022-07,4,-4,0
16870,Centre,2022-08,3,-3,0
16870,Centre,2022-09,2,-2,0
16870,Centre,2022-10,1,-1,0
16870,Centre,2022-11,0,0,1
16870,Centre,2022-12,-1,1,0
16871,Clinton,2022-01,10,-10,0
16871,Clinton,2022-02,9,-9,0
16871,Clinton,2022-03,8,-8,0
16871,Clinton,2022-04,7,-7,0
16871,Clinton,2022-05,6,-6,0
16871,Clinton,2022-06,5,-5,0
16871,Clinton,2022-07,4,-4,0
16871,Clinton,2022-08,3,-3,0
16871,Clinton,2022-09,2,-2,0
16871,Clinton,2022-10,1,-1,0
16871,Clinton,2022-11,0,0,1
16871,Clinton,2022-12,-1,1,0
16872,Centre,2022-01,10,-10,0
16872,Centre,2022-02,9,-9,0
16872,Centre,2022-03,8,-8,0
16872,Centre,2022-04,7,-7,0
16872,Centre,2022-05,6,-6,0
16872,Centre,2022-06,5,-5,0
16872,Centre,2022-07,4,-4,0
16872,Centre,2022-08,3,-3,0
16872,Centre,2022-09,2,-2,0
16872,Centre,2022-10,1,-1,0
16872,Centre,2022-11,0,0,1
16872,Centre,2022-12,-1,1,0
16874,Centre,2022-01,10,-10,0
16874,Centre,2022-02,9,-9,0
16874,Centre,2022-03,8,-8,0
16874,Centre,2022-04,7,-7,0
16874,Centre,2022-05,6,-6,0
16874,Centre,2022-06,5,-5,0
16874,Centre,2022-07,4,-4,0
16874,Centre,2022-08,3,-3,0
16874,Centre,2022-09,2,-2,0
16874,Centre,2022-10,1,-1,0
16874,Centre,2022-11,0,0,1
16874,Centre,2022-12,-1,1,0
16875,Centre,2022-01,10,-10,0
16875,Centre,2022-02,9,-9,0
16875,Centre,2022-03,8,-8,0
16875,Centre,2022-04,7,-7,0
16875,Centre,2022-05,6,-6,0
16875,Centre,2022-06,5,-5,0
16875,Centre,2022-07,4,-4,0
16875,Centre,2022-08,3,-3,0
16875,Centre,2022-09,2,-2,0
16875,Centre,2022-10,1,-1,0
16875,Centre,2022-11,0,0,1
16875,Centre,2022-12,-1,1,0
16876,Clearfield,2022-01,10,-10,0
16876,Clearfield,2022-02,9,-9,0
16876,Clearfield,2022-03,8,-8,0
16876,Clearfield,2022-04,7,-7,0
16876,Clearfield,2022-05,6,-6,0
16876,Clearfield,2022-06,5,-5,0
16876,Clearfield,2022-07,4,-4,0
16876,Clearfield,2022-08,3,-3,0
16876,Clearfield,2022-09,2,-2,0
16876,Clearfield,2022-10,1,-1,0
16876,Clearfield,2022-11,0,0,1
16876,Clearfield,2022-12,-1,1,0
16877,Centre,2022-01,10,-10,0
16877,Centre,2022-02,9,-9,0
16877,Centre,2022-03,8,-8,0
16877,Centre,2022-04,7,-7,0
16877,Centre,2022-05,6,-6,0
16877,Centre,2022-06,5,-5,0
16877,Centre,2022-07,4,-4,0
16877,Centre,2022-08,3,-3,0
16877,Centre,2022-09,2,-2,0
16877,Centre,2022-10,1,-1,0
16877,Centre,2022-11,0,0,1
16877,Centre,2022-12,-1,1,0
16878,Clearfield,2022-01,10,-10,0
16878,Clearfield,2022-02,9,-9,0
16878,Clearfield,2022-03,8,-8,0
16878,Clearfield,2022-04,7,-7,0
16878,Clearfield,2022-05,6,-6,0
16878,Clearfield,2022-06,5,-5,0
16878,Clearfield,2022-07,4,-4,0
16878,Clearfield,2022-08,3,-3,0
16878,Clearfield,2022-09,2,-2,0
16878,Clearfield,2022-10,1,-1,0
16878,Clearfield,2022-11,0,0,1
16878,Clearfield,2022-12,-1,1,0
16879,Clearfield,2022-01,10,-10,0
16879,Clearfield,2022-02,9,-9,0
16879,Clearfield,2022-03,8,-8,0
16879,Clearfield,2022-04,7,-7,0
16879,Clearfield,2022-05,6,-6,0
16879,Clearfield,2022-06,5,-5,0
16879,Clearfield,2022-07,4,-4,0
16879,Clearfield,2022-08,3,-3,0
16879,Clearfield,2022-09,2,-2,0
16879,Clearfield,2022-10,1,-1,0
16879,Clearfield,2022-11,0,0,1
16879,Clearfield,2022-12,-1,1,0
16881,Clearfield,2022-01,10,-10,0
16881,Clearfield,2022-02,9,-9,0
16881,Clearfield,2022-03,8,-8,0
16881,Clearfield,2022-04,7,-7,0
16881,Clearfield,2022-05,6,-6,0
16881,Clearfield,2022-06,5,-5,0
16881,Clearfield,2022-07,4,-4,0
16881,Clearfield,2022-08,3,-3,0
16881,Clearfield,2022-09,2,-2,0
16881,Clearfield,2022-10,1,-1,0
16881,Clearfield,2022-11,0,0,1
16881,Clearfield,2022-12,-1,1,0
16882,Centre,2022-01,10,-10,0
16882,Centre,2022-02,9,-9,0
16882,Centre,2022-03,8,-8,0
16882,Centre,2022-04,7,-7,0
16882,Centre,2022-05,6,-6,0
16882,Centre,2022-06,5,-5,0
16882,Centre,2022-07,4,-4,0
16882,Centre,2022-08,3,-3,0
16882,Centre,2022-09,2,-2,0
16882,Centre,2022-10,1,-1,0
16882,Centre,2022-11,0,0,1
16882,Centre,2022-12,-1,1,0
16901,Tioga,2022-01,10,-10,0
16901,Tioga,2022-02,9,-9,0
16901,Tioga,2022-03,8,-8,0
16901,Tioga,2022-04,7,-7,0
16901,Tioga,2022-05,6,-6,0
16901,Tioga,2022-06,5,-5,0
16901,Tioga,2022-07,4,-4,0
16901,Tioga,2022-08,3,-3,0
16901,Tioga,2022-09,2,-2,0
16901,Tioga,2022-10,1,-1,0
16901,Tioga,2022-11,0,0,1
16901,Tioga,2022-12,-1,1,0
16910,Bradford,2022-01,10,-10,0
16910,Bradford,2022-02,9,-9,0
16910,Bradford,2022-03,8,-8,0
16910,Bradford,2022-04,7,-7,0
16910,Bradford,2022-05,6,-6,0
16910,Bradford,2022-06,5,-5,0
16910,Bradford,2022-07,4,-4,0
16910,Bradford,2022-08,3,-3,0
16910,Bradford,2022-09,2,-2,0
16910,Bradford,2022-10,1,-1,0
16910,Bradford,2022-11,0,0,1
16910,Bradford,2022-12,-1,1,0
16911,Tioga,2022-01,10,-10,0
16911,Tioga,2022-02,9,-9,0
16911,Tioga,2022-03,8,-8,0
16911,Tioga,2022-04,7,-7,0
16911,Tioga,2022-05,6,-6,0
16911,Tioga,2022-06,5,-5,0
16911,Tioga,2022-07,4,-4,0
16911,Tioga,2022-08,3,-3,0
16911,Tioga,2022-09,2,-2,0
16911,Tioga,2022-10,1,-1,0
16911,Tioga,2022-11,0,0,1
16911,Tioga,2022-12,-1,1,0
16912,Tioga,2022-01,10,-10,0
16912,Tioga,2022-02,9,-9,0
16912,Tioga,2022-03,8,-8,0
16912,Tioga,2022-04,7,-7,0
16912,Tioga,2022-05,6,-6,0
16912,Tioga,2022-06,5,-5,0
16912,Tioga,2022-07,4,-4,0
16912,Tioga,2022-08,3,-3,0
16912,Tioga,2022-09,2,-2,0
16912,Tioga,2022-10,1,-1,0
16912,Tioga,2022-11,0,0,1
16912,Tioga,2022-12,-1,1,0
16914,Bradford,2022-01,10,-10,0
16914,Bradford,2022-02,9,-9,0
16914,Bradford,2022-03,8,-8,0
16914,Bradford,2022-04,7,-7,0
16914,Bradford,2022-05,6,-6,0
16914,Bradford,2022-06,5,-5,0
16914,Bradford,2022-07,4,-4,0
16914,Bradford,2022-08,3,-3,0
16914,Bradford,2022-09,2,-2,0
16914,Bradford,2022-10,1,-1,0
16914,Bradford,2022-11,0,0,1
16914,Bradford,2022-12,-1,1,0
16915,Potter,2022-01,10,-10,0
16915,Potter,2022-02,9,-9,0
16915,Potter,2022-03,8,-8,0
16915,Potter,2022-04,7,-7,0
16915,Potter,2022-05,6,-6,0
16915,Potter,2022-06,5,-5,0
16915,Potter,2022-07,4,-4,0
16915,Potter,2022-08,3,-3,0
16915,Potter,2022-09,2,-2,0
16915,Potter,2022-10,1,-1,0
16915,Potter,2022-11,0,0,1
16915,Potter,2022-12,-1,1,0
16917,Tioga,2022-01,10,-10,0
16917,Tioga,2022-02,9,-9,0
16917,Tioga,2022-03,8,-8,0
16917,Tioga,2022-04,7,-7,0
16917,Tioga,2022-05,6,-6,0
16917,Tioga,2022-06,5,-5,0
16917,Tioga,2022-07,4,-4,0
16917,Tioga,2022-08,3,-3,0
16917,Tioga,2022-09,2,-2,0
16917,Tioga,2022-10,1,-1,0
16917,Tioga,2022-11,0,0,1
16917,Tioga,2022-12,-1,1,0
16920,Tioga,2022-01,10,-10,0
16920,Tioga,2022-02,9,-9,0
16920,Tioga,2022-03,8,-8,0
16920,Tioga,2022-04,7,-7,0
16920,Tioga,2022-05,6,-6,0
16920,Tioga,2022-06,5,-5,0
16920,Tioga,2022-07,4,-4,0
16920,Tioga,2022-08,3,-3,0
16920,Tioga,2022-09,2,-2,0
16920,Tioga,2022-10,1,-1,0
16920,Tioga,2022-11,0,0,1
16920,Tioga,2022-12,-1,1,0
16921,Tioga,2022-01,10,-10,0
16921,Tioga,2022-02,9,-9,0
16921,Tioga,2022-03,8,-8,0
16921,Tioga,2022-04,7,-7,0
16921,Tioga,2022-05,6,-6,0
16921,Tioga,2022-06,5,-5,0
16921,Tioga,2022-07,4,-4,0
16921,Tioga,2022-08,3,-3,0
16921,Tioga,2022-09,2,-2,0
16921,Tioga,2022-10,1,-1,0
16921,Tioga,2022-11,0,0,1
16921,Tioga,2022-12,-1,1,0
16922,Potter,2022-01,10,-10,0
16922,Potter,2022-02,9,-9,0
16922,Potter,2022-03,8,-8,0
16922,Potter,2022-04,7,-7,0
16922,Potter,2022-05,6,-6,0
16922,Potter,2022-06,5,-5,0
16922,Potter,2022-07,4,-4,0
16922,Potter,2022-08,3,-3,0
16922,Potter,2022-09,2,-2,0
16922,Potter,2022-10,1,-1,0
16922,Potter,2022-11,0,0,1
16922,Potter,2022-12,-1,1,0
16923,Potter,2022-01,10,-10,0
16923,Potter,2022-02,9,-9,0
16923,Potter,2022-03,8,-8,0
16923,Potter,2022-04,7,-7,0
16923,Potter,2022-05,6,-6,0
16923,Potter,2022-06,5,-5,0
16923,Potter,2022-07,4,-4,0
16923,Potter,2022-08,3,-3,0
16923,Potter,2022-09,2,-2,0
16923,Potter,2022-10,1,-1,0
16923,Potter,2022-11,0,0,1
16923,Potter,2022-12,-1,1,0
16925,Bradford,2022-01,10,-10,0
16925,Bradford,2022-02,9,-9,0
16925,Bradford,2022-03,8,-8,0
16925,Bradford,2022-04,7,-7,0
16925,Bradford,2022-05,6,-6,0
16925,Bradford,2022-06,5,-5,0
16925,Bradford,2022-07,4,-4,0
16925,Bradford,2022-08,3,-3,0
16925,Bradford,2022-09,2,-2,0
16925,Bradford,2022-10,1,-1,0
16925,Bradford,2022-11,0,0,1
16925,Bradford,2022-12,-1,1,0
16926,Bradford,2022-01,10,-10,0
16926,Bradford,2022-02,9,-9,0
16926,Bradford,2022-03,8,-8,0
16926,Bradford,2022-04,7,-7,0
16926,Bradford,2022-05,6,-6,0
16926,Bradford,2022-06,5,-5,0
16926,Bradford,2022-07,4,-4,0
16926,Bradford,2022-08,3,-3,0
16926,Bradford,2022-09,2,-2,0
16926,Bradford,2022-10,1,-1,0
16926,Bradford,2022-11,0,0,1
16926,Bradford,2022-12,-1,1,0
16927,Potter,2022-01,10,-10,0
16927,Potter,2022-02,9,-9,0
16927,Potter,2022-03,8,-8,0
16927,Potter,2022-04,7,-7,0
16927,Potter,2022-05,6,-6,0
16927,Potter,2022-06,5,-5,0
16927,Potter,2022-07,4,-4,0
16927,Potter,2022-08,3,-3,0
16927,Potter,2022-09,2,-2,0
16927,Potter,2022-10,1,-1,0
16927,Potter,2022-11,0,0,1
16927,Potter,2022-12,-1,1,0
16928,Tioga,2022-01,10,-10,0
16928,Tioga,2022-02,9,-9,0
16928,Tioga,2022-03,8,-8,0
16928,Tioga,2022-04,7,-7,0
16928,Tioga,2022-05,6,-6,0
16928,Tioga,2022-06,5,-5,0
16928,Tioga,2022-07,4,-4,0
16928,Tioga,2022-08,3,-3,0
16928,Tioga,2022-09,2,-2,0
16928,Tioga,2022-10,1,-1,0
16928,Tioga,2022-11,0,0,1
16928,Tioga,2022-12,-1,1,0
16929,Tioga,2022-01,10,-10,0
16929,Tioga,2022-02,9,-9,0
16929,Tioga,2022-03,8,-8,0
16929,Tioga,2022-04,7,-7,0
16929,Tioga,2022-05,6,-6,0
16929,Tioga,2022-06,5,-5,0
16929,Tioga,2022-07,4,-4,0
16929,Tioga,2022-08,3,-3,0
16929,Tioga,2022-09,2,-2,0
16929,Tioga,2022-10,1,-1,0
16929,Tioga,2022-11,0,0,1
16929,Tioga,2022-12,-1,1,0
16930,Tioga,2022-01,10,-10,0
16930,Tioga,2022-02,9,-9,0
16930,Tioga,2022-03,8,-8,0
16930,Tioga,2022-04,7,-7,0
16930,Tioga,2022-05,6,-6,0
16930,Tioga,2022-06,5,-5,0
16930,Tioga,2022-07,4,-4,0
16930,Tioga,2022-08,3,-3,0
16930,Tioga,2022-09,2,-2,0
16930,Tioga,2022-10,1,-1,0
16930,Tioga,2022-11,0,0,1
16930,Tioga,2022-12,-1,1,0
16932,Tioga,2022-01,10,-10,0
16932,Tioga,2022-02,9,-9,0
16932,Tioga,2022-03,8,-8,0
16932,Tioga,2022-04,7,-7,0
16932,Tioga,2022-05,6,-6,0
16932,Tioga,2022-06,5,-5,0
16932,Tioga,2022-07,4,-4,0
16932,Tioga,2022-08,3,-3,0
16932,Tioga,2022-09,2,-2,0
16932,Tioga,2022-10,1,-1,0
16932,Tioga,2022-11,0,0,1
16932,Tioga,2022-12,-1,1,0
16933,Tioga,2022-01,10,-10,0
16933,Tioga,2022-02,9,-9,0
16933,Tioga,2022-03,8,-8,0
16933,Tioga,2022-04,7,-7,0
16933,Tioga,2022-05,6,-6,0
16933,Tioga,2022-06,5,-5,0
16933,Tioga,2022-07,4,-4,0
16933,Tioga,2022-08,3,-3,0
16933,Tioga,2022-09,2,-2,0
16933,Tioga,2022-10,1,-1,0
16933,Tioga,2022-11,0,0,1
16933,Tioga,2022-12,-1,1,0
16935,Tioga,2022-01,10,-10,0
16935,Tioga,2022-02,9,-9,0
16935,Tioga,2022-03,8,-8,0
16935,Tioga,2022-04,7,-7,0
16935,Tioga,2022-05,6,-6,0
16935,Tioga,2022-06,5,-5,0
16935,Tioga,2022-07,4,-4,0
16935,Tioga,2022-08,3,-3,0
16935,Tioga,2022-09,2,-2,0
16935,Tioga,2022-10,1,-1,0
16935,Tioga,2022-11,0,0,1
16935,Tioga,2022-12,-1,1,0
16936,Tioga,2022-01,10,-10,0
16936,Tioga,2022-02,9,-9,0
16936,Tioga,2022-03,8,-8,0
16936,Tioga,2022-04,7,-7,0
16936,Tioga,2022-05,6,-6,0
16936,Tioga,2022-06,5,-5,0
16936,Tioga,2022-07,4,-4,0
16936,Tioga,2022-08,3,-3,0
16936,Tioga,2022-09,2,-2,0
16936,Tioga,2022-10,1,-1,0
16936,Tioga,2022-11,0,0,1
16936,Tioga,2022-12,-1,1,0
16937,Potter,2022-01,10,-10,0
16937,Potter,2022-02,9,-9,0
16937,Potter,2022-03,8,-8,0
16937,Potter,2022-04,7,-7,0
16937,Potter,2022-05,6,-6,0
16937,Potter,2022-06,5,-5,0
16937,Potter,2022-07,4,-4,0
16937,Potter,2022-08,3,-3,0
16937,Potter,2022-09,2,-2,0
16937,Potter,2022-10,1,-1,0
16937,Potter,2022-11,0,0,1
16937,Potter,2022-12,-1,1,0
16938,Tioga,2022-01,10,-10,0
16938,Tioga,2022-02,9,-9,0
16938,Tioga,2022-03,8,-8,0
16938,Tioga,2022-04,7,-7,0
16938,Tioga,2022-05,6,-6,0
16938,Tioga,2022-06,5,-5,0
16938,Tioga,2022-07,4,-4,0
16938,Tioga,2022-08,3,-3,0
16938,Tioga,2022-09,2,-2,0
16938,Tioga,2022-10,1,-1,0
16938,Tioga,2022-11,0,0,1
16938,Tioga,2022-12,-1,1,0
16939,Tioga,2022-01,10,-10,0
16939,Tioga,2022-02,9,-9,0
16939,Tioga,2022-03,8,-8,0
16939,Tioga,2022-04,7,-7,0
16939,Tioga,2022-05,6,-6,0
16939,Tioga,2022-06,5,-5,0
16939,Tioga,2022-07,4,-4,0
16939,Tioga,2022-08,3,-3,0
16939,Tioga,2022-09,2,-2,0
16939,Tioga,2022-10,1,-1,0
16939,Tioga,2022-11,0,0,1
16939,Tioga,2022-12,-1,1,0
16940,Tioga,2022-01,10,-10,0
16940,Tioga,2022-02,9,-9,0
16940,Tioga,2022-03,8,-8,0
16940,Tioga,2022-04,7,-7,0
16940,Tioga,2022-05,6,-6,0
16940,Tioga,2022-06,5,-5,0
16940,Tioga,2022-07,4,-4,0
16940,Tioga,2022-08,3,-3,0
16940,Tioga,2022-09,2,-2,0
16940,Tioga,2022-10,1,-1,0
16940,Tioga,2022-11,0,0,1
16940,Tioga,2022-12,-1,1,0
16941,Potter,2022-01,10,-10,0
16941,Potter,2022-02,9,-9,0
16941,Potter,2022-03,8,-8,0
16941,Potter,2022-04,7,-7,0
16941,Potter,2022-05,6,-6,0
16941,Potter,2022-06,5,-5,0
16941,Potter,2022-07,4,-4,0
16941,Potter,2022-08,3,-3,0
16941,Potter,2022-09,2,-2,0
16941,Potter,2022-10,1,-1,0
16941,Potter,2022-11,0,0,1
16941,Potter,2022-12,-1,1,0
16942,Tioga,2022-01,10,-10,0
16942,Tioga,2022-02,9,-9,0
16942,Tioga,2022-03,8,-8,0
16942,Tioga,2022-04,7,-7,0
16942,Tioga,2022-05,6,-6,0
16942,Tioga,2022-06,5,-5,0
16942,Tioga,2022-07,4,-4,0
16942,Tioga,2022-08,3,-3,0
16942,Tioga,2022-09,2,-2,0
16942,Tioga,2022-10,1,-1,0
16942,Tioga,2022-11,0,0,1
16942,Tioga,2022-12,-1,1,0
16943,Potter,2022-01,10,-10,0
16943,Potter,2022-02,9,-9,0
16943,Potter,2022-03,8,-8,0
16943,Potter,2022-04,7,-7,0
16943,Potter,2022-05,6,-6,0
16943,Potter,2022-06,5,-5,0
16943,Potter,2022-07,4,-4,0
16943,Potter,2022-08,3,-3,0
16943,Potter,2022-09,2,-2,0
16943,Potter,2022-10,1,-1,0
16943,Potter,2022-11,0,0,1
16943,Potter,2022-12,-1,1,0
16946,Tioga,2022-01,10,-10,0
16946,Tioga,2022-02,9,-9,0
16946,Tioga,2022-03,8,-8,0
16946,Tioga,2022-04,7,-7,0
16946,Tioga,2022-05,6,-6,0
16946,Tioga,2022-06,5,-5,0
16946,Tioga,2022-07,4,-4,0
16946,Tioga,2022-08,3,-3,0
16946,Tioga,2022-09,2,-2,0
16946,Tioga,2022-10,1,-1,0
16946,Tioga,2022-11,0,0,1
16946,Tioga,2022-12,-1,1,0
16947,Bradford,2022-01,10,-10,0
16947,Bradford,2022-02,9,-9,0
16947,Bradford,2022-03,8,-8,0
16947,Bradford,2022-04,7,-7,0
16947,Bradford,2022-05,6,-6,0
16947,Bradford,2022-06,5,-5,0
16947,Bradford,2022-07,4,-4,0
16947,Bradford,2022-08,3,-3,0
16947,Bradford,2022-09,2,-2,0
16947,Bradford,2022-10,1,-1,0
16947,Bradford,2022-11,0,0,1
16947,Bradford,2022-12,-1,1,0
16948,Potter,2022-01,10,-10,0
16948,Potter,2022-02,9,-9,0
16948,Potter,2022-03,8,-8,0
16948,Potter,2022-04,7,-7,0
16948,Potter,2022-05,6,-6,0
16948,Potter,2022-06,5,-5,0
16948,Potter,2022-07,4,-4,0
16948,Potter,2022-08,3,-3,0
16948,Potter,2022-09,2,-2,0
16948,Potter,2022-10,1,-1,0
16948,Potter,2022-11,0,0,1
16948,Potter,2022-12,-1,1,0
16950,Tioga,2022-01,10,-10,0
16950,Tioga,2022-02,9,-9,0
16950,Tioga,2022-03,8,-8,0
16950,Tioga,2022-04,7,-7,0
16950,Tioga,2022-05,6,-6,0
16950,Tioga,2022-06,5,-5,0
16950,Tioga,2022-07,4,-4,0
16950,Tioga,2022-08,3,-3,0
16950,Tioga,2022-09,2,-2,0
16950,Tioga,2022-10,1,-1,0
16950,Tioga,2022-11,0,0,1
16950,Tioga,2022-12,-1,1,0
17002,Huntingdon,2022-01,10,-10,0
17002,Huntingdon,2022-02,9,-9,0
17002,Huntingdon,2022-03,8,-8,0
17002,Huntingdon,2022-04,7,-7,0
17002,Huntingdon,2022-05,6,-6,0
17002,Huntingdon,2022-06,5,-5,0
17002,Huntingdon,2022-07,4,-4,0
17002,Huntingdon,2022-08,3,-3,0
17002,Huntingdon,2022-09,2,-2,0
17002,Huntingdon,2022-10,1,-1,0
17002,Huntingdon,2022-11,0,0,1
17002,Huntingdon,2022-12,-1,1,0
17003,Lebanon,2022-01,10,-10,0
17003,Lebanon,2022-02,9,-9,0
17003,Lebanon,2022-03,8,-8,0
17003,Lebanon,2022-04,7,-7,0
17003,Lebanon,2022-05,6,-6,0
17003,Lebanon,2022-06,5,-5,0
17003,Lebanon,2022-07,4,-4,0
17003,Lebanon,2022-08,3,-3,0
17003,Lebanon,2022-09,2,-2,0
17003,Lebanon,2022-10,1,-1,0
17003,Lebanon,2022-11,0,0,1
17003,Lebanon,2022-12,-1,1,0
17004,Mifflin,2022-01,10,-10,0
17004,Mifflin,2022-02,9,-9,0
17004,Mifflin,2022-03,8,-8,0
17004,Mifflin,2022-04,7,-7,0
17004,Mifflin,2022-05,6,-6,0
17004,Mifflin,2022-06,5,-5,0
17004,Mifflin,2022-07,4,-4,0
17004,Mifflin,2022-08,3,-3,0
17004,Mifflin,2022-09,2,-2,0
17004,Mifflin,2022-10,1,-1,0
17004,Mifflin,2022-11,0,0,1
17004,Mifflin,2022-12,-1,1,0
17005,Dauphin,2022-01,10,-10,0
17005,Dauphin,2022-02,9,-9,0
17005,Dauphin,2022-03,8,-8,0
17005,Dauphin,2022-04,7,-7,0
17005,Dauphin,2022-05,6,-6,0
17005,Dauphin,2022-06,5,-5,0
17005,Dauphin,2022-07,4,-4,0
17005,Dauphin,2022-08,3,-3,0
17005,Dauphin,2022-09,2,-2,0
17005,Dauphin,2022-10,1,-1,0
17005,Dauphin,2022-11,0,0,1
17005,Dauphin,2022-12,-1,1,0
17006,Perry,2022-01,10,-10,0
17006,Perry,2022-02,9,-9,0
17006,Perry,2022-03,8,-8,0
17006,Perry,2022-04,7,-7,0
17006,Perry,2022-05,6,-6,0
17006,Perry,2022-06,5,-5,0
17006,Perry,2022-07,4,-4,0
17006,Perry,2022-08,3,-3,0
17006,Perry,2022-09,2,-2,0
17006,Perry,2022-10,1,-1,0
17006,Perry,2022-11,0,0,1
17006,Perry,2022-12,-1,1,0
17007,Cumberland,2022-01,10,-10,0
17007,Cumberland,2022-02,9,-9,0
17007,Cumberland,2022-03,8,-8,0
17007,Cumberland,2022-04,7,-7,0
17007,Cumberland,2022-05,6,-6,0
17007,Cumberland,2022-06,5,-5,0
17007,Cumberland,2022-07,4,-4,0
17007,Cumberland,2022-08,3,-3,0
17007,Cumberland,2022-09,2,-2,0
17007,Cumberland,2022-10,1,-1,0
17007,Cumberland,2022-11,0,0,1
17007,Cumberland,2022-12,-1,1,0
17009,Mifflin,2022-01,10,-10,0
17009,Mifflin,2022-02,9,-9,0
17009,Mifflin,2022-03,8,-8,0
17009,Mifflin,2022-04,7,-7,0
17009,Mifflin,2022-05,6,-6,0
17009,Mifflin,2022-06,5,-5,0
17009,Mifflin,2022-07,4,-4,0
17009,Mifflin,2022-08,3,-3,0
17009,Mifflin,2022-09,2,-2,0
17009,Mifflin,2022-10,1,-1,0
17009,Mifflin,2022-11,0,0,1
17009,Mifflin,2022-12,-1,1,0
17010,Lebanon,2022-01,10,-10,0
17010,Lebanon,2022-02,9,-9,0
17010,Lebanon,2022-03,8,-8,0
17010,Lebanon,2022-04,7,-7,0
17010,Lebanon,2022-05,6,-6,0
17010,Lebanon,2022-06,5,-5,0
17010,Lebanon,2022-07,4,-4,0
17010,Lebanon,2022-08,3,-3,0
17010,Lebanon,2022-09,2,-2,0
17010,Lebanon,2022-10,1,-1,0
17010,Lebanon,2022-11,0,0,1
17010,Lebanon,2022-12,-1,1,0
17011,Cumberland,2022-01,10,-10,0
17011,Cumberland,2022-02,9,-9,0
17011,Cumberland,2022-03,8,-8,0
17011,Cumberland,2022-04,7,-7,0
17011,Cumberland,2022-05,6,-6,0
17011,Cumberland,2022-06,5,-5,0
17011,Cumberland,2022-07,4,-4,0
17011,Cumberland,2022-08,3,-3,0
17011,Cumberland,2022-09,2,-2,0
17011,Cumberland,2022-10,1,-1,0
17011,Cumberland,2022-11,0,0,1
17011,Cumberland,2022-12,-1,1,0
17013,Cumberland,2022-01,10,-10,0
17013,Cumberland,2022-02,9,-9,0
17013,Cumberland,2022-03,8,-8,0
17013,Cumberland,2022-04,7,-7,0
17013,Cumberland,2022-05,6,-6,0
17013,Cumberland,2022-06,5,-5,0
17013,Cumberland,2022-07,4,-4,0
17013,Cumberland,2022-08,3,-3,0
17013,Cumberland,2022-09,2,-2,0
17013,Cumberland,2022-10,1,-1,0
17013,Cumberland,2022-11,0,0,1
17013,Cumberland,2022-12,-1,1,0
17014,Juniata,2022-01,10,-10,0
17014,Juniata,2022-02,9,-9,0
17014,Juniata,2022-03,8,-8,0
17014,Juniata,2022-04,7,-7,0
17014,Juniata,2022-05,6,-6,0
17014,Juniata,2022-06,5,-5,0
17014,Juniata,2022-07,4,-4,0
17014,Juniata,2022-08,3,-3,0
17014,Juniata,2022-09,2,-2,0
17014,Juniata,2022-10,1,-1,0
17014,Juniata,2022-11,0,0,1
17014,Juniata,2022-12,-1,1,0
17015,Cumberland,2022-01,10,-10,0
17015,Cumberland,2022-02,9,-9,0
17015,Cumberland,2022-03,8,-8,0
17015,Cumberland,2022-04,7,-7,0
17015,Cumberland,2022-05,6,-6,0
17015,Cumberland,2022-06,5,-5,0
17015,Cumberland,2022-07,4,-4,0
17015,Cumberland,2022-08,3,-3,0
17015,Cumberland,2022-09,2,-2,0
17015,Cumberland,2022-10,1,-1,0
17015,Cumberland,2022-11,0,0,1
17015,Cumberland,2022-12,-1,1,0
17016,Lebanon,2022-01,10,-10,0
17016,Lebanon,2022-02,9,-9,0
17016,Lebanon,2022-03,8,-8,0
17016,Lebanon,2022-04,7,-7,0
17016,Lebanon,2022-05,6,-6,0
17016,Lebanon,2022-06,5,-5,0
17016,Lebanon,2022-07,4,-4,0
17016,Lebanon,2022-08,3,-3,0
17016,Lebanon,2022-09,2,-2,0
17016,Lebanon,2022-10,1,-1,0
17016,Lebanon,2022-11,0,0,1
17016,Lebanon,2022-12,-1,1,0
17017,Northumberland,2022-01,10,-10,0
17017,Northumberland,2022-02,9,-9,0
17017,Northumberland,2022-03,8,-8,0
17017,Northumberland,2022-04,7,-7,0
17017,Northumberland,2022-05,6,-6,0
17017,Northumberland,2022-06,5,-5,0
17017,Northumberland,2022-07,4,-4,0
17017,Northumberland,2022-08,3,-3,0
17017,Northumberland,2022-09,2,-2,0
17017,Northumberland,2022-10,1,-1,0
17017,Northumberland,2022-11,0,0,1
17017,Northumberland,2022-12,-1,1,0
17018,Dauphin,2022-01,10,-10,0
17018,Dauphin,2022-02,9,-9,0
17018,Dauphin,2022-03,8,-8,0
17018,Dauphin,2022-04,7,-7,0
17018,Dauphin,2022-05,6,-6,0
17018,Dauphin,2022-06,5,-5,0
17018,Dauphin,2022-07,4,-4,0
17018,Dauphin,2022-08,3,-3,0
17018,Dauphin,2022-09,2,-2,0
17018,Dauphin,2022-10,1,-1,0
17018,Dauphin,2022-11,0,0,1
17018,Dauphin,2022-12,-1,1,0
17019,York,2022-01,10,-10,0
17019,York,2022-02,9,-9,0
17019,York,2022-03,8,-8,0
17019,York,2022-04,7,-7,0
17019,York,2022-05,6,-6,0
17019,York,2022-06,5,-5,0
17019,York,2022-07,4,-4,0
17019,York,2022-08,3,-3,0
17019,York,2022-09,2,-2,0
17019,York,2022-10,1,-1,0
17019,York,2022-11,0,0,1
17019,York,2022-12,-1,1,0
17020,Perry,2022-01,10,-10,0
17020,Perry,2022-02,9,-9,0
17020,Perry,2022-03,8,-8,0
17020,Perry,2022-04,7,-7,0
17020,Perry,2022-05,6,-6,0
17020,Perry,2022-06,5,-5,0
17020,Perry,2022-07,4,-4,0
17020,Perry,2022-08,3,-3,0
17020,Perry,2022-09,2,-2,0
17020,Perry,2022-10,1,-1,0
17020,Perry,2022-11,0,0,1
17020,Perry,2022-12,-1,1,0
17021,Juniata,2022-01,10,-10,0
17021,Juniata,2022-02,9,-9,0
17021,Juniata,2022-03,8,-8,0
17021,Juniata,2022-04,7,-7,0
17021,Juniata,2022-05,6,-6,0
17021,Juniata,2022-06,5,-5,0
17021,Juniata,2022-07,4,-4,0
17021,Juniata,2022-08,3,-3,0
17021,Juniata,2022-09,2,-2,0
17021,Juniata,2022-10,1,-1,0
17021,Juniata,2022-11,0,0,1
17021,Juniata,2022-12,-1,1,0
17022,Lancaster,2022-01,10,-10,0
17022,Lancaster,2022-02,9,-9,0
17022,Lancaster,2022-03,8,-8,0
17022,Lancaster,2022-04,7,-7,0
17022,Lancaster,2022-05,6,-6,0
17022,Lancaster,2022-06,5,-5,0
17022,Lancaster,2022-07,4,-4,0
17022,Lancaster,2022-08,3,-3,0
17022,Lancaster,2022-09,2,-2,0
17022,Lancaster,2022-10,1,-1,0
17022,Lancaster,2022-11,0,0,1
17022,Lancaster,2022-12,-1,1,0
17023,Dauphin,2022-01,10,-10,0
17023,Dauphin,2022-02,9,-9,0
17023,Dauphin,2022-03,8,-8,0
17023,Dauphin,2022-04,7,-7,0
17023,Dauphin,2022-05,6,-6,0
17023,Dauphin,2022-06,5,-5,0
17023,Dauphin,2022-07,4,-4,0
17023,Dauphin,2022-08,3,-3,0
17023,Dauphin,2022-09,2,-2,0
17023,Dauphin,2022-10,1,-1,0
17023,Dauphin,2022-11,0,0,1
17023,Dauphin,2022-12,-1,1,0
17024,Perry,2022-01,10,-10,0
17024,Perry,2022-02,9,-9,0
17024,Perry,2022-03,8,-8,0
17024,Perry,2022-04,7,-7,0
17024,Perry,2022-05,6,-6,0
17024,Perry,2022-06,5,-5,0
17024,Perry,2022-07,4,-4,0
17024,Perry,2022-08,3,-3,0
17024,Perry,2022-09,2,-2,0
17024,Perry,2022-10,1,-1,0
17024,Perry,2022-11,0,0,1
17024,Perry,2022-12,-1,1,0
17025,Cumberland,2022-01,10,-10,0
17025,Cumberland,2022-02,9,-9,0
17025,Cumberland,2022-03,8,-8,0
17025,Cumberland,2022-04,7,-7,0
17025,Cumberland,2022-05,6,-6,0
17025,Cumberland,2022-06,5,-5,0
17025,Cumberland,2022-07,4,-4,0
17025,Cumberland,2022-08,3,-3,0
17025,Cumberland,2022-09,2,-2,0
17025,Cumberland,2022-10,1,-1,0
17025,Cumberland,2022-11,0,0,1
17025,Cumberland,2022-12,-1,1,0
17026,Lebanon,2022-01,10,-10,0
17026,Lebanon,2022-02,9,-9,0
17026,Lebanon,2022-03,8,-8,0
17026,Lebanon,2022-04,7,-7,0
17026,Lebanon,2022-05,6,-6,0
17026,Lebanon,2022-06,5,-5,0
17026,Lebanon,2022-07,4,-4,0
17026,Lebanon,2022-08,3,-3,0
17026,Lebanon,2022-09,2,-2,0
17026,Lebanon,2022-10,1,-1,0
17026,Lebanon,2022-11,0,0,1
17026,Lebanon,2022-12,-1,1,0
17027,Cumberland,2022-01,10,-10,0
17027,Cumberland,2022-02,9,-9,0
17027,Cumberland,2022-03,8,-8,0
17027,Cumberland,2022-04,7,-7,0
17027,Cumberland,2022-05,6,-6,0
17027,Cumberland,2022-06,5,-5,0
17027,Cumberland,2022-07,4,-4,0
17027,Cumberland,2022-08,3,-3,0
17027,Cumberland,2022-09,2,-2,0
17027,Cumberland,2022-10,1,-1,0
17027,Cumberland,2022-11,0,0,1
17027,Cumberland,2022-12,-1,1,0
17028,Lebanon,2022-01,10,-10,0
17028,Lebanon,2022-02,9,-9,0
17028,Lebanon,2022-03,8,-8,0
17028,Lebanon,2022-04,7,-7,0
17028,Lebanon,2022-05,6,-6,0
17028,Lebanon,2022-06,5,-5,0
17028,Lebanon,2022-07,4,-4,0
17028,Lebanon,2022-08,3,-3,0
17028,Lebanon,2022-09,2,-2,0
17028,Lebanon,2022-10,1,-1,0
17028,Lebanon,2022-11,0,0,1
17028,Lebanon,2022-12,-1,1,0
17029,Mifflin,2022-01,10,-10,0
17029,Mifflin,2022-02,9,-9,0
17029,Mifflin,2022-03,8,-8,0
17029,Mifflin,2022-04,7,-7,0
17029,Mifflin,2022-05,6,-6,0
17029,Mifflin,2022-06,5,-5,0
17029,Mifflin,2022-07,4,-4,0
17029,Mifflin,2022-08,3,-3,0
17029,Mifflin,2022-09,2,-2,0
17029,Mifflin,2022-10,1,-1,0
17029,Mifflin,2022-11,0,0,1
17029,Mifflin,2022-12,-1,1,0
17030,Dauphin,2022-01,10,-10,0
17030,Dauphin,2022-02,9,-9,0
17030,Dauphin,2022-03,8,-8,0
17030,Dauphin,2022-04,7,-7,0
17030,Dauphin,2022-05,6,-6,0
17030,Dauphin,2022-06,5,-5,0
17030,Dauphin,2022-07,4,-4,0
17030,Dauphin,2022-08,3,-3,0
17030,Dauphin,2022-09,2,-2,0
17030,Dauphin,2022-10,1,-1,0
17030,Dauphin,2022-11,0,0,1
17030,Dauphin,2022-12,-1,1,0
17032,Dauphin,2022-01,10,-10,0
17032,Dauphin,2022-02,9,-9,0
17032,Dauphin,2022-03,8,-8,0
17032,Dauphin,2022-04,7,-7,0
17032,Dauphin,2022-05,6,-6,0
17032,Dauphin,2022-06,5,-5,0
17032,Dauphin,2022-07,4,-4,0
17032,Dauphin,2022-08,3,-3,0
17032,Dauphin,2022-09,2,-2,0
17032,Dauphin,2022-10,1,-1,0
17032,Dauphin,2022-11,0,0,1
17032,Dauphin,2022-12,-1,1,0
17033,Dauphin,2022-01,10,-10,0
17033,Dauphin,2022-02,9,-9,0
17033,Dauphin,2022-03,8,-8,0
17033,Dauphin,2022-04,7,-7,0
17033,Dauphin,2022-05,6,-6,0
17033,Dauphin,2022-06,5,-5,0
17033,Dauphin,2022-07,4,-4,0
17033,Dauphin,2022-08,3,-3,0
17033,Dauphin,2022-09,2,-2,0
17033,Dauphin,2022-10,1,-1,0
17033,Dauphin,2022-11,0,0,1
17033,Dauphin,2022-12,-1,1,0
17034,Dauphin,2022-01,10,-10,0
17034,Dauphin,2022-02,9,-9,0
17034,Dauphin,2022-03,8,-8,0
17034,Dauphin,2022-04,7,-7,0
17034,Dauphin,2022-05,6,-6,0
17034,Dauphin,2022-06,5,-5,0
17034,Dauphin,2022-07,4,-4,0
17034,Dauphin,2022-08,3,-3,0
17034,Dauphin,2022-09,2,-2,0
17034,Dauphin,2022-10,1,-1,0
17034,Dauphin,2022-11,0,0,1
17034,Dauphin,2022-12,-1,1,0
17035,Juniata,2022-01,10,-10,0
17035,Juniata,2022-02,9,-9,0
17035,Juniata,2022-03,8,-8,0
17035,Juniata,2022-04,7,-7,0
17035,Juniata,2022-05,6,-6,0
17035,Juniata,2022-06,5,-5,0
17035,Juniata,2022-07,4,-4,0
17035,Juniata,2022-08,3,-3,0
17035,Juniata,2022-09,2,-2,0
17035,Juniata,2022-10,1,-1,0
17035,Juniata,2022-11,0,0,1
17035,Juniata,2022-12,-1,1,0
17036,Dauphin,2022-01,10,-10,0
17036,Dauphin,2022-02,9,-9,0
17036,Dauphin,2022-03,8,-8,0
17036,Dauphin,2022-04,7,-7,0
17036,Dauphin,2022-05,6,-6,0
17036,Dauphin,2022-06,5,-5,0
17036,Dauphin,2022-07,4,-4,0
17036,Dauphin,2022-08,3,-3,0
17036,Dauphin,2022-09,2,-2,0
17036,Dauphin,2022-10,1,-1,0
17036,Dauphin,2022-11,0,0,1
17036,Dauphin,2022-12,-1,1,0
17037,Perry,2022-01,10,-10,0
17037,Perry,2022-02,9,-9,0
17037,Perry,2022-03,8,-8,0
17037,Perry,2022-04,7,-7,0
17037,Perry,2022-05,6,-6,0
17037,Perry,2022-06,5,-5,0
17037,Perry,2022-07,4,-4,0
17037,Perry,2022-08,3,-3,0
17037,Perry,2022-09,2,-2,0
17037,Perry,2022-10,1,-1,0
17037,Perry,2022-11,0,0,1
17037,Perry,2022-12,-1,1,0
17038,Lebanon,2022-01,10,-10,0
17038,Lebanon,2022-02,9,-9,0
17038,Lebanon,2022-03,8,-8,0
17038,Lebanon,2022-04,7,-7,0
17038,Lebanon,2022-05,6,-6,0
17038,Lebanon,2022-06,5,-5,0
17038,Lebanon,2022-07,4,-4,0
17038,Lebanon,2022-08,3,-3,0
17038,Lebanon,2022-09,2,-2,0
17038,Lebanon,2022-10,1,-1,0
17038,Lebanon,2022-11,0,0,1
17038,Lebanon,2022-12,-1,1,0
17039,Lebanon,2022-01,10,-10,0
17039,Lebanon,2022-02,9,-9,0
17039,Lebanon,2022-03,8,-8,0
17039,Lebanon,2022-04,7,-7,0
17039,Lebanon,2022-05,6,-6,0
17039,Lebanon,2022-06,5,-5,0
17039,Lebanon,2022-07,4,-4,0
17039,Lebanon,2022-08,3,-3,0
17039,Lebanon,2022-09,2,-2,0
17039,Lebanon,2022-10,1,-1,0
17039,Lebanon,2022-11,0,0,1
17039,Lebanon,2022-12,-1,1,0
17040,Perry,2022-01,10,-10,0
17040,Perry,2022-02,9,-9,0
17040,Perry,2022-03,8,-8,0
17040,Perry,2022-04,7,-7,0
17040,Perry,2022-05,6,-6,0
17040,Perry,2022-06,5,-5,0
17040,Perry,2022-07,4,-4,0
17040,Perry,2022-08,3,-3,0
17040,Perry,2022-09,2,-2,0
17040,Perry,2022-10,1,-1,0
17040,Perry,2022-11,0,0,1
17040,Perry,2022-12,-1,1,0
17041,Lebanon,2022-01,10,-10,0
17041,Lebanon,2022-02,9,-9,0
17041,Lebanon,2022-03,8,-8,0
17041,Lebanon,2022-04,7,-7,0
17041,Lebanon,2022-05,6,-6,0
17041,Lebanon,2022-06,5,-5,0
17041,Lebanon,2022-07,4,-4,0
17041,Lebanon,2022-08,3,-3,0
17041,Lebanon,2022-09,2,-2,0
17041,Lebanon,2022-10,1,-1,0
17041,Lebanon,2022-11,0,0,1
17041,Lebanon,2022-12,-1,1,0
17042,Lebanon,2022-01,10,-10,0
17042,Lebanon,2022-02,9,-9,0
17042,Lebanon,2022-03,8,-8,0
17042,Lebanon,2022-04,7,-7,0
17042,Lebanon,2022-05,6,-6,0
17042,Lebanon,2022-06,5,-5,0
17042,Lebanon,2022-07,4,-4,0
17042,Lebanon,2022-08,3,-3,0
17042,Lebanon,2022-09,2,-2,0
17042,Lebanon,2022-10,1,-1,0
17042,Lebanon,2022-11,0,0,1
17042,Lebanon,2022-12,-1,1,0
17043,Cumberland,2022-01,10,-10,0
17043,Cumberland,2022-02,9,-9,0
17043,Cumberland,2022-03,8,-8,0
17043,Cumberland,2022-04,7,-7,0
17043,Cumberland,2022-05,6,-6,0
17043,Cumberland,2022-06,5,-5,0
17043,Cumberland,2022-07,4,-4,0
17043,Cumberland,2022-08,3,-3,0
17043,Cumberland,2022-09,2,-2,0
17043,Cumberland,2022-10,1,-1,0
17043,Cumberland,2022-11,0,0,1
17043,Cumberland,2022-12,-1,1,0
17044,Mifflin,2022-01,10,-10,0
17044,Mifflin,2022-02,9,-9,0
17044,Mifflin,2022-03,8,-8,0
17044,Mifflin,2022-04,7,-7,0
17044,Mifflin,2022-05,6,-6,0
17044,Mifflin,2022-06,5,-5,0
17044,Mifflin,2022-07,4,-4,0
17044,Mifflin,2022-08,3,-3,0
17044,Mifflin,2022-09,2,-2,0
17044,Mifflin,2022-10,1,-1,0
17044,Mifflin,2022-11,0,0,1
17044,Mifflin,2022-12,-1,1,0
17045,Perry,2022-01,10,-10,0
17045,Perry,2022-02,9,-9,0
17045,Perry,2022-03,8,-8,0
17045,Perry,2022-04,7,-7,0
17045,Perry,2022-05,6,-6,0
17045,Perry,2022-06,5,-5,0
17045,Perry,2022-07,4,-4,0
17045,Perry,2022-08,3,-3,0
17045,Perry,2022-09,2,-2,0
17045,Perry,2022-10,1,-1,0
17045,Perry,2022-11,0,0,1
17045,Perry,2022-12,-1,1,0
17046,Lebanon,2022-01,10,-10,0
17046,Lebanon,2022-02,9,-9,0
17046,Lebanon,2022-03,8,-8,0
17046,Lebanon,2022-04,7,-7,0
17046,Lebanon,2022-05,6,-6,0
17046,Lebanon,2022-06,5,-5,0
17046,Lebanon,2022-07,4,-4,0
17046,Lebanon,2022-08,3,-3,0
17046,Lebanon,2022-09,2,-2,0
17046,Lebanon,2022-10,1,-1,0
17046,Lebanon,2022-11,0,0,1
17046,Lebanon,2022-12,-1,1,0
17047,Perry,2022-01,10,-10,0
17047,Perry,2022-02,9,-9,0
17047,Perry,2022-03,8,-8,0
17047,Perry,2022-04,7,-7,0
17047,Perry,2022-05,6,-6,0
17047,Perry,2022-06,5,-5,0
17047,Perry,2022-07,4,-4,0
17047,Perry,2022-08,3,-3,0
17047,Perry,2022-09,2,-2,0
17047,Perry,2022-10,1,-1,0
17047,Perry,2022-11,0,0,1
17047,Perry,2022-12,-1,1,0
17048,Dauphin,2022-01,10,-10,0
17048,Dauphin,2022-02,9,-9,0
17048,Dauphin,2022-03,8,-8,0
17048,Dauphin,2022-04,7,-7,0
17048,Dauphin,2022-05,6,-6,0
17048,Dauphin,2022-06,5,-5,0
17048,Dauphin,2022-07,4,-4,0
17048,Dauphin,2022-08,3,-3,0
17048,Dauphin,2022-09,2,-2,0
17048,Dauphin,2022-10,1,-1,0
17048,Dauphin,2022-11,0,0,1
17048,Dauphin,2022-12,-1,1,0
17049,Juniata,2022-01,10,-10,0
17049,Juniata,2022-02,9,-9,0
17049,Juniata,2022-03,8,-8,0
17049,Juniata,2022-04,7,-7,0
17049,Juniata,2022-05,6,-6,0
17049,Juniata,2022-06,5,-5,0
17049,Juniata,2022-07,4,-4,0
17049,Juniata,2022-08,3,-3,0
17049,Juniata,2022-09,2,-2,0
17049,Juniata,2022-10,1,-1,0
17049,Juniata,2022-11,0,0,1
17049,Juniata,2022-12,-1,1,0
17050,Cumberland,2022-01,10,-10,0
17050,Cumberland,2022-02,9,-9,0
17050,Cumberland,2022-03,8,-8,0
17050,Cumberland,2022-04,7,-7,0
17050,Cumberland,2022-05,6,-6,0
17050,Cumberland,2022-06,5,-5,0
17050,Cumberland,2022-07,4,-4,0
17050,Cumberland,2022-08,3,-3,0
17050,Cumberland,2022-09,2,-2,0
17050,Cumberland,2022-10,1,-1,0
17050,Cumberland,2022-11,0,0,1
17050,Cumberland,2022-12,-1,1,0
17051,Mifflin,2022-01,10,-10,0
17051,Mifflin,2022-02,9,-9,0
17051,Mifflin,2022-03,8,-8,0
17051,Mifflin,2022-04,7,-7,0
17051,Mifflin,2022-05,6,-6,0
17051,Mifflin,2022-06,5,-5,0
17051,Mifflin,2022-07,4,-4,0
17051,Mifflin,2022-08,3,-3,0
17051,Mifflin,2022-09,2,-2,0
17051,Mifflin,2022-10,1,-1,0
17051,Mifflin,2022-11,0,0,1
17051,Mifflin,2022-12,-1,1,0
17052,Huntingdon,2022-01,10,-10,0
17052,Huntingdon,2022-02,9,-9,0
17052,Huntingdon,2022-03,8,-8,0
17052,Huntingdon,2022-04,7,-7,0
17052,Huntingdon,2022-05,6,-6,0
17052,Huntingdon,2022-06,5,-5,0
17052,Huntingdon,2022-07,4,-4,0
17052,Huntingdon,2022-08,3,-3,0
17052,Huntingdon,2022-09,2,-2,0
17052,Huntingdon,2022-10,1,-1,0
17052,Huntingdon,2022-11,0,0,1
17052,Huntingdon,2022-12,-1,1,0
17053,Perry,2022-01,10,-10,0
17053,Perry,2022-02,9,-9,0
17053,Perry,2022-03,8,-8,0
17053,Perry,2022-04,7,-7,0
17053,Perry,2022-05,6,-6,0
17053,Perry,2022-06,5,-5,0
17053,Perry,2022-07,4,-4,0
17053,Perry,2022-08,3,-3,0
17053,Perry,2022-09,2,-2,0
17053,Perry,2022-10,1,-1,0
17053,Perry,2022-11,0,0,1
17053,Perry,2022-12,-1,1,0
17054,Mifflin,2022-01,10,-10,0
17054,Mifflin,2022-02,9,-9,0
17054,Mifflin,2022-03,8,-8,0
17054,Mifflin,2022-04,7,-7,0
17054,Mifflin,2022-05,6,-6,0
17054,Mifflin,2022-06,5,-5,0
17054,Mifflin,2022-07,4,-4,0
17054,Mifflin,2022-08,3,-3,0
17054,Mifflin,2022-09,2,-2,0
17054,Mifflin,2022-10,1,-1,0
17054,Mifflin,2022-11,0,0,1
17054,Mifflin,2022-12,-1,1,0
17055,Cumberland,2022-01,10,-10,0
17055,Cumberland,2022-02,9,-9,0
17055,Cumberland,2022-03,8,-8,0
17055,Cumberland,2022-04,7,-7,0
17055,Cumberland,2022-05,6,-6,0
17055,Cumberland,2022-06,5,-5,0
17055,Cumberland,2022-07,4,-4,0
17055,Cumberland,2022-08,3,-3,0
17055,Cumberland,2022-09,2,-2,0
17055,Cumberland,2022-10,1,-1,0
17055,Cumberland,2022-11,0,0,1
17055,Cumberland,2022-12,-1,1,0
17056,Juniata,2022-01,10,-10,0
17056,Juniata,2022-02,9,-9,0
17056,Juniata,2022-03,8,-8,0
17056,Juniata,2022-04,7,-7,0
17056,Juniata,2022-05,6,-6,0
17056,Juniata,2022-06,5,-5,0
17056,Juniata,2022-07,4,-4,0
17056,Juniata,2022-08,3,-3,0
17056,Juniata,2022-09,2,-2,0
17056,Juniata,2022-10,1,-1,0
17056,Juniata,2022-11,0,0,1
17056,Juniata,2022-12,-1,1,0
17057,Dauphin,2022-01,10,-10,0
17057,Dauphin,2022-02,9,-9,0
17057,Dauphin,2022-03,8,-8,0
17057,Dauphin,2022-04,7,-7,0
17057,Dauphin,2022-05,6,-6,0
17057,Dauphin,2022-06,5,-5,0
17057,Dauphin,2022-07,4,-4,0
17057,Dauphin,2022-08,3,-3,0
17057,Dauphin,2022-09,2,-2,0
17057,Dauphin,2022-10,1,-1,0
17057,Dauphin,2022-11,0,0,1
17057,Dauphin,2022-12,-1,1,0
17058,Juniata,2022-01,10,-10,0
17058,Juniata,2022-02,9,-9,0
17058,Juniata,2022-03,8,-8,0
17058,Juniata,2022-04,7,-7,0
17058,Juniata,2022-05,6,-6,0
17058,Juniata,2022-06,5,-5,0
17058,Juniata,2022-07,4,-4,0
17058,Juniata,2022-08,3,-3,0
17058,Juniata,2022-09,2,-2,0
17058,Juniata,2022-10,1,-1,0
17058,Juniata,2022-11,0,0,1
17058,Juniata,2022-12,-1,1,0
17059,Juniata,2022-01,10,-10,0
17059,Juniata,2022-02,9,-9,0
17059,Juniata,2022-03,8,-8,0
17059,Juniata,2022-04,7,-7,0
17059,Juniata,2022-05,6,-6,0
17059,Juniata,2022-06,5,-5,0
17059,Juniata,2022-07,4,-4,0
17059,Juniata,2022-08,3,-3,0
17059,Juniata,2022-09,2,-2,0
17059,Juniata,2022-10,1,-1,0
17059,Juniata,2022-11,0,0,1
17059,Juniata,2022-12,-1,1,0
17060,Huntingdon,2022-01,10,-10,0
17060,Huntingdon,2022-02,9,-9,0
17060,Huntingdon,2022-03,8,-8,0
17060,Huntingdon,2022-04,7,-7,0
17060,Huntingdon,2022-05,6,-6,0
17060,Huntingdon,2022-06,5,-5,0
17060,Huntingdon,2022-07,4,-4,0
17060,Huntingdon,2022-08,3,-3,0
17060,Huntingdon,2022-09,2,-2,0
17060,Huntingdon,2022-10,1,-1,0
17060,Huntingdon,2022-11,0,0,1
17060,Huntingdon,2022-12,-1,1,0
17061,Dauphin,2022-01,10,-10,0
17061,Dauphin,2022-02,9,-9,0
17061,Dauphin,2022-03,8,-8,0
17061,Dauphin,2022-04,7,-7,0
17061,Dauphin,2022-05,6,-6,0
17061,Dauphin,2022-06,5,-5,0
17061,Dauphin,2022-07,4,-4,0
17061,Dauphin,2022-08,3,-3,0
17061,Dauphin,2022-09,2,-2,0
17061,Dauphin,2022-10,1,-1,0
17061,Dauphin,2022-11,0,0,1
17061,Dauphin,2022-12,-1,1,0
17062,Perry,2022-01,10,-10,0
17062,Perry,2022-02,9,-9,0
17062,Perry,2022-03,8,-8,0
17062,Perry,2022-04,7,-7,0
17062,Perry,2022-05,6,-6,0
17062,Perry,2022-06,5,-5,0
17062,Perry,2022-07,4,-4,0
17062,Perry,2022-08,3,-3,0
17062,Perry,2022-09,2,-2,0
17062,Perry,2022-10,1,-1,0
17062,Perry,2022-11,0,0,1
17062,Perry,2022-12,-1,1,0
17063,Mifflin,2022-01,10,-10,0
17063,Mifflin,2022-02,9,-9,0
17063,Mifflin,2022-03,8,-8,0
17063,Mifflin,2022-04,7,-7,0
17063,Mifflin,2022-05,6,-6,0
17063,Mifflin,2022-06,5,-5,0
17063,Mifflin,2022-07,4,-4,0
17063,Mifflin,2022-08,3,-3,0
17063,Mifflin,2022-09,2,-2,0
17063,Mifflin,2022-10,1,-1,0
17063,Mifflin,2022-11,0,0,1
17063,Mifflin,2022-12,-1,1,0
17064,Lebanon,2022-01,10,-10,0
17064,Lebanon,2022-02,9,-9,0
17064,Lebanon,2022-03,8,-8,0
17064,Lebanon,2022-04,7,-7,0
17064,Lebanon,2022-05,6,-6,0
17064,Lebanon,2022-06,5,-5,0
17064,Lebanon,2022-07,4,-4,0
17064,Lebanon,2022-08,3,-3,0
17064,Lebanon,2022-09,2,-2,0
17064,Lebanon,2022-10,1,-1,0
17064,Lebanon,2022-11,0,0,1
17064,Lebanon,2022-12,-1,1,0
17065,Cumberland,2022-01,10,-10,0
17065,Cumberland,2022-02,9,-9,0
17065,Cumberland,2022-03,8,-8,0
17065,Cumberland,2022-04,7,-7,0
17065,Cumberland,2022-05,6,-6,0
17065,Cumberland,2022-06,5,-5,0
17065,Cumberland,2022-07,4,-4,0
17065,Cumberland,2022-08,3,-3,0
17065,Cumberland,2022-09,2,-2,0
17065,Cumberland,2022-10,1,-1,0
17065,Cumberland,2022-11,0,0,1
17065,Cumberland,2022-12,-1,1,0
17066,Huntingdon,2022-01,10,-10,0
17066,Huntingdon,2022-02,9,-9,0
17066,Huntingdon,2022-03,8,-8,0
17066,Huntingdon,2022-04,7,-7,0
17066,Huntingdon,2022-05,6,-6,0
17066,Huntingdon,2022-06,5,-5,0
17066,Huntingdon,2022-07,4,-4,0
17066,Huntingdon,2022-08,3,-3,0
17066,Huntingdon,2022-09,2,-2,0
17066,Huntingdon,2022-10,1,-1,0
17066,Huntingdon,2022-11,0,0,1
17066,Huntingdon,2022-12,-1,1,0
17067,Lebanon,2022-01,10,-10,0
17067,Lebanon,2022-02,9,-9,0
17067,Lebanon,2022-03,8,-8,0
17067,Lebanon,2022-04,7,-7,0
17067,Lebanon,2022-05,6,-6,0
17067,Lebanon,2022-06,5,-5,0
17067,Lebanon,2022-07,4,-4,0
17067,Lebanon,2022-08,3,-3,0
17067,Lebanon,2022-09,2,-2,0
17067,Lebanon,2022-10,1,-1,0
17067,Lebanon,2022-11,0,0,1
17067,Lebanon,2022-12,-1,1,0
17068,Perry,2022-01,10,-10,0
17068,Perry,2022-02,9,-9,0
17068,Perry,2022-03,8,-8,0
17068,Perry,2022-04,7,-7,0
17068,Perry,2022-05,6,-6,0
17068,Perry,2022-06,5,-5,0
17068,Perry,2022-07,4,-4,0
17068,Perry,2022-08,3,-3,0
17068,Perry,2022-09,2,-2,0
17068,Perry,2022-10,1,-1,0
17068,Perry,2022-11,0,0,1
17068,Perry,2022-12,-1,1,0
17069,Perry,2022-01,10,-10,0
17069,Perry,2022-02,9,-9,0
17069,Perry,2022-03,8,-8,0
17069,Perry,2022-04,7,-7,0
17069,Perry,2022-05,6,-6,0
17069,Perry,2022-06,5,-5,0
17069,Perry,2022-07,4,-4,0
17069,Perry,2022-08,3,-3,0
17069,Perry,2022-09,2,-2,0
17069,Perry,2022-10,1,-1,0
17069,Perry,2022-11,0,0,1
17069,Perry,2022-12,-1,1,0
17070,York,2022-01,10,-10,0
17070,York,2022-02,9,-9,0
17070,York,2022-03,8,-8,0
17070,York,2022-04,7,-7,0
17070,York,2022-05,6,-6,0
17070,York,2022-06,5,-5,0
17070,York,2022-07,4,-4,0
17070,York,2022-08,3,-3,0
17070,York,2022-09,2,-2,0
17070,York,2022-10,1,-1,0
17070,York,2022-11,0,0,1
17070,York,2022-12,-1,1,0
17071,Perry,2022-01,10,-10,0
17071,Perry,2022-02,9,-9,0
17071,Perry,2022-03,8,-8,0
17071,Perry,2022-04,7,-7,0
17071,Perry,2022-05,6,-6,0
17071,Perry,2022-06,5,-5,0
17071,Perry,2022-07,4,-4,0
17071,Perry,2022-08,3,-3,0
17071,Perry,2022-09,2,-2,0
17071,Perry,2022-10,1,-1,0
17071,Perry,2022-11,0,0,1
17071,Perry,2022-12,-1,1,0
17073,Lebanon,2022-01,10,-10,0
17073,Lebanon,2022-02,9,-9,0
17073,Lebanon,2022-03,8,-8,0
17073,Lebanon,2022-04,7,-7,0
17073,Lebanon,2022-05,6,-6,0
17073,Lebanon,2022-06,5,-5,0
17073,Lebanon,2022-07,4,-4,0
17073,Lebanon,2022-08,3,-3,0
17073,Lebanon,2022-09,2,-2,0
17073,Lebanon,2022-10,1,-1,0
17073,Lebanon,2022-11,0,0,1
17073,Lebanon,2022-12,-1,1,0
17074,Perry,2022-01,10,-10,0
17074,Perry,2022-02,9,-9,0
17074,Perry,2022-03,8,-8,0
17074,Perry,2022-04,7,-7,0
17074,Perry,2022-05,6,-6,0
17074,Perry,2022-06,5,-5,0
17074,Perry,2022-07,4,-4,0
17074,Perry,2022-08,3,-3,0
17074,Perry,2022-09,2,-2,0
17074,Perry,2022-10,1,-1,0
17074,Perry,2022-11,0,0,1
17074,Perry,2022-12,-1,1,0
17075,Mifflin,2022-01,10,-10,0
17075,Mifflin,2022-02,9,-9,0
17075,Mifflin,2022-03,8,-8,0
17075,Mifflin,2022-04,7,-7,0
17075,Mifflin,2022-05,6,-6,0
17075,Mifflin,2022-06,5,-5,0
17075,Mifflin,2022-07,4,-4,0
17075,Mifflin,2022-08,3,-3,0
17075,Mifflin,2022-09,2,-2,0
17075,Mifflin,2022-10,1,-1,0
17075,Mifflin,2022-11,0,0,1
17075,Mifflin,2022-12,-1,1,0
17076,Juniata,2022-01,10,-10,0
17076,Juniata,2022-02,9,-9,0
17076,Juniata,2022-03,8,-8,0
17076,Juniata,2022-04,7,-7,0
17076,Juniata,2022-05,6,-6,0
17076,Juniata,2022-06,5,-5,0
17076,Juniata,2022-07,4,-4,0
17076,Juniata,2022-08,3,-3,0
17076,Juniata,2022-09,2,-2,0
17076,Juniata,2022-10,1,-1,0
17076,Juniata,2022-11,0,0,1
17076,Juniata,2022-12,-1,1,0
17077,Lebanon,2022-01,10,-10,0
17077,Lebanon,2022-02,9,-9,0
17077,Lebanon,2022-03,8,-8,0
17077,Lebanon,2022-04,7,-7,0
17077,Lebanon,2022-05,6,-6,0
17077,Lebanon,2022-06,5,-5,0
17077,Lebanon,2022-07,4,-4,0
17077,Lebanon,2022-08,3,-3,0
17077,Lebanon,2022-09,2,-2,0
17077,Lebanon,2022-10,1,-1,0
17077,Lebanon,2022-11,0,0,1
17077,Lebanon,2022-12,-1,1,0
17078,Lebanon,2022-01,10,-10,0
17078,Lebanon,2022-02,9,-9,0
17078,Lebanon,2022-03,8,-8,0
17078,Lebanon,2022-04,7,-7,0
17078,Lebanon,2022-05,6,-6,0
17078,Lebanon,2022-06,5,-5,0
17078,Lebanon,2022-07,4,-4,0
17078,Lebanon,2022-08,3,-3,0
17078,Lebanon,2022-09,2,-2,0
17078,Lebanon,2022-10,1,-1,0
17078,Lebanon,2022-11,0,0,1
17078,Lebanon,2022-12,-1,1,0
17080,Dauphin,2022-01,10,-10,0
17080,Dauphin,2022-02,9,-9,0
17080,Dauphin,2022-03,8,-8,0
17080,Dauphin,2022-04,7,-7,0
17080,Dauphin,2022-05,6,-6,0
17080,Dauphin,2022-06,5,-5,0
17080,Dauphin,2022-07,4,-4,0
17080,Dauphin,2022-08,3,-3,0
17080,Dauphin,2022-09,2,-2,0
17080,Dauphin,2022-10,1,-1,0
17080,Dauphin,2022-11,0,0,1
17080,Dauphin,2022-12,-1,1,0
17081,Cumberland,2022-01,10,-10,0
17081,Cumberland,2022-02,9,-9,0
17081,Cumberland,2022-03,8,-8,0
17081,Cumberland,2022-04,7,-7,0
17081,Cumberland,2022-05,6,-6,0
17081,Cumberland,2022-06,5,-5,0
17081,Cumberland,2022-07,4,-4,0
17081,Cumberland,2022-08,3,-3,0
17081,Cumberland,2022-09,2,-2,0
17081,Cumberland,2022-10,1,-1,0
17081,Cumberland,2022-11,0,0,1
17081,Cumberland,2022-12,-1,1,0
17082,Juniata,2022-01,10,-10,0
17082,Juniata,2022-02,9,-9,0
17082,Juniata,2022-03,8,-8,0
17082,Juniata,2022-04,7,-7,0
17082,Juniata,2022-05,6,-6,0
17082,Juniata,2022-06,5,-5,0
17082,Juniata,2022-07,4,-4,0
17082,Juniata,2022-08,3,-3,0
17082,Juniata,2022-09,2,-2,0
17082,Juniata,2022-10,1,-1,0
17082,Juniata,2022-11,0,0,1
17082,Juniata,2022-12,-1,1,0
17084,Mifflin,2022-01,10,-10,0
17084,Mifflin,2022-02,9,-9,0
17084,Mifflin,2022-03,8,-8,0
17084,Mifflin,2022-04,7,-7,0
17084,Mifflin,2022-05,6,-6,0
17084,Mifflin,2022-06,5,-5,0
17084,Mifflin,2022-07,4,-4,0
17084,Mifflin,2022-08,3,-3,0
17084,Mifflin,2022-09,2,-2,0
17084,Mifflin,2022-10,1,-1,0
17084,Mifflin,2022-11,0,0,1
17084,Mifflin,2022-12,-1,1,0
17086,Snyder,2022-01,10,-10,0
17086,Snyder,2022-02,9,-9,0
17086,Snyder,2022-03,8,-8,0
17086,Snyder,2022-04,7,-7,0
17086,Snyder,2022-05,6,-6,0
17086,Snyder,2022-06,5,-5,0
17086,Snyder,2022-07,4,-4,0
17086,Snyder,2022-08,3,-3,0
17086,Snyder,2022-09,2,-2,0
17086,Snyder,2022-10,1,-1,0
17086,Snyder,2022-11,0,0,1
17086,Snyder,2022-12,-1,1,0
17087,Berks,2022-01,10,-10,0
17087,Berks,2022-02,9,-9,0
17087,Berks,2022-03,8,-8,0
17087,Berks,2022-04,7,-7,0
17087,Berks,2022-05,6,-6,0
17087,Berks,2022-06,5,-5,0
17087,Berks,2022-07,4,-4,0
17087,Berks,2022-08,3,-3,0
17087,Berks,2022-09,2,-2,0
17087,Berks,2022-10,1,-1,0
17087,Berks,2022-11,0,0,1
17087,Berks,2022-12,-1,1,0
17088,Lebanon,2022-01,10,-10,0
17088,Lebanon,2022-02,9,-9,0
17088,Lebanon,2022-03,8,-8,0
17088,Lebanon,2022-04,7,-7,0
17088,Lebanon,2022-05,6,-6,0
17088,Lebanon,2022-06,5,-5,0
17088,Lebanon,2022-07,4,-4,0
17088,Lebanon,2022-08,3,-3,0
17088,Lebanon,2022-09,2,-2,0
17088,Lebanon,2022-10,1,-1,0
17088,Lebanon,2022-11,0,0,1
17088,Lebanon,2022-12,-1,1,0
17090,Perry,2022-01,10,-10,0
17090,Perry,2022-02,9,-9,0
17090,Perry,2022-03,8,-8,0
17090,Perry,2022-04,7,-7,0
17090,Perry,2022-05,6,-6,0
17090,Perry,2022-06,5,-5,0
17090,Perry,2022-07,4,-4,0
17090,Perry,2022-08,3,-3,0
17090,Perry,2022-09,2,-2,0
17090,Perry,2022-10,1,-1,0
17090,Perry,2022-11,0,0,1
17090,Perry,2022-12,-1,1,0
17093,Cumberland,2022-01,10,-10,0
17093,Cumberland,2022-02,9,-9,0
17093,Cumberland,2022-03,8,-8,0
17093,Cumberland,2022-04,7,-7,0
17093,Cumberland,2022-05,6,-6,0
17093,Cumberland,2022-06,5,-5,0
17093,Cumberland,2022-07,4,-4,0
17093,Cumberland,2022-08,3,-3,0
17093,Cumberland,2022-09,2,-2,0
17093,Cumberland,2022-10,1,-1,0
17093,Cumberland,2022-11,0,0,1
17093,Cumberland,2022-12,-1,1,0
17094,Juniata,2022-01,10,-10,0
17094,Juniata,2022-02,9,-9,0
17094,Juniata,2022-03,8,-8,0
17094,Juniata,2022-04,7,-7,0
17094,Juniata,2022-05,6,-6,0
17094,Juniata,2022-06,5,-5,0
17094,Juniata,2022-07,4,-4,0
17094,Juniata,2022-08,3,-3,0
17094,Juniata,2022-09,2,-2,0
17094,Juniata,2022-10,1,-1,0
17094,Juniata,2022-11,0,0,1
17094,Juniata,2022-12,-1,1,0
17097,Dauphin,2022-01,10,-10,0
17097,Dauphin,2022-02,9,-9,0
17097,Dauphin,2022-03,8,-8,0
17097,Dauphin,2022-04,7,-7,0
17097,Dauphin,2022-05,6,-6,0
17097,Dauphin,2022-06,5,-5,0
17097,Dauphin,2022-07,4,-4,0
17097,Dauphin,2022-08,3,-3,0
17097,Dauphin,2022-09,2,-2,0
17097,Dauphin,2022-10,1,-1,0
17097,Dauphin,2022-11,0,0,1
17097,Dauphin,2022-12,-1,1,0
17098,Dauphin,2022-01,10,-10,0
17098,Dauphin,2022-02,9,-9,0
17098,Dauphin,2022-03,8,-8,0
17098,Dauphin,2022-04,7,-7,0
17098,Dauphin,2022-05,6,-6,0
17098,Dauphin,2022-06,5,-5,0
17098,Dauphin,2022-07,4,-4,0
17098,Dauphin,2022-08,3,-3,0
17098,Dauphin,2022-09,2,-2,0
17098,Dauphin,2022-10,1,-1,0
17098,Dauphin,2022-11,0,0,1
17098,Dauphin,2022-12,-1,1,0
17099,Mifflin,2022-01,10,-10,0
17099,Mifflin,2022-02,9,-9,0
17099,Mifflin,2022-03,8,-8,0
17099,Mifflin,2022-04,7,-7,0
17099,Mifflin,2022-05,6,-6,0
17099,Mifflin,2022-06,5,-5,0
17099,Mifflin,2022-07,4,-4,0
17099,Mifflin,2022-08,3,-3,0
17099,Mifflin,2022-09,2,-2,0
17099,Mifflin,2022-10,1,-1,0
17099,Mifflin,2022-11,0,0,1
17099,Mifflin,2022-12,-1,1,0
17101,Dauphin,2022-01,10,-10,0
17101,Dauphin,2022-02,9,-9,0
17101,Dauphin,2022-03,8,-8,0
17101,Dauphin,2022-04,7,-7,0
17101,Dauphin,2022-05,6,-6,0
17101,Dauphin,2022-06,5,-5,0
17101,Dauphin,2022-07,4,-4,0
17101,Dauphin,2022-08,3,-3,0
17101,Dauphin,2022-09,2,-2,0
17101,Dauphin,2022-10,1,-1,0
17101,Dauphin,2022-11,0,0,1
17101,Dauphin,2022-12,-1,1,0
17102,Dauphin,2022-01,10,-10,0
17102,Dauphin,2022-02,9,-9,0
17102,Dauphin,2022-03,8,-8,0
17102,Dauphin,2022-04,7,-7,0
17102,Dauphin,2022-05,6,-6,0
17102,Dauphin,2022-06,5,-5,0
17102,Dauphin,2022-07,4,-4,0
17102,Dauphin,2022-08,3,-3,0
17102,Dauphin,2022-09,2,-2,0
17102,Dauphin,2022-10,1,-1,0
17102,Dauphin,2022-11,0,0,1
17102,Dauphin,2022-12,-1,1,0
17103,Dauphin,2022-01,10,-10,0
17103,Dauphin,2022-02,9,-9,0
17103,Dauphin,2022-03,8,-8,0
17103,Dauphin,2022-04,7,-7,0
17103,Dauphin,2022-05,6,-6,0
17103,Dauphin,2022-06,5,-5,0
17103,Dauphin,2022-07,4,-4,0
17103,Dauphin,2022-08,3,-3,0
17103,Dauphin,2022-09,2,-2,0
17103,Dauphin,2022-10,1,-1,0
17103,Dauphin,2022-11,0,0,1
17103,Dauphin,2022-12,-1,1,0
17104,Dauphin,2022-01,10,-10,0
17104,Dauphin,2022-02,9,-9,0
17104,Dauphin,2022-03,8,-8,0
17104,Dauphin,2022-04,7,-7,0
17104,Dauphin,2022-05,6,-6,0
17104,Dauphin,2022-06,5,-5,0
17104,Dauphin,2022-07,4,-4,0
17104,Dauphin,2022-08,3,-3,0
17104,Dauphin,2022-09,2,-2,0
17104,Dauphin,2022-10,1,-1,0
17104,Dauphin,2022-11,0,0,1
17104,Dauphin,2022-12,-1,1,0
17109,Dauphin,2022-01,10,-10,0
17109,Dauphin,2022-02,9,-9,0
17109,Dauphin,2022-03,8,-8,0
17109,Dauphin,2022-04,7,-7,0
17109,Dauphin,2022-05,6,-6,0
17109,Dauphin,2022-06,5,-5,0
17109,Dauphin,2022-07,4,-4,0
17109,Dauphin,2022-08,3,-3,0
17109,Dauphin,2022-09,2,-2,0
17109,Dauphin,2022-10,1,-1,0
17109,Dauphin,2022-11,0,0,1
17109,Dauphin,2022-12,-1,1,0
17110,Dauphin,2022-01,10,-10,0
17110,Dauphin,2022-02,9,-9,0
17110,Dauphin,2022-03,8,-8,0
17110,Dauphin,2022-04,7,-7,0
17110,Dauphin,2022-05,6,-6,0
17110,Dauphin,2022-06,5,-5,0
17110,Dauphin,2022-07,4,-4,0
17110,Dauphin,2022-08,3,-3,0
17110,Dauphin,2022-09,2,-2,0
17110,Dauphin,2022-10,1,-1,0
17110,Dauphin,2022-11,0,0,1
17110,Dauphin,2022-12,-1,1,0
17111,Dauphin,2022-01,10,-10,0
17111,Dauphin,2022-02,9,-9,0
17111,Dauphin,2022-03,8,-8,0
17111,Dauphin,2022-04,7,-7,0
17111,Dauphin,2022-05,6,-6,0
17111,Dauphin,2022-06,5,-5,0
17111,Dauphin,2022-07,4,-4,0
17111,Dauphin,2022-08,3,-3,0
17111,Dauphin,2022-09,2,-2,0
17111,Dauphin,2022-10,1,-1,0
17111,Dauphin,2022-11,0,0,1
17111,Dauphin,2022-12,-1,1,0
17112,Dauphin,2022-01,10,-10,0
17112,Dauphin,2022-02,9,-9,0
17112,Dauphin,2022-03,8,-8,0
17112,Dauphin,2022-04,7,-7,0
17112,Dauphin,2022-05,6,-6,0
17112,Dauphin,2022-06,5,-5,0
17112,Dauphin,2022-07,4,-4,0
17112,Dauphin,2022-08,3,-3,0
17112,Dauphin,2022-09,2,-2,0
17112,Dauphin,2022-10,1,-1,0
17112,Dauphin,2022-11,0,0,1
17112,Dauphin,2022-12,-1,1,0
17113,Dauphin,2022-01,10,-10,0
17113,Dauphin,2022-02,9,-9,0
17113,Dauphin,2022-03,8,-8,0
17113,Dauphin,2022-04,7,-7,0
17113,Dauphin,2022-05,6,-6,0
17113,Dauphin,2022-06,5,-5,0
17113,Dauphin,2022-07,4,-4,0
17113,Dauphin,2022-08,3,-3,0
17113,Dauphin,2022-09,2,-2,0
17113,Dauphin,2022-10,1,-1,0
17113,Dauphin,2022-11,0,0,1
17113,Dauphin,2022-12,-1,1,0
17120,Dauphin,2022-01,10,-10,0
17120,Dauphin,2022-02,9,-9,0
17120,Dauphin,2022-03,8,-8,0
17120,Dauphin,2022-04,7,-7,0
17120,Dauphin,2022-05,6,-6,0
17120,Dauphin,2022-06,5,-5,0
17120,Dauphin,2022-07,4,-4,0
17120,Dauphin,2022-08,3,-3,0
17120,Dauphin,2022-09,2,-2,0
17120,Dauphin,2022-10,1,-1,0
17120,Dauphin,2022-11,0,0,1
17120,Dauphin,2022-12,-1,1,0
17201,Franklin,2022-01,10,-10,0
17201,Franklin,2022-02,9,-9,0
17201,Franklin,2022-03,8,-8,0
17201,Franklin,2022-04,7,-7,0
17201,Franklin,2022-05,6,-6,0
17201,Franklin,2022-06,5,-5,0
17201,Franklin,2022-07,4,-4,0
17201,Franklin,2022-08,3,-3,0
17201,Franklin,2022-09,2,-2,0
17201,Franklin,2022-10,1,-1,0
17201,Franklin,2022-11,0,0,1
17201,Franklin,2022-12,-1,1,0
17202,Franklin,2022-01,10,-10,0
17202,Franklin,2022-02,9,-9,0
17202,Franklin,2022-03,8,-8,0
17202,Franklin,2022-04,7,-7,0
17202,Franklin,2022-05,6,-6,0
17202,Franklin,2022-06,5,-5,0
17202,Franklin,2022-07,4,-4,0
17202,Franklin,2022-08,3,-3,0
17202,Franklin,2022-09,2,-2,0
17202,Franklin,2022-10,1,-1,0
17202,Franklin,2022-11,0,0,1
17202,Franklin,2022-12,-1,1,0
17210,Franklin,2022-01,10,-10,0
17210,Franklin,2022-02,9,-9,0
17210,Franklin,2022-03,8,-8,0
17210,Franklin,2022-04,7,-7,0
17210,Franklin,2022-05,6,-6,0
17210,Franklin,2022-06,5,-5,0
17210,Franklin,2022-07,4,-4,0
17210,Franklin,2022-08,3,-3,0
17210,Franklin,2022-09,2,-2,0
17210,Franklin,2022-10,1,-1,0
17210,Franklin,2022-11,0,0,1
17210,Franklin,2022-12,-1,1,0
17211,Bedford,2022-01,10,-10,0
17211,Bedford,2022-02,9,-9,0
17211,Bedford,2022-03,8,-8,0
17211,Bedford,2022-04,7,-7,0
17211,Bedford,2022-05,6,-6,0
17211,Bedford,2022-06,5,-5,0
17211,Bedford,2022-07,4,-4,0
17211,Bedford,2022-08,3,-3,0
17211,Bedford,2022-09,2,-2,0
17211,Bedford,2022-10,1,-1,0
17211,Bedford,2022-11,0,0,1
17211,Bedford,2022-12,-1,1,0
17212,Fulton,2022-01,10,-10,0
17212,Fulton,2022-02,9,-9,0
17212,Fulton,2022-03,8,-8,0
17212,Fulton,2022-04,7,-7,0
17212,Fulton,2022-05,6,-6,0
17212,Fulton,2022-06,5,-5,0
17212,Fulton,2022-07,4,-4,0
17212,Fulton,2022-08,3,-3,0
17212,Fulton,2022-09,2,-2,0
17212,Fulton,2022-10,1,-1,0
17212,Fulton,2022-11,0,0,1
17212,Fulton,2022-12,-1,1,0
17213,Huntingdon,2022-01,10,-10,0
17213,Huntingdon,2022-02,9,-9,0
17213,Huntingdon,2022-03,8,-8,0
17213,Huntingdon,2022-04,7,-7,0
17213,Huntingdon,2022-05,6,-6,0
17213,Huntingdon,2022-06,5,-5,0
17213,Huntingdon,2022-07,4,-4,0
17213,Huntingdon,2022-08,3,-3,0
17213,Huntingdon,2022-09,2,-2,0
17213,Huntingdon,2022-10,1,-1,0
17213,Huntingdon,2022-11,0,0,1
17213,Huntingdon,2022-12,-1,1,0
17214,Franklin,2022-01,10,-10,0
17214,Franklin,2022-02,9,-9,0
17214,Franklin,2022-03,8,-8,0
17214,Franklin,2022-04,7,-7,0
17214,Franklin,2022-05,6,-6,0
17214,Franklin,2022-06,5,-5,0
17214,Franklin,2022-07,4,-4,0
17214,Franklin,2022-08,3,-3,0
17214,Franklin,2022-09,2,-2,0
17214,Franklin,2022-10,1,-1,0
17214,Franklin,2022-11,0,0,1
17214,Franklin,2022-12,-1,1,0
17215,Huntingdon,2022-01,10,-10,0
17215,Huntingdon,2022-02,9,-9,0
17215,Huntingdon,2022-03,8,-8,0
17215,Huntingdon,2022-04,7,-7,0
17215,Huntingdon,2022-05,6,-6,0
17215,Huntingdon,2022-06,5,-5,0
17215,Huntingdon,2022-07,4,-4,0
17215,Huntingdon,2022-08,3,-3,0
17215,Huntingdon,2022-09,2,-2,0
17215,Huntingdon,2022-10,1,-1,0
17215,Huntingdon,2022-11,0,0,1
17215,Huntingdon,2022-12,-1,1,0
17217,Franklin,2022-01,10,-10,0
17217,Franklin,2022-02,9,-9,0
17217,Franklin,2022-03,8,-8,0
17217,Franklin,2022-04,7,-7,0
17217,Franklin,2022-05,6,-6,0
17217,Franklin,2022-06,5,-5,0
17217,Franklin,2022-07,4,-4,0
17217,Franklin,2022-08,3,-3,0
17217,Franklin,2022-09,2,-2,0
17217,Franklin,2022-10,1,-1,0
17217,Franklin,2022-11,0,0,1
17217,Franklin,2022-12,-1,1,0
17219,Franklin,2022-01,10,-10,0
17219,Franklin,2022-02,9,-9,0
17219,Franklin,2022-03,8,-8,0
17219,Franklin,2022-04,7,-7,0
17219,Franklin,2022-05,6,-6,0
17219,Franklin,2022-06,5,-5,0
17219,Franklin,2022-07,4,-4,0
17219,Franklin,2022-08,3,-3,0
17219,Franklin,2022-09,2,-2,0
17219,Franklin,2022-10,1,-1,0
17219,Franklin,2022-11,0,0,1
17219,Franklin,2022-12,-1,1,0
17220,Franklin,2022-01,10,-10,0
17220,Franklin,2022-02,9,-9,0
17220,Franklin,2022-03,8,-8,0
17220,Franklin,2022-04,7,-7,0
17220,Franklin,2022-05,6,-6,0
17220,Franklin,2022-06,5,-5,0
17220,Franklin,2022-07,4,-4,0
17220,Franklin,2022-08,3,-3,0
17220,Franklin,2022-09,2,-2,0
17220,Franklin,2022-10,1,-1,0
17220,Franklin,2022-11,0,0,1
17220,Franklin,2022-12,-1,1,0
17221,Franklin,2022-01,10,-10,0
17221,Franklin,2022-02,9,-9,0
17221,Franklin,2022-03,8,-8,0
17221,Franklin,2022-04,7,-7,0
17221,Franklin,2022-05,6,-6,0
17221,Franklin,2022-06,5,-5,0
17221,Franklin,2022-07,4,-4,0
17221,Franklin,2022-08,3,-3,0
17221,Franklin,2022-09,2,-2,0
17221,Franklin,2022-10,1,-1,0
17221,Franklin,2022-11,0,0,1
17221,Franklin,2022-12,-1,1,0
17222,Franklin,2022-01,10,-10,0
17222,Franklin,2022-02,9,-9,0
17222,Franklin,2022-03,8,-8,0
17222,Franklin,2022-04,7,-7,0
17222,Franklin,2022-05,6,-6,0
17222,Franklin,2022-06,5,-5,0
17222,Franklin,2022-07,4,-4,0
17222,Franklin,2022-08,3,-3,0
17222,Franklin,2022-09,2,-2,0
17222,Franklin,2022-10,1,-1,0
17222,Franklin,2022-11,0,0,1
17222,Franklin,2022-12,-1,1,0
17223,Fulton,2022-01,10,-10,0
17223,Fulton,2022-02,9,-9,0
17223,Fulton,2022-03,8,-8,0
17223,Fulton,2022-04,7,-7,0
17223,Fulton,2022-05,6,-6,0
17223,Fulton,2022-06,5,-5,0
17223,Fulton,2022-07,4,-4,0
17223,Fulton,2022-08,3,-3,0
17223,Fulton,2022-09,2,-2,0
17223,Fulton,2022-10,1,-1,0
17223,Fulton,2022-11,0,0,1
17223,Fulton,2022-12,-1,1,0
17224,Franklin,2022-01,10,-10,0
17224,Franklin,2022-02,9,-9,0
17224,Franklin,2022-03,8,-8,0
17224,Franklin,2022-04,7,-7,0
17224,Franklin,2022-05,6,-6,0
17224,Franklin,2022-06,5,-5,0
17224,Franklin,2022-07,4,-4,0
17224,Franklin,2022-08,3,-3,0
17224,Franklin,2022-09,2,-2,0
17224,Franklin,2022-10,1,-1,0
17224,Franklin,2022-11,0,0,1
17224,Franklin,2022-12,-1,1,0
17225,Franklin,2022-01,10,-10,0
17225,Franklin,2022-02,9,-9,0
17225,Franklin,2022-03,8,-8,0
17225,Franklin,2022-04,7,-7,0
17225,Franklin,2022-05,6,-6,0
17225,Franklin,2022-06,5,-5,0
17225,Franklin,2022-07,4,-4,0
17225,Franklin,2022-08,3,-3,0
17225,Franklin,2022-09,2,-2,0
17225,Franklin,2022-10,1,-1,0
17225,Franklin,2022-11,0,0,1
17225,Franklin,2022-12,-1,1,0
17228,Fulton,2022-01,10,-10,0
17228,Fulton,2022-02,9,-9,0
17228,Fulton,2022-03,8,-8,0
17228,Fulton,2022-04,7,-7,0
17228,Fulton,2022-05,6,-6,0
17228,Fulton,2022-06,5,-5,0
17228,Fulton,2022-07,4,-4,0
17228,Fulton,2022-08,3,-3,0
17228,Fulton,2022-09,2,-2,0
17228,Fulton,2022-10,1,-1,0
17228,Fulton,2022-11,0,0,1
17228,Fulton,2022-12,-1,1,0
17229,Fulton,2022-01,10,-10,0
17229,Fulton,2022-02,9,-9,0
17229,Fulton,2022-03,8,-8,0
17229,Fulton,2022-04,7,-7,0
17229,Fulton,2022-05,6,-6,0
17229,Fulton,2022-06,5,-5,0
17229,Fulton,2022-07,4,-4,0
17229,Fulton,2022-08,3,-3,0
17229,Fulton,2022-09,2,-2,0
17229,Fulton,2022-10,1,-1,0
17229,Fulton,2022-11,0,0,1
17229,Fulton,2022-12,-1,1,0
17232,Franklin,2022-01,10,-10,0
17232,Franklin,2022-02,9,-9,0
17232,Franklin,2022-03,8,-8,0
17232,Franklin,2022-04,7,-7,0
17232,Franklin,2022-05,6,-6,0
17232,Franklin,2022-06,5,-5,0
17232,Franklin,2022-07,4,-4,0
17232,Franklin,2022-08,3,-3,0
17232,Franklin,2022-09,2,-2,0
17232,Franklin,2022-10,1,-1,0
17232,Franklin,2022-11,0,0,1
17232,Franklin,2022-12,-1,1,0
17233,Fulton,2022-01,10,-10,0
17233,Fulton,2022-02,9,-9,0
17233,Fulton,2022-03,8,-8,0
17233,Fulton,2022-04,7,-7,0
17233,Fulton,2022-05,6,-6,0
17233,Fulton,2022-06,5,-5,0
17233,Fulton,2022-07,4,-4,0
17233,Fulton,2022-08,3,-3,0
17233,Fulton,2022-09,2,-2,0
17233,Fulton,2022-10,1,-1,0
17233,Fulton,2022-11,0,0,1
17233,Fulton,2022-12,-1,1,0
17235,Franklin,2022-01,10,-10,0
17235,Franklin,2022-02,9,-9,0
17235,Franklin,2022-03,8,-8,0
17235,Franklin,2022-04,7,-7,0
17235,Franklin,2022-05,6,-6,0
17235,Franklin,2022-06,5,-5,0
17235,Franklin,2022-07,4,-4,0
17235,Franklin,2022-08,3,-3,0
17235,Franklin,2022-09,2,-2,0
17235,Franklin,2022-10,1,-1,0
17235,Franklin,2022-11,0,0,1
17235,Franklin,2022-12,-1,1,0
17236,Franklin,2022-01,10,-10,0
17236,Franklin,2022-02,9,-9,0
17236,Franklin,2022-03,8,-8,0
17236,Franklin,2022-04,7,-7,0
17236,Franklin,2022-05,6,-6,0
17236,Franklin,2022-06,5,-5,0
17236,Franklin,2022-07,4,-4,0
17236,Franklin,2022-08,3,-3,0
17236,Franklin,2022-09,2,-2,0
17236,Franklin,2022-10,1,-1,0
17236,Franklin,2022-11,0,0,1
17236,Franklin,2022-12,-1,1,0
17237,Franklin,2022-01,10,-10,0
17237,Franklin,2022-02,9,-9,0
17237,Franklin,2022-03,8,-8,0
17237,Franklin,2022-04,7,-7,0
17237,Franklin,2022-05,6,-6,0
17237,Franklin,2022-06,5,-5,0
17237,Franklin,2022-07,4,-4,0
17237,Franklin,2022-08,3,-3,0
17237,Franklin,2022-09,2,-2,0
17237,Franklin,2022-10,1,-1,0
17237,Franklin,2022-11,0,0,1
17237,Franklin,2022-12,-1,1,0
17238,Fulton,2022-01,10,-10,0
17238,Fulton,2022-02,9,-9,0
17238,Fulton,2022-03,8,-8,0
17238,Fulton,2022-04,7,-7,0
17238,Fulton,2022-05,6,-6,0
17238,Fulton,2022-06,5,-5,0
17238,Fulton,2022-07,4,-4,0
17238,Fulton,2022-08,3,-3,0
17238,Fulton,2022-09,2,-2,0
17238,Fulton,2022-10,1,-1,0
17238,Fulton,2022-11,0,0,1
17238,Fulton,2022-12,-1,1,0
17239,Huntingdon,2022-01,10,-10,0
17239,Huntingdon,2022-02,9,-9,0
17239,Huntingdon,2022-03,8,-8,0
17239,Huntingdon,2022-04,7,-7,0
17239,Huntingdon,2022-05,6,-6,0
17239,Huntingdon,2022-06,5,-5,0
17239,Huntingdon,2022-07,4,-4,0
17239,Huntingdon,2022-08,3,-3,0
17239,Huntingdon,2022-09,2,-2,0
17239,Huntingdon,2022-10,1,-1,0
17239,Huntingdon,2022-11,0,0,1
17239,Huntingdon,2022-12,-1,1,0
17240,Cumberland,2022-01,10,-10,0
17240,Cumberland,2022-02,9,-9,0
17240,Cumberland,2022-03,8,-8,0
17240,Cumberland,2022-04,7,-7,0
17240,Cumberland,2022-05,6,-6,0
17240,Cumberland,2022-06,5,-5,0
17240,Cumberland,2022-07,4,-4,0
17240,Cumberland,2022-08,3,-3,0
17240,Cumberland,2022-09,2,-2,0
17240,Cumberland,2022-10,1,-1,0
17240,Cumberland,2022-11,0,0,1
17240,Cumberland,2022-12,-1,1,0
17241,Cumberland,2022-01,10,-10,0
17241,Cumberland,2022-02,9,-9,0
17241,Cumberland,2022-03,8,-8,0
17241,Cumberland,2022-04,7,-7,0
17241,Cumberland,2022-05,6,-6,0
17241,Cumberland,2022-06,5,-5,0
17241,Cumberland,2022-07,4,-4,0
17241,Cumberland,2022-08,3,-3,0
17241,Cumberland,2022-09,2,-2,0
17241,Cumberland,2022-10,1,-1,0
17241,Cumberland,2022-11,0,0,1
17241,Cumberland,2022-12,-1,1,0
17243,Huntingdon,2022-01,10,-10,0
17243,Huntingdon,2022-02,9,-9,0
17243,Huntingdon,2022-03,8,-8,0
17243,Huntingdon,2022-04,7,-7,0
17243,Huntingdon,2022-05,6,-6,0
17243,Huntingdon,2022-06,5,-5,0
17243,Huntingdon,2022-07,4,-4,0
17243,Huntingdon,2022-08,3,-3,0
17243,Huntingdon,2022-09,2,-2,0
17243,Huntingdon,2022-10,1,-1,0
17243,Huntingdon,2022-11,0,0,1
17243,Huntingdon,2022-12,-1,1,0
17244,Franklin,2022-01,10,-10,0
17244,Franklin,2022-02,9,-9,0
17244,Franklin,2022-03,8,-8,0
17244,Franklin,2022-04,7,-7,0
17244,Franklin,2022-05,6,-6,0
17244,Franklin,2022-06,5,-5,0
17244,Franklin,2022-07,4,-4,0
17244,Franklin,2022-08,3,-3,0
17244,Franklin,2022-09,2,-2,0
17244,Franklin,2022-10,1,-1,0
17244,Franklin,2022-11,0,0,1
17244,Franklin,2022-12,-1,1,0
17246,Franklin,2022-01,10,-10,0
17246,Franklin,2022-02,9,-9,0
17246,Franklin,2022-03,8,-8,0
17246,Franklin,2022-04,7,-7,0
17246,Franklin,2022-05,6,-6,0
17246,Franklin,2022-06,5,-5,0
17246,Franklin,2022-07,4,-4,0
17246,Franklin,2022-08,3,-3,0
17246,Franklin,2022-09,2,-2,0
17246,Franklin,2022-10,1,-1,0
17246,Franklin,2022-11,0,0,1
17246,Franklin,2022-12,-1,1,0
17247,Franklin,2022-01,10,-10,0
17247,Franklin,2022-02,9,-9,0
17247,Franklin,2022-03,8,-8,0
17247,Franklin,2022-04,7,-7,0
17247,Franklin,2022-05,6,-6,0
17247,Franklin,2022-06,5,-5,0
17247,Franklin,2022-07,4,-4,0
17247,Franklin,2022-08,3,-3,0
17247,Franklin,2022-09,2,-2,0
17247,Franklin,2022-10,1,-1,0
17247,Franklin,2022-11,0,0,1
17247,Franklin,2022-12,-1,1,0
17249,Huntingdon,2022-01,10,-10,0
17249,Huntingdon,2022-02,9,-9,0
17249,Huntingdon,2022-03,8,-8,0
17249,Huntingdon,2022-04,7,-7,0
17249,Huntingdon,2022-05,6,-6,0
17249,Huntingdon,2022-06,5,-5,0
17249,Huntingdon,2022-07,4,-4,0
17249,Huntingdon,2022-08,3,-3,0
17249,Huntingdon,2022-09,2,-2,0
17249,Huntingdon,2022-10,1,-1,0
17249,Huntingdon,2022-11,0,0,1
17249,Huntingdon,2022-12,-1,1,0
17250,Franklin,2022-01,10,-10,0
17250,Franklin,2022-02,9,-9,0
17250,Franklin,2022-03,8,-8,0
17250,Franklin,2022-04,7,-7,0
17250,Franklin,2022-05,6,-6,0
17250,Franklin,2022-06,5,-5,0
17250,Franklin,2022-07,4,-4,0
17250,Franklin,2022-08,3,-3,0
17250,Franklin,2022-09,2,-2,0
17250,Franklin,2022-10,1,-1,0
17250,Franklin,2022-11,0,0,1
17250,Franklin,2022-12,-1,1,0
17251,Franklin,2022-01,10,-10,0
17251,Franklin,2022-02,9,-9,0
17251,Franklin,2022-03,8,-8,0
17251,Franklin,2022-04,7,-7,0
17251,Franklin,2022-05,6,-6,0
17251,Franklin,2022-06,5,-5,0
17251,Franklin,2022-07,4,-4,0
17251,Franklin,2022-08,3,-3,0
17251,Franklin,2022-09,2,-2,0
17251,Franklin,2022-10,1,-1,0
17251,Franklin,2022-11,0,0,1
17251,Franklin,2022-12,-1,1,0
17252,Franklin,2022-01,10,-10,0
17252,Franklin,2022-02,9,-9,0
17252,Franklin,2022-03,8,-8,0
17252,Franklin,2022-04,7,-7,0
17252,Franklin,2022-05,6,-6,0
17252,Franklin,2022-06,5,-5,0
17252,Franklin,2022-07,4,-4,0
17252,Franklin,2022-08,3,-3,0
17252,Franklin,2022-09,2,-2,0
17252,Franklin,2022-10,1,-1,0
17252,Franklin,2022-11,0,0,1
17252,Franklin,2022-12,-1,1,0
17253,Huntingdon,2022-01,10,-10,0
17253,Huntingdon,2022-02,9,-9,0
17253,Huntingdon,2022-03,8,-8,0
17253,Huntingdon,2022-04,7,-7,0
17253,Huntingdon,2022-05,6,-6,0
17253,Huntingdon,2022-06,5,-5,0
17253,Huntingdon,2022-07,4,-4,0
17253,Huntingdon,2022-08,3,-3,0
17253,Huntingdon,2022-09,2,-2,0
17253,Huntingdon,2022-10,1,-1,0
17253,Huntingdon,2022-11,0,0,1
17253,Huntingdon,2022-12,-1,1,0
17254,Franklin,2022-01,10,-10,0
17254,Franklin,2022-02,9,-9,0
17254,Franklin,2022-03,8,-8,0
17254,Franklin,2022-04,7,-7,0
17254,Franklin,2022-05,6,-6,0
17254,Franklin,2022-06,5,-5,0
17254,Franklin,2022-07,4,-4,0
17254,Franklin,2022-08,3,-3,0
17254,Franklin,2022-09,2,-2,0
17254,Franklin,2022-10,1,-1,0
17254,Franklin,2022-11,0,0,1
17254,Franklin,2022-12,-1,1,0
17255,Huntingdon,2022-01,10,-10,0
17255,Huntingdon,2022-02,9,-9,0
17255,Huntingdon,2022-03,8,-8,0
17255,Huntingdon,2022-04,7,-7,0
17255,Huntingdon,2022-05,6,-6,0
17255,Huntingdon,2022-06,5,-5,0
17255,Huntingdon,2022-07,4,-4,0
17255,Huntingdon,2022-08,3,-3,0
17255,Huntingdon,2022-09,2,-2,0
17255,Huntingdon,2022-10,1,-1,0
17255,Huntingdon,2022-11,0,0,1
17255,Huntingdon,2022-12,-1,1,0
17257,Cumberland,2022-01,10,-10,0
17257,Cumberland,2022-02,9,-9,0
17257,Cumberland,2022-03,8,-8,0
17257,Cumberland,2022-04,7,-7,0
17257,Cumberland,2022-05,6,-6,0
17257,Cumberland,2022-06,5,-5,0
17257,Cumberland,2022-07,4,-4,0
17257,Cumberland,2022-08,3,-3,0
17257,Cumberland,2022-09,2,-2,0
17257,Cumberland,2022-10,1,-1,0
17257,Cumberland,2022-11,0,0,1
17257,Cumberland,2022-12,-1,1,0
17260,Huntingdon,2022-01,10,-10,0
17260,Huntingdon,2022-02,9,-9,0
17260,Huntingdon,2022-03,8,-8,0
17260,Huntingdon,2022-04,7,-7,0
17260,Huntingdon,2022-05,6,-6,0
17260,Huntingdon,2022-06,5,-5,0
17260,Huntingdon,2022-07,4,-4,0
17260,Huntingdon,2022-08,3,-3,0
17260,Huntingdon,2022-09,2,-2,0
17260,Huntingdon,2022-10,1,-1,0
17260,Huntingdon,2022-11,0,0,1
17260,Huntingdon,2022-12,-1,1,0
17261,Franklin,2022-01,10,-10,0
17261,Franklin,2022-02,9,-9,0
17261,Franklin,2022-03,8,-8,0
17261,Franklin,2022-04,7,-7,0
17261,Franklin,2022-05,6,-6,0
17261,Franklin,2022-06,5,-5,0
17261,Franklin,2022-07,4,-4,0
17261,Franklin,2022-08,3,-3,0
17261,Franklin,2022-09,2,-2,0
17261,Franklin,2022-10,1,-1,0
17261,Franklin,2022-11,0,0,1
17261,Franklin,2022-12,-1,1,0
17262,Franklin,2022-01,10,-10,0
17262,Franklin,2022-02,9,-9,0
17262,Franklin,2022-03,8,-8,0
17262,Franklin,2022-04,7,-7,0
17262,Franklin,2022-05,6,-6,0
17262,Franklin,2022-06,5,-5,0
17262,Franklin,2022-07,4,-4,0
17262,Franklin,2022-08,3,-3,0
17262,Franklin,2022-09,2,-2,0
17262,Franklin,2022-10,1,-1,0
17262,Franklin,2022-11,0,0,1
17262,Franklin,2022-12,-1,1,0
17263,Franklin,2022-01,10,-10,0
17263,Franklin,2022-02,9,-9,0
17263,Franklin,2022-03,8,-8,0
17263,Franklin,2022-04,7,-7,0
17263,Franklin,2022-05,6,-6,0
17263,Franklin,2022-06,5,-5,0
17263,Franklin,2022-07,4,-4,0
17263,Franklin,2022-08,3,-3,0
17263,Franklin,2022-09,2,-2,0
17263,Franklin,2022-10,1,-1,0
17263,Franklin,2022-11,0,0,1
17263,Franklin,2022-12,-1,1,0
17264,Huntingdon,2022-01,10,-10,0
17264,Huntingdon,2022-02,9,-9,0
17264,Huntingdon,2022-03,8,-8,0
17264,Huntingdon,2022-04,7,-7,0
17264,Huntingdon,2022-05,6,-6,0
17264,Huntingdon,2022-06,5,-5,0
17264,Huntingdon,2022-07,4,-4,0
17264,Huntingdon,2022-08,3,-3,0
17264,Huntingdon,2022-09,2,-2,0
17264,Huntingdon,2022-10,1,-1,0
17264,Huntingdon,2022-11,0,0,1
17264,Huntingdon,2022-12,-1,1,0
17265,Franklin,2022-01,10,-10,0
17265,Franklin,2022-02,9,-9,0
17265,Franklin,2022-03,8,-8,0
17265,Franklin,2022-04,7,-7,0
17265,Franklin,2022-05,6,-6,0
17265,Franklin,2022-06,5,-5,0
17265,Franklin,2022-07,4,-4,0
17265,Franklin,2022-08,3,-3,0
17265,Franklin,2022-09,2,-2,0
17265,Franklin,2022-10,1,-1,0
17265,Franklin,2022-11,0,0,1
17265,Franklin,2022-12,-1,1,0
17266,Cumberland,2022-01,10,-10,0
17266,Cumberland,2022-02,9,-9,0
17266,Cumberland,2022-03,8,-8,0
17266,Cumberland,2022-04,7,-7,0
17266,Cumberland,2022-05,6,-6,0
17266,Cumberland,2022-06,5,-5,0
17266,Cumberland,2022-07,4,-4,0
17266,Cumberland,2022-08,3,-3,0
17266,Cumberland,2022-09,2,-2,0
17266,Cumberland,2022-10,1,-1,0
17266,Cumberland,2022-11,0,0,1
17266,Cumberland,2022-12,-1,1,0
17267,Fulton,2022-01,10,-10,0
17267,Fulton,2022-02,9,-9,0
17267,Fulton,2022-03,8,-8,0
17267,Fulton,2022-04,7,-7,0
17267,Fulton,2022-05,6,-6,0
17267,Fulton,2022-06,5,-5,0
17267,Fulton,2022-07,4,-4,0
17267,Fulton,2022-08,3,-3,0
17267,Fulton,2022-09,2,-2,0
17267,Fulton,2022-10,1,-1,0
17267,Fulton,2022-11,0,0,1
17267,Fulton,2022-12,-1,1,0
17268,Franklin,2022-01,10,-10,0
17268,Franklin,2022-02,9,-9,0
17268,Franklin,2022-03,8,-8,0
17268,Franklin,2022-04,7,-7,0
17268,Franklin,2022-05,6,-6,0
17268,Franklin,2022-06,5,-5,0
17268,Franklin,2022-07,4,-4,0
17268,Franklin,2022-08,3,-3,0
17268,Franklin,2022-09,2,-2,0
17268,Franklin,2022-10,1,-1,0
17268,Franklin,2022-11,0,0,1
17268,Franklin,2022-12,-1,1,0
17271,Franklin,2022-01,10,-10,0
17271,Franklin,2022-02,9,-9,0
17271,Franklin,2022-03,8,-8,0
17271,Franklin,2022-04,7,-7,0
17271,Franklin,2022-05,6,-6,0
17271,Franklin,2022-06,5,-5,0
17271,Franklin,2022-07,4,-4,0
17271,Franklin,2022-08,3,-3,0
17271,Franklin,2022-09,2,-2,0
17271,Franklin,2022-10,1,-1,0
17271,Franklin,2022-11,0,0,1
17271,Franklin,2022-12,-1,1,0
17301,Adams,2022-01,10,-10,0
17301,Adams,2022-02,9,-9,0
17301,Adams,2022-03,8,-8,0
17301,Adams,2022-04,7,-7,0
17301,Adams,2022-05,6,-6,0
17301,Adams,2022-06,5,-5,0
17301,Adams,2022-07,4,-4,0
17301,Adams,2022-08,3,-3,0
17301,Adams,2022-09,2,-2,0
17301,Adams,2022-10,1,-1,0
17301,Adams,2022-11,0,0,1
17301,Adams,2022-12,-1,1,0
17302,York,2022-01,10,-10,0
17302,York,2022-02,9,-9,0
17302,York,2022-03,8,-8,0
17302,York,2022-04,7,-7,0
17302,York,2022-05,6,-6,0
17302,York,2022-06,5,-5,0
17302,York,2022-07,4,-4,0
17302,York,2022-08,3,-3,0
17302,York,2022-09,2,-2,0
17302,York,2022-10,1,-1,0
17302,York,2022-11,0,0,1
17302,York,2022-12,-1,1,0
17303,Adams,2022-01,10,-10,0
17303,Adams,2022-02,9,-9,0
17303,Adams,2022-03,8,-8,0
17303,Adams,2022-04,7,-7,0
17303,Adams,2022-05,6,-6,0
17303,Adams,2022-06,5,-5,0
17303,Adams,2022-07,4,-4,0
17303,Adams,2022-08,3,-3,0
17303,Adams,2022-09,2,-2,0
17303,Adams,2022-10,1,-1,0
17303,Adams,2022-11,0,0,1
17303,Adams,2022-12,-1,1,0
17304,Adams,2022-01,10,-10,0
17304,Adams,2022-02,9,-9,0
17304,Adams,2022-03,8,-8,0
17304,Adams,2022-04,7,-7,0
17304,Adams,2022-05,6,-6,0
17304,Adams,2022-06,5,-5,0
17304,Adams,2022-07,4,-4,0
17304,Adams,2022-08,3,-3,0
17304,Adams,2022-09,2,-2,0
17304,Adams,2022-10,1,-1,0
17304,Adams,2022-11,0,0,1
17304,Adams,2022-12,-1,1,0
17306,Adams,2022-01,10,-10,0
17306,Adams,2022-02,9,-9,0
17306,Adams,2022-03,8,-8,0
17306,Adams,2022-04,7,-7,0
17306,Adams,2022-05,6,-6,0
17306,Adams,2022-06,5,-5,0
17306,Adams,2022-07,4,-4,0
17306,Adams,2022-08,3,-3,0
17306,Adams,2022-09,2,-2,0
17306,Adams,2022-10,1,-1,0
17306,Adams,2022-11,0,0,1
17306,Adams,2022-12,-1,1,0
17307,Adams,2022-01,10,-10,0
17307,Adams,2022-02,9,-9,0
17307,Adams,2022-03,8,-8,0
17307,Adams,2022-04,7,-7,0
17307,Adams,2022-05,6,-6,0
17307,Adams,2022-06,5,-5,0
17307,Adams,2022-07,4,-4,0
17307,Adams,2022-08,3,-3,0
17307,Adams,2022-09,2,-2,0
17307,Adams,2022-10,1,-1,0
17307,Adams,2022-11,0,0,1
17307,Adams,2022-12,-1,1,0
17309,York,2022-01,10,-10,0
17309,York,2022-02,9,-9,0
17309,York,2022-03,8,-8,0
17309,York,2022-04,7,-7,0
17309,York,2022-05,6,-6,0
17309,York,2022-06,5,-5,0
17309,York,2022-07,4,-4,0
17309,York,2022-08,3,-3,0
17309,York,2022-09,2,-2,0
17309,York,2022-10,1,-1,0
17309,York,2022-11,0,0,1
17309,York,2022-12,-1,1,0
17311,York,2022-01,10,-10,0
17311,York,2022-02,9,-9,0
17311,York,2022-03,8,-8,0
17311,York,2022-04,7,-7,0
17311,York,2022-05,6,-6,0
17311,York,2022-06,5,-5,0
17311,York,2022-07,4,-4,0
17311,York,2022-08,3,-3,0
17311,York,2022-09,2,-2,0
17311,York,2022-10,1,-1,0
17311,York,2022-11,0,0,1
17311,York,2022-12,-1,1,0
17313,York,2022-01,10,-10,0
17313,York,2022-02,9,-9,0
17313,York,2022-03,8,-8,0
17313,York,2022-04,7,-7,0
17313,York,2022-05,6,-6,0
17313,York,2022-06,5,-5,0
17313,York,2022-07,4,-4,0
17313,York,2022-08,3,-3,0
17313,York,2022-09,2,-2,0
17313,York,2022-10,1,-1,0
17313,York,2022-11,0,0,1
17313,York,2022-12,-1,1,0
17314,York,2022-01,10,-10,0
17314,York,2022-02,9,-9,0
17314,York,2022-03,8,-8,0
17314,York,2022-04,7,-7,0
17314,York,2022-05,6,-6,0
17314,York,2022-06,5,-5,0
17314,York,2022-07,4,-4,0
17314,York,2022-08,3,-3,0
17314,York,2022-09,2,-2,0
17314,York,2022-10,1,-1,0
17314,York,2022-11,0,0,1
17314,York,2022-12,-1,1,0
17315,York,2022-01,10,-10,0
17315,York,2022-02,9,-9,0
17315,York,2022-03,8,-8,0
17315,York,2022-04,7,-7,0
17315,York,2022-05,6,-6,0
17315,York,2022-06,5,-5,0
17315,York,2022-07,4,-4,0
17315,York,2022-08,3,-3,0
17315,York,2022-09,2,-2,0
17315,York,2022-10,1,-1,0
17315,York,2022-11,0,0,1
17315,York,2022-12,-1,1,0
17316,Adams,2022-01,10,-10,0
17316,Adams,2022-02,9,-9,0
17316,Adams,2022-03,8,-8,0
17316,Adams,2022-04,7,-7,0
17316,Adams,2022-05,6,-6,0
17316,Adams,2022-06,5,-5,0
17316,Adams,2022-07,4,-4,0
17316,Adams,2022-08,3,-3,0
17316,Adams,2022-09,2,-2,0
17316,Adams,2022-10,1,-1,0
17316,Adams,2022-11,0,0,1
17316,Adams,2022-12,-1,1,0
17317,York,2022-01,10,-10,0
17317,York,2022-02,9,-9,0
17317,York,2022-03,8,-8,0
17317,York,2022-04,7,-7,0
17317,York,2022-05,6,-6,0
17317,York,2022-06,5,-5,0
17317,York,2022-07,4,-4,0
17317,York,2022-08,3,-3,0
17317,York,2022-09,2,-2,0
17317,York,2022-10,1,-1,0
17317,York,2022-11,0,0,1
17317,York,2022-12,-1,1,0
17318,York,2022-01,10,-10,0
17318,York,2022-02,9,-9,0
17318,York,2022-03,8,-8,0
17318,York,2022-04,7,-7,0
17318,York,2022-05,6,-6,0
17318,York,2022-06,5,-5,0
17318,York,2022-07,4,-4,0
17318,York,2022-08,3,-3,0
17318,York,2022-09,2,-2,0
17318,York,2022-10,1,-1,0
17318,York,2022-11,0,0,1
17318,York,2022-12,-1,1,0
17319,York,2022-01,10,-10,0
17319,York,2022-02,9,-9,0
17319,York,2022-03,8,-8,0
17319,York,2022-04,7,-7,0
17319,York,2022-05,6,-6,0
17319,York,2022-06,5,-5,0
17319,York,2022-07,4,-4,0
17319,York,2022-08,3,-3,0
17319,York,2022-09,2,-2,0
17319,York,2022-10,1,-1,0
17319,York,2022-11,0,0,1
17319,York,2022-12,-1,1,0
17320,Adams,2022-01,10,-10,0
17320,Adams,2022-02,9,-9,0
17320,Adams,2022-03,8,-8,0
17320,Adams,2022-04,7,-7,0
17320,Adams,2022-05,6,-6,0
17320,Adams,2022-06,5,-5,0
17320,Adams,2022-07,4,-4,0
17320,Adams,2022-08,3,-3,0
17320,Adams,2022-09,2,-2,0
17320,Adams,2022-10,1,-1,0
17320,Adams,2022-11,0,0,1
17320,Adams,2022-12,-1,1,0
17321,York,2022-01,10,-10,0
17321,York,2022-02,9,-9,0
17321,York,2022-03,8,-8,0
17321,York,2022-04,7,-7,0
17321,York,2022-05,6,-6,0
17321,York,2022-06,5,-5,0
17321,York,2022-07,4,-4,0
17321,York,2022-08,3,-3,0
17321,York,2022-09,2,-2,0
17321,York,2022-10,1,-1,0
17321,York,2022-11,0,0,1
17321,York,2022-12,-1,1,0
17322,York,2022-01,10,-10,0
17322,York,2022-02,9,-9,0
17322,York,2022-03,8,-8,0
17322,York,2022-04,7,-7,0
17322,York,2022-05,6,-6,0
17322,York,2022-06,5,-5,0
17322,York,2022-07,4,-4,0
17322,York,2022-08,3,-3,0
17322,York,2022-09,2,-2,0
17322,York,2022-10,1,-1,0
17322,York,2022-11,0,0,1
17322,York,2022-12,-1,1,0
17323,York,2022-01,10,-10,0
17323,York,2022-02,9,-9,0
17323,York,2022-03,8,-8,0
17323,York,2022-04,7,-7,0
17323,York,2022-05,6,-6,0
17323,York,2022-06,5,-5,0
17323,York,2022-07,4,-4,0
17323,York,2022-08,3,-3,0
17323,York,2022-09,2,-2,0
17323,York,2022-10,1,-1,0
17323,York,2022-11,0,0,1
17323,York,2022-12,-1,1,0
17324,Cumberland,2022-01,10,-10,0
17324,Cumberland,2022-02,9,-9,0
17324,Cumberland,2022-03,8,-8,0
17324,Cumberland,2022-04,7,-7,0
17324,Cumberland,2022-05,6,-6,0
17324,Cumberland,2022-06,5,-5,0
17324,Cumberland,2022-07,4,-4,0
17324,Cumberland,2022-08,3,-3,0
17324,Cumberland,2022-09,2,-2,0
17324,Cumberland,2022-10,1,-1,0
17324,Cumberland,2022-11,0,0,1
17324,Cumberland,2022-12,-1,1,0
17325,Adams,2022-01,10,-10,0
17325,Adams,2022-02,9,-9,0
17325,Adams,2022-03,8,-8,0
17325,Adams,2022-04,7,-7,0
17325,Adams,2022-05,6,-6,0
17325,Adams,2022-06,5,-5,0
17325,Adams,2022-07,4,-4,0
17325,Adams,2022-08,3,-3,0
17325,Adams,2022-09,2,-2,0
17325,Adams,2022-10,1,-1,0
17325,Adams,2022-11,0,0,1
17325,Adams,2022-12,-1,1,0
17327,York,2022-01,10,-10,0
17327,York,2022-02,9,-9,0
17327,York,2022-03,8,-8,0
17327,York,2022-04,7,-7,0
17327,York,2022-05,6,-6,0
17327,York,2022-06,5,-5,0
17327,York,2022-07,4,-4,0
17327,York,2022-08,3,-3,0
17327,York,2022-09,2,-2,0
17327,York,2022-10,1,-1,0
17327,York,2022-11,0,0,1
17327,York,2022-12,-1,1,0
17329,York,2022-01,10,-10,0
17329,York,2022-02,9,-9,0
17329,York,2022-03,8,-8,0
17329,York,2022-04,7,-7,0
17329,York,2022-05,6,-6,0
17329,York,2022-06,5,-5,0
17329,York,2022-07,4,-4,0
17329,York,2022-08,3,-3,0
17329,York,2022-09,2,-2,0
17329,York,2022-10,1,-1,0
17329,York,2022-11,0,0,1
17329,York,2022-12,-1,1,0
17331,York,2022-01,10,-10,0
17331,York,2022-02,9,-9,0
17331,York,2022-03,8,-8,0
17331,York,2022-04,7,-7,0
17331,York,2022-05,6,-6,0
17331,York,2022-06,5,-5,0
17331,York,2022-07,4,-4,0
17331,York,2022-08,3,-3,0
17331,York,2022-09,2,-2,0
17331,York,2022-10,1,-1,0
17331,York,2022-11,0,0,1
17331,York,2022-12,-1,1,0
17339,York,2022-01,10,-10,0
17339,York,2022-02,9,-9,0
17339,York,2022-03,8,-8,0
17339,York,2022-04,7,-7,0
17339,York,2022-05,6,-6,0
17339,York,2022-06,5,-5,0
17339,York,2022-07,4,-4,0
17339,York,2022-08,3,-3,0
17339,York,2022-09,2,-2,0
17339,York,2022-10,1,-1,0
17339,York,2022-11,0,0,1
17339,York,2022-12,-1,1,0
17340,Adams,2022-01,10,-10,0
17340,Adams,2022-02,9,-9,0
17340,Adams,2022-03,8,-8,0
17340,Adams,2022-04,7,-7,0
17340,Adams,2022-05,6,-6,0
17340,Adams,2022-06,5,-5,0
17340,Adams,2022-07,4,-4,0
17340,Adams,2022-08,3,-3,0
17340,Adams,2022-09,2,-2,0
17340,Adams,2022-10,1,-1,0
17340,Adams,2022-11,0,0,1
17340,Adams,2022-12,-1,1,0
17342,York,2022-01,10,-10,0
17342,York,2022-02,9,-9,0
17342,York,2022-03,8,-8,0
17342,York,2022-04,7,-7,0
17342,York,2022-05,6,-6,0
17342,York,2022-06,5,-5,0
17342,York,2022-07,4,-4,0
17342,York,2022-08,3,-3,0
17342,York,2022-09,2,-2,0
17342,York,2022-10,1,-1,0
17342,York,2022-11,0,0,1
17342,York,2022-12,-1,1,0
17343,Adams,2022-01,10,-10,0
17343,Adams,2022-02,9,-9,0
17343,Adams,2022-03,8,-8,0
17343,Adams,2022-04,7,-7,0
17343,Adams,2022-05,6,-6,0
17343,Adams,2022-06,5,-5,0
17343,Adams,2022-07,4,-4,0
17343,Adams,2022-08,3,-3,0
17343,Adams,2022-09,2,-2,0
17343,Adams,2022-10,1,-1,0
17343,Adams,2022-11,0,0,1
17343,Adams,2022-12,-1,1,0
17344,Adams,2022-01,10,-10,0
17344,Adams,2022-02,9,-9,0
17344,Adams,2022-03,8,-8,0
17344,Adams,2022-04,7,-7,0
17344,Adams,2022-05,6,-6,0
17344,Adams,2022-06,5,-5,0
17344,Adams,2022-07,4,-4,0
17344,Adams,2022-08,3,-3,0
17344,Adams,2022-09,2,-2,0
17344,Adams,2022-10,1,-1,0
17344,Adams,2022-11,0,0,1
17344,Adams,2022-12,-1,1,0
17345,York,2022-01,10,-10,0
17345,York,2022-02,9,-9,0
17345,York,2022-03,8,-8,0
17345,York,2022-04,7,-7,0
17345,York,2022-05,6,-6,0
17345,York,2022-06,5,-5,0
17345,York,2022-07,4,-4,0
17345,York,2022-08,3,-3,0
17345,York,2022-09,2,-2,0
17345,York,2022-10,1,-1,0
17345,York,2022-11,0,0,1
17345,York,2022-12,-1,1,0
17347,York,2022-01,10,-10,0
17347,York,2022-02,9,-9,0
17347,York,2022-03,8,-8,0
17347,York,2022-04,7,-7,0
17347,York,2022-05,6,-6,0
17347,York,2022-06,5,-5,0
17347,York,2022-07,4,-4,0
17347,York,2022-08,3,-3,0
17347,York,2022-09,2,-2,0
17347,York,2022-10,1,-1,0
17347,York,2022-11,0,0,1
17347,York,2022-12,-1,1,0
17349,York,2022-01,10,-10,0
17349,York,2022-02,9,-9,0
17349,York,2022-03,8,-8,0
17349,York,2022-04,7,-7,0
17349,York,2022-05,6,-6,0
17349,York,2022-06,5,-5,0
17349,York,2022-07,4,-4,0
17349,York,2022-08,3,-3,0
17349,York,2022-09,2,-2,0
17349,York,2022-10,1,-1,0
17349,York,2022-11,0,0,1
17349,York,2022-12,-1,1,0
17350,Adams,2022-01,10,-10,0
17350,Adams,2022-02,9,-9,0
17350,Adams,2022-03,8,-8,0
17350,Adams,2022-04,7,-7,0
17350,Adams,2022-05,6,-6,0
17350,Adams,2022-06,5,-5,0
17350,Adams,2022-07,4,-4,0
17350,Adams,2022-08,3,-3,0
17350,Adams,2022-09,2,-2,0
17350,Adams,2022-10,1,-1,0
17350,Adams,2022-11,0,0,1
17350,Adams,2022-12,-1,1,0
17352,York,2022-01,10,-10,0
17352,York,2022-02,9,-9,0
17352,York,2022-03,8,-8,0
17352,York,2022-04,7,-7,0
17352,York,2022-05,6,-6,0
17352,York,2022-06,5,-5,0
17352,York,2022-07,4,-4,0
17352,York,2022-08,3,-3,0
17352,York,2022-09,2,-2,0
17352,York,2022-10,1,-1,0
17352,York,2022-11,0,0,1
17352,York,2022-12,-1,1,0
17353,Adams,2022-01,10,-10,0
17353,Adams,2022-02,9,-9,0
17353,Adams,2022-03,8,-8,0
17353,Adams,2022-04,7,-7,0
17353,Adams,2022-05,6,-6,0
17353,Adams,2022-06,5,-5,0
17353,Adams,2022-07,4,-4,0
17353,Adams,2022-08,3,-3,0
17353,Adams,2022-09,2,-2,0
17353,Adams,2022-10,1,-1,0
17353,Adams,2022-11,0,0,1
17353,Adams,2022-12,-1,1,0
17355,York,2022-01,10,-10,0
17355,York,2022-02,9,-9,0
17355,York,2022-03,8,-8,0
17355,York,2022-04,7,-7,0
17355,York,2022-05,6,-6,0
17355,York,2022-06,5,-5,0
17355,York,2022-07,4,-4,0
17355,York,2022-08,3,-3,0
17355,York,2022-09,2,-2,0
17355,York,2022-10,1,-1,0
17355,York,2022-11,0,0,1
17355,York,2022-12,-1,1,0
17356,York,2022-01,10,-10,0
17356,York,2022-02,9,-9,0
17356,York,2022-03,8,-8,0
17356,York,2022-04,7,-7,0
17356,York,2022-05,6,-6,0
17356,York,2022-06,5,-5,0
17356,York,2022-07,4,-4,0
17356,York,2022-08,3,-3,0
17356,York,2022-09,2,-2,0
17356,York,2022-10,1,-1,0
17356,York,2022-11,0,0,1
17356,York,2022-12,-1,1,0
17360,York,2022-01,10,-10,0
17360,York,2022-02,9,-9,0
17360,York,2022-03,8,-8,0
17360,York,2022-04,7,-7,0
17360,York,2022-05,6,-6,0
17360,York,2022-06,5,-5,0
17360,York,2022-07,4,-4,0
17360,York,2022-08,3,-3,0
17360,York,2022-09,2,-2,0
17360,York,2022-10,1,-1,0
17360,York,2022-11,0,0,1
17360,York,2022-12,-1,1,0
17361,York,2022-01,10,-10,0
17361,York,2022-02,9,-9,0
17361,York,2022-03,8,-8,0
17361,York,2022-04,7,-7,0
17361,York,2022-05,6,-6,0
17361,York,2022-06,5,-5,0
17361,York,2022-07,4,-4,0
17361,York,2022-08,3,-3,0
17361,York,2022-09,2,-2,0
17361,York,2022-10,1,-1,0
17361,York,2022-11,0,0,1
17361,York,2022-12,-1,1,0
17362,York,2022-01,10,-10,0
17362,York,2022-02,9,-9,0
17362,York,2022-03,8,-8,0
17362,York,2022-04,7,-7,0
17362,York,2022-05,6,-6,0
17362,York,2022-06,5,-5,0
17362,York,2022-07,4,-4,0
17362,York,2022-08,3,-3,0
17362,York,2022-09,2,-2,0
17362,York,2022-10,1,-1,0
17362,York,2022-11,0,0,1
17362,York,2022-12,-1,1,0
17363,York,2022-01,10,-10,0
17363,York,2022-02,9,-9,0
17363,York,2022-03,8,-8,0
17363,York,2022-04,7,-7,0
17363,York,2022-05,6,-6,0
17363,York,2022-06,5,-5,0
17363,York,2022-07,4,-4,0
17363,York,2022-08,3,-3,0
17363,York,2022-09,2,-2,0
17363,York,2022-10,1,-1,0
17363,York,2022-11,0,0,1
17363,York,2022-12,-1,1,0
17364,York,2022-01,10,-10,0
17364,York,2022-02,9,-9,0
17364,York,2022-03,8,-8,0
17364,York,2022-04,7,-7,0
17364,York,2022-05,6,-6,0
17364,York,2022-06,5,-5,0
17364,York,2022-07,4,-4,0
17364,York,2022-08,3,-3,0
17364,York,2022-09,2,-2,0
17364,York,2022-10,1,-1,0
17364,York,2022-11,0,0,1
17364,York,2022-12,-1,1,0
17365,York,2022-01,10,-10,0
17365,York,2022-02,9,-9,0
17365,York,2022-03,8,-8,0
17365,York,2022-04,7,-7,0
17365,York,2022-05,6,-6,0
17365,York,2022-06,5,-5,0
17365,York,2022-07,4,-4,0
17365,York,2022-08,3,-3,0
17365,York,2022-09,2,-2,0
17365,York,2022-10,1,-1,0
17365,York,2022-11,0,0,1
17365,York,2022-12,-1,1,0
17366,York,2022-01,10,-10,0
17366,York,2022-02,9,-9,0
17366,York,2022-03,8,-8,0
17366,York,2022-04,7,-7,0
17366,York,2022-05,6,-6,0
17366,York,2022-06,5,-5,0
17366,York,2022-07,4,-4,0
17366,York,2022-08,3,-3,0
17366,York,2022-09,2,-2,0
17366,York,2022-10,1,-1,0
17366,York,2022-11,0,0,1
17366,York,2022-12,-1,1,0
17368,York,2022-01,10,-10,0
17368,York,2022-02,9,-9,0
17368,York,2022-03,8,-8,0
17368,York,2022-04,7,-7,0
17368,York,2022-05,6,-6,0
17368,York,2022-06,5,-5,0
17368,York,2022-07,4,-4,0
17368,York,2022-08,3,-3,0
17368,York,2022-09,2,-2,0
17368,York,2022-10,1,-1,0
17368,York,2022-11,0,0,1
17368,York,2022-12,-1,1,0
17370,York,2022-01,10,-10,0
17370,York,2022-02,9,-9,0
17370,York,2022-03,8,-8,0
17370,York,2022-04,7,-7,0
17370,York,2022-05,6,-6,0
17370,York,2022-06,5,-5,0
17370,York,2022-07,4,-4,0
17370,York,2022-08,3,-3,0
17370,York,2022-09,2,-2,0
17370,York,2022-10,1,-1,0
17370,York,2022-11,0,0,1
17370,York,2022-12,-1,1,0
17371,York,2022-01,10,-10,0
17371,York,2022-02,9,-9,0
17371,York,2022-03,8,-8,0
17371,York,2022-04,7,-7,0
17371,York,2022-05,6,-6,0
17371,York,2022-06,5,-5,0
17371,York,2022-07,4,-4,0
17371,York,2022-08,3,-3,0
17371,York,2022-09,2,-2,0
17371,York,2022-10,1,-1,0
17371,York,2022-11,0,0,1
17371,York,2022-12,-1,1,0
17372,Adams,2022-01,10,-10,0
17372,Adams,2022-02,9,-9,0
17372,Adams,2022-03,8,-8,0
17372,Adams,2022-04,7,-7,0
17372,Adams,2022-05,6,-6,0
17372,Adams,2022-06,5,-5,0
17372,Adams,2022-07,4,-4,0
17372,Adams,2022-08,3,-3,0
17372,Adams,2022-09,2,-2,0
17372,Adams,2022-10,1,-1,0
17372,Adams,2022-11,0,0,1
17372,Adams,2022-12,-1,1,0
17401,York,2022-01,10,-10,0
17401,York,2022-02,9,-9,0
17401,York,2022-03,8,-8,0
17401,York,2022-04,7,-7,0
17401,York,2022-05,6,-6,0
17401,York,2022-06,5,-5,0
17401,York,2022-07,4,-4,0
17401,York,2022-08,3,-3,0
17401,York,2022-09,2,-2,0
17401,York,2022-10,1,-1,0
17401,York,2022-11,0,0,1
17401,York,2022-12,-1,1,0
17402,York,2022-01,10,-10,0
17402,York,2022-02,9,-9,0
17402,York,2022-03,8,-8,0
17402,York,2022-04,7,-7,0
17402,York,2022-05,6,-6,0
17402,York,2022-06,5,-5,0
17402,York,2022-07,4,-4,0
17402,York,2022-08,3,-3,0
17402,York,2022-09,2,-2,0
17402,York,2022-10,1,-1,0
17402,York,2022-11,0,0,1
17402,York,2022-12,-1,1,0
17403,York,2022-01,10,-10,0
17403,York,2022-02,9,-9,0
17403,York,2022-03,8,-8,0
17403,York,2022-04,7,-7,0
17403,York,2022-05,6,-6,0
17403,York,2022-06,5,-5,0
17403,York,2022-07,4,-4,0
17403,York,2022-08,3,-3,0
17403,York,2022-09,2,-2,0
17403,York,2022-10,1,-1,0
17403,York,2022-11,0,0,1
17403,York,2022-12,-1,1,0
17404,York,2022-01,10,-10,0
17404,York,2022-02,9,-9,0
17404,York,2022-03,8,-8,0
17404,York,2022-04,7,-7,0
17404,York,2022-05,6,-6,0
17404,York,2022-06,5,-5,0
17404,York,2022-07,4,-4,0
17404,York,2022-08,3,-3,0
17404,York,2022-09,2,-2,0
17404,York,2022-10,1,-1,0
17404,York,2022-11,0,0,1
17404,York,2022-12,-1,1,0
17406,York,2022-01,10,-10,0
17406,York,2022-02,9,-9,0
17406,York,2022-03,8,-8,0
17406,York,2022-04,7,-7,0
17406,York,2022-05,6,-6,0
17406,York,2022-06,5,-5,0
17406,York,2022-07,4,-4,0
17406,York,2022-08,3,-3,0
17406,York,2022-09,2,-2,0
17406,York,2022-10,1,-1,0
17406,York,2022-11,0,0,1
17406,York,2022-12,-1,1,0
17407,York,2022-01,10,-10,0
17407,York,2022-02,9,-9,0
17407,York,2022-03,8,-8,0
17407,York,2022-04,7,-7,0
17407,York,2022-05,6,-6,0
17407,York,2022-06,5,-5,0
17407,York,2022-07,4,-4,0
17407,York,2022-08,3,-3,0
17407,York,2022-09,2,-2,0
17407,York,2022-10,1,-1,0
17407,York,2022-11,0,0,1
17407,York,2022-12,-1,1,0
17408,York,2022-01,10,-10,0
17408,York,2022-02,9,-9,0
17408,York,2022-03,8,-8,0
17408,York,2022-04,7,-7,0
17408,York,2022-05,6,-6,0
17408,York,2022-06,5,-5,0
17408,York,2022-07,4,-4,0
17408,York,2022-08,3,-3,0
17408,York,2022-09,2,-2,0
17408,York,2022-10,1,-1,0
17408,York,2022-11,0,0,1
17408,York,2022-12,-1,1,0
17501,Lancaster,2022-01,10,-10,0
17501,Lancaster,2022-02,9,-9,0
17501,Lancaster,2022-03,8,-8,0
17501,Lancaster,2022-04,7,-7,0
17501,Lancaster,2022-05,6,-6,0
17501,Lancaster,2022-06,5,-5,0
17501,Lancaster,2022-07,4,-4,0
17501,Lancaster,2022-08,3,-3,0
17501,Lancaster,2022-09,2,-2,0
17501,Lancaster,2022-10,1,-1,0
17501,Lancaster,2022-11,0,0,1
17501,Lancaster,2022-12,-1,1,0
17502,Lancaster,2022-01,10,-10,0
17502,Lancaster,2022-02,9,-9,0
17502,Lancaster,2022-03,8,-8,0
17502,Lancaster,2022-04,7,-7,0
17502,Lancaster,2022-05,6,-6,0
17502,Lancaster,2022-06,5,-5,0
17502,Lancaster,2022-07,4,-4,0
17502,Lancaster,2022-08,3,-3,0
17502,Lancaster,2022-09,2,-2,0
17502,Lancaster,2022-10,1,-1,0
17502,Lancaster,2022-11,0,0,1
17502,Lancaster,2022-12,-1,1,0
17504,Lancaster,2022-01,10,-10,0
17504,Lancaster,2022-02,9,-9,0
17504,Lancaster,2022-03,8,-8,0
17504,Lancaster,2022-04,7,-7,0
17504,Lancaster,2022-05,6,-6,0
17504,Lancaster,2022-06,5,-5,0
17504,Lancaster,2022-07,4,-4,0
17504,Lancaster,2022-08,3,-3,0
17504,Lancaster,2022-09,2,-2,0
17504,Lancaster,2022-10,1,-1,0
17504,Lancaster,2022-11,0,0,1
17504,Lancaster,2022-12,-1,1,0
17505,Lancaster,2022-01,10,-10,0
17505,Lancaster,2022-02,9,-9,0
17505,Lancaster,2022-03,8,-8,0
17505,Lancaster,2022-04,7,-7,0
17505,Lancaster,2022-05,6,-6,0
17505,Lancaster,2022-06,5,-5,0
17505,Lancaster,2022-07,4,-4,0
17505,Lancaster,2022-08,3,-3,0
17505,Lancaster,2022-09,2,-2,0
17505,Lancaster,2022-10,1,-1,0
17505,Lancaster,2022-11,0,0,1
17505,Lancaster,2022-12,-1,1,0
17506,Lancaster,2022-01,10,-10,0
17506,Lancaster,2022-02,9,-9,0
17506,Lancaster,2022-03,8,-8,0
17506,Lancaster,2022-04,7,-7,0
17506,Lancaster,2022-05,6,-6,0
17506,Lancaster,2022-06,5,-5,0
17506,Lancaster,2022-07,4,-4,0
17506,Lancaster,2022-08,3,-3,0
17506,Lancaster,2022-09,2,-2,0
17506,Lancaster,2022-10,1,-1,0
17506,Lancaster,2022-11,0,0,1
17506,Lancaster,2022-12,-1,1,0
17507,Lancaster,2022-01,10,-10,0
17507,Lancaster,2022-02,9,-9,0
17507,Lancaster,2022-03,8,-8,0
17507,Lancaster,2022-04,7,-7,0
17507,Lancaster,2022-05,6,-6,0
17507,Lancaster,2022-06,5,-5,0
17507,Lancaster,2022-07,4,-4,0
17507,Lancaster,2022-08,3,-3,0
17507,Lancaster,2022-09,2,-2,0
17507,Lancaster,2022-10,1,-1,0
17507,Lancaster,2022-11,0,0,1
17507,Lancaster,2022-12,-1,1,0
17508,Lancaster,2022-01,10,-10,0
17508,Lancaster,2022-02,9,-9,0
17508,Lancaster,2022-03,8,-8,0
17508,Lancaster,2022-04,7,-7,0
17508,Lancaster,2022-05,6,-6,0
17508,Lancaster,2022-06,5,-5,0
17508,Lancaster,2022-07,4,-4,0
17508,Lancaster,2022-08,3,-3,0
17508,Lancaster,2022-09,2,-2,0
17508,Lancaster,2022-10,1,-1,0
17508,Lancaster,2022-11,0,0,1
17508,Lancaster,2022-12,-1,1,0
17509,Lancaster,2022-01,10,-10,0
17509,Lancaster,2022-02,9,-9,0
17509,Lancaster,2022-03,8,-8,0
17509,Lancaster,2022-04,7,-7,0
17509,Lancaster,2022-05,6,-6,0
17509,Lancaster,2022-06,5,-5,0
17509,Lancaster,2022-07,4,-4,0
17509,Lancaster,2022-08,3,-3,0
17509,Lancaster,2022-09,2,-2,0
17509,Lancaster,2022-10,1,-1,0
17509,Lancaster,2022-11,0,0,1
17509,Lancaster,2022-12,-1,1,0
17512,Lancaster,2022-01,10,-10,0
17512,Lancaster,2022-02,9,-9,0
17512,Lancaster,2022-03,8,-8,0
17512,Lancaster,2022-04,7,-7,0
17512,Lancaster,2022-05,6,-6,0
17512,Lancaster,2022-06,5,-5,0
17512,Lancaster,2022-07,4,-4,0
17512,Lancaster,2022-08,3,-3,0
17512,Lancaster,2022-09,2,-2,0
17512,Lancaster,2022-10,1,-1,0
17512,Lancaster,2022-11,0,0,1
17512,Lancaster,2022-12,-1,1,0
17516,Lancaster,2022-01,10,-10,0
17516,Lancaster,2022-02,9,-9,0
17516,Lancaster,2022-03,8,-8,0
17516,Lancaster,2022-04,7,-7,0
17516,Lancaster,2022-05,6,-6,0
17516,Lancaster,2022-06,5,-5,0
17516,Lancaster,2022-07,4,-4,0
17516,Lancaster,2022-08,3,-3,0
17516,Lancaster,2022-09,2,-2,0
17516,Lancaster,2022-10,1,-1,0
17516,Lancaster,2022-11,0,0,1
17516,Lancaster,2022-12,-1,1,0
17517,Lancaster,2022-01,10,-10,0
17517,Lancaster,2022-02,9,-9,0
17517,Lancaster,2022-03,8,-8,0
17517,Lancaster,2022-04,7,-7,0
17517,Lancaster,2022-05,6,-6,0
17517,Lancaster,2022-06,5,-5,0
17517,Lancaster,2022-07,4,-4,0
17517,Lancaster,2022-08,3,-3,0
17517,Lancaster,2022-09,2,-2,0
17517,Lancaster,2022-10,1,-1,0
17517,Lancaster,2022-11,0,0,1
17517,Lancaster,2022-12,-1,1,0
17518,Lancaster,2022-01,10,-10,0
17518,Lancaster,2022-02,9,-9,0
17518,Lancaster,2022-03,8,-8,0
17518,Lancaster,2022-04,7,-7,0
17518,Lancaster,2022-05,6,-6,0
17518,Lancaster,2022-06,5,-5,0
17518,Lancaster,2022-07,4,-4,0
17518,Lancaster,2022-08,3,-3,0
17518,Lancaster,2022-09,2,-2,0
17518,Lancaster,2022-10,1,-1,0
17518,Lancaster,2022-11,0,0,1
17518,Lancaster,2022-12,-1,1,0
17519,Lancaster,2022-01,10,-10,0
17519,Lancaster,2022-02,9,-9,0
17519,Lancaster,2022-03,8,-8,0
17519,Lancaster,2022-04,7,-7,0
17519,Lancaster,2022-05,6,-6,0
17519,Lancaster,2022-06,5,-5,0
17519,Lancaster,2022-07,4,-4,0
17519,Lancaster,2022-08,3,-3,0
17519,Lancaster,2022-09,2,-2,0
17519,Lancaster,2022-10,1,-1,0
17519,Lancaster,2022-11,0,0,1
17519,Lancaster,2022-12,-1,1,0
17520,Lancaster,2022-01,10,-10,0
17520,Lancaster,2022-02,9,-9,0
17520,Lancaster,2022-03,8,-8,0
17520,Lancaster,2022-04,7,-7,0
17520,Lancaster,2022-05,6,-6,0
17520,Lancaster,2022-06,5,-5,0
17520,Lancaster,2022-07,4,-4,0
17520,Lancaster,2022-08,3,-3,0
17520,Lancaster,2022-09,2,-2,0
17520,Lancaster,2022-10,1,-1,0
17520,Lancaster,2022-11,0,0,1
17520,Lancaster,2022-12,-1,1,0
17522,Lancaster,2022-01,10,-10,0
17522,Lancaster,2022-02,9,-9,0
17522,Lancaster,2022-03,8,-8,0
17522,Lancaster,2022-04,7,-7,0
17522,Lancaster,2022-05,6,-6,0
17522,Lancaster,2022-06,5,-5,0
17522,Lancaster,2022-07,4,-4,0
17522,Lancaster,2022-08,3,-3,0
17522,Lancaster,2022-09,2,-2,0
17522,Lancaster,2022-10,1,-1,0
17522,Lancaster,2022-11,0,0,1
17522,Lancaster,2022-12,-1,1,0
17527,Lancaster,2022-01,10,-10,0
17527,Lancaster,2022-02,9,-9,0
17527,Lancaster,2022-03,8,-8,0
17527,Lancaster,2022-04,7,-7,0
17527,Lancaster,2022-05,6,-6,0
17527,Lancaster,2022-06,5,-5,0
17527,Lancaster,2022-07,4,-4,0
17527,Lancaster,2022-08,3,-3,0
17527,Lancaster,2022-09,2,-2,0
17527,Lancaster,2022-10,1,-1,0
17527,Lancaster,2022-11,0,0,1
17527,Lancaster,2022-12,-1,1,0
17529,Lancaster,2022-01,10,-10,0
17529,Lancaster,2022-02,9,-9,0
17529,Lancaster,2022-03,8,-8,0
17529,Lancaster,2022-04,7,-7,0
17529,Lancaster,2022-05,6,-6,0
17529,Lancaster,2022-06,5,-5,0
17529,Lancaster,2022-07,4,-4,0
17529,Lancaster,2022-08,3,-3,0
17529,Lancaster,2022-09,2,-2,0
17529,Lancaster,2022-10,1,-1,0
17529,Lancaster,2022-11,0,0,1
17529,Lancaster,2022-12,-1,1,0
17532,Lancaster,2022-01,10,-10,0
17532,Lancaster,2022-02,9,-9,0
17532,Lancaster,2022-03,8,-8,0
17532,Lancaster,2022-04,7,-7,0
17532,Lancaster,2022-05,6,-6,0
17532,Lancaster,2022-06,5,-5,0
17532,Lancaster,2022-07,4,-4,0
17532,Lancaster,2022-08,3,-3,0
17532,Lancaster,2022-09,2,-2,0
17532,Lancaster,2022-10,1,-1,0
17532,Lancaster,2022-11,0,0,1
17532,Lancaster,2022-12,-1,1,0
17534,Lancaster,2022-01,10,-10,0
17534,Lancaster,2022-02,9,-9,0
17534,Lancaster,2022-03,8,-8,0
17534,Lancaster,2022-04,7,-7,0
17534,Lancaster,2022-05,6,-6,0
17534,Lancaster,2022-06,5,-5,0
17534,Lancaster,2022-07,4,-4,0
17534,Lancaster,2022-08,3,-3,0
17534,Lancaster,2022-09,2,-2,0
17534,Lancaster,2022-10,1,-1,0
17534,Lancaster,2022-11,0,0,1
17534,Lancaster,2022-12,-1,1,0
17535,Lancaster,2022-01,10,-10,0
17535,Lancaster,2022-02,9,-9,0
17535,Lancaster,2022-03,8,-8,0
17535,Lancaster,2022-04,7,-7,0
17535,Lancaster,2022-05,6,-6,0
17535,Lancaster,2022-06,5,-5,0
17535,Lancaster,2022-07,4,-4,0
17535,Lancaster,2022-08,3,-3,0
17535,Lancaster,2022-09,2,-2,0
17535,Lancaster,2022-10,1,-1,0
17535,Lancaster,2022-11,0,0,1
17535,Lancaster,2022-12,-1,1,0
17536,Lancaster,2022-01,10,-10,0
17536,Lancaster,2022-02,9,-9,0
17536,Lancaster,2022-03,8,-8,0
17536,Lancaster,2022-04,7,-7,0
17536,Lancaster,2022-05,6,-6,0
17536,Lancaster,2022-06,5,-5,0
17536,Lancaster,2022-07,4,-4,0
17536,Lancaster,2022-08,3,-3,0
17536,Lancaster,2022-09,2,-2,0
17536,Lancaster,2022-10,1,-1,0
17536,Lancaster,2022-11,0,0,1
17536,Lancaster,2022-12,-1,1,0
17538,Lancaster,2022-01,10,-10,0
17538,Lancaster,2022-02,9,-9,0
17538,Lancaster,2022-03,8,-8,0
17538,Lancaster,2022-04,7,-7,0
17538,Lancaster,2022-05,6,-6,0
17538,Lancaster,2022-06,5,-5,0
17538,Lancaster,2022-07,4,-4,0
17538,Lancaster,2022-08,3,-3,0
17538,Lancaster,2022-09,2,-2,0
17538,Lancaster,2022-10,1,-1,0
17538,Lancaster,2022-11,0,0,1
17538,Lancaster,2022-12,-1,1,0
17540,Lancaster,2022-01,10,-10,0
17540,Lancaster,2022-02,9,-9,0
17540,Lancaster,2022-03,8,-8,0
17540,Lancaster,2022-04,7,-7,0
17540,Lancaster,2022-05,6,-6,0
17540,Lancaster,2022-06,5,-5,0
17540,Lancaster,2022-07,4,-4,0
17540,Lancaster,2022-08,3,-3,0
17540,Lancaster,2022-09,2,-2,0
17540,Lancaster,2022-10,1,-1,0
17540,Lancaster,2022-11,0,0,1
17540,Lancaster,2022-12,-1,1,0
17543,Lancaster,2022-01,10,-10,0
17543,Lancaster,2022-02,9,-9,0
17543,Lancaster,2022-03,8,-8,0
17543,Lancaster,2022-04,7,-7,0
17543,Lancaster,2022-05,6,-6,0
17543,Lancaster,2022-06,5,-5,0
17543,Lancaster,2022-07,4,-4,0
17543,Lancaster,2022-08,3,-3,0
17543,Lancaster,2022-09,2,-2,0
17543,Lancaster,2022-10,1,-1,0
17543,Lancaster,2022-11,0,0,1
17543,Lancaster,2022-12,-1,1,0
17545,Lancaster,2022-01,10,-10,0
17545,Lancaster,2022-02,9,-9,0
17545,Lancaster,2022-03,8,-8,0
17545,Lancaster,2022-04,7,-7,0
17545,Lancaster,2022-05,6,-6,0
17545,Lancaster,2022-06,5,-5,0
17545,Lancaster,2022-07,4,-4,0
17545,Lancaster,2022-08,3,-3,0
17545,Lancaster,2022-09,2,-2,0
17545,Lancaster,2022-10,1,-1,0
17545,Lancaster,2022-11,0,0,1
17545,Lancaster,2022-12,-1,1,0
17547,Lancaster,2022-01,10,-10,0
17547,Lancaster,2022-02,9,-9,0
17547,Lancaster,2022-03,8,-8,0
17547,Lancaster,2022-04,7,-7,0
17547,Lancaster,2022-05,6,-6,0
17547,Lancaster,2022-06,5,-5,0
17547,Lancaster,2022-07,4,-4,0
17547,Lancaster,2022-08,3,-3,0
17547,Lancaster,2022-09,2,-2,0
17547,Lancaster,2022-10,1,-1,0
17547,Lancaster,2022-11,0,0,1
17547,Lancaster,2022-12,-1,1,0
17550,Lancaster,2022-01,10,-10,0
17550,Lancaster,2022-02,9,-9,0
17550,Lancaster,2022-03,8,-8,0
17550,Lancaster,2022-04,7,-7,0
17550,Lancaster,2022-05,6,-6,0
17550,Lancaster,2022-06,5,-5,0
17550,Lancaster,2022-07,4,-4,0
17550,Lancaster,2022-08,3,-3,0
17550,Lancaster,2022-09,2,-2,0
17550,Lancaster,2022-10,1,-1,0
17550,Lancaster,2022-11,0,0,1
17550,Lancaster,2022-12,-1,1,0
17551,Lancaster,2022-01,10,-10,0
17551,Lancaster,2022-02,9,-9,0
17551,Lancaster,2022-03,8,-8,0
17551,Lancaster,2022-04,7,-7,0
17551,Lancaster,2022-05,6,-6,0
17551,Lancaster,2022-06,5,-5,0
17551,Lancaster,2022-07,4,-4,0
17551,Lancaster,2022-08,3,-3,0
17551,Lancaster,2022-09,2,-2,0
17551,Lancaster,2022-10,1,-1,0
17551,Lancaster,2022-11,0,0,1
17551,Lancaster,2022-12,-1,1,0
17552,Lancaster,2022-01,10,-10,0
17552,Lancaster,2022-02,9,-9,0
17552,Lancaster,2022-03,8,-8,0
17552,Lancaster,2022-04,7,-7,0
17552,Lancaster,2022-05,6,-6,0
17552,Lancaster,2022-06,5,-5,0
17552,Lancaster,2022-07,4,-4,0
17552,Lancaster,2022-08,3,-3,0
17552,Lancaster,2022-09,2,-2,0
17552,Lancaster,2022-10,1,-1,0
17552,Lancaster,2022-11,0,0,1
17552,Lancaster,2022-12,-1,1,0
17554,Lancaster,2022-01,10,-10,0
17554,Lancaster,2022-02,9,-9,0
17554,Lancaster,2022-03,8,-8,0
17554,Lancaster,2022-04,7,-7,0
17554,Lancaster,2022-05,6,-6,0
17554,Lancaster,2022-06,5,-5,0
17554,Lancaster,2022-07,4,-4,0
17554,Lancaster,2022-08,3,-3,0
17554,Lancaster,2022-09,2,-2,0
17554,Lancaster,2022-10,1,-1,0
17554,Lancaster,2022-11,0,0,1
17554,Lancaster,2022-12,-1,1,0
17555,Lancaster,2022-01,10,-10,0
17555,Lancaster,2022-02,9,-9,0
17555,Lancaster,2022-03,8,-8,0
17555,Lancaster,2022-04,7,-7,0
17555,Lancaster,2022-05,6,-6,0
17555,Lancaster,2022-06,5,-5,0
17555,Lancaster,2022-07,4,-4,0
17555,Lancaster,2022-08,3,-3,0
17555,Lancaster,2022-09,2,-2,0
17555,Lancaster,2022-10,1,-1,0
17555,Lancaster,2022-11,0,0,1
17555,Lancaster,2022-12,-1,1,0
17557,Lancaster,2022-01,10,-10,0
17557,Lancaster,2022-02,9,-9,0
17557,Lancaster,2022-03,8,-8,0
17557,Lancaster,2022-04,7,-7,0
17557,Lancaster,2022-05,6,-6,0
17557,Lancaster,2022-06,5,-5,0
17557,Lancaster,2022-07,4,-4,0
17557,Lancaster,2022-08,3,-3,0
17557,Lancaster,2022-09,2,-2,0
17557,Lancaster,2022-10,1,-1,0
17557,Lancaster,2022-11,0,0,1
17557,Lancaster,2022-12,-1,1,0
17560,Lancaster,2022-01,10,-10,0
17560,Lancaster,2022-02,9,-9,0
17560,Lancaster,2022-03,8,-8,0
17560,Lancaster,2022-04,7,-7,0
17560,Lancaster,2022-05,6,-6,0
17560,Lancaster,2022-06,5,-5,0
17560,Lancaster,2022-07,4,-4,0
17560,Lancaster,2022-08,3,-3,0
17560,Lancaster,2022-09,2,-2,0
17560,Lancaster,2022-10,1,-1,0
17560,Lancaster,2022-11,0,0,1
17560,Lancaster,2022-12,-1,1,0
17562,Lancaster,2022-01,10,-10,0
17562,Lancaster,2022-02,9,-9,0
17562,Lancaster,2022-03,8,-8,0
17562,Lancaster,2022-04,7,-7,0
17562,Lancaster,2022-05,6,-6,0
17562,Lancaster,2022-06,5,-5,0
17562,Lancaster,2022-07,4,-4,0
17562,Lancaster,2022-08,3,-3,0
17562,Lancaster,2022-09,2,-2,0
17562,Lancaster,2022-10,1,-1,0
17562,Lancaster,2022-11,0,0,1
17562,Lancaster,2022-12,-1,1,0
17563,Lancaster,2022-01,10,-10,0
17563,Lancaster,2022-02,9,-9,0
17563,Lancaster,2022-03,8,-8,0
17563,Lancaster,2022-04,7,-7,0
17563,Lancaster,2022-05,6,-6,0
17563,Lancaster,2022-06,5,-5,0
17563,Lancaster,2022-07,4,-4,0
17563,Lancaster,2022-08,3,-3,0
17563,Lancaster,2022-09,2,-2,0
17563,Lancaster,2022-10,1,-1,0
17563,Lancaster,2022-11,0,0,1
17563,Lancaster,2022-12,-1,1,0
17565,Lancaster,2022-01,10,-10,0
17565,Lancaster,2022-02,9,-9,0
17565,Lancaster,2022-03,8,-8,0
17565,Lancaster,2022-04,7,-7,0
17565,Lancaster,2022-05,6,-6,0
17565,Lancaster,2022-06,5,-5,0
17565,Lancaster,2022-07,4,-4,0
17565,Lancaster,2022-08,3,-3,0
17565,Lancaster,2022-09,2,-2,0
17565,Lancaster,2022-10,1,-1,0
17565,Lancaster,2022-11,0,0,1
17565,Lancaster,2022-12,-1,1,0
17566,Lancaster,2022-01,10,-10,0
17566,Lancaster,2022-02,9,-9,0
17566,Lancaster,2022-03,8,-8,0
17566,Lancaster,2022-04,7,-7,0
17566,Lancaster,2022-05,6,-6,0
17566,Lancaster,2022-06,5,-5,0
17566,Lancaster,2022-07,4,-4,0
17566,Lancaster,2022-08,3,-3,0
17566,Lancaster,2022-09,2,-2,0
17566,Lancaster,2022-10,1,-1,0
17566,Lancaster,2022-11,0,0,1
17566,Lancaster,2022-12,-1,1,0
17568,Lancaster,2022-01,10,-10,0
17568,Lancaster,2022-02,9,-9,0
17568,Lancaster,2022-03,8,-8,0
17568,Lancaster,2022-04,7,-7,0
17568,Lancaster,2022-05,6,-6,0
17568,Lancaster,2022-06,5,-5,0
17568,Lancaster,2022-07,4,-4,0
17568,Lancaster,2022-08,3,-3,0
17568,Lancaster,2022-09,2,-2,0
17568,Lancaster,2022-10,1,-1,0
17568,Lancaster,2022-11,0,0,1
17568,Lancaster,2022-12,-1,1,0
17569,Lancaster,2022-01,10,-10,0
17569,Lancaster,2022-02,9,-9,0
17569,Lancaster,2022-03,8,-8,0
17569,Lancaster,2022-04,7,-7,0
17569,Lancaster,2022-05,6,-6,0
17569,Lancaster,2022-06,5,-5,0
17569,Lancaster,2022-07,4,-4,0
17569,Lancaster,2022-08,3,-3,0
17569,Lancaster,2022-09,2,-2,0
17569,Lancaster,2022-10,1,-1,0
17569,Lancaster,2022-11,0,0,1
17569,Lancaster,2022-12,-1,1,0
17570,Lancaster,2022-01,10,-10,0
17570,Lancaster,2022-02,9,-9,0
17570,Lancaster,2022-03,8,-8,0
17570,Lancaster,2022-04,7,-7,0
17570,Lancaster,2022-05,6,-6,0
17570,Lancaster,2022-06,5,-5,0
17570,Lancaster,2022-07,4,-4,0
17570,Lancaster,2022-08,3,-3,0
17570,Lancaster,2022-09,2,-2,0
17570,Lancaster,2022-10,1,-1,0
17570,Lancaster,2022-11,0,0,1
17570,Lancaster,2022-12,-1,1,0
17572,Lancaster,2022-01,10,-10,0
17572,Lancaster,2022-02,9,-9,0
17572,Lancaster,2022-03,8,-8,0
17572,Lancaster,2022-04,7,-7,0
17572,Lancaster,2022-05,6,-6,0
17572,Lancaster,2022-06,5,-5,0
17572,Lancaster,2022-07,4,-4,0
17572,Lancaster,2022-08,3,-3,0
17572,Lancaster,2022-09,2,-2,0
17572,Lancaster,2022-10,1,-1,0
17572,Lancaster,2022-11,0,0,1
17572,Lancaster,2022-12,-1,1,0
17576,Lancaster,2022-01,10,-10,0
17576,Lancaster,2022-02,9,-9,0
17576,Lancaster,2022-03,8,-8,0
17576,Lancaster,2022-04,7,-7,0
17576,Lancaster,2022-05,6,-6,0
17576,Lancaster,2022-06,5,-5,0
17576,Lancaster,2022-07,4,-4,0
17576,Lancaster,2022-08,3,-3,0
17576,Lancaster,2022-09,2,-2,0
17576,Lancaster,2022-10,1,-1,0
17576,Lancaster,2022-11,0,0,1
17576,Lancaster,2022-12,-1,1,0
17578,Lancaster,2022-01,10,-10,0
17578,Lancaster,2022-02,9,-9,0
17578,Lancaster,2022-03,8,-8,0
17578,Lancaster,2022-04,7,-7,0
17578,Lancaster,2022-05,6,-6,0
17578,Lancaster,2022-06,5,-5,0
17578,Lancaster,2022-07,4,-4,0
17578,Lancaster,2022-08,3,-3,0
17578,Lancaster,2022-09,2,-2,0
17578,Lancaster,2022-10,1,-1,0
17578,Lancaster,2022-11,0,0,1
17578,Lancaster,2022-12,-1,1,0
17579,Lancaster,2022-01,10,-10,0
17579,Lancaster,2022-02,9,-9,0
17579,Lancaster,2022-03,8,-8,0
17579,Lancaster,2022-04,7,-7,0
17579,Lancaster,2022-05,6,-6,0
17579,Lancaster,2022-06,5,-5,0
17579,Lancaster,2022-07,4,-4,0
17579,Lancaster,2022-08,3,-3,0
17579,Lancaster,2022-09,2,-2,0
17579,Lancaster,2022-10,1,-1,0
17579,Lancaster,2022-11,0,0,1
17579,Lancaster,2022-12,-1,1,0
17581,Lancaster,2022-01,10,-10,0
17581,Lancaster,2022-02,9,-9,0
17581,Lancaster,2022-03,8,-8,0
17581,Lancaster,2022-04,7,-7,0
17581,Lancaster,2022-05,6,-6,0
17581,Lancaster,2022-06,5,-5,0
17581,Lancaster,2022-07,4,-4,0
17581,Lancaster,2022-08,3,-3,0
17581,Lancaster,2022-09,2,-2,0
17581,Lancaster,2022-10,1,-1,0
17581,Lancaster,2022-11,0,0,1
17581,Lancaster,2022-12,-1,1,0
17582,Lancaster,2022-01,10,-10,0
17582,Lancaster,2022-02,9,-9,0
17582,Lancaster,2022-03,8,-8,0
17582,Lancaster,2022-04,7,-7,0
17582,Lancaster,2022-05,6,-6,0
17582,Lancaster,2022-06,5,-5,0
17582,Lancaster,2022-07,4,-4,0
17582,Lancaster,2022-08,3,-3,0
17582,Lancaster,2022-09,2,-2,0
17582,Lancaster,2022-10,1,-1,0
17582,Lancaster,2022-11,0,0,1
17582,Lancaster,2022-12,-1,1,0
17584,Lancaster,2022-01,10,-10,0
17584,Lancaster,2022-02,9,-9,0
17584,Lancaster,2022-03,8,-8,0
17584,Lancaster,2022-04,7,-7,0
17584,Lancaster,2022-05,6,-6,0
17584,Lancaster,2022-06,5,-5,0
17584,Lancaster,2022-07,4,-4,0
17584,Lancaster,2022-08,3,-3,0
17584,Lancaster,2022-09,2,-2,0
17584,Lancaster,2022-10,1,-1,0
17584,Lancaster,2022-11,0,0,1
17584,Lancaster,2022-12,-1,1,0
17601,Lancaster,2022-01,10,-10,0
17601,Lancaster,2022-02,9,-9,0
17601,Lancaster,2022-03,8,-8,0
17601,Lancaster,2022-04,7,-7,0
17601,Lancaster,2022-05,6,-6,0
17601,Lancaster,2022-06,5,-5,0
17601,Lancaster,2022-07,4,-4,0
17601,Lancaster,2022-08,3,-3,0
17601,Lancaster,2022-09,2,-2,0
17601,Lancaster,2022-10,1,-1,0
17601,Lancaster,2022-11,0,0,1
17601,Lancaster,2022-12,-1,1,0
17602,Lancaster,2022-01,10,-10,0
17602,Lancaster,2022-02,9,-9,0
17602,Lancaster,2022-03,8,-8,0
17602,Lancaster,2022-04,7,-7,0
17602,Lancaster,2022-05,6,-6,0
17602,Lancaster,2022-06,5,-5,0
17602,Lancaster,2022-07,4,-4,0
17602,Lancaster,2022-08,3,-3,0
17602,Lancaster,2022-09,2,-2,0
17602,Lancaster,2022-10,1,-1,0
17602,Lancaster,2022-11,0,0,1
17602,Lancaster,2022-12,-1,1,0
17603,Lancaster,2022-01,10,-10,0
17603,Lancaster,2022-02,9,-9,0
17603,Lancaster,2022-03,8,-8,0
17603,Lancaster,2022-04,7,-7,0
17603,Lancaster,2022-05,6,-6,0
17603,Lancaster,2022-06,5,-5,0
17603,Lancaster,2022-07,4,-4,0
17603,Lancaster,2022-08,3,-3,0
17603,Lancaster,2022-09,2,-2,0
17603,Lancaster,2022-10,1,-1,0
17603,Lancaster,2022-11,0,0,1
17603,Lancaster,2022-12,-1,1,0
17606,Lancaster,2022-01,10,-10,0
17606,Lancaster,2022-02,9,-9,0
17606,Lancaster,2022-03,8,-8,0
17606,Lancaster,2022-04,7,-7,0
17606,Lancaster,2022-05,6,-6,0
17606,Lancaster,2022-06,5,-5,0
17606,Lancaster,2022-07,4,-4,0
17606,Lancaster,2022-08,3,-3,0
17606,Lancaster,2022-09,2,-2,0
17606,Lancaster,2022-10,1,-1,0
17606,Lancaster,2022-11,0,0,1
17606,Lancaster,2022-12,-1,1,0
17701,Lycoming,2022-01,10,-10,0
17701,Lycoming,2022-02,9,-9,0
17701,Lycoming,2022-03,8,-8,0
17701,Lycoming,2022-04,7,-7,0
17701,Lycoming,2022-05,6,-6,0
17701,Lycoming,2022-06,5,-5,0
17701,Lycoming,2022-07,4,-4,0
17701,Lycoming,2022-08,3,-3,0
17701,Lycoming,2022-09,2,-2,0
17701,Lycoming,2022-10,1,-1,0
17701,Lycoming,2022-11,0,0,1
17701,Lycoming,2022-12,-1,1,0
17702,Lycoming,2022-01,10,-10,0
17702,Lycoming,2022-02,9,-9,0
17702,Lycoming,2022-03,8,-8,0
17702,Lycoming,2022-04,7,-7,0
17702,Lycoming,2022-05,6,-6,0
17702,Lycoming,2022-06,5,-5,0
17702,Lycoming,2022-07,4,-4,0
17702,Lycoming,2022-08,3,-3,0
17702,Lycoming,2022-09,2,-2,0
17702,Lycoming,2022-10,1,-1,0
17702,Lycoming,2022-11,0,0,1
17702,Lycoming,2022-12,-1,1,0
17720,Lycoming,2022-01,10,-10,0
17720,Lycoming,2022-02,9,-9,0
17720,Lycoming,2022-03,8,-8,0
17720,Lycoming,2022-04,7,-7,0
17720,Lycoming,2022-05,6,-6,0
17720,Lycoming,2022-06,5,-5,0
17720,Lycoming,2022-07,4,-4,0
17720,Lycoming,2022-08,3,-3,0
17720,Lycoming,2022-09,2,-2,0
17720,Lycoming,2022-10,1,-1,0
17720,Lycoming,2022-11,0,0,1
17720,Lycoming,2022-12,-1,1,0
17721,Clinton,2022-01,10,-10,0
17721,Clinton,2022-02,9,-9,0
17721,Clinton,2022-03,8,-8,0
17721,Clinton,2022-04,7,-7,0
17721,Clinton,2022-05,6,-6,0
17721,Clinton,2022-06,5,-5,0
17721,Clinton,2022-07,4,-4,0
17721,Clinton,2022-08,3,-3,0
17721,Clinton,2022-09,2,-2,0
17721,Clinton,2022-10,1,-1,0
17721,Clinton,2022-11,0,0,1
17721,Clinton,2022-12,-1,1,0
17723,Lycoming,2022-01,10,-10,0
17723,Lycoming,2022-02,9,-9,0
17723,Lycoming,2022-03,8,-8,0
17723,Lycoming,2022-04,7,-7,0
17723,Lycoming,2022-05,6,-6,0
17723,Lycoming,2022-06,5,-5,0
17723,Lycoming,2022-07,4,-4,0
17723,Lycoming,2022-08,3,-3,0
17723,Lycoming,2022-09,2,-2,0
17723,Lycoming,2022-10,1,-1,0
17723,Lycoming,2022-11,0,0,1
17723,Lycoming,2022-12,-1,1,0
17724,Bradford,2022-01,10,-10,0
17724,Bradford,2022-02,9,-9,0
17724,Bradford,2022-03,8,-8,0
17724,Bradford,2022-04,7,-7,0
17724,Bradford,2022-05,6,-6,0
17724,Bradford,2022-06,5,-5,0
17724,Bradford,2022-07,4,-4,0
17724,Bradford,2022-08,3,-3,0
17724,Bradford,2022-09,2,-2,0
17724,Bradford,2022-10,1,-1,0
17724,Bradford,2022-11,0,0,1
17724,Bradford,2022-12,-1,1,0
17727,Tioga,2022-01,10,-10,0
17727,Tioga,2022-02,9,-9,0
17727,Tioga,2022-03,8,-8,0
17727,Tioga,2022-04,7,-7,0
17727,Tioga,2022-05,6,-6,0
17727,Tioga,2022-06,5,-5,0
17727,Tioga,2022-07,4,-4,0
17727,Tioga,2022-08,3,-3,0
17727,Tioga,2022-09,2,-2,0
17727,Tioga,2022-10,1,-1,0
17727,Tioga,2022-11,0,0,1
17727,Tioga,2022-12,-1,1,0
17728,Lycoming,2022-01,10,-10,0
17728,Lycoming,2022-02,9,-9,0
17728,Lycoming,2022-03,8,-8,0
17728,Lycoming,2022-04,7,-7,0
17728,Lycoming,2022-05,6,-6,0
17728,Lycoming,2022-06,5,-5,0
17728,Lycoming,2022-07,4,-4,0
17728,Lycoming,2022-08,3,-3,0
17728,Lycoming,2022-09,2,-2,0
17728,Lycoming,2022-10,1,-1,0
17728,Lycoming,2022-11,0,0,1
17728,Lycoming,2022-12,-1,1,0
17729,Potter,2022-01,10,-10,0
17729,Potter,2022-02,9,-9,0
17729,Potter,2022-03,8,-8,0
17729,Potter,2022-04,7,-7,0
17729,Potter,2022-05,6,-6,0
17729,Potter,2022-06,5,-5,0
17729,Potter,2022-07,4,-4,0
17729,Potter,2022-08,3,-3,0
17729,Potter,2022-09,2,-2,0
17729,Potter,2022-10,1,-1,0
17729,Potter,2022-11,0,0,1
17729,Potter,2022-12,-1,1,0
17730,Northumberland,2022-01,10,-10,0
17730,Northumberland,2022-02,9,-9,0
17730,Northumberland,2022-03,8,-8,0
17730,Northumberland,2022-04,7,-7,0
17730,Northumberland,2022-05,6,-6,0
17730,Northumberland,2022-06,5,-5,0
17730,Northumberland,2022-07,4,-4,0
17730,Northumberland,2022-08,3,-3,0
17730,Northumberland,2022-09,2,-2,0
17730,Northumberland,2022-10,1,-1,0
17730,Northumberland,2022-11,0,0,1
17730,Northumberland,2022-12,-1,1,0
17731,Sullivan,2022-01,10,-10,0
17731,Sullivan,2022-02,9,-9,0
17731,Sullivan,2022-03,8,-8,0
17731,Sullivan,2022-04,7,-7,0
17731,Sullivan,2022-05,6,-6,0
17731,Sullivan,2022-06,5,-5,0
17731,Sullivan,2022-07,4,-4,0
17731,Sullivan,2022-08,3,-3,0
17731,Sullivan,2022-09,2,-2,0
17731,Sullivan,2022-10,1,-1,0
17731,Sullivan,2022-11,0,0,1
17731,Sullivan,2022-12,-1,1,0
17737,Lycoming,2022-01,10,-10,0
17737,Lycoming,2022-02,9,-9,0
17737,Lycoming,2022-03,8,-8,0
17737,Lycoming,2022-04,7,-7,0
17737,Lycoming,2022-05,6,-6,0
17737,Lycoming,2022-06,5,-5,0
17737,Lycoming,2022-07,4,-4,0
17737,Lycoming,2022-08,3,-3,0
17737,Lycoming,2022-09,2,-2,0
17737,Lycoming,2022-10,1,-1,0
17737,Lycoming,2022-11,0,0,1
17737,Lycoming,2022-12,-1,1,0
17739,Lycoming,2022-01,10,-10,0
17739,Lycoming,2022-02,9,-9,0
17739,Lycoming,2022-03,8,-8,0
17739,Lycoming,2022-04,7,-7,0
17739,Lycoming,2022-05,6,-6,0
17739,Lycoming,2022-06,5,-5,0
17739,Lycoming,2022-07,4,-4,0
17739,Lycoming,2022-08,3,-3,0
17739,Lycoming,2022-09,2,-2,0
17739,Lycoming,2022-10,1,-1,0
17739,Lycoming,2022-11,0,0,1
17739,Lycoming,2022-12,-1,1,0
17740,Lycoming,2022-01,10,-10,0
17740,Lycoming,2022-02,9,-9,0
17740,Lycoming,2022-03,8,-8,0
17740,Lycoming,2022-04,7,-7,0
17740,Lycoming,2022-05,6,-6,0
17740,Lycoming,2022-06,5,-5,0
17740,Lycoming,2022-07,4,-4,0
17740,Lycoming,2022-08,3,-3,0
17740,Lycoming,2022-09,2,-2,0
17740,Lycoming,2022-10,1,-1,0
17740,Lycoming,2022-11,0,0,1
17740,Lycoming,2022-12,-1,1,0
17742,Lycoming,2022-01,10,-10,0
17742,Lycoming,2022-02,9,-9,0
17742,Lycoming,2022-03,8,-8,0
17742,Lycoming,2022-04,7,-7,0
17742,Lycoming,2022-05,6,-6,0
17742,Lycoming,2022-06,5,-5,0
17742,Lycoming,2022-07,4,-4,0
17742,Lycoming,2022-08,3,-3,0
17742,Lycoming,2022-09,2,-2,0
17742,Lycoming,2022-10,1,-1,0
17742,Lycoming,2022-11,0,0,1
17742,Lycoming,2022-12,-1,1,0
17744,Lycoming,2022-01,10,-10,0
17744,Lycoming,2022-02,9,-9,0
17744,Lycoming,2022-03,8,-8,0
17744,Lycoming,2022-04,7,-7,0
17744,Lycoming,2022-05,6,-6,0
17744,Lycoming,2022-06,5,-5,0
17744,Lycoming,2022-07,4,-4,0
17744,Lycoming,2022-08,3,-3,0
17744,Lycoming,2022-09,2,-2,0
17744,Lycoming,2022-10,1,-1,0
17744,Lycoming,2022-11,0,0,1
17744,Lycoming,2022-12,-1,1,0
17745,Clinton,2022-01,10,-10,0
17745,Clinton,2022-02,9,-9,0
17745,Clinton,2022-03,8,-8,0
17745,Clinton,2022-04,7,-7,0
17745,Clinton,2022-05,6,-6,0
17745,Clinton,2022-06,5,-5,0
17745,Clinton,2022-07,4,-4,0
17745,Clinton,2022-08,3,-3,0
17745,Clinton,2022-09,2,-2,0
17745,Clinton,2022-10,1,-1,0
17745,Clinton,2022-11,0,0,1
17745,Clinton,2022-12,-1,1,0
17747,Clinton,2022-01,10,-10,0
17747,Clinton,2022-02,9,-9,0
17747,Clinton,2022-03,8,-8,0
17747,Clinton,2022-04,7,-7,0
17747,Clinton,2022-05,6,-6,0
17747,Clinton,2022-06,5,-5,0
17747,Clinton,2022-07,4,-4,0
17747,Clinton,2022-08,3,-3,0
17747,Clinton,2022-09,2,-2,0
17747,Clinton,2022-10,1,-1,0
17747,Clinton,2022-11,0,0,1
17747,Clinton,2022-12,-1,1,0
17748,Clinton,2022-01,10,-10,0
17748,Clinton,2022-02,9,-9,0
17748,Clinton,2022-03,8,-8,0
17748,Clinton,2022-04,7,-7,0
17748,Clinton,2022-05,6,-6,0
17748,Clinton,2022-06,5,-5,0
17748,Clinton,2022-07,4,-4,0
17748,Clinton,2022-08,3,-3,0
17748,Clinton,2022-09,2,-2,0
17748,Clinton,2022-10,1,-1,0
17748,Clinton,2022-11,0,0,1
17748,Clinton,2022-12,-1,1,0
17749,Northumberland,2022-01,10,-10,0
17749,Northumberland,2022-02,9,-9,0
17749,Northumberland,2022-03,8,-8,0
17749,Northumberland,2022-04,7,-7,0
17749,Northumberland,2022-05,6,-6,0
17749,Northumberland,2022-06,5,-5,0
17749,Northumberland,2022-07,4,-4,0
17749,Northumberland,2022-08,3,-3,0
17749,Northumberland,2022-09,2,-2,0
17749,Northumberland,2022-10,1,-1,0
17749,Northumberland,2022-11,0,0,1
17749,Northumberland,2022-12,-1,1,0
17750,Clinton,2022-01,10,-10,0
17750,Clinton,2022-02,9,-9,0
17750,Clinton,2022-03,8,-8,0
17750,Clinton,2022-04,7,-7,0
17750,Clinton,2022-05,6,-6,0
17750,Clinton,2022-06,5,-5,0
17750,Clinton,2022-07,4,-4,0
17750,Clinton,2022-08,3,-3,0
17750,Clinton,2022-09,2,-2,0
17750,Clinton,2022-10,1,-1,0
17750,Clinton,2022-11,0,0,1
17750,Clinton,2022-12,-1,1,0
17751,Clinton,2022-01,10,-10,0
17751,Clinton,2022-02,9,-9,0
17751,Clinton,2022-03,8,-8,0
17751,Clinton,2022-04,7,-7,0
17751,Clinton,2022-05,6,-6,0
17751,Clinton,2022-06,5,-5,0
17751,Clinton,2022-07,4,-4,0
17751,Clinton,2022-08,3,-3,0
17751,Clinton,2022-09,2,-2,0
17751,Clinton,2022-10,1,-1,0
17751,Clinton,2022-11,0,0,1
17751,Clinton,2022-12,-1,1,0
17752,Lycoming,2022-01,10,-10,0
17752,Lycoming,2022-02,9,-9,0
17752,Lycoming,2022-03,8,-8,0
17752,Lycoming,2022-04,7,-7,0
17752,Lycoming,2022-05,6,-6,0
17752,Lycoming,2022-06,5,-5,0
17752,Lycoming,2022-07,4,-4,0
17752,Lycoming,2022-08,3,-3,0
17752,Lycoming,2022-09,2,-2,0
17752,Lycoming,2022-10,1,-1,0
17752,Lycoming,2022-11,0,0,1
17752,Lycoming,2022-12,-1,1,0
17754,Lycoming,2022-01,10,-10,0
17754,Lycoming,2022-02,9,-9,0
17754,Lycoming,2022-03,8,-8,0
17754,Lycoming,2022-04,7,-7,0
17754,Lycoming,2022-05,6,-6,0
17754,Lycoming,2022-06,5,-5,0
17754,Lycoming,2022-07,4,-4,0
17754,Lycoming,2022-08,3,-3,0
17754,Lycoming,2022-09,2,-2,0
17754,Lycoming,2022-10,1,-1,0
17754,Lycoming,2022-11,0,0,1
17754,Lycoming,2022-12,-1,1,0
17756,Lycoming,2022-01,10,-10,0
17756,Lycoming,2022-02,9,-9,0
17756,Lycoming,2022-03,8,-8,0
17756,Lycoming,2022-04,7,-7,0
17756,Lycoming,2022-05,6,-6,0
17756,Lycoming,2022-06,5,-5,0
17756,Lycoming,2022-07,4,-4,0
17756,Lycoming,2022-08,3,-3,0
17756,Lycoming,2022-09,2,-2,0
17756,Lycoming,2022-10,1,-1,0
17756,Lycoming,2022-11,0,0,1
17756,Lycoming,2022-12,-1,1,0
17758,Sullivan,2022-01,10,-10,0
17758,Sullivan,2022-02,9,-9,0
17758,Sullivan,2022-03,8,-8,0
17758,Sullivan,2022-04,7,-7,0
17758,Sullivan,2022-05,6,-6,0
17758,Sullivan,2022-06,5,-5,0
17758,Sullivan,2022-07,4,-4,0
17758,Sullivan,2022-08,3,-3,0
17758,Sullivan,2022-09,2,-2,0
17758,Sullivan,2022-10,1,-1,0
17758,Sullivan,2022-11,0,0,1
17758,Sullivan,2022-12,-1,1,0
17760,Clinton,2022-01,10,-10,0
17760,Clinton,2022-02,9,-9,0
17760,Clinton,2022-03,8,-8,0
17760,Clinton,2022-04,7,-7,0
17760,Clinton,2022-05,6,-6,0
17760,Clinton,2022-06,5,-5,0
17760,Clinton,2022-07,4,-4,0
17760,Clinton,2022-08,3,-3,0
17760,Clinton,2022-09,2,-2,0
17760,Clinton,2022-10,1,-1,0
17760,Clinton,2022-11,0,0,1
17760,Clinton,2022-12,-1,1,0
17762,Lycoming,2022-01,10,-10,0
17762,Lycoming,2022-02,9,-9,0
17762,Lycoming,2022-03,8,-8,0
17762,Lycoming,2022-04,7,-7,0
17762,Lycoming,2022-05,6,-6,0
17762,Lycoming,2022-06,5,-5,0
17762,Lycoming,2022-07,4,-4,0
17762,Lycoming,2022-08,3,-3,0
17762,Lycoming,2022-09,2,-2,0
17762,Lycoming,2022-10,1,-1,0
17762,Lycoming,2022-11,0,0,1
17762,Lycoming,2022-12,-1,1,0
17763,Lycoming,2022-01,10,-10,0
17763,Lycoming,2022-02,9,-9,0
17763,Lycoming,2022-03,8,-8,0
17763,Lycoming,2022-04,7,-7,0
17763,Lycoming,2022-05,6,-6,0
17763,Lycoming,2022-06,5,-5,0
17763,Lycoming,2022-07,4,-4,0
17763,Lycoming,2022-08,3,-3,0
17763,Lycoming,2022-09,2,-2,0
17763,Lycoming,2022-10,1,-1,0
17763,Lycoming,2022-11,0,0,1
17763,Lycoming,2022-12,-1,1,0
17764,Clinton,2022-01,10,-10,0
17764,Clinton,2022-02,9,-9,0
17764,Clinton,2022-03,8,-8,0
17764,Clinton,2022-04,7,-7,0
17764,Clinton,2022-05,6,-6,0
17764,Clinton,2022-06,5,-5,0
17764,Clinton,2022-07,4,-4,0
17764,Clinton,2022-08,3,-3,0
17764,Clinton,2022-09,2,-2,0
17764,Clinton,2022-10,1,-1,0
17764,Clinton,2022-11,0,0,1
17764,Clinton,2022-12,-1,1,0
17765,Tioga,2022-01,10,-10,0
17765,Tioga,2022-02,9,-9,0
17765,Tioga,2022-03,8,-8,0
17765,Tioga,2022-04,7,-7,0
17765,Tioga,2022-05,6,-6,0
17765,Tioga,2022-06,5,-5,0
17765,Tioga,2022-07,4,-4,0
17765,Tioga,2022-08,3,-3,0
17765,Tioga,2022-09,2,-2,0
17765,Tioga,2022-10,1,-1,0
17765,Tioga,2022-11,0,0,1
17765,Tioga,2022-12,-1,1,0
17768,Sullivan,2022-01,10,-10,0
17768,Sullivan,2022-02,9,-9,0
17768,Sullivan,2022-03,8,-8,0
17768,Sullivan,2022-04,7,-7,0
17768,Sullivan,2022-05,6,-6,0
17768,Sullivan,2022-06,5,-5,0
17768,Sullivan,2022-07,4,-4,0
17768,Sullivan,2022-08,3,-3,0
17768,Sullivan,2022-09,2,-2,0
17768,Sullivan,2022-10,1,-1,0
17768,Sullivan,2022-11,0,0,1
17768,Sullivan,2022-12,-1,1,0
17769,Lycoming,2022-01,10,-10,0
17769,Lycoming,2022-02,9,-9,0
17769,Lycoming,2022-03,8,-8,0
17769,Lycoming,2022-04,7,-7,0
17769,Lycoming,2022-05,6,-6,0
17769,Lycoming,2022-06,5,-5,0
17769,Lycoming,2022-07,4,-4,0
17769,Lycoming,2022-08,3,-3,0
17769,Lycoming,2022-09,2,-2,0
17769,Lycoming,2022-10,1,-1,0
17769,Lycoming,2022-11,0,0,1
17769,Lycoming,2022-12,-1,1,0
17771,Lycoming,2022-01,10,-10,0
17771,Lycoming,2022-02,9,-9,0
17771,Lycoming,2022-03,8,-8,0
17771,Lycoming,2022-04,7,-7,0
17771,Lycoming,2022-05,6,-6,0
17771,Lycoming,2022-06,5,-5,0
17771,Lycoming,2022-07,4,-4,0
17771,Lycoming,2022-08,3,-3,0
17771,Lycoming,2022-09,2,-2,0
17771,Lycoming,2022-10,1,-1,0
17771,Lycoming,2022-11,0,0,1
17771,Lycoming,2022-12,-1,1,0
17772,Montour,2022-01,10,-10,0
17772,Montour,2022-02,9,-9,0
17772,Montour,2022-03,8,-8,0
17772,Montour,2022-04,7,-7,0
17772,Montour,2022-05,6,-6,0
17772,Montour,2022-06,5,-5,0
17772,Montour,2022-07,4,-4,0
17772,Montour,2022-08,3,-3,0
17772,Montour,2022-09,2,-2,0
17772,Montour,2022-10,1,-1,0
17772,Montour,2022-11,0,0,1
17772,Montour,2022-12,-1,1,0
17774,Lycoming,2022-01,10,-10,0
17774,Lycoming,2022-02,9,-9,0
17774,Lycoming,2022-03,8,-8,0
17774,Lycoming,2022-04,7,-7,0
17774,Lycoming,2022-05,6,-6,0
17774,Lycoming,2022-06,5,-5,0
17774,Lycoming,2022-07,4,-4,0
17774,Lycoming,2022-08,3,-3,0
17774,Lycoming,2022-09,2,-2,0
17774,Lycoming,2022-10,1,-1,0
17774,Lycoming,2022-11,0,0,1
17774,Lycoming,2022-12,-1,1,0
17776,Lycoming,2022-01,10,-10,0
17776,Lycoming,2022-02,9,-9,0
17776,Lycoming,2022-03,8,-8,0
17776,Lycoming,2022-04,7,-7,0
17776,Lycoming,2022-05,6,-6,0
17776,Lycoming,2022-06,5,-5,0
17776,Lycoming,2022-07,4,-4,0
17776,Lycoming,2022-08,3,-3,0
17776,Lycoming,2022-09,2,-2,0
17776,Lycoming,2022-10,1,-1,0
17776,Lycoming,2022-11,0,0,1
17776,Lycoming,2022-12,-1,1,0
17777,Northumberland,2022-01,10,-10,0
17777,Northumberland,2022-02,9,-9,0
17777,Northumberland,2022-03,8,-8,0
17777,Northumberland,2022-04,7,-7,0
17777,Northumberland,2022-05,6,-6,0
17777,Northumberland,2022-06,5,-5,0
17777,Northumberland,2022-07,4,-4,0
17777,Northumberland,2022-08,3,-3,0
17777,Northumberland,2022-09,2,-2,0
17777,Northumberland,2022-10,1,-1,0
17777,Northumberland,2022-11,0,0,1
17777,Northumberland,2022-12,-1,1,0
17778,Clinton,2022-01,10,-10,0
17778,Clinton,2022-02,9,-9,0
17778,Clinton,2022-03,8,-8,0
17778,Clinton,2022-04,7,-7,0
17778,Clinton,2022-05,6,-6,0
17778,Clinton,2022-06,5,-5,0
17778,Clinton,2022-07,4,-4,0
17778,Clinton,2022-08,3,-3,0
17778,Clinton,2022-09,2,-2,0
17778,Clinton,2022-10,1,-1,0
17778,Clinton,2022-11,0,0,1
17778,Clinton,2022-12,-1,1,0
17779,Clinton,2022-01,10,-10,0
17779,Clinton,2022-02,9,-9,0
17779,Clinton,2022-03,8,-8,0
17779,Clinton,2022-04,7,-7,0
17779,Clinton,2022-05,6,-6,0
17779,Clinton,2022-06,5,-5,0
17779,Clinton,2022-07,4,-4,0
17779,Clinton,2022-08,3,-3,0
17779,Clinton,2022-09,2,-2,0
17779,Clinton,2022-10,1,-1,0
17779,Clinton,2022-11,0,0,1
17779,Clinton,2022-12,-1,1,0
17801,Northumberland,2022-01,10,-10,0
17801,Northumberland,2022-02,9,-9,0
17801,Northumberland,2022-03,8,-8,0
17801,Northumberland,2022-04,7,-7,0
17801,Northumberland,2022-05,6,-6,0
17801,Northumberland,2022-06,5,-5,0
17801,Northumberland,2022-07,4,-4,0
17801,Northumberland,2022-08,3,-3,0
17801,Northumberland,2022-09,2,-2,0
17801,Northumberland,2022-10,1,-1,0
17801,Northumberland,2022-11,0,0,1
17801,Northumberland,2022-12,-1,1,0
17810,Lycoming,2022-01,10,-10,0
17810,Lycoming,2022-02,9,-9,0
17810,Lycoming,2022-03,8,-8,0
17810,Lycoming,2022-04,7,-7,0
17810,Lycoming,2022-05,6,-6,0
17810,Lycoming,2022-06,5,-5,0
17810,Lycoming,2022-07,4,-4,0
17810,Lycoming,2022-08,3,-3,0
17810,Lycoming,2022-09,2,-2,0
17810,Lycoming,2022-10,1,-1,0
17810,Lycoming,2022-11,0,0,1
17810,Lycoming,2022-12,-1,1,0
17812,Snyder,2022-01,10,-10,0
17812,Snyder,2022-02,9,-9,0
17812,Snyder,2022-03,8,-8,0
17812,Snyder,2022-04,7,-7,0
17812,Snyder,2022-05,6,-6,0
17812,Snyder,2022-06,5,-5,0
17812,Snyder,2022-07,4,-4,0
17812,Snyder,2022-08,3,-3,0
17812,Snyder,2022-09,2,-2,0
17812,Snyder,2022-10,1,-1,0
17812,Snyder,2022-11,0,0,1
17812,Snyder,2022-12,-1,1,0
17813,Snyder,2022-01,10,-10,0
17813,Snyder,2022-02,9,-9,0
17813,Snyder,2022-03,8,-8,0
17813,Snyder,2022-04,7,-7,0
17813,Snyder,2022-05,6,-6,0
17813,Snyder,2022-06,5,-5,0
17813,Snyder,2022-07,4,-4,0
17813,Snyder,2022-08,3,-3,0
17813,Snyder,2022-09,2,-2,0
17813,Snyder,2022-10,1,-1,0
17813,Snyder,2022-11,0,0,1
17813,Snyder,2022-12,-1,1,0
17814,Columbia,2022-01,10,-10,0
17814,Columbia,2022-02,9,-9,0
17814,Columbia,2022-03,8,-8,0
17814,Columbia,2022-04,7,-7,0
17814,Columbia,2022-05,6,-6,0
17814,Columbia,2022-06,5,-5,0
17814,Columbia,2022-07,4,-4,0
17814,Columbia,2022-08,3,-3,0
17814,Columbia,2022-09,2,-2,0
17814,Columbia,2022-10,1,-1,0
17814,Columbia,2022-11,0,0,1
17814,Columbia,2022-12,-1,1,0
17815,Columbia,2022-01,10,-10,0
17815,Columbia,2022-02,9,-9,0
17815,Columbia,2022-03,8,-8,0
17815,Columbia,2022-04,7,-7,0
17815,Columbia,2022-05,6,-6,0
17815,Columbia,2022-06,5,-5,0
17815,Columbia,2022-07,4,-4,0
17815,Columbia,2022-08,3,-3,0
17815,Columbia,2022-09,2,-2,0
17815,Columbia,2022-10,1,-1,0
17815,Columbia,2022-11,0,0,1
17815,Columbia,2022-12,-1,1,0
17820,Columbia,2022-01,10,-10,0
17820,Columbia,2022-02,9,-9,0
17820,Columbia,2022-03,8,-8,0
17820,Columbia,2022-04,7,-7,0
17820,Columbia,2022-05,6,-6,0
17820,Columbia,2022-06,5,-5,0
17820,Columbia,2022-07,4,-4,0
17820,Columbia,2022-08,3,-3,0
17820,Columbia,2022-09,2,-2,0
17820,Columbia,2022-10,1,-1,0
17820,Columbia,2022-11,0,0,1
17820,Columbia,2022-12,-1,1,0
17821,Montour,2022-01,10,-10,0
17821,Montour,2022-02,9,-9,0
17821,Montour,2022-03,8,-8,0
17821,Montour,2022-04,7,-7,0
17821,Montour,2022-05,6,-6,0
17821,Montour,2022-06,5,-5,0
17821,Montour,2022-07,4,-4,0
17821,Montour,2022-08,3,-3,0
17821,Montour,2022-09,2,-2,0
17821,Montour,2022-10,1,-1,0
17821,Montour,2022-11,0,0,1
17821,Montour,2022-12,-1,1,0
17822,Montour,2022-01,10,-10,0
17822,Montour,2022-02,9,-9,0
17822,Montour,2022-03,8,-8,0
17822,Montour,2022-04,7,-7,0
17822,Montour,2022-05,6,-6,0
17822,Montour,2022-06,5,-5,0
17822,Montour,2022-07,4,-4,0
17822,Montour,2022-08,3,-3,0
17822,Montour,2022-09,2,-2,0
17822,Montour,2022-10,1,-1,0
17822,Montour,2022-11,0,0,1
17822,Montour,2022-12,-1,1,0
17823,Northumberland,2022-01,10,-10,0
17823,Northumberland,2022-02,9,-9,0
17823,Northumberland,2022-03,8,-8,0
17823,Northumberland,2022-04,7,-7,0
17823,Northumberland,2022-05,6,-6,0
17823,Northumberland,2022-06,5,-5,0
17823,Northumberland,2022-07,4,-4,0
17823,Northumberland,2022-08,3,-3,0
17823,Northumberland,2022-09,2,-2,0
17823,Northumberland,2022-10,1,-1,0
17823,Northumberland,2022-11,0,0,1
17823,Northumberland,2022-12,-1,1,0
17824,Columbia,2022-01,10,-10,0
17824,Columbia,2022-02,9,-9,0
17824,Columbia,2022-03,8,-8,0
17824,Columbia,2022-04,7,-7,0
17824,Columbia,2022-05,6,-6,0
17824,Columbia,2022-06,5,-5,0
17824,Columbia,2022-07,4,-4,0
17824,Columbia,2022-08,3,-3,0
17824,Columbia,2022-09,2,-2,0
17824,Columbia,2022-10,1,-1,0
17824,Columbia,2022-11,0,0,1
17824,Columbia,2022-12,-1,1,0
17827,Snyder,2022-01,10,-10,0
17827,Snyder,2022-02,9,-9,0
17827,Snyder,2022-03,8,-8,0
17827,Snyder,2022-04,7,-7,0
17827,Snyder,2022-05,6,-6,0
17827,Snyder,2022-06,5,-5,0
17827,Snyder,2022-07,4,-4,0
17827,Snyder,2022-08,3,-3,0
17827,Snyder,2022-09,2,-2,0
17827,Snyder,2022-10,1,-1,0
17827,Snyder,2022-11,0,0,1
17827,Snyder,2022-12,-1,1,0
17829,Union,2022-01,10,-10,0
17829,Union,2022-02,9,-9,0
17829,Union,2022-03,8,-8,0
17829,Union,2022-04,7,-7,0
17829,Union,2022-05,6,-6,0
17829,Union,2022-06,5,-5,0
17829,Union,2022-07,4,-4,0
17829,Union,2022-08,3,-3,0
17829,Union,2022-09,2,-2,0
17829,Union,2022-10,1,-1,0
17829,Union,2022-11,0,0,1
17829,Union,2022-12,-1,1,0
17830,Northumberland,2022-01,10,-10,0
17830,Northumberland,2022-02,9,-9,0
17830,Northumberland,2022-03,8,-8,0
17830,Northumberland,2022-04,7,-7,0
17830,Northumberland,2022-05,6,-6,0
17830,Northumberland,2022-06,5,-5,0
17830,Northumberland,2022-07,4,-4,0
17830,Northumberland,2022-08,3,-3,0
17830,Northumberland,2022-09,2,-2,0
17830,Northumberland,2022-10,1,-1,0
17830,Northumberland,2022-11,0,0,1
17830,Northumberland,2022-12,-1,1,0
17832,Northumberland,2022-01,10,-10,0
17832,Northumberland,2022-02,9,-9,0
17832,Northumberland,2022-03,8,-8,0
17832,Northumberland,2022-04,7,-7,0
17832,Northumberland,2022-05,6,-6,0
17832,Northumberland,2022-06,5,-5,0
17832,Northumberland,2022-07,4,-4,0
17832,Northumberland,2022-08,3,-3,0
17832,Northumberland,2022-09,2,-2,0
17832,Northumberland,2022-10,1,-1,0
17832,Northumberland,2022-11,0,0,1
17832,Northumberland,2022-12,-1,1,0
17834,Northumberland,2022-01,10,-10,0
17834,Northumberland,2022-02,9,-9,0
17834,Northumberland,2022-03,8,-8,0
17834,Northumberland,2022-04,7,-7,0
17834,Northumberland,2022-05,6,-6,0
17834,Northumberland,2022-06,5,-5,0
17834,Northumberland,2022-07,4,-4,0
17834,Northumberland,2022-08,3,-3,0
17834,Northumberland,2022-09,2,-2,0
17834,Northumberland,2022-10,1,-1,0
17834,Northumberland,2022-11,0,0,1
17834,Northumberland,2022-12,-1,1,0
17835,Union,2022-01,10,-10,0
17835,Union,2022-02,9,-9,0
17835,Union,2022-03,8,-8,0
17835,Union,2022-04,7,-7,0
17835,Union,2022-05,6,-6,0
17835,Union,2022-06,5,-5,0
17835,Union,2022-07,4,-4,0
17835,Union,2022-08,3,-3,0
17835,Union,2022-09,2,-2,0
17835,Union,2022-10,1,-1,0
17835,Union,2022-11,0,0,1
17835,Union,2022-12,-1,1,0
17836,Northumberland,2022-01,10,-10,0
17836,Northumberland,2022-02,9,-9,0
17836,Northumberland,2022-03,8,-8,0
17836,Northumberland,2022-04,7,-7,0
17836,Northumberland,2022-05,6,-6,0
17836,Northumberland,2022-06,5,-5,0
17836,Northumberland,2022-07,4,-4,0
17836,Northumberland,2022-08,3,-3,0
17836,Northumberland,2022-09,2,-2,0
17836,Northumberland,2022-10,1,-1,0
17836,Northumberland,2022-11,0,0,1
17836,Northumberland,2022-12,-1,1,0
17837,Union,2022-01,10,-10,0
17837,Union,2022-02,9,-9,0
17837,Union,2022-03,8,-8,0
17837,Union,2022-04,7,-7,0
17837,Union,2022-05,6,-6,0
17837,Union,2022-06,5,-5,0
17837,Union,2022-07,4,-4,0
17837,Union,2022-08,3,-3,0
17837,Union,2022-09,2,-2,0
17837,Union,2022-10,1,-1,0
17837,Union,2022-11,0,0,1
17837,Union,2022-12,-1,1,0
17840,Northumberland,2022-01,10,-10,0
17840,Northumberland,2022-02,9,-9,0
17840,Northumberland,2022-03,8,-8,0
17840,Northumberland,2022-04,7,-7,0
17840,Northumberland,2022-05,6,-6,0
17840,Northumberland,2022-06,5,-5,0
17840,Northumberland,2022-07,4,-4,0
17840,Northumberland,2022-08,3,-3,0
17840,Northumberland,2022-09,2,-2,0
17840,Northumberland,2022-10,1,-1,0
17840,Northumberland,2022-11,0,0,1
17840,Northumberland,2022-12,-1,1,0
17841,Mifflin,2022-01,10,-10,0
17841,Mifflin,2022-02,9,-9,0
17841,Mifflin,2022-03,8,-8,0
17841,Mifflin,2022-04,7,-7,0
17841,Mifflin,2022-05,6,-6,0
17841,Mifflin,2022-06,5,-5,0
17841,Mifflin,2022-07,4,-4,0
17841,Mifflin,2022-08,3,-3,0
17841,Mifflin,2022-09,2,-2,0
17841,Mifflin,2022-10,1,-1,0
17841,Mifflin,2022-11,0,0,1
17841,Mifflin,2022-12,-1,1,0
17842,Snyder,2022-01,10,-10,0
17842,Snyder,2022-02,9,-9,0
17842,Snyder,2022-03,8,-8,0
17842,Snyder,2022-04,7,-7,0
17842,Snyder,2022-05,6,-6,0
17842,Snyder,2022-06,5,-5,0
17842,Snyder,2022-07,4,-4,0
17842,Snyder,2022-08,3,-3,0
17842,Snyder,2022-09,2,-2,0
17842,Snyder,2022-10,1,-1,0
17842,Snyder,2022-11,0,0,1
17842,Snyder,2022-12,-1,1,0
17844,Union,2022-01,10,-10,0
17844,Union,2022-02,9,-9,0
17844,Union,2022-03,8,-8,0
17844,Union,2022-04,7,-7,0
17844,Union,2022-05,6,-6,0
17844,Union,2022-06,5,-5,0
17844,Union,2022-07,4,-4,0
17844,Union,2022-08,3,-3,0
17844,Union,2022-09,2,-2,0
17844,Union,2022-10,1,-1,0
17844,Union,2022-11,0,0,1
17844,Union,2022-12,-1,1,0
17845,Union,2022-01,10,-10,0
17845,Union,2022-02,9,-9,0
17845,Union,2022-03,8,-8,0
17845,Union,2022-04,7,-7,0
17845,Union,2022-05,6,-6,0
17845,Union,2022-06,5,-5,0
17845,Union,2022-07,4,-4,0
17845,Union,2022-08,3,-3,0
17845,Union,2022-09,2,-2,0
17845,Union,2022-10,1,-1,0
17845,Union,2022-11,0,0,1
17845,Union,2022-12,-1,1,0
17846,Columbia,2022-01,10,-10,0
17846,Columbia,2022-02,9,-9,0
17846,Columbia,2022-03,8,-8,0
17846,Columbia,2022-04,7,-7,0
17846,Columbia,2022-05,6,-6,0
17846,Columbia,2022-06,5,-5,0
17846,Columbia,2022-07,4,-4,0
17846,Columbia,2022-08,3,-3,0
17846,Columbia,2022-09,2,-2,0
17846,Columbia,2022-10,1,-1,0
17846,Columbia,2022-11,0,0,1
17846,Columbia,2022-12,-1,1,0
17847,Northumberland,2022-01,10,-10,0
17847,Northumberland,2022-02,9,-9,0
17847,Northumberland,2022-03,8,-8,0
17847,Northumberland,2022-04,7,-7,0
17847,Northumberland,2022-05,6,-6,0
17847,Northumberland,2022-06,5,-5,0
17847,Northumberland,2022-07,4,-4,0
17847,Northumberland,2022-08,3,-3,0
17847,Northumberland,2022-09,2,-2,0
17847,Northumberland,2022-10,1,-1,0
17847,Northumberland,2022-11,0,0,1
17847,Northumberland,2022-12,-1,1,0
17850,Northumberland,2022-01,10,-10,0
17850,Northumberland,2022-02,9,-9,0
17850,Northumberland,2022-03,8,-8,0
17850,Northumberland,2022-04,7,-7,0
17850,Northumberland,2022-05,6,-6,0
17850,Northumberland,2022-06,5,-5,0
17850,Northumberland,2022-07,4,-4,0
17850,Northumberland,2022-08,3,-3,0
17850,Northumberland,2022-09,2,-2,0
17850,Northumberland,2022-10,1,-1,0
17850,Northumberland,2022-11,0,0,1
17850,Northumberland,2022-12,-1,1,0
17851,Northumberland,2022-01,10,-10,0
17851,Northumberland,2022-02,9,-9,0
17851,Northumberland,2022-03,8,-8,0
17851,Northumberland,2022-04,7,-7,0
17851,Northumberland,2022-05,6,-6,0
17851,Northumberland,2022-06,5,-5,0
17851,Northumberland,2022-07,4,-4,0
17851,Northumberland,2022-08,3,-3,0
17851,Northumberland,2022-09,2,-2,0
17851,Northumberland,2022-10,1,-1,0
17851,Northumberland,2022-11,0,0,1
17851,Northumberland,2022-12,-1,1,0
17853,Snyder,2022-01,10,-10,0
17853,Snyder,2022-02,9,-9,0
17853,Snyder,2022-03,8,-8,0
17853,Snyder,2022-04,7,-7,0
17853,Snyder,2022-05,6,-6,0
17853,Snyder,2022-06,5,-5,0
17853,Snyder,2022-07,4,-4,0
17853,Snyder,2022-08,3,-3,0
17853,Snyder,2022-09,2,-2,0
17853,Snyder,2022-10,1,-1,0
17853,Snyder,2022-11,0,0,1
17853,Snyder,2022-12,-1,1,0
17855,Union,2022-01,10,-10,0
17855,Union,2022-02,9,-9,0
17855,Union,2022-03,8,-8,0
17855,Union,2022-04,7,-7,0
17855,Union,2022-05,6,-6,0
17855,Union,2022-06,5,-5,0
17855,Union,2022-07,4,-4,0
17855,Union,2022-08,3,-3,0
17855,Union,2022-09,2,-2,0
17855,Union,2022-10,1,-1,0
17855,Union,2022-11,0,0,1
17855,Union,2022-12,-1,1,0
17856,Union,2022-01,10,-10,0
17856,Union,2022-02,9,-9,0
17856,Union,2022-03,8,-8,0
17856,Union,2022-04,7,-7,0
17856,Union,2022-05,6,-6,0
17856,Union,2022-06,5,-5,0
17856,Union,2022-07,4,-4,0
17856,Union,2022-08,3,-3,0
17856,Union,2022-09,2,-2,0
17856,Union,2022-10,1,-1,0
17856,Union,2022-11,0,0,1
17856,Union,2022-12,-1,1,0
17857,Northumberland,2022-01,10,-10,0
17857,Northumberland,2022-02,9,-9,0
17857,Northumberland,2022-03,8,-8,0
17857,Northumberland,2022-04,7,-7,0
17857,Northumberland,2022-05,6,-6,0
17857,Northumberland,2022-06,5,-5,0
17857,Northumberland,2022-07,4,-4,0
17857,Northumberland,2022-08,3,-3,0
17857,Northumberland,2022-09,2,-2,0
17857,Northumberland,2022-10,1,-1,0
17857,Northumberland,2022-11,0,0,1
17857,Northumberland,2022-12,-1,1,0
17858,Columbia,2022-01,10,-10,0
17858,Columbia,2022-02,9,-9,0
17858,Columbia,2022-03,8,-8,0
17858,Columbia,2022-04,7,-7,0
17858,Columbia,2022-05,6,-6,0
17858,Columbia,2022-06,5,-5,0
17858,Columbia,2022-07,4,-4,0
17858,Columbia,2022-08,3,-3,0
17858,Columbia,2022-09,2,-2,0
17858,Columbia,2022-10,1,-1,0
17858,Columbia,2022-11,0,0,1
17858,Columbia,2022-12,-1,1,0
17859,Columbia,2022-01,10,-10,0
17859,Columbia,2022-02,9,-9,0
17859,Columbia,2022-03,8,-8,0
17859,Columbia,2022-04,7,-7,0
17859,Columbia,2022-05,6,-6,0
17859,Columbia,2022-06,5,-5,0
17859,Columbia,2022-07,4,-4,0
17859,Columbia,2022-08,3,-3,0
17859,Columbia,2022-09,2,-2,0
17859,Columbia,2022-10,1,-1,0
17859,Columbia,2022-11,0,0,1
17859,Columbia,2022-12,-1,1,0
17860,Northumberland,2022-01,10,-10,0
17860,Northumberland,2022-02,9,-9,0
17860,Northumberland,2022-03,8,-8,0
17860,Northumberland,2022-04,7,-7,0
17860,Northumberland,2022-05,6,-6,0
17860,Northumberland,2022-06,5,-5,0
17860,Northumberland,2022-07,4,-4,0
17860,Northumberland,2022-08,3,-3,0
17860,Northumberland,2022-09,2,-2,0
17860,Northumberland,2022-10,1,-1,0
17860,Northumberland,2022-11,0,0,1
17860,Northumberland,2022-12,-1,1,0
17861,Snyder,2022-01,10,-10,0
17861,Snyder,2022-02,9,-9,0
17861,Snyder,2022-03,8,-8,0
17861,Snyder,2022-04,7,-7,0
17861,Snyder,2022-05,6,-6,0
17861,Snyder,2022-06,5,-5,0
17861,Snyder,2022-07,4,-4,0
17861,Snyder,2022-08,3,-3,0
17861,Snyder,2022-09,2,-2,0
17861,Snyder,2022-10,1,-1,0
17861,Snyder,2022-11,0,0,1
17861,Snyder,2022-12,-1,1,0
17862,Snyder,2022-01,10,-10,0
17862,Snyder,2022-02,9,-9,0
17862,Snyder,2022-03,8,-8,0
17862,Snyder,2022-04,7,-7,0
17862,Snyder,2022-05,6,-6,0
17862,Snyder,2022-06,5,-5,0
17862,Snyder,2022-07,4,-4,0
17862,Snyder,2022-08,3,-3,0
17862,Snyder,2022-09,2,-2,0
17862,Snyder,2022-10,1,-1,0
17862,Snyder,2022-11,0,0,1
17862,Snyder,2022-12,-1,1,0
17864,Snyder,2022-01,10,-10,0
17864,Snyder,2022-02,9,-9,0
17864,Snyder,2022-03,8,-8,0
17864,Snyder,2022-04,7,-7,0
17864,Snyder,2022-05,6,-6,0
17864,Snyder,2022-06,5,-5,0
17864,Snyder,2022-07,4,-4,0
17864,Snyder,2022-08,3,-3,0
17864,Snyder,2022-09,2,-2,0
17864,Snyder,2022-10,1,-1,0
17864,Snyder,2022-11,0,0,1
17864,Snyder,2022-12,-1,1,0
17865,Northumberland,2022-01,10,-10,0
17865,Northumberland,2022-02,9,-9,0
17865,Northumberland,2022-03,8,-8,0
17865,Northumberland,2022-04,7,-7,0
17865,Northumberland,2022-05,6,-6,0
17865,Northumberland,2022-06,5,-5,0
17865,Northumberland,2022-07,4,-4,0
17865,Northumberland,2022-08,3,-3,0
17865,Northumberland,2022-09,2,-2,0
17865,Northumberland,2022-10,1,-1,0
17865,Northumberland,2022-11,0,0,1
17865,Northumberland,2022-12,-1,1,0
17866,Northumberland,2022-01,10,-10,0
17866,Northumberland,2022-02,9,-9,0
17866,Northumberland,2022-03,8,-8,0
17866,Northumberland,2022-04,7,-7,0
17866,Northumberland,2022-05,6,-6,0
17866,Northumberland,2022-06,5,-5,0
17866,Northumberland,2022-07,4,-4,0
17866,Northumberland,2022-08,3,-3,0
17866,Northumberland,2022-09,2,-2,0
17866,Northumberland,2022-10,1,-1,0
17866,Northumberland,2022-11,0,0,1
17866,Northumberland,2022-12,-1,1,0
17867,Northumberland,2022-01,10,-10,0
17867,Northumberland,2022-02,9,-9,0
17867,Northumberland,2022-03,8,-8,0
17867,Northumberland,2022-04,7,-7,0
17867,Northumberland,2022-05,6,-6,0
17867,Northumberland,2022-06,5,-5,0
17867,Northumberland,2022-07,4,-4,0
17867,Northumberland,2022-08,3,-3,0
17867,Northumberland,2022-09,2,-2,0
17867,Northumberland,2022-10,1,-1,0
17867,Northumberland,2022-11,0,0,1
17867,Northumberland,2022-12,-1,1,0
17868,Northumberland,2022-01,10,-10,0
17868,Northumberland,2022-02,9,-9,0
17868,Northumberland,2022-03,8,-8,0
17868,Northumberland,2022-04,7,-7,0
17868,Northumberland,2022-05,6,-6,0
17868,Northumberland,2022-06,5,-5,0
17868,Northumberland,2022-07,4,-4,0
17868,Northumberland,2022-08,3,-3,0
17868,Northumberland,2022-09,2,-2,0
17868,Northumberland,2022-10,1,-1,0
17868,Northumberland,2022-11,0,0,1
17868,Northumberland,2022-12,-1,1,0
17870,Snyder,2022-01,10,-10,0
17870,Snyder,2022-02,9,-9,0
17870,Snyder,2022-03,8,-8,0
17870,Snyder,2022-04,7,-7,0
17870,Snyder,2022-05,6,-6,0
17870,Snyder,2022-06,5,-5,0
17870,Snyder,2022-07,4,-4,0
17870,Snyder,2022-08,3,-3,0
17870,Snyder,2022-09,2,-2,0
17870,Snyder,2022-10,1,-1,0
17870,Snyder,2022-11,0,0,1
17870,Snyder,2022-12,-1,1,0
17872,Northumberland,2022-01,10,-10,0
17872,Northumberland,2022-02,9,-9,0
17872,Northumberland,2022-03,8,-8,0
17872,Northumberland,2022-04,7,-7,0
17872,Northumberland,2022-05,6,-6,0
17872,Northumberland,2022-06,5,-5,0
17872,Northumberland,2022-07,4,-4,0
17872,Northumberland,2022-08,3,-3,0
17872,Northumberland,2022-09,2,-2,0
17872,Northumberland,2022-10,1,-1,0
17872,Northumberland,2022-11,0,0,1
17872,Northumberland,2022-12,-1,1,0
17876,Snyder,2022-01,10,-10,0
17876,Snyder,2022-02,9,-9,0
17876,Snyder,2022-03,8,-8,0
17876,Snyder,2022-04,7,-7,0
17876,Snyder,2022-05,6,-6,0
17876,Snyder,2022-06,5,-5,0
17876,Snyder,2022-07,4,-4,0
17876,Snyder,2022-08,3,-3,0
17876,Snyder,2022-09,2,-2,0
17876,Snyder,2022-10,1,-1,0
17876,Snyder,2022-11,0,0,1
17876,Snyder,2022-12,-1,1,0
17878,Columbia,2022-01,10,-10,0
17878,Columbia,2022-02,9,-9,0
17878,Columbia,2022-03,8,-8,0
17878,Columbia,2022-04,7,-7,0
17878,Columbia,2022-05,6,-6,0
17878,Columbia,2022-06,5,-5,0
17878,Columbia,2022-07,4,-4,0
17878,Columbia,2022-08,3,-3,0
17878,Columbia,2022-09,2,-2,0
17878,Columbia,2022-10,1,-1,0
17878,Columbia,2022-11,0,0,1
17878,Columbia,2022-12,-1,1,0
17880,Union,2022-01,10,-10,0
17880,Union,2022-02,9,-9,0
17880,Union,2022-03,8,-8,0
17880,Union,2022-04,7,-7,0
17880,Union,2022-05,6,-6,0
17880,Union,2022-06,5,-5,0
17880,Union,2022-07,4,-4,0
17880,Union,2022-08,3,-3,0
17880,Union,2022-09,2,-2,0
17880,Union,2022-10,1,-1,0
17880,Union,2022-11,0,0,1
17880,Union,2022-12,-1,1,0
17881,Northumberland,2022-01,10,-10,0
17881,Northumberland,2022-02,9,-9,0
17881,Northumberland,2022-03,8,-8,0
17881,Northumberland,2022-04,7,-7,0
17881,Northumberland,2022-05,6,-6,0
17881,Northumberland,2022-06,5,-5,0
17881,Northumberland,2022-07,4,-4,0
17881,Northumberland,2022-08,3,-3,0
17881,Northumberland,2022-09,2,-2,0
17881,Northumberland,2022-10,1,-1,0
17881,Northumberland,2022-11,0,0,1
17881,Northumberland,2022-12,-1,1,0
17884,Montour,2022-01,10,-10,0
17884,Montour,2022-02,9,-9,0
17884,Montour,2022-03,8,-8,0
17884,Montour,2022-04,7,-7,0
17884,Montour,2022-05,6,-6,0
17884,Montour,2022-06,5,-5,0
17884,Montour,2022-07,4,-4,0
17884,Montour,2022-08,3,-3,0
17884,Montour,2022-09,2,-2,0
17884,Montour,2022-10,1,-1,0
17884,Montour,2022-11,0,0,1
17884,Montour,2022-12,-1,1,0
17885,Union,2022-01,10,-10,0
17885,Union,2022-02,9,-9,0
17885,Union,2022-03,8,-8,0
17885,Union,2022-04,7,-7,0
17885,Union,2022-05,6,-6,0
17885,Union,2022-06,5,-5,0
17885,Union,2022-07,4,-4,0
17885,Union,2022-08,3,-3,0
17885,Union,2022-09,2,-2,0
17885,Union,2022-10,1,-1,0
17885,Union,2022-11,0,0,1
17885,Union,2022-12,-1,1,0
17886,Union,2022-01,10,-10,0
17886,Union,2022-02,9,-9,0
17886,Union,2022-03,8,-8,0
17886,Union,2022-04,7,-7,0
17886,Union,2022-05,6,-6,0
17886,Union,2022-06,5,-5,0
17886,Union,2022-07,4,-4,0
17886,Union,2022-08,3,-3,0
17886,Union,2022-09,2,-2,0
17886,Union,2022-10,1,-1,0
17886,Union,2022-11,0,0,1
17886,Union,2022-12,-1,1,0
17887,Union,2022-01,10,-10,0
17887,Union,2022-02,9,-9,0
17887,Union,2022-03,8,-8,0
17887,Union,2022-04,7,-7,0
17887,Union,2022-05,6,-6,0
17887,Union,2022-06,5,-5,0
17887,Union,2022-07,4,-4,0
17887,Union,2022-08,3,-3,0
17887,Union,2022-09,2,-2,0
17887,Union,2022-10,1,-1,0
17887,Union,2022-11,0,0,1
17887,Union,2022-12,-1,1,0
17888,Columbia,2022-01,10,-10,0
17888,Columbia,2022-02,9,-9,0
17888,Columbia,2022-03,8,-8,0
17888,Columbia,2022-04,7,-7,0
17888,Columbia,2022-05,6,-6,0
17888,Columbia,2022-06,5,-5,0
17888,Columbia,2022-07,4,-4,0
17888,Columbia,2022-08,3,-3,0
17888,Columbia,2022-09,2,-2,0
17888,Columbia,2022-10,1,-1,0
17888,Columbia,2022-11,0,0,1
17888,Columbia,2022-12,-1,1,0
17889,Snyder,2022-01,10,-10,0
17889,Snyder,2022-02,9,-9,0
17889,Snyder,2022-03,8,-8,0
17889,Snyder,2022-04,7,-7,0
17889,Snyder,2022-05,6,-6,0
17889,Snyder,2022-06,5,-5,0
17889,Snyder,2022-07,4,-4,0
17889,Snyder,2022-08,3,-3,0
17889,Snyder,2022-09,2,-2,0
17889,Snyder,2022-10,1,-1,0
17889,Snyder,2022-11,0,0,1
17889,Snyder,2022-12,-1,1,0
17901,Schuylkill,2022-01,10,-10,0
17901,Schuylkill,2022-02,9,-9,0
17901,Schuylkill,2022-03,8,-8,0
17901,Schuylkill,2022-04,7,-7,0
17901,Schuylkill,2022-05,6,-6,0
17901,Schuylkill,2022-06,5,-5,0
17901,Schuylkill,2022-07,4,-4,0
17901,Schuylkill,2022-08,3,-3,0
17901,Schuylkill,2022-09,2,-2,0
17901,Schuylkill,2022-10,1,-1,0
17901,Schuylkill,2022-11,0,0,1
17901,Schuylkill,2022-12,-1,1,0
17920,Columbia,2022-01,10,-10,0
17920,Columbia,2022-02,9,-9,0
17920,Columbia,2022-03,8,-8,0
17920,Columbia,2022-04,7,-7,0
17920,Columbia,2022-05,6,-6,0
17920,Columbia,2022-06,5,-5,0
17920,Columbia,2022-07,4,-4,0
17920,Columbia,2022-08,3,-3,0
17920,Columbia,2022-09,2,-2,0
17920,Columbia,2022-10,1,-1,0
17920,Columbia,2022-11,0,0,1
17920,Columbia,2022-12,-1,1,0
17921,Schuylkill,2022-01,10,-10,0
17921,Schuylkill,2022-02,9,-9,0
17921,Schuylkill,2022-03,8,-8,0
17921,Schuylkill,2022-04,7,-7,0
17921,Schuylkill,2022-05,6,-6,0
17921,Schuylkill,2022-06,5,-5,0
17921,Schuylkill,2022-07,4,-4,0
17921,Schuylkill,2022-08,3,-3,0
17921,Schuylkill,2022-09,2,-2,0
17921,Schuylkill,2022-10,1,-1,0
17921,Schuylkill,2022-11,0,0,1
17921,Schuylkill,2022-12,-1,1,0
17922,Schuylkill,2022-01,10,-10,0
17922,Schuylkill,2022-02,9,-9,0
17922,Schuylkill,2022-03,8,-8,0
17922,Schuylkill,2022-04,7,-7,0
17922,Schuylkill,2022-05,6,-6,0
17922,Schuylkill,2022-06,5,-5,0
17922,Schuylkill,2022-07,4,-4,0
17922,Schuylkill,2022-08,3,-3,0
17922,Schuylkill,2022-09,2,-2,0
17922,Schuylkill,2022-10,1,-1,0
17922,Schuylkill,2022-11,0,0,1
17922,Schuylkill,2022-12,-1,1,0
17923,Schuylkill,2022-01,10,-10,0
17923,Schuylkill,2022-02,9,-9,0
17923,Schuylkill,2022-03,8,-8,0
17923,Schuylkill,2022-04,7,-7,0
17923,Schuylkill,2022-05,6,-6,0
17923,Schuylkill,2022-06,5,-5,0
17923,Schuylkill,2022-07,4,-4,0
17923,Schuylkill,2022-08,3,-3,0
17923,Schuylkill,2022-09,2,-2,0
17923,Schuylkill,2022-10,1,-1,0
17923,Schuylkill,2022-11,0,0,1
17923,Schuylkill,2022-12,-1,1,0
17925,Schuylkill,2022-01,10,-10,0
17925,Schuylkill,2022-02,9,-9,0
17925,Schuylkill,2022-03,8,-8,0
17925,Schuylkill,2022-04,7,-7,0
17925,Schuylkill,2022-05,6,-6,0
17925,Schuylkill,2022-06,5,-5,0
17925,Schuylkill,2022-07,4,-4,0
17925,Schuylkill,2022-08,3,-3,0
17925,Schuylkill,2022-09,2,-2,0
17925,Schuylkill,2022-10,1,-1,0
17925,Schuylkill,2022-11,0,0,1
17925,Schuylkill,2022-12,-1,1,0
17929,Schuylkill,2022-01,10,-10,0
17929,Schuylkill,2022-02,9,-9,0
17929,Schuylkill,2022-03,8,-8,0
17929,Schuylkill,2022-04,7,-7,0
17929,Schuylkill,2022-05,6,-6,0
17929,Schuylkill,2022-06,5,-5,0
17929,Schuylkill,2022-07,4,-4,0
17929,Schuylkill,2022-08,3,-3,0
17929,Schuylkill,2022-09,2,-2,0
17929,Schuylkill,2022-10,1,-1,0
17929,Schuylkill,2022-11,0,0,1
17929,Schuylkill,2022-12,-1,1,0
17930,Schuylkill,2022-01,10,-10,0
17930,Schuylkill,2022-02,9,-9,0
17930,Schuylkill,2022-03,8,-8,0
17930,Schuylkill,2022-04,7,-7,0
17930,Schuylkill,2022-05,6,-6,0
17930,Schuylkill,2022-06,5,-5,0
17930,Schuylkill,2022-07,4,-4,0
17930,Schuylkill,2022-08,3,-3,0
17930,Schuylkill,2022-09,2,-2,0
17930,Schuylkill,2022-10,1,-1,0
17930,Schuylkill,2022-11,0,0,1
17930,Schuylkill,2022-12,-1,1,0
17931,Schuylkill,2022-01,10,-10,0
17931,Schuylkill,2022-02,9,-9,0
17931,Schuylkill,2022-03,8,-8,0
17931,Schuylkill,2022-04,7,-7,0
17931,Schuylkill,2022-05,6,-6,0
17931,Schuylkill,2022-06,5,-5,0
17931,Schuylkill,2022-07,4,-4,0
17931,Schuylkill,2022-08,3,-3,0
17931,Schuylkill,2022-09,2,-2,0
17931,Schuylkill,2022-10,1,-1,0
17931,Schuylkill,2022-11,0,0,1
17931,Schuylkill,2022-12,-1,1,0
17933,Schuylkill,2022-01,10,-10,0
17933,Schuylkill,2022-02,9,-9,0
17933,Schuylkill,2022-03,8,-8,0
17933,Schuylkill,2022-04,7,-7,0
17933,Schuylkill,2022-05,6,-6,0
17933,Schuylkill,2022-06,5,-5,0
17933,Schuylkill,2022-07,4,-4,0
17933,Schuylkill,2022-08,3,-3,0
17933,Schuylkill,2022-09,2,-2,0
17933,Schuylkill,2022-10,1,-1,0
17933,Schuylkill,2022-11,0,0,1
17933,Schuylkill,2022-12,-1,1,0
17934,Schuylkill,2022-01,10,-10,0
17934,Schuylkill,2022-02,9,-9,0
17934,Schuylkill,2022-03,8,-8,0
17934,Schuylkill,2022-04,7,-7,0
17934,Schuylkill,2022-05,6,-6,0
17934,Schuylkill,2022-06,5,-5,0
17934,Schuylkill,2022-07,4,-4,0
17934,Schuylkill,2022-08,3,-3,0
17934,Schuylkill,2022-09,2,-2,0
17934,Schuylkill,2022-10,1,-1,0
17934,Schuylkill,2022-11,0,0,1
17934,Schuylkill,2022-12,-1,1,0
17935,Schuylkill,2022-01,10,-10,0
17935,Schuylkill,2022-02,9,-9,0
17935,Schuylkill,2022-03,8,-8,0
17935,Schuylkill,2022-04,7,-7,0
17935,Schuylkill,2022-05,6,-6,0
17935,Schuylkill,2022-06,5,-5,0
17935,Schuylkill,2022-07,4,-4,0
17935,Schuylkill,2022-08,3,-3,0
17935,Schuylkill,2022-09,2,-2,0
17935,Schuylkill,2022-10,1,-1,0
17935,Schuylkill,2022-11,0,0,1
17935,Schuylkill,2022-12,-1,1,0
17936,Schuylkill,2022-01,10,-10,0
17936,Schuylkill,2022-02,9,-9,0
17936,Schuylkill,2022-03,8,-8,0
17936,Schuylkill,2022-04,7,-7,0
17936,Schuylkill,2022-05,6,-6,0
17936,Schuylkill,2022-06,5,-5,0
17936,Schuylkill,2022-07,4,-4,0
17936,Schuylkill,2022-08,3,-3,0
17936,Schuylkill,2022-09,2,-2,0
17936,Schuylkill,2022-10,1,-1,0
17936,Schuylkill,2022-11,0,0,1
17936,Schuylkill,2022-12,-1,1,0
17938,Schuylkill,2022-01,10,-10,0
17938,Schuylkill,2022-02,9,-9,0
17938,Schuylkill,2022-03,8,-8,0
17938,Schuylkill,2022-04,7,-7,0
17938,Schuylkill,2022-05,6,-6,0
17938,Schuylkill,2022-06,5,-5,0
17938,Schuylkill,2022-07,4,-4,0
17938,Schuylkill,2022-08,3,-3,0
17938,Schuylkill,2022-09,2,-2,0
17938,Schuylkill,2022-10,1,-1,0
17938,Schuylkill,2022-11,0,0,1
17938,Schuylkill,2022-12,-1,1,0
17941,Schuylkill,2022-01,10,-10,0
17941,Schuylkill,2022-02,9,-9,0
17941,Schuylkill,2022-03,8,-8,0
17941,Schuylkill,2022-04,7,-7,0
17941,Schuylkill,2022-05,6,-6,0
17941,Schuylkill,2022-06,5,-5,0
17941,Schuylkill,2022-07,4,-4,0
17941,Schuylkill,2022-08,3,-3,0
17941,Schuylkill,2022-09,2,-2,0
17941,Schuylkill,2022-10,1,-1,0
17941,Schuylkill,2022-11,0,0,1
17941,Schuylkill,2022-12,-1,1,0
17943,Schuylkill,2022-01,10,-10,0
17943,Schuylkill,2022-02,9,-9,0
17943,Schuylkill,2022-03,8,-8,0
17943,Schuylkill,2022-04,7,-7,0
17943,Schuylkill,2022-05,6,-6,0
17943,Schuylkill,2022-06,5,-5,0
17943,Schuylkill,2022-07,4,-4,0
17943,Schuylkill,2022-08,3,-3,0
17943,Schuylkill,2022-09,2,-2,0
17943,Schuylkill,2022-10,1,-1,0
17943,Schuylkill,2022-11,0,0,1
17943,Schuylkill,2022-12,-1,1,0
17944,Schuylkill,2022-01,10,-10,0
17944,Schuylkill,2022-02,9,-9,0
17944,Schuylkill,2022-03,8,-8,0
17944,Schuylkill,2022-04,7,-7,0
17944,Schuylkill,2022-05,6,-6,0
17944,Schuylkill,2022-06,5,-5,0
17944,Schuylkill,2022-07,4,-4,0
17944,Schuylkill,2022-08,3,-3,0
17944,Schuylkill,2022-09,2,-2,0
17944,Schuylkill,2022-10,1,-1,0
17944,Schuylkill,2022-11,0,0,1
17944,Schuylkill,2022-12,-1,1,0
17945,Columbia,2022-01,10,-10,0
17945,Columbia,2022-02,9,-9,0
17945,Columbia,2022-03,8,-8,0
17945,Columbia,2022-04,7,-7,0
17945,Columbia,2022-05,6,-6,0
17945,Columbia,2022-06,5,-5,0
17945,Columbia,2022-07,4,-4,0
17945,Columbia,2022-08,3,-3,0
17945,Columbia,2022-09,2,-2,0
17945,Columbia,2022-10,1,-1,0
17945,Columbia,2022-11,0,0,1
17945,Columbia,2022-12,-1,1,0
17946,Schuylkill,2022-01,10,-10,0
17946,Schuylkill,2022-02,9,-9,0
17946,Schuylkill,2022-03,8,-8,0
17946,Schuylkill,2022-04,7,-7,0
17946,Schuylkill,2022-05,6,-6,0
17946,Schuylkill,2022-06,5,-5,0
17946,Schuylkill,2022-07,4,-4,0
17946,Schuylkill,2022-08,3,-3,0
17946,Schuylkill,2022-09,2,-2,0
17946,Schuylkill,2022-10,1,-1,0
17946,Schuylkill,2022-11,0,0,1
17946,Schuylkill,2022-12,-1,1,0
17948,Schuylkill,2022-01,10,-10,0
17948,Schuylkill,2022-02,9,-9,0
17948,Schuylkill,2022-03,8,-8,0
17948,Schuylkill,2022-04,7,-7,0
17948,Schuylkill,2022-05,6,-6,0
17948,Schuylkill,2022-06,5,-5,0
17948,Schuylkill,2022-07,4,-4,0
17948,Schuylkill,2022-08,3,-3,0
17948,Schuylkill,2022-09,2,-2,0
17948,Schuylkill,2022-10,1,-1,0
17948,Schuylkill,2022-11,0,0,1
17948,Schuylkill,2022-12,-1,1,0
17949,Schuylkill,2022-01,10,-10,0
17949,Schuylkill,2022-02,9,-9,0
17949,Schuylkill,2022-03,8,-8,0
17949,Schuylkill,2022-04,7,-7,0
17949,Schuylkill,2022-05,6,-6,0
17949,Schuylkill,2022-06,5,-5,0
17949,Schuylkill,2022-07,4,-4,0
17949,Schuylkill,2022-08,3,-3,0
17949,Schuylkill,2022-09,2,-2,0
17949,Schuylkill,2022-10,1,-1,0
17949,Schuylkill,2022-11,0,0,1
17949,Schuylkill,2022-12,-1,1,0
17951,Schuylkill,2022-01,10,-10,0
17951,Schuylkill,2022-02,9,-9,0
17951,Schuylkill,2022-03,8,-8,0
17951,Schuylkill,2022-04,7,-7,0
17951,Schuylkill,2022-05,6,-6,0
17951,Schuylkill,2022-06,5,-5,0
17951,Schuylkill,2022-07,4,-4,0
17951,Schuylkill,2022-08,3,-3,0
17951,Schuylkill,2022-09,2,-2,0
17951,Schuylkill,2022-10,1,-1,0
17951,Schuylkill,2022-11,0,0,1
17951,Schuylkill,2022-12,-1,1,0
17952,Schuylkill,2022-01,10,-10,0
17952,Schuylkill,2022-02,9,-9,0
17952,Schuylkill,2022-03,8,-8,0
17952,Schuylkill,2022-04,7,-7,0
17952,Schuylkill,2022-05,6,-6,0
17952,Schuylkill,2022-06,5,-5,0
17952,Schuylkill,2022-07,4,-4,0
17952,Schuylkill,2022-08,3,-3,0
17952,Schuylkill,2022-09,2,-2,0
17952,Schuylkill,2022-10,1,-1,0
17952,Schuylkill,2022-11,0,0,1
17952,Schuylkill,2022-12,-1,1,0
17953,Schuylkill,2022-01,10,-10,0
17953,Schuylkill,2022-02,9,-9,0
17953,Schuylkill,2022-03,8,-8,0
17953,Schuylkill,2022-04,7,-7,0
17953,Schuylkill,2022-05,6,-6,0
17953,Schuylkill,2022-06,5,-5,0
17953,Schuylkill,2022-07,4,-4,0
17953,Schuylkill,2022-08,3,-3,0
17953,Schuylkill,2022-09,2,-2,0
17953,Schuylkill,2022-10,1,-1,0
17953,Schuylkill,2022-11,0,0,1
17953,Schuylkill,2022-12,-1,1,0
17954,Schuylkill,2022-01,10,-10,0
17954,Schuylkill,2022-02,9,-9,0
17954,Schuylkill,2022-03,8,-8,0
17954,Schuylkill,2022-04,7,-7,0
17954,Schuylkill,2022-05,6,-6,0
17954,Schuylkill,2022-06,5,-5,0
17954,Schuylkill,2022-07,4,-4,0
17954,Schuylkill,2022-08,3,-3,0
17954,Schuylkill,2022-09,2,-2,0
17954,Schuylkill,2022-10,1,-1,0
17954,Schuylkill,2022-11,0,0,1
17954,Schuylkill,2022-12,-1,1,0
17957,Schuylkill,2022-01,10,-10,0
17957,Schuylkill,2022-02,9,-9,0
17957,Schuylkill,2022-03,8,-8,0
17957,Schuylkill,2022-04,7,-7,0
17957,Schuylkill,2022-05,6,-6,0
17957,Schuylkill,2022-06,5,-5,0
17957,Schuylkill,2022-07,4,-4,0
17957,Schuylkill,2022-08,3,-3,0
17957,Schuylkill,2022-09,2,-2,0
17957,Schuylkill,2022-10,1,-1,0
17957,Schuylkill,2022-11,0,0,1
17957,Schuylkill,2022-12,-1,1,0
17959,Schuylkill,2022-01,10,-10,0
17959,Schuylkill,2022-02,9,-9,0
17959,Schuylkill,2022-03,8,-8,0
17959,Schuylkill,2022-04,7,-7,0
17959,Schuylkill,2022-05,6,-6,0
17959,Schuylkill,2022-06,5,-5,0
17959,Schuylkill,2022-07,4,-4,0
17959,Schuylkill,2022-08,3,-3,0
17959,Schuylkill,2022-09,2,-2,0
17959,Schuylkill,2022-10,1,-1,0
17959,Schuylkill,2022-11,0,0,1
17959,Schuylkill,2022-12,-1,1,0
17960,Schuylkill,2022-01,10,-10,0
17960,Schuylkill,2022-02,9,-9,0
17960,Schuylkill,2022-03,8,-8,0
17960,Schuylkill,2022-04,7,-7,0
17960,Schuylkill,2022-05,6,-6,0
17960,Schuylkill,2022-06,5,-5,0
17960,Schuylkill,2022-07,4,-4,0
17960,Schuylkill,2022-08,3,-3,0
17960,Schuylkill,2022-09,2,-2,0
17960,Schuylkill,2022-10,1,-1,0
17960,Schuylkill,2022-11,0,0,1
17960,Schuylkill,2022-12,-1,1,0
17961,Schuylkill,2022-01,10,-10,0
17961,Schuylkill,2022-02,9,-9,0
17961,Schuylkill,2022-03,8,-8,0
17961,Schuylkill,2022-04,7,-7,0
17961,Schuylkill,2022-05,6,-6,0
17961,Schuylkill,2022-06,5,-5,0
17961,Schuylkill,2022-07,4,-4,0
17961,Schuylkill,2022-08,3,-3,0
17961,Schuylkill,2022-09,2,-2,0
17961,Schuylkill,2022-10,1,-1,0
17961,Schuylkill,2022-11,0,0,1
17961,Schuylkill,2022-12,-1,1,0
17963,Schuylkill,2022-01,10,-10,0
17963,Schuylkill,2022-02,9,-9,0
17963,Schuylkill,2022-03,8,-8,0
17963,Schuylkill,2022-04,7,-7,0
17963,Schuylkill,2022-05,6,-6,0
17963,Schuylkill,2022-06,5,-5,0
17963,Schuylkill,2022-07,4,-4,0
17963,Schuylkill,2022-08,3,-3,0
17963,Schuylkill,2022-09,2,-2,0
17963,Schuylkill,2022-10,1,-1,0
17963,Schuylkill,2022-11,0,0,1
17963,Schuylkill,2022-12,-1,1,0
17964,Schuylkill,2022-01,10,-10,0
17964,Schuylkill,2022-02,9,-9,0
17964,Schuylkill,2022-03,8,-8,0
17964,Schuylkill,2022-04,7,-7,0
17964,Schuylkill,2022-05,6,-6,0
17964,Schuylkill,2022-06,5,-5,0
17964,Schuylkill,2022-07,4,-4,0
17964,Schuylkill,2022-08,3,-3,0
17964,Schuylkill,2022-09,2,-2,0
17964,Schuylkill,2022-10,1,-1,0
17964,Schuylkill,2022-11,0,0,1
17964,Schuylkill,2022-12,-1,1,0
17965,Schuylkill,2022-01,10,-10,0
17965,Schuylkill,2022-02,9,-9,0
17965,Schuylkill,2022-03,8,-8,0
17965,Schuylkill,2022-04,7,-7,0
17965,Schuylkill,2022-05,6,-6,0
17965,Schuylkill,2022-06,5,-5,0
17965,Schuylkill,2022-07,4,-4,0
17965,Schuylkill,2022-08,3,-3,0
17965,Schuylkill,2022-09,2,-2,0
17965,Schuylkill,2022-10,1,-1,0
17965,Schuylkill,2022-11,0,0,1
17965,Schuylkill,2022-12,-1,1,0
17967,Schuylkill,2022-01,10,-10,0
17967,Schuylkill,2022-02,9,-9,0
17967,Schuylkill,2022-03,8,-8,0
17967,Schuylkill,2022-04,7,-7,0
17967,Schuylkill,2022-05,6,-6,0
17967,Schuylkill,2022-06,5,-5,0
17967,Schuylkill,2022-07,4,-4,0
17967,Schuylkill,2022-08,3,-3,0
17967,Schuylkill,2022-09,2,-2,0
17967,Schuylkill,2022-10,1,-1,0
17967,Schuylkill,2022-11,0,0,1
17967,Schuylkill,2022-12,-1,1,0
17968,Schuylkill,2022-01,10,-10,0
17968,Schuylkill,2022-02,9,-9,0
17968,Schuylkill,2022-03,8,-8,0
17968,Schuylkill,2022-04,7,-7,0
17968,Schuylkill,2022-05,6,-6,0
17968,Schuylkill,2022-06,5,-5,0
17968,Schuylkill,2022-07,4,-4,0
17968,Schuylkill,2022-08,3,-3,0
17968,Schuylkill,2022-09,2,-2,0
17968,Schuylkill,2022-10,1,-1,0
17968,Schuylkill,2022-11,0,0,1
17968,Schuylkill,2022-12,-1,1,0
17970,Schuylkill,2022-01,10,-10,0
17970,Schuylkill,2022-02,9,-9,0
17970,Schuylkill,2022-03,8,-8,0
17970,Schuylkill,2022-04,7,-7,0
17970,Schuylkill,2022-05,6,-6,0
17970,Schuylkill,2022-06,5,-5,0
17970,Schuylkill,2022-07,4,-4,0
17970,Schuylkill,2022-08,3,-3,0
17970,Schuylkill,2022-09,2,-2,0
17970,Schuylkill,2022-10,1,-1,0
17970,Schuylkill,2022-11,0,0,1
17970,Schuylkill,2022-12,-1,1,0
17972,Schuylkill,2022-01,10,-10,0
17972,Schuylkill,2022-02,9,-9,0
17972,Schuylkill,2022-03,8,-8,0
17972,Schuylkill,2022-04,7,-7,0
17972,Schuylkill,2022-05,6,-6,0
17972,Schuylkill,2022-06,5,-5,0
17972,Schuylkill,2022-07,4,-4,0
17972,Schuylkill,2022-08,3,-3,0
17972,Schuylkill,2022-09,2,-2,0
17972,Schuylkill,2022-10,1,-1,0
17972,Schuylkill,2022-11,0,0,1
17972,Schuylkill,2022-12,-1,1,0
17974,Schuylkill,2022-01,10,-10,0
17974,Schuylkill,2022-02,9,-9,0
17974,Schuylkill,2022-03,8,-8,0
17974,Schuylkill,2022-04,7,-7,0
17974,Schuylkill,2022-05,6,-6,0
17974,Schuylkill,2022-06,5,-5,0
17974,Schuylkill,2022-07,4,-4,0
17974,Schuylkill,2022-08,3,-3,0
17974,Schuylkill,2022-09,2,-2,0
17974,Schuylkill,2022-10,1,-1,0
17974,Schuylkill,2022-11,0,0,1
17974,Schuylkill,2022-12,-1,1,0
17976,Schuylkill,2022-01,10,-10,0
17976,Schuylkill,2022-02,9,-9,0
17976,Schuylkill,2022-03,8,-8,0
17976,Schuylkill,2022-04,7,-7,0
17976,Schuylkill,2022-05,6,-6,0
17976,Schuylkill,2022-06,5,-5,0
17976,Schuylkill,2022-07,4,-4,0
17976,Schuylkill,2022-08,3,-3,0
17976,Schuylkill,2022-09,2,-2,0
17976,Schuylkill,2022-10,1,-1,0
17976,Schuylkill,2022-11,0,0,1
17976,Schuylkill,2022-12,-1,1,0
17978,Dauphin,2022-01,10,-10,0
17978,Dauphin,2022-02,9,-9,0
17978,Dauphin,2022-03,8,-8,0
17978,Dauphin,2022-04,7,-7,0
17978,Dauphin,2022-05,6,-6,0
17978,Dauphin,2022-06,5,-5,0
17978,Dauphin,2022-07,4,-4,0
17978,Dauphin,2022-08,3,-3,0
17978,Dauphin,2022-09,2,-2,0
17978,Dauphin,2022-10,1,-1,0
17978,Dauphin,2022-11,0,0,1
17978,Dauphin,2022-12,-1,1,0
17979,Schuylkill,2022-01,10,-10,0
17979,Schuylkill,2022-02,9,-9,0
17979,Schuylkill,2022-03,8,-8,0
17979,Schuylkill,2022-04,7,-7,0
17979,Schuylkill,2022-05,6,-6,0
17979,Schuylkill,2022-06,5,-5,0
17979,Schuylkill,2022-07,4,-4,0
17979,Schuylkill,2022-08,3,-3,0
17979,Schuylkill,2022-09,2,-2,0
17979,Schuylkill,2022-10,1,-1,0
17979,Schuylkill,2022-11,0,0,1
17979,Schuylkill,2022-12,-1,1,0
17980,Dauphin,2022-01,10,-10,0
17980,Dauphin,2022-02,9,-9,0
17980,Dauphin,2022-03,8,-8,0
17980,Dauphin,2022-04,7,-7,0
17980,Dauphin,2022-05,6,-6,0
17980,Dauphin,2022-06,5,-5,0
17980,Dauphin,2022-07,4,-4,0
17980,Dauphin,2022-08,3,-3,0
17980,Dauphin,2022-09,2,-2,0
17980,Dauphin,2022-10,1,-1,0
17980,Dauphin,2022-11,0,0,1
17980,Dauphin,2022-12,-1,1,0
17981,Schuylkill,2022-01,10,-10,0
17981,Schuylkill,2022-02,9,-9,0
17981,Schuylkill,2022-03,8,-8,0
17981,Schuylkill,2022-04,7,-7,0
17981,Schuylkill,2022-05,6,-6,0
17981,Schuylkill,2022-06,5,-5,0
17981,Schuylkill,2022-07,4,-4,0
17981,Schuylkill,2022-08,3,-3,0
17981,Schuylkill,2022-09,2,-2,0
17981,Schuylkill,2022-10,1,-1,0
17981,Schuylkill,2022-11,0,0,1
17981,Schuylkill,2022-12,-1,1,0
17982,Schuylkill,2022-01,10,-10,0
17982,Schuylkill,2022-02,9,-9,0
17982,Schuylkill,2022-03,8,-8,0
17982,Schuylkill,2022-04,7,-7,0
17982,Schuylkill,2022-05,6,-6,0
17982,Schuylkill,2022-06,5,-5,0
17982,Schuylkill,2022-07,4,-4,0
17982,Schuylkill,2022-08,3,-3,0
17982,Schuylkill,2022-09,2,-2,0
17982,Schuylkill,2022-10,1,-1,0
17982,Schuylkill,2022-11,0,0,1
17982,Schuylkill,2022-12,-1,1,0
17983,Schuylkill,2022-01,10,-10,0
17983,Schuylkill,2022-02,9,-9,0
17983,Schuylkill,2022-03,8,-8,0
17983,Schuylkill,2022-04,7,-7,0
17983,Schuylkill,2022-05,6,-6,0
17983,Schuylkill,2022-06,5,-5,0
17983,Schuylkill,2022-07,4,-4,0
17983,Schuylkill,2022-08,3,-3,0
17983,Schuylkill,2022-09,2,-2,0
17983,Schuylkill,2022-10,1,-1,0
17983,Schuylkill,2022-11,0,0,1
17983,Schuylkill,2022-12,-1,1,0
17985,Schuylkill,2022-01,10,-10,0
17985,Schuylkill,2022-02,9,-9,0
17985,Schuylkill,2022-03,8,-8,0
17985,Schuylkill,2022-04,7,-7,0
17985,Schuylkill,2022-05,6,-6,0
17985,Schuylkill,2022-06,5,-5,0
17985,Schuylkill,2022-07,4,-4,0
17985,Schuylkill,2022-08,3,-3,0
17985,Schuylkill,2022-09,2,-2,0
17985,Schuylkill,2022-10,1,-1,0
17985,Schuylkill,2022-11,0,0,1
17985,Schuylkill,2022-12,-1,1,0
18011,Berks,2022-01,10,-10,0
18011,Berks,2022-02,9,-9,0
18011,Berks,2022-03,8,-8,0
18011,Berks,2022-04,7,-7,0
18011,Berks,2022-05,6,-6,0
18011,Berks,2022-06,5,-5,0
18011,Berks,2022-07,4,-4,0
18011,Berks,2022-08,3,-3,0
18011,Berks,2022-09,2,-2,0
18011,Berks,2022-10,1,-1,0
18011,Berks,2022-11,0,0,1
18011,Berks,2022-12,-1,1,0
18012,Carbon,2022-01,10,-10,0
18012,Carbon,2022-02,9,-9,0
18012,Carbon,2022-03,8,-8,0
18012,Carbon,2022-04,7,-7,0
18012,Carbon,2022-05,6,-6,0
18012,Carbon,2022-06,5,-5,0
18012,Carbon,2022-07,4,-4,0
18012,Carbon,2022-08,3,-3,0
18012,Carbon,2022-09,2,-2,0
18012,Carbon,2022-10,1,-1,0
18012,Carbon,2022-11,0,0,1
18012,Carbon,2022-12,-1,1,0
18013,Northampton,2022-01,10,-10,0
18013,Northampton,2022-02,9,-9,0
18013,Northampton,2022-03,8,-8,0
18013,Northampton,2022-04,7,-7,0
18013,Northampton,2022-05,6,-6,0
18013,Northampton,2022-06,5,-5,0
18013,Northampton,2022-07,4,-4,0
18013,Northampton,2022-08,3,-3,0
18013,Northampton,2022-09,2,-2,0
18013,Northampton,2022-10,1,-1,0
18013,Northampton,2022-11,0,0,1
18013,Northampton,2022-12,-1,1,0
18014,Northampton,2022-01,10,-10,0
18014,Northampton,2022-02,9,-9,0
18014,Northampton,2022-03,8,-8,0
18014,Northampton,2022-04,7,-7,0
18014,Northampton,2022-05,6,-6,0
18014,Northampton,2022-06,5,-5,0
18014,Northampton,2022-07,4,-4,0
18014,Northampton,2022-08,3,-3,0
18014,Northampton,2022-09,2,-2,0
18014,Northampton,2022-10,1,-1,0
18014,Northampton,2022-11,0,0,1
18014,Northampton,2022-12,-1,1,0
18015,Northampton,2022-01,10,-10,0
18015,Northampton,2022-02,9,-9,0
18015,Northampton,2022-03,8,-8,0
18015,Northampton,2022-04,7,-7,0
18015,Northampton,2022-05,6,-6,0
18015,Northampton,2022-06,5,-5,0
18015,Northampton,2022-07,4,-4,0
18015,Northampton,2022-08,3,-3,0
18015,Northampton,2022-09,2,-2,0
18015,Northampton,2022-10,1,-1,0
18015,Northampton,2022-11,0,0,1
18015,Northampton,2022-12,-1,1,0
18017,Northampton,2022-01,10,-10,0
18017,Northampton,2022-02,9,-9,0
18017,Northampton,2022-03,8,-8,0
18017,Northampton,2022-04,7,-7,0
18017,Northampton,2022-05,6,-6,0
18017,Northampton,2022-06,5,-5,0
18017,Northampton,2022-07,4,-4,0
18017,Northampton,2022-08,3,-3,0
18017,Northampton,2022-09,2,-2,0
18017,Northampton,2022-10,1,-1,0
18017,Northampton,2022-11,0,0,1
18017,Northampton,2022-12,-1,1,0
18018,Lehigh,2022-01,10,-10,0
18018,Lehigh,2022-02,9,-9,0
18018,Lehigh,2022-03,8,-8,0
18018,Lehigh,2022-04,7,-7,0
18018,Lehigh,2022-05,6,-6,0
18018,Lehigh,2022-06,5,-5,0
18018,Lehigh,2022-07,4,-4,0
18018,Lehigh,2022-08,3,-3,0
18018,Lehigh,2022-09,2,-2,0
18018,Lehigh,2022-10,1,-1,0
18018,Lehigh,2022-11,0,0,1
18018,Lehigh,2022-12,-1,1,0
18020,Northampton,2022-01,10,-10,0
18020,Northampton,2022-02,9,-9,0
18020,Northampton,2022-03,8,-8,0
18020,Northampton,2022-04,7,-7,0
18020,Northampton,2022-05,6,-6,0
18020,Northampton,2022-06,5,-5,0
18020,Northampton,2022-07,4,-4,0
18020,Northampton,2022-08,3,-3,0
18020,Northampton,2022-09,2,-2,0
18020,Northampton,2022-10,1,-1,0
18020,Northampton,2022-11,0,0,1
18020,Northampton,2022-12,-1,1,0
18030,Carbon,2022-01,10,-10,0
18030,Carbon,2022-02,9,-9,0
18030,Carbon,2022-03,8,-8,0
18030,Carbon,2022-04,7,-7,0
18030,Carbon,2022-05,6,-6,0
18030,Carbon,2022-06,5,-5,0
18030,Carbon,2022-07,4,-4,0
18030,Carbon,2022-08,3,-3,0
18030,Carbon,2022-09,2,-2,0
18030,Carbon,2022-10,1,-1,0
18030,Carbon,2022-11,0,0,1
18030,Carbon,2022-12,-1,1,0
18031,Lehigh,2022-01,10,-10,0
18031,Lehigh,2022-02,9,-9,0
18031,Lehigh,2022-03,8,-8,0
18031,Lehigh,2022-04,7,-7,0
18031,Lehigh,2022-05,6,-6,0
18031,Lehigh,2022-06,5,-5,0
18031,Lehigh,2022-07,4,-4,0
18031,Lehigh,2022-08,3,-3,0
18031,Lehigh,2022-09,2,-2,0
18031,Lehigh,2022-10,1,-1,0
18031,Lehigh,2022-11,0,0,1
18031,Lehigh,2022-12,-1,1,0
18032,Lehigh,2022-01,10,-10,0
18032,Lehigh,2022-02,9,-9,0
18032,Lehigh,2022-03,8,-8,0
18032,Lehigh,2022-04,7,-7,0
18032,Lehigh,2022-05,6,-6,0
18032,Lehigh,2022-06,5,-5,0
18032,Lehigh,2022-07,4,-4,0
18032,Lehigh,2022-08,3,-3,0
18032,Lehigh,2022-09,2,-2,0
18032,Lehigh,2022-10,1,-1,0
18032,Lehigh,2022-11,0,0,1
18032,Lehigh,2022-12,-1,1,0
18034,Lehigh,2022-01,10,-10,0
18034,Lehigh,2022-02,9,-9,0
18034,Lehigh,2022-03,8,-8,0
18034,Lehigh,2022-04,7,-7,0
18034,Lehigh,2022-05,6,-6,0
18034,Lehigh,2022-06,5,-5,0
18034,Lehigh,2022-07,4,-4,0
18034,Lehigh,2022-08,3,-3,0
18034,Lehigh,2022-09,2,-2,0
18034,Lehigh,2022-10,1,-1,0
18034,Lehigh,2022-11,0,0,1
18034,Lehigh,2022-12,-1,1,0
18035,Northampton,2022-01,10,-10,0
18035,Northampton,2022-02,9,-9,0
18035,Northampton,2022-03,8,-8,0
18035,Northampton,2022-04,7,-7,0
18035,Northampton,2022-05,6,-6,0
18035,Northampton,2022-06,5,-5,0
18035,Northampton,2022-07,4,-4,0
18035,Northampton,2022-08,3,-3,0
18035,Northampton,2022-09,2,-2,0
18035,Northampton,2022-10,1,-1,0
18035,Northampton,2022-11,0,0,1
18035,Northampton,2022-12,-1,1,0
18036,Lehigh,2022-01,10,-10,0
18036,Lehigh,2022-02,9,-9,0
18036,Lehigh,2022-03,8,-8,0
18036,Lehigh,2022-04,7,-7,0
18036,Lehigh,2022-05,6,-6,0
18036,Lehigh,2022-06,5,-5,0
18036,Lehigh,2022-07,4,-4,0
18036,Lehigh,2022-08,3,-3,0
18036,Lehigh,2022-09,2,-2,0
18036,Lehigh,2022-10,1,-1,0
18036,Lehigh,2022-11,0,0,1
18036,Lehigh,2022-12,-1,1,0
18037,Lehigh,2022-01,10,-10,0
18037,Lehigh,2022-02,9,-9,0
18037,Lehigh,2022-03,8,-8,0
18037,Lehigh,2022-04,7,-7,0
18037,Lehigh,2022-05,6,-6,0
18037,Lehigh,2022-06,5,-5,0
18037,Lehigh,2022-07,4,-4,0
18037,Lehigh,2022-08,3,-3,0
18037,Lehigh,2022-09,2,-2,0
18037,Lehigh,2022-10,1,-1,0
18037,Lehigh,2022-11,0,0,1
18037,Lehigh,2022-12,-1,1,0
18038,Northampton,2022-01,10,-10,0
18038,Northampton,2022-02,9,-9,0
18038,Northampton,2022-03,8,-8,0
18038,Northampton,2022-04,7,-7,0
18038,Northampton,2022-05,6,-6,0
18038,Northampton,2022-06,5,-5,0
18038,Northampton,2022-07,4,-4,0
18038,Northampton,2022-08,3,-3,0
18038,Northampton,2022-09,2,-2,0
18038,Northampton,2022-10,1,-1,0
18038,Northampton,2022-11,0,0,1
18038,Northampton,2022-12,-1,1,0
18040,Northampton,2022-01,10,-10,0
18040,Northampton,2022-02,9,-9,0
18040,Northampton,2022-03,8,-8,0
18040,Northampton,2022-04,7,-7,0
18040,Northampton,2022-05,6,-6,0
18040,Northampton,2022-06,5,-5,0
18040,Northampton,2022-07,4,-4,0
18040,Northampton,2022-08,3,-3,0
18040,Northampton,2022-09,2,-2,0
18040,Northampton,2022-10,1,-1,0
18040,Northampton,2022-11,0,0,1
18040,Northampton,2022-12,-1,1,0
18041,Montgomery,2022-01,10,-10,0
18041,Montgomery,2022-02,9,-9,0
18041,Montgomery,2022-03,8,-8,0
18041,Montgomery,2022-04,7,-7,0
18041,Montgomery,2022-05,6,-6,0
18041,Montgomery,2022-06,5,-5,0
18041,Montgomery,2022-07,4,-4,0
18041,Montgomery,2022-08,3,-3,0
18041,Montgomery,2022-09,2,-2,0
18041,Montgomery,2022-10,1,-1,0
18041,Montgomery,2022-11,0,0,1
18041,Montgomery,2022-12,-1,1,0
18042,Northampton,2022-01,10,-10,0
18042,Northampton,2022-02,9,-9,0
18042,Northampton,2022-03,8,-8,0
18042,Northampton,2022-04,7,-7,0
18042,Northampton,2022-05,6,-6,0
18042,Northampton,2022-06,5,-5,0
18042,Northampton,2022-07,4,-4,0
18042,Northampton,2022-08,3,-3,0
18042,Northampton,2022-09,2,-2,0
18042,Northampton,2022-10,1,-1,0
18042,Northampton,2022-11,0,0,1
18042,Northampton,2022-12,-1,1,0
18045,Northampton,2022-01,10,-10,0
18045,Northampton,2022-02,9,-9,0
18045,Northampton,2022-03,8,-8,0
18045,Northampton,2022-04,7,-7,0
18045,Northampton,2022-05,6,-6,0
18045,Northampton,2022-06,5,-5,0
18045,Northampton,2022-07,4,-4,0
18045,Northampton,2022-08,3,-3,0
18045,Northampton,2022-09,2,-2,0
18045,Northampton,2022-10,1,-1,0
18045,Northampton,2022-11,0,0,1
18045,Northampton,2022-12,-1,1,0
18046,Lehigh,2022-01,10,-10,0
18046,Lehigh,2022-02,9,-9,0
18046,Lehigh,2022-03,8,-8,0
18046,Lehigh,2022-04,7,-7,0
18046,Lehigh,2022-05,6,-6,0
18046,Lehigh,2022-06,5,-5,0
18046,Lehigh,2022-07,4,-4,0
18046,Lehigh,2022-08,3,-3,0
18046,Lehigh,2022-09,2,-2,0
18046,Lehigh,2022-10,1,-1,0
18046,Lehigh,2022-11,0,0,1
18046,Lehigh,2022-12,-1,1,0
18049,Lehigh,2022-01,10,-10,0
18049,Lehigh,2022-02,9,-9,0
18049,Lehigh,2022-03,8,-8,0
18049,Lehigh,2022-04,7,-7,0
18049,Lehigh,2022-05,6,-6,0
18049,Lehigh,2022-06,5,-5,0
18049,Lehigh,2022-07,4,-4,0
18049,Lehigh,2022-08,3,-3,0
18049,Lehigh,2022-09,2,-2,0
18049,Lehigh,2022-10,1,-1,0
18049,Lehigh,2022-11,0,0,1
18049,Lehigh,2022-12,-1,1,0
18051,Lehigh,2022-01,10,-10,0
18051,Lehigh,2022-02,9,-9,0
18051,Lehigh,2022-03,8,-8,0
18051,Lehigh,2022-04,7,-7,0
18051,Lehigh,2022-05,6,-6,0
18051,Lehigh,2022-06,5,-5,0
18051,Lehigh,2022-07,4,-4,0
18051,Lehigh,2022-08,3,-3,0
18051,Lehigh,2022-09,2,-2,0
18051,Lehigh,2022-10,1,-1,0
18051,Lehigh,2022-11,0,0,1
18051,Lehigh,2022-12,-1,1,0
18052,Lehigh,2022-01,10,-10,0
18052,Lehigh,2022-02,9,-9,0
18052,Lehigh,2022-03,8,-8,0
18052,Lehigh,2022-04,7,-7,0
18052,Lehigh,2022-05,6,-6,0
18052,Lehigh,2022-06,5,-5,0
18052,Lehigh,2022-07,4,-4,0
18052,Lehigh,2022-08,3,-3,0
18052,Lehigh,2022-09,2,-2,0
18052,Lehigh,2022-10,1,-1,0
18052,Lehigh,2022-11,0,0,1
18052,Lehigh,2022-12,-1,1,0
18053,Lehigh,2022-01,10,-10,0
18053,Lehigh,2022-02,9,-9,0
18053,Lehigh,2022-03,8,-8,0
18053,Lehigh,2022-04,7,-7,0
18053,Lehigh,2022-05,6,-6,0
18053,Lehigh,2022-06,5,-5,0
18053,Lehigh,2022-07,4,-4,0
18053,Lehigh,2022-08,3,-3,0
18053,Lehigh,2022-09,2,-2,0
18053,Lehigh,2022-10,1,-1,0
18053,Lehigh,2022-11,0,0,1
18053,Lehigh,2022-12,-1,1,0
18054,Montgomery,2022-01,10,-10,0
18054,Montgomery,2022-02,9,-9,0
18054,Montgomery,2022-03,8,-8,0
18054,Montgomery,2022-04,7,-7,0
18054,Montgomery,2022-05,6,-6,0
18054,Montgomery,2022-06,5,-5,0
18054,Montgomery,2022-07,4,-4,0
18054,Montgomery,2022-08,3,-3,0
18054,Montgomery,2022-09,2,-2,0
18054,Montgomery,2022-10,1,-1,0
18054,Montgomery,2022-11,0,0,1
18054,Montgomery,2022-12,-1,1,0
18055,Northampton,2022-01,10,-10,0
18055,Northampton,2022-02,9,-9,0
18055,Northampton,2022-03,8,-8,0
18055,Northampton,2022-04,7,-7,0
18055,Northampton,2022-05,6,-6,0
18055,Northampton,2022-06,5,-5,0
18055,Northampton,2022-07,4,-4,0
18055,Northampton,2022-08,3,-3,0
18055,Northampton,2022-09,2,-2,0
18055,Northampton,2022-10,1,-1,0
18055,Northampton,2022-11,0,0,1
18055,Northampton,2022-12,-1,1,0
18056,Berks,2022-01,10,-10,0
18056,Berks,2022-02,9,-9,0
18056,Berks,2022-03,8,-8,0
18056,Berks,2022-04,7,-7,0
18056,Berks,2022-05,6,-6,0
18056,Berks,2022-06,5,-5,0
18056,Berks,2022-07,4,-4,0
18056,Berks,2022-08,3,-3,0
18056,Berks,2022-09,2,-2,0
18056,Berks,2022-10,1,-1,0
18056,Berks,2022-11,0,0,1
18056,Berks,2022-12,-1,1,0
18058,Monroe,2022-01,10,-10,0
18058,Monroe,2022-02,9,-9,0
18058,Monroe,2022-03,8,-8,0
18058,Monroe,2022-04,7,-7,0
18058,Monroe,2022-05,6,-6,0
18058,Monroe,2022-06,5,-5,0
18058,Monroe,2022-07,4,-4,0
18058,Monroe,2022-08,3,-3,0
18058,Monroe,2022-09,2,-2,0
18058,Monroe,2022-10,1,-1,0
18058,Monroe,2022-11,0,0,1
18058,Monroe,2022-12,-1,1,0
18059,Lehigh,2022-01,10,-10,0
18059,Lehigh,2022-02,9,-9,0
18059,Lehigh,2022-03,8,-8,0
18059,Lehigh,2022-04,7,-7,0
18059,Lehigh,2022-05,6,-6,0
18059,Lehigh,2022-06,5,-5,0
18059,Lehigh,2022-07,4,-4,0
18059,Lehigh,2022-08,3,-3,0
18059,Lehigh,2022-09,2,-2,0
18059,Lehigh,2022-10,1,-1,0
18059,Lehigh,2022-11,0,0,1
18059,Lehigh,2022-12,-1,1,0
18062,Lehigh,2022-01,10,-10,0
18062,Lehigh,2022-02,9,-9,0
18062,Lehigh,2022-03,8,-8,0
18062,Lehigh,2022-04,7,-7,0
18062,Lehigh,2022-05,6,-6,0
18062,Lehigh,2022-06,5,-5,0
18062,Lehigh,2022-07,4,-4,0
18062,Lehigh,2022-08,3,-3,0
18062,Lehigh,2022-09,2,-2,0
18062,Lehigh,2022-10,1,-1,0
18062,Lehigh,2022-11,0,0,1
18062,Lehigh,2022-12,-1,1,0
18063,Northampton,2022-01,10,-10,0
18063,Northampton,2022-02,9,-9,0
18063,Northampton,2022-03,8,-8,0
18063,Northampton,2022-04,7,-7,0
18063,Northampton,2022-05,6,-6,0
18063,Northampton,2022-06,5,-5,0
18063,Northampton,2022-07,4,-4,0
18063,Northampton,2022-08,3,-3,0
18063,Northampton,2022-09,2,-2,0
18063,Northampton,2022-10,1,-1,0
18063,Northampton,2022-11,0,0,1
18063,Northampton,2022-12,-1,1,0
18064,Northampton,2022-01,10,-10,0
18064,Northampton,2022-02,9,-9,0
18064,Northampton,2022-03,8,-8,0
18064,Northampton,2022-04,7,-7,0
18064,Northampton,2022-05,6,-6,0
18064,Northampton,2022-06,5,-5,0
18064,Northampton,2022-07,4,-4,0
18064,Northampton,2022-08,3,-3,0
18064,Northampton,2022-09,2,-2,0
18064,Northampton,2022-10,1,-1,0
18064,Northampton,2022-11,0,0,1
18064,Northampton,2022-12,-1,1,0
18065,Lehigh,2022-01,10,-10,0
18065,Lehigh,2022-02,9,-9,0
18065,Lehigh,2022-03,8,-8,0
18065,Lehigh,2022-04,7,-7,0
18065,Lehigh,2022-05,6,-6,0
18065,Lehigh,2022-06,5,-5,0
18065,Lehigh,2022-07,4,-4,0
18065,Lehigh,2022-08,3,-3,0
18065,Lehigh,2022-09,2,-2,0
18065,Lehigh,2022-10,1,-1,0
18065,Lehigh,2022-11,0,0,1
18065,Lehigh,2022-12,-1,1,0
18066,Lehigh,2022-01,10,-10,0
18066,Lehigh,2022-02,9,-9,0
18066,Lehigh,2022-03,8,-8,0
18066,Lehigh,2022-04,7,-7,0
18066,Lehigh,2022-05,6,-6,0
18066,Lehigh,2022-06,5,-5,0
18066,Lehigh,2022-07,4,-4,0
18066,Lehigh,2022-08,3,-3,0
18066,Lehigh,2022-09,2,-2,0
18066,Lehigh,2022-10,1,-1,0
18066,Lehigh,2022-11,0,0,1
18066,Lehigh,2022-12,-1,1,0
18067,Northampton,2022-01,10,-10,0
18067,Northampton,2022-02,9,-9,0
18067,Northampton,2022-03,8,-8,0
18067,Northampton,2022-04,7,-7,0
18067,Northampton,2022-05,6,-6,0
18067,Northampton,2022-06,5,-5,0
18067,Northampton,2022-07,4,-4,0
18067,Northampton,2022-08,3,-3,0
18067,Northampton,2022-09,2,-2,0
18067,Northampton,2022-10,1,-1,0
18067,Northampton,2022-11,0,0,1
18067,Northampton,2022-12,-1,1,0
18069,Lehigh,2022-01,10,-10,0
18069,Lehigh,2022-02,9,-9,0
18069,Lehigh,2022-03,8,-8,0
18069,Lehigh,2022-04,7,-7,0
18069,Lehigh,2022-05,6,-6,0
18069,Lehigh,2022-06,5,-5,0
18069,Lehigh,2022-07,4,-4,0
18069,Lehigh,2022-08,3,-3,0
18069,Lehigh,2022-09,2,-2,0
18069,Lehigh,2022-10,1,-1,0
18069,Lehigh,2022-11,0,0,1
18069,Lehigh,2022-12,-1,1,0
18070,Montgomery,2022-01,10,-10,0
18070,Montgomery,2022-02,9,-9,0
18070,Montgomery,2022-03,8,-8,0
18070,Montgomery,2022-04,7,-7,0
18070,Montgomery,2022-05,6,-6,0
18070,Montgomery,2022-06,5,-5,0
18070,Montgomery,2022-07,4,-4,0
18070,Montgomery,2022-08,3,-3,0
18070,Montgomery,2022-09,2,-2,0
18070,Montgomery,2022-10,1,-1,0
18070,Montgomery,2022-11,0,0,1
18070,Montgomery,2022-12,-1,1,0
18071,Carbon,2022-01,10,-10,0
18071,Carbon,2022-02,9,-9,0
18071,Carbon,2022-03,8,-8,0
18071,Carbon,2022-04,7,-7,0
18071,Carbon,2022-05,6,-6,0
18071,Carbon,2022-06,5,-5,0
18071,Carbon,2022-07,4,-4,0
18071,Carbon,2022-08,3,-3,0
18071,Carbon,2022-09,2,-2,0
18071,Carbon,2022-10,1,-1,0
18071,Carbon,2022-11,0,0,1
18071,Carbon,2022-12,-1,1,0
18072,Northampton,2022-01,10,-10,0
18072,Northampton,2022-02,9,-9,0
18072,Northampton,2022-03,8,-8,0
18072,Northampton,2022-04,7,-7,0
18072,Northampton,2022-05,6,-6,0
18072,Northampton,2022-06,5,-5,0
18072,Northampton,2022-07,4,-4,0
18072,Northampton,2022-08,3,-3,0
18072,Northampton,2022-09,2,-2,0
18072,Northampton,2022-10,1,-1,0
18072,Northampton,2022-11,0,0,1
18072,Northampton,2022-12,-1,1,0
18073,Montgomery,2022-01,10,-10,0
18073,Montgomery,2022-02,9,-9,0
18073,Montgomery,2022-03,8,-8,0
18073,Montgomery,2022-04,7,-7,0
18073,Montgomery,2022-05,6,-6,0
18073,Montgomery,2022-06,5,-5,0
18073,Montgomery,2022-07,4,-4,0
18073,Montgomery,2022-08,3,-3,0
18073,Montgomery,2022-09,2,-2,0
18073,Montgomery,2022-10,1,-1,0
18073,Montgomery,2022-11,0,0,1
18073,Montgomery,2022-12,-1,1,0
18074,Montgomery,2022-01,10,-10,0
18074,Montgomery,2022-02,9,-9,0
18074,Montgomery,2022-03,8,-8,0
18074,Montgomery,2022-04,7,-7,0
18074,Montgomery,2022-05,6,-6,0
18074,Montgomery,2022-06,5,-5,0
18074,Montgomery,2022-07,4,-4,0
18074,Montgomery,2022-08,3,-3,0
18074,Montgomery,2022-09,2,-2,0
18074,Montgomery,2022-10,1,-1,0
18074,Montgomery,2022-11,0,0,1
18074,Montgomery,2022-12,-1,1,0
18076,Montgomery,2022-01,10,-10,0
18076,Montgomery,2022-02,9,-9,0
18076,Montgomery,2022-03,8,-8,0
18076,Montgomery,2022-04,7,-7,0
18076,Montgomery,2022-05,6,-6,0
18076,Montgomery,2022-06,5,-5,0
18076,Montgomery,2022-07,4,-4,0
18076,Montgomery,2022-08,3,-3,0
18076,Montgomery,2022-09,2,-2,0
18076,Montgomery,2022-10,1,-1,0
18076,Montgomery,2022-11,0,0,1
18076,Montgomery,2022-12,-1,1,0
18077,Bucks,2022-01,10,-10,0
18077,Bucks,2022-02,9,-9,0
18077,Bucks,2022-03,8,-8,0
18077,Bucks,2022-04,7,-7,0
18077,Bucks,2022-05,6,-6,0
18077,Bucks,2022-06,5,-5,0
18077,Bucks,2022-07,4,-4,0
18077,Bucks,2022-08,3,-3,0
18077,Bucks,2022-09,2,-2,0
18077,Bucks,2022-10,1,-1,0
18077,Bucks,2022-11,0,0,1
18077,Bucks,2022-12,-1,1,0
18078,Lehigh,2022-01,10,-10,0
18078,Lehigh,2022-02,9,-9,0
18078,Lehigh,2022-03,8,-8,0
18078,Lehigh,2022-04,7,-7,0
18078,Lehigh,2022-05,6,-6,0
18078,Lehigh,2022-06,5,-5,0
18078,Lehigh,2022-07,4,-4,0
18078,Lehigh,2022-08,3,-3,0
18078,Lehigh,2022-09,2,-2,0
18078,Lehigh,2022-10,1,-1,0
18078,Lehigh,2022-11,0,0,1
18078,Lehigh,2022-12,-1,1,0
18079,Lehigh,2022-01,10,-10,0
18079,Lehigh,2022-02,9,-9,0
18079,Lehigh,2022-03,8,-8,0
18079,Lehigh,2022-04,7,-7,0
18079,Lehigh,2022-05,6,-6,0
18079,Lehigh,2022-06,5,-5,0
18079,Lehigh,2022-07,4,-4,0
18079,Lehigh,2022-08,3,-3,0
18079,Lehigh,2022-09,2,-2,0
18079,Lehigh,2022-10,1,-1,0
18079,Lehigh,2022-11,0,0,1
18079,Lehigh,2022-12,-1,1,0
18080,Lehigh,2022-01,10,-10,0
18080,Lehigh,2022-02,9,-9,0
18080,Lehigh,2022-03,8,-8,0
18080,Lehigh,2022-04,7,-7,0
18080,Lehigh,2022-05,6,-6,0
18080,Lehigh,2022-06,5,-5,0
18080,Lehigh,2022-07,4,-4,0
18080,Lehigh,2022-08,3,-3,0
18080,Lehigh,2022-09,2,-2,0
18080,Lehigh,2022-10,1,-1,0
18080,Lehigh,2022-11,0,0,1
18080,Lehigh,2022-12,-1,1,0
18081,Bucks,2022-01,10,-10,0
18081,Bucks,2022-02,9,-9,0
18081,Bucks,2022-03,8,-8,0
18081,Bucks,2022-04,7,-7,0
18081,Bucks,2022-05,6,-6,0
18081,Bucks,2022-06,5,-5,0
18081,Bucks,2022-07,4,-4,0
18081,Bucks,2022-08,3,-3,0
18081,Bucks,2022-09,2,-2,0
18081,Bucks,2022-10,1,-1,0
18081,Bucks,2022-11,0,0,1
18081,Bucks,2022-12,-1,1,0
18083,Northampton,2022-01,10,-10,0
18083,Northampton,2022-02,9,-9,0
18083,Northampton,2022-03,8,-8,0
18083,Northampton,2022-04,7,-7,0
18083,Northampton,2022-05,6,-6,0
18083,Northampton,2022-06,5,-5,0
18083,Northampton,2022-07,4,-4,0
18083,Northampton,2022-08,3,-3,0
18083,Northampton,2022-09,2,-2,0
18083,Northampton,2022-10,1,-1,0
18083,Northampton,2022-11,0,0,1
18083,Northampton,2022-12,-1,1,0
18085,Northampton,2022-01,10,-10,0
18085,Northampton,2022-02,9,-9,0
18085,Northampton,2022-03,8,-8,0
18085,Northampton,2022-04,7,-7,0
18085,Northampton,2022-05,6,-6,0
18085,Northampton,2022-06,5,-5,0
18085,Northampton,2022-07,4,-4,0
18085,Northampton,2022-08,3,-3,0
18085,Northampton,2022-09,2,-2,0
18085,Northampton,2022-10,1,-1,0
18085,Northampton,2022-11,0,0,1
18085,Northampton,2022-12,-1,1,0
18086,Northampton,2022-01,10,-10,0
18086,Northampton,2022-02,9,-9,0
18086,Northampton,2022-03,8,-8,0
18086,Northampton,2022-04,7,-7,0
18086,Northampton,2022-05,6,-6,0
18086,Northampton,2022-06,5,-5,0
18086,Northampton,2022-07,4,-4,0
18086,Northampton,2022-08,3,-3,0
18086,Northampton,2022-09,2,-2,0
18086,Northampton,2022-10,1,-1,0
18086,Northampton,2022-11,0,0,1
18086,Northampton,2022-12,-1,1,0
18087,Lehigh,2022-01,10,-10,0
18087,Lehigh,2022-02,9,-9,0
18087,Lehigh,2022-03,8,-8,0
18087,Lehigh,2022-04,7,-7,0
18087,Lehigh,2022-05,6,-6,0
18087,Lehigh,2022-06,5,-5,0
18087,Lehigh,2022-07,4,-4,0
18087,Lehigh,2022-08,3,-3,0
18087,Lehigh,2022-09,2,-2,0
18087,Lehigh,2022-10,1,-1,0
18087,Lehigh,2022-11,0,0,1
18087,Lehigh,2022-12,-1,1,0
18088,Northampton,2022-01,10,-10,0
18088,Northampton,2022-02,9,-9,0
18088,Northampton,2022-03,8,-8,0
18088,Northampton,2022-04,7,-7,0
18088,Northampton,2022-05,6,-6,0
18088,Northampton,2022-06,5,-5,0
18088,Northampton,2022-07,4,-4,0
18088,Northampton,2022-08,3,-3,0
18088,Northampton,2022-09,2,-2,0
18088,Northampton,2022-10,1,-1,0
18088,Northampton,2022-11,0,0,1
18088,Northampton,2022-12,-1,1,0
18091,Northampton,2022-01,10,-10,0
18091,Northampton,2022-02,9,-9,0
18091,Northampton,2022-03,8,-8,0
18091,Northampton,2022-04,7,-7,0
18091,Northampton,2022-05,6,-6,0
18091,Northampton,2022-06,5,-5,0
18091,Northampton,2022-07,4,-4,0
18091,Northampton,2022-08,3,-3,0
18091,Northampton,2022-09,2,-2,0
18091,Northampton,2022-10,1,-1,0
18091,Northampton,2022-11,0,0,1
18091,Northampton,2022-12,-1,1,0
18092,Lehigh,2022-01,10,-10,0
18092,Lehigh,2022-02,9,-9,0
18092,Lehigh,2022-03,8,-8,0
18092,Lehigh,2022-04,7,-7,0
18092,Lehigh,2022-05,6,-6,0
18092,Lehigh,2022-06,5,-5,0
18092,Lehigh,2022-07,4,-4,0
18092,Lehigh,2022-08,3,-3,0
18092,Lehigh,2022-09,2,-2,0
18092,Lehigh,2022-10,1,-1,0
18092,Lehigh,2022-11,0,0,1
18092,Lehigh,2022-12,-1,1,0
18101,Lehigh,2022-01,10,-10,0
18101,Lehigh,2022-02,9,-9,0
18101,Lehigh,2022-03,8,-8,0
18101,Lehigh,2022-04,7,-7,0
18101,Lehigh,2022-05,6,-6,0
18101,Lehigh,2022-06,5,-5,0
18101,Lehigh,2022-07,4,-4,0
18101,Lehigh,2022-08,3,-3,0
18101,Lehigh,2022-09,2,-2,0
18101,Lehigh,2022-10,1,-1,0
18101,Lehigh,2022-11,0,0,1
18101,Lehigh,2022-12,-1,1,0
18102,Lehigh,2022-01,10,-10,0
18102,Lehigh,2022-02,9,-9,0
18102,Lehigh,2022-03,8,-8,0
18102,Lehigh,2022-04,7,-7,0
18102,Lehigh,2022-05,6,-6,0
18102,Lehigh,2022-06,5,-5,0
18102,Lehigh,2022-07,4,-4,0
18102,Lehigh,2022-08,3,-3,0
18102,Lehigh,2022-09,2,-2,0
18102,Lehigh,2022-10,1,-1,0
18102,Lehigh,2022-11,0,0,1
18102,Lehigh,2022-12,-1,1,0
18103,Lehigh,2022-01,10,-10,0
18103,Lehigh,2022-02,9,-9,0
18103,Lehigh,2022-03,8,-8,0
18103,Lehigh,2022-04,7,-7,0
18103,Lehigh,2022-05,6,-6,0
18103,Lehigh,2022-06,5,-5,0
18103,Lehigh,2022-07,4,-4,0
18103,Lehigh,2022-08,3,-3,0
18103,Lehigh,2022-09,2,-2,0
18103,Lehigh,2022-10,1,-1,0
18103,Lehigh,2022-11,0,0,1
18103,Lehigh,2022-12,-1,1,0
18104,Lehigh,2022-01,10,-10,0
18104,Lehigh,2022-02,9,-9,0
18104,Lehigh,2022-03,8,-8,0
18104,Lehigh,2022-04,7,-7,0
18104,Lehigh,2022-05,6,-6,0
18104,Lehigh,2022-06,5,-5,0
18104,Lehigh,2022-07,4,-4,0
18104,Lehigh,2022-08,3,-3,0
18104,Lehigh,2022-09,2,-2,0
18104,Lehigh,2022-10,1,-1,0
18104,Lehigh,2022-11,0,0,1
18104,Lehigh,2022-12,-1,1,0
18106,Lehigh,2022-01,10,-10,0
18106,Lehigh,2022-02,9,-9,0
18106,Lehigh,2022-03,8,-8,0
18106,Lehigh,2022-04,7,-7,0
18106,Lehigh,2022-05,6,-6,0
18106,Lehigh,2022-06,5,-5,0
18106,Lehigh,2022-07,4,-4,0
18106,Lehigh,2022-08,3,-3,0
18106,Lehigh,2022-09,2,-2,0
18106,Lehigh,2022-10,1,-1,0
18106,Lehigh,2022-11,0,0,1
18106,Lehigh,2022-12,-1,1,0
18109,Lehigh,2022-01,10,-10,0
18109,Lehigh,2022-02,9,-9,0
18109,Lehigh,2022-03,8,-8,0
18109,Lehigh,2022-04,7,-7,0
18109,Lehigh,2022-05,6,-6,0
18109,Lehigh,2022-06,5,-5,0
18109,Lehigh,2022-07,4,-4,0
18109,Lehigh,2022-08,3,-3,0
18109,Lehigh,2022-09,2,-2,0
18109,Lehigh,2022-10,1,-1,0
18109,Lehigh,2022-11,0,0,1
18109,Lehigh,2022-12,-1,1,0
18195,Lehigh,2022-01,10,-10,0
18195,Lehigh,2022-02,9,-9,0
18195,Lehigh,2022-03,8,-8,0
18195,Lehigh,2022-04,7,-7,0
18195,Lehigh,2022-05,6,-6,0
18195,Lehigh,2022-06,5,-5,0
18195,Lehigh,2022-07,4,-4,0
18195,Lehigh,2022-08,3,-3,0
18195,Lehigh,2022-09,2,-2,0
18195,Lehigh,2022-10,1,-1,0
18195,Lehigh,2022-11,0,0,1
18195,Lehigh,2022-12,-1,1,0
18201,Luzerne,2022-01,10,-10,0
18201,Luzerne,2022-02,9,-9,0
18201,Luzerne,2022-03,8,-8,0
18201,Luzerne,2022-04,7,-7,0
18201,Luzerne,2022-05,6,-6,0
18201,Luzerne,2022-06,5,-5,0
18201,Luzerne,2022-07,4,-4,0
18201,Luzerne,2022-08,3,-3,0
18201,Luzerne,2022-09,2,-2,0
18201,Luzerne,2022-10,1,-1,0
18201,Luzerne,2022-11,0,0,1
18201,Luzerne,2022-12,-1,1,0
18202,Luzerne,2022-01,10,-10,0
18202,Luzerne,2022-02,9,-9,0
18202,Luzerne,2022-03,8,-8,0
18202,Luzerne,2022-04,7,-7,0
18202,Luzerne,2022-05,6,-6,0
18202,Luzerne,2022-06,5,-5,0
18202,Luzerne,2022-07,4,-4,0
18202,Luzerne,2022-08,3,-3,0
18202,Luzerne,2022-09,2,-2,0
18202,Luzerne,2022-10,1,-1,0
18202,Luzerne,2022-11,0,0,1
18202,Luzerne,2022-12,-1,1,0
18210,Carbon,2022-01,10,-10,0
18210,Carbon,2022-02,9,-9,0
18210,Carbon,2022-03,8,-8,0
18210,Carbon,2022-04,7,-7,0
18210,Carbon,2022-05,6,-6,0
18210,Carbon,2022-06,5,-5,0
18210,Carbon,2022-07,4,-4,0
18210,Carbon,2022-08,3,-3,0
18210,Carbon,2022-09,2,-2,0
18210,Carbon,2022-10,1,-1,0
18210,Carbon,2022-11,0,0,1
18210,Carbon,2022-12,-1,1,0
18211,Schuylkill,2022-01,10,-10,0
18211,Schuylkill,2022-02,9,-9,0
18211,Schuylkill,2022-03,8,-8,0
18211,Schuylkill,2022-04,7,-7,0
18211,Schuylkill,2022-05,6,-6,0
18211,Schuylkill,2022-06,5,-5,0
18211,Schuylkill,2022-07,4,-4,0
18211,Schuylkill,2022-08,3,-3,0
18211,Schuylkill,2022-09,2,-2,0
18211,Schuylkill,2022-10,1,-1,0
18211,Schuylkill,2022-11,0,0,1
18211,Schuylkill,2022-12,-1,1,0
18212,Carbon,2022-01,10,-10,0
18212,Carbon,2022-02,9,-9,0
18212,Carbon,2022-03,8,-8,0
18212,Carbon,2022-04,7,-7,0
18212,Carbon,2022-05,6,-6,0
18212,Carbon,2022-06,5,-5,0
18212,Carbon,2022-07,4,-4,0
18212,Carbon,2022-08,3,-3,0
18212,Carbon,2022-09,2,-2,0
18212,Carbon,2022-10,1,-1,0
18212,Carbon,2022-11,0,0,1
18212,Carbon,2022-12,-1,1,0
18214,Schuylkill,2022-01,10,-10,0
18214,Schuylkill,2022-02,9,-9,0
18214,Schuylkill,2022-03,8,-8,0
18214,Schuylkill,2022-04,7,-7,0
18214,Schuylkill,2022-05,6,-6,0
18214,Schuylkill,2022-06,5,-5,0
18214,Schuylkill,2022-07,4,-4,0
18214,Schuylkill,2022-08,3,-3,0
18214,Schuylkill,2022-09,2,-2,0
18214,Schuylkill,2022-10,1,-1,0
18214,Schuylkill,2022-11,0,0,1
18214,Schuylkill,2022-12,-1,1,0
18216,Carbon,2022-01,10,-10,0
18216,Carbon,2022-02,9,-9,0
18216,Carbon,2022-03,8,-8,0
18216,Carbon,2022-04,7,-7,0
18216,Carbon,2022-05,6,-6,0
18216,Carbon,2022-06,5,-5,0
18216,Carbon,2022-07,4,-4,0
18216,Carbon,2022-08,3,-3,0
18216,Carbon,2022-09,2,-2,0
18216,Carbon,2022-10,1,-1,0
18216,Carbon,2022-11,0,0,1
18216,Carbon,2022-12,-1,1,0
18218,Schuylkill,2022-01,10,-10,0
18218,Schuylkill,2022-02,9,-9,0
18218,Schuylkill,2022-03,8,-8,0
18218,Schuylkill,2022-04,7,-7,0
18218,Schuylkill,2022-05,6,-6,0
18218,Schuylkill,2022-06,5,-5,0
18218,Schuylkill,2022-07,4,-4,0
18218,Schuylkill,2022-08,3,-3,0
18218,Schuylkill,2022-09,2,-2,0
18218,Schuylkill,2022-10,1,-1,0
18218,Schuylkill,2022-11,0,0,1
18218,Schuylkill,2022-12,-1,1,0
18219,Luzerne,2022-01,10,-10,0
18219,Luzerne,2022-02,9,-9,0
18219,Luzerne,2022-03,8,-8,0
18219,Luzerne,2022-04,7,-7,0
18219,Luzerne,2022-05,6,-6,0
18219,Luzerne,2022-06,5,-5,0
18219,Luzerne,2022-07,4,-4,0
18219,Luzerne,2022-08,3,-3,0
18219,Luzerne,2022-09,2,-2,0
18219,Luzerne,2022-10,1,-1,0
18219,Luzerne,2022-11,0,0,1
18219,Luzerne,2022-12,-1,1,0
18220,Schuylkill,2022-01,10,-10,0
18220,Schuylkill,2022-02,9,-9,0
18220,Schuylkill,2022-03,8,-8,0
18220,Schuylkill,2022-04,7,-7,0
18220,Schuylkill,2022-05,6,-6,0
18220,Schuylkill,2022-06,5,-5,0
18220,Schuylkill,2022-07,4,-4,0
18220,Schuylkill,2022-08,3,-3,0
18220,Schuylkill,2022-09,2,-2,0
18220,Schuylkill,2022-10,1,-1,0
18220,Schuylkill,2022-11,0,0,1
18220,Schuylkill,2022-12,-1,1,0
18221,Luzerne,2022-01,10,-10,0
18221,Luzerne,2022-02,9,-9,0
18221,Luzerne,2022-03,8,-8,0
18221,Luzerne,2022-04,7,-7,0
18221,Luzerne,2022-05,6,-6,0
18221,Luzerne,2022-06,5,-5,0
18221,Luzerne,2022-07,4,-4,0
18221,Luzerne,2022-08,3,-3,0
18221,Luzerne,2022-09,2,-2,0
18221,Luzerne,2022-10,1,-1,0
18221,Luzerne,2022-11,0,0,1
18221,Luzerne,2022-12,-1,1,0
18222,Luzerne,2022-01,10,-10,0
18222,Luzerne,2022-02,9,-9,0
18222,Luzerne,2022-03,8,-8,0
18222,Luzerne,2022-04,7,-7,0
18222,Luzerne,2022-05,6,-6,0
18222,Luzerne,2022-06,5,-5,0
18222,Luzerne,2022-07,4,-4,0
18222,Luzerne,2022-08,3,-3,0
18222,Luzerne,2022-09,2,-2,0
18222,Luzerne,2022-10,1,-1,0
18222,Luzerne,2022-11,0,0,1
18222,Luzerne,2022-12,-1,1,0
18223,Luzerne,2022-01,10,-10,0
18223,Luzerne,2022-02,9,-9,0
18223,Luzerne,2022-03,8,-8,0
18223,Luzerne,2022-04,7,-7,0
18223,Luzerne,2022-05,6,-6,0
18223,Luzerne,2022-06,5,-5,0
18223,Luzerne,2022-07,4,-4,0
18223,Luzerne,2022-08,3,-3,0
18223,Luzerne,2022-09,2,-2,0
18223,Luzerne,2022-10,1,-1,0
18223,Luzerne,2022-11,0,0,1
18223,Luzerne,2022-12,-1,1,0
18224,Luzerne,2022-01,10,-10,0
18224,Luzerne,2022-02,9,-9,0
18224,Luzerne,2022-03,8,-8,0
18224,Luzerne,2022-04,7,-7,0
18224,Luzerne,2022-05,6,-6,0
18224,Luzerne,2022-06,5,-5,0
18224,Luzerne,2022-07,4,-4,0
18224,Luzerne,2022-08,3,-3,0
18224,Luzerne,2022-09,2,-2,0
18224,Luzerne,2022-10,1,-1,0
18224,Luzerne,2022-11,0,0,1
18224,Luzerne,2022-12,-1,1,0
18225,Luzerne,2022-01,10,-10,0
18225,Luzerne,2022-02,9,-9,0
18225,Luzerne,2022-03,8,-8,0
18225,Luzerne,2022-04,7,-7,0
18225,Luzerne,2022-05,6,-6,0
18225,Luzerne,2022-06,5,-5,0
18225,Luzerne,2022-07,4,-4,0
18225,Luzerne,2022-08,3,-3,0
18225,Luzerne,2022-09,2,-2,0
18225,Luzerne,2022-10,1,-1,0
18225,Luzerne,2022-11,0,0,1
18225,Luzerne,2022-12,-1,1,0
18229,Carbon,2022-01,10,-10,0
18229,Carbon,2022-02,9,-9,0
18229,Carbon,2022-03,8,-8,0
18229,Carbon,2022-04,7,-7,0
18229,Carbon,2022-05,6,-6,0
18229,Carbon,2022-06,5,-5,0
18229,Carbon,2022-07,4,-4,0
18229,Carbon,2022-08,3,-3,0
18229,Carbon,2022-09,2,-2,0
18229,Carbon,2022-10,1,-1,0
18229,Carbon,2022-11,0,0,1
18229,Carbon,2022-12,-1,1,0
18230,Carbon,2022-01,10,-10,0
18230,Carbon,2022-02,9,-9,0
18230,Carbon,2022-03,8,-8,0
18230,Carbon,2022-04,7,-7,0
18230,Carbon,2022-05,6,-6,0
18230,Carbon,2022-06,5,-5,0
18230,Carbon,2022-07,4,-4,0
18230,Carbon,2022-08,3,-3,0
18230,Carbon,2022-09,2,-2,0
18230,Carbon,2022-10,1,-1,0
18230,Carbon,2022-11,0,0,1
18230,Carbon,2022-12,-1,1,0
18231,Schuylkill,2022-01,10,-10,0
18231,Schuylkill,2022-02,9,-9,0
18231,Schuylkill,2022-03,8,-8,0
18231,Schuylkill,2022-04,7,-7,0
18231,Schuylkill,2022-05,6,-6,0
18231,Schuylkill,2022-06,5,-5,0
18231,Schuylkill,2022-07,4,-4,0
18231,Schuylkill,2022-08,3,-3,0
18231,Schuylkill,2022-09,2,-2,0
18231,Schuylkill,2022-10,1,-1,0
18231,Schuylkill,2022-11,0,0,1
18231,Schuylkill,2022-12,-1,1,0
18232,Carbon,2022-01,10,-10,0
18232,Carbon,2022-02,9,-9,0
18232,Carbon,2022-03,8,-8,0
18232,Carbon,2022-04,7,-7,0
18232,Carbon,2022-05,6,-6,0
18232,Carbon,2022-06,5,-5,0
18232,Carbon,2022-07,4,-4,0
18232,Carbon,2022-08,3,-3,0
18232,Carbon,2022-09,2,-2,0
18232,Carbon,2022-10,1,-1,0
18232,Carbon,2022-11,0,0,1
18232,Carbon,2022-12,-1,1,0
18234,Luzerne,2022-01,10,-10,0
18234,Luzerne,2022-02,9,-9,0
18234,Luzerne,2022-03,8,-8,0
18234,Luzerne,2022-04,7,-7,0
18234,Luzerne,2022-05,6,-6,0
18234,Luzerne,2022-06,5,-5,0
18234,Luzerne,2022-07,4,-4,0
18234,Luzerne,2022-08,3,-3,0
18234,Luzerne,2022-09,2,-2,0
18234,Luzerne,2022-10,1,-1,0
18234,Luzerne,2022-11,0,0,1
18234,Luzerne,2022-12,-1,1,0
18235,Carbon,2022-01,10,-10,0
18235,Carbon,2022-02,9,-9,0
18235,Carbon,2022-03,8,-8,0
18235,Carbon,2022-04,7,-7,0
18235,Carbon,2022-05,6,-6,0
18235,Carbon,2022-06,5,-5,0
18235,Carbon,2022-07,4,-4,0
18235,Carbon,2022-08,3,-3,0
18235,Carbon,2022-09,2,-2,0
18235,Carbon,2022-10,1,-1,0
18235,Carbon,2022-11,0,0,1
18235,Carbon,2022-12,-1,1,0
18237,Schuylkill,2022-01,10,-10,0
18237,Schuylkill,2022-02,9,-9,0
18237,Schuylkill,2022-03,8,-8,0
18237,Schuylkill,2022-04,7,-7,0
18237,Schuylkill,2022-05,6,-6,0
18237,Schuylkill,2022-06,5,-5,0
18237,Schuylkill,2022-07,4,-4,0
18237,Schuylkill,2022-08,3,-3,0
18237,Schuylkill,2022-09,2,-2,0
18237,Schuylkill,2022-10,1,-1,0
18237,Schuylkill,2022-11,0,0,1
18237,Schuylkill,2022-12,-1,1,0
18239,Luzerne,2022-01,10,-10,0
18239,Luzerne,2022-02,9,-9,0
18239,Luzerne,2022-03,8,-8,0
18239,Luzerne,2022-04,7,-7,0
18239,Luzerne,2022-05,6,-6,0
18239,Luzerne,2022-06,5,-5,0
18239,Luzerne,2022-07,4,-4,0
18239,Luzerne,2022-08,3,-3,0
18239,Luzerne,2022-09,2,-2,0
18239,Luzerne,2022-10,1,-1,0
18239,Luzerne,2022-11,0,0,1
18239,Luzerne,2022-12,-1,1,0
18240,Carbon,2022-01,10,-10,0
18240,Carbon,2022-02,9,-9,0
18240,Carbon,2022-03,8,-8,0
18240,Carbon,2022-04,7,-7,0
18240,Carbon,2022-05,6,-6,0
18240,Carbon,2022-06,5,-5,0
18240,Carbon,2022-07,4,-4,0
18240,Carbon,2022-08,3,-3,0
18240,Carbon,2022-09,2,-2,0
18240,Carbon,2022-10,1,-1,0
18240,Carbon,2022-11,0,0,1
18240,Carbon,2022-12,-1,1,0
18241,Luzerne,2022-01,10,-10,0
18241,Luzerne,2022-02,9,-9,0
18241,Luzerne,2022-03,8,-8,0
18241,Luzerne,2022-04,7,-7,0
18241,Luzerne,2022-05,6,-6,0
18241,Luzerne,2022-06,5,-5,0
18241,Luzerne,2022-07,4,-4,0
18241,Luzerne,2022-08,3,-3,0
18241,Luzerne,2022-09,2,-2,0
18241,Luzerne,2022-10,1,-1,0
18241,Luzerne,2022-11,0,0,1
18241,Luzerne,2022-12,-1,1,0
18242,Schuylkill,2022-01,10,-10,0
18242,Schuylkill,2022-02,9,-9,0
18242,Schuylkill,2022-03,8,-8,0
18242,Schuylkill,2022-04,7,-7,0
18242,Schuylkill,2022-05,6,-6,0
18242,Schuylkill,2022-06,5,-5,0
18242,Schuylkill,2022-07,4,-4,0
18242,Schuylkill,2022-08,3,-3,0
18242,Schuylkill,2022-09,2,-2,0
18242,Schuylkill,2022-10,1,-1,0
18242,Schuylkill,2022-11,0,0,1
18242,Schuylkill,2022-12,-1,1,0
18244,Carbon,2022-01,10,-10,0
18244,Carbon,2022-02,9,-9,0
18244,Carbon,2022-03,8,-8,0
18244,Carbon,2022-04,7,-7,0
18244,Carbon,2022-05,6,-6,0
18244,Carbon,2022-06,5,-5,0
18244,Carbon,2022-07,4,-4,0
18244,Carbon,2022-08,3,-3,0
18244,Carbon,2022-09,2,-2,0
18244,Carbon,2022-10,1,-1,0
18244,Carbon,2022-11,0,0,1
18244,Carbon,2022-12,-1,1,0
18245,Schuylkill,2022-01,10,-10,0
18245,Schuylkill,2022-02,9,-9,0
18245,Schuylkill,2022-03,8,-8,0
18245,Schuylkill,2022-04,7,-7,0
18245,Schuylkill,2022-05,6,-6,0
18245,Schuylkill,2022-06,5,-5,0
18245,Schuylkill,2022-07,4,-4,0
18245,Schuylkill,2022-08,3,-3,0
18245,Schuylkill,2022-09,2,-2,0
18245,Schuylkill,2022-10,1,-1,0
18245,Schuylkill,2022-11,0,0,1
18245,Schuylkill,2022-12,-1,1,0
18246,Luzerne,2022-01,10,-10,0
18246,Luzerne,2022-02,9,-9,0
18246,Luzerne,2022-03,8,-8,0
18246,Luzerne,2022-04,7,-7,0
18246,Luzerne,2022-05,6,-6,0
18246,Luzerne,2022-06,5,-5,0
18246,Luzerne,2022-07,4,-4,0
18246,Luzerne,2022-08,3,-3,0
18246,Luzerne,2022-09,2,-2,0
18246,Luzerne,2022-10,1,-1,0
18246,Luzerne,2022-11,0,0,1
18246,Luzerne,2022-12,-1,1,0
18248,Schuylkill,2022-01,10,-10,0
18248,Schuylkill,2022-02,9,-9,0
18248,Schuylkill,2022-03,8,-8,0
18248,Schuylkill,2022-04,7,-7,0
18248,Schuylkill,2022-05,6,-6,0
18248,Schuylkill,2022-06,5,-5,0
18248,Schuylkill,2022-07,4,-4,0
18248,Schuylkill,2022-08,3,-3,0
18248,Schuylkill,2022-09,2,-2,0
18248,Schuylkill,2022-10,1,-1,0
18248,Schuylkill,2022-11,0,0,1
18248,Schuylkill,2022-12,-1,1,0
18249,Luzerne,2022-01,10,-10,0
18249,Luzerne,2022-02,9,-9,0
18249,Luzerne,2022-03,8,-8,0
18249,Luzerne,2022-04,7,-7,0
18249,Luzerne,2022-05,6,-6,0
18249,Luzerne,2022-06,5,-5,0
18249,Luzerne,2022-07,4,-4,0
18249,Luzerne,2022-08,3,-3,0
18249,Luzerne,2022-09,2,-2,0
18249,Luzerne,2022-10,1,-1,0
18249,Luzerne,2022-11,0,0,1
18249,Luzerne,2022-12,-1,1,0
18250,Carbon,2022-01,10,-10,0
18250,Carbon,2022-02,9,-9,0
18250,Carbon,2022-03,8,-8,0
18250,Carbon,2022-04,7,-7,0
18250,Carbon,2022-05,6,-6,0
18250,Carbon,2022-06,5,-5,0
18250,Carbon,2022-07,4,-4,0
18250,Carbon,2022-08,3,-3,0
18250,Carbon,2022-09,2,-2,0
18250,Carbon,2022-10,1,-1,0
18250,Carbon,2022-11,0,0,1
18250,Carbon,2022-12,-1,1,0
18252,Schuylkill,2022-01,10,-10,0
18252,Schuylkill,2022-02,9,-9,0
18252,Schuylkill,2022-03,8,-8,0
18252,Schuylkill,2022-04,7,-7,0
18252,Schuylkill,2022-05,6,-6,0
18252,Schuylkill,2022-06,5,-5,0
18252,Schuylkill,2022-07,4,-4,0
18252,Schuylkill,2022-08,3,-3,0
18252,Schuylkill,2022-09,2,-2,0
18252,Schuylkill,2022-10,1,-1,0
18252,Schuylkill,2022-11,0,0,1
18252,Schuylkill,2022-12,-1,1,0
18254,Carbon,2022-01,10,-10,0
18254,Carbon,2022-02,9,-9,0
18254,Carbon,2022-03,8,-8,0
18254,Carbon,2022-04,7,-7,0
18254,Carbon,2022-05,6,-6,0
18254,Carbon,2022-06,5,-5,0
18254,Carbon,2022-07,4,-4,0
18254,Carbon,2022-08,3,-3,0
18254,Carbon,2022-09,2,-2,0
18254,Carbon,2022-10,1,-1,0
18254,Carbon,2022-11,0,0,1
18254,Carbon,2022-12,-1,1,0
18255,Carbon,2022-01,10,-10,0
18255,Carbon,2022-02,9,-9,0
18255,Carbon,2022-03,8,-8,0
18255,Carbon,2022-04,7,-7,0
18255,Carbon,2022-05,6,-6,0
18255,Carbon,2022-06,5,-5,0
18255,Carbon,2022-07,4,-4,0
18255,Carbon,2022-08,3,-3,0
18255,Carbon,2022-09,2,-2,0
18255,Carbon,2022-10,1,-1,0
18255,Carbon,2022-11,0,0,1
18255,Carbon,2022-12,-1,1,0
18256,Luzerne,2022-01,10,-10,0
18256,Luzerne,2022-02,9,-9,0
18256,Luzerne,2022-03,8,-8,0
18256,Luzerne,2022-04,7,-7,0
18256,Luzerne,2022-05,6,-6,0
18256,Luzerne,2022-06,5,-5,0
18256,Luzerne,2022-07,4,-4,0
18256,Luzerne,2022-08,3,-3,0
18256,Luzerne,2022-09,2,-2,0
18256,Luzerne,2022-10,1,-1,0
18256,Luzerne,2022-11,0,0,1
18256,Luzerne,2022-12,-1,1,0
18301,Monroe,2022-01,10,-10,0
18301,Monroe,2022-02,9,-9,0
18301,Monroe,2022-03,8,-8,0
18301,Monroe,2022-04,7,-7,0
18301,Monroe,2022-05,6,-6,0
18301,Monroe,2022-06,5,-5,0
18301,Monroe,2022-07,4,-4,0
18301,Monroe,2022-08,3,-3,0
18301,Monroe,2022-09,2,-2,0
18301,Monroe,2022-10,1,-1,0
18301,Monroe,2022-11,0,0,1
18301,Monroe,2022-12,-1,1,0
18302,Monroe,2022-01,10,-10,0
18302,Monroe,2022-02,9,-9,0
18302,Monroe,2022-03,8,-8,0
18302,Monroe,2022-04,7,-7,0
18302,Monroe,2022-05,6,-6,0
18302,Monroe,2022-06,5,-5,0
18302,Monroe,2022-07,4,-4,0
18302,Monroe,2022-08,3,-3,0
18302,Monroe,2022-09,2,-2,0
18302,Monroe,2022-10,1,-1,0
18302,Monroe,2022-11,0,0,1
18302,Monroe,2022-12,-1,1,0
18321,Monroe,2022-01,10,-10,0
18321,Monroe,2022-02,9,-9,0
18321,Monroe,2022-03,8,-8,0
18321,Monroe,2022-04,7,-7,0
18321,Monroe,2022-05,6,-6,0
18321,Monroe,2022-06,5,-5,0
18321,Monroe,2022-07,4,-4,0
18321,Monroe,2022-08,3,-3,0
18321,Monroe,2022-09,2,-2,0
18321,Monroe,2022-10,1,-1,0
18321,Monroe,2022-11,0,0,1
18321,Monroe,2022-12,-1,1,0
18322,Monroe,2022-01,10,-10,0
18322,Monroe,2022-02,9,-9,0
18322,Monroe,2022-03,8,-8,0
18322,Monroe,2022-04,7,-7,0
18322,Monroe,2022-05,6,-6,0
18322,Monroe,2022-06,5,-5,0
18322,Monroe,2022-07,4,-4,0
18322,Monroe,2022-08,3,-3,0
18322,Monroe,2022-09,2,-2,0
18322,Monroe,2022-10,1,-1,0
18322,Monroe,2022-11,0,0,1
18322,Monroe,2022-12,-1,1,0
18323,Monroe,2022-01,10,-10,0
18323,Monroe,2022-02,9,-9,0
18323,Monroe,2022-03,8,-8,0
18323,Monroe,2022-04,7,-7,0
18323,Monroe,2022-05,6,-6,0
18323,Monroe,2022-06,5,-5,0
18323,Monroe,2022-07,4,-4,0
18323,Monroe,2022-08,3,-3,0
18323,Monroe,2022-09,2,-2,0
18323,Monroe,2022-10,1,-1,0
18323,Monroe,2022-11,0,0,1
18323,Monroe,2022-12,-1,1,0
18324,Pike,2022-01,10,-10,0
18324,Pike,2022-02,9,-9,0
18324,Pike,2022-03,8,-8,0
18324,Pike,2022-04,7,-7,0
18324,Pike,2022-05,6,-6,0
18324,Pike,2022-06,5,-5,0
18324,Pike,2022-07,4,-4,0
18324,Pike,2022-08,3,-3,0
18324,Pike,2022-09,2,-2,0
18324,Pike,2022-10,1,-1,0
18324,Pike,2022-11,0,0,1
18324,Pike,2022-12,-1,1,0
18325,Monroe,2022-01,10,-10,0
18325,Monroe,2022-02,9,-9,0
18325,Monroe,2022-03,8,-8,0
18325,Monroe,2022-04,7,-7,0
18325,Monroe,2022-05,6,-6,0
18325,Monroe,2022-06,5,-5,0
18325,Monroe,2022-07,4,-4,0
18325,Monroe,2022-08,3,-3,0
18325,Monroe,2022-09,2,-2,0
18325,Monroe,2022-10,1,-1,0
18325,Monroe,2022-11,0,0,1
18325,Monroe,2022-12,-1,1,0
18326,Monroe,2022-01,10,-10,0
18326,Monroe,2022-02,9,-9,0
18326,Monroe,2022-03,8,-8,0
18326,Monroe,2022-04,7,-7,0
18326,Monroe,2022-05,6,-6,0
18326,Monroe,2022-06,5,-5,0
18326,Monroe,2022-07,4,-4,0
18326,Monroe,2022-08,3,-3,0
18326,Monroe,2022-09,2,-2,0
18326,Monroe,2022-10,1,-1,0
18326,Monroe,2022-11,0,0,1
18326,Monroe,2022-12,-1,1,0
18327,Monroe,2022-01,10,-10,0
18327,Monroe,2022-02,9,-9,0
18327,Monroe,2022-03,8,-8,0
18327,Monroe,2022-04,7,-7,0
18327,Monroe,2022-05,6,-6,0
18327,Monroe,2022-06,5,-5,0
18327,Monroe,2022-07,4,-4,0
18327,Monroe,2022-08,3,-3,0
18327,Monroe,2022-09,2,-2,0
18327,Monroe,2022-10,1,-1,0
18327,Monroe,2022-11,0,0,1
18327,Monroe,2022-12,-1,1,0
18328,Pike,2022-01,10,-10,0
18328,Pike,2022-02,9,-9,0
18328,Pike,2022-03,8,-8,0
18328,Pike,2022-04,7,-7,0
18328,Pike,2022-05,6,-6,0
18328,Pike,2022-06,5,-5,0
18328,Pike,2022-07,4,-4,0
18328,Pike,2022-08,3,-3,0
18328,Pike,2022-09,2,-2,0
18328,Pike,2022-10,1,-1,0
18328,Pike,2022-11,0,0,1
18328,Pike,2022-12,-1,1,0
18330,Monroe,2022-01,10,-10,0
18330,Monroe,2022-02,9,-9,0
18330,Monroe,2022-03,8,-8,0
18330,Monroe,2022-04,7,-7,0
18330,Monroe,2022-05,6,-6,0
18330,Monroe,2022-06,5,-5,0
18330,Monroe,2022-07,4,-4,0
18330,Monroe,2022-08,3,-3,0
18330,Monroe,2022-09,2,-2,0
18330,Monroe,2022-10,1,-1,0
18330,Monroe,2022-11,0,0,1
18330,Monroe,2022-12,-1,1,0
18331,Monroe,2022-01,10,-10,0
18331,Monroe,2022-02,9,-9,0
18331,Monroe,2022-03,8,-8,0
18331,Monroe,2022-04,7,-7,0
18331,Monroe,2022-05,6,-6,0
18331,Monroe,2022-06,5,-5,0
18331,Monroe,2022-07,4,-4,0
18331,Monroe,2022-08,3,-3,0
18331,Monroe,2022-09,2,-2,0
18331,Monroe,2022-10,1,-1,0
18331,Monroe,2022-11,0,0,1
18331,Monroe,2022-12,-1,1,0
18332,Monroe,2022-01,10,-10,0
18332,Monroe,2022-02,9,-9,0
18332,Monroe,2022-03,8,-8,0
18332,Monroe,2022-04,7,-7,0
18332,Monroe,2022-05,6,-6,0
18332,Monroe,2022-06,5,-5,0
18332,Monroe,2022-07,4,-4,0
18332,Monroe,2022-08,3,-3,0
18332,Monroe,2022-09,2,-2,0
18332,Monroe,2022-10,1,-1,0
18332,Monroe,2022-11,0,0,1
18332,Monroe,2022-12,-1,1,0
18333,Monroe,2022-01,10,-10,0
18333,Monroe,2022-02,9,-9,0
18333,Monroe,2022-03,8,-8,0
18333,Monroe,2022-04,7,-7,0
18333,Monroe,2022-05,6,-6,0
18333,Monroe,2022-06,5,-5,0
18333,Monroe,2022-07,4,-4,0
18333,Monroe,2022-08,3,-3,0
18333,Monroe,2022-09,2,-2,0
18333,Monroe,2022-10,1,-1,0
18333,Monroe,2022-11,0,0,1
18333,Monroe,2022-12,-1,1,0
18334,Monroe,2022-01,10,-10,0
18334,Monroe,2022-02,9,-9,0
18334,Monroe,2022-03,8,-8,0
18334,Monroe,2022-04,7,-7,0
18334,Monroe,2022-05,6,-6,0
18334,Monroe,2022-06,5,-5,0
18334,Monroe,2022-07,4,-4,0
18334,Monroe,2022-08,3,-3,0
18334,Monroe,2022-09,2,-2,0
18334,Monroe,2022-10,1,-1,0
18334,Monroe,2022-11,0,0,1
18334,Monroe,2022-12,-1,1,0
18335,Monroe,2022-01,10,-10,0
18335,Monroe,2022-02,9,-9,0
18335,Monroe,2022-03,8,-8,0
18335,Monroe,2022-04,7,-7,0
18335,Monroe,2022-05,6,-6,0
18335,Monroe,2022-06,5,-5,0
18335,Monroe,2022-07,4,-4,0
18335,Monroe,2022-08,3,-3,0
18335,Monroe,2022-09,2,-2,0
18335,Monroe,2022-10,1,-1,0
18335,Monroe,2022-11,0,0,1
18335,Monroe,2022-12,-1,1,0
18336,Pike,2022-01,10,-10,0
18336,Pike,2022-02,9,-9,0
18336,Pike,2022-03,8,-8,0
18336,Pike,2022-04,7,-7,0
18336,Pike,2022-05,6,-6,0
18336,Pike,2022-06,5,-5,0
18336,Pike,2022-07,4,-4,0
18336,Pike,2022-08,3,-3,0
18336,Pike,2022-09,2,-2,0
18336,Pike,2022-10,1,-1,0
18336,Pike,2022-11,0,0,1
18336,Pike,2022-12,-1,1,0
18337,Pike,2022-01,10,-10,0
18337,Pike,2022-02,9,-9,0
18337,Pike,2022-03,8,-8,0
18337,Pike,2022-04,7,-7,0
18337,Pike,2022-05,6,-6,0
18337,Pike,2022-06,5,-5,0
18337,Pike,2022-07,4,-4,0
18337,Pike,2022-08,3,-3,0
18337,Pike,2022-09,2,-2,0
18337,Pike,2022-10,1,-1,0
18337,Pike,2022-11,0,0,1
18337,Pike,2022-12,-1,1,0
18340,Pike,2022-01,10,-10,0
18340,Pike,2022-02,9,-9,0
18340,Pike,2022-03,8,-8,0
18340,Pike,2022-04,7,-7,0
18340,Pike,2022-05,6,-6,0
18340,Pike,2022-06,5,-5,0
18340,Pike,2022-07,4,-4,0
18340,Pike,2022-08,3,-3,0
18340,Pike,2022-09,2,-2,0
18340,Pike,2022-10,1,-1,0
18340,Pike,2022-11,0,0,1
18340,Pike,2022-12,-1,1,0
18342,Monroe,2022-01,10,-10,0
18342,Monroe,2022-02,9,-9,0
18342,Monroe,2022-03,8,-8,0
18342,Monroe,2022-04,7,-7,0
18342,Monroe,2022-05,6,-6,0
18342,Monroe,2022-06,5,-5,0
18342,Monroe,2022-07,4,-4,0
18342,Monroe,2022-08,3,-3,0
18342,Monroe,2022-09,2,-2,0
18342,Monroe,2022-10,1,-1,0
18342,Monroe,2022-11,0,0,1
18342,Monroe,2022-12,-1,1,0
18343,Northampton,2022-01,10,-10,0
18343,Northampton,2022-02,9,-9,0
18343,Northampton,2022-03,8,-8,0
18343,Northampton,2022-04,7,-7,0
18343,Northampton,2022-05,6,-6,0
18343,Northampton,2022-06,5,-5,0
18343,Northampton,2022-07,4,-4,0
18343,Northampton,2022-08,3,-3,0
18343,Northampton,2022-09,2,-2,0
18343,Northampton,2022-10,1,-1,0
18343,Northampton,2022-11,0,0,1
18343,Northampton,2022-12,-1,1,0
18344,Monroe,2022-01,10,-10,0
18344,Monroe,2022-02,9,-9,0
18344,Monroe,2022-03,8,-8,0
18344,Monroe,2022-04,7,-7,0
18344,Monroe,2022-05,6,-6,0
18344,Monroe,2022-06,5,-5,0
18344,Monroe,2022-07,4,-4,0
18344,Monroe,2022-08,3,-3,0
18344,Monroe,2022-09,2,-2,0
18344,Monroe,2022-10,1,-1,0
18344,Monroe,2022-11,0,0,1
18344,Monroe,2022-12,-1,1,0
18346,Monroe,2022-01,10,-10,0
18346,Monroe,2022-02,9,-9,0
18346,Monroe,2022-03,8,-8,0
18346,Monroe,2022-04,7,-7,0
18346,Monroe,2022-05,6,-6,0
18346,Monroe,2022-06,5,-5,0
18346,Monroe,2022-07,4,-4,0
18346,Monroe,2022-08,3,-3,0
18346,Monroe,2022-09,2,-2,0
18346,Monroe,2022-10,1,-1,0
18346,Monroe,2022-11,0,0,1
18346,Monroe,2022-12,-1,1,0
18347,Monroe,2022-01,10,-10,0
18347,Monroe,2022-02,9,-9,0
18347,Monroe,2022-03,8,-8,0
18347,Monroe,2022-04,7,-7,0
18347,Monroe,2022-05,6,-6,0
18347,Monroe,2022-06,5,-5,0
18347,Monroe,2022-07,4,-4,0
18347,Monroe,2022-08,3,-3,0
18347,Monroe,2022-09,2,-2,0
18347,Monroe,2022-10,1,-1,0
18347,Monroe,2022-11,0,0,1
18347,Monroe,2022-12,-1,1,0
18349,Monroe,2022-01,10,-10,0
18349,Monroe,2022-02,9,-9,0
18349,Monroe,2022-03,8,-8,0
18349,Monroe,2022-04,7,-7,0
18349,Monroe,2022-05,6,-6,0
18349,Monroe,2022-06,5,-5,0
18349,Monroe,2022-07,4,-4,0
18349,Monroe,2022-08,3,-3,0
18349,Monroe,2022-09,2,-2,0
18349,Monroe,2022-10,1,-1,0
18349,Monroe,2022-11,0,0,1
18349,Monroe,2022-12,-1,1,0
18350,Monroe,2022-01,10,-10,0
18350,Monroe,2022-02,9,-9,0
18350,Monroe,2022-03,8,-8,0
18350,Monroe,2022-04,7,-7,0
18350,Monroe,2022-05,6,-6,0
18350,Monroe,2022-06,5,-5,0
18350,Monroe,2022-07,4,-4,0
18350,Monroe,2022-08,3,-3,0
18350,Monroe,2022-09,2,-2,0
18350,Monroe,2022-10,1,-1,0
18350,Monroe,2022-11,0,0,1
18350,Monroe,2022-12,-1,1,0
18351,Northampton,2022-01,10,-10,0
18351,Northampton,2022-02,9,-9,0
18351,Northampton,2022-03,8,-8,0
18351,Northampton,2022-04,7,-7,0
18351,Northampton,2022-05,6,-6,0
18351,Northampton,2022-06,5,-5,0
18351,Northampton,2022-07,4,-4,0
18351,Northampton,2022-08,3,-3,0
18351,Northampton,2022-09,2,-2,0
18351,Northampton,2022-10,1,-1,0
18351,Northampton,2022-11,0,0,1
18351,Northampton,2022-12,-1,1,0
18353,Monroe,2022-01,10,-10,0
18353,Monroe,2022-02,9,-9,0
18353,Monroe,2022-03,8,-8,0
18353,Monroe,2022-04,7,-7,0
18353,Monroe,2022-05,6,-6,0
18353,Monroe,2022-06,5,-5,0
18353,Monroe,2022-07,4,-4,0
18353,Monroe,2022-08,3,-3,0
18353,Monroe,2022-09,2,-2,0
18353,Monroe,2022-10,1,-1,0
18353,Monroe,2022-11,0,0,1
18353,Monroe,2022-12,-1,1,0
18354,Monroe,2022-01,10,-10,0
18354,Monroe,2022-02,9,-9,0
18354,Monroe,2022-03,8,-8,0
18354,Monroe,2022-04,7,-7,0
18354,Monroe,2022-05,6,-6,0
18354,Monroe,2022-06,5,-5,0
18354,Monroe,2022-07,4,-4,0
18354,Monroe,2022-08,3,-3,0
18354,Monroe,2022-09,2,-2,0
18354,Monroe,2022-10,1,-1,0
18354,Monroe,2022-11,0,0,1
18354,Monroe,2022-12,-1,1,0
18355,Monroe,2022-01,10,-10,0
18355,Monroe,2022-02,9,-9,0
18355,Monroe,2022-03,8,-8,0
18355,Monroe,2022-04,7,-7,0
18355,Monroe,2022-05,6,-6,0
18355,Monroe,2022-06,5,-5,0
18355,Monroe,2022-07,4,-4,0
18355,Monroe,2022-08,3,-3,0
18355,Monroe,2022-09,2,-2,0
18355,Monroe,2022-10,1,-1,0
18355,Monroe,2022-11,0,0,1
18355,Monroe,2022-12,-1,1,0
18356,Monroe,2022-01,10,-10,0
18356,Monroe,2022-02,9,-9,0
18356,Monroe,2022-03,8,-8,0
18356,Monroe,2022-04,7,-7,0
18356,Monroe,2022-05,6,-6,0
18356,Monroe,2022-06,5,-5,0
18356,Monroe,2022-07,4,-4,0
18356,Monroe,2022-08,3,-3,0
18356,Monroe,2022-09,2,-2,0
18356,Monroe,2022-10,1,-1,0
18356,Monroe,2022-11,0,0,1
18356,Monroe,2022-12,-1,1,0
18357,Monroe,2022-01,10,-10,0
18357,Monroe,2022-02,9,-9,0
18357,Monroe,2022-03,8,-8,0
18357,Monroe,2022-04,7,-7,0
18357,Monroe,2022-05,6,-6,0
18357,Monroe,2022-06,5,-5,0
18357,Monroe,2022-07,4,-4,0
18357,Monroe,2022-08,3,-3,0
18357,Monroe,2022-09,2,-2,0
18357,Monroe,2022-10,1,-1,0
18357,Monroe,2022-11,0,0,1
18357,Monroe,2022-12,-1,1,0
18360,Monroe,2022-01,10,-10,0
18360,Monroe,2022-02,9,-9,0
18360,Monroe,2022-03,8,-8,0
18360,Monroe,2022-04,7,-7,0
18360,Monroe,2022-05,6,-6,0
18360,Monroe,2022-06,5,-5,0
18360,Monroe,2022-07,4,-4,0
18360,Monroe,2022-08,3,-3,0
18360,Monroe,2022-09,2,-2,0
18360,Monroe,2022-10,1,-1,0
18360,Monroe,2022-11,0,0,1
18360,Monroe,2022-12,-1,1,0
18370,Monroe,2022-01,10,-10,0
18370,Monroe,2022-02,9,-9,0
18370,Monroe,2022-03,8,-8,0
18370,Monroe,2022-04,7,-7,0
18370,Monroe,2022-05,6,-6,0
18370,Monroe,2022-06,5,-5,0
18370,Monroe,2022-07,4,-4,0
18370,Monroe,2022-08,3,-3,0
18370,Monroe,2022-09,2,-2,0
18370,Monroe,2022-10,1,-1,0
18370,Monroe,2022-11,0,0,1
18370,Monroe,2022-12,-1,1,0
18371,Pike,2022-01,10,-10,0
18371,Pike,2022-02,9,-9,0
18371,Pike,2022-03,8,-8,0
18371,Pike,2022-04,7,-7,0
18371,Pike,2022-05,6,-6,0
18371,Pike,2022-06,5,-5,0
18371,Pike,2022-07,4,-4,0
18371,Pike,2022-08,3,-3,0
18371,Pike,2022-09,2,-2,0
18371,Pike,2022-10,1,-1,0
18371,Pike,2022-11,0,0,1
18371,Pike,2022-12,-1,1,0
18372,Monroe,2022-01,10,-10,0
18372,Monroe,2022-02,9,-9,0
18372,Monroe,2022-03,8,-8,0
18372,Monroe,2022-04,7,-7,0
18372,Monroe,2022-05,6,-6,0
18372,Monroe,2022-06,5,-5,0
18372,Monroe,2022-07,4,-4,0
18372,Monroe,2022-08,3,-3,0
18372,Monroe,2022-09,2,-2,0
18372,Monroe,2022-10,1,-1,0
18372,Monroe,2022-11,0,0,1
18372,Monroe,2022-12,-1,1,0
18403,Lackawanna,2022-01,10,-10,0
18403,Lackawanna,2022-02,9,-9,0
18403,Lackawanna,2022-03,8,-8,0
18403,Lackawanna,2022-04,7,-7,0
18403,Lackawanna,2022-05,6,-6,0
18403,Lackawanna,2022-06,5,-5,0
18403,Lackawanna,2022-07,4,-4,0
18403,Lackawanna,2022-08,3,-3,0
18403,Lackawanna,2022-09,2,-2,0
18403,Lackawanna,2022-10,1,-1,0
18403,Lackawanna,2022-11,0,0,1
18403,Lackawanna,2022-12,-1,1,0
18405,Wayne,2022-01,10,-10,0
18405,Wayne,2022-02,9,-9,0
18405,Wayne,2022-03,8,-8,0
18405,Wayne,2022-04,7,-7,0
18405,Wayne,2022-05,6,-6,0
18405,Wayne,2022-06,5,-5,0
18405,Wayne,2022-07,4,-4,0
18405,Wayne,2022-08,3,-3,0
18405,Wayne,2022-09,2,-2,0
18405,Wayne,2022-10,1,-1,0
18405,Wayne,2022-11,0,0,1
18405,Wayne,2022-12,-1,1,0
18407,Lackawanna,2022-01,10,-10,0
18407,Lackawanna,2022-02,9,-9,0
18407,Lackawanna,2022-03,8,-8,0
18407,Lackawanna,2022-04,7,-7,0
18407,Lackawanna,2022-05,6,-6,0
18407,Lackawanna,2022-06,5,-5,0
18407,Lackawanna,2022-07,4,-4,0
18407,Lackawanna,2022-08,3,-3,0
18407,Lackawanna,2022-09,2,-2,0
18407,Lackawanna,2022-10,1,-1,0
18407,Lackawanna,2022-11,0,0,1
18407,Lackawanna,2022-12,-1,1,0
18411,Lackawanna,2022-01,10,-10,0
18411,Lackawanna,2022-02,9,-9,0
18411,Lackawanna,2022-03,8,-8,0
18411,Lackawanna,2022-04,7,-7,0
18411,Lackawanna,2022-05,6,-6,0
18411,Lackawanna,2022-06,5,-5,0
18411,Lackawanna,2022-07,4,-4,0
18411,Lackawanna,2022-08,3,-3,0
18411,Lackawanna,2022-09,2,-2,0
18411,Lackawanna,2022-10,1,-1,0
18411,Lackawanna,2022-11,0,0,1
18411,Lackawanna,2022-12,-1,1,0
18413,Susquehanna,2022-01,10,-10,0
18413,Susquehanna,2022-02,9,-9,0
18413,Susquehanna,2022-03,8,-8,0
18413,Susquehanna,2022-04,7,-7,0
18413,Susquehanna,2022-05,6,-6,0
18413,Susquehanna,2022-06,5,-5,0
18413,Susquehanna,2022-07,4,-4,0
18413,Susquehanna,2022-08,3,-3,0
18413,Susquehanna,2022-09,2,-2,0
18413,Susquehanna,2022-10,1,-1,0
18413,Susquehanna,2022-11,0,0,1
18413,Susquehanna,2022-12,-1,1,0
18414,Lackawanna,2022-01,10,-10,0
18414,Lackawanna,2022-02,9,-9,0
18414,Lackawanna,2022-03,8,-8,0
18414,Lackawanna,2022-04,7,-7,0
18414,Lackawanna,2022-05,6,-6,0
18414,Lackawanna,2022-06,5,-5,0
18414,Lackawanna,2022-07,4,-4,0
18414,Lackawanna,2022-08,3,-3,0
18414,Lackawanna,2022-09,2,-2,0
18414,Lackawanna,2022-10,1,-1,0
18414,Lackawanna,2022-11,0,0,1
18414,Lackawanna,2022-12,-1,1,0
18415,Wayne,2022-01,10,-10,0
18415,Wayne,2022-02,9,-9,0
18415,Wayne,2022-03,8,-8,0
18415,Wayne,2022-04,7,-7,0
18415,Wayne,2022-05,6,-6,0
18415,Wayne,2022-06,5,-5,0
18415,Wayne,2022-07,4,-4,0
18415,Wayne,2022-08,3,-3,0
18415,Wayne,2022-09,2,-2,0
18415,Wayne,2022-10,1,-1,0
18415,Wayne,2022-11,0,0,1
18415,Wayne,2022-12,-1,1,0
18417,Wayne,2022-01,10,-10,0
18417,Wayne,2022-02,9,-9,0
18417,Wayne,2022-03,8,-8,0
18417,Wayne,2022-04,7,-7,0
18417,Wayne,2022-05,6,-6,0
18417,Wayne,2022-06,5,-5,0
18417,Wayne,2022-07,4,-4,0
18417,Wayne,2022-08,3,-3,0
18417,Wayne,2022-09,2,-2,0
18417,Wayne,2022-10,1,-1,0
18417,Wayne,2022-11,0,0,1
18417,Wayne,2022-12,-1,1,0
18419,Wyoming,2022-01,10,-10,0
18419,Wyoming,2022-02,9,-9,0
18419,Wyoming,2022-03,8,-8,0
18419,Wyoming,2022-04,7,-7,0
18419,Wyoming,2022-05,6,-6,0
18419,Wyoming,2022-06,5,-5,0
18419,Wyoming,2022-07,4,-4,0
18419,Wyoming,2022-08,3,-3,0
18419,Wyoming,2022-09,2,-2,0
18419,Wyoming,2022-10,1,-1,0
18419,Wyoming,2022-11,0,0,1
18419,Wyoming,2022-12,-1,1,0
18420,Lackawanna,2022-01,10,-10,0
18420,Lackawanna,2022-02,9,-9,0
18420,Lackawanna,2022-03,8,-8,0
18420,Lackawanna,2022-04,7,-7,0
18420,Lackawanna,2022-05,6,-6,0
18420,Lackawanna,2022-06,5,-5,0
18420,Lackawanna,2022-07,4,-4,0
18420,Lackawanna,2022-08,3,-3,0
18420,Lackawanna,2022-09,2,-2,0
18420,Lackawanna,2022-10,1,-1,0
18420,Lackawanna,2022-11,0,0,1
18420,Lackawanna,2022-12,-1,1,0
18421,Susquehanna,2022-01,10,-10,0
18421,Susquehanna,2022-02,9,-9,0
18421,Susquehanna,2022-03,8,-8,0
18421,Susquehanna,2022-04,7,-7,0
18421,Susquehanna,2022-05,6,-6,0
18421,Susquehanna,2022-06,5,-5,0
18421,Susquehanna,2022-07,4,-4,0
18421,Susquehanna,2022-08,3,-3,0
18421,Susquehanna,2022-09,2,-2,0
18421,Susquehanna,2022-10,1,-1,0
18421,Susquehanna,2022-11,0,0,1
18421,Susquehanna,2022-12,-1,1,0
18424,Lackawanna,2022-01,10,-10,0
18424,Lackawanna,2022-02,9,-9,0
18424,Lackawanna,2022-03,8,-8,0
18424,Lackawanna,2022-04,7,-7,0
18424,Lackawanna,2022-05,6,-6,0
18424,Lackawanna,2022-06,5,-5,0
18424,Lackawanna,2022-07,4,-4,0
18424,Lackawanna,2022-08,3,-3,0
18424,Lackawanna,2022-09,2,-2,0
18424,Lackawanna,2022-10,1,-1,0
18424,Lackawanna,2022-11,0,0,1
18424,Lackawanna,2022-12,-1,1,0
18425,Pike,2022-01,10,-10,0
18425,Pike,2022-02,9,-9,0
18425,Pike,2022-03,8,-8,0
18425,Pike,2022-04,7,-7,0
18425,Pike,2022-05,6,-6,0
18425,Pike,2022-06,5,-5,0
18425,Pike,2022-07,4,-4,0
18425,Pike,2022-08,3,-3,0
18425,Pike,2022-09,2,-2,0
18425,Pike,2022-10,1,-1,0
18425,Pike,2022-11,0,0,1
18425,Pike,2022-12,-1,1,0
18426,Pike,2022-01,10,-10,0
18426,Pike,2022-02,9,-9,0
18426,Pike,2022-03,8,-8,0
18426,Pike,2022-04,7,-7,0
18426,Pike,2022-05,6,-6,0
18426,Pike,2022-06,5,-5,0
18426,Pike,2022-07,4,-4,0
18426,Pike,2022-08,3,-3,0
18426,Pike,2022-09,2,-2,0
18426,Pike,2022-10,1,-1,0
18426,Pike,2022-11,0,0,1
18426,Pike,2022-12,-1,1,0
18428,Pike,2022-01,10,-10,0
18428,Pike,2022-02,9,-9,0
18428,Pike,2022-03,8,-8,0
18428,Pike,2022-04,7,-7,0
18428,Pike,2022-05,6,-6,0
18428,Pike,2022-06,5,-5,0
18428,Pike,2022-07,4,-4,0
18428,Pike,2022-08,3,-3,0
18428,Pike,2022-09,2,-2,0
18428,Pike,2022-10,1,-1,0
18428,Pike,2022-11,0,0,1
18428,Pike,2022-12,-1,1,0
18430,Susquehanna,2022-01,10,-10,0
18430,Susquehanna,2022-02,9,-9,0
18430,Susquehanna,2022-03,8,-8,0
18430,Susquehanna,2022-04,7,-7,0
18430,Susquehanna,2022-05,6,-6,0
18430,Susquehanna,2022-06,5,-5,0
18430,Susquehanna,2022-07,4,-4,0
18430,Susquehanna,2022-08,3,-3,0
18430,Susquehanna,2022-09,2,-2,0
18430,Susquehanna,2022-10,1,-1,0
18430,Susquehanna,2022-11,0,0,1
18430,Susquehanna,2022-12,-1,1,0
18431,Wayne,2022-01,10,-10,0
18431,Wayne,2022-02,9,-9,0
18431,Wayne,2022-03,8,-8,0
18431,Wayne,2022-04,7,-7,0
18431,Wayne,2022-05,6,-6,0
18431,Wayne,2022-06,5,-5,0
18431,Wayne,2022-07,4,-4,0
18431,Wayne,2022-08,3,-3,0
18431,Wayne,2022-09,2,-2,0
18431,Wayne,2022-10,1,-1,0
18431,Wayne,2022-11,0,0,1
18431,Wayne,2022-12,-1,1,0
18433,Lackawanna,2022-01,10,-10,0
18433,Lackawanna,2022-02,9,-9,0
18433,Lackawanna,2022-03,8,-8,0
18433,Lackawanna,2022-04,7,-7,0
18433,Lackawanna,2022-05,6,-6,0
18433,Lackawanna,2022-06,5,-5,0
18433,Lackawanna,2022-07,4,-4,0
18433,Lackawanna,2022-08,3,-3,0
18433,Lackawanna,2022-09,2,-2,0
18433,Lackawanna,2022-10,1,-1,0
18433,Lackawanna,2022-11,0,0,1
18433,Lackawanna,2022-12,-1,1,0
18434,Lackawanna,2022-01,10,-10,0
18434,Lackawanna,2022-02,9,-9,0
18434,Lackawanna,2022-03,8,-8,0
18434,Lackawanna,2022-04,7,-7,0
18434,Lackawanna,2022-05,6,-6,0
18434,Lackawanna,2022-06,5,-5,0
18434,Lackawanna,2022-07,4,-4,0
18434,Lackawanna,2022-08,3,-3,0
18434,Lackawanna,2022-09,2,-2,0
18434,Lackawanna,2022-10,1,-1,0
18434,Lackawanna,2022-11,0,0,1
18434,Lackawanna,2022-12,-1,1,0
18435,Pike,2022-01,10,-10,0
18435,Pike,2022-02,9,-9,0
18435,Pike,2022-03,8,-8,0
18435,Pike,2022-04,7,-7,0
18435,Pike,2022-05,6,-6,0
18435,Pike,2022-06,5,-5,0
18435,Pike,2022-07,4,-4,0
18435,Pike,2022-08,3,-3,0
18435,Pike,2022-09,2,-2,0
18435,Pike,2022-10,1,-1,0
18435,Pike,2022-11,0,0,1
18435,Pike,2022-12,-1,1,0
18436,Wayne,2022-01,10,-10,0
18436,Wayne,2022-02,9,-9,0
18436,Wayne,2022-03,8,-8,0
18436,Wayne,2022-04,7,-7,0
18436,Wayne,2022-05,6,-6,0
18436,Wayne,2022-06,5,-5,0
18436,Wayne,2022-07,4,-4,0
18436,Wayne,2022-08,3,-3,0
18436,Wayne,2022-09,2,-2,0
18436,Wayne,2022-10,1,-1,0
18436,Wayne,2022-11,0,0,1
18436,Wayne,2022-12,-1,1,0
18437,Wayne,2022-01,10,-10,0
18437,Wayne,2022-02,9,-9,0
18437,Wayne,2022-03,8,-8,0
18437,Wayne,2022-04,7,-7,0
18437,Wayne,2022-05,6,-6,0
18437,Wayne,2022-06,5,-5,0
18437,Wayne,2022-07,4,-4,0
18437,Wayne,2022-08,3,-3,0
18437,Wayne,2022-09,2,-2,0
18437,Wayne,2022-10,1,-1,0
18437,Wayne,2022-11,0,0,1
18437,Wayne,2022-12,-1,1,0
18438,Wayne,2022-01,10,-10,0
18438,Wayne,2022-02,9,-9,0
18438,Wayne,2022-03,8,-8,0
18438,Wayne,2022-04,7,-7,0
18438,Wayne,2022-05,6,-6,0
18438,Wayne,2022-06,5,-5,0
18438,Wayne,2022-07,4,-4,0
18438,Wayne,2022-08,3,-3,0
18438,Wayne,2022-09,2,-2,0
18438,Wayne,2022-10,1,-1,0
18438,Wayne,2022-11,0,0,1
18438,Wayne,2022-12,-1,1,0
18439,Wayne,2022-01,10,-10,0
18439,Wayne,2022-02,9,-9,0
18439,Wayne,2022-03,8,-8,0
18439,Wayne,2022-04,7,-7,0
18439,Wayne,2022-05,6,-6,0
18439,Wayne,2022-06,5,-5,0
18439,Wayne,2022-07,4,-4,0
18439,Wayne,2022-08,3,-3,0
18439,Wayne,2022-09,2,-2,0
18439,Wayne,2022-10,1,-1,0
18439,Wayne,2022-11,0,0,1
18439,Wayne,2022-12,-1,1,0
18440,Lackawanna,2022-01,10,-10,0
18440,Lackawanna,2022-02,9,-9,0
18440,Lackawanna,2022-03,8,-8,0
18440,Lackawanna,2022-04,7,-7,0
18440,Lackawanna,2022-05,6,-6,0
18440,Lackawanna,2022-06,5,-5,0
18440,Lackawanna,2022-07,4,-4,0
18440,Lackawanna,2022-08,3,-3,0
18440,Lackawanna,2022-09,2,-2,0
18440,Lackawanna,2022-10,1,-1,0
18440,Lackawanna,2022-11,0,0,1
18440,Lackawanna,2022-12,-1,1,0
18441,Susquehanna,2022-01,10,-10,0
18441,Susquehanna,2022-02,9,-9,0
18441,Susquehanna,2022-03,8,-8,0
18441,Susquehanna,2022-04,7,-7,0
18441,Susquehanna,2022-05,6,-6,0
18441,Susquehanna,2022-06,5,-5,0
18441,Susquehanna,2022-07,4,-4,0
18441,Susquehanna,2022-08,3,-3,0
18441,Susquehanna,2022-09,2,-2,0
18441,Susquehanna,2022-10,1,-1,0
18441,Susquehanna,2022-11,0,0,1
18441,Susquehanna,2022-12,-1,1,0
18443,Wayne,2022-01,10,-10,0
18443,Wayne,2022-02,9,-9,0
18443,Wayne,2022-03,8,-8,0
18443,Wayne,2022-04,7,-7,0
18443,Wayne,2022-05,6,-6,0
18443,Wayne,2022-06,5,-5,0
18443,Wayne,2022-07,4,-4,0
18443,Wayne,2022-08,3,-3,0
18443,Wayne,2022-09,2,-2,0
18443,Wayne,2022-10,1,-1,0
18443,Wayne,2022-11,0,0,1
18443,Wayne,2022-12,-1,1,0
18444,Lackawanna,2022-01,10,-10,0
18444,Lackawanna,2022-02,9,-9,0
18444,Lackawanna,2022-03,8,-8,0
18444,Lackawanna,2022-04,7,-7,0
18444,Lackawanna,2022-05,6,-6,0
18444,Lackawanna,2022-06,5,-5,0
18444,Lackawanna,2022-07,4,-4,0
18444,Lackawanna,2022-08,3,-3,0
18444,Lackawanna,2022-09,2,-2,0
18444,Lackawanna,2022-10,1,-1,0
18444,Lackawanna,2022-11,0,0,1
18444,Lackawanna,2022-12,-1,1,0
18445,Wayne,2022-01,10,-10,0
18445,Wayne,2022-02,9,-9,0
18445,Wayne,2022-03,8,-8,0
18445,Wayne,2022-04,7,-7,0
18445,Wayne,2022-05,6,-6,0
18445,Wayne,2022-06,5,-5,0
18445,Wayne,2022-07,4,-4,0
18445,Wayne,2022-08,3,-3,0
18445,Wayne,2022-09,2,-2,0
18445,Wayne,2022-10,1,-1,0
18445,Wayne,2022-11,0,0,1
18445,Wayne,2022-12,-1,1,0
18446,Susquehanna,2022-01,10,-10,0
18446,Susquehanna,2022-02,9,-9,0
18446,Susquehanna,2022-03,8,-8,0
18446,Susquehanna,2022-04,7,-7,0
18446,Susquehanna,2022-05,6,-6,0
18446,Susquehanna,2022-06,5,-5,0
18446,Susquehanna,2022-07,4,-4,0
18446,Susquehanna,2022-08,3,-3,0
18446,Susquehanna,2022-09,2,-2,0
18446,Susquehanna,2022-10,1,-1,0
18446,Susquehanna,2022-11,0,0,1
18446,Susquehanna,2022-12,-1,1,0
18447,Lackawanna,2022-01,10,-10,0
18447,Lackawanna,2022-02,9,-9,0
18447,Lackawanna,2022-03,8,-8,0
18447,Lackawanna,2022-04,7,-7,0
18447,Lackawanna,2022-05,6,-6,0
18447,Lackawanna,2022-06,5,-5,0
18447,Lackawanna,2022-07,4,-4,0
18447,Lackawanna,2022-08,3,-3,0
18447,Lackawanna,2022-09,2,-2,0
18447,Lackawanna,2022-10,1,-1,0
18447,Lackawanna,2022-11,0,0,1
18447,Lackawanna,2022-12,-1,1,0
18451,Pike,2022-01,10,-10,0
18451,Pike,2022-02,9,-9,0
18451,Pike,2022-03,8,-8,0
18451,Pike,2022-04,7,-7,0
18451,Pike,2022-05,6,-6,0
18451,Pike,2022-06,5,-5,0
18451,Pike,2022-07,4,-4,0
18451,Pike,2022-08,3,-3,0
18451,Pike,2022-09,2,-2,0
18451,Pike,2022-10,1,-1,0
18451,Pike,2022-11,0,0,1
18451,Pike,2022-12,-1,1,0
18452,Lackawanna,2022-01,10,-10,0
18452,Lackawanna,2022-02,9,-9,0
18452,Lackawanna,2022-03,8,-8,0
18452,Lackawanna,2022-04,7,-7,0
18452,Lackawanna,2022-05,6,-6,0
18452,Lackawanna,2022-06,5,-5,0
18452,Lackawanna,2022-07,4,-4,0
18452,Lackawanna,2022-08,3,-3,0
18452,Lackawanna,2022-09,2,-2,0
18452,Lackawanna,2022-10,1,-1,0
18452,Lackawanna,2022-11,0,0,1
18452,Lackawanna,2022-12,-1,1,0
18453,Wayne,2022-01,10,-10,0
18453,Wayne,2022-02,9,-9,0
18453,Wayne,2022-03,8,-8,0
18453,Wayne,2022-04,7,-7,0
18453,Wayne,2022-05,6,-6,0
18453,Wayne,2022-06,5,-5,0
18453,Wayne,2022-07,4,-4,0
18453,Wayne,2022-08,3,-3,0
18453,Wayne,2022-09,2,-2,0
18453,Wayne,2022-10,1,-1,0
18453,Wayne,2022-11,0,0,1
18453,Wayne,2022-12,-1,1,0
18454,Wayne,2022-01,10,-10,0
18454,Wayne,2022-02,9,-9,0
18454,Wayne,2022-03,8,-8,0
18454,Wayne,2022-04,7,-7,0
18454,Wayne,2022-05,6,-6,0
18454,Wayne,2022-06,5,-5,0
18454,Wayne,2022-07,4,-4,0
18454,Wayne,2022-08,3,-3,0
18454,Wayne,2022-09,2,-2,0
18454,Wayne,2022-10,1,-1,0
18454,Wayne,2022-11,0,0,1
18454,Wayne,2022-12,-1,1,0
18455,Wayne,2022-01,10,-10,0
18455,Wayne,2022-02,9,-9,0
18455,Wayne,2022-03,8,-8,0
18455,Wayne,2022-04,7,-7,0
18455,Wayne,2022-05,6,-6,0
18455,Wayne,2022-06,5,-5,0
18455,Wayne,2022-07,4,-4,0
18455,Wayne,2022-08,3,-3,0
18455,Wayne,2022-09,2,-2,0
18455,Wayne,2022-10,1,-1,0
18455,Wayne,2022-11,0,0,1
18455,Wayne,2022-12,-1,1,0
18456,Wayne,2022-01,10,-10,0
18456,Wayne,2022-02,9,-9,0
18456,Wayne,2022-03,8,-8,0
18456,Wayne,2022-04,7,-7,0
18456,Wayne,2022-05,6,-6,0
18456,Wayne,2022-06,5,-5,0
18456,Wayne,2022-07,4,-4,0
18456,Wayne,2022-08,3,-3,0
18456,Wayne,2022-09,2,-2,0
18456,Wayne,2022-10,1,-1,0
18456,Wayne,2022-11,0,0,1
18456,Wayne,2022-12,-1,1,0
18457,Pike,2022-01,10,-10,0
18457,Pike,2022-02,9,-9,0
18457,Pike,2022-03,8,-8,0
18457,Pike,2022-04,7,-7,0
18457,Pike,2022-05,6,-6,0
18457,Pike,2022-06,5,-5,0
18457,Pike,2022-07,4,-4,0
18457,Pike,2022-08,3,-3,0
18457,Pike,2022-09,2,-2,0
18457,Pike,2022-10,1,-1,0
18457,Pike,2022-11,0,0,1
18457,Pike,2022-12,-1,1,0
18458,Pike,2022-01,10,-10,0
18458,Pike,2022-02,9,-9,0
18458,Pike,2022-03,8,-8,0
18458,Pike,2022-04,7,-7,0
18458,Pike,2022-05,6,-6,0
18458,Pike,2022-06,5,-5,0
18458,Pike,2022-07,4,-4,0
18458,Pike,2022-08,3,-3,0
18458,Pike,2022-09,2,-2,0
18458,Pike,2022-10,1,-1,0
18458,Pike,2022-11,0,0,1
18458,Pike,2022-12,-1,1,0
18460,Wayne,2022-01,10,-10,0
18460,Wayne,2022-02,9,-9,0
18460,Wayne,2022-03,8,-8,0
18460,Wayne,2022-04,7,-7,0
18460,Wayne,2022-05,6,-6,0
18460,Wayne,2022-06,5,-5,0
18460,Wayne,2022-07,4,-4,0
18460,Wayne,2022-08,3,-3,0
18460,Wayne,2022-09,2,-2,0
18460,Wayne,2022-10,1,-1,0
18460,Wayne,2022-11,0,0,1
18460,Wayne,2022-12,-1,1,0
18461,Wayne,2022-01,10,-10,0
18461,Wayne,2022-02,9,-9,0
18461,Wayne,2022-03,8,-8,0
18461,Wayne,2022-04,7,-7,0
18461,Wayne,2022-05,6,-6,0
18461,Wayne,2022-06,5,-5,0
18461,Wayne,2022-07,4,-4,0
18461,Wayne,2022-08,3,-3,0
18461,Wayne,2022-09,2,-2,0
18461,Wayne,2022-10,1,-1,0
18461,Wayne,2022-11,0,0,1
18461,Wayne,2022-12,-1,1,0
18462,Wayne,2022-01,10,-10,0
18462,Wayne,2022-02,9,-9,0
18462,Wayne,2022-03,8,-8,0
18462,Wayne,2022-04,7,-7,0
18462,Wayne,2022-05,6,-6,0
18462,Wayne,2022-06,5,-5,0
18462,Wayne,2022-07,4,-4,0
18462,Wayne,2022-08,3,-3,0
18462,Wayne,2022-09,2,-2,0
18462,Wayne,2022-10,1,-1,0
18462,Wayne,2022-11,0,0,1
18462,Wayne,2022-12,-1,1,0
18463,Wayne,2022-01,10,-10,0
18463,Wayne,2022-02,9,-9,0
18463,Wayne,2022-03,8,-8,0
18463,Wayne,2022-04,7,-7,0
18463,Wayne,2022-05,6,-6,0
18463,Wayne,2022-06,5,-5,0
18463,Wayne,2022-07,4,-4,0
18463,Wayne,2022-08,3,-3,0
18463,Wayne,2022-09,2,-2,0
18463,Wayne,2022-10,1,-1,0
18463,Wayne,2022-11,0,0,1
18463,Wayne,2022-12,-1,1,0
18464,Pike,2022-01,10,-10,0
18464,Pike,2022-02,9,-9,0
18464,Pike,2022-03,8,-8,0
18464,Pike,2022-04,7,-7,0
18464,Pike,2022-05,6,-6,0
18464,Pike,2022-06,5,-5,0
18464,Pike,2022-07,4,-4,0
18464,Pike,2022-08,3,-3,0
18464,Pike,2022-09,2,-2,0
18464,Pike,2022-10,1,-1,0
18464,Pike,2022-11,0,0,1
18464,Pike,2022-12,-1,1,0
18465,Susquehanna,2022-01,10,-10,0
18465,Susquehanna,2022-02,9,-9,0
18465,Susquehanna,2022-03,8,-8,0
18465,Susquehanna,2022-04,7,-7,0
18465,Susquehanna,2022-05,6,-6,0
18465,Susquehanna,2022-06,5,-5,0
18465,Susquehanna,2022-07,4,-4,0
18465,Susquehanna,2022-08,3,-3,0
18465,Susquehanna,2022-09,2,-2,0
18465,Susquehanna,2022-10,1,-1,0
18465,Susquehanna,2022-11,0,0,1
18465,Susquehanna,2022-12,-1,1,0
18466,Monroe,2022-01,10,-10,0
18466,Monroe,2022-02,9,-9,0
18466,Monroe,2022-03,8,-8,0
18466,Monroe,2022-04,7,-7,0
18466,Monroe,2022-05,6,-6,0
18466,Monroe,2022-06,5,-5,0
18466,Monroe,2022-07,4,-4,0
18466,Monroe,2022-08,3,-3,0
18466,Monroe,2022-09,2,-2,0
18466,Monroe,2022-10,1,-1,0
18466,Monroe,2022-11,0,0,1
18466,Monroe,2022-12,-1,1,0
18469,Wayne,2022-01,10,-10,0
18469,Wayne,2022-02,9,-9,0
18469,Wayne,2022-03,8,-8,0
18469,Wayne,2022-04,7,-7,0
18469,Wayne,2022-05,6,-6,0
18469,Wayne,2022-06,5,-5,0
18469,Wayne,2022-07,4,-4,0
18469,Wayne,2022-08,3,-3,0
18469,Wayne,2022-09,2,-2,0
18469,Wayne,2022-10,1,-1,0
18469,Wayne,2022-11,0,0,1
18469,Wayne,2022-12,-1,1,0
18470,Susquehanna,2022-01,10,-10,0
18470,Susquehanna,2022-02,9,-9,0
18470,Susquehanna,2022-03,8,-8,0
18470,Susquehanna,2022-04,7,-7,0
18470,Susquehanna,2022-05,6,-6,0
18470,Susquehanna,2022-06,5,-5,0
18470,Susquehanna,2022-07,4,-4,0
18470,Susquehanna,2022-08,3,-3,0
18470,Susquehanna,2022-09,2,-2,0
18470,Susquehanna,2022-10,1,-1,0
18470,Susquehanna,2022-11,0,0,1
18470,Susquehanna,2022-12,-1,1,0
18471,Lackawanna,2022-01,10,-10,0
18471,Lackawanna,2022-02,9,-9,0
18471,Lackawanna,2022-03,8,-8,0
18471,Lackawanna,2022-04,7,-7,0
18471,Lackawanna,2022-05,6,-6,0
18471,Lackawanna,2022-06,5,-5,0
18471,Lackawanna,2022-07,4,-4,0
18471,Lackawanna,2022-08,3,-3,0
18471,Lackawanna,2022-09,2,-2,0
18471,Lackawanna,2022-10,1,-1,0
18471,Lackawanna,2022-11,0,0,1
18471,Lackawanna,2022-12,-1,1,0
18472,Wayne,2022-01,10,-10,0
18472,Wayne,2022-02,9,-9,0
18472,Wayne,2022-03,8,-8,0
18472,Wayne,2022-04,7,-7,0
18472,Wayne,2022-05,6,-6,0
18472,Wayne,2022-06,5,-5,0
18472,Wayne,2022-07,4,-4,0
18472,Wayne,2022-08,3,-3,0
18472,Wayne,2022-09,2,-2,0
18472,Wayne,2022-10,1,-1,0
18472,Wayne,2022-11,0,0,1
18472,Wayne,2022-12,-1,1,0
18473,Wayne,2022-01,10,-10,0
18473,Wayne,2022-02,9,-9,0
18473,Wayne,2022-03,8,-8,0
18473,Wayne,2022-04,7,-7,0
18473,Wayne,2022-05,6,-6,0
18473,Wayne,2022-06,5,-5,0
18473,Wayne,2022-07,4,-4,0
18473,Wayne,2022-08,3,-3,0
18473,Wayne,2022-09,2,-2,0
18473,Wayne,2022-10,1,-1,0
18473,Wayne,2022-11,0,0,1
18473,Wayne,2022-12,-1,1,0
18503,Lackawanna,2022-01,10,-10,0
18503,Lackawanna,2022-02,9,-9,0
18503,Lackawanna,2022-03,8,-8,0
18503,Lackawanna,2022-04,7,-7,0
18503,Lackawanna,2022-05,6,-6,0
18503,Lackawanna,2022-06,5,-5,0
18503,Lackawanna,2022-07,4,-4,0
18503,Lackawanna,2022-08,3,-3,0
18503,Lackawanna,2022-09,2,-2,0
18503,Lackawanna,2022-10,1,-1,0
18503,Lackawanna,2022-11,0,0,1
18503,Lackawanna,2022-12,-1,1,0
18504,Lackawanna,2022-01,10,-10,0
18504,Lackawanna,2022-02,9,-9,0
18504,Lackawanna,2022-03,8,-8,0
18504,Lackawanna,2022-04,7,-7,0
18504,Lackawanna,2022-05,6,-6,0
18504,Lackawanna,2022-06,5,-5,0
18504,Lackawanna,2022-07,4,-4,0
18504,Lackawanna,2022-08,3,-3,0
18504,Lackawanna,2022-09,2,-2,0
18504,Lackawanna,2022-10,1,-1,0
18504,Lackawanna,2022-11,0,0,1
18504,Lackawanna,2022-12,-1,1,0
18505,Lackawanna,2022-01,10,-10,0
18505,Lackawanna,2022-02,9,-9,0
18505,Lackawanna,2022-03,8,-8,0
18505,Lackawanna,2022-04,7,-7,0
18505,Lackawanna,2022-05,6,-6,0
18505,Lackawanna,2022-06,5,-5,0
18505,Lackawanna,2022-07,4,-4,0
18505,Lackawanna,2022-08,3,-3,0
18505,Lackawanna,2022-09,2,-2,0
18505,Lackawanna,2022-10,1,-1,0
18505,Lackawanna,2022-11,0,0,1
18505,Lackawanna,2022-12,-1,1,0
18507,Lackawanna,2022-01,10,-10,0
18507,Lackawanna,2022-02,9,-9,0
18507,Lackawanna,2022-03,8,-8,0
18507,Lackawanna,2022-04,7,-7,0
18507,Lackawanna,2022-05,6,-6,0
18507,Lackawanna,2022-06,5,-5,0
18507,Lackawanna,2022-07,4,-4,0
18507,Lackawanna,2022-08,3,-3,0
18507,Lackawanna,2022-09,2,-2,0
18507,Lackawanna,2022-10,1,-1,0
18507,Lackawanna,2022-11,0,0,1
18507,Lackawanna,2022-12,-1,1,0
18508,Lackawanna,2022-01,10,-10,0
18508,Lackawanna,2022-02,9,-9,0
18508,Lackawanna,2022-03,8,-8,0
18508,Lackawanna,2022-04,7,-7,0
18508,Lackawanna,2022-05,6,-6,0
18508,Lackawanna,2022-06,5,-5,0
18508,Lackawanna,2022-07,4,-4,0
18508,Lackawanna,2022-08,3,-3,0
18508,Lackawanna,2022-09,2,-2,0
18508,Lackawanna,2022-10,1,-1,0
18508,Lackawanna,2022-11,0,0,1
18508,Lackawanna,2022-12,-1,1,0
18509,Lackawanna,2022-01,10,-10,0
18509,Lackawanna,2022-02,9,-9,0
18509,Lackawanna,2022-03,8,-8,0
18509,Lackawanna,2022-04,7,-7,0
18509,Lackawanna,2022-05,6,-6,0
18509,Lackawanna,2022-06,5,-5,0
18509,Lackawanna,2022-07,4,-4,0
18509,Lackawanna,2022-08,3,-3,0
18509,Lackawanna,2022-09,2,-2,0
18509,Lackawanna,2022-10,1,-1,0
18509,Lackawanna,2022-11,0,0,1
18509,Lackawanna,2022-12,-1,1,0
18510,Lackawanna,2022-01,10,-10,0
18510,Lackawanna,2022-02,9,-9,0
18510,Lackawanna,2022-03,8,-8,0
18510,Lackawanna,2022-04,7,-7,0
18510,Lackawanna,2022-05,6,-6,0
18510,Lackawanna,2022-06,5,-5,0
18510,Lackawanna,2022-07,4,-4,0
18510,Lackawanna,2022-08,3,-3,0
18510,Lackawanna,2022-09,2,-2,0
18510,Lackawanna,2022-10,1,-1,0
18510,Lackawanna,2022-11,0,0,1
18510,Lackawanna,2022-12,-1,1,0
18512,Lackawanna,2022-01,10,-10,0
18512,Lackawanna,2022-02,9,-9,0
18512,Lackawanna,2022-03,8,-8,0
18512,Lackawanna,2022-04,7,-7,0
18512,Lackawanna,2022-05,6,-6,0
18512,Lackawanna,2022-06,5,-5,0
18512,Lackawanna,2022-07,4,-4,0
18512,Lackawanna,2022-08,3,-3,0
18512,Lackawanna,2022-09,2,-2,0
18512,Lackawanna,2022-10,1,-1,0
18512,Lackawanna,2022-11,0,0,1
18512,Lackawanna,2022-12,-1,1,0
18517,Lackawanna,2022-01,10,-10,0
18517,Lackawanna,2022-02,9,-9,0
18517,Lackawanna,2022-03,8,-8,0
18517,Lackawanna,2022-04,7,-7,0
18517,Lackawanna,2022-05,6,-6,0
18517,Lackawanna,2022-06,5,-5,0
18517,Lackawanna,2022-07,4,-4,0
18517,Lackawanna,2022-08,3,-3,0
18517,Lackawanna,2022-09,2,-2,0
18517,Lackawanna,2022-10,1,-1,0
18517,Lackawanna,2022-11,0,0,1
18517,Lackawanna,2022-12,-1,1,0
18518,Lackawanna,2022-01,10,-10,0
18518,Lackawanna,2022-02,9,-9,0
18518,Lackawanna,2022-03,8,-8,0
18518,Lackawanna,2022-04,7,-7,0
18518,Lackawanna,2022-05,6,-6,0
18518,Lackawanna,2022-06,5,-5,0
18518,Lackawanna,2022-07,4,-4,0
18518,Lackawanna,2022-08,3,-3,0
18518,Lackawanna,2022-09,2,-2,0
18518,Lackawanna,2022-10,1,-1,0
18518,Lackawanna,2022-11,0,0,1
18518,Lackawanna,2022-12,-1,1,0
18519,Lackawanna,2022-01,10,-10,0
18519,Lackawanna,2022-02,9,-9,0
18519,Lackawanna,2022-03,8,-8,0
18519,Lackawanna,2022-04,7,-7,0
18519,Lackawanna,2022-05,6,-6,0
18519,Lackawanna,2022-06,5,-5,0
18519,Lackawanna,2022-07,4,-4,0
18519,Lackawanna,2022-08,3,-3,0
18519,Lackawanna,2022-09,2,-2,0
18519,Lackawanna,2022-10,1,-1,0
18519,Lackawanna,2022-11,0,0,1
18519,Lackawanna,2022-12,-1,1,0
18602,Luzerne,2022-01,10,-10,0
18602,Luzerne,2022-02,9,-9,0
18602,Luzerne,2022-03,8,-8,0
18602,Luzerne,2022-04,7,-7,0
18602,Luzerne,2022-05,6,-6,0
18602,Luzerne,2022-06,5,-5,0
18602,Luzerne,2022-07,4,-4,0
18602,Luzerne,2022-08,3,-3,0
18602,Luzerne,2022-09,2,-2,0
18602,Luzerne,2022-10,1,-1,0
18602,Luzerne,2022-11,0,0,1
18602,Luzerne,2022-12,-1,1,0
18603,Columbia,2022-01,10,-10,0
18603,Columbia,2022-02,9,-9,0
18603,Columbia,2022-03,8,-8,0
18603,Columbia,2022-04,7,-7,0
18603,Columbia,2022-05,6,-6,0
18603,Columbia,2022-06,5,-5,0
18603,Columbia,2022-07,4,-4,0
18603,Columbia,2022-08,3,-3,0
18603,Columbia,2022-09,2,-2,0
18603,Columbia,2022-10,1,-1,0
18603,Columbia,2022-11,0,0,1
18603,Columbia,2022-12,-1,1,0
18610,Monroe,2022-01,10,-10,0
18610,Monroe,2022-02,9,-9,0
18610,Monroe,2022-03,8,-8,0
18610,Monroe,2022-04,7,-7,0
18610,Monroe,2022-05,6,-6,0
18610,Monroe,2022-06,5,-5,0
18610,Monroe,2022-07,4,-4,0
18610,Monroe,2022-08,3,-3,0
18610,Monroe,2022-09,2,-2,0
18610,Monroe,2022-10,1,-1,0
18610,Monroe,2022-11,0,0,1
18610,Monroe,2022-12,-1,1,0
18612,Luzerne,2022-01,10,-10,0
18612,Luzerne,2022-02,9,-9,0
18612,Luzerne,2022-03,8,-8,0
18612,Luzerne,2022-04,7,-7,0
18612,Luzerne,2022-05,6,-6,0
18612,Luzerne,2022-06,5,-5,0
18612,Luzerne,2022-07,4,-4,0
18612,Luzerne,2022-08,3,-3,0
18612,Luzerne,2022-09,2,-2,0
18612,Luzerne,2022-10,1,-1,0
18612,Luzerne,2022-11,0,0,1
18612,Luzerne,2022-12,-1,1,0
18614,Sullivan,2022-01,10,-10,0
18614,Sullivan,2022-02,9,-9,0
18614,Sullivan,2022-03,8,-8,0
18614,Sullivan,2022-04,7,-7,0
18614,Sullivan,2022-05,6,-6,0
18614,Sullivan,2022-06,5,-5,0
18614,Sullivan,2022-07,4,-4,0
18614,Sullivan,2022-08,3,-3,0
18614,Sullivan,2022-09,2,-2,0
18614,Sullivan,2022-10,1,-1,0
18614,Sullivan,2022-11,0,0,1
18614,Sullivan,2022-12,-1,1,0
18615,Wyoming,2022-01,10,-10,0
18615,Wyoming,2022-02,9,-9,0
18615,Wyoming,2022-03,8,-8,0
18615,Wyoming,2022-04,7,-7,0
18615,Wyoming,2022-05,6,-6,0
18615,Wyoming,2022-06,5,-5,0
18615,Wyoming,2022-07,4,-4,0
18615,Wyoming,2022-08,3,-3,0
18615,Wyoming,2022-09,2,-2,0
18615,Wyoming,2022-10,1,-1,0
18615,Wyoming,2022-11,0,0,1
18615,Wyoming,2022-12,-1,1,0
18616,Sullivan,2022-01,10,-10,0
18616,Sullivan,2022-02,9,-9,0
18616,Sullivan,2022-03,8,-8,0
18616,Sullivan,2022-04,7,-7,0
18616,Sullivan,2022-05,6,-6,0
18616,Sullivan,2022-06,5,-5,0
18616,Sullivan,2022-07,4,-4,0
18616,Sullivan,2022-08,3,-3,0
18616,Sullivan,2022-09,2,-2,0
18616,Sullivan,2022-10,1,-1,0
18616,Sullivan,2022-11,0,0,1
18616,Sullivan,2022-12,-1,1,0
18617,Luzerne,2022-01,10,-10,0
18617,Luzerne,2022-02,9,-9,0
18617,Luzerne,2022-03,8,-8,0
18617,Luzerne,2022-04,7,-7,0
18617,Luzerne,2022-05,6,-6,0
18617,Luzerne,2022-06,5,-5,0
18617,Luzerne,2022-07,4,-4,0
18617,Luzerne,2022-08,3,-3,0
18617,Luzerne,2022-09,2,-2,0
18617,Luzerne,2022-10,1,-1,0
18617,Luzerne,2022-11,0,0,1
18617,Luzerne,2022-12,-1,1,0
18618,Luzerne,2022-01,10,-10,0
18618,Luzerne,2022-02,9,-9,0
18618,Luzerne,2022-03,8,-8,0
18618,Luzerne,2022-04,7,-7,0
18618,Luzerne,2022-05,6,-6,0
18618,Luzerne,2022-06,5,-5,0
18618,Luzerne,2022-07,4,-4,0
18618,Luzerne,2022-08,3,-3,0
18618,Luzerne,2022-09,2,-2,0
18618,Luzerne,2022-10,1,-1,0
18618,Luzerne,2022-11,0,0,1
18618,Luzerne,2022-12,-1,1,0
18619,Sullivan,2022-01,10,-10,0
18619,Sullivan,2022-02,9,-9,0
18619,Sullivan,2022-03,8,-8,0
18619,Sullivan,2022-04,7,-7,0
18619,Sullivan,2022-05,6,-6,0
18619,Sullivan,2022-06,5,-5,0
18619,Sullivan,2022-07,4,-4,0
18619,Sullivan,2022-08,3,-3,0
18619,Sullivan,2022-09,2,-2,0
18619,Sullivan,2022-10,1,-1,0
18619,Sullivan,2022-11,0,0,1
18619,Sullivan,2022-12,-1,1,0
18621,Luzerne,2022-01,10,-10,0
18621,Luzerne,2022-02,9,-9,0
18621,Luzerne,2022-03,8,-8,0
18621,Luzerne,2022-04,7,-7,0
18621,Luzerne,2022-05,6,-6,0
18621,Luzerne,2022-06,5,-5,0
18621,Luzerne,2022-07,4,-4,0
18621,Luzerne,2022-08,3,-3,0
18621,Luzerne,2022-09,2,-2,0
18621,Luzerne,2022-10,1,-1,0
18621,Luzerne,2022-11,0,0,1
18621,Luzerne,2022-12,-1,1,0
18622,Luzerne,2022-01,10,-10,0
18622,Luzerne,2022-02,9,-9,0
18622,Luzerne,2022-03,8,-8,0
18622,Luzerne,2022-04,7,-7,0
18622,Luzerne,2022-05,6,-6,0
18622,Luzerne,2022-06,5,-5,0
18622,Luzerne,2022-07,4,-4,0
18622,Luzerne,2022-08,3,-3,0
18622,Luzerne,2022-09,2,-2,0
18622,Luzerne,2022-10,1,-1,0
18622,Luzerne,2022-11,0,0,1
18622,Luzerne,2022-12,-1,1,0
18623,Bradford,2022-01,10,-10,0
18623,Bradford,2022-02,9,-9,0
18623,Bradford,2022-03,8,-8,0
18623,Bradford,2022-04,7,-7,0
18623,Bradford,2022-05,6,-6,0
18623,Bradford,2022-06,5,-5,0
18623,Bradford,2022-07,4,-4,0
18623,Bradford,2022-08,3,-3,0
18623,Bradford,2022-09,2,-2,0
18623,Bradford,2022-10,1,-1,0
18623,Bradford,2022-11,0,0,1
18623,Bradford,2022-12,-1,1,0
18624,Carbon,2022-01,10,-10,0
18624,Carbon,2022-02,9,-9,0
18624,Carbon,2022-03,8,-8,0
18624,Carbon,2022-04,7,-7,0
18624,Carbon,2022-05,6,-6,0
18624,Carbon,2022-06,5,-5,0
18624,Carbon,2022-07,4,-4,0
18624,Carbon,2022-08,3,-3,0
18624,Carbon,2022-09,2,-2,0
18624,Carbon,2022-10,1,-1,0
18624,Carbon,2022-11,0,0,1
18624,Carbon,2022-12,-1,1,0
18625,Wyoming,2022-01,10,-10,0
18625,Wyoming,2022-02,9,-9,0
18625,Wyoming,2022-03,8,-8,0
18625,Wyoming,2022-04,7,-7,0
18625,Wyoming,2022-05,6,-6,0
18625,Wyoming,2022-06,5,-5,0
18625,Wyoming,2022-07,4,-4,0
18625,Wyoming,2022-08,3,-3,0
18625,Wyoming,2022-09,2,-2,0
18625,Wyoming,2022-10,1,-1,0
18625,Wyoming,2022-11,0,0,1
18625,Wyoming,2022-12,-1,1,0
18626,Sullivan,2022-01,10,-10,0
18626,Sullivan,2022-02,9,-9,0
18626,Sullivan,2022-03,8,-8,0
18626,Sullivan,2022-04,7,-7,0
18626,Sullivan,2022-05,6,-6,0
18626,Sullivan,2022-06,5,-5,0
18626,Sullivan,2022-07,4,-4,0
18626,Sullivan,2022-08,3,-3,0
18626,Sullivan,2022-09,2,-2,0
18626,Sullivan,2022-10,1,-1,0
18626,Sullivan,2022-11,0,0,1
18626,Sullivan,2022-12,-1,1,0
18627,Luzerne,2022-01,10,-10,0
18627,Luzerne,2022-02,9,-9,0
18627,Luzerne,2022-03,8,-8,0
18627,Luzerne,2022-04,7,-7,0
18627,Luzerne,2022-05,6,-6,0
18627,Luzerne,2022-06,5,-5,0
18627,Luzerne,2022-07,4,-4,0
18627,Luzerne,2022-08,3,-3,0
18627,Luzerne,2022-09,2,-2,0
18627,Luzerne,2022-10,1,-1,0
18627,Luzerne,2022-11,0,0,1
18627,Luzerne,2022-12,-1,1,0
18628,Sullivan,2022-01,10,-10,0
18628,Sullivan,2022-02,9,-9,0
18628,Sullivan,2022-03,8,-8,0
18628,Sullivan,2022-04,7,-7,0
18628,Sullivan,2022-05,6,-6,0
18628,Sullivan,2022-06,5,-5,0
18628,Sullivan,2022-07,4,-4,0
18628,Sullivan,2022-08,3,-3,0
18628,Sullivan,2022-09,2,-2,0
18628,Sullivan,2022-10,1,-1,0
18628,Sullivan,2022-11,0,0,1
18628,Sullivan,2022-12,-1,1,0
18629,Wyoming,2022-01,10,-10,0
18629,Wyoming,2022-02,9,-9,0
18629,Wyoming,2022-03,8,-8,0
18629,Wyoming,2022-04,7,-7,0
18629,Wyoming,2022-05,6,-6,0
18629,Wyoming,2022-06,5,-5,0
18629,Wyoming,2022-07,4,-4,0
18629,Wyoming,2022-08,3,-3,0
18629,Wyoming,2022-09,2,-2,0
18629,Wyoming,2022-10,1,-1,0
18629,Wyoming,2022-11,0,0,1
18629,Wyoming,2022-12,-1,1,0
18630,Susquehanna,2022-01,10,-10,0
18630,Susquehanna,2022-02,9,-9,0
18630,Susquehanna,2022-03,8,-8,0
18630,Susquehanna,2022-04,7,-7,0
18630,Susquehanna,2022-05,6,-6,0
18630,Susquehanna,2022-06,5,-5,0
18630,Susquehanna,2022-07,4,-4,0
18630,Susquehanna,2022-08,3,-3,0
18630,Susquehanna,2022-09,2,-2,0
18630,Susquehanna,2022-10,1,-1,0
18630,Susquehanna,2022-11,0,0,1
18630,Susquehanna,2022-12,-1,1,0
18631,Columbia,2022-01,10,-10,0
18631,Columbia,2022-02,9,-9,0
18631,Columbia,2022-03,8,-8,0
18631,Columbia,2022-04,7,-7,0
18631,Columbia,2022-05,6,-6,0
18631,Columbia,2022-06,5,-5,0
18631,Columbia,2022-07,4,-4,0
18631,Columbia,2022-08,3,-3,0
18631,Columbia,2022-09,2,-2,0
18631,Columbia,2022-10,1,-1,0
18631,Columbia,2022-11,0,0,1
18631,Columbia,2022-12,-1,1,0
18632,Sullivan,2022-01,10,-10,0
18632,Sullivan,2022-02,9,-9,0
18632,Sullivan,2022-03,8,-8,0
18632,Sullivan,2022-04,7,-7,0
18632,Sullivan,2022-05,6,-6,0
18632,Sullivan,2022-06,5,-5,0
18632,Sullivan,2022-07,4,-4,0
18632,Sullivan,2022-08,3,-3,0
18632,Sullivan,2022-09,2,-2,0
18632,Sullivan,2022-10,1,-1,0
18632,Sullivan,2022-11,0,0,1
18632,Sullivan,2022-12,-1,1,0
18634,Luzerne,2022-01,10,-10,0
18634,Luzerne,2022-02,9,-9,0
18634,Luzerne,2022-03,8,-8,0
18634,Luzerne,2022-04,7,-7,0
18634,Luzerne,2022-05,6,-6,0
18634,Luzerne,2022-06,5,-5,0
18634,Luzerne,2022-07,4,-4,0
18634,Luzerne,2022-08,3,-3,0
18634,Luzerne,2022-09,2,-2,0
18634,Luzerne,2022-10,1,-1,0
18634,Luzerne,2022-11,0,0,1
18634,Luzerne,2022-12,-1,1,0
18635,Luzerne,2022-01,10,-10,0
18635,Luzerne,2022-02,9,-9,0
18635,Luzerne,2022-03,8,-8,0
18635,Luzerne,2022-04,7,-7,0
18635,Luzerne,2022-05,6,-6,0
18635,Luzerne,2022-06,5,-5,0
18635,Luzerne,2022-07,4,-4,0
18635,Luzerne,2022-08,3,-3,0
18635,Luzerne,2022-09,2,-2,0
18635,Luzerne,2022-10,1,-1,0
18635,Luzerne,2022-11,0,0,1
18635,Luzerne,2022-12,-1,1,0
18636,Wyoming,2022-01,10,-10,0
18636,Wyoming,2022-02,9,-9,0
18636,Wyoming,2022-03,8,-8,0
18636,Wyoming,2022-04,7,-7,0
18636,Wyoming,2022-05,6,-6,0
18636,Wyoming,2022-06,5,-5,0
18636,Wyoming,2022-07,4,-4,0
18636,Wyoming,2022-08,3,-3,0
18636,Wyoming,2022-09,2,-2,0
18636,Wyoming,2022-10,1,-1,0
18636,Wyoming,2022-11,0,0,1
18636,Wyoming,2022-12,-1,1,0
18640,Luzerne,2022-01,10,-10,0
18640,Luzerne,2022-02,9,-9,0
18640,Luzerne,2022-03,8,-8,0
18640,Luzerne,2022-04,7,-7,0
18640,Luzerne,2022-05,6,-6,0
18640,Luzerne,2022-06,5,-5,0
18640,Luzerne,2022-07,4,-4,0
18640,Luzerne,2022-08,3,-3,0
18640,Luzerne,2022-09,2,-2,0
18640,Luzerne,2022-10,1,-1,0
18640,Luzerne,2022-11,0,0,1
18640,Luzerne,2022-12,-1,1,0
18641,Luzerne,2022-01,10,-10,0
18641,Luzerne,2022-02,9,-9,0
18641,Luzerne,2022-03,8,-8,0
18641,Luzerne,2022-04,7,-7,0
18641,Luzerne,2022-05,6,-6,0
18641,Luzerne,2022-06,5,-5,0
18641,Luzerne,2022-07,4,-4,0
18641,Luzerne,2022-08,3,-3,0
18641,Luzerne,2022-09,2,-2,0
18641,Luzerne,2022-10,1,-1,0
18641,Luzerne,2022-11,0,0,1
18641,Luzerne,2022-12,-1,1,0
18642,Luzerne,2022-01,10,-10,0
18642,Luzerne,2022-02,9,-9,0
18642,Luzerne,2022-03,8,-8,0
18642,Luzerne,2022-04,7,-7,0
18642,Luzerne,2022-05,6,-6,0
18642,Luzerne,2022-06,5,-5,0
18642,Luzerne,2022-07,4,-4,0
18642,Luzerne,2022-08,3,-3,0
18642,Luzerne,2022-09,2,-2,0
18642,Luzerne,2022-10,1,-1,0
18642,Luzerne,2022-11,0,0,1
18642,Luzerne,2022-12,-1,1,0
18643,Luzerne,2022-01,10,-10,0
18643,Luzerne,2022-02,9,-9,0
18643,Luzerne,2022-03,8,-8,0
18643,Luzerne,2022-04,7,-7,0
18643,Luzerne,2022-05,6,-6,0
18643,Luzerne,2022-06,5,-5,0
18643,Luzerne,2022-07,4,-4,0
18643,Luzerne,2022-08,3,-3,0
18643,Luzerne,2022-09,2,-2,0
18643,Luzerne,2022-10,1,-1,0
18643,Luzerne,2022-11,0,0,1
18643,Luzerne,2022-12,-1,1,0
18644,Luzerne,2022-01,10,-10,0
18644,Luzerne,2022-02,9,-9,0
18644,Luzerne,2022-03,8,-8,0
18644,Luzerne,2022-04,7,-7,0
18644,Luzerne,2022-05,6,-6,0
18644,Luzerne,2022-06,5,-5,0
18644,Luzerne,2022-07,4,-4,0
18644,Luzerne,2022-08,3,-3,0
18644,Luzerne,2022-09,2,-2,0
18644,Luzerne,2022-10,1,-1,0
18644,Luzerne,2022-11,0,0,1
18644,Luzerne,2022-12,-1,1,0
18651,Luzerne,2022-01,10,-10,0
18651,Luzerne,2022-02,9,-9,0
18651,Luzerne,2022-03,8,-8,0
18651,Luzerne,2022-04,7,-7,0
18651,Luzerne,2022-05,6,-6,0
18651,Luzerne,2022-06,5,-5,0
18651,Luzerne,2022-07,4,-4,0
18651,Luzerne,2022-08,3,-3,0
18651,Luzerne,2022-09,2,-2,0
18651,Luzerne,2022-10,1,-1,0
18651,Luzerne,2022-11,0,0,1
18651,Luzerne,2022-12,-1,1,0
18655,Luzerne,2022-01,10,-10,0
18655,Luzerne,2022-02,9,-9,0
18655,Luzerne,2022-03,8,-8,0
18655,Luzerne,2022-04,7,-7,0
18655,Luzerne,2022-05,6,-6,0
18655,Luzerne,2022-06,5,-5,0
18655,Luzerne,2022-07,4,-4,0
18655,Luzerne,2022-08,3,-3,0
18655,Luzerne,2022-09,2,-2,0
18655,Luzerne,2022-10,1,-1,0
18655,Luzerne,2022-11,0,0,1
18655,Luzerne,2022-12,-1,1,0
18656,Luzerne,2022-01,10,-10,0
18656,Luzerne,2022-02,9,-9,0
18656,Luzerne,2022-03,8,-8,0
18656,Luzerne,2022-04,7,-7,0
18656,Luzerne,2022-05,6,-6,0
18656,Luzerne,2022-06,5,-5,0
18656,Luzerne,2022-07,4,-4,0
18656,Luzerne,2022-08,3,-3,0
18656,Luzerne,2022-09,2,-2,0
18656,Luzerne,2022-10,1,-1,0
18656,Luzerne,2022-11,0,0,1
18656,Luzerne,2022-12,-1,1,0
18657,Wyoming,2022-01,10,-10,0
18657,Wyoming,2022-02,9,-9,0
18657,Wyoming,2022-03,8,-8,0
18657,Wyoming,2022-04,7,-7,0
18657,Wyoming,2022-05,6,-6,0
18657,Wyoming,2022-06,5,-5,0
18657,Wyoming,2022-07,4,-4,0
18657,Wyoming,2022-08,3,-3,0
18657,Wyoming,2022-09,2,-2,0
18657,Wyoming,2022-10,1,-1,0
18657,Wyoming,2022-11,0,0,1
18657,Wyoming,2022-12,-1,1,0
18660,Luzerne,2022-01,10,-10,0
18660,Luzerne,2022-02,9,-9,0
18660,Luzerne,2022-03,8,-8,0
18660,Luzerne,2022-04,7,-7,0
18660,Luzerne,2022-05,6,-6,0
18660,Luzerne,2022-06,5,-5,0
18660,Luzerne,2022-07,4,-4,0
18660,Luzerne,2022-08,3,-3,0
18660,Luzerne,2022-09,2,-2,0
18660,Luzerne,2022-10,1,-1,0
18660,Luzerne,2022-11,0,0,1
18660,Luzerne,2022-12,-1,1,0
18661,Luzerne,2022-01,10,-10,0
18661,Luzerne,2022-02,9,-9,0
18661,Luzerne,2022-03,8,-8,0
18661,Luzerne,2022-04,7,-7,0
18661,Luzerne,2022-05,6,-6,0
18661,Luzerne,2022-06,5,-5,0
18661,Luzerne,2022-07,4,-4,0
18661,Luzerne,2022-08,3,-3,0
18661,Luzerne,2022-09,2,-2,0
18661,Luzerne,2022-10,1,-1,0
18661,Luzerne,2022-11,0,0,1
18661,Luzerne,2022-12,-1,1,0
18701,Luzerne,2022-01,10,-10,0
18701,Luzerne,2022-02,9,-9,0
18701,Luzerne,2022-03,8,-8,0
18701,Luzerne,2022-04,7,-7,0
18701,Luzerne,2022-05,6,-6,0
18701,Luzerne,2022-06,5,-5,0
18701,Luzerne,2022-07,4,-4,0
18701,Luzerne,2022-08,3,-3,0
18701,Luzerne,2022-09,2,-2,0
18701,Luzerne,2022-10,1,-1,0
18701,Luzerne,2022-11,0,0,1
18701,Luzerne,2022-12,-1,1,0
18702,Luzerne,2022-01,10,-10,0
18702,Luzerne,2022-02,9,-9,0
18702,Luzerne,2022-03,8,-8,0
18702,Luzerne,2022-04,7,-7,0
18702,Luzerne,2022-05,6,-6,0
18702,Luzerne,2022-06,5,-5,0
18702,Luzerne,2022-07,4,-4,0
18702,Luzerne,2022-08,3,-3,0
18702,Luzerne,2022-09,2,-2,0
18702,Luzerne,2022-10,1,-1,0
18702,Luzerne,2022-11,0,0,1
18702,Luzerne,2022-12,-1,1,0
18704,Luzerne,2022-01,10,-10,0
18704,Luzerne,2022-02,9,-9,0
18704,Luzerne,2022-03,8,-8,0
18704,Luzerne,2022-04,7,-7,0
18704,Luzerne,2022-05,6,-6,0
18704,Luzerne,2022-06,5,-5,0
18704,Luzerne,2022-07,4,-4,0
18704,Luzerne,2022-08,3,-3,0
18704,Luzerne,2022-09,2,-2,0
18704,Luzerne,2022-10,1,-1,0
18704,Luzerne,2022-11,0,0,1
18704,Luzerne,2022-12,-1,1,0
18705,Luzerne,2022-01,10,-10,0
18705,Luzerne,2022-02,9,-9,0
18705,Luzerne,2022-03,8,-8,0
18705,Luzerne,2022-04,7,-7,0
18705,Luzerne,2022-05,6,-6,0
18705,Luzerne,2022-06,5,-5,0
18705,Luzerne,2022-07,4,-4,0
18705,Luzerne,2022-08,3,-3,0
18705,Luzerne,2022-09,2,-2,0
18705,Luzerne,2022-10,1,-1,0
18705,Luzerne,2022-11,0,0,1
18705,Luzerne,2022-12,-1,1,0
18706,Luzerne,2022-01,10,-10,0
18706,Luzerne,2022-02,9,-9,0
18706,Luzerne,2022-03,8,-8,0
18706,Luzerne,2022-04,7,-7,0
18706,Luzerne,2022-05,6,-6,0
18706,Luzerne,2022-06,5,-5,0
18706,Luzerne,2022-07,4,-4,0
18706,Luzerne,2022-08,3,-3,0
18706,Luzerne,2022-09,2,-2,0
18706,Luzerne,2022-10,1,-1,0
18706,Luzerne,2022-11,0,0,1
18706,Luzerne,2022-12,-1,1,0
18707,Luzerne,2022-01,10,-10,0
18707,Luzerne,2022-02,9,-9,0
18707,Luzerne,2022-03,8,-8,0
18707,Luzerne,2022-04,7,-7,0
18707,Luzerne,2022-05,6,-6,0
18707,Luzerne,2022-06,5,-5,0
18707,Luzerne,2022-07,4,-4,0
18707,Luzerne,2022-08,3,-3,0
18707,Luzerne,2022-09,2,-2,0
18707,Luzerne,2022-10,1,-1,0
18707,Luzerne,2022-11,0,0,1
18707,Luzerne,2022-12,-1,1,0
18708,Luzerne,2022-01,10,-10,0
18708,Luzerne,2022-02,9,-9,0
18708,Luzerne,2022-03,8,-8,0
18708,Luzerne,2022-04,7,-7,0
18708,Luzerne,2022-05,6,-6,0
18708,Luzerne,2022-06,5,-5,0
18708,Luzerne,2022-07,4,-4,0
18708,Luzerne,2022-08,3,-3,0
18708,Luzerne,2022-09,2,-2,0
18708,Luzerne,2022-10,1,-1,0
18708,Luzerne,2022-11,0,0,1
18708,Luzerne,2022-12,-1,1,0
18709,Luzerne,2022-01,10,-10,0
18709,Luzerne,2022-02,9,-9,0
18709,Luzerne,2022-03,8,-8,0
18709,Luzerne,2022-04,7,-7,0
18709,Luzerne,2022-05,6,-6,0
18709,Luzerne,2022-06,5,-5,0
18709,Luzerne,2022-07,4,-4,0
18709,Luzerne,2022-08,3,-3,0
18709,Luzerne,2022-09,2,-2,0
18709,Luzerne,2022-10,1,-1,0
18709,Luzerne,2022-11,0,0,1
18709,Luzerne,2022-12,-1,1,0
18801,Susquehanna,2022-01,10,-10,0
18801,Susquehanna,2022-02,9,-9,0
18801,Susquehanna,2022-03,8,-8,0
18801,Susquehanna,2022-04,7,-7,0
18801,Susquehanna,2022-05,6,-6,0
18801,Susquehanna,2022-06,5,-5,0
18801,Susquehanna,2022-07,4,-4,0
18801,Susquehanna,2022-08,3,-3,0
18801,Susquehanna,2022-09,2,-2,0
18801,Susquehanna,2022-10,1,-1,0
18801,Susquehanna,2022-11,0,0,1
18801,Susquehanna,2022-12,-1,1,0
18810,Bradford,2022-01,10,-10,0
18810,Bradford,2022-02,9,-9,0
18810,Bradford,2022-03,8,-8,0
18810,Bradford,2022-04,7,-7,0
18810,Bradford,2022-05,6,-6,0
18810,Bradford,2022-06,5,-5,0
18810,Bradford,2022-07,4,-4,0
18810,Bradford,2022-08,3,-3,0
18810,Bradford,2022-09,2,-2,0
18810,Bradford,2022-10,1,-1,0
18810,Bradford,2022-11,0,0,1
18810,Bradford,2022-12,-1,1,0
18812,Susquehanna,2022-01,10,-10,0
18812,Susquehanna,2022-02,9,-9,0
18812,Susquehanna,2022-03,8,-8,0
18812,Susquehanna,2022-04,7,-7,0
18812,Susquehanna,2022-05,6,-6,0
18812,Susquehanna,2022-06,5,-5,0
18812,Susquehanna,2022-07,4,-4,0
18812,Susquehanna,2022-08,3,-3,0
18812,Susquehanna,2022-09,2,-2,0
18812,Susquehanna,2022-10,1,-1,0
18812,Susquehanna,2022-11,0,0,1
18812,Susquehanna,2022-12,-1,1,0
18814,Bradford,2022-01,10,-10,0
18814,Bradford,2022-02,9,-9,0
18814,Bradford,2022-03,8,-8,0
18814,Bradford,2022-04,7,-7,0
18814,Bradford,2022-05,6,-6,0
18814,Bradford,2022-06,5,-5,0
18814,Bradford,2022-07,4,-4,0
18814,Bradford,2022-08,3,-3,0
18814,Bradford,2022-09,2,-2,0
18814,Bradford,2022-10,1,-1,0
18814,Bradford,2022-11,0,0,1
18814,Bradford,2022-12,-1,1,0
18816,Susquehanna,2022-01,10,-10,0
18816,Susquehanna,2022-02,9,-9,0
18816,Susquehanna,2022-03,8,-8,0
18816,Susquehanna,2022-04,7,-7,0
18816,Susquehanna,2022-05,6,-6,0
18816,Susquehanna,2022-06,5,-5,0
18816,Susquehanna,2022-07,4,-4,0
18816,Susquehanna,2022-08,3,-3,0
18816,Susquehanna,2022-09,2,-2,0
18816,Susquehanna,2022-10,1,-1,0
18816,Susquehanna,2022-11,0,0,1
18816,Susquehanna,2022-12,-1,1,0
18817,Bradford,2022-01,10,-10,0
18817,Bradford,2022-02,9,-9,0
18817,Bradford,2022-03,8,-8,0
18817,Bradford,2022-04,7,-7,0
18817,Bradford,2022-05,6,-6,0
18817,Bradford,2022-06,5,-5,0
18817,Bradford,2022-07,4,-4,0
18817,Bradford,2022-08,3,-3,0
18817,Bradford,2022-09,2,-2,0
18817,Bradford,2022-10,1,-1,0
18817,Bradford,2022-11,0,0,1
18817,Bradford,2022-12,-1,1,0
18818,Susquehanna,2022-01,10,-10,0
18818,Susquehanna,2022-02,9,-9,0
18818,Susquehanna,2022-03,8,-8,0
18818,Susquehanna,2022-04,7,-7,0
18818,Susquehanna,2022-05,6,-6,0
18818,Susquehanna,2022-06,5,-5,0
18818,Susquehanna,2022-07,4,-4,0
18818,Susquehanna,2022-08,3,-3,0
18818,Susquehanna,2022-09,2,-2,0
18818,Susquehanna,2022-10,1,-1,0
18818,Susquehanna,2022-11,0,0,1
18818,Susquehanna,2022-12,-1,1,0
18820,Susquehanna,2022-01,10,-10,0
18820,Susquehanna,2022-02,9,-9,0
18820,Susquehanna,2022-03,8,-8,0
18820,Susquehanna,2022-04,7,-7,0
18820,Susquehanna,2022-05,6,-6,0
18820,Susquehanna,2022-06,5,-5,0
18820,Susquehanna,2022-07,4,-4,0
18820,Susquehanna,2022-08,3,-3,0
18820,Susquehanna,2022-09,2,-2,0
18820,Susquehanna,2022-10,1,-1,0
18820,Susquehanna,2022-11,0,0,1
18820,Susquehanna,2022-12,-1,1,0
18821,Susquehanna,2022-01,10,-10,0
18821,Susquehanna,2022-02,9,-9,0
18821,Susquehanna,2022-03,8,-8,0
18821,Susquehanna,2022-04,7,-7,0
18821,Susquehanna,2022-05,6,-6,0
18821,Susquehanna,2022-06,5,-5,0
18821,Susquehanna,2022-07,4,-4,0
18821,Susquehanna,2022-08,3,-3,0
18821,Susquehanna,2022-09,2,-2,0
18821,Susquehanna,2022-10,1,-1,0
18821,Susquehanna,2022-11,0,0,1
18821,Susquehanna,2022-12,-1,1,0
18822,Susquehanna,2022-01,10,-10,0
18822,Susquehanna,2022-02,9,-9,0
18822,Susquehanna,2022-03,8,-8,0
18822,Susquehanna,2022-04,7,-7,0
18822,Susquehanna,2022-05,6,-6,0
18822,Susquehanna,2022-06,5,-5,0
18822,Susquehanna,2022-07,4,-4,0
18822,Susquehanna,2022-08,3,-3,0
18822,Susquehanna,2022-09,2,-2,0
18822,Susquehanna,2022-10,1,-1,0
18822,Susquehanna,2022-11,0,0,1
18822,Susquehanna,2022-12,-1,1,0
18823,Susquehanna,2022-01,10,-10,0
18823,Susquehanna,2022-02,9,-9,0
18823,Susquehanna,2022-03,8,-8,0
18823,Susquehanna,2022-04,7,-7,0
18823,Susquehanna,2022-05,6,-6,0
18823,Susquehanna,2022-06,5,-5,0
18823,Susquehanna,2022-07,4,-4,0
18823,Susquehanna,2022-08,3,-3,0
18823,Susquehanna,2022-09,2,-2,0
18823,Susquehanna,2022-10,1,-1,0
18823,Susquehanna,2022-11,0,0,1
18823,Susquehanna,2022-12,-1,1,0
18824,Susquehanna,2022-01,10,-10,0
18824,Susquehanna,2022-02,9,-9,0
18824,Susquehanna,2022-03,8,-8,0
18824,Susquehanna,2022-04,7,-7,0
18824,Susquehanna,2022-05,6,-6,0
18824,Susquehanna,2022-06,5,-5,0
18824,Susquehanna,2022-07,4,-4,0
18824,Susquehanna,2022-08,3,-3,0
18824,Susquehanna,2022-09,2,-2,0
18824,Susquehanna,2022-10,1,-1,0
18824,Susquehanna,2022-11,0,0,1
18824,Susquehanna,2022-12,-1,1,0
18825,Susquehanna,2022-01,10,-10,0
18825,Susquehanna,2022-02,9,-9,0
18825,Susquehanna,2022-03,8,-8,0
18825,Susquehanna,2022-04,7,-7,0
18825,Susquehanna,2022-05,6,-6,0
18825,Susquehanna,2022-06,5,-5,0
18825,Susquehanna,2022-07,4,-4,0
18825,Susquehanna,2022-08,3,-3,0
18825,Susquehanna,2022-09,2,-2,0
18825,Susquehanna,2022-10,1,-1,0
18825,Susquehanna,2022-11,0,0,1
18825,Susquehanna,2022-12,-1,1,0
18826,Susquehanna,2022-01,10,-10,0
18826,Susquehanna,2022-02,9,-9,0
18826,Susquehanna,2022-03,8,-8,0
18826,Susquehanna,2022-04,7,-7,0
18826,Susquehanna,2022-05,6,-6,0
18826,Susquehanna,2022-06,5,-5,0
18826,Susquehanna,2022-07,4,-4,0
18826,Susquehanna,2022-08,3,-3,0
18826,Susquehanna,2022-09,2,-2,0
18826,Susquehanna,2022-10,1,-1,0
18826,Susquehanna,2022-11,0,0,1
18826,Susquehanna,2022-12,-1,1,0
18828,Susquehanna,2022-01,10,-10,0
18828,Susquehanna,2022-02,9,-9,0
18828,Susquehanna,2022-03,8,-8,0
18828,Susquehanna,2022-04,7,-7,0
18828,Susquehanna,2022-05,6,-6,0
18828,Susquehanna,2022-06,5,-5,0
18828,Susquehanna,2022-07,4,-4,0
18828,Susquehanna,2022-08,3,-3,0
18828,Susquehanna,2022-09,2,-2,0
18828,Susquehanna,2022-10,1,-1,0
18828,Susquehanna,2022-11,0,0,1
18828,Susquehanna,2022-12,-1,1,0
18829,Bradford,2022-01,10,-10,0
18829,Bradford,2022-02,9,-9,0
18829,Bradford,2022-03,8,-8,0
18829,Bradford,2022-04,7,-7,0
18829,Bradford,2022-05,6,-6,0
18829,Bradford,2022-06,5,-5,0
18829,Bradford,2022-07,4,-4,0
18829,Bradford,2022-08,3,-3,0
18829,Bradford,2022-09,2,-2,0
18829,Bradford,2022-10,1,-1,0
18829,Bradford,2022-11,0,0,1
18829,Bradford,2022-12,-1,1,0
18830,Susquehanna,2022-01,10,-10,0
18830,Susquehanna,2022-02,9,-9,0
18830,Susquehanna,2022-03,8,-8,0
18830,Susquehanna,2022-04,7,-7,0
18830,Susquehanna,2022-05,6,-6,0
18830,Susquehanna,2022-06,5,-5,0
18830,Susquehanna,2022-07,4,-4,0
18830,Susquehanna,2022-08,3,-3,0
18830,Susquehanna,2022-09,2,-2,0
18830,Susquehanna,2022-10,1,-1,0
18830,Susquehanna,2022-11,0,0,1
18830,Susquehanna,2022-12,-1,1,0
18831,Bradford,2022-01,10,-10,0
18831,Bradford,2022-02,9,-9,0
18831,Bradford,2022-03,8,-8,0
18831,Bradford,2022-04,7,-7,0
18831,Bradford,2022-05,6,-6,0
18831,Bradford,2022-06,5,-5,0
18831,Bradford,2022-07,4,-4,0
18831,Bradford,2022-08,3,-3,0
18831,Bradford,2022-09,2,-2,0
18831,Bradford,2022-10,1,-1,0
18831,Bradford,2022-11,0,0,1
18831,Bradford,2022-12,-1,1,0
18832,Bradford,2022-01,10,-10,0
18832,Bradford,2022-02,9,-9,0
18832,Bradford,2022-03,8,-8,0
18832,Bradford,2022-04,7,-7,0
18832,Bradford,2022-05,6,-6,0
18832,Bradford,2022-06,5,-5,0
18832,Bradford,2022-07,4,-4,0
18832,Bradford,2022-08,3,-3,0
18832,Bradford,2022-09,2,-2,0
18832,Bradford,2022-10,1,-1,0
18832,Bradford,2022-11,0,0,1
18832,Bradford,2022-12,-1,1,0
18833,Bradford,2022-01,10,-10,0
18833,Bradford,2022-02,9,-9,0
18833,Bradford,2022-03,8,-8,0
18833,Bradford,2022-04,7,-7,0
18833,Bradford,2022-05,6,-6,0
18833,Bradford,2022-06,5,-5,0
18833,Bradford,2022-07,4,-4,0
18833,Bradford,2022-08,3,-3,0
18833,Bradford,2022-09,2,-2,0
18833,Bradford,2022-10,1,-1,0
18833,Bradford,2022-11,0,0,1
18833,Bradford,2022-12,-1,1,0
18834,Susquehanna,2022-01,10,-10,0
18834,Susquehanna,2022-02,9,-9,0
18834,Susquehanna,2022-03,8,-8,0
18834,Susquehanna,2022-04,7,-7,0
18834,Susquehanna,2022-05,6,-6,0
18834,Susquehanna,2022-06,5,-5,0
18834,Susquehanna,2022-07,4,-4,0
18834,Susquehanna,2022-08,3,-3,0
18834,Susquehanna,2022-09,2,-2,0
18834,Susquehanna,2022-10,1,-1,0
18834,Susquehanna,2022-11,0,0,1
18834,Susquehanna,2022-12,-1,1,0
18837,Bradford,2022-01,10,-10,0
18837,Bradford,2022-02,9,-9,0
18837,Bradford,2022-03,8,-8,0
18837,Bradford,2022-04,7,-7,0
18837,Bradford,2022-05,6,-6,0
18837,Bradford,2022-06,5,-5,0
18837,Bradford,2022-07,4,-4,0
18837,Bradford,2022-08,3,-3,0
18837,Bradford,2022-09,2,-2,0
18837,Bradford,2022-10,1,-1,0
18837,Bradford,2022-11,0,0,1
18837,Bradford,2022-12,-1,1,0
18840,Bradford,2022-01,10,-10,0
18840,Bradford,2022-02,9,-9,0
18840,Bradford,2022-03,8,-8,0
18840,Bradford,2022-04,7,-7,0
18840,Bradford,2022-05,6,-6,0
18840,Bradford,2022-06,5,-5,0
18840,Bradford,2022-07,4,-4,0
18840,Bradford,2022-08,3,-3,0
18840,Bradford,2022-09,2,-2,0
18840,Bradford,2022-10,1,-1,0
18840,Bradford,2022-11,0,0,1
18840,Bradford,2022-12,-1,1,0
18842,Susquehanna,2022-01,10,-10,0
18842,Susquehanna,2022-02,9,-9,0
18842,Susquehanna,2022-03,8,-8,0
18842,Susquehanna,2022-04,7,-7,0
18842,Susquehanna,2022-05,6,-6,0
18842,Susquehanna,2022-06,5,-5,0
18842,Susquehanna,2022-07,4,-4,0
18842,Susquehanna,2022-08,3,-3,0
18842,Susquehanna,2022-09,2,-2,0
18842,Susquehanna,2022-10,1,-1,0
18842,Susquehanna,2022-11,0,0,1
18842,Susquehanna,2022-12,-1,1,0
18843,Susquehanna,2022-01,10,-10,0
18843,Susquehanna,2022-02,9,-9,0
18843,Susquehanna,2022-03,8,-8,0
18843,Susquehanna,2022-04,7,-7,0
18843,Susquehanna,2022-05,6,-6,0
18843,Susquehanna,2022-06,5,-5,0
18843,Susquehanna,2022-07,4,-4,0
18843,Susquehanna,2022-08,3,-3,0
18843,Susquehanna,2022-09,2,-2,0
18843,Susquehanna,2022-10,1,-1,0
18843,Susquehanna,2022-11,0,0,1
18843,Susquehanna,2022-12,-1,1,0
18844,Susquehanna,2022-01,10,-10,0
18844,Susquehanna,2022-02,9,-9,0
18844,Susquehanna,2022-03,8,-8,0
18844,Susquehanna,2022-04,7,-7,0
18844,Susquehanna,2022-05,6,-6,0
18844,Susquehanna,2022-06,5,-5,0
18844,Susquehanna,2022-07,4,-4,0
18844,Susquehanna,2022-08,3,-3,0
18844,Susquehanna,2022-09,2,-2,0
18844,Susquehanna,2022-10,1,-1,0
18844,Susquehanna,2022-11,0,0,1
18844,Susquehanna,2022-12,-1,1,0
18845,Bradford,2022-01,10,-10,0
18845,Bradford,2022-02,9,-9,0
18845,Bradford,2022-03,8,-8,0
18845,Bradford,2022-04,7,-7,0
18845,Bradford,2022-05,6,-6,0
18845,Bradford,2022-06,5,-5,0
18845,Bradford,2022-07,4,-4,0
18845,Bradford,2022-08,3,-3,0
18845,Bradford,2022-09,2,-2,0
18845,Bradford,2022-10,1,-1,0
18845,Bradford,2022-11,0,0,1
18845,Bradford,2022-12,-1,1,0
18846,Bradford,2022-01,10,-10,0
18846,Bradford,2022-02,9,-9,0
18846,Bradford,2022-03,8,-8,0
18846,Bradford,2022-04,7,-7,0
18846,Bradford,2022-05,6,-6,0
18846,Bradford,2022-06,5,-5,0
18846,Bradford,2022-07,4,-4,0
18846,Bradford,2022-08,3,-3,0
18846,Bradford,2022-09,2,-2,0
18846,Bradford,2022-10,1,-1,0
18846,Bradford,2022-11,0,0,1
18846,Bradford,2022-12,-1,1,0
18847,Susquehanna,2022-01,10,-10,0
18847,Susquehanna,2022-02,9,-9,0
18847,Susquehanna,2022-03,8,-8,0
18847,Susquehanna,2022-04,7,-7,0
18847,Susquehanna,2022-05,6,-6,0
18847,Susquehanna,2022-06,5,-5,0
18847,Susquehanna,2022-07,4,-4,0
18847,Susquehanna,2022-08,3,-3,0
18847,Susquehanna,2022-09,2,-2,0
18847,Susquehanna,2022-10,1,-1,0
18847,Susquehanna,2022-11,0,0,1
18847,Susquehanna,2022-12,-1,1,0
18848,Bradford,2022-01,10,-10,0
18848,Bradford,2022-02,9,-9,0
18848,Bradford,2022-03,8,-8,0
18848,Bradford,2022-04,7,-7,0
18848,Bradford,2022-05,6,-6,0
18848,Bradford,2022-06,5,-5,0
18848,Bradford,2022-07,4,-4,0
18848,Bradford,2022-08,3,-3,0
18848,Bradford,2022-09,2,-2,0
18848,Bradford,2022-10,1,-1,0
18848,Bradford,2022-11,0,0,1
18848,Bradford,2022-12,-1,1,0
18850,Bradford,2022-01,10,-10,0
18850,Bradford,2022-02,9,-9,0
18850,Bradford,2022-03,8,-8,0
18850,Bradford,2022-04,7,-7,0
18850,Bradford,2022-05,6,-6,0
18850,Bradford,2022-06,5,-5,0
18850,Bradford,2022-07,4,-4,0
18850,Bradford,2022-08,3,-3,0
18850,Bradford,2022-09,2,-2,0
18850,Bradford,2022-10,1,-1,0
18850,Bradford,2022-11,0,0,1
18850,Bradford,2022-12,-1,1,0
18851,Bradford,2022-01,10,-10,0
18851,Bradford,2022-02,9,-9,0
18851,Bradford,2022-03,8,-8,0
18851,Bradford,2022-04,7,-7,0
18851,Bradford,2022-05,6,-6,0
18851,Bradford,2022-06,5,-5,0
18851,Bradford,2022-07,4,-4,0
18851,Bradford,2022-08,3,-3,0
18851,Bradford,2022-09,2,-2,0
18851,Bradford,2022-10,1,-1,0
18851,Bradford,2022-11,0,0,1
18851,Bradford,2022-12,-1,1,0
18853,Bradford,2022-01,10,-10,0
18853,Bradford,2022-02,9,-9,0
18853,Bradford,2022-03,8,-8,0
18853,Bradford,2022-04,7,-7,0
18853,Bradford,2022-05,6,-6,0
18853,Bradford,2022-06,5,-5,0
18853,Bradford,2022-07,4,-4,0
18853,Bradford,2022-08,3,-3,0
18853,Bradford,2022-09,2,-2,0
18853,Bradford,2022-10,1,-1,0
18853,Bradford,2022-11,0,0,1
18853,Bradford,2022-12,-1,1,0
18854,Bradford,2022-01,10,-10,0
18854,Bradford,2022-02,9,-9,0
18854,Bradford,2022-03,8,-8,0
18854,Bradford,2022-04,7,-7,0
18854,Bradford,2022-05,6,-6,0
18854,Bradford,2022-06,5,-5,0
18854,Bradford,2022-07,4,-4,0
18854,Bradford,2022-08,3,-3,0
18854,Bradford,2022-09,2,-2,0
18854,Bradford,2022-10,1,-1,0
18854,Bradford,2022-11,0,0,1
18854,Bradford,2022-12,-1,1,0
18901,Bucks,2022-01,10,-10,0
18901,Bucks,2022-02,9,-9,0
18901,Bucks,2022-03,8,-8,0
18901,Bucks,2022-04,7,-7,0
18901,Bucks,2022-05,6,-6,0
18901,Bucks,2022-06,5,-5,0
18901,Bucks,2022-07,4,-4,0
18901,Bucks,2022-08,3,-3,0
18901,Bucks,2022-09,2,-2,0
18901,Bucks,2022-10,1,-1,0
18901,Bucks,2022-11,0,0,1
18901,Bucks,2022-12,-1,1,0
18902,Bucks,2022-01,10,-10,0
18902,Bucks,2022-02,9,-9,0
18902,Bucks,2022-03,8,-8,0
18902,Bucks,2022-04,7,-7,0
18902,Bucks,2022-05,6,-6,0
18902,Bucks,2022-06,5,-5,0
18902,Bucks,2022-07,4,-4,0
18902,Bucks,2022-08,3,-3,0
18902,Bucks,2022-09,2,-2,0
18902,Bucks,2022-10,1,-1,0
18902,Bucks,2022-11,0,0,1
18902,Bucks,2022-12,-1,1,0
18912,Bucks,2022-01,10,-10,0
18912,Bucks,2022-02,9,-9,0
18912,Bucks,2022-03,8,-8,0
18912,Bucks,2022-04,7,-7,0
18912,Bucks,2022-05,6,-6,0
18912,Bucks,2022-06,5,-5,0
18912,Bucks,2022-07,4,-4,0
18912,Bucks,2022-08,3,-3,0
18912,Bucks,2022-09,2,-2,0
18912,Bucks,2022-10,1,-1,0
18912,Bucks,2022-11,0,0,1
18912,Bucks,2022-12,-1,1,0
18913,Bucks,2022-01,10,-10,0
18913,Bucks,2022-02,9,-9,0
18913,Bucks,2022-03,8,-8,0
18913,Bucks,2022-04,7,-7,0
18913,Bucks,2022-05,6,-6,0
18913,Bucks,2022-06,5,-5,0
18913,Bucks,2022-07,4,-4,0
18913,Bucks,2022-08,3,-3,0
18913,Bucks,2022-09,2,-2,0
18913,Bucks,2022-10,1,-1,0
18913,Bucks,2022-11,0,0,1
18913,Bucks,2022-12,-1,1,0
18914,Bucks,2022-01,10,-10,0
18914,Bucks,2022-02,9,-9,0
18914,Bucks,2022-03,8,-8,0
18914,Bucks,2022-04,7,-7,0
18914,Bucks,2022-05,6,-6,0
18914,Bucks,2022-06,5,-5,0
18914,Bucks,2022-07,4,-4,0
18914,Bucks,2022-08,3,-3,0
18914,Bucks,2022-09,2,-2,0
18914,Bucks,2022-10,1,-1,0
18914,Bucks,2022-11,0,0,1
18914,Bucks,2022-12,-1,1,0
18915,Montgomery,2022-01,10,-10,0
18915,Montgomery,2022-02,9,-9,0
18915,Montgomery,2022-03,8,-8,0
18915,Montgomery,2022-04,7,-7,0
18915,Montgomery,2022-05,6,-6,0
18915,Montgomery,2022-06,5,-5,0
18915,Montgomery,2022-07,4,-4,0
18915,Montgomery,2022-08,3,-3,0
18915,Montgomery,2022-09,2,-2,0
18915,Montgomery,2022-10,1,-1,0
18915,Montgomery,2022-11,0,0,1
18915,Montgomery,2022-12,-1,1,0
18917,Bucks,2022-01,10,-10,0
18917,Bucks,2022-02,9,-9,0
18917,Bucks,2022-03,8,-8,0
18917,Bucks,2022-04,7,-7,0
18917,Bucks,2022-05,6,-6,0
18917,Bucks,2022-06,5,-5,0
18917,Bucks,2022-07,4,-4,0
18917,Bucks,2022-08,3,-3,0
18917,Bucks,2022-09,2,-2,0
18917,Bucks,2022-10,1,-1,0
18917,Bucks,2022-11,0,0,1
18917,Bucks,2022-12,-1,1,0
18920,Bucks,2022-01,10,-10,0
18920,Bucks,2022-02,9,-9,0
18920,Bucks,2022-03,8,-8,0
18920,Bucks,2022-04,7,-7,0
18920,Bucks,2022-05,6,-6,0
18920,Bucks,2022-06,5,-5,0
18920,Bucks,2022-07,4,-4,0
18920,Bucks,2022-08,3,-3,0
18920,Bucks,2022-09,2,-2,0
18920,Bucks,2022-10,1,-1,0
18920,Bucks,2022-11,0,0,1
18920,Bucks,2022-12,-1,1,0
18921,Bucks,2022-01,10,-10,0
18921,Bucks,2022-02,9,-9,0
18921,Bucks,2022-03,8,-8,0
18921,Bucks,2022-04,7,-7,0
18921,Bucks,2022-05,6,-6,0
18921,Bucks,2022-06,5,-5,0
18921,Bucks,2022-07,4,-4,0
18921,Bucks,2022-08,3,-3,0
18921,Bucks,2022-09,2,-2,0
18921,Bucks,2022-10,1,-1,0
18921,Bucks,2022-11,0,0,1
18921,Bucks,2022-12,-1,1,0
18923,Bucks,2022-01,10,-10,0
18923,Bucks,2022-02,9,-9,0
18923,Bucks,2022-03,8,-8,0
18923,Bucks,2022-04,7,-7,0
18923,Bucks,2022-05,6,-6,0
18923,Bucks,2022-06,5,-5,0
18923,Bucks,2022-07,4,-4,0
18923,Bucks,2022-08,3,-3,0
18923,Bucks,2022-09,2,-2,0
18923,Bucks,2022-10,1,-1,0
18923,Bucks,2022-11,0,0,1
18923,Bucks,2022-12,-1,1,0
18925,Bucks,2022-01,10,-10,0
18925,Bucks,2022-02,9,-9,0
18925,Bucks,2022-03,8,-8,0
18925,Bucks,2022-04,7,-7,0
18925,Bucks,2022-05,6,-6,0
18925,Bucks,2022-06,5,-5,0
18925,Bucks,2022-07,4,-4,0
18925,Bucks,2022-08,3,-3,0
18925,Bucks,2022-09,2,-2,0
18925,Bucks,2022-10,1,-1,0
18925,Bucks,2022-11,0,0,1
18925,Bucks,2022-12,-1,1,0
18927,Bucks,2022-01,10,-10,0
18927,Bucks,2022-02,9,-9,0
18927,Bucks,2022-03,8,-8,0
18927,Bucks,2022-04,7,-7,0
18927,Bucks,2022-05,6,-6,0
18927,Bucks,2022-06,5,-5,0
18927,Bucks,2022-07,4,-4,0
18927,Bucks,2022-08,3,-3,0
18927,Bucks,2022-09,2,-2,0
18927,Bucks,2022-10,1,-1,0
18927,Bucks,2022-11,0,0,1
18927,Bucks,2022-12,-1,1,0
18929,Bucks,2022-01,10,-10,0
18929,Bucks,2022-02,9,-9,0
18929,Bucks,2022-03,8,-8,0
18929,Bucks,2022-04,7,-7,0
18929,Bucks,2022-05,6,-6,0
18929,Bucks,2022-06,5,-5,0
18929,Bucks,2022-07,4,-4,0
18929,Bucks,2022-08,3,-3,0
18929,Bucks,2022-09,2,-2,0
18929,Bucks,2022-10,1,-1,0
18929,Bucks,2022-11,0,0,1
18929,Bucks,2022-12,-1,1,0
18930,Bucks,2022-01,10,-10,0
18930,Bucks,2022-02,9,-9,0
18930,Bucks,2022-03,8,-8,0
18930,Bucks,2022-04,7,-7,0
18930,Bucks,2022-05,6,-6,0
18930,Bucks,2022-06,5,-5,0
18930,Bucks,2022-07,4,-4,0
18930,Bucks,2022-08,3,-3,0
18930,Bucks,2022-09,2,-2,0
18930,Bucks,2022-10,1,-1,0
18930,Bucks,2022-11,0,0,1
18930,Bucks,2022-12,-1,1,0
18932,Bucks,2022-01,10,-10,0
18932,Bucks,2022-02,9,-9,0
18932,Bucks,2022-03,8,-8,0
18932,Bucks,2022-04,7,-7,0
18932,Bucks,2022-05,6,-6,0
18932,Bucks,2022-06,5,-5,0
18932,Bucks,2022-07,4,-4,0
18932,Bucks,2022-08,3,-3,0
18932,Bucks,2022-09,2,-2,0
18932,Bucks,2022-10,1,-1,0
18932,Bucks,2022-11,0,0,1
18932,Bucks,2022-12,-1,1,0
18933,Bucks,2022-01,10,-10,0
18933,Bucks,2022-02,9,-9,0
18933,Bucks,2022-03,8,-8,0
18933,Bucks,2022-04,7,-7,0
18933,Bucks,2022-05,6,-6,0
18933,Bucks,2022-06,5,-5,0
18933,Bucks,2022-07,4,-4,0
18933,Bucks,2022-08,3,-3,0
18933,Bucks,2022-09,2,-2,0
18933,Bucks,2022-10,1,-1,0
18933,Bucks,2022-11,0,0,1
18933,Bucks,2022-12,-1,1,0
18935,Bucks,2022-01,10,-10,0
18935,Bucks,2022-02,9,-9,0
18935,Bucks,2022-03,8,-8,0
18935,Bucks,2022-04,7,-7,0
18935,Bucks,2022-05,6,-6,0
18935,Bucks,2022-06,5,-5,0
18935,Bucks,2022-07,4,-4,0
18935,Bucks,2022-08,3,-3,0
18935,Bucks,2022-09,2,-2,0
18935,Bucks,2022-10,1,-1,0
18935,Bucks,2022-11,0,0,1
18935,Bucks,2022-12,-1,1,0
18936,Montgomery,2022-01,10,-10,0
18936,Montgomery,2022-02,9,-9,0
18936,Montgomery,2022-03,8,-8,0
18936,Montgomery,2022-04,7,-7,0
18936,Montgomery,2022-05,6,-6,0
18936,Montgomery,2022-06,5,-5,0
18936,Montgomery,2022-07,4,-4,0
18936,Montgomery,2022-08,3,-3,0
18936,Montgomery,2022-09,2,-2,0
18936,Montgomery,2022-10,1,-1,0
18936,Montgomery,2022-11,0,0,1
18936,Montgomery,2022-12,-1,1,0
18938,Bucks,2022-01,10,-10,0
18938,Bucks,2022-02,9,-9,0
18938,Bucks,2022-03,8,-8,0
18938,Bucks,2022-04,7,-7,0
18938,Bucks,2022-05,6,-6,0
18938,Bucks,2022-06,5,-5,0
18938,Bucks,2022-07,4,-4,0
18938,Bucks,2022-08,3,-3,0
18938,Bucks,2022-09,2,-2,0
18938,Bucks,2022-10,1,-1,0
18938,Bucks,2022-11,0,0,1
18938,Bucks,2022-12,-1,1,0
18940,Bucks,2022-01,10,-10,0
18940,Bucks,2022-02,9,-9,0
18940,Bucks,2022-03,8,-8,0
18940,Bucks,2022-04,7,-7,0
18940,Bucks,2022-05,6,-6,0
18940,Bucks,2022-06,5,-5,0
18940,Bucks,2022-07,4,-4,0
18940,Bucks,2022-08,3,-3,0
18940,Bucks,2022-09,2,-2,0
18940,Bucks,2022-10,1,-1,0
18940,Bucks,2022-11,0,0,1
18940,Bucks,2022-12,-1,1,0
18942,Bucks,2022-01,10,-10,0
18942,Bucks,2022-02,9,-9,0
18942,Bucks,2022-03,8,-8,0
18942,Bucks,2022-04,7,-7,0
18942,Bucks,2022-05,6,-6,0
18942,Bucks,2022-06,5,-5,0
18942,Bucks,2022-07,4,-4,0
18942,Bucks,2022-08,3,-3,0
18942,Bucks,2022-09,2,-2,0
18942,Bucks,2022-10,1,-1,0
18942,Bucks,2022-11,0,0,1
18942,Bucks,2022-12,-1,1,0
18944,Bucks,2022-01,10,-10,0
18944,Bucks,2022-02,9,-9,0
18944,Bucks,2022-03,8,-8,0
18944,Bucks,2022-04,7,-7,0
18944,Bucks,2022-05,6,-6,0
18944,Bucks,2022-06,5,-5,0
18944,Bucks,2022-07,4,-4,0
18944,Bucks,2022-08,3,-3,0
18944,Bucks,2022-09,2,-2,0
18944,Bucks,2022-10,1,-1,0
18944,Bucks,2022-11,0,0,1
18944,Bucks,2022-12,-1,1,0
18946,Bucks,2022-01,10,-10,0
18946,Bucks,2022-02,9,-9,0
18946,Bucks,2022-03,8,-8,0
18946,Bucks,2022-04,7,-7,0
18946,Bucks,2022-05,6,-6,0
18946,Bucks,2022-06,5,-5,0
18946,Bucks,2022-07,4,-4,0
18946,Bucks,2022-08,3,-3,0
18946,Bucks,2022-09,2,-2,0
18946,Bucks,2022-10,1,-1,0
18946,Bucks,2022-11,0,0,1
18946,Bucks,2022-12,-1,1,0
18947,Bucks,2022-01,10,-10,0
18947,Bucks,2022-02,9,-9,0
18947,Bucks,2022-03,8,-8,0
18947,Bucks,2022-04,7,-7,0
18947,Bucks,2022-05,6,-6,0
18947,Bucks,2022-06,5,-5,0
18947,Bucks,2022-07,4,-4,0
18947,Bucks,2022-08,3,-3,0
18947,Bucks,2022-09,2,-2,0
18947,Bucks,2022-10,1,-1,0
18947,Bucks,2022-11,0,0,1
18947,Bucks,2022-12,-1,1,0
18950,Bucks,2022-01,10,-10,0
18950,Bucks,2022-02,9,-9,0
18950,Bucks,2022-03,8,-8,0
18950,Bucks,2022-04,7,-7,0
18950,Bucks,2022-05,6,-6,0
18950,Bucks,2022-06,5,-5,0
18950,Bucks,2022-07,4,-4,0
18950,Bucks,2022-08,3,-3,0
18950,Bucks,2022-09,2,-2,0
18950,Bucks,2022-10,1,-1,0
18950,Bucks,2022-11,0,0,1
18950,Bucks,2022-12,-1,1,0
18951,Bucks,2022-01,10,-10,0
18951,Bucks,2022-02,9,-9,0
18951,Bucks,2022-03,8,-8,0
18951,Bucks,2022-04,7,-7,0
18951,Bucks,2022-05,6,-6,0
18951,Bucks,2022-06,5,-5,0
18951,Bucks,2022-07,4,-4,0
18951,Bucks,2022-08,3,-3,0
18951,Bucks,2022-09,2,-2,0
18951,Bucks,2022-10,1,-1,0
18951,Bucks,2022-11,0,0,1
18951,Bucks,2022-12,-1,1,0
18954,Bucks,2022-01,10,-10,0
18954,Bucks,2022-02,9,-9,0
18954,Bucks,2022-03,8,-8,0
18954,Bucks,2022-04,7,-7,0
18954,Bucks,2022-05,6,-6,0
18954,Bucks,2022-06,5,-5,0
18954,Bucks,2022-07,4,-4,0
18954,Bucks,2022-08,3,-3,0
18954,Bucks,2022-09,2,-2,0
18954,Bucks,2022-10,1,-1,0
18954,Bucks,2022-11,0,0,1
18954,Bucks,2022-12,-1,1,0
18955,Bucks,2022-01,10,-10,0
18955,Bucks,2022-02,9,-9,0
18955,Bucks,2022-03,8,-8,0
18955,Bucks,2022-04,7,-7,0
18955,Bucks,2022-05,6,-6,0
18955,Bucks,2022-06,5,-5,0
18955,Bucks,2022-07,4,-4,0
18955,Bucks,2022-08,3,-3,0
18955,Bucks,2022-09,2,-2,0
18955,Bucks,2022-10,1,-1,0
18955,Bucks,2022-11,0,0,1
18955,Bucks,2022-12,-1,1,0
18960,Bucks,2022-01,10,-10,0
18960,Bucks,2022-02,9,-9,0
18960,Bucks,2022-03,8,-8,0
18960,Bucks,2022-04,7,-7,0
18960,Bucks,2022-05,6,-6,0
18960,Bucks,2022-06,5,-5,0
18960,Bucks,2022-07,4,-4,0
18960,Bucks,2022-08,3,-3,0
18960,Bucks,2022-09,2,-2,0
18960,Bucks,2022-10,1,-1,0
18960,Bucks,2022-11,0,0,1
18960,Bucks,2022-12,-1,1,0
18962,Bucks,2022-01,10,-10,0
18962,Bucks,2022-02,9,-9,0
18962,Bucks,2022-03,8,-8,0
18962,Bucks,2022-04,7,-7,0
18962,Bucks,2022-05,6,-6,0
18962,Bucks,2022-06,5,-5,0
18962,Bucks,2022-07,4,-4,0
18962,Bucks,2022-08,3,-3,0
18962,Bucks,2022-09,2,-2,0
18962,Bucks,2022-10,1,-1,0
18962,Bucks,2022-11,0,0,1
18962,Bucks,2022-12,-1,1,0
18964,Montgomery,2022-01,10,-10,0
18964,Montgomery,2022-02,9,-9,0
18964,Montgomery,2022-03,8,-8,0
18964,Montgomery,2022-04,7,-7,0
18964,Montgomery,2022-05,6,-6,0
18964,Montgomery,2022-06,5,-5,0
18964,Montgomery,2022-07,4,-4,0
18964,Montgomery,2022-08,3,-3,0
18964,Montgomery,2022-09,2,-2,0
18964,Montgomery,2022-10,1,-1,0
18964,Montgomery,2022-11,0,0,1
18964,Montgomery,2022-12,-1,1,0
18966,Bucks,2022-01,10,-10,0
18966,Bucks,2022-02,9,-9,0
18966,Bucks,2022-03,8,-8,0
18966,Bucks,2022-04,7,-7,0
18966,Bucks,2022-05,6,-6,0
18966,Bucks,2022-06,5,-5,0
18966,Bucks,2022-07,4,-4,0
18966,Bucks,2022-08,3,-3,0
18966,Bucks,2022-09,2,-2,0
18966,Bucks,2022-10,1,-1,0
18966,Bucks,2022-11,0,0,1
18966,Bucks,2022-12,-1,1,0
18969,Montgomery,2022-01,10,-10,0
18969,Montgomery,2022-02,9,-9,0
18969,Montgomery,2022-03,8,-8,0
18969,Montgomery,2022-04,7,-7,0
18969,Montgomery,2022-05,6,-6,0
18969,Montgomery,2022-06,5,-5,0
18969,Montgomery,2022-07,4,-4,0
18969,Montgomery,2022-08,3,-3,0
18969,Montgomery,2022-09,2,-2,0
18969,Montgomery,2022-10,1,-1,0
18969,Montgomery,2022-11,0,0,1
18969,Montgomery,2022-12,-1,1,0
18970,Bucks,2022-01,10,-10,0
18970,Bucks,2022-02,9,-9,0
18970,Bucks,2022-03,8,-8,0
18970,Bucks,2022-04,7,-7,0
18970,Bucks,2022-05,6,-6,0
18970,Bucks,2022-06,5,-5,0
18970,Bucks,2022-07,4,-4,0
18970,Bucks,2022-08,3,-3,0
18970,Bucks,2022-09,2,-2,0
18970,Bucks,2022-10,1,-1,0
18970,Bucks,2022-11,0,0,1
18970,Bucks,2022-12,-1,1,0
18972,Bucks,2022-01,10,-10,0
18972,Bucks,2022-02,9,-9,0
18972,Bucks,2022-03,8,-8,0
18972,Bucks,2022-04,7,-7,0
18972,Bucks,2022-05,6,-6,0
18972,Bucks,2022-06,5,-5,0
18972,Bucks,2022-07,4,-4,0
18972,Bucks,2022-08,3,-3,0
18972,Bucks,2022-09,2,-2,0
18972,Bucks,2022-10,1,-1,0
18972,Bucks,2022-11,0,0,1
18972,Bucks,2022-12,-1,1,0
18974,Bucks,2022-01,10,-10,0
18974,Bucks,2022-02,9,-9,0
18974,Bucks,2022-03,8,-8,0
18974,Bucks,2022-04,7,-7,0
18974,Bucks,2022-05,6,-6,0
18974,Bucks,2022-06,5,-5,0
18974,Bucks,2022-07,4,-4,0
18974,Bucks,2022-08,3,-3,0
18974,Bucks,2022-09,2,-2,0
18974,Bucks,2022-10,1,-1,0
18974,Bucks,2022-11,0,0,1
18974,Bucks,2022-12,-1,1,0
18976,Bucks,2022-01,10,-10,0
18976,Bucks,2022-02,9,-9,0
18976,Bucks,2022-03,8,-8,0
18976,Bucks,2022-04,7,-7,0
18976,Bucks,2022-05,6,-6,0
18976,Bucks,2022-06,5,-5,0
18976,Bucks,2022-07,4,-4,0
18976,Bucks,2022-08,3,-3,0
18976,Bucks,2022-09,2,-2,0
18976,Bucks,2022-10,1,-1,0
18976,Bucks,2022-11,0,0,1
18976,Bucks,2022-12,-1,1,0
18977,Bucks,2022-01,10,-10,0
18977,Bucks,2022-02,9,-9,0
18977,Bucks,2022-03,8,-8,0
18977,Bucks,2022-04,7,-7,0
18977,Bucks,2022-05,6,-6,0
18977,Bucks,2022-06,5,-5,0
18977,Bucks,2022-07,4,-4,0
18977,Bucks,2022-08,3,-3,0
18977,Bucks,2022-09,2,-2,0
18977,Bucks,2022-10,1,-1,0
18977,Bucks,2022-11,0,0,1
18977,Bucks,2022-12,-1,1,0
18980,Bucks,2022-01,10,-10,0
18980,Bucks,2022-02,9,-9,0
18980,Bucks,2022-03,8,-8,0
18980,Bucks,2022-04,7,-7,0
18980,Bucks,2022-05,6,-6,0
18980,Bucks,2022-06,5,-5,0
18980,Bucks,2022-07,4,-4,0
18980,Bucks,2022-08,3,-3,0
18980,Bucks,2022-09,2,-2,0
18980,Bucks,2022-10,1,-1,0
18980,Bucks,2022-11,0,0,1
18980,Bucks,2022-12,-1,1,0
19001,Montgomery,2022-01,10,-10,0
19001,Montgomery,2022-02,9,-9,0
19001,Montgomery,2022-03,8,-8,0
19001,Montgomery,2022-04,7,-7,0
19001,Montgomery,2022-05,6,-6,0
19001,Montgomery,2022-06,5,-5,0
19001,Montgomery,2022-07,4,-4,0
19001,Montgomery,2022-08,3,-3,0
19001,Montgomery,2022-09,2,-2,0
19001,Montgomery,2022-10,1,-1,0
19001,Montgomery,2022-11,0,0,1
19001,Montgomery,2022-12,-1,1,0
19002,Montgomery,2022-01,10,-10,0
19002,Montgomery,2022-02,9,-9,0
19002,Montgomery,2022-03,8,-8,0
19002,Montgomery,2022-04,7,-7,0
19002,Montgomery,2022-05,6,-6,0
19002,Montgomery,2022-06,5,-5,0
19002,Montgomery,2022-07,4,-4,0
19002,Montgomery,2022-08,3,-3,0
19002,Montgomery,2022-09,2,-2,0
19002,Montgomery,2022-10,1,-1,0
19002,Montgomery,2022-11,0,0,1
19002,Montgomery,2022-12,-1,1,0
19003,Delaware,2022-01,10,-10,0
19003,Delaware,2022-02,9,-9,0
19003,Delaware,2022-03,8,-8,0
19003,Delaware,2022-04,7,-7,0
19003,Delaware,2022-05,6,-6,0
19003,Delaware,2022-06,5,-5,0
19003,Delaware,2022-07,4,-4,0
19003,Delaware,2022-08,3,-3,0
19003,Delaware,2022-09,2,-2,0
19003,Delaware,2022-10,1,-1,0
19003,Delaware,2022-11,0,0,1
19003,Delaware,2022-12,-1,1,0
19004,Montgomery,2022-01,10,-10,0
19004,Montgomery,2022-02,9,-9,0
19004,Montgomery,2022-03,8,-8,0
19004,Montgomery,2022-04,7,-7,0
19004,Montgomery,2022-05,6,-6,0
19004,Montgomery,2022-06,5,-5,0
19004,Montgomery,2022-07,4,-4,0
19004,Montgomery,2022-08,3,-3,0
19004,Montgomery,2022-09,2,-2,0
19004,Montgomery,2022-10,1,-1,0
19004,Montgomery,2022-11,0,0,1
19004,Montgomery,2022-12,-1,1,0
19006,Montgomery,2022-01,10,-10,0
19006,Montgomery,2022-02,9,-9,0
19006,Montgomery,2022-03,8,-8,0
19006,Montgomery,2022-04,7,-7,0
19006,Montgomery,2022-05,6,-6,0
19006,Montgomery,2022-06,5,-5,0
19006,Montgomery,2022-07,4,-4,0
19006,Montgomery,2022-08,3,-3,0
19006,Montgomery,2022-09,2,-2,0
19006,Montgomery,2022-10,1,-1,0
19006,Montgomery,2022-11,0,0,1
19006,Montgomery,2022-12,-1,1,0
19007,Bucks,2022-01,10,-10,0
19007,Bucks,2022-02,9,-9,0
19007,Bucks,2022-03,8,-8,0
19007,Bucks,2022-04,7,-7,0
19007,Bucks,2022-05,6,-6,0
19007,Bucks,2022-06,5,-5,0
19007,Bucks,2022-07,4,-4,0
19007,Bucks,2022-08,3,-3,0
19007,Bucks,2022-09,2,-2,0
19007,Bucks,2022-10,1,-1,0
19007,Bucks,2022-11,0,0,1
19007,Bucks,2022-12,-1,1,0
19008,Delaware,2022-01,10,-10,0
19008,Delaware,2022-02,9,-9,0
19008,Delaware,2022-03,8,-8,0
19008,Delaware,2022-04,7,-7,0
19008,Delaware,2022-05,6,-6,0
19008,Delaware,2022-06,5,-5,0
19008,Delaware,2022-07,4,-4,0
19008,Delaware,2022-08,3,-3,0
19008,Delaware,2022-09,2,-2,0
19008,Delaware,2022-10,1,-1,0
19008,Delaware,2022-11,0,0,1
19008,Delaware,2022-12,-1,1,0
19009,Montgomery,2022-01,10,-10,0
19009,Montgomery,2022-02,9,-9,0
19009,Montgomery,2022-03,8,-8,0
19009,Montgomery,2022-04,7,-7,0
19009,Montgomery,2022-05,6,-6,0
19009,Montgomery,2022-06,5,-5,0
19009,Montgomery,2022-07,4,-4,0
19009,Montgomery,2022-08,3,-3,0
19009,Montgomery,2022-09,2,-2,0
19009,Montgomery,2022-10,1,-1,0
19009,Montgomery,2022-11,0,0,1
19009,Montgomery,2022-12,-1,1,0
19010,Delaware,2022-01,10,-10,0
19010,Delaware,2022-02,9,-9,0
19010,Delaware,2022-03,8,-8,0
19010,Delaware,2022-04,7,-7,0
19010,Delaware,2022-05,6,-6,0
19010,Delaware,2022-06,5,-5,0
19010,Delaware,2022-07,4,-4,0
19010,Delaware,2022-08,3,-3,0
19010,Delaware,2022-09,2,-2,0
19010,Delaware,2022-10,1,-1,0
19010,Delaware,2022-11,0,0,1
19010,Delaware,2022-12,-1,1,0
19012,Montgomery,2022-01,10,-10,0
19012,Montgomery,2022-02,9,-9,0
19012,Montgomery,2022-03,8,-8,0
19012,Montgomery,2022-04,7,-7,0
19012,Montgomery,2022-05,6,-6,0
19012,Montgomery,2022-06,5,-5,0
19012,Montgomery,2022-07,4,-4,0
19012,Montgomery,2022-08,3,-3,0
19012,Montgomery,2022-09,2,-2,0
19012,Montgomery,2022-10,1,-1,0
19012,Montgomery,2022-11,0,0,1
19012,Montgomery,2022-12,-1,1,0
19013,Delaware,2022-01,10,-10,0
19013,Delaware,2022-02,9,-9,0
19013,Delaware,2022-03,8,-8,0
19013,Delaware,2022-04,7,-7,0
19013,Delaware,2022-05,6,-6,0
19013,Delaware,2022-06,5,-5,0
19013,Delaware,2022-07,4,-4,0
19013,Delaware,2022-08,3,-3,0
19013,Delaware,2022-09,2,-2,0
19013,Delaware,2022-10,1,-1,0
19013,Delaware,2022-11,0,0,1
19013,Delaware,2022-12,-1,1,0
19014,Delaware,2022-01,10,-10,0
19014,Delaware,2022-02,9,-9,0
19014,Delaware,2022-03,8,-8,0
19014,Delaware,2022-04,7,-7,0
19014,Delaware,2022-05,6,-6,0
19014,Delaware,2022-06,5,-5,0
19014,Delaware,2022-07,4,-4,0
19014,Delaware,2022-08,3,-3,0
19014,Delaware,2022-09,2,-2,0
19014,Delaware,2022-10,1,-1,0
19014,Delaware,2022-11,0,0,1
19014,Delaware,2022-12,-1,1,0
19015,Delaware,2022-01,10,-10,0
19015,Delaware,2022-02,9,-9,0
19015,Delaware,2022-03,8,-8,0
19015,Delaware,2022-04,7,-7,0
19015,Delaware,2022-05,6,-6,0
19015,Delaware,2022-06,5,-5,0
19015,Delaware,2022-07,4,-4,0
19015,Delaware,2022-08,3,-3,0
19015,Delaware,2022-09,2,-2,0
19015,Delaware,2022-10,1,-1,0
19015,Delaware,2022-11,0,0,1
19015,Delaware,2022-12,-1,1,0
19017,Delaware,2022-01,10,-10,0
19017,Delaware,2022-02,9,-9,0
19017,Delaware,2022-03,8,-8,0
19017,Delaware,2022-04,7,-7,0
19017,Delaware,2022-05,6,-6,0
19017,Delaware,2022-06,5,-5,0
19017,Delaware,2022-07,4,-4,0
19017,Delaware,2022-08,3,-3,0
19017,Delaware,2022-09,2,-2,0
19017,Delaware,2022-10,1,-1,0
19017,Delaware,2022-11,0,0,1
19017,Delaware,2022-12,-1,1,0
19018,Delaware,2022-01,10,-10,0
19018,Delaware,2022-02,9,-9,0
19018,Delaware,2022-03,8,-8,0
19018,Delaware,2022-04,7,-7,0
19018,Delaware,2022-05,6,-6,0
19018,Delaware,2022-06,5,-5,0
19018,Delaware,2022-07,4,-4,0
19018,Delaware,2022-08,3,-3,0
19018,Delaware,2022-09,2,-2,0
19018,Delaware,2022-10,1,-1,0
19018,Delaware,2022-11,0,0,1
19018,Delaware,2022-12,-1,1,0
19020,Bucks,2022-01,10,-10,0
19020,Bucks,2022-02,9,-9,0
19020,Bucks,2022-03,8,-8,0
19020,Bucks,2022-04,7,-7,0
19020,Bucks,2022-05,6,-6,0
19020,Bucks,2022-06,5,-5,0
19020,Bucks,2022-07,4,-4,0
19020,Bucks,2022-08,3,-3,0
19020,Bucks,2022-09,2,-2,0
19020,Bucks,2022-10,1,-1,0
19020,Bucks,2022-11,0,0,1
19020,Bucks,2022-12,-1,1,0
19021,Bucks,2022-01,10,-10,0
19021,Bucks,2022-02,9,-9,0
19021,Bucks,2022-03,8,-8,0
19021,Bucks,2022-04,7,-7,0
19021,Bucks,2022-05,6,-6,0
19021,Bucks,2022-06,5,-5,0
19021,Bucks,2022-07,4,-4,0
19021,Bucks,2022-08,3,-3,0
19021,Bucks,2022-09,2,-2,0
19021,Bucks,2022-10,1,-1,0
19021,Bucks,2022-11,0,0,1
19021,Bucks,2022-12,-1,1,0
19022,Delaware,2022-01,10,-10,0
19022,Delaware,2022-02,9,-9,0
19022,Delaware,2022-03,8,-8,0
19022,Delaware,2022-04,7,-7,0
19022,Delaware,2022-05,6,-6,0
19022,Delaware,2022-06,5,-5,0
19022,Delaware,2022-07,4,-4,0
19022,Delaware,2022-08,3,-3,0
19022,Delaware,2022-09,2,-2,0
19022,Delaware,2022-10,1,-1,0
19022,Delaware,2022-11,0,0,1
19022,Delaware,2022-12,-1,1,0
19023,Delaware,2022-01,10,-10,0
19023,Delaware,2022-02,9,-9,0
19023,Delaware,2022-03,8,-8,0
19023,Delaware,2022-04,7,-7,0
19023,Delaware,2022-05,6,-6,0
19023,Delaware,2022-06,5,-5,0
19023,Delaware,2022-07,4,-4,0
19023,Delaware,2022-08,3,-3,0
19023,Delaware,2022-09,2,-2,0
19023,Delaware,2022-10,1,-1,0
19023,Delaware,2022-11,0,0,1
19023,Delaware,2022-12,-1,1,0
19025,Montgomery,2022-01,10,-10,0
19025,Montgomery,2022-02,9,-9,0
19025,Montgomery,2022-03,8,-8,0
19025,Montgomery,2022-04,7,-7,0
19025,Montgomery,2022-05,6,-6,0
19025,Montgomery,2022-06,5,-5,0
19025,Montgomery,2022-07,4,-4,0
19025,Montgomery,2022-08,3,-3,0
19025,Montgomery,2022-09,2,-2,0
19025,Montgomery,2022-10,1,-1,0
19025,Montgomery,2022-11,0,0,1
19025,Montgomery,2022-12,-1,1,0
19026,Delaware,2022-01,10,-10,0
19026,Delaware,2022-02,9,-9,0
19026,Delaware,2022-03,8,-8,0
19026,Delaware,2022-04,7,-7,0
19026,Delaware,2022-05,6,-6,0
19026,Delaware,2022-06,5,-5,0
19026,Delaware,2022-07,4,-4,0
19026,Delaware,2022-08,3,-3,0
19026,Delaware,2022-09,2,-2,0
19026,Delaware,2022-10,1,-1,0
19026,Delaware,2022-11,0,0,1
19026,Delaware,2022-12,-1,1,0
19027,Montgomery,2022-01,10,-10,0
19027,Montgomery,2022-02,9,-9,0
19027,Montgomery,2022-03,8,-8,0
19027,Montgomery,2022-04,7,-7,0
19027,Montgomery,2022-05,6,-6,0
19027,Montgomery,2022-06,5,-5,0
19027,Montgomery,2022-07,4,-4,0
19027,Montgomery,2022-08,3,-3,0
19027,Montgomery,2022-09,2,-2,0
19027,Montgomery,2022-10,1,-1,0
19027,Montgomery,2022-11,0,0,1
19027,Montgomery,2022-12,-1,1,0
19029,Delaware,2022-01,10,-10,0
19029,Delaware,2022-02,9,-9,0
19029,Delaware,2022-03,8,-8,0
19029,Delaware,2022-04,7,-7,0
19029,Delaware,2022-05,6,-6,0
19029,Delaware,2022-06,5,-5,0
19029,Delaware,2022-07,4,-4,0
19029,Delaware,2022-08,3,-3,0
19029,Delaware,2022-09,2,-2,0
19029,Delaware,2022-10,1,-1,0
19029,Delaware,2022-11,0,0,1
19029,Delaware,2022-12,-1,1,0
19030,Bucks,2022-01,10,-10,0
19030,Bucks,2022-02,9,-9,0
19030,Bucks,2022-03,8,-8,0
19030,Bucks,2022-04,7,-7,0
19030,Bucks,2022-05,6,-6,0
19030,Bucks,2022-06,5,-5,0
19030,Bucks,2022-07,4,-4,0
19030,Bucks,2022-08,3,-3,0
19030,Bucks,2022-09,2,-2,0
19030,Bucks,2022-10,1,-1,0
19030,Bucks,2022-11,0,0,1
19030,Bucks,2022-12,-1,1,0
19031,Montgomery,2022-01,10,-10,0
19031,Montgomery,2022-02,9,-9,0
19031,Montgomery,2022-03,8,-8,0
19031,Montgomery,2022-04,7,-7,0
19031,Montgomery,2022-05,6,-6,0
19031,Montgomery,2022-06,5,-5,0
19031,Montgomery,2022-07,4,-4,0
19031,Montgomery,2022-08,3,-3,0
19031,Montgomery,2022-09,2,-2,0
19031,Montgomery,2022-10,1,-1,0
19031,Montgomery,2022-11,0,0,1
19031,Montgomery,2022-12,-1,1,0
19032,Delaware,2022-01,10,-10,0
19032,Delaware,2022-02,9,-9,0
19032,Delaware,2022-03,8,-8,0
19032,Delaware,2022-04,7,-7,0
19032,Delaware,2022-05,6,-6,0
19032,Delaware,2022-06,5,-5,0
19032,Delaware,2022-07,4,-4,0
19032,Delaware,2022-08,3,-3,0
19032,Delaware,2022-09,2,-2,0
19032,Delaware,2022-10,1,-1,0
19032,Delaware,2022-11,0,0,1
19032,Delaware,2022-12,-1,1,0
19033,Delaware,2022-01,10,-10,0
19033,Delaware,2022-02,9,-9,0
19033,Delaware,2022-03,8,-8,0
19033,Delaware,2022-04,7,-7,0
19033,Delaware,2022-05,6,-6,0
19033,Delaware,2022-06,5,-5,0
19033,Delaware,2022-07,4,-4,0
19033,Delaware,2022-08,3,-3,0
19033,Delaware,2022-09,2,-2,0
19033,Delaware,2022-10,1,-1,0
19033,Delaware,2022-11,0,0,1
19033,Delaware,2022-12,-1,1,0
19034,Montgomery,2022-01,10,-10,0
19034,Montgomery,2022-02,9,-9,0
19034,Montgomery,2022-03,8,-8,0
19034,Montgomery,2022-04,7,-7,0
19034,Montgomery,2022-05,6,-6,0
19034,Montgomery,2022-06,5,-5,0
19034,Montgomery,2022-07,4,-4,0
19034,Montgomery,2022-08,3,-3,0
19034,Montgomery,2022-09,2,-2,0
19034,Montgomery,2022-10,1,-1,0
19034,Montgomery,2022-11,0,0,1
19034,Montgomery,2022-12,-1,1,0
19035,Montgomery,2022-01,10,-10,0
19035,Montgomery,2022-02,9,-9,0
19035,Montgomery,2022-03,8,-8,0
19035,Montgomery,2022-04,7,-7,0
19035,Montgomery,2022-05,6,-6,0
19035,Montgomery,2022-06,5,-5,0
19035,Montgomery,2022-07,4,-4,0
19035,Montgomery,2022-08,3,-3,0
19035,Montgomery,2022-09,2,-2,0
19035,Montgomery,2022-10,1,-1,0
19035,Montgomery,2022-11,0,0,1
19035,Montgomery,2022-12,-1,1,0
19036,Delaware,2022-01,10,-10,0
19036,Delaware,2022-02,9,-9,0
19036,Delaware,2022-03,8,-8,0
19036,Delaware,2022-04,7,-7,0
19036,Delaware,2022-05,6,-6,0
19036,Delaware,2022-06,5,-5,0
19036,Delaware,2022-07,4,-4,0
19036,Delaware,2022-08,3,-3,0
19036,Delaware,2022-09,2,-2,0
19036,Delaware,2022-10,1,-1,0
19036,Delaware,2022-11,0,0,1
19036,Delaware,2022-12,-1,1,0
19038,Montgomery,2022-01,10,-10,0
19038,Montgomery,2022-02,9,-9,0
19038,Montgomery,2022-03,8,-8,0
19038,Montgomery,2022-04,7,-7,0
19038,Montgomery,2022-05,6,-6,0
19038,Montgomery,2022-06,5,-5,0
19038,Montgomery,2022-07,4,-4,0
19038,Montgomery,2022-08,3,-3,0
19038,Montgomery,2022-09,2,-2,0
19038,Montgomery,2022-10,1,-1,0
19038,Montgomery,2022-11,0,0,1
19038,Montgomery,2022-12,-1,1,0
19040,Montgomery,2022-01,10,-10,0
19040,Montgomery,2022-02,9,-9,0
19040,Montgomery,2022-03,8,-8,0
19040,Montgomery,2022-04,7,-7,0
19040,Montgomery,2022-05,6,-6,0
19040,Montgomery,2022-06,5,-5,0
19040,Montgomery,2022-07,4,-4,0
19040,Montgomery,2022-08,3,-3,0
19040,Montgomery,2022-09,2,-2,0
19040,Montgomery,2022-10,1,-1,0
19040,Montgomery,2022-11,0,0,1
19040,Montgomery,2022-12,-1,1,0
19041,Delaware,2022-01,10,-10,0
19041,Delaware,2022-02,9,-9,0
19041,Delaware,2022-03,8,-8,0
19041,Delaware,2022-04,7,-7,0
19041,Delaware,2022-05,6,-6,0
19041,Delaware,2022-06,5,-5,0
19041,Delaware,2022-07,4,-4,0
19041,Delaware,2022-08,3,-3,0
19041,Delaware,2022-09,2,-2,0
19041,Delaware,2022-10,1,-1,0
19041,Delaware,2022-11,0,0,1
19041,Delaware,2022-12,-1,1,0
19043,Delaware,2022-01,10,-10,0
19043,Delaware,2022-02,9,-9,0
19043,Delaware,2022-03,8,-8,0
19043,Delaware,2022-04,7,-7,0
19043,Delaware,2022-05,6,-6,0
19043,Delaware,2022-06,5,-5,0
19043,Delaware,2022-07,4,-4,0
19043,Delaware,2022-08,3,-3,0
19043,Delaware,2022-09,2,-2,0
19043,Delaware,2022-10,1,-1,0
19043,Delaware,2022-11,0,0,1
19043,Delaware,2022-12,-1,1,0
19044,Montgomery,2022-01,10,-10,0
19044,Montgomery,2022-02,9,-9,0
19044,Montgomery,2022-03,8,-8,0
19044,Montgomery,2022-04,7,-7,0
19044,Montgomery,2022-05,6,-6,0
19044,Montgomery,2022-06,5,-5,0
19044,Montgomery,2022-07,4,-4,0
19044,Montgomery,2022-08,3,-3,0
19044,Montgomery,2022-09,2,-2,0
19044,Montgomery,2022-10,1,-1,0
19044,Montgomery,2022-11,0,0,1
19044,Montgomery,2022-12,-1,1,0
19046,Montgomery,2022-01,10,-10,0
19046,Montgomery,2022-02,9,-9,0
19046,Montgomery,2022-03,8,-8,0
19046,Montgomery,2022-04,7,-7,0
19046,Montgomery,2022-05,6,-6,0
19046,Montgomery,2022-06,5,-5,0
19046,Montgomery,2022-07,4,-4,0
19046,Montgomery,2022-08,3,-3,0
19046,Montgomery,2022-09,2,-2,0
19046,Montgomery,2022-10,1,-1,0
19046,Montgomery,2022-11,0,0,1
19046,Montgomery,2022-12,-1,1,0
19047,Bucks,2022-01,10,-10,0
19047,Bucks,2022-02,9,-9,0
19047,Bucks,2022-03,8,-8,0
19047,Bucks,2022-04,7,-7,0
19047,Bucks,2022-05,6,-6,0
19047,Bucks,2022-06,5,-5,0
19047,Bucks,2022-07,4,-4,0
19047,Bucks,2022-08,3,-3,0
19047,Bucks,2022-09,2,-2,0
19047,Bucks,2022-10,1,-1,0
19047,Bucks,2022-11,0,0,1
19047,Bucks,2022-12,-1,1,0
19050,Delaware,2022-01,10,-10,0
19050,Delaware,2022-02,9,-9,0
19050,Delaware,2022-03,8,-8,0
19050,Delaware,2022-04,7,-7,0
19050,Delaware,2022-05,6,-6,0
19050,Delaware,2022-06,5,-5,0
19050,Delaware,2022-07,4,-4,0
19050,Delaware,2022-08,3,-3,0
19050,Delaware,2022-09,2,-2,0
19050,Delaware,2022-10,1,-1,0
19050,Delaware,2022-11,0,0,1
19050,Delaware,2022-12,-1,1,0
19052,Delaware,2022-01,10,-10,0
19052,Delaware,2022-02,9,-9,0
19052,Delaware,2022-03,8,-8,0
19052,Delaware,2022-04,7,-7,0
19052,Delaware,2022-05,6,-6,0
19052,Delaware,2022-06,5,-5,0
19052,Delaware,2022-07,4,-4,0
19052,Delaware,2022-08,3,-3,0
19052,Delaware,2022-09,2,-2,0
19052,Delaware,2022-10,1,-1,0
19052,Delaware,2022-11,0,0,1
19052,Delaware,2022-12,-1,1,0
19053,Bucks,2022-01,10,-10,0
19053,Bucks,2022-02,9,-9,0
19053,Bucks,2022-03,8,-8,0
19053,Bucks,2022-04,7,-7,0
19053,Bucks,2022-05,6,-6,0
19053,Bucks,2022-06,5,-5,0
19053,Bucks,2022-07,4,-4,0
19053,Bucks,2022-08,3,-3,0
19053,Bucks,2022-09,2,-2,0
19053,Bucks,2022-10,1,-1,0
19053,Bucks,2022-11,0,0,1
19053,Bucks,2022-12,-1,1,0
19054,Bucks,2022-01,10,-10,0
19054,Bucks,2022-02,9,-9,0
19054,Bucks,2022-03,8,-8,0
19054,Bucks,2022-04,7,-7,0
19054,Bucks,2022-05,6,-6,0
19054,Bucks,2022-06,5,-5,0
19054,Bucks,2022-07,4,-4,0
19054,Bucks,2022-08,3,-3,0
19054,Bucks,2022-09,2,-2,0
19054,Bucks,2022-10,1,-1,0
19054,Bucks,2022-11,0,0,1
19054,Bucks,2022-12,-1,1,0
19055,Bucks,2022-01,10,-10,0
19055,Bucks,2022-02,9,-9,0
19055,Bucks,2022-03,8,-8,0
19055,Bucks,2022-04,7,-7,0
19055,Bucks,2022-05,6,-6,0
19055,Bucks,2022-06,5,-5,0
19055,Bucks,2022-07,4,-4,0
19055,Bucks,2022-08,3,-3,0
19055,Bucks,2022-09,2,-2,0
19055,Bucks,2022-10,1,-1,0
19055,Bucks,2022-11,0,0,1
19055,Bucks,2022-12,-1,1,0
19056,Bucks,2022-01,10,-10,0
19056,Bucks,2022-02,9,-9,0
19056,Bucks,2022-03,8,-8,0
19056,Bucks,2022-04,7,-7,0
19056,Bucks,2022-05,6,-6,0
19056,Bucks,2022-06,5,-5,0
19056,Bucks,2022-07,4,-4,0
19056,Bucks,2022-08,3,-3,0
19056,Bucks,2022-09,2,-2,0
19056,Bucks,2022-10,1,-1,0
19056,Bucks,2022-11,0,0,1
19056,Bucks,2022-12,-1,1,0
19057,Bucks,2022-01,10,-10,0
19057,Bucks,2022-02,9,-9,0
19057,Bucks,2022-03,8,-8,0
19057,Bucks,2022-04,7,-7,0
19057,Bucks,2022-05,6,-6,0
19057,Bucks,2022-06,5,-5,0
19057,Bucks,2022-07,4,-4,0
19057,Bucks,2022-08,3,-3,0
19057,Bucks,2022-09,2,-2,0
19057,Bucks,2022-10,1,-1,0
19057,Bucks,2022-11,0,0,1
19057,Bucks,2022-12,-1,1,0
19060,Delaware,2022-01,10,-10,0
19060,Delaware,2022-02,9,-9,0
19060,Delaware,2022-03,8,-8,0
19060,Delaware,2022-04,7,-7,0
19060,Delaware,2022-05,6,-6,0
19060,Delaware,2022-06,5,-5,0
19060,Delaware,2022-07,4,-4,0
19060,Delaware,2022-08,3,-3,0
19060,Delaware,2022-09,2,-2,0
19060,Delaware,2022-10,1,-1,0
19060,Delaware,2022-11,0,0,1
19060,Delaware,2022-12,-1,1,0
19061,Delaware,2022-01,10,-10,0
19061,Delaware,2022-02,9,-9,0
19061,Delaware,2022-03,8,-8,0
19061,Delaware,2022-04,7,-7,0
19061,Delaware,2022-05,6,-6,0
19061,Delaware,2022-06,5,-5,0
19061,Delaware,2022-07,4,-4,0
19061,Delaware,2022-08,3,-3,0
19061,Delaware,2022-09,2,-2,0
19061,Delaware,2022-10,1,-1,0
19061,Delaware,2022-11,0,0,1
19061,Delaware,2022-12,-1,1,0
19063,Delaware,2022-01,10,-10,0
19063,Delaware,2022-02,9,-9,0
19063,Delaware,2022-03,8,-8,0
19063,Delaware,2022-04,7,-7,0
19063,Delaware,2022-05,6,-6,0
19063,Delaware,2022-06,5,-5,0
19063,Delaware,2022-07,4,-4,0
19063,Delaware,2022-08,3,-3,0
19063,Delaware,2022-09,2,-2,0
19063,Delaware,2022-10,1,-1,0
19063,Delaware,2022-11,0,0,1
19063,Delaware,2022-12,-1,1,0
19064,Delaware,2022-01,10,-10,0
19064,Delaware,2022-02,9,-9,0
19064,Delaware,2022-03,8,-8,0
19064,Delaware,2022-04,7,-7,0
19064,Delaware,2022-05,6,-6,0
19064,Delaware,2022-06,5,-5,0
19064,Delaware,2022-07,4,-4,0
19064,Delaware,2022-08,3,-3,0
19064,Delaware,2022-09,2,-2,0
19064,Delaware,2022-10,1,-1,0
19064,Delaware,2022-11,0,0,1
19064,Delaware,2022-12,-1,1,0
19066,Montgomery,2022-01,10,-10,0
19066,Montgomery,2022-02,9,-9,0
19066,Montgomery,2022-03,8,-8,0
19066,Montgomery,2022-04,7,-7,0
19066,Montgomery,2022-05,6,-6,0
19066,Montgomery,2022-06,5,-5,0
19066,Montgomery,2022-07,4,-4,0
19066,Montgomery,2022-08,3,-3,0
19066,Montgomery,2022-09,2,-2,0
19066,Montgomery,2022-10,1,-1,0
19066,Montgomery,2022-11,0,0,1
19066,Montgomery,2022-12,-1,1,0
19067,Bucks,2022-01,10,-10,0
19067,Bucks,2022-02,9,-9,0
19067,Bucks,2022-03,8,-8,0
19067,Bucks,2022-04,7,-7,0
19067,Bucks,2022-05,6,-6,0
19067,Bucks,2022-06,5,-5,0
19067,Bucks,2022-07,4,-4,0
19067,Bucks,2022-08,3,-3,0
19067,Bucks,2022-09,2,-2,0
19067,Bucks,2022-10,1,-1,0
19067,Bucks,2022-11,0,0,1
19067,Bucks,2022-12,-1,1,0
19070,Delaware,2022-01,10,-10,0
19070,Delaware,2022-02,9,-9,0
19070,Delaware,2022-03,8,-8,0
19070,Delaware,2022-04,7,-7,0
19070,Delaware,2022-05,6,-6,0
19070,Delaware,2022-06,5,-5,0
19070,Delaware,2022-07,4,-4,0
19070,Delaware,2022-08,3,-3,0
19070,Delaware,2022-09,2,-2,0
19070,Delaware,2022-10,1,-1,0
19070,Delaware,2022-11,0,0,1
19070,Delaware,2022-12,-1,1,0
19072,Montgomery,2022-01,10,-10,0
19072,Montgomery,2022-02,9,-9,0
19072,Montgomery,2022-03,8,-8,0
19072,Montgomery,2022-04,7,-7,0
19072,Montgomery,2022-05,6,-6,0
19072,Montgomery,2022-06,5,-5,0
19072,Montgomery,2022-07,4,-4,0
19072,Montgomery,2022-08,3,-3,0
19072,Montgomery,2022-09,2,-2,0
19072,Montgomery,2022-10,1,-1,0
19072,Montgomery,2022-11,0,0,1
19072,Montgomery,2022-12,-1,1,0
19073,Delaware,2022-01,10,-10,0
19073,Delaware,2022-02,9,-9,0
19073,Delaware,2022-03,8,-8,0
19073,Delaware,2022-04,7,-7,0
19073,Delaware,2022-05,6,-6,0
19073,Delaware,2022-06,5,-5,0
19073,Delaware,2022-07,4,-4,0
19073,Delaware,2022-08,3,-3,0
19073,Delaware,2022-09,2,-2,0
19073,Delaware,2022-10,1,-1,0
19073,Delaware,2022-11,0,0,1
19073,Delaware,2022-12,-1,1,0
19074,Delaware,2022-01,10,-10,0
19074,Delaware,2022-02,9,-9,0
19074,Delaware,2022-03,8,-8,0
19074,Delaware,2022-04,7,-7,0
19074,Delaware,2022-05,6,-6,0
19074,Delaware,2022-06,5,-5,0
19074,Delaware,2022-07,4,-4,0
19074,Delaware,2022-08,3,-3,0
19074,Delaware,2022-09,2,-2,0
19074,Delaware,2022-10,1,-1,0
19074,Delaware,2022-11,0,0,1
19074,Delaware,2022-12,-1,1,0
19075,Montgomery,2022-01,10,-10,0
19075,Montgomery,2022-02,9,-9,0
19075,Montgomery,2022-03,8,-8,0
19075,Montgomery,2022-04,7,-7,0
19075,Montgomery,2022-05,6,-6,0
19075,Montgomery,2022-06,5,-5,0
19075,Montgomery,2022-07,4,-4,0
19075,Montgomery,2022-08,3,-3,0
19075,Montgomery,2022-09,2,-2,0
19075,Montgomery,2022-10,1,-1,0
19075,Montgomery,2022-11,0,0,1
19075,Montgomery,2022-12,-1,1,0
19076,Delaware,2022-01,10,-10,0
19076,Delaware,2022-02,9,-9,0
19076,Delaware,2022-03,8,-8,0
19076,Delaware,2022-04,7,-7,0
19076,Delaware,2022-05,6,-6,0
19076,Delaware,2022-06,5,-5,0
19076,Delaware,2022-07,4,-4,0
19076,Delaware,2022-08,3,-3,0
19076,Delaware,2022-09,2,-2,0
19076,Delaware,2022-10,1,-1,0
19076,Delaware,2022-11,0,0,1
19076,Delaware,2022-12,-1,1,0
19078,Delaware,2022-01,10,-10,0
19078,Delaware,2022-02,9,-9,0
19078,Delaware,2022-03,8,-8,0
19078,Delaware,2022-04,7,-7,0
19078,Delaware,2022-05,6,-6,0
19078,Delaware,2022-06,5,-5,0
19078,Delaware,2022-07,4,-4,0
19078,Delaware,2022-08,3,-3,0
19078,Delaware,2022-09,2,-2,0
19078,Delaware,2022-10,1,-1,0
19078,Delaware,2022-11,0,0,1
19078,Delaware,2022-12,-1,1,0
19079,Delaware,2022-01,10,-10,0
19079,Delaware,2022-02,9,-9,0
19079,Delaware,2022-03,8,-8,0
19079,Delaware,2022-04,7,-7,0
19079,Delaware,2022-05,6,-6,0
19079,Delaware,2022-06,5,-5,0
19079,Delaware,2022-07,4,-4,0
19079,Delaware,2022-08,3,-3,0
19079,Delaware,2022-09,2,-2,0
19079,Delaware,2022-10,1,-1,0
19079,Delaware,2022-11,0,0,1
19079,Delaware,2022-12,-1,1,0
19081,Delaware,2022-01,10,-10,0
19081,Delaware,2022-02,9,-9,0
19081,Delaware,2022-03,8,-8,0
19081,Delaware,2022-04,7,-7,0
19081,Delaware,2022-05,6,-6,0
19081,Delaware,2022-06,5,-5,0
19081,Delaware,2022-07,4,-4,0
19081,Delaware,2022-08,3,-3,0
19081,Delaware,2022-09,2,-2,0
19081,Delaware,2022-10,1,-1,0
19081,Delaware,2022-11,0,0,1
19081,Delaware,2022-12,-1,1,0
19082,Delaware,2022-01,10,-10,0
19082,Delaware,2022-02,9,-9,0
19082,Delaware,2022-03,8,-8,0
19082,Delaware,2022-04,7,-7,0
19082,Delaware,2022-05,6,-6,0
19082,Delaware,2022-06,5,-5,0
19082,Delaware,2022-07,4,-4,0
19082,Delaware,2022-08,3,-3,0
19082,Delaware,2022-09,2,-2,0
19082,Delaware,2022-10,1,-1,0
19082,Delaware,2022-11,0,0,1
19082,Delaware,2022-12,-1,1,0
19083,Delaware,2022-01,10,-10,0
19083,Delaware,2022-02,9,-9,0
19083,Delaware,2022-03,8,-8,0
19083,Delaware,2022-04,7,-7,0
19083,Delaware,2022-05,6,-6,0
19083,Delaware,2022-06,5,-5,0
19083,Delaware,2022-07,4,-4,0
19083,Delaware,2022-08,3,-3,0
19083,Delaware,2022-09,2,-2,0
19083,Delaware,2022-10,1,-1,0
19083,Delaware,2022-11,0,0,1
19083,Delaware,2022-12,-1,1,0
19085,Delaware,2022-01,10,-10,0
19085,Delaware,2022-02,9,-9,0
19085,Delaware,2022-03,8,-8,0
19085,Delaware,2022-04,7,-7,0
19085,Delaware,2022-05,6,-6,0
19085,Delaware,2022-06,5,-5,0
19085,Delaware,2022-07,4,-4,0
19085,Delaware,2022-08,3,-3,0
19085,Delaware,2022-09,2,-2,0
19085,Delaware,2022-10,1,-1,0
19085,Delaware,2022-11,0,0,1
19085,Delaware,2022-12,-1,1,0
19086,Delaware,2022-01,10,-10,0
19086,Delaware,2022-02,9,-9,0
19086,Delaware,2022-03,8,-8,0
19086,Delaware,2022-04,7,-7,0
19086,Delaware,2022-05,6,-6,0
19086,Delaware,2022-06,5,-5,0
19086,Delaware,2022-07,4,-4,0
19086,Delaware,2022-08,3,-3,0
19086,Delaware,2022-09,2,-2,0
19086,Delaware,2022-10,1,-1,0
19086,Delaware,2022-11,0,0,1
19086,Delaware,2022-12,-1,1,0
19087,Chester,2022-01,10,-10,0
19087,Chester,2022-02,9,-9,0
19087,Chester,2022-03,8,-8,0
19087,Chester,2022-04,7,-7,0
19087,Chester,2022-05,6,-6,0
19087,Chester,2022-06,5,-5,0
19087,Chester,2022-07,4,-4,0
19087,Chester,2022-08,3,-3,0
19087,Chester,2022-09,2,-2,0
19087,Chester,2022-10,1,-1,0
19087,Chester,2022-11,0,0,1
19087,Chester,2022-12,-1,1,0
19090,Montgomery,2022-01,10,-10,0
19090,Montgomery,2022-02,9,-9,0
19090,Montgomery,2022-03,8,-8,0
19090,Montgomery,2022-04,7,-7,0
19090,Montgomery,2022-05,6,-6,0
19090,Montgomery,2022-06,5,-5,0
19090,Montgomery,2022-07,4,-4,0
19090,Montgomery,2022-08,3,-3,0
19090,Montgomery,2022-09,2,-2,0
19090,Montgomery,2022-10,1,-1,0
19090,Montgomery,2022-11,0,0,1
19090,Montgomery,2022-12,-1,1,0
19094,Delaware,2022-01,10,-10,0
19094,Delaware,2022-02,9,-9,0
19094,Delaware,2022-03,8,-8,0
19094,Delaware,2022-04,7,-7,0
19094,Delaware,2022-05,6,-6,0
19094,Delaware,2022-06,5,-5,0
19094,Delaware,2022-07,4,-4,0
19094,Delaware,2022-08,3,-3,0
19094,Delaware,2022-09,2,-2,0
19094,Delaware,2022-10,1,-1,0
19094,Delaware,2022-11,0,0,1
19094,Delaware,2022-12,-1,1,0
19095,Montgomery,2022-01,10,-10,0
19095,Montgomery,2022-02,9,-9,0
19095,Montgomery,2022-03,8,-8,0
19095,Montgomery,2022-04,7,-7,0
19095,Montgomery,2022-05,6,-6,0
19095,Montgomery,2022-06,5,-5,0
19095,Montgomery,2022-07,4,-4,0
19095,Montgomery,2022-08,3,-3,0
19095,Montgomery,2022-09,2,-2,0
19095,Montgomery,2022-10,1,-1,0
19095,Montgomery,2022-11,0,0,1
19095,Montgomery,2022-12,-1,1,0
19096,Montgomery,2022-01,10,-10,0
19096,Montgomery,2022-02,9,-9,0
19096,Montgomery,2022-03,8,-8,0
19096,Montgomery,2022-04,7,-7,0
19096,Montgomery,2022-05,6,-6,0
19096,Montgomery,2022-06,5,-5,0
19096,Montgomery,2022-07,4,-4,0
19096,Montgomery,2022-08,3,-3,0
19096,Montgomery,2022-09,2,-2,0
19096,Montgomery,2022-10,1,-1,0
19096,Montgomery,2022-11,0,0,1
19096,Montgomery,2022-12,-1,1,0
19102,Philadelphia,2022-01,10,-10,0
19102,Philadelphia,2022-02,9,-9,0
19102,Philadelphia,2022-03,8,-8,0
19102,Philadelphia,2022-04,7,-7,0
19102,Philadelphia,2022-05,6,-6,0
19102,Philadelphia,2022-06,5,-5,0
19102,Philadelphia,2022-07,4,-4,0
19102,Philadelphia,2022-08,3,-3,0
19102,Philadelphia,2022-09,2,-2,0
19102,Philadelphia,2022-10,1,-1,0
19102,Philadelphia,2022-11,0,0,1
19102,Philadelphia,2022-12,-1,1,0
19103,Philadelphia,2022-01,10,-10,0
19103,Philadelphia,2022-02,9,-9,0
19103,Philadelphia,2022-03,8,-8,0
19103,Philadelphia,2022-04,7,-7,0
19103,Philadelphia,2022-05,6,-6,0
19103,Philadelphia,2022-06,5,-5,0
19103,Philadelphia,2022-07,4,-4,0
19103,Philadelphia,2022-08,3,-3,0
19103,Philadelphia,2022-09,2,-2,0
19103,Philadelphia,2022-10,1,-1,0
19103,Philadelphia,2022-11,0,0,1
19103,Philadelphia,2022-12,-1,1,0
19104,Philadelphia,2022-01,10,-10,0
19104,Philadelphia,2022-02,9,-9,0
19104,Philadelphia,2022-03,8,-8,0
19104,Philadelphia,2022-04,7,-7,0
19104,Philadelphia,2022-05,6,-6,0
19104,Philadelphia,2022-06,5,-5,0
19104,Philadelphia,2022-07,4,-4,0
19104,Philadelphia,2022-08,3,-3,0
19104,Philadelphia,2022-09,2,-2,0
19104,Philadelphia,2022-10,1,-1,0
19104,Philadelphia,2022-11,0,0,1
19104,Philadelphia,2022-12,-1,1,0
19106,Philadelphia,2022-01,10,-10,0
19106,Philadelphia,2022-02,9,-9,0
19106,Philadelphia,2022-03,8,-8,0
19106,Philadelphia,2022-04,7,-7,0
19106,Philadelphia,2022-05,6,-6,0
19106,Philadelphia,2022-06,5,-5,0
19106,Philadelphia,2022-07,4,-4,0
19106,Philadelphia,2022-08,3,-3,0
19106,Philadelphia,2022-09,2,-2,0
19106,Philadelphia,2022-10,1,-1,0
19106,Philadelphia,2022-11,0,0,1
19106,Philadelphia,2022-12,-1,1,0
19107,Philadelphia,2022-01,10,-10,0
19107,Philadelphia,2022-02,9,-9,0
19107,Philadelphia,2022-03,8,-8,0
19107,Philadelphia,2022-04,7,-7,0
19107,Philadelphia,2022-05,6,-6,0
19107,Philadelphia,2022-06,5,-5,0
19107,Philadelphia,2022-07,4,-4,0
19107,Philadelphia,2022-08,3,-3,0
19107,Philadelphia,2022-09,2,-2,0
19107,Philadelphia,2022-10,1,-1,0
19107,Philadelphia,2022-11,0,0,1
19107,Philadelphia,2022-12,-1,1,0
19108,Philadelphia,2022-01,10,-10,0
19108,Philadelphia,2022-02,9,-9,0
19108,Philadelphia,2022-03,8,-8,0
19108,Philadelphia,2022-04,7,-7,0
19108,Philadelphia,2022-05,6,-6,0
19108,Philadelphia,2022-06,5,-5,0
19108,Philadelphia,2022-07,4,-4,0
19108,Philadelphia,2022-08,3,-3,0
19108,Philadelphia,2022-09,2,-2,0
19108,Philadelphia,2022-10,1,-1,0
19108,Philadelphia,2022-11,0,0,1
19108,Philadelphia,2022-12,-1,1,0
19109,Philadelphia,2022-01,10,-10,0
19109,Philadelphia,2022-02,9,-9,0
19109,Philadelphia,2022-03,8,-8,0
19109,Philadelphia,2022-04,7,-7,0
19109,Philadelphia,2022-05,6,-6,0
19109,Philadelphia,2022-06,5,-5,0
19109,Philadelphia,2022-07,4,-4,0
19109,Philadelphia,2022-08,3,-3,0
19109,Philadelphia,2022-09,2,-2,0
19109,Philadelphia,2022-10,1,-1,0
19109,Philadelphia,2022-11,0,0,1
19109,Philadelphia,2022-12,-1,1,0
19111,Philadelphia,2022-01,10,-10,0
19111,Philadelphia,2022-02,9,-9,0
19111,Philadelphia,2022-03,8,-8,0
19111,Philadelphia,2022-04,7,-7,0
19111,Philadelphia,2022-05,6,-6,0
19111,Philadelphia,2022-06,5,-5,0
19111,Philadelphia,2022-07,4,-4,0
19111,Philadelphia,2022-08,3,-3,0
19111,Philadelphia,2022-09,2,-2,0
19111,Philadelphia,2022-10,1,-1,0
19111,Philadelphia,2022-11,0,0,1
19111,Philadelphia,2022-12,-1,1,0
19112,Philadelphia,2022-01,10,-10,0
19112,Philadelphia,2022-02,9,-9,0
19112,Philadelphia,2022-03,8,-8,0
19112,Philadelphia,2022-04,7,-7,0
19112,Philadelphia,2022-05,6,-6,0
19112,Philadelphia,2022-06,5,-5,0
19112,Philadelphia,2022-07,4,-4,0
19112,Philadelphia,2022-08,3,-3,0
19112,Philadelphia,2022-09,2,-2,0
19112,Philadelphia,2022-10,1,-1,0
19112,Philadelphia,2022-11,0,0,1
19112,Philadelphia,2022-12,-1,1,0
19113,Delaware,2022-01,10,-10,0
19113,Delaware,2022-02,9,-9,0
19113,Delaware,2022-03,8,-8,0
19113,Delaware,2022-04,7,-7,0
19113,Delaware,2022-05,6,-6,0
19113,Delaware,2022-06,5,-5,0
19113,Delaware,2022-07,4,-4,0
19113,Delaware,2022-08,3,-3,0
19113,Delaware,2022-09,2,-2,0
19113,Delaware,2022-10,1,-1,0
19113,Delaware,2022-11,0,0,1
19113,Delaware,2022-12,-1,1,0
19114,Philadelphia,2022-01,10,-10,0
19114,Philadelphia,2022-02,9,-9,0
19114,Philadelphia,2022-03,8,-8,0
19114,Philadelphia,2022-04,7,-7,0
19114,Philadelphia,2022-05,6,-6,0
19114,Philadelphia,2022-06,5,-5,0
19114,Philadelphia,2022-07,4,-4,0
19114,Philadelphia,2022-08,3,-3,0
19114,Philadelphia,2022-09,2,-2,0
19114,Philadelphia,2022-10,1,-1,0
19114,Philadelphia,2022-11,0,0,1
19114,Philadelphia,2022-12,-1,1,0
19115,Philadelphia,2022-01,10,-10,0
19115,Philadelphia,2022-02,9,-9,0
19115,Philadelphia,2022-03,8,-8,0
19115,Philadelphia,2022-04,7,-7,0
19115,Philadelphia,2022-05,6,-6,0
19115,Philadelphia,2022-06,5,-5,0
19115,Philadelphia,2022-07,4,-4,0
19115,Philadelphia,2022-08,3,-3,0
19115,Philadelphia,2022-09,2,-2,0
19115,Philadelphia,2022-10,1,-1,0
19115,Philadelphia,2022-11,0,0,1
19115,Philadelphia,2022-12,-1,1,0
19116,Philadelphia,2022-01,10,-10,0
19116,Philadelphia,2022-02,9,-9,0
19116,Philadelphia,2022-03,8,-8,0
19116,Philadelphia,2022-04,7,-7,0
19116,Philadelphia,2022-05,6,-6,0
19116,Philadelphia,2022-06,5,-5,0
19116,Philadelphia,2022-07,4,-4,0
19116,Philadelphia,2022-08,3,-3,0
19116,Philadelphia,2022-09,2,-2,0
19116,Philadelphia,2022-10,1,-1,0
19116,Philadelphia,2022-11,0,0,1
19116,Philadelphia,2022-12,-1,1,0
19118,Philadelphia,2022-01,10,-10,0
19118,Philadelphia,2022-02,9,-9,0
19118,Philadelphia,2022-03,8,-8,0
19118,Philadelphia,2022-04,7,-7,0
19118,Philadelphia,2022-05,6,-6,0
19118,Philadelphia,2022-06,5,-5,0
19118,Philadelphia,2022-07,4,-4,0
19118,Philadelphia,2022-08,3,-3,0
19118,Philadelphia,2022-09,2,-2,0
19118,Philadelphia,2022-10,1,-1,0
19118,Philadelphia,2022-11,0,0,1
19118,Philadelphia,2022-12,-1,1,0
19119,Philadelphia,2022-01,10,-10,0
19119,Philadelphia,2022-02,9,-9,0
19119,Philadelphia,2022-03,8,-8,0
19119,Philadelphia,2022-04,7,-7,0
19119,Philadelphia,2022-05,6,-6,0
19119,Philadelphia,2022-06,5,-5,0
19119,Philadelphia,2022-07,4,-4,0
19119,Philadelphia,2022-08,3,-3,0
19119,Philadelphia,2022-09,2,-2,0
19119,Philadelphia,2022-10,1,-1,0
19119,Philadelphia,2022-11,0,0,1
19119,Philadelphia,2022-12,-1,1,0
19120,Philadelphia,2022-01,10,-10,0
19120,Philadelphia,2022-02,9,-9,0
19120,Philadelphia,2022-03,8,-8,0
19120,Philadelphia,2022-04,7,-7,0
19120,Philadelphia,2022-05,6,-6,0
19120,Philadelphia,2022-06,5,-5,0
19120,Philadelphia,2022-07,4,-4,0
19120,Philadelphia,2022-08,3,-3,0
19120,Philadelphia,2022-09,2,-2,0
19120,Philadelphia,2022-10,1,-1,0
19120,Philadelphia,2022-11,0,0,1
19120,Philadelphia,2022-12,-1,1,0
19121,Philadelphia,2022-01,10,-10,0
19121,Philadelphia,2022-02,9,-9,0
19121,Philadelphia,2022-03,8,-8,0
19121,Philadelphia,2022-04,7,-7,0
19121,Philadelphia,2022-05,6,-6,0
19121,Philadelphia,2022-06,5,-5,0
19121,Philadelphia,2022-07,4,-4,0
19121,Philadelphia,2022-08,3,-3,0
19121,Philadelphia,2022-09,2,-2,0
19121,Philadelphia,2022-10,1,-1,0
19121,Philadelphia,2022-11,0,0,1
19121,Philadelphia,2022-12,-1,1,0
19122,Philadelphia,2022-01,10,-10,0
19122,Philadelphia,2022-02,9,-9,0
19122,Philadelphia,2022-03,8,-8,0
19122,Philadelphia,2022-04,7,-7,0
19122,Philadelphia,2022-05,6,-6,0
19122,Philadelphia,2022-06,5,-5,0
19122,Philadelphia,2022-07,4,-4,0
19122,Philadelphia,2022-08,3,-3,0
19122,Philadelphia,2022-09,2,-2,0
19122,Philadelphia,2022-10,1,-1,0
19122,Philadelphia,2022-11,0,0,1
19122,Philadelphia,2022-12,-1,1,0
19123,Philadelphia,2022-01,10,-10,0
19123,Philadelphia,2022-02,9,-9,0
19123,Philadelphia,2022-03,8,-8,0
19123,Philadelphia,2022-04,7,-7,0
19123,Philadelphia,2022-05,6,-6,0
19123,Philadelphia,2022-06,5,-5,0
19123,Philadelphia,2022-07,4,-4,0
19123,Philadelphia,2022-08,3,-3,0
19123,Philadelphia,2022-09,2,-2,0
19123,Philadelphia,2022-10,1,-1,0
19123,Philadelphia,2022-11,0,0,1
19123,Philadelphia,2022-12,-1,1,0
19124,Philadelphia,2022-01,10,-10,0
19124,Philadelphia,2022-02,9,-9,0
19124,Philadelphia,2022-03,8,-8,0
19124,Philadelphia,2022-04,7,-7,0
19124,Philadelphia,2022-05,6,-6,0
19124,Philadelphia,2022-06,5,-5,0
19124,Philadelphia,2022-07,4,-4,0
19124,Philadelphia,2022-08,3,-3,0
19124,Philadelphia,2022-09,2,-2,0
19124,Philadelphia,2022-10,1,-1,0
19124,Philadelphia,2022-11,0,0,1
19124,Philadelphia,2022-12,-1,1,0
19125,Philadelphia,2022-01,10,-10,0
19125,Philadelphia,2022-02,9,-9,0
19125,Philadelphia,2022-03,8,-8,0
19125,Philadelphia,2022-04,7,-7,0
19125,Philadelphia,2022-05,6,-6,0
19125,Philadelphia,2022-06,5,-5,0
19125,Philadelphia,2022-07,4,-4,0
19125,Philadelphia,2022-08,3,-3,0
19125,Philadelphia,2022-09,2,-2,0
19125,Philadelphia,2022-10,1,-1,0
19125,Philadelphia,2022-11,0,0,1
19125,Philadelphia,2022-12,-1,1,0
19126,Philadelphia,2022-01,10,-10,0
19126,Philadelphia,2022-02,9,-9,0
19126,Philadelphia,2022-03,8,-8,0
19126,Philadelphia,2022-04,7,-7,0
19126,Philadelphia,2022-05,6,-6,0
19126,Philadelphia,2022-06,5,-5,0
19126,Philadelphia,2022-07,4,-4,0
19126,Philadelphia,2022-08,3,-3,0
19126,Philadelphia,2022-09,2,-2,0
19126,Philadelphia,2022-10,1,-1,0
19126,Philadelphia,2022-11,0,0,1
19126,Philadelphia,2022-12,-1,1,0
19127,Philadelphia,2022-01,10,-10,0
19127,Philadelphia,2022-02,9,-9,0
19127,Philadelphia,2022-03,8,-8,0
19127,Philadelphia,2022-04,7,-7,0
19127,Philadelphia,2022-05,6,-6,0
19127,Philadelphia,2022-06,5,-5,0
19127,Philadelphia,2022-07,4,-4,0
19127,Philadelphia,2022-08,3,-3,0
19127,Philadelphia,2022-09,2,-2,0
19127,Philadelphia,2022-10,1,-1,0
19127,Philadelphia,2022-11,0,0,1
19127,Philadelphia,2022-12,-1,1,0
19128,Philadelphia,2022-01,10,-10,0
19128,Philadelphia,2022-02,9,-9,0
19128,Philadelphia,2022-03,8,-8,0
19128,Philadelphia,2022-04,7,-7,0
19128,Philadelphia,2022-05,6,-6,0
19128,Philadelphia,2022-06,5,-5,0
19128,Philadelphia,2022-07,4,-4,0
19128,Philadelphia,2022-08,3,-3,0
19128,Philadelphia,2022-09,2,-2,0
19128,Philadelphia,2022-10,1,-1,0
19128,Philadelphia,2022-11,0,0,1
19128,Philadelphia,2022-12,-1,1,0
19129,Philadelphia,2022-01,10,-10,0
19129,Philadelphia,2022-02,9,-9,0
19129,Philadelphia,2022-03,8,-8,0
19129,Philadelphia,2022-04,7,-7,0
19129,Philadelphia,2022-05,6,-6,0
19129,Philadelphia,2022-06,5,-5,0
19129,Philadelphia,2022-07,4,-4,0
19129,Philadelphia,2022-08,3,-3,0
19129,Philadelphia,2022-09,2,-2,0
19129,Philadelphia,2022-10,1,-1,0
19129,Philadelphia,2022-11,0,0,1
19129,Philadelphia,2022-12,-1,1,0
19130,Philadelphia,2022-01,10,-10,0
19130,Philadelphia,2022-02,9,-9,0
19130,Philadelphia,2022-03,8,-8,0
19130,Philadelphia,2022-04,7,-7,0
19130,Philadelphia,2022-05,6,-6,0
19130,Philadelphia,2022-06,5,-5,0
19130,Philadelphia,2022-07,4,-4,0
19130,Philadelphia,2022-08,3,-3,0
19130,Philadelphia,2022-09,2,-2,0
19130,Philadelphia,2022-10,1,-1,0
19130,Philadelphia,2022-11,0,0,1
19130,Philadelphia,2022-12,-1,1,0
19131,Philadelphia,2022-01,10,-10,0
19131,Philadelphia,2022-02,9,-9,0
19131,Philadelphia,2022-03,8,-8,0
19131,Philadelphia,2022-04,7,-7,0
19131,Philadelphia,2022-05,6,-6,0
19131,Philadelphia,2022-06,5,-5,0
19131,Philadelphia,2022-07,4,-4,0
19131,Philadelphia,2022-08,3,-3,0
19131,Philadelphia,2022-09,2,-2,0
19131,Philadelphia,2022-10,1,-1,0
19131,Philadelphia,2022-11,0,0,1
19131,Philadelphia,2022-12,-1,1,0
19132,Philadelphia,2022-01,10,-10,0
19132,Philadelphia,2022-02,9,-9,0
19132,Philadelphia,2022-03,8,-8,0
19132,Philadelphia,2022-04,7,-7,0
19132,Philadelphia,2022-05,6,-6,0
19132,Philadelphia,2022-06,5,-5,0
19132,Philadelphia,2022-07,4,-4,0
19132,Philadelphia,2022-08,3,-3,0
19132,Philadelphia,2022-09,2,-2,0
19132,Philadelphia,2022-10,1,-1,0
19132,Philadelphia,2022-11,0,0,1
19132,Philadelphia,2022-12,-1,1,0
19133,Philadelphia,2022-01,10,-10,0
19133,Philadelphia,2022-02,9,-9,0
19133,Philadelphia,2022-03,8,-8,0
19133,Philadelphia,2022-04,7,-7,0
19133,Philadelphia,2022-05,6,-6,0
19133,Philadelphia,2022-06,5,-5,0
19133,Philadelphia,2022-07,4,-4,0
19133,Philadelphia,2022-08,3,-3,0
19133,Philadelphia,2022-09,2,-2,0
19133,Philadelphia,2022-10,1,-1,0
19133,Philadelphia,2022-11,0,0,1
19133,Philadelphia,2022-12,-1,1,0
19134,Philadelphia,2022-01,10,-10,0
19134,Philadelphia,2022-02,9,-9,0
19134,Philadelphia,2022-03,8,-8,0
19134,Philadelphia,2022-04,7,-7,0
19134,Philadelphia,2022-05,6,-6,0
19134,Philadelphia,2022-06,5,-5,0
19134,Philadelphia,2022-07,4,-4,0
19134,Philadelphia,2022-08,3,-3,0
19134,Philadelphia,2022-09,2,-2,0
19134,Philadelphia,2022-10,1,-1,0
19134,Philadelphia,2022-11,0,0,1
19134,Philadelphia,2022-12,-1,1,0
19135,Philadelphia,2022-01,10,-10,0
19135,Philadelphia,2022-02,9,-9,0
19135,Philadelphia,2022-03,8,-8,0
19135,Philadelphia,2022-04,7,-7,0
19135,Philadelphia,2022-05,6,-6,0
19135,Philadelphia,2022-06,5,-5,0
19135,Philadelphia,2022-07,4,-4,0
19135,Philadelphia,2022-08,3,-3,0
19135,Philadelphia,2022-09,2,-2,0
19135,Philadelphia,2022-10,1,-1,0
19135,Philadelphia,2022-11,0,0,1
19135,Philadelphia,2022-12,-1,1,0
19136,Philadelphia,2022-01,10,-10,0
19136,Philadelphia,2022-02,9,-9,0
19136,Philadelphia,2022-03,8,-8,0
19136,Philadelphia,2022-04,7,-7,0
19136,Philadelphia,2022-05,6,-6,0
19136,Philadelphia,2022-06,5,-5,0
19136,Philadelphia,2022-07,4,-4,0
19136,Philadelphia,2022-08,3,-3,0
19136,Philadelphia,2022-09,2,-2,0
19136,Philadelphia,2022-10,1,-1,0
19136,Philadelphia,2022-11,0,0,1
19136,Philadelphia,2022-12,-1,1,0
19137,Philadelphia,2022-01,10,-10,0
19137,Philadelphia,2022-02,9,-9,0
19137,Philadelphia,2022-03,8,-8,0
19137,Philadelphia,2022-04,7,-7,0
19137,Philadelphia,2022-05,6,-6,0
19137,Philadelphia,2022-06,5,-5,0
19137,Philadelphia,2022-07,4,-4,0
19137,Philadelphia,2022-08,3,-3,0
19137,Philadelphia,2022-09,2,-2,0
19137,Philadelphia,2022-10,1,-1,0
19137,Philadelphia,2022-11,0,0,1
19137,Philadelphia,2022-12,-1,1,0
19138,Philadelphia,2022-01,10,-10,0
19138,Philadelphia,2022-02,9,-9,0
19138,Philadelphia,2022-03,8,-8,0
19138,Philadelphia,2022-04,7,-7,0
19138,Philadelphia,2022-05,6,-6,0
19138,Philadelphia,2022-06,5,-5,0
19138,Philadelphia,2022-07,4,-4,0
19138,Philadelphia,2022-08,3,-3,0
19138,Philadelphia,2022-09,2,-2,0
19138,Philadelphia,2022-10,1,-1,0
19138,Philadelphia,2022-11,0,0,1
19138,Philadelphia,2022-12,-1,1,0
19139,Philadelphia,2022-01,10,-10,0
19139,Philadelphia,2022-02,9,-9,0
19139,Philadelphia,2022-03,8,-8,0
19139,Philadelphia,2022-04,7,-7,0
19139,Philadelphia,2022-05,6,-6,0
19139,Philadelphia,2022-06,5,-5,0
19139,Philadelphia,2022-07,4,-4,0
19139,Philadelphia,2022-08,3,-3,0
19139,Philadelphia,2022-09,2,-2,0
19139,Philadelphia,2022-10,1,-1,0
19139,Philadelphia,2022-11,0,0,1
19139,Philadelphia,2022-12,-1,1,0
19140,Philadelphia,2022-01,10,-10,0
19140,Philadelphia,2022-02,9,-9,0
19140,Philadelphia,2022-03,8,-8,0
19140,Philadelphia,2022-04,7,-7,0
19140,Philadelphia,2022-05,6,-6,0
19140,Philadelphia,2022-06,5,-5,0
19140,Philadelphia,2022-07,4,-4,0
19140,Philadelphia,2022-08,3,-3,0
19140,Philadelphia,2022-09,2,-2,0
19140,Philadelphia,2022-10,1,-1,0
19140,Philadelphia,2022-11,0,0,1
19140,Philadelphia,2022-12,-1,1,0
19141,Philadelphia,2022-01,10,-10,0
19141,Philadelphia,2022-02,9,-9,0
19141,Philadelphia,2022-03,8,-8,0
19141,Philadelphia,2022-04,7,-7,0
19141,Philadelphia,2022-05,6,-6,0
19141,Philadelphia,2022-06,5,-5,0
19141,Philadelphia,2022-07,4,-4,0
19141,Philadelphia,2022-08,3,-3,0
19141,Philadelphia,2022-09,2,-2,0
19141,Philadelphia,2022-10,1,-1,0
19141,Philadelphia,2022-11,0,0,1
19141,Philadelphia,2022-12,-1,1,0
19142,Philadelphia,2022-01,10,-10,0
19142,Philadelphia,2022-02,9,-9,0
19142,Philadelphia,2022-03,8,-8,0
19142,Philadelphia,2022-04,7,-7,0
19142,Philadelphia,2022-05,6,-6,0
19142,Philadelphia,2022-06,5,-5,0
19142,Philadelphia,2022-07,4,-4,0
19142,Philadelphia,2022-08,3,-3,0
19142,Philadelphia,2022-09,2,-2,0
19142,Philadelphia,2022-10,1,-1,0
19142,Philadelphia,2022-11,0,0,1
19142,Philadelphia,2022-12,-1,1,0
19143,Philadelphia,2022-01,10,-10,0
19143,Philadelphia,2022-02,9,-9,0
19143,Philadelphia,2022-03,8,-8,0
19143,Philadelphia,2022-04,7,-7,0
19143,Philadelphia,2022-05,6,-6,0
19143,Philadelphia,2022-06,5,-5,0
19143,Philadelphia,2022-07,4,-4,0
19143,Philadelphia,2022-08,3,-3,0
19143,Philadelphia,2022-09,2,-2,0
19143,Philadelphia,2022-10,1,-1,0
19143,Philadelphia,2022-11,0,0,1
19143,Philadelphia,2022-12,-1,1,0
19144,Philadelphia,2022-01,10,-10,0
19144,Philadelphia,2022-02,9,-9,0
19144,Philadelphia,2022-03,8,-8,0
19144,Philadelphia,2022-04,7,-7,0
19144,Philadelphia,2022-05,6,-6,0
19144,Philadelphia,2022-06,5,-5,0
19144,Philadelphia,2022-07,4,-4,0
19144,Philadelphia,2022-08,3,-3,0
19144,Philadelphia,2022-09,2,-2,0
19144,Philadelphia,2022-10,1,-1,0
19144,Philadelphia,2022-11,0,0,1
19144,Philadelphia,2022-12,-1,1,0
19145,Philadelphia,2022-01,10,-10,0
19145,Philadelphia,2022-02,9,-9,0
19145,Philadelphia,2022-03,8,-8,0
19145,Philadelphia,2022-04,7,-7,0
19145,Philadelphia,2022-05,6,-6,0
19145,Philadelphia,2022-06,5,-5,0
19145,Philadelphia,2022-07,4,-4,0
19145,Philadelphia,2022-08,3,-3,0
19145,Philadelphia,2022-09,2,-2,0
19145,Philadelphia,2022-10,1,-1,0
19145,Philadelphia,2022-11,0,0,1
19145,Philadelphia,2022-12,-1,1,0
19146,Philadelphia,2022-01,10,-10,0
19146,Philadelphia,2022-02,9,-9,0
19146,Philadelphia,2022-03,8,-8,0
19146,Philadelphia,2022-04,7,-7,0
19146,Philadelphia,2022-05,6,-6,0
19146,Philadelphia,2022-06,5,-5,0
19146,Philadelphia,2022-07,4,-4,0
19146,Philadelphia,2022-08,3,-3,0
19146,Philadelphia,2022-09,2,-2,0
19146,Philadelphia,2022-10,1,-1,0
19146,Philadelphia,2022-11,0,0,1
19146,Philadelphia,2022-12,-1,1,0
19147,Philadelphia,2022-01,10,-10,0
19147,Philadelphia,2022-02,9,-9,0
19147,Philadelphia,2022-03,8,-8,0
19147,Philadelphia,2022-04,7,-7,0
19147,Philadelphia,2022-05,6,-6,0
19147,Philadelphia,2022-06,5,-5,0
19147,Philadelphia,2022-07,4,-4,0
19147,Philadelphia,2022-08,3,-3,0
19147,Philadelphia,2022-09,2,-2,0
19147,Philadelphia,2022-10,1,-1,0
19147,Philadelphia,2022-11,0,0,1
19147,Philadelphia,2022-12,-1,1,0
19148,Philadelphia,2022-01,10,-10,0
19148,Philadelphia,2022-02,9,-9,0
19148,Philadelphia,2022-03,8,-8,0
19148,Philadelphia,2022-04,7,-7,0
19148,Philadelphia,2022-05,6,-6,0
19148,Philadelphia,2022-06,5,-5,0
19148,Philadelphia,2022-07,4,-4,0
19148,Philadelphia,2022-08,3,-3,0
19148,Philadelphia,2022-09,2,-2,0
19148,Philadelphia,2022-10,1,-1,0
19148,Philadelphia,2022-11,0,0,1
19148,Philadelphia,2022-12,-1,1,0
19149,Philadelphia,2022-01,10,-10,0
19149,Philadelphia,2022-02,9,-9,0
19149,Philadelphia,2022-03,8,-8,0
19149,Philadelphia,2022-04,7,-7,0
19149,Philadelphia,2022-05,6,-6,0
19149,Philadelphia,2022-06,5,-5,0
19149,Philadelphia,2022-07,4,-4,0
19149,Philadelphia,2022-08,3,-3,0
19149,Philadelphia,2022-09,2,-2,0
19149,Philadelphia,2022-10,1,-1,0
19149,Philadelphia,2022-11,0,0,1
19149,Philadelphia,2022-12,-1,1,0
19150,Philadelphia,2022-01,10,-10,0
19150,Philadelphia,2022-02,9,-9,0
19150,Philadelphia,2022-03,8,-8,0
19150,Philadelphia,2022-04,7,-7,0
19150,Philadelphia,2022-05,6,-6,0
19150,Philadelphia,2022-06,5,-5,0
19150,Philadelphia,2022-07,4,-4,0
19150,Philadelphia,2022-08,3,-3,0
19150,Philadelphia,2022-09,2,-2,0
19150,Philadelphia,2022-10,1,-1,0
19150,Philadelphia,2022-11,0,0,1
19150,Philadelphia,2022-12,-1,1,0
19151,Philadelphia,2022-01,10,-10,0
19151,Philadelphia,2022-02,9,-9,0
19151,Philadelphia,2022-03,8,-8,0
19151,Philadelphia,2022-04,7,-7,0
19151,Philadelphia,2022-05,6,-6,0
19151,Philadelphia,2022-06,5,-5,0
19151,Philadelphia,2022-07,4,-4,0
19151,Philadelphia,2022-08,3,-3,0
19151,Philadelphia,2022-09,2,-2,0
19151,Philadelphia,2022-10,1,-1,0
19151,Philadelphia,2022-11,0,0,1
19151,Philadelphia,2022-12,-1,1,0
19152,Philadelphia,2022-01,10,-10,0
19152,Philadelphia,2022-02,9,-9,0
19152,Philadelphia,2022-03,8,-8,0
19152,Philadelphia,2022-04,7,-7,0
19152,Philadelphia,2022-05,6,-6,0
19152,Philadelphia,2022-06,5,-5,0
19152,Philadelphia,2022-07,4,-4,0
19152,Philadelphia,2022-08,3,-3,0
19152,Philadelphia,2022-09,2,-2,0
19152,Philadelphia,2022-10,1,-1,0
19152,Philadelphia,2022-11,0,0,1
19152,Philadelphia,2022-12,-1,1,0
19153,Philadelphia,2022-01,10,-10,0
19153,Philadelphia,2022-02,9,-9,0
19153,Philadelphia,2022-03,8,-8,0
19153,Philadelphia,2022-04,7,-7,0
19153,Philadelphia,2022-05,6,-6,0
19153,Philadelphia,2022-06,5,-5,0
19153,Philadelphia,2022-07,4,-4,0
19153,Philadelphia,2022-08,3,-3,0
19153,Philadelphia,2022-09,2,-2,0
19153,Philadelphia,2022-10,1,-1,0
19153,Philadelphia,2022-11,0,0,1
19153,Philadelphia,2022-12,-1,1,0
19154,Philadelphia,2022-01,10,-10,0
19154,Philadelphia,2022-02,9,-9,0
19154,Philadelphia,2022-03,8,-8,0
19154,Philadelphia,2022-04,7,-7,0
19154,Philadelphia,2022-05,6,-6,0
19154,Philadelphia,2022-06,5,-5,0
19154,Philadelphia,2022-07,4,-4,0
19154,Philadelphia,2022-08,3,-3,0
19154,Philadelphia,2022-09,2,-2,0
19154,Philadelphia,2022-10,1,-1,0
19154,Philadelphia,2022-11,0,0,1
19154,Philadelphia,2022-12,-1,1,0
19301,Chester,2022-01,10,-10,0
19301,Chester,2022-02,9,-9,0
19301,Chester,2022-03,8,-8,0
19301,Chester,2022-04,7,-7,0
19301,Chester,2022-05,6,-6,0
19301,Chester,2022-06,5,-5,0
19301,Chester,2022-07,4,-4,0
19301,Chester,2022-08,3,-3,0
19301,Chester,2022-09,2,-2,0
19301,Chester,2022-10,1,-1,0
19301,Chester,2022-11,0,0,1
19301,Chester,2022-12,-1,1,0
19310,Chester,2022-01,10,-10,0
19310,Chester,2022-02,9,-9,0
19310,Chester,2022-03,8,-8,0
19310,Chester,2022-04,7,-7,0
19310,Chester,2022-05,6,-6,0
19310,Chester,2022-06,5,-5,0
19310,Chester,2022-07,4,-4,0
19310,Chester,2022-08,3,-3,0
19310,Chester,2022-09,2,-2,0
19310,Chester,2022-10,1,-1,0
19310,Chester,2022-11,0,0,1
19310,Chester,2022-12,-1,1,0
19311,Chester,2022-01,10,-10,0
19311,Chester,2022-02,9,-9,0
19311,Chester,2022-03,8,-8,0
19311,Chester,2022-04,7,-7,0
19311,Chester,2022-05,6,-6,0
19311,Chester,2022-06,5,-5,0
19311,Chester,2022-07,4,-4,0
19311,Chester,2022-08,3,-3,0
19311,Chester,2022-09,2,-2,0
19311,Chester,2022-10,1,-1,0
19311,Chester,2022-11,0,0,1
19311,Chester,2022-12,-1,1,0
19312,Chester,2022-01,10,-10,0
19312,Chester,2022-02,9,-9,0
19312,Chester,2022-03,8,-8,0
19312,Chester,2022-04,7,-7,0
19312,Chester,2022-05,6,-6,0
19312,Chester,2022-06,5,-5,0
19312,Chester,2022-07,4,-4,0
19312,Chester,2022-08,3,-3,0
19312,Chester,2022-09,2,-2,0
19312,Chester,2022-10,1,-1,0
19312,Chester,2022-11,0,0,1
19312,Chester,2022-12,-1,1,0
19316,Chester,2022-01,10,-10,0
19316,Chester,2022-02,9,-9,0
19316,Chester,2022-03,8,-8,0
19316,Chester,2022-04,7,-7,0
19316,Chester,2022-05,6,-6,0
19316,Chester,2022-06,5,-5,0
19316,Chester,2022-07,4,-4,0
19316,Chester,2022-08,3,-3,0
19316,Chester,2022-09,2,-2,0
19316,Chester,2022-10,1,-1,0
19316,Chester,2022-11,0,0,1
19316,Chester,2022-12,-1,1,0
19317,Chester,2022-01,10,-10,0
19317,Chester,2022-02,9,-9,0
19317,Chester,2022-03,8,-8,0
19317,Chester,2022-04,7,-7,0
19317,Chester,2022-05,6,-6,0
19317,Chester,2022-06,5,-5,0
19317,Chester,2022-07,4,-4,0
19317,Chester,2022-08,3,-3,0
19317,Chester,2022-09,2,-2,0
19317,Chester,2022-10,1,-1,0
19317,Chester,2022-11,0,0,1
19317,Chester,2022-12,-1,1,0
19319,Delaware,2022-01,10,-10,0
19319,Delaware,2022-02,9,-9,0
19319,Delaware,2022-03,8,-8,0
19319,Delaware,2022-04,7,-7,0
19319,Delaware,2022-05,6,-6,0
19319,Delaware,2022-06,5,-5,0
19319,Delaware,2022-07,4,-4,0
19319,Delaware,2022-08,3,-3,0
19319,Delaware,2022-09,2,-2,0
19319,Delaware,2022-10,1,-1,0
19319,Delaware,2022-11,0,0,1
19319,Delaware,2022-12,-1,1,0
19320,Chester,2022-01,10,-10,0
19320,Chester,2022-02,9,-9,0
19320,Chester,2022-03,8,-8,0
19320,Chester,2022-04,7,-7,0
19320,Chester,2022-05,6,-6,0
19320,Chester,2022-06,5,-5,0
19320,Chester,2022-07,4,-4,0
19320,Chester,2022-08,3,-3,0
19320,Chester,2022-09,2,-2,0
19320,Chester,2022-10,1,-1,0
19320,Chester,2022-11,0,0,1
19320,Chester,2022-12,-1,1,0
19330,Chester,2022-01,10,-10,0
19330,Chester,2022-02,9,-9,0
19330,Chester,2022-03,8,-8,0
19330,Chester,2022-04,7,-7,0
19330,Chester,2022-05,6,-6,0
19330,Chester,2022-06,5,-5,0
19330,Chester,2022-07,4,-4,0
19330,Chester,2022-08,3,-3,0
19330,Chester,2022-09,2,-2,0
19330,Chester,2022-10,1,-1,0
19330,Chester,2022-11,0,0,1
19330,Chester,2022-12,-1,1,0
19333,Chester,2022-01,10,-10,0
19333,Chester,2022-02,9,-9,0
19333,Chester,2022-03,8,-8,0
19333,Chester,2022-04,7,-7,0
19333,Chester,2022-05,6,-6,0
19333,Chester,2022-06,5,-5,0
19333,Chester,2022-07,4,-4,0
19333,Chester,2022-08,3,-3,0
19333,Chester,2022-09,2,-2,0
19333,Chester,2022-10,1,-1,0
19333,Chester,2022-11,0,0,1
19333,Chester,2022-12,-1,1,0
19335,Chester,2022-01,10,-10,0
19335,Chester,2022-02,9,-9,0
19335,Chester,2022-03,8,-8,0
19335,Chester,2022-04,7,-7,0
19335,Chester,2022-05,6,-6,0
19335,Chester,2022-06,5,-5,0
19335,Chester,2022-07,4,-4,0
19335,Chester,2022-08,3,-3,0
19335,Chester,2022-09,2,-2,0
19335,Chester,2022-10,1,-1,0
19335,Chester,2022-11,0,0,1
19335,Chester,2022-12,-1,1,0
19341,Chester,2022-01,10,-10,0
19341,Chester,2022-02,9,-9,0
19341,Chester,2022-03,8,-8,0
19341,Chester,2022-04,7,-7,0
19341,Chester,2022-05,6,-6,0
19341,Chester,2022-06,5,-5,0
19341,Chester,2022-07,4,-4,0
19341,Chester,2022-08,3,-3,0
19341,Chester,2022-09,2,-2,0
19341,Chester,2022-10,1,-1,0
19341,Chester,2022-11,0,0,1
19341,Chester,2022-12,-1,1,0
19342,Delaware,2022-01,10,-10,0
19342,Delaware,2022-02,9,-9,0
19342,Delaware,2022-03,8,-8,0
19342,Delaware,2022-04,7,-7,0
19342,Delaware,2022-05,6,-6,0
19342,Delaware,2022-06,5,-5,0
19342,Delaware,2022-07,4,-4,0
19342,Delaware,2022-08,3,-3,0
19342,Delaware,2022-09,2,-2,0
19342,Delaware,2022-10,1,-1,0
19342,Delaware,2022-11,0,0,1
19342,Delaware,2022-12,-1,1,0
19343,Chester,2022-01,10,-10,0
19343,Chester,2022-02,9,-9,0
19343,Chester,2022-03,8,-8,0
19343,Chester,2022-04,7,-7,0
19343,Chester,2022-05,6,-6,0
19343,Chester,2022-06,5,-5,0
19343,Chester,2022-07,4,-4,0
19343,Chester,2022-08,3,-3,0
19343,Chester,2022-09,2,-2,0
19343,Chester,2022-10,1,-1,0
19343,Chester,2022-11,0,0,1
19343,Chester,2022-12,-1,1,0
19344,Chester,2022-01,10,-10,0
19344,Chester,2022-02,9,-9,0
19344,Chester,2022-03,8,-8,0
19344,Chester,2022-04,7,-7,0
19344,Chester,2022-05,6,-6,0
19344,Chester,2022-06,5,-5,0
19344,Chester,2022-07,4,-4,0
19344,Chester,2022-08,3,-3,0
19344,Chester,2022-09,2,-2,0
19344,Chester,2022-10,1,-1,0
19344,Chester,2022-11,0,0,1
19344,Chester,2022-12,-1,1,0
19345,Chester,2022-01,10,-10,0
19345,Chester,2022-02,9,-9,0
19345,Chester,2022-03,8,-8,0
19345,Chester,2022-04,7,-7,0
19345,Chester,2022-05,6,-6,0
19345,Chester,2022-06,5,-5,0
19345,Chester,2022-07,4,-4,0
19345,Chester,2022-08,3,-3,0
19345,Chester,2022-09,2,-2,0
19345,Chester,2022-10,1,-1,0
19345,Chester,2022-11,0,0,1
19345,Chester,2022-12,-1,1,0
19348,Chester,2022-01,10,-10,0
19348,Chester,2022-02,9,-9,0
19348,Chester,2022-03,8,-8,0
19348,Chester,2022-04,7,-7,0
19348,Chester,2022-05,6,-6,0
19348,Chester,2022-06,5,-5,0
19348,Chester,2022-07,4,-4,0
19348,Chester,2022-08,3,-3,0
19348,Chester,2022-09,2,-2,0
19348,Chester,2022-10,1,-1,0
19348,Chester,2022-11,0,0,1
19348,Chester,2022-12,-1,1,0
19350,Chester,2022-01,10,-10,0
19350,Chester,2022-02,9,-9,0
19350,Chester,2022-03,8,-8,0
19350,Chester,2022-04,7,-7,0
19350,Chester,2022-05,6,-6,0
19350,Chester,2022-06,5,-5,0
19350,Chester,2022-07,4,-4,0
19350,Chester,2022-08,3,-3,0
19350,Chester,2022-09,2,-2,0
19350,Chester,2022-10,1,-1,0
19350,Chester,2022-11,0,0,1
19350,Chester,2022-12,-1,1,0
19352,Chester,2022-01,10,-10,0
19352,Chester,2022-02,9,-9,0
19352,Chester,2022-03,8,-8,0
19352,Chester,2022-04,7,-7,0
19352,Chester,2022-05,6,-6,0
19352,Chester,2022-06,5,-5,0
19352,Chester,2022-07,4,-4,0
19352,Chester,2022-08,3,-3,0
19352,Chester,2022-09,2,-2,0
19352,Chester,2022-10,1,-1,0
19352,Chester,2022-11,0,0,1
19352,Chester,2022-12,-1,1,0
19355,Chester,2022-01,10,-10,0
19355,Chester,2022-02,9,-9,0
19355,Chester,2022-03,8,-8,0
19355,Chester,2022-04,7,-7,0
19355,Chester,2022-05,6,-6,0
19355,Chester,2022-06,5,-5,0
19355,Chester,2022-07,4,-4,0
19355,Chester,2022-08,3,-3,0
19355,Chester,2022-09,2,-2,0
19355,Chester,2022-10,1,-1,0
19355,Chester,2022-11,0,0,1
19355,Chester,2022-12,-1,1,0
19358,Chester,2022-01,10,-10,0
19358,Chester,2022-02,9,-9,0
19358,Chester,2022-03,8,-8,0
19358,Chester,2022-04,7,-7,0
19358,Chester,2022-05,6,-6,0
19358,Chester,2022-06,5,-5,0
19358,Chester,2022-07,4,-4,0
19358,Chester,2022-08,3,-3,0
19358,Chester,2022-09,2,-2,0
19358,Chester,2022-10,1,-1,0
19358,Chester,2022-11,0,0,1
19358,Chester,2022-12,-1,1,0
19362,Chester,2022-01,10,-10,0
19362,Chester,2022-02,9,-9,0
19362,Chester,2022-03,8,-8,0
19362,Chester,2022-04,7,-7,0
19362,Chester,2022-05,6,-6,0
19362,Chester,2022-06,5,-5,0
19362,Chester,2022-07,4,-4,0
19362,Chester,2022-08,3,-3,0
19362,Chester,2022-09,2,-2,0
19362,Chester,2022-10,1,-1,0
19362,Chester,2022-11,0,0,1
19362,Chester,2022-12,-1,1,0
19363,Chester,2022-01,10,-10,0
19363,Chester,2022-02,9,-9,0
19363,Chester,2022-03,8,-8,0
19363,Chester,2022-04,7,-7,0
19363,Chester,2022-05,6,-6,0
19363,Chester,2022-06,5,-5,0
19363,Chester,2022-07,4,-4,0
19363,Chester,2022-08,3,-3,0
19363,Chester,2022-09,2,-2,0
19363,Chester,2022-10,1,-1,0
19363,Chester,2022-11,0,0,1
19363,Chester,2022-12,-1,1,0
19365,Chester,2022-01,10,-10,0
19365,Chester,2022-02,9,-9,0
19365,Chester,2022-03,8,-8,0
19365,Chester,2022-04,7,-7,0
19365,Chester,2022-05,6,-6,0
19365,Chester,2022-06,5,-5,0
19365,Chester,2022-07,4,-4,0
19365,Chester,2022-08,3,-3,0
19365,Chester,2022-09,2,-2,0
19365,Chester,2022-10,1,-1,0
19365,Chester,2022-11,0,0,1
19365,Chester,2022-12,-1,1,0
19367,Chester,2022-01,10,-10,0
19367,Chester,2022-02,9,-9,0
19367,Chester,2022-03,8,-8,0
19367,Chester,2022-04,7,-7,0
19367,Chester,2022-05,6,-6,0
19367,Chester,2022-06,5,-5,0
19367,Chester,2022-07,4,-4,0
19367,Chester,2022-08,3,-3,0
19367,Chester,2022-09,2,-2,0
19367,Chester,2022-10,1,-1,0
19367,Chester,2022-11,0,0,1
19367,Chester,2022-12,-1,1,0
19369,Chester,2022-01,10,-10,0
19369,Chester,2022-02,9,-9,0
19369,Chester,2022-03,8,-8,0
19369,Chester,2022-04,7,-7,0
19369,Chester,2022-05,6,-6,0
19369,Chester,2022-06,5,-5,0
19369,Chester,2022-07,4,-4,0
19369,Chester,2022-08,3,-3,0
19369,Chester,2022-09,2,-2,0
19369,Chester,2022-10,1,-1,0
19369,Chester,2022-11,0,0,1
19369,Chester,2022-12,-1,1,0
19372,Chester,2022-01,10,-10,0
19372,Chester,2022-02,9,-9,0
19372,Chester,2022-03,8,-8,0
19372,Chester,2022-04,7,-7,0
19372,Chester,2022-05,6,-6,0
19372,Chester,2022-06,5,-5,0
19372,Chester,2022-07,4,-4,0
19372,Chester,2022-08,3,-3,0
19372,Chester,2022-09,2,-2,0
19372,Chester,2022-10,1,-1,0
19372,Chester,2022-11,0,0,1
19372,Chester,2022-12,-1,1,0
19373,Delaware,2022-01,10,-10,0
19373,Delaware,2022-02,9,-9,0
19373,Delaware,2022-03,8,-8,0
19373,Delaware,2022-04,7,-7,0
19373,Delaware,2022-05,6,-6,0
19373,Delaware,2022-06,5,-5,0
19373,Delaware,2022-07,4,-4,0
19373,Delaware,2022-08,3,-3,0
19373,Delaware,2022-09,2,-2,0
19373,Delaware,2022-10,1,-1,0
19373,Delaware,2022-11,0,0,1
19373,Delaware,2022-12,-1,1,0
19374,Chester,2022-01,10,-10,0
19374,Chester,2022-02,9,-9,0
19374,Chester,2022-03,8,-8,0
19374,Chester,2022-04,7,-7,0
19374,Chester,2022-05,6,-6,0
19374,Chester,2022-06,5,-5,0
19374,Chester,2022-07,4,-4,0
19374,Chester,2022-08,3,-3,0
19374,Chester,2022-09,2,-2,0
19374,Chester,2022-10,1,-1,0
19374,Chester,2022-11,0,0,1
19374,Chester,2022-12,-1,1,0
19375,Chester,2022-01,10,-10,0
19375,Chester,2022-02,9,-9,0
19375,Chester,2022-03,8,-8,0
19375,Chester,2022-04,7,-7,0
19375,Chester,2022-05,6,-6,0
19375,Chester,2022-06,5,-5,0
19375,Chester,2022-07,4,-4,0
19375,Chester,2022-08,3,-3,0
19375,Chester,2022-09,2,-2,0
19375,Chester,2022-10,1,-1,0
19375,Chester,2022-11,0,0,1
19375,Chester,2022-12,-1,1,0
19380,Chester,2022-01,10,-10,0
19380,Chester,2022-02,9,-9,0
19380,Chester,2022-03,8,-8,0
19380,Chester,2022-04,7,-7,0
19380,Chester,2022-05,6,-6,0
19380,Chester,2022-06,5,-5,0
19380,Chester,2022-07,4,-4,0
19380,Chester,2022-08,3,-3,0
19380,Chester,2022-09,2,-2,0
19380,Chester,2022-10,1,-1,0
19380,Chester,2022-11,0,0,1
19380,Chester,2022-12,-1,1,0
19382,Chester,2022-01,10,-10,0
19382,Chester,2022-02,9,-9,0
19382,Chester,2022-03,8,-8,0
19382,Chester,2022-04,7,-7,0
19382,Chester,2022-05,6,-6,0
19382,Chester,2022-06,5,-5,0
19382,Chester,2022-07,4,-4,0
19382,Chester,2022-08,3,-3,0
19382,Chester,2022-09,2,-2,0
19382,Chester,2022-10,1,-1,0
19382,Chester,2022-11,0,0,1
19382,Chester,2022-12,-1,1,0
19383,Chester,2022-01,10,-10,0
19383,Chester,2022-02,9,-9,0
19383,Chester,2022-03,8,-8,0
19383,Chester,2022-04,7,-7,0
19383,Chester,2022-05,6,-6,0
19383,Chester,2022-06,5,-5,0
19383,Chester,2022-07,4,-4,0
19383,Chester,2022-08,3,-3,0
19383,Chester,2022-09,2,-2,0
19383,Chester,2022-10,1,-1,0
19383,Chester,2022-11,0,0,1
19383,Chester,2022-12,-1,1,0
19390,Chester,2022-01,10,-10,0
19390,Chester,2022-02,9,-9,0
19390,Chester,2022-03,8,-8,0
19390,Chester,2022-04,7,-7,0
19390,Chester,2022-05,6,-6,0
19390,Chester,2022-06,5,-5,0
19390,Chester,2022-07,4,-4,0
19390,Chester,2022-08,3,-3,0
19390,Chester,2022-09,2,-2,0
19390,Chester,2022-10,1,-1,0
19390,Chester,2022-11,0,0,1
19390,Chester,2022-12,-1,1,0
19401,Montgomery,2022-01,10,-10,0
19401,Montgomery,2022-02,9,-9,0
19401,Montgomery,2022-03,8,-8,0
19401,Montgomery,2022-04,7,-7,0
19401,Montgomery,2022-05,6,-6,0
19401,Montgomery,2022-06,5,-5,0
19401,Montgomery,2022-07,4,-4,0
19401,Montgomery,2022-08,3,-3,0
19401,Montgomery,2022-09,2,-2,0
19401,Montgomery,2022-10,1,-1,0
19401,Montgomery,2022-11,0,0,1
19401,Montgomery,2022-12,-1,1,0
19403,Montgomery,2022-01,10,-10,0
19403,Montgomery,2022-02,9,-9,0
19403,Montgomery,2022-03,8,-8,0
19403,Montgomery,2022-04,7,-7,0
19403,Montgomery,2022-05,6,-6,0
19403,Montgomery,2022-06,5,-5,0
19403,Montgomery,2022-07,4,-4,0
19403,Montgomery,2022-08,3,-3,0
19403,Montgomery,2022-09,2,-2,0
19403,Montgomery,2022-10,1,-1,0
19403,Montgomery,2022-11,0,0,1
19403,Montgomery,2022-12,-1,1,0
19405,Montgomery,2022-01,10,-10,0
19405,Montgomery,2022-02,9,-9,0
19405,Montgomery,2022-03,8,-8,0
19405,Montgomery,2022-04,7,-7,0
19405,Montgomery,2022-05,6,-6,0
19405,Montgomery,2022-06,5,-5,0
19405,Montgomery,2022-07,4,-4,0
19405,Montgomery,2022-08,3,-3,0
19405,Montgomery,2022-09,2,-2,0
19405,Montgomery,2022-10,1,-1,0
19405,Montgomery,2022-11,0,0,1
19405,Montgomery,2022-12,-1,1,0
19406,Montgomery,2022-01,10,-10,0
19406,Montgomery,2022-02,9,-9,0
19406,Montgomery,2022-03,8,-8,0
19406,Montgomery,2022-04,7,-7,0
19406,Montgomery,2022-05,6,-6,0
19406,Montgomery,2022-06,5,-5,0
19406,Montgomery,2022-07,4,-4,0
19406,Montgomery,2022-08,3,-3,0
19406,Montgomery,2022-09,2,-2,0
19406,Montgomery,2022-10,1,-1,0
19406,Montgomery,2022-11,0,0,1
19406,Montgomery,2022-12,-1,1,0
19422,Montgomery,2022-01,10,-10,0
19422,Montgomery,2022-02,9,-9,0
19422,Montgomery,2022-03,8,-8,0
19422,Montgomery,2022-04,7,-7,0
19422,Montgomery,2022-05,6,-6,0
19422,Montgomery,2022-06,5,-5,0
19422,Montgomery,2022-07,4,-4,0
19422,Montgomery,2022-08,3,-3,0
19422,Montgomery,2022-09,2,-2,0
19422,Montgomery,2022-10,1,-1,0
19422,Montgomery,2022-11,0,0,1
19422,Montgomery,2022-12,-1,1,0
19425,Chester,2022-01,10,-10,0
19425,Chester,2022-02,9,-9,0
19425,Chester,2022-03,8,-8,0
19425,Chester,2022-04,7,-7,0
19425,Chester,2022-05,6,-6,0
19425,Chester,2022-06,5,-5,0
19425,Chester,2022-07,4,-4,0
19425,Chester,2022-08,3,-3,0
19425,Chester,2022-09,2,-2,0
19425,Chester,2022-10,1,-1,0
19425,Chester,2022-11,0,0,1
19425,Chester,2022-12,-1,1,0
19426,Montgomery,2022-01,10,-10,0
19426,Montgomery,2022-02,9,-9,0
19426,Montgomery,2022-03,8,-8,0
19426,Montgomery,2022-04,7,-7,0
19426,Montgomery,2022-05,6,-6,0
19426,Montgomery,2022-06,5,-5,0
19426,Montgomery,2022-07,4,-4,0
19426,Montgomery,2022-08,3,-3,0
19426,Montgomery,2022-09,2,-2,0
19426,Montgomery,2022-10,1,-1,0
19426,Montgomery,2022-11,0,0,1
19426,Montgomery,2022-12,-1,1,0
19428,Montgomery,2022-01,10,-10,0
19428,Montgomery,2022-02,9,-9,0
19428,Montgomery,2022-03,8,-8,0
19428,Montgomery,2022-04,7,-7,0
19428,Montgomery,2022-05,6,-6,0
19428,Montgomery,2022-06,5,-5,0
19428,Montgomery,2022-07,4,-4,0
19428,Montgomery,2022-08,3,-3,0
19428,Montgomery,2022-09,2,-2,0
19428,Montgomery,2022-10,1,-1,0
19428,Montgomery,2022-11,0,0,1
19428,Montgomery,2022-12,-1,1,0
19435,Montgomery,2022-01,10,-10,0
19435,Montgomery,2022-02,9,-9,0
19435,Montgomery,2022-03,8,-8,0
19435,Montgomery,2022-04,7,-7,0
19435,Montgomery,2022-05,6,-6,0
19435,Montgomery,2022-06,5,-5,0
19435,Montgomery,2022-07,4,-4,0
19435,Montgomery,2022-08,3,-3,0
19435,Montgomery,2022-09,2,-2,0
19435,Montgomery,2022-10,1,-1,0
19435,Montgomery,2022-11,0,0,1
19435,Montgomery,2022-12,-1,1,0
19436,Montgomery,2022-01,10,-10,0
19436,Montgomery,2022-02,9,-9,0
19436,Montgomery,2022-03,8,-8,0
19436,Montgomery,2022-04,7,-7,0
19436,Montgomery,2022-05,6,-6,0
19436,Montgomery,2022-06,5,-5,0
19436,Montgomery,2022-07,4,-4,0
19436,Montgomery,2022-08,3,-3,0
19436,Montgomery,2022-09,2,-2,0
19436,Montgomery,2022-10,1,-1,0
19436,Montgomery,2022-11,0,0,1
19436,Montgomery,2022-12,-1,1,0
19437,Montgomery,2022-01,10,-10,0
19437,Montgomery,2022-02,9,-9,0
19437,Montgomery,2022-03,8,-8,0
19437,Montgomery,2022-04,7,-7,0
19437,Montgomery,2022-05,6,-6,0
19437,Montgomery,2022-06,5,-5,0
19437,Montgomery,2022-07,4,-4,0
19437,Montgomery,2022-08,3,-3,0
19437,Montgomery,2022-09,2,-2,0
19437,Montgomery,2022-10,1,-1,0
19437,Montgomery,2022-11,0,0,1
19437,Montgomery,2022-12,-1,1,0
19438,Montgomery,2022-01,10,-10,0
19438,Montgomery,2022-02,9,-9,0
19438,Montgomery,2022-03,8,-8,0
19438,Montgomery,2022-04,7,-7,0
19438,Montgomery,2022-05,6,-6,0
19438,Montgomery,2022-06,5,-5,0
19438,Montgomery,2022-07,4,-4,0
19438,Montgomery,2022-08,3,-3,0
19438,Montgomery,2022-09,2,-2,0
19438,Montgomery,2022-10,1,-1,0
19438,Montgomery,2022-11,0,0,1
19438,Montgomery,2022-12,-1,1,0
19440,Montgomery,2022-01,10,-10,0
19440,Montgomery,2022-02,9,-9,0
19440,Montgomery,2022-03,8,-8,0
19440,Montgomery,2022-04,7,-7,0
19440,Montgomery,2022-05,6,-6,0
19440,Montgomery,2022-06,5,-5,0
19440,Montgomery,2022-07,4,-4,0
19440,Montgomery,2022-08,3,-3,0
19440,Montgomery,2022-09,2,-2,0
19440,Montgomery,2022-10,1,-1,0
19440,Montgomery,2022-11,0,0,1
19440,Montgomery,2022-12,-1,1,0
19442,Chester,2022-01,10,-10,0
19442,Chester,2022-02,9,-9,0
19442,Chester,2022-03,8,-8,0
19442,Chester,2022-04,7,-7,0
19442,Chester,2022-05,6,-6,0
19442,Chester,2022-06,5,-5,0
19442,Chester,2022-07,4,-4,0
19442,Chester,2022-08,3,-3,0
19442,Chester,2022-09,2,-2,0
19442,Chester,2022-10,1,-1,0
19442,Chester,2022-11,0,0,1
19442,Chester,2022-12,-1,1,0
19444,Montgomery,2022-01,10,-10,0
19444,Montgomery,2022-02,9,-9,0
19444,Montgomery,2022-03,8,-8,0
19444,Montgomery,2022-04,7,-7,0
19444,Montgomery,2022-05,6,-6,0
19444,Montgomery,2022-06,5,-5,0
19444,Montgomery,2022-07,4,-4,0
19444,Montgomery,2022-08,3,-3,0
19444,Montgomery,2022-09,2,-2,0
19444,Montgomery,2022-10,1,-1,0
19444,Montgomery,2022-11,0,0,1
19444,Montgomery,2022-12,-1,1,0
19446,Montgomery,2022-01,10,-10,0
19446,Montgomery,2022-02,9,-9,0
19446,Montgomery,2022-03,8,-8,0
19446,Montgomery,2022-04,7,-7,0
19446,Montgomery,2022-05,6,-6,0
19446,Montgomery,2022-06,5,-5,0
19446,Montgomery,2022-07,4,-4,0
19446,Montgomery,2022-08,3,-3,0
19446,Montgomery,2022-09,2,-2,0
19446,Montgomery,2022-10,1,-1,0
19446,Montgomery,2022-11,0,0,1
19446,Montgomery,2022-12,-1,1,0
19453,Montgomery,2022-01,10,-10,0
19453,Montgomery,2022-02,9,-9,0
19453,Montgomery,2022-03,8,-8,0
19453,Montgomery,2022-04,7,-7,0
19453,Montgomery,2022-05,6,-6,0
19453,Montgomery,2022-06,5,-5,0
19453,Montgomery,2022-07,4,-4,0
19453,Montgomery,2022-08,3,-3,0
19453,Montgomery,2022-09,2,-2,0
19453,Montgomery,2022-10,1,-1,0
19453,Montgomery,2022-11,0,0,1
19453,Montgomery,2022-12,-1,1,0
19454,Montgomery,2022-01,10,-10,0
19454,Montgomery,2022-02,9,-9,0
19454,Montgomery,2022-03,8,-8,0
19454,Montgomery,2022-04,7,-7,0
19454,Montgomery,2022-05,6,-6,0
19454,Montgomery,2022-06,5,-5,0
19454,Montgomery,2022-07,4,-4,0
19454,Montgomery,2022-08,3,-3,0
19454,Montgomery,2022-09,2,-2,0
19454,Montgomery,2022-10,1,-1,0
19454,Montgomery,2022-11,0,0,1
19454,Montgomery,2022-12,-1,1,0
19456,Montgomery,2022-01,10,-10,0
19456,Montgomery,2022-02,9,-9,0
19456,Montgomery,2022-03,8,-8,0
19456,Montgomery,2022-04,7,-7,0
19456,Montgomery,2022-05,6,-6,0
19456,Montgomery,2022-06,5,-5,0
19456,Montgomery,2022-07,4,-4,0
19456,Montgomery,2022-08,3,-3,0
19456,Montgomery,2022-09,2,-2,0
19456,Montgomery,2022-10,1,-1,0
19456,Montgomery,2022-11,0,0,1
19456,Montgomery,2022-12,-1,1,0
19457,Chester,2022-01,10,-10,0
19457,Chester,2022-02,9,-9,0
19457,Chester,2022-03,8,-8,0
19457,Chester,2022-04,7,-7,0
19457,Chester,2022-05,6,-6,0
19457,Chester,2022-06,5,-5,0
19457,Chester,2022-07,4,-4,0
19457,Chester,2022-08,3,-3,0
19457,Chester,2022-09,2,-2,0
19457,Chester,2022-10,1,-1,0
19457,Chester,2022-11,0,0,1
19457,Chester,2022-12,-1,1,0
19460,Chester,2022-01,10,-10,0
19460,Chester,2022-02,9,-9,0
19460,Chester,2022-03,8,-8,0
19460,Chester,2022-04,7,-7,0
19460,Chester,2022-05,6,-6,0
19460,Chester,2022-06,5,-5,0
19460,Chester,2022-07,4,-4,0
19460,Chester,2022-08,3,-3,0
19460,Chester,2022-09,2,-2,0
19460,Chester,2022-10,1,-1,0
19460,Chester,2022-11,0,0,1
19460,Chester,2022-12,-1,1,0
19462,Montgomery,2022-01,10,-10,0
19462,Montgomery,2022-02,9,-9,0
19462,Montgomery,2022-03,8,-8,0
19462,Montgomery,2022-04,7,-7,0
19462,Montgomery,2022-05,6,-6,0
19462,Montgomery,2022-06,5,-5,0
19462,Montgomery,2022-07,4,-4,0
19462,Montgomery,2022-08,3,-3,0
19462,Montgomery,2022-09,2,-2,0
19462,Montgomery,2022-10,1,-1,0
19462,Montgomery,2022-11,0,0,1
19462,Montgomery,2022-12,-1,1,0
19464,Montgomery,2022-01,10,-10,0
19464,Montgomery,2022-02,9,-9,0
19464,Montgomery,2022-03,8,-8,0
19464,Montgomery,2022-04,7,-7,0
19464,Montgomery,2022-05,6,-6,0
19464,Montgomery,2022-06,5,-5,0
19464,Montgomery,2022-07,4,-4,0
19464,Montgomery,2022-08,3,-3,0
19464,Montgomery,2022-09,2,-2,0
19464,Montgomery,2022-10,1,-1,0
19464,Montgomery,2022-11,0,0,1
19464,Montgomery,2022-12,-1,1,0
19465,Chester,2022-01,10,-10,0
19465,Chester,2022-02,9,-9,0
19465,Chester,2022-03,8,-8,0
19465,Chester,2022-04,7,-7,0
19465,Chester,2022-05,6,-6,0
19465,Chester,2022-06,5,-5,0
19465,Chester,2022-07,4,-4,0
19465,Chester,2022-08,3,-3,0
19465,Chester,2022-09,2,-2,0
19465,Chester,2022-10,1,-1,0
19465,Chester,2022-11,0,0,1
19465,Chester,2022-12,-1,1,0
19468,Montgomery,2022-01,10,-10,0
19468,Montgomery,2022-02,9,-9,0
19468,Montgomery,2022-03,8,-8,0
19468,Montgomery,2022-04,7,-7,0
19468,Montgomery,2022-05,6,-6,0
19468,Montgomery,2022-06,5,-5,0
19468,Montgomery,2022-07,4,-4,0
19468,Montgomery,2022-08,3,-3,0
19468,Montgomery,2022-09,2,-2,0
19468,Montgomery,2022-10,1,-1,0
19468,Montgomery,2022-11,0,0,1
19468,Montgomery,2022-12,-1,1,0
19472,Montgomery,2022-01,10,-10,0
19472,Montgomery,2022-02,9,-9,0
19472,Montgomery,2022-03,8,-8,0
19472,Montgomery,2022-04,7,-7,0
19472,Montgomery,2022-05,6,-6,0
19472,Montgomery,2022-06,5,-5,0
19472,Montgomery,2022-07,4,-4,0
19472,Montgomery,2022-08,3,-3,0
19472,Montgomery,2022-09,2,-2,0
19472,Montgomery,2022-10,1,-1,0
19472,Montgomery,2022-11,0,0,1
19472,Montgomery,2022-12,-1,1,0
19473,Montgomery,2022-01,10,-10,0
19473,Montgomery,2022-02,9,-9,0
19473,Montgomery,2022-03,8,-8,0
19473,Montgomery,2022-04,7,-7,0
19473,Montgomery,2022-05,6,-6,0
19473,Montgomery,2022-06,5,-5,0
19473,Montgomery,2022-07,4,-4,0
19473,Montgomery,2022-08,3,-3,0
19473,Montgomery,2022-09,2,-2,0
19473,Montgomery,2022-10,1,-1,0
19473,Montgomery,2022-11,0,0,1
19473,Montgomery,2022-12,-1,1,0
19474,Montgomery,2022-01,10,-10,0
19474,Montgomery,2022-02,9,-9,0
19474,Montgomery,2022-03,8,-8,0
19474,Montgomery,2022-04,7,-7,0
19474,Montgomery,2022-05,6,-6,0
19474,Montgomery,2022-06,5,-5,0
19474,Montgomery,2022-07,4,-4,0
19474,Montgomery,2022-08,3,-3,0
19474,Montgomery,2022-09,2,-2,0
19474,Montgomery,2022-10,1,-1,0
19474,Montgomery,2022-11,0,0,1
19474,Montgomery,2022-12,-1,1,0
19475,Chester,2022-01,10,-10,0
19475,Chester,2022-02,9,-9,0
19475,Chester,2022-03,8,-8,0
19475,Chester,2022-04,7,-7,0
19475,Chester,2022-05,6,-6,0
19475,Chester,2022-06,5,-5,0
19475,Chester,2022-07,4,-4,0
19475,Chester,2022-08,3,-3,0
19475,Chester,2022-09,2,-2,0
19475,Chester,2022-10,1,-1,0
19475,Chester,2022-11,0,0,1
19475,Chester,2022-12,-1,1,0
19477,Montgomery,2022-01,10,-10,0
19477,Montgomery,2022-02,9,-9,0
19477,Montgomery,2022-03,8,-8,0
19477,Montgomery,2022-04,7,-7,0
19477,Montgomery,2022-05,6,-6,0
19477,Montgomery,2022-06,5,-5,0
19477,Montgomery,2022-07,4,-4,0
19477,Montgomery,2022-08,3,-3,0
19477,Montgomery,2022-09,2,-2,0
19477,Montgomery,2022-10,1,-1,0
19477,Montgomery,2022-11,0,0,1
19477,Montgomery,2022-12,-1,1,0
19490,Montgomery,2022-01,10,-10,0
19490,Montgomery,2022-02,9,-9,0
19490,Montgomery,2022-03,8,-8,0
19490,Montgomery,2022-04,7,-7,0
19490,Montgomery,2022-05,6,-6,0
19490,Montgomery,2022-06,5,-5,0
19490,Montgomery,2022-07,4,-4,0
19490,Montgomery,2022-08,3,-3,0
19490,Montgomery,2022-09,2,-2,0
19490,Montgomery,2022-10,1,-1,0
19490,Montgomery,2022-11,0,0,1
19490,Montgomery,2022-12,-1,1,0
19492,Montgomery,2022-01,10,-10,0
19492,Montgomery,2022-02,9,-9,0
19492,Montgomery,2022-03,8,-8,0
19492,Montgomery,2022-04,7,-7,0
19492,Montgomery,2022-05,6,-6,0
19492,Montgomery,2022-06,5,-5,0
19492,Montgomery,2022-07,4,-4,0
19492,Montgomery,2022-08,3,-3,0
19492,Montgomery,2022-09,2,-2,0
19492,Montgomery,2022-10,1,-1,0
19492,Montgomery,2022-11,0,0,1
19492,Montgomery,2022-12,-1,1,0
19501,Lancaster,2022-01,10,-10,0
19501,Lancaster,2022-02,9,-9,0
19501,Lancaster,2022-03,8,-8,0
19501,Lancaster,2022-04,7,-7,0
19501,Lancaster,2022-05,6,-6,0
19501,Lancaster,2022-06,5,-5,0
19501,Lancaster,2022-07,4,-4,0
19501,Lancaster,2022-08,3,-3,0
19501,Lancaster,2022-09,2,-2,0
19501,Lancaster,2022-10,1,-1,0
19501,Lancaster,2022-11,0,0,1
19501,Lancaster,2022-12,-1,1,0
19503,Berks,2022-01,10,-10,0
19503,Berks,2022-02,9,-9,0
19503,Berks,2022-03,8,-8,0
19503,Berks,2022-04,7,-7,0
19503,Berks,2022-05,6,-6,0
19503,Berks,2022-06,5,-5,0
19503,Berks,2022-07,4,-4,0
19503,Berks,2022-08,3,-3,0
19503,Berks,2022-09,2,-2,0
19503,Berks,2022-10,1,-1,0
19503,Berks,2022-11,0,0,1
19503,Berks,2022-12,-1,1,0
19504,Berks,2022-01,10,-10,0
19504,Berks,2022-02,9,-9,0
19504,Berks,2022-03,8,-8,0
19504,Berks,2022-04,7,-7,0
19504,Berks,2022-05,6,-6,0
19504,Berks,2022-06,5,-5,0
19504,Berks,2022-07,4,-4,0
19504,Berks,2022-08,3,-3,0
19504,Berks,2022-09,2,-2,0
19504,Berks,2022-10,1,-1,0
19504,Berks,2022-11,0,0,1
19504,Berks,2022-12,-1,1,0
19505,Berks,2022-01,10,-10,0
19505,Berks,2022-02,9,-9,0
19505,Berks,2022-03,8,-8,0
19505,Berks,2022-04,7,-7,0
19505,Berks,2022-05,6,-6,0
19505,Berks,2022-06,5,-5,0
19505,Berks,2022-07,4,-4,0
19505,Berks,2022-08,3,-3,0
19505,Berks,2022-09,2,-2,0
19505,Berks,2022-10,1,-1,0
19505,Berks,2022-11,0,0,1
19505,Berks,2022-12,-1,1,0
19506,Berks,2022-01,10,-10,0
19506,Berks,2022-02,9,-9,0
19506,Berks,2022-03,8,-8,0
19506,Berks,2022-04,7,-7,0
19506,Berks,2022-05,6,-6,0
19506,Berks,2022-06,5,-5,0
19506,Berks,2022-07,4,-4,0
19506,Berks,2022-08,3,-3,0
19506,Berks,2022-09,2,-2,0
19506,Berks,2022-10,1,-1,0
19506,Berks,2022-11,0,0,1
19506,Berks,2022-12,-1,1,0
19507,Berks,2022-01,10,-10,0
19507,Berks,2022-02,9,-9,0
19507,Berks,2022-03,8,-8,0
19507,Berks,2022-04,7,-7,0
19507,Berks,2022-05,6,-6,0
19507,Berks,2022-06,5,-5,0
19507,Berks,2022-07,4,-4,0
19507,Berks,2022-08,3,-3,0
19507,Berks,2022-09,2,-2,0
19507,Berks,2022-10,1,-1,0
19507,Berks,2022-11,0,0,1
19507,Berks,2022-12,-1,1,0
19508,Berks,2022-01,10,-10,0
19508,Berks,2022-02,9,-9,0
19508,Berks,2022-03,8,-8,0
19508,Berks,2022-04,7,-7,0
19508,Berks,2022-05,6,-6,0
19508,Berks,2022-06,5,-5,0
19508,Berks,2022-07,4,-4,0
19508,Berks,2022-08,3,-3,0
19508,Berks,2022-09,2,-2,0
19508,Berks,2022-10,1,-1,0
19508,Berks,2022-11,0,0,1
19508,Berks,2022-12,-1,1,0
19510,Berks,2022-01,10,-10,0
19510,Berks,2022-02,9,-9,0
19510,Berks,2022-03,8,-8,0
19510,Berks,2022-04,7,-7,0
19510,Berks,2022-05,6,-6,0
19510,Berks,2022-06,5,-5,0
19510,Berks,2022-07,4,-4,0
19510,Berks,2022-08,3,-3,0
19510,Berks,2022-09,2,-2,0
19510,Berks,2022-10,1,-1,0
19510,Berks,2022-11,0,0,1
19510,Berks,2022-12,-1,1,0
19511,Berks,2022-01,10,-10,0
19511,Berks,2022-02,9,-9,0
19511,Berks,2022-03,8,-8,0
19511,Berks,2022-04,7,-7,0
19511,Berks,2022-05,6,-6,0
19511,Berks,2022-06,5,-5,0
19511,Berks,2022-07,4,-4,0
19511,Berks,2022-08,3,-3,0
19511,Berks,2022-09,2,-2,0
19511,Berks,2022-10,1,-1,0
19511,Berks,2022-11,0,0,1
19511,Berks,2022-12,-1,1,0
19512,Berks,2022-01,10,-10,0
19512,Berks,2022-02,9,-9,0
19512,Berks,2022-03,8,-8,0
19512,Berks,2022-04,7,-7,0
19512,Berks,2022-05,6,-6,0
19512,Berks,2022-06,5,-5,0
19512,Berks,2022-07,4,-4,0
19512,Berks,2022-08,3,-3,0
19512,Berks,2022-09,2,-2,0
19512,Berks,2022-10,1,-1,0
19512,Berks,2022-11,0,0,1
19512,Berks,2022-12,-1,1,0
19516,Berks,2022-01,10,-10,0
19516,Berks,2022-02,9,-9,0
19516,Berks,2022-03,8,-8,0
19516,Berks,2022-04,7,-7,0
19516,Berks,2022-05,6,-6,0
19516,Berks,2022-06,5,-5,0
19516,Berks,2022-07,4,-4,0
19516,Berks,2022-08,3,-3,0
19516,Berks,2022-09,2,-2,0
19516,Berks,2022-10,1,-1,0
19516,Berks,2022-11,0,0,1
19516,Berks,2022-12,-1,1,0
19518,Berks,2022-01,10,-10,0
19518,Berks,2022-02,9,-9,0
19518,Berks,2022-03,8,-8,0
19518,Berks,2022-04,7,-7,0
19518,Berks,2022-05,6,-6,0
19518,Berks,2022-06,5,-5,0
19518,Berks,2022-07,4,-4,0
19518,Berks,2022-08,3,-3,0
19518,Berks,2022-09,2,-2,0
19518,Berks,2022-10,1,-1,0
19518,Berks,2022-11,0,0,1
19518,Berks,2022-12,-1,1,0
19520,Chester,2022-01,10,-10,0
19520,Chester,2022-02,9,-9,0
19520,Chester,2022-03,8,-8,0
19520,Chester,2022-04,7,-7,0
19520,Chester,2022-05,6,-6,0
19520,Chester,2022-06,5,-5,0
19520,Chester,2022-07,4,-4,0
19520,Chester,2022-08,3,-3,0
19520,Chester,2022-09,2,-2,0
19520,Chester,2022-10,1,-1,0
19520,Chester,2022-11,0,0,1
19520,Chester,2022-12,-1,1,0
19522,Berks,2022-01,10,-10,0
19522,Berks,2022-02,9,-9,0
19522,Berks,2022-03,8,-8,0
19522,Berks,2022-04,7,-7,0
19522,Berks,2022-05,6,-6,0
19522,Berks,2022-06,5,-5,0
19522,Berks,2022-07,4,-4,0
19522,Berks,2022-08,3,-3,0
19522,Berks,2022-09,2,-2,0
19522,Berks,2022-10,1,-1,0
19522,Berks,2022-11,0,0,1
19522,Berks,2022-12,-1,1,0
19523,Berks,2022-01,10,-10,0
19523,Berks,2022-02,9,-9,0
19523,Berks,2022-03,8,-8,0
19523,Berks,2022-04,7,-7,0
19523,Berks,2022-05,6,-6,0
19523,Berks,2022-06,5,-5,0
19523,Berks,2022-07,4,-4,0
19523,Berks,2022-08,3,-3,0
19523,Berks,2022-09,2,-2,0
19523,Berks,2022-10,1,-1,0
19523,Berks,2022-11,0,0,1
19523,Berks,2022-12,-1,1,0
19525,Montgomery,2022-01,10,-10,0
19525,Montgomery,2022-02,9,-9,0
19525,Montgomery,2022-03,8,-8,0
19525,Montgomery,2022-04,7,-7,0
19525,Montgomery,2022-05,6,-6,0
19525,Montgomery,2022-06,5,-5,0
19525,Montgomery,2022-07,4,-4,0
19525,Montgomery,2022-08,3,-3,0
19525,Montgomery,2022-09,2,-2,0
19525,Montgomery,2022-10,1,-1,0
19525,Montgomery,2022-11,0,0,1
19525,Montgomery,2022-12,-1,1,0
19526,Berks,2022-01,10,-10,0
19526,Berks,2022-02,9,-9,0
19526,Berks,2022-03,8,-8,0
19526,Berks,2022-04,7,-7,0
19526,Berks,2022-05,6,-6,0
19526,Berks,2022-06,5,-5,0
19526,Berks,2022-07,4,-4,0
19526,Berks,2022-08,3,-3,0
19526,Berks,2022-09,2,-2,0
19526,Berks,2022-10,1,-1,0
19526,Berks,2022-11,0,0,1
19526,Berks,2022-12,-1,1,0
19529,Berks,2022-01,10,-10,0
19529,Berks,2022-02,9,-9,0
19529,Berks,2022-03,8,-8,0
19529,Berks,2022-04,7,-7,0
19529,Berks,2022-05,6,-6,0
19529,Berks,2022-06,5,-5,0
19529,Berks,2022-07,4,-4,0
19529,Berks,2022-08,3,-3,0
19529,Berks,2022-09,2,-2,0
19529,Berks,2022-10,1,-1,0
19529,Berks,2022-11,0,0,1
19529,Berks,2022-12,-1,1,0
19530,Berks,2022-01,10,-10,0
19530,Berks,2022-02,9,-9,0
19530,Berks,2022-03,8,-8,0
19530,Berks,2022-04,7,-7,0
19530,Berks,2022-05,6,-6,0
19530,Berks,2022-06,5,-5,0
19530,Berks,2022-07,4,-4,0
19530,Berks,2022-08,3,-3,0
19530,Berks,2022-09,2,-2,0
19530,Berks,2022-10,1,-1,0
19530,Berks,2022-11,0,0,1
19530,Berks,2022-12,-1,1,0
19533,Berks,2022-01,10,-10,0
19533,Berks,2022-02,9,-9,0
19533,Berks,2022-03,8,-8,0
19533,Berks,2022-04,7,-7,0
19533,Berks,2022-05,6,-6,0
19533,Berks,2022-06,5,-5,0
19533,Berks,2022-07,4,-4,0
19533,Berks,2022-08,3,-3,0
19533,Berks,2022-09,2,-2,0
19533,Berks,2022-10,1,-1,0
19533,Berks,2022-11,0,0,1
19533,Berks,2022-12,-1,1,0
19534,Berks,2022-01,10,-10,0
19534,Berks,2022-02,9,-9,0
19534,Berks,2022-03,8,-8,0
19534,Berks,2022-04,7,-7,0
19534,Berks,2022-05,6,-6,0
19534,Berks,2022-06,5,-5,0
19534,Berks,2022-07,4,-4,0
19534,Berks,2022-08,3,-3,0
19534,Berks,2022-09,2,-2,0
19534,Berks,2022-10,1,-1,0
19534,Berks,2022-11,0,0,1
19534,Berks,2022-12,-1,1,0
19535,Berks,2022-01,10,-10,0
19535,Berks,2022-02,9,-9,0
19535,Berks,2022-03,8,-8,0
19535,Berks,2022-04,7,-7,0
19535,Berks,2022-05,6,-6,0
19535,Berks,2022-06,5,-5,0
19535,Berks,2022-07,4,-4,0
19535,Berks,2022-08,3,-3,0
19535,Berks,2022-09,2,-2,0
19535,Berks,2022-10,1,-1,0
19535,Berks,2022-11,0,0,1
19535,Berks,2022-12,-1,1,0
19536,Berks,2022-01,10,-10,0
19536,Berks,2022-02,9,-9,0
19536,Berks,2022-03,8,-8,0
19536,Berks,2022-04,7,-7,0
19536,Berks,2022-05,6,-6,0
19536,Berks,2022-06,5,-5,0
19536,Berks,2022-07,4,-4,0
19536,Berks,2022-08,3,-3,0
19536,Berks,2022-09,2,-2,0
19536,Berks,2022-10,1,-1,0
19536,Berks,2022-11,0,0,1
19536,Berks,2022-12,-1,1,0
19538,Berks,2022-01,10,-10,0
19538,Berks,2022-02,9,-9,0
19538,Berks,2022-03,8,-8,0
19538,Berks,2022-04,7,-7,0
19538,Berks,2022-05,6,-6,0
19538,Berks,2022-06,5,-5,0
19538,Berks,2022-07,4,-4,0
19538,Berks,2022-08,3,-3,0
19538,Berks,2022-09,2,-2,0
19538,Berks,2022-10,1,-1,0
19538,Berks,2022-11,0,0,1
19538,Berks,2022-12,-1,1,0
19539,Berks,2022-01,10,-10,0
19539,Berks,2022-02,9,-9,0
19539,Berks,2022-03,8,-8,0
19539,Berks,2022-04,7,-7,0
19539,Berks,2022-05,6,-6,0
19539,Berks,2022-06,5,-5,0
19539,Berks,2022-07,4,-4,0
19539,Berks,2022-08,3,-3,0
19539,Berks,2022-09,2,-2,0
19539,Berks,2022-10,1,-1,0
19539,Berks,2022-11,0,0,1
19539,Berks,2022-12,-1,1,0
19540,Berks,2022-01,10,-10,0
19540,Berks,2022-02,9,-9,0
19540,Berks,2022-03,8,-8,0
19540,Berks,2022-04,7,-7,0
19540,Berks,2022-05,6,-6,0
19540,Berks,2022-06,5,-5,0
19540,Berks,2022-07,4,-4,0
19540,Berks,2022-08,3,-3,0
19540,Berks,2022-09,2,-2,0
19540,Berks,2022-10,1,-1,0
19540,Berks,2022-11,0,0,1
19540,Berks,2022-12,-1,1,0
19541,Berks,2022-01,10,-10,0
19541,Berks,2022-02,9,-9,0
19541,Berks,2022-03,8,-8,0
19541,Berks,2022-04,7,-7,0
19541,Berks,2022-05,6,-6,0
19541,Berks,2022-06,5,-5,0
19541,Berks,2022-07,4,-4,0
19541,Berks,2022-08,3,-3,0
19541,Berks,2022-09,2,-2,0
19541,Berks,2022-10,1,-1,0
19541,Berks,2022-11,0,0,1
19541,Berks,2022-12,-1,1,0
19543,Berks,2022-01,10,-10,0
19543,Berks,2022-02,9,-9,0
19543,Berks,2022-03,8,-8,0
19543,Berks,2022-04,7,-7,0
19543,Berks,2022-05,6,-6,0
19543,Berks,2022-06,5,-5,0
19543,Berks,2022-07,4,-4,0
19543,Berks,2022-08,3,-3,0
19543,Berks,2022-09,2,-2,0
19543,Berks,2022-10,1,-1,0
19543,Berks,2022-11,0,0,1
19543,Berks,2022-12,-1,1,0
19544,Berks,2022-01,10,-10,0
19544,Berks,2022-02,9,-9,0
19544,Berks,2022-03,8,-8,0
19544,Berks,2022-04,7,-7,0
19544,Berks,2022-05,6,-6,0
19544,Berks,2022-06,5,-5,0
19544,Berks,2022-07,4,-4,0
19544,Berks,2022-08,3,-3,0
19544,Berks,2022-09,2,-2,0
19544,Berks,2022-10,1,-1,0
19544,Berks,2022-11,0,0,1
19544,Berks,2022-12,-1,1,0
19545,Berks,2022-01,10,-10,0
19545,Berks,2022-02,9,-9,0
19545,Berks,2022-03,8,-8,0
19545,Berks,2022-04,7,-7,0
19545,Berks,2022-05,6,-6,0
19545,Berks,2022-06,5,-5,0
19545,Berks,2022-07,4,-4,0
19545,Berks,2022-08,3,-3,0
19545,Berks,2022-09,2,-2,0
19545,Berks,2022-10,1,-1,0
19545,Berks,2022-11,0,0,1
19545,Berks,2022-12,-1,1,0
19547,Berks,2022-01,10,-10,0
19547,Berks,2022-02,9,-9,0
19547,Berks,2022-03,8,-8,0
19547,Berks,2022-04,7,-7,0
19547,Berks,2022-05,6,-6,0
19547,Berks,2022-06,5,-5,0
19547,Berks,2022-07,4,-4,0
19547,Berks,2022-08,3,-3,0
19547,Berks,2022-09,2,-2,0
19547,Berks,2022-10,1,-1,0
19547,Berks,2022-11,0,0,1
19547,Berks,2022-12,-1,1,0
19549,Schuylkill,2022-01,10,-10,0
19549,Schuylkill,2022-02,9,-9,0
19549,Schuylkill,2022-03,8,-8,0
19549,Schuylkill,2022-04,7,-7,0
19549,Schuylkill,2022-05,6,-6,0
19549,Schuylkill,2022-06,5,-5,0
19549,Schuylkill,2022-07,4,-4,0
19549,Schuylkill,2022-08,3,-3,0
19549,Schuylkill,2022-09,2,-2,0
19549,Schuylkill,2022-10,1,-1,0
19549,Schuylkill,2022-11,0,0,1
19549,Schuylkill,2022-12,-1,1,0
19550,Berks,2022-01,10,-10,0
19550,Berks,2022-02,9,-9,0
19550,Berks,2022-03,8,-8,0
19550,Berks,2022-04,7,-7,0
19550,Berks,2022-05,6,-6,0
19550,Berks,2022-06,5,-5,0
19550,Berks,2022-07,4,-4,0
19550,Berks,2022-08,3,-3,0
19550,Berks,2022-09,2,-2,0
19550,Berks,2022-10,1,-1,0
19550,Berks,2022-11,0,0,1
19550,Berks,2022-12,-1,1,0
19551,Berks,2022-01,10,-10,0
19551,Berks,2022-02,9,-9,0
19551,Berks,2022-03,8,-8,0
19551,Berks,2022-04,7,-7,0
19551,Berks,2022-05,6,-6,0
19551,Berks,2022-06,5,-5,0
19551,Berks,2022-07,4,-4,0
19551,Berks,2022-08,3,-3,0
19551,Berks,2022-09,2,-2,0
19551,Berks,2022-10,1,-1,0
19551,Berks,2022-11,0,0,1
19551,Berks,2022-12,-1,1,0
19554,Berks,2022-01,10,-10,0
19554,Berks,2022-02,9,-9,0
19554,Berks,2022-03,8,-8,0
19554,Berks,2022-04,7,-7,0
19554,Berks,2022-05,6,-6,0
19554,Berks,2022-06,5,-5,0
19554,Berks,2022-07,4,-4,0
19554,Berks,2022-08,3,-3,0
19554,Berks,2022-09,2,-2,0
19554,Berks,2022-10,1,-1,0
19554,Berks,2022-11,0,0,1
19554,Berks,2022-12,-1,1,0
19555,Berks,2022-01,10,-10,0
19555,Berks,2022-02,9,-9,0
19555,Berks,2022-03,8,-8,0
19555,Berks,2022-04,7,-7,0
19555,Berks,2022-05,6,-6,0
19555,Berks,2022-06,5,-5,0
19555,Berks,2022-07,4,-4,0
19555,Berks,2022-08,3,-3,0
19555,Berks,2022-09,2,-2,0
19555,Berks,2022-10,1,-1,0
19555,Berks,2022-11,0,0,1
19555,Berks,2022-12,-1,1,0
19559,Berks,2022-01,10,-10,0
19559,Berks,2022-02,9,-9,0
19559,Berks,2022-03,8,-8,0
19559,Berks,2022-04,7,-7,0
19559,Berks,2022-05,6,-6,0
19559,Berks,2022-06,5,-5,0
19559,Berks,2022-07,4,-4,0
19559,Berks,2022-08,3,-3,0
19559,Berks,2022-09,2,-2,0
19559,Berks,2022-10,1,-1,0
19559,Berks,2022-11,0,0,1
19559,Berks,2022-12,-1,1,0
19560,Berks,2022-01,10,-10,0
19560,Berks,2022-02,9,-9,0
19560,Berks,2022-03,8,-8,0
19560,Berks,2022-04,7,-7,0
19560,Berks,2022-05,6,-6,0
19560,Berks,2022-06,5,-5,0
19560,Berks,2022-07,4,-4,0
19560,Berks,2022-08,3,-3,0
19560,Berks,2022-09,2,-2,0
19560,Berks,2022-10,1,-1,0
19560,Berks,2022-11,0,0,1
19560,Berks,2022-12,-1,1,0
19562,Berks,2022-01,10,-10,0
19562,Berks,2022-02,9,-9,0
19562,Berks,2022-03,8,-8,0
19562,Berks,2022-04,7,-7,0
19562,Berks,2022-05,6,-6,0
19562,Berks,2022-06,5,-5,0
19562,Berks,2022-07,4,-4,0
19562,Berks,2022-08,3,-3,0
19562,Berks,2022-09,2,-2,0
19562,Berks,2022-10,1,-1,0
19562,Berks,2022-11,0,0,1
19562,Berks,2022-12,-1,1,0
19564,Berks,2022-01,10,-10,0
19564,Berks,2022-02,9,-9,0
19564,Berks,2022-03,8,-8,0
19564,Berks,2022-04,7,-7,0
19564,Berks,2022-05,6,-6,0
19564,Berks,2022-06,5,-5,0
19564,Berks,2022-07,4,-4,0
19564,Berks,2022-08,3,-3,0
19564,Berks,2022-09,2,-2,0
19564,Berks,2022-10,1,-1,0
19564,Berks,2022-11,0,0,1
19564,Berks,2022-12,-1,1,0
19565,Berks,2022-01,10,-10,0
19565,Berks,2022-02,9,-9,0
19565,Berks,2022-03,8,-8,0
19565,Berks,2022-04,7,-7,0
19565,Berks,2022-05,6,-6,0
19565,Berks,2022-06,5,-5,0
19565,Berks,2022-07,4,-4,0
19565,Berks,2022-08,3,-3,0
19565,Berks,2022-09,2,-2,0
19565,Berks,2022-10,1,-1,0
19565,Berks,2022-11,0,0,1
19565,Berks,2022-12,-1,1,0
19567,Berks,2022-01,10,-10,0
19567,Berks,2022-02,9,-9,0
19567,Berks,2022-03,8,-8,0
19567,Berks,2022-04,7,-7,0
19567,Berks,2022-05,6,-6,0
19567,Berks,2022-06,5,-5,0
19567,Berks,2022-07,4,-4,0
19567,Berks,2022-08,3,-3,0
19567,Berks,2022-09,2,-2,0
19567,Berks,2022-10,1,-1,0
19567,Berks,2022-11,0,0,1
19567,Berks,2022-12,-1,1,0
19601,Berks,2022-01,10,-10,0
19601,Berks,2022-02,9,-9,0
19601,Berks,2022-03,8,-8,0
19601,Berks,2022-04,7,-7,0
19601,Berks,2022-05,6,-6,0
19601,Berks,2022-06,5,-5,0
19601,Berks,2022-07,4,-4,0
19601,Berks,2022-08,3,-3,0
19601,Berks,2022-09,2,-2,0
19601,Berks,2022-10,1,-1,0
19601,Berks,2022-11,0,0,1
19601,Berks,2022-12,-1,1,0
19602,Berks,2022-01,10,-10,0
19602,Berks,2022-02,9,-9,0
19602,Berks,2022-03,8,-8,0
19602,Berks,2022-04,7,-7,0
19602,Berks,2022-05,6,-6,0
19602,Berks,2022-06,5,-5,0
19602,Berks,2022-07,4,-4,0
19602,Berks,2022-08,3,-3,0
19602,Berks,2022-09,2,-2,0
19602,Berks,2022-10,1,-1,0
19602,Berks,2022-11,0,0,1
19602,Berks,2022-12,-1,1,0
19604,Berks,2022-01,10,-10,0
19604,Berks,2022-02,9,-9,0
19604,Berks,2022-03,8,-8,0
19604,Berks,2022-04,7,-7,0
19604,Berks,2022-05,6,-6,0
19604,Berks,2022-06,5,-5,0
19604,Berks,2022-07,4,-4,0
19604,Berks,2022-08,3,-3,0
19604,Berks,2022-09,2,-2,0
19604,Berks,2022-10,1,-1,0
19604,Berks,2022-11,0,0,1
19604,Berks,2022-12,-1,1,0
19605,Berks,2022-01,10,-10,0
19605,Berks,2022-02,9,-9,0
19605,Berks,2022-03,8,-8,0
19605,Berks,2022-04,7,-7,0
19605,Berks,2022-05,6,-6,0
19605,Berks,2022-06,5,-5,0
19605,Berks,2022-07,4,-4,0
19605,Berks,2022-08,3,-3,0
19605,Berks,2022-09,2,-2,0
19605,Berks,2022-10,1,-1,0
19605,Berks,2022-11,0,0,1
19605,Berks,2022-12,-1,1,0
19606,Berks,2022-01,10,-10,0
19606,Berks,2022-02,9,-9,0
19606,Berks,2022-03,8,-8,0
19606,Berks,2022-04,7,-7,0
19606,Berks,2022-05,6,-6,0
19606,Berks,2022-06,5,-5,0
19606,Berks,2022-07,4,-4,0
19606,Berks,2022-08,3,-3,0
19606,Berks,2022-09,2,-2,0
19606,Berks,2022-10,1,-1,0
19606,Berks,2022-11,0,0,1
19606,Berks,2022-12,-1,1,0
19607,Berks,2022-01,10,-10,0
19607,Berks,2022-02,9,-9,0
19607,Berks,2022-03,8,-8,0
19607,Berks,2022-04,7,-7,0
19607,Berks,2022-05,6,-6,0
19607,Berks,2022-06,5,-5,0
19607,Berks,2022-07,4,-4,0
19607,Berks,2022-08,3,-3,0
19607,Berks,2022-09,2,-2,0
19607,Berks,2022-10,1,-1,0
19607,Berks,2022-11,0,0,1
19607,Berks,2022-12,-1,1,0
19608,Berks,2022-01,10,-10,0
19608,Berks,2022-02,9,-9,0
19608,Berks,2022-03,8,-8,0
19608,Berks,2022-04,7,-7,0
19608,Berks,2022-05,6,-6,0
19608,Berks,2022-06,5,-5,0
19608,Berks,2022-07,4,-4,0
19608,Berks,2022-08,3,-3,0
19608,Berks,2022-09,2,-2,0
19608,Berks,2022-10,1,-1,0
19608,Berks,2022-11,0,0,1
19608,Berks,2022-12,-1,1,0
19609,Berks,2022-01,10,-10,0
19609,Berks,2022-02,9,-9,0
19609,Berks,2022-03,8,-8,0
19609,Berks,2022-04,7,-7,0
19609,Berks,2022-05,6,-6,0
19609,Berks,2022-06,5,-5,0
19609,Berks,2022-07,4,-4,0
19609,Berks,2022-08,3,-3,0
19609,Berks,2022-09,2,-2,0
19609,Berks,2022-10,1,-1,0
19609,Berks,2022-11,0,0,1
19609,Berks,2022-12,-1,1,0
19610,Berks,2022-01,10,-10,0
19610,Berks,2022-02,9,-9,0
19610,Berks,2022-03,8,-8,0
19610,Berks,2022-04,7,-7,0
19610,Berks,2022-05,6,-6,0
19610,Berks,2022-06,5,-5,0
19610,Berks,2022-07,4,-4,0
19610,Berks,2022-08,3,-3,0
19610,Berks,2022-09,2,-2,0
19610,Berks,2022-10,1,-1,0
19610,Berks,2022-11,0,0,1
19610,Berks,2022-12,-1,1,0
19611,Berks,2022-01,10,-10,0
19611,Berks,2022-02,9,-9,0
19611,Berks,2022-03,8,-8,0
19611,Berks,2022-04,7,-7,0
19611,Berks,2022-05,6,-6,0
19611,Berks,2022-06,5,-5,0
19611,Berks,2022-07,4,-4,0
19611,Berks,2022-08,3,-3,0
19611,Berks,2022-09,2,-2,0
19611,Berks,2022-10,1,-1,0
19611,Berks,2022-11,0,0,1
19611,Berks,2022-12,-1,1,0
