event_id_cnty,event_date,year,time_precision,disorder_type,event_type,sub_event_type,actor1,assoc_actor_1,inter1,actor2,assoc_actor_2,inter2,interaction,civilian_targeting,iso,region,country,admin1,admin2,admin3,location,latitude,longitude,geo_precision,source,source_scale,notes,fatalities,tags,timestamp,index_right,STATEFP10,ZCTA5CE10,GEOID10,CLASSFP10,MTFCC10,FUNCSTAT10,ALAND10,AWATER10,INTPTLAT10,INTPTLON10,PARTFLG10,geometry
USA37611,30 December 2021,2021,1,Demonstrations,Protests,Peaceful protest,Protesters (United States),,6,,,0,60,,840,North America,United States,Pennsylvania,Chester,,Downingtown,40.0065,-75.7033,1,6ABC,Subnational,"On 30 December 2021, people gathered in Downingtown (Pennsylvania) to call for justice in the death of Christian Hall, who was shot and killed by police exactly one year before the demonstration.",0,crowd size=no report,1641942218,741,42,19335,4219335,B5,G6350,S,110157148,2996160,+40.0226176,-075.7212180,N,POINT (-75.7033 40.0065)
USA25806,03 March 2021,2021,1,Demonstrations,Protests,Peaceful protest,Protesters (United States),Students (United States),6,,,0,60,,840,North America,United States,Pennsylvania,Chester,,Downingtown,40.0065,-75.7033,1,6ABC,Subnational,"On 3 March 2021, more than two dozen parents and students protested in Downingtown (Pennsylvania) to call for students to return to school in-person during the coronavirus pandemic due to concerns over children's mental health.",0,crowd size=more than two dozen,1680633883,741,42,19335,4219335,B5,G6350,S,110157148,2996160,+40.0226176,-075.7212180,N,POINT (-75.7033 40.0065)
USA37609,30 December 2021,2021,1,Demonstrations,Protests,Peaceful protest,Protesters (United States),,6,,,0,60,,840,North America,United States,Pennsylvania,Bucks,,Doylestown,40.3101,-75.1299,1,6ABC,Subnational,"On 30 December 2021, a group of people gathered in Doylestown (Pennsylvania) to call for justice in the death of Christian Hall, who was shot and killed by police exactly one year before the demonstration.",0,crowd size=no report,1641942218,41,42,18901,4218901,B5,G6350,S,52197146,2103439,+40.3062672,-075.1471437,N,POINT (-75.1299 40.3101)
USA34110,21 August 2021,2021,1,Demonstrations,Protests,Peaceful protest,Protesters (United States),,6,,,0,60,,840,North America,United States,Pennsylvania,Bucks,,Doylestown,40.3101,-75.1299,1,Bucks County Courier Times,Subnational,"On 21 August 2021, dozens of people gathered outside the Doylestown Hospital in Doylestown (Pennsylvania) to demonstrate against the hospital's vaccine mandate, which is intended to prevent the spread of the coronavirus pandemic. No health workers were reported among the demonstrators.",0,crowd size=dozens,1704837693,41,42,18901,4218901,B5,G6350,S,52197146,2103439,+40.3062672,-075.1471437,N,POINT (-75.1299 40.3101)
USA33356,18 July 2021,2021,1,Strategic developments,Strategic developments,Other,PAPN: Proud American Patriot Network,,3,,,0,30,,840,North America,United States,Pennsylvania,Bucks,,Doylestown,40.3101,-75.1299,2,Facebook; MilitiaWatch,Local partner-New media,"Training: On 18 July 2021, the Proud American Patriots Network held a training event in an undisclosed area of Bucks County, coded in the county seat of Doylestown (Pennsylvania), practicing their group tactics by playing airsoft.",0,,1636491892,41,42,18901,4218901,B5,G6350,S,52197146,2103439,+40.3062672,-075.1471437,N,POINT (-75.1299 40.3101)
USA30880,02 June 2021,2021,1,Demonstrations,Protests,Peaceful protest,Protesters (United States),,6,,,0,60,,840,North America,United States,Pennsylvania,Bucks,,Doylestown,40.3101,-75.1299,1,Bucks County Courier Times,Subnational,"On 2 June 2021, a group of people, including members of Bucks Voices, marched through Doylestown (Pennsylvania) to demonstrate in favor of mail-in voting.",0,crowd size=no report,1704837693,41,42,18901,4218901,B5,G6350,S,52197146,2103439,+40.3062672,-075.1471437,N,POINT (-75.1299 40.3101)
USA30550,25 May 2021,2021,1,Demonstrations,Protests,Peaceful protest,Protesters (United States),BLM: Black Lives Matter,6,,,0,60,,840,North America,United States,Pennsylvania,Bucks,,Doylestown,40.3101,-75.1299,1,WFMZ-TV,Subnational,"On 25 May 2021, dozens of people held a vigil in Doylestown (Pennsylvania) on the anniversary of the death of George Floyd and in support of the Black Lives Matter movement.",0,crowd size=dozens,1622578606,41,42,18901,4218901,B5,G6350,S,52197146,2103439,+40.3062672,-075.1471437,N,POINT (-75.1299 40.3101)
USA26860,21 March 2021,2021,1,Demonstrations,Protests,Peaceful protest,Protesters (United States),Students (United States); Women (United States),6,,,0,60,,840,North America,United States,Pennsylvania,Bucks,,Doylestown,40.3101,-75.1299,1,CBS3 (Philadelphia),Subnational,"On 21 March 2021, students and supporters held a vigil and stood in solidarity in Doylestown (Pennsylvania) to support victims of sexual assault, and against misogyny and racism after the recent shooting in Atlanta which left eight dead, including six Asian women.",0,crowd size=no report,1707858551,41,42,18901,4218901,B5,G6350,S,52197146,2103439,+40.3062672,-075.1471437,N,POINT (-75.1299 40.3101)
USA37610,30 December 2021,2021,1,Demonstrations,Protests,Peaceful protest,Protesters (United States),,6,,,0,60,,840,North America,United States,Pennsylvania,Philadelphia,,Philadelphia,39.9525,-75.1636,1,6ABC,Subnational,"On 30 December 2021, people gathered in Philadelphia (Pennsylvania) to call for justice in the death of Christian Hall, who was shot and killed by police exactly one year before the demonstration.",0,crowd size=no report,1641942218,641,42,19107,4219107,B5,G6350,S,1422418,0,+39.9517353,-075.1586542,N,POINT (-75.1636 39.9525)
USA37581,30 December 2021,2021,1,Demonstrations,Protests,Peaceful protest,Protesters (United States),,6,,,0,60,,840,North America,United States,Pennsylvania,Philadelphia,,Philadelphia,39.9525,-75.1636,1,6ABC,Subnational,"On 30 December 2021, people gathered in Philadelphia (Pennsylvania) for an anti-violence rally to call for an end to high homicide rates in the city.",0,crowd size=no report,1641942218,641,42,19107,4219107,B5,G6350,S,1422418,0,+39.9517353,-075.1586542,N,POINT (-75.1636 39.9525)
USA37608,21 December 2021,2021,1,Demonstrations,Protests,Peaceful protest,Protesters (United States),,6,,,0,60,,840,North America,United States,Pennsylvania,Philadelphia,,Philadelphia,39.9525,-75.1636,1,Philadelphia Tribune,Subnational,"On 21 December 2021, people organized by the group No215 Jail Coalition gathered in Philadelphia (Pennsylvania) to protest against solitary confinement in prisons.",0,crowd size=no report,1680633607,641,42,19107,4219107,B5,G6350,S,1422418,0,+39.9517353,-075.1586542,N,POINT (-75.1636 39.9525)
USA37549,14 December 2021,2021,1,Demonstrations,Protests,Peaceful protest,Protesters (United States),Students (United States); Teachers (United States),6,,,0,60,,840,North America,United States,Pennsylvania,Philadelphia,,Philadelphia,39.9525,-75.1636,1,Philadelphia Inquirer,Subnational,"On 14 December 2021, about 50 students and teachers gathered on the campus of the University of Pennsylvania in Philadelphia (Pennsylvania) to protest against the planned sale of subsidized rental housing units nearby.",0,crowd size=about 50,1641942219,641,42,19107,4219107,B5,G6350,S,1422418,0,+39.9517353,-075.1586542,N,POINT (-75.1636 39.9525)
USA52827,14 December 2021,2021,1,Demonstrations,Protests,Peaceful protest,Protesters (United States),Tuesdays with Toomey; Asian American Group (United States); Pacific Islander Group (United States),6,,,0,60,,840,North America,United States,Pennsylvania,Philadelphia,,Philadelphia,39.9525,-75.1636,1,Facebook; Patriot-News,New media-Subnational,"On 14 December 2021, an unreported number of people demonstrated outside of Sen. Pat Toomey's office in Philadelphia (Pennsylvania) in opposition to the Senator. Members of Asian Pacific Islander Political Alliance Pennsylvania participated in the protest which was organized by Tuesdays with Toomey.",0,crowd size=no report,1677620133,641,42,19107,4219107,B5,G6350,S,1422418,0,+39.9517353,-075.1586542,N,POINT (-75.1636 39.9525)
USA37568,11 December 2021,2021,1,Demonstrations,Protests,Peaceful protest,Protesters (United States),WWP: Workers World Party; African American Group (United States); Christian Group (United States),6,,,0,60,,840,North America,United States,Pennsylvania,Philadelphia,,Philadelphia,39.9525,-75.1636,1,WWP,Other,"On 11 December 2021, about 200 people including representatives from the Workers World Party, Black Alliance for Peace, and Generation Impact Ministries gathered in downtown Philadelphia (Pennsylvania) to call for the release of Mumia Abu-Jamal, a journalist they claim was wrongfully incarcerated following a murder conviction in 1981.",0,crowd size=about 200,1680633607,641,42,19107,4219107,B5,G6350,S,1422418,0,+39.9517353,-075.1586542,N,POINT (-75.1636 39.9525)
USA52839,07 December 2021,2021,1,Demonstrations,Protests,Peaceful protest,Protesters (United States),Tuesdays with Toomey; Women (United States),6,,,0,60,,840,North America,United States,Pennsylvania,Philadelphia,,Philadelphia,39.9525,-75.1636,1,Facebook; Patriot-News,New media-Subnational,"On 7 December 2021, an unreported number of people demonstrated outside of Sen. Pat Toomey's office in Philadelphia (Pennsylvania) in opposition to the Senator and to call for federal protections for reproductive rights. The protest was organized by Tuesdays with Toomey.",0,crowd size=no report,1680633894,641,42,19107,4219107,B5,G6350,S,1422418,0,+39.9517353,-075.1586542,N,POINT (-75.1636 39.9525)
USA37457,06 December 2021,2021,1,Demonstrations,Protests,Peaceful protest,Protesters (United States),Students (United States),6,,,0,60,,840,North America,United States,Pennsylvania,Philadelphia,,Philadelphia,39.9525,-75.1636,1,WCAU,Subnational,"On 6 December 2021, students and parents gathered at Temple University in Philadelphia (Pennsylvania) to protest the recent killing of a university student and to call for the university to release its plans for improving campus safety.",0,crowd size=no report,1639517088,641,42,19107,4219107,B5,G6350,S,1422418,0,+39.9517353,-075.1586542,N,POINT (-75.1636 39.9525)
USA37455,04 December 2021,2021,1,Demonstrations,Protests,Peaceful protest,Protesters (United States),Students (United States),6,,,0,60,,840,North America,United States,Pennsylvania,Philadelphia,,Philadelphia,39.9525,-75.1636,1,WCAU,Subnational,"On 4 December 2021, a group of students gathered at Temple University in Philadelphia (Pennsylvania) to protest the recent killing of a university student and to call for the city to take action against rising levels of gun violence that disproportionately impact communities of color.",0,crowd size=no report,1639517088,641,42,19107,4219107,B5,G6350,S,1422418,0,+39.9517353,-075.1586542,N,POINT (-75.1636 39.9525)
USA37221,30 November 2021,2021,1,Demonstrations,Protests,Peaceful protest,Protesters (United States),Stop Asian Hate; Asian American Group (United States); Students (United States); Chinese Group (United States),6,,,0,60,,840,North America,United States,Pennsylvania,Philadelphia,,Philadelphia,39.9525,-75.1636,1,Philadelphia Inquirer,Subnational,"On 30 November 2021, hundreds of people including local Asian-American groups, students, and activists marched in Philadelphia (Pennsylvania) to protest an attack against an Asian-American high school student who intervened on behalf of a group of boys being harassed on public transport. Participating groups included the Philadelphia Chinatown Development Corporation, the executive director of the Pennsylvania Commission on Asian Pacific Affairs, and United Chinese Americans.",0,crowd size=hundreds,1638920207,641,42,19107,4219107,B5,G6350,S,1422418,0,+39.9517353,-075.1586542,N,POINT (-75.1636 39.9525)
USA52804,30 November 2021,2021,1,Demonstrations,Protests,Peaceful protest,Protesters (United States),Tuesdays with Toomey,6,,,0,60,,840,North America,United States,Pennsylvania,Philadelphia,,Philadelphia,39.9525,-75.1636,1,Facebook; Patriot-News,New media-Subnational,"On 30 November 2021, an unreported number of people demonstrated outside of Sen. Pat Toomey's office in Philadelphia (Pennsylvania) in opposition to the Senator. The protest was organized by Tuesdays with Toomey.",0,crowd size=no report,1677620133,641,42,19107,4219107,B5,G6350,S,1422418,0,+39.9517353,-075.1586542,N,POINT (-75.1636 39.9525)
USA37241,29 November 2021,2021,1,Demonstrations,Protests,Peaceful protest,Protesters (United States),,6,,,0,60,,840,North America,United States,Pennsylvania,Philadelphia,,Philadelphia,39.9525,-75.1636,1,The Debt Collective,Other,"On 29 November 2021, people, including members of the Debt Collective, gathered outside Senator Bob Casey's office in Philadelphia (Pennsylvania) to call on the government to abolish student debt.",0,crowd size=no report,1638920207,641,42,19107,4219107,B5,G6350,S,1422418,0,+39.9517353,-075.1586542,N,POINT (-75.1636 39.9525)
USA37041,23 November 2021,2021,1,Demonstrations,Protests,Peaceful protest,Protesters (United States),Labor Group (United States),6,,,0,60,,840,North America,United States,Pennsylvania,Philadelphia,,Philadelphia,39.9525,-75.1636,1,Philadelphia Inquirer,Subnational,"On 23 November 2021, about 25 drivers with Gopuff gathered outside the company's headquarters in Philadelphia (Pennsylvania) to protest for better pay and working conditions.",0,crowd size=about 25,1638312228,641,42,19107,4219107,B5,G6350,S,1422418,0,+39.9517353,-075.1586542,N,POINT (-75.1636 39.9525)
USA52803,23 November 2021,2021,1,Demonstrations,Protests,Peaceful protest,Protesters (United States),Tuesdays with Toomey,6,,,0,60,,840,North America,United States,Pennsylvania,Philadelphia,,Philadelphia,39.9525,-75.1636,1,Facebook; Patriot-News,New media-Subnational,"On 23 November 2021, an unreported number of people demonstrated outside of Sen. Pat Toomey's office in Philadelphia (Pennsylvania) in opposition to the Senator. Members of the New Pennsylvania Project participated in the protest which was organized by Tuesdays with Toomey.",0,crowd size=no report,1677620133,641,42,19107,4219107,B5,G6350,S,1422418,0,+39.9517353,-075.1586542,N,POINT (-75.1636 39.9525)
USA37043,21 November 2021,2021,1,Demonstrations,Protests,Peaceful protest,Protesters (United States),Labor Group (United States); Unite Here,6,,,0,60,,840,North America,United States,Pennsylvania,Philadelphia,,Philadelphia,39.9525,-75.1636,1,CBS3 (Philadelphia),Subnational,"On 21 November 2021, hospitality workers organized by Unite Here gathered outside the Wyndham Historic District Hotel in Philadelphia (Pennsylvania) to call for better pay and working conditions.",0,crowd size=no report,1707858551,641,42,19107,4219107,B5,G6350,S,1422418,0,+39.9517353,-075.1586542,N,POINT (-75.1636 39.9525)
USA52802,16 November 2021,2021,1,Demonstrations,Protests,Peaceful protest,Protesters (United States),Tuesdays with Toomey,6,,,0,60,,840,North America,United States,Pennsylvania,Philadelphia,,Philadelphia,39.9525,-75.1636,1,Facebook; Patriot-News,New media-Subnational,"On 16 November 2021, an unreported number of people demonstrated outside of Sen. Pat Toomey's office in Philadelphia (Pennsylvania) in opposition to the Senator. The protest was organized by Tuesdays with Toomey.",0,crowd size=no report,1677620133,641,42,19107,4219107,B5,G6350,S,1422418,0,+39.9517353,-075.1586542,N,POINT (-75.1636 39.9525)
USA36938,15 November 2021,2021,1,Demonstrations,Protests,Peaceful protest,Protesters (United States),Unite Here; AFL-CIO: American Federation of Labor and Congress of Industrial Organizations; DSA: Democratic Socialists of America; Government of the United States (2021-); DEM: Democratic Party; Labor Group (United States),6,,,0,60,,840,North America,United States,Pennsylvania,Philadelphia,,Philadelphia,39.9525,-75.1636,1,PhillyVoice,Subnational,"On 15 November 2021, more than 12 people organized by Unite Here and including representatives from the DSA, AFL-CIO, and Democratic state senator Nikal Savel, gathered in Philadelphia (Pennsylvania) to support striking hotel workers in their efforts to negotiate an agreement with their employer for better working conditions.",0,crowd size=more than 12,1637709103,641,42,19107,4219107,B5,G6350,S,1422418,0,+39.9517353,-075.1586542,N,POINT (-75.1636 39.9525)
USA52835,09 November 2021,2021,1,Demonstrations,Protests,Peaceful protest,Protesters (United States),Tuesdays with Toomey; Lawyers (United States); Migrants (Haiti); Protesters (Haiti),6,,,0,60,,840,North America,United States,Pennsylvania,Philadelphia,,Philadelphia,39.9525,-75.1636,1,Facebook; Patriot-News,New media-Subnational,"On 9 November 2021, an unreported number of people demonstrated outside of Sen. Pat Toomey's office in Philadelphia (Pennsylvania) in opposition to the Senator as well as to call for the passage of the Afghan Adjustment Act and to extend TPS to Haitians. Haitian immigrants as well as members of the Nationalities Service Center and an immigration lawyer participated in the protest which was organized by Tuesdays with Toomey.",0,crowd size=no report,1680633894,641,42,19107,4219107,B5,G6350,S,1422418,0,+39.9517353,-075.1586542,N,POINT (-75.1636 39.9525)
USA50984,04 November 2021,2021,1,Demonstrations,Protests,Peaceful protest,Protesters (United States),Make the Road Action; Latin American Group (United States); Interfaith Group (United States); Government of the United States (2021-); DEM: Democratic Party; Korean Group (United States); Asian American Group (United States); Migrants (International); Protesters (International),6,,,0,60,,840,North America,United States,Pennsylvania,Philadelphia,,Philadelphia,39.9525,-75.1636,1,NPR WHYY; Twitter,New media-Subnational,"On 4 November 2021, an unreported number of people demonstrated in Philadelphia (Pennsylvania) to call on Congress to include a pathway to citizenship for undocumented immigrants in the infrastructure reconciliation bill. Migrants, State Rep. Danilo Burgos (D), and State Rep. Chris Rabb (D) as well as members of Make the Road PA, New Sanctuary Movement of Philadelphia (an interfaith organization), State Innovation Exchange, Woori (a Korean organization), MILPA, and Pennsylvania Immigration and Citizenship Coalition participated in the demonstration which took place as part of a nationwide series of protests.",0,crowd size=no report,1680633888,641,42,19107,4219107,B5,G6350,S,1422418,0,+39.9517353,-075.1586542,N,POINT (-75.1636 39.9525)
USA52800,26 October 2021,2021,1,Demonstrations,Protests,Peaceful protest,Protesters (United States),Tuesdays with Toomey,6,,,0,60,,840,North America,United States,Pennsylvania,Philadelphia,,Philadelphia,39.9525,-75.1636,1,Facebook; Patriot-News,New media-Subnational,"On 26 October 2021, an unreported number of people demonstrated outside of Sen. Pat Toomey's office in Philadelphia (Pennsylvania) to demonstrate their opposition to the senator. The protest was organized by Tuesdays with Toomey.",0,crowd size=no report,1677620133,641,42,19107,4219107,B5,G6350,S,1422418,0,+39.9517353,-075.1586542,N,POINT (-75.1636 39.9525)
USA56865,19 October 2021,2021,1,Demonstrations,Protests,Peaceful protest,Protesters (United States),Tuesdays with Toomey; Government of the United States (2021-); DEM: Democratic Party,6,,,0,60,,840,North America,United States,Pennsylvania,Philadelphia,,Philadelphia,39.9525,-75.1636,1,Facebook; Patriot-News,New media-Subnational,"On 19 October 2021, an unreported number of people demonstrated outside of Sen. Pat Toomey's office in Philadelphia (Pennsylvania) in opposition to the Senator. Rep. Brendan Boyle (D) participated in the protest which was organized by Tuesdays with Toomey.",0,crowd size=no report,1686676531,641,42,19107,4219107,B5,G6350,S,1422418,0,+39.9517353,-075.1586542,N,POINT (-75.1636 39.9525)
USA36019,17 October 2021,2021,1,Demonstrations,Protests,Peaceful protest,Protesters (United States),Haitian Group (United States); Former Government of the United States (2021-); DEM: Democratic Party,6,,,0,60,,840,North America,United States,Pennsylvania,Philadelphia,,Philadelphia,39.9525,-75.1636,1,Fox29,Subnational,"On 17 October 2021, a group of people, including Haitian-American people and former Philadelphia City Councilmember Jannie Blackwell (D), who is also the Vice Chair of the Philadelphia Democratic Party, gathered in Philadelphia (Pennsylvania) for a 'Stand With Philly's Haitian Community' rally to demonstrate support for asylum seekers from Haiti and Haitians living in Pennsylvania.",0,crowd size=no report,1680633598,641,42,19107,4219107,B5,G6350,S,1422418,0,+39.9517353,-075.1586542,N,POINT (-75.1636 39.9525)
USA36083,14 October 2021,2021,1,Demonstrations,Protests,Peaceful protest,Protesters (United States),,6,,,0,60,,840,North America,United States,Pennsylvania,Philadelphia,,Philadelphia,39.9525,-75.1636,1,6ABC,Subnational,"On 14 October 2021, a group of people marched through North Philadelphia (Pennsylvania) to demonstrate against gun violence in the city.",0,crowd size=no report,1635282743,641,42,19107,4219107,B5,G6350,S,1422418,0,+39.9517353,-075.1586542,N,POINT (-75.1636 39.9525)
USA35824,13 October 2021,2021,1,Demonstrations,Protests,Peaceful protest,Protesters (United States),,6,,,0,60,,840,North America,United States,Pennsylvania,Philadelphia,,Philadelphia,39.9525,-75.1636,1,Fox29,Subnational,"On 13 October 2021, dozens of people gathered in southwest Philadelphia (Pennsylvania) to demonstrate against shooting violence in the city.",0,crowd size=no report,1634671560,641,42,19107,4219107,B5,G6350,S,1422418,0,+39.9517353,-075.1586542,N,POINT (-75.1636 39.9525)
USA56864,12 October 2021,2021,1,Demonstrations,Protests,Peaceful protest,Protesters (United States),Tuesdays with Toomey; Government of the United States (2021-); DEM: Democratic Party,6,,,0,60,,840,North America,United States,Pennsylvania,Philadelphia,,Philadelphia,39.9525,-75.1636,1,Facebook; Patriot-News,New media-Subnational,"On 12 October 2021, an unreported number of people demonstrated outside of Sen. Pat Toomey's office in Philadelphia (Pennsylvania) in opposition to the Senator and to call for action to combat climate change. State Rep. Donna Bullock (D) and Representatives of PennFuture and The 99% PA participated in the protest which was organized by Tuesdays with Toomey.",0,crowd size=no report,1686676531,641,42,19107,4219107,B5,G6350,S,1422418,0,+39.9517353,-075.1586542,N,POINT (-75.1636 39.9525)
USA35775,10 October 2021,2021,1,Demonstrations,Protests,Peaceful protest,Protesters (United States),Bloodstained Men,6,,,0,60,,840,North America,United States,Pennsylvania,Philadelphia,,Philadelphia,39.9525,-75.1636,1,Bloodstained Men,Other,"On 10 October 2021, a group of people, including members of the Bloodstained Men, gathered in Philadelphia (Pennsylvania) to demonstrate against male circumcision.",0,crowd size=no report,1634671560,641,42,19107,4219107,B5,G6350,S,1422418,0,+39.9517353,-075.1586542,N,POINT (-75.1636 39.9525)
USA35395,06 October 2021,2021,1,Demonstrations,Protests,Peaceful protest,Protesters (United States),Labor Group (United States),6,,,0,60,,840,North America,United States,Pennsylvania,Philadelphia,,Philadelphia,39.9525,-75.1636,1,Philadelphia Inquirer,Subnational,"On 6 October 2021, a group of people, including theatre performers and members of Protect the Artist Philly, gathered in front of Walnut Street Theatre in Philadelphia (Pennsylvania) to demonstrate against a 'toxic culture' at the theatre, including discriminatory practices against Black directors and designers.",0,crowd size=no report,1634073006,641,42,19107,4219107,B5,G6350,S,1422418,0,+39.9517353,-075.1586542,N,POINT (-75.1636 39.9525)
USA56857,05 October 2021,2021,1,Demonstrations,Protests,Peaceful protest,Protesters (United States),Tuesdays with Toomey,6,,,0,60,,840,North America,United States,Pennsylvania,Philadelphia,,Philadelphia,39.9525,-75.1636,1,Facebook; Patriot-News,New media-Subnational,"On 5 October 2021, an unreported number of people demonstrated outside of Sen. Pat Toomey's office in Philadelphia (Pennsylvania) in opposition to the Senator and to call for increased funding to the Housing Trust Fund, which helps increase access to affordable housing. Representatives of ADAPT Philadelphia participated in the protest which was organized by Tuesdays with Toomey.",0,crowd size=no report,1686676531,641,42,19107,4219107,B5,G6350,S,1422418,0,+39.9517353,-075.1586542,N,POINT (-75.1636 39.9525)
USA35412,02 October 2021,2021,1,Demonstrations,Protests,Peaceful protest,Protesters (United States),Women (United States),6,,,0,60,,840,North America,United States,Pennsylvania,Philadelphia,,Philadelphia,39.9525,-75.1636,1,Philadelphia Inquirer; Pennsylvania Capital-Star; Billy Penn; Metro Philadelphia; Twitter,New media-Subnational,"On 2 October 2021, about a thousand people gathered at Philadelphia City Hall in Philadelphia (Pennsylvania) for a 'Bans Off Our Bodies' march to demonstrate in favor of legal abortion and against Texas's anti-abortion 'heartbeat bill.' This demonstration was part of the annual Women's March.",0,crowd size=about a thousand,1680633686,641,42,19107,4219107,B5,G6350,S,1422418,0,+39.9517353,-075.1586542,N,POINT (-75.1636 39.9525)
USA35157,30 September 2021,2021,1,Demonstrations,Protests,Peaceful protest,Protesters (United States),SEIU: Service Employees International Union; Labor Group (United States); Government of the United States (2021-); DEM: Democratic Party,6,,,0,60,,840,North America,United States,Pennsylvania,Philadelphia,,Philadelphia,39.9525,-75.1636,1,Twitter; 32BJ SEIU,Other-New media,"On 30 September 2021, a group of people, including members of Service Employees International Union, along with Philadelphia Council Member Jamie Gauthier (D) gathered in Philadelphia (Pennsylvania) to demand an end to 'religious discrimination' against federal security officers, and for their health insurance to be reinstated in light of the coronavirus pandemic.",0,crowd size=no report,1638920206,641,42,19107,4219107,B5,G6350,S,1422418,0,+39.9517353,-075.1586542,N,POINT (-75.1636 39.9525)
USA56856,28 September 2021,2021,1,Demonstrations,Protests,Peaceful protest,Protesters (United States),Tuesdays with Toomey,6,,,0,60,,840,North America,United States,Pennsylvania,Philadelphia,,Philadelphia,39.9525,-75.1636,1,Facebook; Patriot-News,New media-Subnational,"On 28 September 2021, an unreported number of people demonstrated outside of Sen. Pat Toomey's office in Philadelphia (Pennsylvania) in opposition to the Senator. The protest was organized by Tuesdays with Toomey.",0,crowd size=no report,1686676531,641,42,19107,4219107,B5,G6350,S,1422418,0,+39.9517353,-075.1586542,N,POINT (-75.1636 39.9525)
USA50499,25 September 2021,2021,1,Demonstrations,Protests,Peaceful protest,Protesters (United States),CASA; Latin American Group (United States); Haitian Group (United States); Government of the United States (2021-); DEM: Democratic Party; Women (United States),6,,,0,60,,840,North America,United States,Pennsylvania,Philadelphia,,Philadelphia,39.9525,-75.1636,1,Philadelphia Inquirer; Twitter,New media-Subnational,"On 25 September 2021, about 100 people demonstrated on Independence Mall in Philadelphia (Pennsylvania) in opposition to the Berks County Commissioners' vote to allow ICE to use the Berks County Detention Center to detain women asylum seekers and to call on President Biden to end the ICE contract with the county. Rep. Madeleine Dean (D), State Rep. Chris Rabb (D), and members of CASA, the Free Migration Project, Haitian-American Voice, and the Shut Down Berks Coalition participated in the rally.",0,crowd size=about 100,1710871584,641,42,19107,4219107,B5,G6350,S,1422418,0,+39.9517353,-075.1586542,N,POINT (-75.1636 39.9525)
USA56855,21 September 2021,2021,1,Demonstrations,Protests,Peaceful protest,Protesters (United States),Tuesdays with Toomey,6,,,0,60,,840,North America,United States,Pennsylvania,Philadelphia,,Philadelphia,39.9525,-75.1636,1,Facebook; Patriot-News,New media-Subnational,"On 21 September 2021, an unreported number of people demonstrated outside of Sen. Pat Toomey's office in Philadelphia (Pennsylvania) in opposition to the Senator and to call for 'fair' redistricting. Representatives of Fair Districts PA participated in the protest which was organized by Tuesdays with Toomey.",0,crowd size=no report,1686676531,641,42,19107,4219107,B5,G6350,S,1422418,0,+39.9517353,-075.1586542,N,POINT (-75.1636 39.9525)
USA34825,18 September 2021,2021,1,Demonstrations,Protests,Peaceful protest,Protesters (United States),African American Group (United States); Women (United States); PP: Planned Parenthood,6,,,0,60,,840,North America,United States,Pennsylvania,Philadelphia,,Philadelphia,39.9525,-75.1636,1,Philadelphia Tribune,Subnational,"On 18 September 2021, at least 100 people gathered in Philadelphia (Pennsylvania) for the annual Philadelphia Black Women's March, demonstrating against systemic, social, and political issues faced by Black women and girls. Participating organizations included The Sex Workers Project of the Urban Justice Center, New Voices for Reproductive Justice, WOAR (Women Organized Against Rape) Philadelphia Center Against Sexual Violence, The Black Brain Campaign, House of Sol, Planned Parenthood, Voter's Registration, LaJitt Creations and Philly Truce.",0,crowd size=at least 100,1632861454,641,42,19107,4219107,B5,G6350,S,1422418,0,+39.9517353,-075.1586542,N,POINT (-75.1636 39.9525)
USA56871,14 September 2021,2021,1,Demonstrations,Protests,Peaceful protest,Protesters (United States),Tuesdays with Toomey; Indivisible Movement,6,,,0,60,,840,North America,United States,Pennsylvania,Philadelphia,,Philadelphia,39.9525,-75.1636,1,Facebook; Patriot-News,New media-Subnational,"On 14 September 2021, an unreported number of people demonstrated outside of Sen. Pat Toomey's office in Philadelphia (Pennsylvania) in opposition to the Senator and to call for the passage of a budget reconciliation bill and the For the People Act, a federal bill which includes a number of provisions to expand and protect voting rights. Representatives of Indivisible Philadelphia participated in the protest which was organized by Tuesdays with Toomey.",0,crowd size=no report,1686676531,641,42,19107,4219107,B5,G6350,S,1422418,0,+39.9517353,-075.1586542,N,POINT (-75.1636 39.9525)
USA34613,09 September 2021,2021,1,Demonstrations,Protests,Peaceful protest,Protesters (United States),,6,,,0,60,,840,North America,United States,Pennsylvania,Philadelphia,,Philadelphia,39.9525,-75.1636,1,Twitter; Unicorn Riot,New media-Subnational,"On 9 September 2021, several dozen people marched to the Philadelphia Juvenile Justice Services Center in Philadelphia (Pennsylvania) where they held a noise demonstration for the abolition of prisons and to commemorate the 50th anniversary of the 1971 Attica prison uprising.",0,crowd size=several dozen,1680633604,641,42,19107,4219107,B5,G6350,S,1422418,0,+39.9517353,-075.1586542,N,POINT (-75.1636 39.9525)
USA56880,07 September 2021,2021,1,Demonstrations,Protests,Peaceful protest,Protesters (United States),Tuesdays with Toomey; Women (United States),6,,,0,60,,840,North America,United States,Pennsylvania,Philadelphia,,Philadelphia,39.9525,-75.1636,1,Facebook; Patriot-News,New media-Subnational,"On 7 September 2021, an unreported number of people demonstrated outside of Sen. Pat Toomey's office in Philadelphia (Pennsylvania) in opposition to the Senator. One demonstrator held a sign in support of abortion rights. The protest was organized by Tuesdays with Toomey.",0,crowd size=no report,1686676531,641,42,19107,4219107,B5,G6350,S,1422418,0,+39.9517353,-075.1586542,N,POINT (-75.1636 39.9525)
USA33096,30 August 2021,2021,1,Demonstrations,Protests,Peaceful protest,Protesters (United States),Teachers (United States),6,,,0,60,,840,North America,United States,Pennsylvania,Philadelphia,,Philadelphia,39.9525,-75.1636,1,6ABC; CBS3 (Philadelphia),Subnational,"On 30 August 2021, a group of people, including teachers, gathered outside the Masterman School in Philadelphia (Pennsylvania) to demonstrate against reports of asbestos in the building. Some demonstrators were parents who expressed worries for the safety of their students.",0,crowd size=no report,1707858551,641,42,19107,4219107,B5,G6350,S,1422418,0,+39.9517353,-075.1586542,N,POINT (-75.1636 39.9525)
USA33051,28 August 2021,2021,1,Demonstrations,Protests,Peaceful protest,Protesters (United States),Afghan Group (United States); Government of the United States (2021-); DEM: Democratic Party,6,,,0,60,,840,North America,United States,Pennsylvania,Philadelphia,,Philadelphia,39.9525,-75.1636,1,Twitter; Philadelphia Inquirer; Billy Penn; WCAU,New media-Subnational,"On 28 August 2021, more than 100 people, organized by AOPxSola and including Afghan people and Philadelphia City Councilmember Helen Gym (D), marched down Benjamin Franklin Parkway in Philadelphia (Pennsylvania) to demonstrate solidarity for refugees from Afghanistan and to demand that the US extend its withdrawal deadline and lift quota and visa restrictions in order to evacuate as many people as possible.",0,crowd size=more than 100,1680633604,641,42,19107,4219107,B5,G6350,S,1422418,0,+39.9517353,-075.1586542,N,POINT (-75.1636 39.9525)
USA34270,26 August 2021,2021,1,Demonstrations,Protests,Peaceful protest,Protesters (United States),Teachers (United States),6,,,0,60,,840,North America,United States,Pennsylvania,Philadelphia,,Philadelphia,39.9525,-75.1636,1,CBS3 (Philadelphia); Fox29; WCAU,Subnational,"On 26 August 2021, a group of people, including teachers, gathered outside Masterman School in Philadelphia (Pennsylvania) to demonstrate against possible problems with asbestos at the school.",0,crowd size=no report,1707858551,641,42,19107,4219107,B5,G6350,S,1422418,0,+39.9517353,-075.1586542,N,POINT (-75.1636 39.9525)
USA56868,24 August 2021,2021,1,Demonstrations,Protests,Peaceful protest,Protesters (United States),Tuesdays with Toomey; Health Workers (United States),6,,,0,60,,840,North America,United States,Pennsylvania,Philadelphia,,Philadelphia,39.9525,-75.1636,1,Facebook; Patriot-News,New media-Subnational,"On 24 August 2021, an unreported number of people demonstrated outside of Sen. Pat Toomey's office in Philadelphia (Pennsylvania) in opposition to the Senator and to call for people to get vaccinated against the coronavirus. A doctor spoke at the protest which was organized by Tuesdays with Toomey.",0,crowd size=no report,1686676531,641,42,19107,4219107,B5,G6350,S,1422418,0,+39.9517353,-075.1586542,N,POINT (-75.1636 39.9525)
USA34109,21 August 2021,2021,1,Demonstrations,Protests,Peaceful protest,Protesters (United States),Government of the United States (2021-); Protestant Christian Group (United States); DEM: Democratic Party,6,,,0,60,,840,North America,United States,Pennsylvania,Philadelphia,,Philadelphia,39.9525,-75.1636,1,Philadelphia Inquirer,Subnational,"On 21 August 2021, about 50 people, including 32nd Democratic Ward chairman Darnell Deans Sr., Pennsylvania State Representative Donna Bullock (D), Pennsylvania State Senator Sharif Street (D), a Protestant faith leader, and members of Community Healing 4 All gathered in Philadelphia (Pennsylvania) for an anti-violence rally, demonstrating against regular shootings in the area.",0,crowd size=about 50,1632861454,641,42,19107,4219107,B5,G6350,S,1422418,0,+39.9517353,-075.1586542,N,POINT (-75.1636 39.9525)
USA56863,17 August 2021,2021,1,Demonstrations,Protests,Peaceful protest,Protesters (United States),Tuesdays with Toomey; Government of the United States (2021-); DEM: Democratic Party,6,,,0,60,,840,North America,United States,Pennsylvania,Philadelphia,,Philadelphia,39.9525,-75.1636,1,Facebook; Patriot-News,New media-Subnational,"On 17 August 2021, an unreported number of people demonstrated outside of Sen. Pat Toomey's office in Philadelphia (Pennsylvania) in opposition to the Senator and to call for the termination of United States Postmaster General Louis DeJoy. Rep. Dwight Evans (D) participated in the protest which was organized by Tuesdays with Toomey.",0,crowd size=no report,1686676531,641,42,19107,4219107,B5,G6350,S,1422418,0,+39.9517353,-075.1586542,N,POINT (-75.1636 39.9525)
USA34035,13 August 2021,2021,1,Demonstrations,Protests,Peaceful protest,Protesters (United States),Teachers (United States); Students (United States),6,,,0,60,,840,North America,United States,Pennsylvania,Philadelphia,,Philadelphia,39.9525,-75.1636,1,Chronicle of Higher Education; New York Times; ABC23; Twitter,New media-Subnational,"On 13 August 2021, about 150 people, including students and faculty, gathered on University of Pennsylvania's campus in Philadelphia (Pennsylvania) to demonstrate in favor of a vaccine mandate ahead of the fall semester. Demonstrators taped an open letter in support of a vaccine mandate, which was signed by approximately 2500 people, to the door of the campus' administrative building.",0,crowd size=about 150,1638920205,641,42,19107,4219107,B5,G6350,S,1422418,0,+39.9517353,-075.1586542,N,POINT (-75.1636 39.9525)
USA33593,10 August 2021,2021,1,Demonstrations,Protests,Peaceful protest,Protesters (United States),ACT UP: AIDS Coalition to Unleash Power; LGBTQ+ (United States),6,,,0,60,,840,North America,United States,Pennsylvania,Philadelphia,,Philadelphia,39.9525,-75.1636,1,Twitter; Unicorn Riot,New media-Subnational,"On 10 August 2021, a group of people, including members of ACT UP Philadelphia, gathered outside the home of Philadelphia Mayor Jim Kenney in Philadelphia (Pennsylvania) to demonstrate against a planned 'sweep' of homeless people.",0,crowd size=no report,1638920205,641,42,19107,4219107,B5,G6350,S,1422418,0,+39.9517353,-075.1586542,N,POINT (-75.1636 39.9525)
USA56867,10 August 2021,2021,1,Demonstrations,Protests,Peaceful protest,Protesters (United States),Tuesdays with Toomey; Government of the United States (2021-); DEM: Democratic Party; Unite Here; Labor Group (United States),6,,,0,60,,840,North America,United States,Pennsylvania,Philadelphia,,Philadelphia,39.9525,-75.1636,1,Facebook; Patriot-News,New media-Subnational,"On 10 August 2021, an unreported number of people demonstrated outside of Sen. Pat Toomey's office in Philadelphia (Pennsylvania) as part of the 'Democracy Can't Wait' rally to call for the passage of the For the People Act, a federal bill which includes a number of provisions to expand and protect voting rights. State Rep. Joseph Hohenstein (D) and members of Tuesdays with Toomey and Unite Here participated in the demonstration.",0,crowd size=no report,1686676531,641,42,19107,4219107,B5,G6350,S,1422418,0,+39.9517353,-075.1586542,N,POINT (-75.1636 39.9525)
USA33577,09 August 2021,2021,1,Demonstrations,Protests,Peaceful protest,Protesters (United States),Government of the United States (2021-); Lawyers (United States); DEM: Democratic Party,6,,,0,60,,840,North America,United States,Pennsylvania,Philadelphia,,Philadelphia,39.9525,-75.1636,1,WCAU; Philadelphia Inquirer,Subnational,"On 9 August 2021, dozens of people, including members of the Poor People's Army along with Philadelphia City Council member Jamie R. Gauthier (D) and District Attorney Larry Krasner (D) gathered in Philadelphia (Pennsylvania) for a 'Call for Action to End Gun Violence' to demonstrate against violence and the killing of young people.",0,crowd size=dozens,1632861453,641,42,19107,4219107,B5,G6350,S,1422418,0,+39.9517353,-075.1586542,N,POINT (-75.1636 39.9525)
USA33564,07 August 2021,2021,1,Demonstrations,Protests,Peaceful protest,Protesters (United States),WWP: Workers World Party; African American Group (United States),6,,,0,60,,840,North America,United States,Pennsylvania,Philadelphia,,Philadelphia,39.9525,-75.1636,1,Twitter; Unicorn Riot,New media-Subnational,"On 7 August 2021, a group of people, including members of Workers World Party, Human Rights Coalition, and Black Alliance for Peace gathered in Philadelphia (Pennsylvania) to demonstrate against 'prison profiteer companies' including Aramark Offices and Global Tel Link. Demonstrators also called for better conditions for prisoners.",0,crowd size=no report,1680633604,641,42,19107,4219107,B5,G6350,S,1422418,0,+39.9517353,-075.1586542,N,POINT (-75.1636 39.9525)
USA33407,06 August 2021,2021,1,Demonstrations,Protests,Peaceful protest,Protesters (United States),Health Workers (United States); SEIU: Service Employees International Union; IWW: Industrial Workers of the World; Labor Group (United States); Government of the United States (2021-); AFT: American Federation of Teachers; Teachers (United States); DEM: Democratic Party,6,,,0,60,,840,North America,United States,Pennsylvania,Philadelphia,,Philadelphia,39.9525,-75.1636,1,SEIU Healthcare Pennsylvania; Twitter,Other-New media,"On 6 August 2021, a group of health care workers unionized under SEIU Healthcare PA, along with Philadelphia City Councilwoman Helen Gym (D), Pennsylvania State Senator Sharif Street (D), Pennsylvania State Representative Malcolm Kenyatta (D), and members of The Philadelphia Federation of Teachers, Philly IWW, and The Philadelphia Area Project on Occupational Safety, gathered outside a ProMedica nursing home in Philadelphia (Pennsylvania) to demonstrate for better health care as part of a strike.",0,crowd size=no report,1638920205,641,42,19107,4219107,B5,G6350,S,1422418,0,+39.9517353,-075.1586542,N,POINT (-75.1636 39.9525)
USA33417,05 August 2021,2021,1,Demonstrations,Protests,Peaceful protest,Protesters (United States),DEM: Democratic Party; Government of the United States (2021-),6,,,0,60,,840,North America,United States,Pennsylvania,Philadelphia,,Philadelphia,39.9525,-75.1636,1,CBS3 (Philadelphia),Subnational,"On 5 August 2021, dozens of people including Councilman Kenyatta Johnson gathered in Philadelphia (Pennsylvania) for 'Peace Not Guns Call to Action' to demonstrate against increased violence in the city and demanding increased gun control.",0,crowd size=dozens,1707858551,641,42,19107,4219107,B5,G6350,S,1422418,0,+39.9517353,-075.1586542,N,POINT (-75.1636 39.9525)
USA56874,03 August 2021,2021,1,Demonstrations,Protests,Peaceful protest,Protesters (United States),Tuesdays with Toomey; Jewish Group (United States); Lawyers (United States),6,,,0,60,,840,North America,United States,Pennsylvania,Philadelphia,,Philadelphia,39.9525,-75.1636,1,Facebook; Patriot-News,New media-Subnational,"On 3 August 2021, an unreported number of people demonstrated outside of Sen. Pat Toomey's office in Philadelphia (Pennsylvania) in opposition to the Senator and in support of immigrant rights. At least one demonstrator held a sign calling for a pathway to citizenship for undocumented migrants. A lawyer and representatives of HIAS PA (a Jewish organization) participated in the protest which was organized by Tuesdays with Toomey.",0,crowd size=no report,1686676531,641,42,19107,4219107,B5,G6350,S,1422418,0,+39.9517353,-075.1586542,N,POINT (-75.1636 39.9525)
USA32993,28 July 2021,2021,1,Demonstrations,Protests,Peaceful protest,Protesters (United States),Labor Group (United States),6,,,0,60,,840,North America,United States,Pennsylvania,Philadelphia,,Philadelphia,39.9525,-75.1636,1,Billy Penn,Subnational,"On 28 July 2021, a group of people, including sanitation workers, gathered in front of the Municipal Services Building in Philadelphia (Pennsylvania) to demonstrate for better pay for sanitation workers and to demand the resignation of Streets Department Commissioner Carlton Williams. Demonstrators gathered trash from around the city and briefly left it in front of the building to highlight the issues they were demonstrating about.",0,crowd size=no report,1628032459,641,42,19107,4219107,B5,G6350,S,1422418,0,+39.9517353,-075.1586542,N,POINT (-75.1636 39.9525)
USA56854,27 July 2021,2021,1,Demonstrations,Protests,Peaceful protest,Protesters (United States),Tuesdays with Toomey,6,,,0,60,,840,North America,United States,Pennsylvania,Philadelphia,,Philadelphia,39.9525,-75.1636,1,Facebook; Patriot-News,New media-Subnational,"On 27 July 2021, an unreported number of people demonstrated outside of Sen. Pat Toomey's office in Philadelphia (Pennsylvania) in opposition to the Senator and to call for policies to address food insecurity in the state. Representatives of Coalition Against Hunger and Breaking Bread on Broad participated in the protest which was organized by Tuesdays with Toomey.",0,crowd size=no report,1686676531,641,42,19107,4219107,B5,G6350,S,1422418,0,+39.9517353,-075.1586542,N,POINT (-75.1636 39.9525)
USA33435,27 July 2021,2021,1,Demonstrations,Riots,Violent demonstration,Rioters (United States),,5,Police Forces of the United States (2021-),,1,15,,840,North America,United States,Pennsylvania,Philadelphia,,Philadelphia,39.9525,-75.1636,1,CBS3 (Philadelphia); Philadelphia Inquirer,Subnational,"On 27 July 2021, about 35 people, including members of Act Up Philadelphia, gathered outside the home of the mayor of Philadelphia in Philadelphia (Pennsylvania) to call for more action to reduce homelessness in the city. Two demonstrators were arrested for 'assaulting police,' and demonstrators claimed that four people were taken to hospital for injuries they received at the hands of police.",0,crowd size=about 35,1707858551,641,42,19107,4219107,B5,G6350,S,1422418,0,+39.9517353,-075.1586542,N,POINT (-75.1636 39.9525)
USA32772,23 July 2021,2021,1,Demonstrations,Protests,Peaceful protest,Protesters (United States),DREAMers Movement (United States); Immigrant Rights Action Group; Labor Group (United States); Make the Road Action; Migrants (International); Farmers (United States); Women (United States); Protesters (International); Latin American Group (United States),6,,,0,60,,840,North America,United States,Pennsylvania,Philadelphia,,Philadelphia,39.9525,-75.1636,1,Al Dia News,National,"On 23 July 2021, people including immigrants, clergy members, DACA recipients, agricultural workers, women and members of the Woori Center, Immigrants Rights Action, Make the Road PA and AFRICOM gathered outside the Amtrak station on 30th & Market Street in Philadelphia (Pennsylvania) to urge Sen. Bob Casey, Reps. Brendan Boyle, Mary Gay Scanlon, Madeleine Dean, and the rest of PA's congressional delegation to provide and protect a pathway to citizenship for 5 million in the federal budget, and to work towards a pathway to citizenship for all 11 million undocumented Americans in support of DREAMers.",0,crowd size=no report,1680633888,641,42,19107,4219107,B5,G6350,S,1422418,0,+39.9517353,-075.1586542,N,POINT (-75.1636 39.9525)
USA56862,20 July 2021,2021,1,Demonstrations,Protests,Peaceful protest,Protesters (United States),Tuesdays with Toomey; Government of the United States (2021-); DEM: Democratic Party,6,,,0,60,,840,North America,United States,Pennsylvania,Philadelphia,,Philadelphia,39.9525,-75.1636,1,Facebook; Patriot-News,New media-Subnational,"On 20 July 2021, an unreported number of people demonstrated outside of Sen. Pat Toomey's office in Philadelphia (Pennsylvania) in opposition to the Senator and to call for increased state spending on public higher education. State Sen. Art Haywood (D) and representatives of Education Voters of PA and the Pennsylvania Budget and Policy Center participated in the protest which was organized by Tuesdays with Toomey.",0,crowd size=no report,1686676531,641,42,19107,4219107,B5,G6350,S,1422418,0,+39.9517353,-075.1586542,N,POINT (-75.1636 39.9525)
USA32620,18 July 2021,2021,1,Demonstrations,Protests,Peaceful protest,Protesters (United States),Cuban Group (United States); Latin American Group (United States),6,,,0,60,,840,North America,United States,Pennsylvania,Philadelphia,,Philadelphia,39.9525,-75.1636,1,WITF,Subnational,"On 18 July 2021, more than a dozen people including Cuban Americans gathered in Philadelphia (Pennsylvania) to support the demonstrations happening in mainland Cuba and to call for freedom and the end of oppression.",0,crowd size=more than a dozen,1627421267,641,42,19107,4219107,B5,G6350,S,1422418,0,+39.9517353,-075.1586542,N,POINT (-75.1636 39.9525)
USA32566,17 July 2021,2021,1,Demonstrations,Protests,Peaceful protest,Protesters (United States),Health Workers (United States),6,,,0,60,,840,North America,United States,Pennsylvania,Philadelphia,,Philadelphia,39.9525,-75.1636,1,WITF,Subnational,"On 17 July 2021, dozens of people, including members of Put People First! PA and featuring a physician as a speaker, gathered in front of the Center City offices of health providers and insurers in Philadelphia (Pennsylvania) for a 'Health Care Reality March' to demand an end to 'health care profiteering' during the coronavirus pandemic.",0,crowd size=dozens,1627421267,641,42,19107,4219107,B5,G6350,S,1422418,0,+39.9517353,-075.1586542,N,POINT (-75.1636 39.9525)
USA56853,13 July 2021,2021,1,Demonstrations,Protests,Peaceful protest,Protesters (United States),Tuesdays with Toomey,6,,,0,60,,840,North America,United States,Pennsylvania,Philadelphia,,Philadelphia,39.9525,-75.1636,1,Facebook; Patriot-News,New media-Subnational,"On 13 July 2021, an unreported number of people demonstrated outside of Sen. Pat Toomey's office in Philadelphia (Pennsylvania) in opposition to the Senator and to call for an end to gun violence and increased gun control legislation. Representatives of Ceasefire PA and the National Homicide Justice Alliance participated in the protest which was organized by Tuesdays with Toomey.",0,crowd size=no report,1686676531,641,42,19107,4219107,B5,G6350,S,1422418,0,+39.9517353,-075.1586542,N,POINT (-75.1636 39.9525)
USA32256,10 July 2021,2021,1,Demonstrations,Protests,Peaceful protest,Protesters (United States),Women (United States),6,,,0,60,,840,North America,United States,Pennsylvania,Philadelphia,,Philadelphia,39.9525,-75.1636,1,WCAU; Philadelphia Inquirer,Subnational,"On 10 July 2021, a group of people gathered in Philadelphia (Pennsylvania) to demonstrate against Bill Cosby's recent release from prison. Demonstrators, among them women who accused Cosby of sexual abuse, called for the justice system to provide more protection for sexual abuse victims.",0,crowd size=no report,1626816447,641,42,19107,4219107,B5,G6350,S,1422418,0,+39.9517353,-075.1586542,N,POINT (-75.1636 39.9525)
USA32257,10 July 2021,2021,1,Demonstrations,Protests,Peaceful protest,Protesters (United States),,6,,,0,60,,840,North America,United States,Pennsylvania,Philadelphia,,Philadelphia,39.9525,-75.1636,1,Twitter; Left Voice,New media-National,"On 10 July 2021, a group of people gathered in Philadelphia (Pennsylvania) for pro-Palestinian and anti-Israel rally, demonstrating solidarity with Palestinian people.",0,crowd size=no report,1638920205,641,42,19107,4219107,B5,G6350,S,1422418,0,+39.9517353,-075.1586542,N,POINT (-75.1636 39.9525)
USA32227,09 July 2021,2021,1,Demonstrations,Protests,Peaceful protest,Protesters (United States),Asian American Group (United States); Cambodian Group (United States); Stop Asian Hate,6,,,0,60,,840,North America,United States,Pennsylvania,Philadelphia,,Philadelphia,39.9525,-75.1636,1,6ABC; CBS3 (Philadelphia),Subnational,"On 9 July 2021, a group of people, including members of Cambodian Association of Greater Philadelphia (CAGP), gathered in Philadelphia (Pennsylvania) to demonstrate against an anonymous hateful letter which threatened the CAGP over fireworks set off in a nearby square. Demonstrators said the letter threatened the Cambodian community and its neighbors and demonstrated to support the Stop Asian Hate movement.",0,crowd size=no report,1707858551,641,42,19107,4219107,B5,G6350,S,1422418,0,+39.9517353,-075.1586542,N,POINT (-75.1636 39.9525)
USA32124,07 July 2021,2021,1,Demonstrations,Protests,Peaceful protest,Protesters (United States),SEIU: Service Employees International Union; Labor Group (United States),6,,,0,60,,840,North America,United States,Pennsylvania,Philadelphia,,Philadelphia,39.9525,-75.1636,1,Twitter; 32BJ SEIU,Other-New media,"On 7 July 2021, a group of people, including Federal Armed Security Officers unionized under Service Employees International Union 32BJ gathered in Philadelphia (Pennsylvania) to demand better treatment at work. The demonstrators were unarmed.",0,crowd size=no report,1638920205,641,42,19107,4219107,B5,G6350,S,1422418,0,+39.9517353,-075.1586542,N,POINT (-75.1636 39.9525)
USA56852,06 July 2021,2021,1,Demonstrations,Protests,Peaceful protest,Protesters (United States),Tuesdays with Toomey,6,,,0,60,,840,North America,United States,Pennsylvania,Philadelphia,,Philadelphia,39.9525,-75.1636,1,Facebook; Patriot-News,New media-Subnational,"On 6 July 2021, an unreported number of people demonstrated outside of Sen. Pat Toomey's office in Philadelphia (Pennsylvania) in opposition to the Senator and to call for the passage of the For the People Act, a federal bill which includes a number of provisions to expand and protect voting rights. Representatives of the Pennsylvania Budget and Policy Center, For Our Future, Voices Rising Philly, and National Popular Vote participated in the protest which was organized by Tuesdays with Toomey.",0,crowd size=no report,1686676531,641,42,19107,4219107,B5,G6350,S,1422418,0,+39.9517353,-075.1586542,N,POINT (-75.1636 39.9525)
USA32123,03 July 2021,2021,1,Demonstrations,Riots,Violent demonstration,Rioters (United States),Patriot Front,5,Rioters (United States),,5,55,,840,North America,United States,Pennsylvania,Philadelphia,,Philadelphia,39.9525,-75.1636,1,6ABC; CBS3 (Philadelphia); Fox29; Hill; NBC News; News2Share; Philadelphia Inquirer; TribLive; Twitter; WCAU; WICU; World Socialist Web Site,Other-New media,"On 3 July 2021, an estimated 150-200 members of the Patriot Front, a white nationalist group, marched through the Center City area of Philadelphia (Pennsylvania) wearing face coverings, carrying shields and flags, chanting 'Reclaim America' and falsely claiming that the 2020 election was stolen from Donald Trump. Patriot Front members were reportedly involved in 'several physical encounters' with the 10-15 counter demonstrators who appeared and followed the group. Police briefly detained some marchers as they tried to leave and released a statement noting that none of the demonstrators were from the Philadelphia area.",0,counter-demonstration; crowd size=an estimated 150-200; stop the steal,1707858551,641,42,19107,4219107,B5,G6350,S,1422418,0,+39.9517353,-075.1586542,N,POINT (-75.1636 39.9525)
USA56881,29 June 2021,2021,1,Demonstrations,Protests,Peaceful protest,Protesters (United States),Tuesdays with Toomey; Women (United States); Lawyers (United States),6,,,0,60,,840,North America,United States,Pennsylvania,Philadelphia,,Philadelphia,39.9525,-75.1636,1,Facebook; Patriot-News,New media-Subnational,"On 29 June 2021, an unreported number of people demonstrated outside of Sen. Pat Toomey's office in Philadelphia (Pennsylvania) in opposition to the Senator and in support of abortion rights. Representatives of the Women's Law Project participated in the protest which was organized by Tuesdays with Toomey.",0,crowd size=no report,1686676531,641,42,19107,4219107,B5,G6350,S,1422418,0,+39.9517353,-075.1586542,N,POINT (-75.1636 39.9525)
USA32015,26 June 2021,2021,1,Demonstrations,Protests,Peaceful protest,Protesters (United States),Interfaith Group (United States),6,,,0,60,,840,North America,United States,Pennsylvania,Philadelphia,,Philadelphia,39.9525,-75.1636,1,6ABC,Subnational,"On 26 June 2021, the Inter-Faith Change Movement gathered at a Dunkin' Donuts in Philadelphia (Pennsylvania) to honor the store's manager Christine Lugo, who was shot and killed on 5 June 2021, and to call for any witnesses to murders to come forward in order to help solve homicide cases.",0,crowd size=no report,1625605053,641,42,19107,4219107,B5,G6350,S,1422418,0,+39.9517353,-075.1586542,N,POINT (-75.1636 39.9525)
USA56850,22 June 2021,2021,1,Demonstrations,Protests,Peaceful protest,Protesters (United States),Tuesdays with Toomey,6,,,0,60,,840,North America,United States,Pennsylvania,Philadelphia,,Philadelphia,39.9525,-75.1636,1,Facebook; Patriot-News,New media-Subnational,"On 22 June 2021, an unreported number of people demonstrated outside of Sen. Pat Toomey's office in Philadelphia (Pennsylvania) in opposition to the Senator and in support of the For the People Act, a federal bill which includes a number of provisions to expand and protect voting rights. Representatives of HAZMAT America participated in the protest which was organized by Tuesdays with Toomey.",0,crowd size=no report,1686676531,641,42,19107,4219107,B5,G6350,S,1422418,0,+39.9517353,-075.1586542,N,POINT (-75.1636 39.9525)
USA31642,21 June 2021,2021,1,Demonstrations,Protests,Peaceful protest,Protesters (United States),AFT: American Federation of Teachers; Teachers (United States); Interfaith Group (United States),6,,,0,60,,840,North America,United States,Pennsylvania,Philadelphia,,Philadelphia,39.9525,-75.1636,1,Twitter; Philadelphia Federation of Teachers,Other-New media,"On 21 June 2021, a group of people, organized by POWER interfaith and including members of the Philadelphia Federation of Teachers marched through Philadelphia (Pennsylvania) to demand 'fair funding' for Pennsylvania public schools.",0,crowd size=no report,1638920205,641,42,19107,4219107,B5,G6350,S,1422418,0,+39.9517353,-075.1586542,N,POINT (-75.1636 39.9525)
USA31549,16 June 2021,2021,1,Demonstrations,Protests,Peaceful protest,Protesters (United States),ACT UP: AIDS Coalition to Unleash Power; LGBTQ+ (United States),6,Protesters (United States),,6,66,,840,North America,United States,Pennsylvania,Philadelphia,,Philadelphia,39.9525,-75.1636,1,Philadelphia Inquirer,Subnational,"On 16 June 2021, a group of people, including ACT UP Philadelphia, gathered in the Kensington neighborhood of Philadelphia (Pennsylvania) to demonstrate against a 'sweep' of homeless people. Demonstrators were counter-demonstrated by members of the Harrowgate Civic Association and Home Quarters & Friends, who demonstrated in favor of the 'sweep' - the two groups totaled 60 people.",0,counter-demonstration; crowd size=60,1631063374,641,42,19107,4219107,B5,G6350,S,1422418,0,+39.9517353,-075.1586542,N,POINT (-75.1636 39.9525)
USA31474,16 June 2021,2021,1,Demonstrations,Protests,Peaceful protest,Protesters (United States),AFT: American Federation of Teachers; AFL-CIO: American Federation of Labor and Congress of Industrial Organizations; Labor Group (United States); Teachers (United States),6,,,0,60,,840,North America,United States,Pennsylvania,Philadelphia,,Philadelphia,39.9525,-75.1636,1,Pennsylvania AFL-CIO; Twitter; AFT,Other-New media,"On 16 June 2021, a group of people, including the Philadelphia Federation of Teachers and Pennsylvania AFL-CIO, gathered in Philadelphia (Pennsylvania) to demonstrate their support for the American Jobs Plan.",0,crowd size=no report,1638920205,641,42,19107,4219107,B5,G6350,S,1422418,0,+39.9517353,-075.1586542,N,POINT (-75.1636 39.9525)
USA56849,15 June 2021,2021,1,Demonstrations,Protests,Peaceful protest,Protesters (United States),Tuesdays with Toomey,6,,,0,60,,840,North America,United States,Pennsylvania,Philadelphia,,Philadelphia,39.9525,-75.1636,1,Facebook; Patriot-News,New media-Subnational,"On 15 June 2021, an unreported number of people demonstrated outside of Sen. Pat Toomey's office in Philadelphia (Pennsylvania) in opposition to the Senator and to call for increased state funding for public schools. Representatives of Alliance for Public Schools participated in the protest which was organized by Tuesdays with Toomey.",0,crowd size=no report,1686676531,641,42,19107,4219107,B5,G6350,S,1422418,0,+39.9517353,-075.1586542,N,POINT (-75.1636 39.9525)
USA31472,12 June 2021,2021,1,Demonstrations,Protests,Peaceful protest,Protesters (United States),"AFSCME: American Federation of State, County and Municipal Employees; Labor Group (United States)",6,,,0,60,,840,North America,United States,Pennsylvania,Philadelphia,,Philadelphia,39.9525,-75.1636,1,Philadelphia Federation of Teachers; Twitter; AFSCME,Other-New media,"On 12 June 2021, a group of people, including members of the union group American Federation of State, County and Municipal Employees gathered in Philadelphia (Pennsylvania) for a rally to show support for state, county, and municipal employees.",0,crowd size=no report,1638920205,641,42,19107,4219107,B5,G6350,S,1422418,0,+39.9517353,-075.1586542,N,POINT (-75.1636 39.9525)
USA31483,12 June 2021,2021,1,Demonstrations,Protests,Peaceful protest,Protesters (United States),BLM: Black Lives Matter; Government of the United States (2021-),6,,,0,60,,840,North America,United States,Pennsylvania,Philadelphia,,Philadelphia,39.9525,-75.1636,1,New York Post; Twitter; Facebook,New media-National,"On 12 June 2021, a group of people, organized by Black Lives Matter at School and local and state representatives met at Protest Park in Philadelphia (Pennsylvania) to hold a 'Teach the Truth' rally, demonstrating against possible curriculum changes designed to avoid teaching 'critical race theory.'",0,crowd size=no report,1638920205,641,42,19107,4219107,B5,G6350,S,1422418,0,+39.9517353,-075.1586542,N,POINT (-75.1636 39.9525)
USA31007,11 June 2021,2021,1,Demonstrations,Protests,Peaceful protest,Protesters (United States),AFT: American Federation of Teachers; Government of the United States (2021-); DEM: Democratic Party; Teachers (United States),6,,,0,60,,840,North America,United States,Pennsylvania,Philadelphia,,Philadelphia,39.9525,-75.1636,1,Twitter; AFT Pennsylvania,Other-New media,"On 11 June 2021, a group of people, including members of the American Federation of Teachers and Democratic legislators from Pennsylvania gathered in front of Overbrook High School in Philadelphia (Pennsylvania) to demand that the Pennsylvania state legislature pass the 'American Rescue Plan' in order to provide schools with funding.",0,crowd size=no report,1638920204,641,42,19107,4219107,B5,G6350,S,1422418,0,+39.9517353,-075.1586542,N,POINT (-75.1636 39.9525)
USA31018,08 June 2021,2021,1,Demonstrations,Protests,Peaceful protest,Protesters (United States),SM: Sunrise Movement,6,,,0,60,,840,North America,United States,Pennsylvania,Philadelphia,,Philadelphia,39.9525,-75.1636,1,NPR WHYY,Subnational,"On 8 June 2021, members of Reclaim Philly and the Sunrise Movement held a sit-in in Mayor Jim Kenney's office at City Hall in Philadelphia (Pennsylvania) to protest proposed cuts to the city's business and parking taxes, calling for the increased taxation of major corporations and developers instead. The group also called for increased investment in community resources, including anti-violence programs.",0,crowd size=no report,1623793005,641,42,19107,4219107,B5,G6350,S,1422418,0,+39.9517353,-075.1586542,N,POINT (-75.1636 39.9525)
USA31129,08 June 2021,2021,1,Demonstrations,Protests,Peaceful protest,Protesters (United States),PETA: People for the Ethical Treatment of Animals,6,,,0,60,,840,North America,United States,Pennsylvania,Philadelphia,,Philadelphia,39.9525,-75.1636,1,PETA,National,"On 8 June 2021, PETA activists gathered outside of an Urban Outfitters in Philadelphia (Pennsylvania) to call for the company to stop selling animal-derived products.",0,crowd size=no report,1623793005,641,42,19107,4219107,B5,G6350,S,1422418,0,+39.9517353,-075.1586542,N,POINT (-75.1636 39.9525)
USA56861,08 June 2021,2021,1,Demonstrations,Protests,Peaceful protest,Protesters (United States),Tuesdays with Toomey; Government of the United States (2021-); DEM: Democratic Party,6,,,0,60,,840,North America,United States,Pennsylvania,Philadelphia,,Philadelphia,39.9525,-75.1636,1,Facebook; Patriot-News,New media-Subnational,"On 8 June 2021, an unreported number of people demonstrated outside of Sen. Pat Toomey's office in Philadelphia (Pennsylvania) in opposition to the Senator and in support of police oversight and criminal justice reform. Philadelphia City Councilmember Curtis Jones Jr. (D) participated in the protest which was organized by Tuesdays with Toomey.",0,crowd size=no report,1686676531,641,42,19107,4219107,B5,G6350,S,1422418,0,+39.9517353,-075.1586542,N,POINT (-75.1636 39.9525)
USA31155,07 June 2021,2021,1,Demonstrations,Protests,Peaceful protest,Protesters (United States),"SAP: Socialist Alternative Party; AFSCME: American Federation of State, County and Municipal Employees; Labor Group (United States)",6,,,0,60,,840,North America,United States,Pennsylvania,Philadelphia,,Philadelphia,39.9525,-75.1636,1,NPR WHYY,Subnational,"On 7 June 2021, a couple dozen people, including members of the Socialist Alternative Party and AFSCME, gathered outside City Hall in Philadelphia (Pennsylvania) to call for the increased taxation of the upper class following proposed business and parking tax cuts.",0,crowd size=a couple dozen,1623793005,641,42,19107,4219107,B5,G6350,S,1422418,0,+39.9517353,-075.1586542,N,POINT (-75.1636 39.9525)
USA31212,03 June 2021,2021,1,Demonstrations,Protests,Peaceful protest,Protesters (United States),,6,,,0,60,,840,North America,United States,Pennsylvania,Philadelphia,,Philadelphia,39.9525,-75.1636,1,PhillyVoice,Subnational,"On 3 June 2021, members of the Friends of the Free Library of Philadelphia gathered outside the Parkway Central Library in Philadelphia (Pennsylvania) to call for the city to increase its budget for the library system to recover from the coronavirus pandemic.",0,crowd size=no report,1623793005,641,42,19107,4219107,B5,G6350,S,1422418,0,+39.9517353,-075.1586542,N,POINT (-75.1636 39.9525)
USA30876,02 June 2021,2021,1,Demonstrations,Protests,Peaceful protest,Protesters (United States),SEIU: Service Employees International Union; Labor Group (United States); Government of the United States (2021-),6,,,0,60,,840,North America,United States,Pennsylvania,Philadelphia,,Philadelphia,39.9525,-75.1636,1,Twitter; SEIU,Other-New media,"On 2 June 2021, a group of airport workers, organized by Service Employees International Union and joined by State Representative Regina Young (D) and State Senator Nikil Saval (D) gathered at the Philadelphia International Airport in Philadelphia (Pennsylvania) to demand higher wages and better benefits.",0,crowd size=no report,1638920204,641,42,19107,4219107,B5,G6350,S,1422418,0,+39.9517353,-075.1586542,N,POINT (-75.1636 39.9525)
USA56875,01 June 2021,2021,1,Demonstrations,Protests,Peaceful protest,Protesters (United States),Tuesdays with Toomey; LGBTQ+ (United States),6,,,0,60,,840,North America,United States,Pennsylvania,Philadelphia,,Philadelphia,39.9525,-75.1636,1,Facebook; Patriot-News,New media-Subnational,"On 1 June 2021, an unreported number of people demonstrated outside of Sen. Pat Toomey's office in Philadelphia (Pennsylvania) in opposition to the Senator and in support of the transgender rights. Representatives of the ACLU of Pennsylvania participated in the protest which was organized by Tuesdays with Toomey.",0,crowd size=no report,1686676531,641,42,19107,4219107,B5,G6350,S,1422418,0,+39.9517353,-075.1586542,N,POINT (-75.1636 39.9525)
USA30547,25 May 2021,2021,1,Demonstrations,Protests,Peaceful protest,Protesters (United States),BLM: Black Lives Matter; SEIU: Service Employees International Union; Labor Group (United States),6,,,0,60,,840,North America,United States,Pennsylvania,Philadelphia,,Philadelphia,39.9525,-75.1636,1,Fox29; WCAU,Subnational,"On 25 May 2021, dozens of people including members of the SEIU organized by the Philadelphia Labor for Black Lives Coalition protested in Philadelphia (Pennsylvania) on the anniversary of the death of George Floyd and in support of the Black Lives Matter movement.",0,crowd size=dozens,1622578606,641,42,19107,4219107,B5,G6350,S,1422418,0,+39.9517353,-075.1586542,N,POINT (-75.1636 39.9525)
USA56877,25 May 2021,2021,1,Demonstrations,Protests,Peaceful protest,Protesters (United States),Tuesdays with Toomey; NUL: National Urban League; African American Group (United States),6,,,0,60,,840,North America,United States,Pennsylvania,Philadelphia,,Philadelphia,39.9525,-75.1636,1,Facebook; Patriot-News,New media-Subnational,"On 25 May 2021, an unreported number of people demonstrated outside of Sen. Pat Toomey's office in Philadelphia (Pennsylvania) in opposition to the Senator and to call for the preservation of voting rights. Representatives of the Urban League of Philadelphia (affiliated with the National Urban League) and Pennsylvania Voice participated in the protest which was organized by Tuesdays with Toomey.",0,crowd size=no report,1686676531,641,42,19107,4219107,B5,G6350,S,1422418,0,+39.9517353,-075.1586542,N,POINT (-75.1636 39.9525)
USA30030,21 May 2021,2021,1,Demonstrations,Protests,Peaceful protest,Protesters (United States),,6,,,0,60,,840,North America,United States,Pennsylvania,Philadelphia,,Philadelphia,39.9525,-75.1636,1,CBS3 (Philadelphia),Subnational,"On 21 May 2021, cyclists held a rally on MLK drive in Philadelphia (Pennsylvania) to call for the road to remain closed to traffic.",0,crowd size=no report,1707858551,641,42,19107,4219107,B5,G6350,S,1422418,0,+39.9517353,-075.1586542,N,POINT (-75.1636 39.9525)
USA30020,19 May 2021,2021,1,Demonstrations,Protests,Peaceful protest,Protesters (United States),,6,,,0,60,,840,North America,United States,Pennsylvania,Philadelphia,,Philadelphia,39.9525,-75.1636,1,Fox29,Subnational,"On 19 May 2021, cyclists held a silent bike ride rally in Philadelphia (Pennsylvania) to remember victims of bike accidents and to call for change to make roads safer for cyclists.",0,crowd size=no report,1621980621,641,42,19107,4219107,B5,G6350,S,1422418,0,+39.9517353,-075.1586542,N,POINT (-75.1636 39.9525)
USA30065,19 May 2021,2021,1,Demonstrations,Protests,Peaceful protest,Protesters (United States),,6,,,0,60,,840,North America,United States,Pennsylvania,Philadelphia,,Philadelphia,39.9525,-75.1636,1,WCAU,Subnational,"On 19 May 2021, people protested in Philadelphia (Pennsylvania) against gun violence in the city.",0,crowd size=no report,1621980621,641,42,19107,4219107,B5,G6350,S,1422418,0,+39.9517353,-075.1586542,N,POINT (-75.1636 39.9525)
USA30072,15 May 2021,2021,1,Demonstrations,Protests,Peaceful protest,Protesters (United States),PSL: Party for Socialism and Liberation; Palestinian Group (United States),6,Protesters (United States),,6,66,,840,North America,United States,Pennsylvania,Philadelphia,,Philadelphia,39.9525,-75.1636,1,Channel 8 (Lancaster); WCAU,Subnational,"On 15 May 2021, a pro-Palestinian demonstration was carried out by people in Philadelphia (Pennsylvania) in solidarity with Palestine and to demand an end to Israeli airstrikes on the Gaza Strip. Counter-demonstrators staged a pro-Israel rally nearby. Palestinian groups and members of PSL participated in the pro-Palestine event.",0,counter-demonstration; crowd size=no report,1621980620,641,42,19107,4219107,B5,G6350,S,1422418,0,+39.9517353,-075.1586542,N,POINT (-75.1636 39.9525)
USA29733,13 May 2021,2021,1,Demonstrations,Protests,Peaceful protest,Protesters (United States),SEIU: Service Employees International Union; Health Workers (United States),6,,,0,60,,840,North America,United States,Pennsylvania,Philadelphia,,Philadelphia,39.9525,-75.1636,1,SEIU Healthcare Pennsylvania,Other,"On 13 May 2021, healthcare workers with the SEIU protested in Philadelphia (Pennsylvania) against the lack of reporting and transparency related to healthcare facilities being bought and sold in the region.",0,crowd size=no report,1621980621,641,42,19107,4219107,B5,G6350,S,1422418,0,+39.9517353,-075.1586542,N,POINT (-75.1636 39.9525)
USA30180,13 May 2021,2021,1,Demonstrations,Protests,Peaceful protest,Protesters (United States),MOVE; African American Group (United States),6,,,0,60,,840,North America,United States,Pennsylvania,Philadelphia,,Philadelphia,39.9525,-75.1636,1,NPR WHYY; Billy Penn; USA Today; Twitter,New media-Subnational,"On 13 May 2021, more than 200 people with MOVE and surviving members of the MOVE family marched at the site of the MOVE bombing in Philadelphia (Pennsylvania) against police brutality to remember the victims of the 1985 aerial bombing of the site by police.",0,crowd size=more than 200,1638920204,641,42,19107,4219107,B5,G6350,S,1422418,0,+39.9517353,-075.1586542,N,POINT (-75.1636 39.9525)
USA30158,12 May 2021,2021,1,Demonstrations,Protests,Peaceful protest,Protesters (United States),Stop Asian Hate; Women (United States),6,,,0,60,,840,North America,United States,Pennsylvania,Philadelphia,,Philadelphia,39.9525,-75.1636,1,6ABC,Subnational,"On 12 May 2021, people including the group Mothers in Charge protested in Philadelphia (Pennsylvania) in support of the Stop Asian Hate movement against anti-Asian hate and gun violence in the city.",0,crowd size=no report,1621980620,641,42,19107,4219107,B5,G6350,S,1422418,0,+39.9517353,-075.1586542,N,POINT (-75.1636 39.9525)
USA56848,11 May 2021,2021,1,Demonstrations,Protests,Peaceful protest,Protesters (United States),Tuesdays with Toomey,6,,,0,60,,840,North America,United States,Pennsylvania,Philadelphia,,Philadelphia,39.9525,-75.1636,1,Facebook; Patriot-News,New media-Subnational,"On 11 May 2021, an unreported number of people demonstrated outside of Sen. Pat Toomey's office in Philadelphia (Pennsylvania) in opposition to the Senator. The protest was organized by Tuesdays with Toomey.",0,crowd size=no report,1686676531,641,42,19107,4219107,B5,G6350,S,1422418,0,+39.9517353,-075.1586542,N,POINT (-75.1636 39.9525)
USA30137,09 May 2021,2021,1,Demonstrations,Protests,Peaceful protest,Protesters (United States),Women (United States),6,,,0,60,,840,North America,United States,Pennsylvania,Philadelphia,,Philadelphia,39.9525,-75.1636,1,WCAU,Subnational,"On 9 May 2021, people rallied in Philadelphia (Pennsylvania) in support of mothers who have lost their children to gun violence in the city.",0,crowd size=no report,1621980621,641,42,19107,4219107,B5,G6350,S,1422418,0,+39.9517353,-075.1586542,N,POINT (-75.1636 39.9525)
USA29332,06 May 2021,2021,1,Demonstrations,Protests,Peaceful protest,Protesters (United States),Labor Group (United States),6,,,0,60,,840,North America,United States,Pennsylvania,Philadelphia,,Philadelphia,39.9525,-75.1636,1,WITF,Subnational,"On 6 May 2021, people protested in Philadelphia (Pennsylvania) to call for changes to the unemployment system as thousands wait on unemployment benefits.",0,crowd size=no report,1620770181,641,42,19107,4219107,B5,G6350,S,1422418,0,+39.9517353,-075.1586542,N,POINT (-75.1636 39.9525)
USA31648,05 May 2021,2021,1,Demonstrations,Protests,Peaceful protest,Protesters (United States),Labor Group (United States),6,,,0,60,,840,North America,United States,Pennsylvania,Philadelphia,,Philadelphia,39.9525,-75.1636,1,Philadelphia Inquirer,Subnational,"On 5 May 2021, a group of airport workers gathered at Philadelphia International Airport in Philadelphia (Pennsylvania) to demonstrate for better wages and health benefits.",0,crowd size=no report,1625004361,641,42,19107,4219107,B5,G6350,S,1422418,0,+39.9517353,-075.1586542,N,POINT (-75.1636 39.9525)
USA29497,02 May 2021,2021,1,Demonstrations,Protests,Peaceful protest,Protesters (United States),Stop Asian Hate; Chinese Group (United States); Asian American Group (United States); Pacific Islander Group (United States),6,,,0,60,,840,North America,United States,Pennsylvania,Philadelphia,,Philadelphia,39.9525,-75.1636,1,6ABC,Subnational,"On 2 May 2021, people including AAPI For Change and the Main Line Chinese Culture Center protested in Philadelphia (Pennsylvania) in support of the Stop Asian Hate movement against anti-Asian hate crimes which have increased during the coronavirus pandemic.",0,crowd size=no report,1620770180,641,42,19107,4219107,B5,G6350,S,1422418,0,+39.9517353,-075.1586542,N,POINT (-75.1636 39.9525)
USA29498,02 May 2021,2021,1,Demonstrations,Protests,Peaceful protest,Protesters (United States),Students (United States); Teachers (United States); African American Group (United States),6,,,0,60,,840,North America,United States,Pennsylvania,Philadelphia,,Philadelphia,39.9525,-75.1636,1,Philadelphia Inquirer,Subnational,"On 2 May 2021, more than 100 students, teachers, parents with the Racial Justice Organizing Committee, the Philadelphia Black Students Association, and the Philly Children/s Movement marched at City Hall in Philadelphia (Pennsylvania) to call for more school funding and better, more racially diverse curricula as well as more environmentally sound buildings and mental health supports.",0,crowd size=more than 100,1620770181,641,42,19107,4219107,B5,G6350,S,1422418,0,+39.9517353,-075.1586542,N,POINT (-75.1636 39.9525)
USA29597,01 May 2021,2021,1,Demonstrations,Protests,Peaceful protest,Protesters (United States),,6,,,0,60,,840,North America,United States,Pennsylvania,Philadelphia,,Philadelphia,39.9525,-75.1636,1,Chestnut Hill Local; Crowd Counting Consortium,Other-Subnational,"On 1 May 2021, community members protested outside the Pleasant Playground in Philadelphia (Pennsylvania) against a development project that would create more traffic around the park and surrounding area.",0,crowd size=no report,1620770180,641,42,19107,4219107,B5,G6350,S,1422418,0,+39.9517353,-075.1586542,N,POINT (-75.1636 39.9525)
USA28859,30 April 2021,2021,1,Demonstrations,Protests,Peaceful protest,Protesters (United States),,6,,,0,60,,840,North America,United States,Pennsylvania,Philadelphia,,Philadelphia,39.9525,-75.1636,1,Fox29,Subnational,"On 30 April 2021, people held a vigil in Philadelphia (Pennsylvania) to call for action to end gun violence.",0,crowd size=no report,1620164854,641,42,19107,4219107,B5,G6350,S,1422418,0,+39.9517353,-075.1586542,N,POINT (-75.1636 39.9525)
USA29004,28 April 2021,2021,1,Demonstrations,Protests,Peaceful protest,Protesters (United States),BLM: Black Lives Matter; MOVE; African American Group (United States),6,,,0,60,,840,North America,United States,Pennsylvania,Philadelphia,,Philadelphia,39.9525,-75.1636,1,Daily Pennsylvanian; Fox29,Subnational,"On 28 April 2021, more than 300 people with MOVE including organizers with Black Lives Matter marched in Philadelphia (Pennsylvania) to call for the University of Pennsylvania to take accountability for the using the bodies of children who died in the MOVE bombing for research and for the University to return the remains of the Africa family.",0,crowd size=more than 300,1620164854,641,42,19107,4219107,B5,G6350,S,1422418,0,+39.9517353,-075.1586542,N,POINT (-75.1636 39.9525)
USA56847,27 April 2021,2021,1,Demonstrations,Protests,Peaceful protest,Protesters (United States),Tuesdays with Toomey,6,,,0,60,,840,North America,United States,Pennsylvania,Philadelphia,,Philadelphia,39.9525,-75.1636,1,Facebook; Patriot-News,New media-Subnational,"On 27 April 2021, an unreported number of people demonstrated outside of Sen. Pat Toomey's office in Philadelphia (Pennsylvania) in opposition to the Senator. Demonstrators held signs calling for the preservation of gun control laws. The protest was organized by Tuesdays with Toomey.",0,crowd size=no report,1686676531,641,42,19107,4219107,B5,G6350,S,1422418,0,+39.9517353,-075.1586542,N,POINT (-75.1636 39.9525)
USA28903,25 April 2021,2021,1,Demonstrations,Protests,Peaceful protest,Protesters (United States),BLM: Black Lives Matter,6,,,0,60,,840,North America,United States,Pennsylvania,Philadelphia,,Philadelphia,39.9525,-75.1636,1,6ABC; Philadelphia Tribune,Subnational,"On 25 April 2021, about 100 people rallied at Malcom X Park in Philadelphia (Pennsylvania) against the death of Walter Wallace Jr., a Black man killed by police six months prior.",0,crowd size=about 100,1620164854,641,42,19107,4219107,B5,G6350,S,1422418,0,+39.9517353,-075.1586542,N,POINT (-75.1636 39.9525)
USA28872,24 April 2021,2021,1,Demonstrations,Protests,Peaceful protest,Protesters (United States),Armenian Group (United States),6,,,0,60,,840,North America,United States,Pennsylvania,Philadelphia,,Philadelphia,39.9525,-75.1636,1,WCAU; Fox29,Subnational,"On 24 April 2021, dozens to hundreds of people marched in Philadelphia (Pennsylvania) to honor victims of the Armenian Genocide after President Biden formally recognized the killings as a genocide.",0,crowd size=dozens to hundreds,1620164854,641,42,19107,4219107,B5,G6350,S,1422418,0,+39.9517353,-075.1586542,N,POINT (-75.1636 39.9525)
USA28898,24 April 2021,2021,1,Demonstrations,Protests,Peaceful protest,Protesters (United States),BLM: Black Lives Matter,6,,,0,60,,840,North America,United States,Pennsylvania,Philadelphia,,Philadelphia,39.9525,-75.1636,1,Unicorn Riot; Crowd Counting Consortium; Twitter; NPR WHYY,Other-New media,"On 24 April 2021, about 300 people protested in Philadelphia (Pennsylvania) to call for Mumia Abu-Jamal, a political activist and journalist accused of murder, to be freed, claiming he was framed for the murder of a Philadelphia police officer, as well as in support of the Black Lives Matter movement and to call for police to be abolished.",0,crowd size=about 300,1680633604,641,42,19107,4219107,B5,G6350,S,1422418,0,+39.9517353,-075.1586542,N,POINT (-75.1636 39.9525)
USA28437,20 April 2021,2021,1,Demonstrations,Protests,Peaceful protest,Protesters (United States),,6,,,0,60,,840,North America,United States,Pennsylvania,Philadelphia,,Philadelphia,39.9525,-75.1636,1,Philadelphia Tribune,Subnational,"On 20 April 2021, people with Zero Now Network rallied at City Hall in Philadelphia (Pennsylvania) to call for a tracking system on bullets and casings to be implemented to help identify buyers and lower gun violence.",0,crowd size=no report,1680633690,641,42,19107,4219107,B5,G6350,S,1422418,0,+39.9517353,-075.1586542,N,POINT (-75.1636 39.9525)
USA28322,17 April 2021,2021,1,Demonstrations,Protests,Peaceful protest,Protesters (United States),BLM: Black Lives Matter; Labor Group (United States); SAP: Socialist Alternative Party; WFP: Working Families Party,6,,,0,60,,840,North America,United States,Pennsylvania,Philadelphia,,Philadelphia,39.9525,-75.1636,1,Philadelphia Inquirer,Subnational,"On 17 April 2021, about 200 people including members of the Working Families Party and the Socialist Alternative Party protested at the Philadelphia Museum of Art in Philadelphia (Pennsylvania) to call for police reform and accountability, for justice for Daunte Wright, and in support of the Black Lives Matter movement.",0,crowd size=about 200,1619558727,641,42,19107,4219107,B5,G6350,S,1422418,0,+39.9517353,-075.1586542,N,POINT (-75.1636 39.9525)
USA28232,16 April 2021,2021,1,Strategic developments,Strategic developments,Change to group/activity,Military Forces of the United States (2021-) National Guard,,1,,,0,10,,840,North America,United States,Pennsylvania,Philadelphia,,Philadelphia,39.9525,-75.1636,1,Fox29,Subnational,"Movement of forces: On 16 April 2021, Governor Wolf activated more than 1000 Pennsylvania National Guard members to support Philadelphia (Pennsylvania) in anticipation of the Derek Chauvin trial verdict.",0,,1619558727,641,42,19107,4219107,B5,G6350,S,1422418,0,+39.9517353,-075.1586542,N,POINT (-75.1636 39.9525)
USA27922,15 April 2021,2021,1,Demonstrations,Protests,Peaceful protest,Protesters (United States),Labor Group (United States); SEIU: Service Employees International Union; Fight for 15,6,,,0,60,,840,North America,United States,Pennsylvania,Philadelphia,,Philadelphia,39.9525,-75.1636,1,Crowd Counting Consortium; Times Leader,Other-Subnational,"On 15 April 2021, people with the Pennsylvania Joint Board of Workers United and the SEIU among other unions protested outside Senator Toomey's office in Philadelphia (Pennsylvania) to call on Congress to raise the minimum wage to $15 per hour.",0,crowd size=no report,1618952549,641,42,19107,4219107,B5,G6350,S,1422418,0,+39.9517353,-075.1586542,N,POINT (-75.1636 39.9525)
USA27828,13 April 2021,2021,1,Demonstrations,Protests,Peaceful protest,Protesters (United States),African American Group (United States),6,,,0,60,,840,North America,United States,Pennsylvania,Philadelphia,,Philadelphia,39.9525,-75.1636,1,6ABC,Subnational,"On 13 April 2021, people with Black Point Breeze Matters from the Point Breeze neighborhood protested in Philadelphia (Pennsylvania) against a new apartment development in their community, claiming that the luxury building is being put up without their input and advocating for investment in Black businesses instead.",0,crowd size=no report,1618952549,641,42,19107,4219107,B5,G6350,S,1422418,0,+39.9517353,-075.1586542,N,POINT (-75.1636 39.9525)
USA27901,13 April 2021,2021,1,Demonstrations,Protests,Peaceful protest,Protesters (United States),BLM: Black Lives Matter; LGBTQ+ (United States),6,,,0,60,,840,North America,United States,Pennsylvania,Philadelphia,,Philadelphia,39.9525,-75.1636,1,CBS3 (Philadelphia); Daily Pennsylvanian,Subnational,"On 13 April 2021, dozens of people marched through Philadelphia (Pennsylvania) to call for justice after the death of Daunte Wright, a Black man killed by police in Minnesota, as well as for justice for Black and transgender lives and the abolition of the police.",0,crowd size=dozens,1707858551,641,42,19107,4219107,B5,G6350,S,1422418,0,+39.9517353,-075.1586542,N,POINT (-75.1636 39.9525)
USA27990,11 April 2021,2021,1,Demonstrations,Protests,Peaceful protest,Protesters (United States),,6,,,0,60,,840,North America,United States,Pennsylvania,Philadelphia,,Philadelphia,39.9525,-75.1636,1,Crowd Counting Consortium; NBC News,Other-National,"On 11 April 2021, a small group of people held a 'Picnic Against Hate' in Philadelphia (Pennsylvania) against the planned White Lives Matter protest, which never appeared.",0,crowd size=a small group,1618952549,641,42,19107,4219107,B5,G6350,S,1422418,0,+39.9517353,-075.1586542,N,POINT (-75.1636 39.9525)
USA27912,10 April 2021,2021,1,Demonstrations,Protests,Peaceful protest,Protesters (United States),Government of the United States (2021-); DEM: Democratic Party,6,,,0,60,,840,North America,United States,Pennsylvania,Philadelphia,,Philadelphia,39.9525,-75.1636,1,Crowd Counting Consortium; Pocono Record,Other-Subnational,"On 10 April 2021, at least 100 people including Representatives Kenyatta and Madden protested at City Hall in Philadelphia (Pennsylvania) against the death of Christian Hall, who was killed by police in December while carrying a pellet gun and having a mental health crisis.",0,crowd size=at least 100,1632861452,641,42,19107,4219107,B5,G6350,S,1422418,0,+39.9517353,-075.1586542,N,POINT (-75.1636 39.9525)
USA28679,09 April 2021,2021,1,Demonstrations,Protests,Peaceful protest,Protesters (United States),Protestant Christian Group (United States),6,Protesters (United States),Students (United States),6,66,,840,North America,United States,Pennsylvania,Philadelphia,,Philadelphia,39.9525,-75.1636,1,Mercury (Pottstown),Subnational,"On 9 April 2021, people with Matthew 24 Ministries and the David Christian Center protested at Ursinus College in Philadelphia (Pennsylvania) by yelling insults about women, LGBTQ people, Catholics, Muslims, and other groups. Student counter-demonstrators protested against the group, after which one student was arrested by police for disorderly conduct.",0,counter-demonstration; crowd size=no report,1680633681,641,42,19107,4219107,B5,G6350,S,1422418,0,+39.9517353,-075.1586542,N,POINT (-75.1636 39.9525)
USA27491,09 April 2021,2021,1,Demonstrations,Protests,Peaceful protest,Protesters (United States),,6,,,0,60,,840,North America,United States,Pennsylvania,Philadelphia,,Philadelphia,39.9525,-75.1636,1,CBS3 (Philadelphia); Fox29,Subnational,"On 9 April 2021, dozens of people organized by Ceasefire PA protested outside City Hall in Philadelphia (Pennsylvania) against gun violence and to call for full funding for grassroots community groups to work with young people against gun violence.",0,crowd size=dozens,1707858551,641,42,19107,4219107,B5,G6350,S,1422418,0,+39.9517353,-075.1586542,N,POINT (-75.1636 39.9525)
USA27521,08 April 2021,2021,1,Demonstrations,Protests,Peaceful protest,Protesters (United States),BLM: Black Lives Matter; Students (United States),6,,,0,60,,840,North America,United States,Pennsylvania,Philadelphia,,Philadelphia,39.9525,-75.1636,1,Daily Pennsylvanian,Subnational,"On 8 April 2021, more than 50 students and people with Police Free Penn and Black Lives Matter Philly protested at the Penn Museum in Philadelphia (Pennsylvania) to call for the museum to abolish its Mortion Cranial Collection, which is a collection of crania belonging to some enslaved individuals.",0,crowd size=more than 50,1618350013,641,42,19107,4219107,B5,G6350,S,1422418,0,+39.9517353,-075.1586542,N,POINT (-75.1636 39.9525)
USA27486,07 April 2021,2021,1,Demonstrations,Protests,Peaceful protest,Protesters (United States),Women (United States); Government of the United States (2021-); DEM: Democratic Party,6,,,0,60,,840,North America,United States,Pennsylvania,Philadelphia,,Philadelphia,39.9525,-75.1636,1,Crowd Counting Consortium; Philadelphia Tribune,Other-Subnational,"On 7 April 2021, about 100 people including people with Mother's United By Angels rallied in Philadelphia (Pennsylvania) against gun violence in the city. A city council member (D) was also present.",0,crowd size=about 100,1657665073,641,42,19107,4219107,B5,G6350,S,1422418,0,+39.9517353,-075.1586542,N,POINT (-75.1636 39.9525)
USA56846,06 April 2021,2021,1,Demonstrations,Protests,Peaceful protest,Protesters (United States),Tuesdays with Toomey,6,,,0,60,,840,North America,United States,Pennsylvania,Philadelphia,,Philadelphia,39.9525,-75.1636,1,Facebook; Patriot-News,New media-Subnational,"On 6 April 2021, an unreported number of people demonstrated outside of Sen. Pat Toomey's office in Philadelphia (Pennsylvania) in opposition to the Senator. Demonstrators held signs calling for a higher minimum wage and the preservation of gun control laws. The protest was organized by Tuesdays with Toomey.",0,crowd size=no report,1686676531,641,42,19107,4219107,B5,G6350,S,1422418,0,+39.9517353,-075.1586542,N,POINT (-75.1636 39.9525)
USA27996,05 April 2021,2021,1,Demonstrations,Protests,Peaceful protest,Protesters (United States),,6,,,0,60,,840,North America,United States,Pennsylvania,Philadelphia,,Philadelphia,39.9525,-75.1636,1,South Philly Review,Subnational,"On 5 April 2021, more than 100 people including the Packer Park Neighborhood Association protested outside a Chickie's and Pete's restaurant in Philadelphia (Pennsylvania) against a proposal that would put a sports book in the restaurant to allow gambling, citing that bringing gambling to the area would reduce parking availability and increase crime.",0,crowd size=more than 100,1618952550,641,42,19107,4219107,B5,G6350,S,1422418,0,+39.9517353,-075.1586542,N,POINT (-75.1636 39.9525)
USA27379,30 March 2021,2021,1,Demonstrations,Protests,Peaceful protest,Protesters (United States),Students (United States); Teachers (United States); Labor Group (United States),6,,,0,60,,840,North America,United States,Pennsylvania,Philadelphia,,Philadelphia,39.9525,-75.1636,1,Crowd Counting Consortium; NPR WHYY,Other-Subnational,"On 30 March 2021, over 100 students, teachers, and supporters with Philadelphia Jobs With Justice, the Our City Our Schools Coalition, Penn for PILOTs, Home and Schools Association, and the Caucus of Working Educators marched at the University of Pennsylvania in Philadelphia (Pennsylvania) to call on Drexel and the University of Pennsylvania to pay money to help fund Philadelphia schools as universities do not pay property taxes in Pennsylvania.",0,crowd size=over 100,1617744380,641,42,19107,4219107,B5,G6350,S,1422418,0,+39.9517353,-075.1586542,N,POINT (-75.1636 39.9525)
USA56860,30 March 2021,2021,1,Demonstrations,Protests,Peaceful protest,Protesters (United States),Tuesdays with Toomey; Government of the United States (2021-); DEM: Democratic Party,6,,,0,60,,840,North America,United States,Pennsylvania,Philadelphia,,Philadelphia,39.9525,-75.1636,1,Facebook; Patriot-News,New media-Subnational,"On 30 March 2021, an unreported number of people demonstrated outside of Sen. Pat Toomey's office in Philadelphia (Pennsylvania) in opposition to the Senator. State Reps. Brian Sims (D) and Chris Rabb (D) as well as members of the Pennsylvania Budget and Policy Center and the For Our Future Fund participated in the protest which was organized by Tuesdays with Toomey.",0,crowd size=no report,1686676531,641,42,19107,4219107,B5,G6350,S,1422418,0,+39.9517353,-075.1586542,N,POINT (-75.1636 39.9525)
USA27459,28 March 2021,2021,1,Demonstrations,Protests,Peaceful protest,Protesters (United States),Stop Asian Hate; Asian American Group (United States),6,,,0,60,,840,North America,United States,Pennsylvania,Philadelphia,,Philadelphia,39.9525,-75.1636,1,6ABC,Subnational,"On 28 March 2021, hundreds of people including members of the Asian American community protested in Chinatown in Philadelphia (Pennsylvania) to call for an end to anti-Asian hate crime and in support of the Asian American and Pacific Islander community after the shooting of eight people in Atlanta which included six Asian women.",0,crowd size=hundreds,1617744381,641,42,19107,4219107,B5,G6350,S,1422418,0,+39.9517353,-075.1586542,N,POINT (-75.1636 39.9525)
USA27452,27 March 2021,2021,1,Demonstrations,Protests,Peaceful protest,Protesters (United States),Stop Asian Hate; ANSWER: Act Now to Stop War and End Racism; PSL: Party for Socialism and Liberation,6,,,0,60,,840,North America,United States,Pennsylvania,Philadelphia,,Philadelphia,39.9525,-75.1636,1,Crowd Counting Consortium; NPR WHYY,Other-Subnational,"On 27 March 2021, hundreds of people organized by the ANSWER Coalition and the Party for Socialism and Liberation including members of the Asian American community protested in Chinatown in Philadelphia (Pennsylvania) to call for an end to anti-Asian hate crime and in support of the Asian American and Pacific Islander community after the shooting of eight people in Atlanta which included six Asian women.",0,crowd size=hundreds,1617744381,641,42,19107,4219107,B5,G6350,S,1422418,0,+39.9517353,-075.1586542,N,POINT (-75.1636 39.9525)
USA27105,27 March 2021,2021,1,Demonstrations,Protests,Peaceful protest,Protesters (United States),African American Group (United States),6,,,0,60,,840,North America,United States,Pennsylvania,Philadelphia,,Philadelphia,39.9525,-75.1636,1,6ABC,Subnational,"On 27 March 2021, dozens of people, including family members, held a vigil in Philadelphia (Pennsylvania) to remember an 11-year-old Black boy who was shot and killed the day before, as well as to call for an end to the rising gun violence in the city.",0,crowd size=dozens,1617744381,641,42,19107,4219107,B5,G6350,S,1422418,0,+39.9517353,-075.1586542,N,POINT (-75.1636 39.9525)
USA26941,26 March 2021,2021,1,Demonstrations,Protests,Peaceful protest,Protesters (United States),,6,,,0,60,,840,North America,United States,Pennsylvania,Philadelphia,,Philadelphia,39.9525,-75.1636,1,Billy Penn,Subnational,"On 26 March 2021, a hundred or so people organized by Not On My Watch protested at City Hall in Philadelphia (Pennsylvania) against the rising gun violence in the city, calling on elected officials to take action as well as to support a local activist's accountability protesting and to eliminate poverty.",0,crowd size=hundred or so,1617140132,641,42,19107,4219107,B5,G6350,S,1422418,0,+39.9517353,-075.1586542,N,POINT (-75.1636 39.9525)
USA27059,26 March 2021,2021,1,Demonstrations,Protests,Peaceful protest,Protesters (United States),Health Workers (United States); SEIU: Service Employees International Union; Labor Group (United States),6,,,0,60,,840,North America,United States,Pennsylvania,Philadelphia,,Philadelphia,39.9525,-75.1636,1,SEIU Healthcare Pennsylvania,Other,"On 26 March 2021, nursing home employees and supporters with the SEIU protested in Philadelphia (Pennsylvania) to call for the state to reform nursing homes after short staffing and other issues during the coronavirus pandemic.",0,crowd size=no report,1617140133,641,42,19107,4219107,B5,G6350,S,1422418,0,+39.9517353,-075.1586542,N,POINT (-75.1636 39.9525)
USA27035,25 March 2021,2021,1,Demonstrations,Protests,Peaceful protest,Protesters (United States),,6,,,0,60,,840,North America,United States,Pennsylvania,Philadelphia,,Philadelphia,39.9525,-75.1636,1,6ABC; WCAU; Fox29,Subnational,"On 25 March 2021, dozens of people with Philly Rally for Solidarity marched in Philadelphia (Pennsylvania) against racism targeting Asian-Americans after the recent shooting in Atlanta that left eight dead, including six Asian-American women, and in solidarity with the Asian-American community.",0,crowd size=dozens,1617140132,641,42,19107,4219107,B5,G6350,S,1422418,0,+39.9517353,-075.1586542,N,POINT (-75.1636 39.9525)
USA27034,25 March 2021,2021,1,Demonstrations,Protests,Peaceful protest,Protesters (United States),,6,,,0,60,,840,North America,United States,Pennsylvania,Philadelphia,,Philadelphia,39.9525,-75.1636,1,CBS3 (Philadelphia); Crowd Counting Consortium,Other-Subnational,"On 25 March 2021, dozens of people protested in the Kensington neighborhood of Philadelphia (Pennsylvania) against a proposed development that would put a large apartment building in their area, citing that the building is two big for the neighborhood which has mostly only two-story homes.",0,crowd size=dozens,1707858551,641,42,19107,4219107,B5,G6350,S,1422418,0,+39.9517353,-075.1586542,N,POINT (-75.1636 39.9525)
USA56845,23 March 2021,2021,1,Demonstrations,Protests,Peaceful protest,Protesters (United States),Tuesdays with Toomey,6,,,0,60,,840,North America,United States,Pennsylvania,Philadelphia,,Philadelphia,39.9525,-75.1636,1,Facebook; Patriot-News,New media-Subnational,"On 23 March 2021, an unreported number of people demonstrated outside of Sen. Pat Toomey's office in Philadelphia (Pennsylvania) in opposition to the Senator. Demonstrators also held signs calling for a higher minimum wage and easing access to voting. The protest was organized by Tuesdays with Toomey.",0,crowd size=no report,1686676531,641,42,19107,4219107,B5,G6350,S,1422418,0,+39.9517353,-075.1586542,N,POINT (-75.1636 39.9525)
USA26965,23 March 2021,2021,1,Demonstrations,Protests,Peaceful protest,Protesters (United States),,6,,,0,60,,840,North America,United States,Pennsylvania,Philadelphia,,Philadelphia,39.9525,-75.1636,1,CBS3 (Philadelphia); WCAU,Subnational,"On 23 March 2021, hundreds of people marched in Philadelphia (Pennsylvania) against the Somerset station being closed by SEPTA temporarily for cleanup and repairs, causing a disruption in the community as many rely on the station for public transportation.",0,crowd size=hundreds,1707858551,641,42,19107,4219107,B5,G6350,S,1422418,0,+39.9517353,-075.1586542,N,POINT (-75.1636 39.9525)
USA26630,20 March 2021,2021,1,Demonstrations,Protests,Peaceful protest,Protesters (United States),African American Group (United States),6,,,0,60,,840,North America,United States,Pennsylvania,Philadelphia,,Philadelphia,39.9525,-75.1636,1,6ABC,Subnational,"On 20 March 2021, predominantly Black community activists and leaders marched in Philadelphia (Pennsylvania) against the rising gun violence in the city, calling for peace.",0,crowd size=no report,1617140132,641,42,19107,4219107,B5,G6350,S,1422418,0,+39.9517353,-075.1586542,N,POINT (-75.1636 39.9525)
USA26692,20 March 2021,2021,1,Demonstrations,Protests,Peaceful protest,Protesters (United States),Labor Group (United States),6,,,0,60,,840,North America,United States,Pennsylvania,Philadelphia,,Philadelphia,39.9525,-75.1636,1,Crowd Counting Consortium; Twitter,Other-New media,"On 20 March 2021, people and workers protested in Philadelphia (Pennsylvania) to show solidarity with Amazon workers trying to unionize.",0,crowd size=no report,1638920202,641,42,19107,4219107,B5,G6350,S,1422418,0,+39.9517353,-075.1586542,N,POINT (-75.1636 39.9525)
USA26424,17 March 2021,2021,1,Demonstrations,Protests,Peaceful protest,Protesters (United States),Stop Asian Hate; Asian American Group (United States),6,,,0,60,,840,North America,United States,Pennsylvania,Philadelphia,,Philadelphia,39.9525,-75.1636,1,Fox29,Subnational,"On 17 March 2021, dozens of Asian Americans and supporters held a vigil and protested in Chinatown in Philadelphia (Pennsylvania) in reaction to the mass killing of eight people, including six Asian women, in Georgia recently, as well as against white supremacy and to express solidarity with the Asian American community during a rise in hate crimes against people of Asian descent.",0,crowd size=dozens,1617744381,641,42,19107,4219107,B5,G6350,S,1422418,0,+39.9517353,-075.1586542,N,POINT (-75.1636 39.9525)
USA26571,13 March 2021,2021,1,Demonstrations,Protests,Peaceful protest,Protesters (United States),,6,,,0,60,,840,North America,United States,Pennsylvania,Philadelphia,,Philadelphia,39.9525,-75.1636,1,Crowd Counting Consortium; Twitter,Other-New media,"On 13 March 2021, people protested in Philadelphia (Pennsylvania) to call for Mumia Abu-Jamal to be released from prison, alleging that he is innocent and has suffered health issues since being diagnosed with the coronavirus.",0,crowd size=no report,1680633604,641,42,19107,4219107,B5,G6350,S,1422418,0,+39.9517353,-075.1586542,N,POINT (-75.1636 39.9525)
USA25960,11 March 2021,2021,1,Demonstrations,Protests,Peaceful protest,Protesters (United States),SEIU: Service Employees International Union; Labor Group (United States),6,,,0,60,,840,North America,United States,Pennsylvania,Philadelphia,,Philadelphia,39.9525,-75.1636,1,32BJ SEIU,Other,"On 11 March 2021, security officers protested at Temple University in Philadelphia (Pennsylvania) to call for better wages, short term disability benefits, a union, a workplace free of discrimination, and an adequate amount of sick leave.",0,crowd size=no report,1615930392,641,42,19107,4219107,B5,G6350,S,1422418,0,+39.9517353,-075.1586542,N,POINT (-75.1636 39.9525)
USA25948,10 March 2021,2021,1,Demonstrations,Protests,Peaceful protest,Protesters (United States),Labor Group (United States),6,,,0,60,,840,North America,United States,Pennsylvania,Philadelphia,,Philadelphia,39.9525,-75.1636,1,CBS3 (Philadelphia),Subnational,"On 10 March 2021, people organized by the Philadelphia Musicians' Union and the Philadelphia Unemployment Project protested outside Governor Wolf's office in Philadelphia (Pennsylvania) to call for musicians to be granted unemployment benefits after they have been out of work due to the coronavirus pandemic.",0,crowd size=no report,1707858551,641,42,19107,4219107,B5,G6350,S,1422418,0,+39.9517353,-075.1586542,N,POINT (-75.1636 39.9525)
USA56844,09 March 2021,2021,1,Demonstrations,Protests,Peaceful protest,Protesters (United States),Tuesdays with Toomey,6,,,0,60,,840,North America,United States,Pennsylvania,Philadelphia,,Philadelphia,39.9525,-75.1636,1,Facebook; Patriot-News,New media-Subnational,"On 9 March 2021, an unreported number of people demonstrated outside of Sen. Pat Toomey's office in Philadelphia (Pennsylvania) in opposition to the Senator and to call for an increase in the minimum wage. The protest was organized by Tuesdays with Toomey.",0,crowd size=no report,1686676531,641,42,19107,4219107,B5,G6350,S,1422418,0,+39.9517353,-075.1586542,N,POINT (-75.1636 39.9525)
USA25694,27 February 2021,2021,1,Demonstrations,Protests,Peaceful protest,Protesters (United States),,6,,,0,60,,840,North America,United States,Pennsylvania,Philadelphia,,Philadelphia,39.9525,-75.1636,1,CBS3 (Philadelphia); Philadelphia Inquirer,Subnational,"On 27 February 2021, about 40 people including members of MOVE protested at the District Attorney's office in Philadelphia (Pennsylvania) to call for an inmate who has the coronavirus to be released from the prison due to many supporters claiming he is innocent of the murder he was convicted for and are concerned for his health, as well as to call for all medically vulnerable prisoners to be released.",0,crowd size=about 40,1707858551,641,42,19107,4219107,B5,G6350,S,1422418,0,+39.9517353,-075.1586542,N,POINT (-75.1636 39.9525)
USA50979,26 February 2021,2021,1,Demonstrations,Protests,Peaceful protest,Protesters (United States),Latin American Group (United States),6,,,0,60,,840,North America,United States,Pennsylvania,Philadelphia,,Philadelphia,39.9525,-75.1636,1,Philadelphia Inquirer; Twitter,New media-Subnational,"On 26 February 2021, two dozen people rallied outside the ICE office in Philadelphia (Pennsylvania) in support of an immigrant from West Africa who was ordered to check-in at the office under the auspices of a potential deportation. Juntos (a Latinx organization) organized the rally.",0,crowd size=two dozen,1709055582,641,42,19107,4219107,B5,G6350,S,1422418,0,+39.9517353,-075.1586542,N,POINT (-75.1636 39.9525)
USA25529,25 February 2021,2021,1,Demonstrations,Protests,Peaceful protest,Protesters (United States),Labor Group (United States); SEIU: Service Employees International Union,6,,,0,60,,840,North America,United States,Pennsylvania,Philadelphia,,Philadelphia,39.9525,-75.1636,1,SEIU,Other,"On 25 February 2021, security officers protested at Temple University Hospital in Philadelphia (Pennsylvania) to call for Allied Universal Security to provide better wages and sick leave during the coronavirus pandemic. The event was organized by the local SEIU branch.",0,crowd size=no report,1614725570,641,42,19107,4219107,B5,G6350,S,1422418,0,+39.9517353,-075.1586542,N,POINT (-75.1636 39.9525)
USA56843,23 February 2021,2021,1,Demonstrations,Protests,Peaceful protest,Protesters (United States),Tuesdays with Toomey,6,,,0,60,,840,North America,United States,Pennsylvania,Philadelphia,,Philadelphia,39.9525,-75.1636,1,Facebook; Patriot-News,New media-Subnational,"On 23 February 2021, an unreported number of people demonstrated outside of Sen. Pat Toomey's office in Philadelphia (Pennsylvania) in opposition to the Senator and to call for various initiatives, such as a federal coronavirus relief package. The protest was organized by Tuesdays with Toomey.",0,crowd size=no report,1686676531,641,42,19107,4219107,B5,G6350,S,1422418,0,+39.9517353,-075.1586542,N,POINT (-75.1636 39.9525)
USA25369,20 February 2021,2021,1,Demonstrations,Protests,Peaceful protest,Protesters (United States),Labor Group (United States),6,,,0,60,,840,North America,United States,Pennsylvania,Philadelphia,,Philadelphia,39.9525,-75.1636,1,Crowd Counting Consortium; Teamsters,Other,"On 20 February 2021, people protested in Philadelphia (Pennsylvania) to support Amazon workers in Alabama during their effort to unionize.",0,crowd size=no report,1614725570,641,42,19107,4219107,B5,G6350,S,1422418,0,+39.9517353,-075.1586542,N,POINT (-75.1636 39.9525)
USA56842,16 February 2021,2021,1,Demonstrations,Protests,Peaceful protest,Protesters (United States),Tuesdays with Toomey,6,,,0,60,,840,North America,United States,Pennsylvania,Philadelphia,,Philadelphia,39.9525,-75.1636,1,Facebook; Patriot-News,New media-Subnational,"On 16 February 2021, an unreported number of people demonstrated outside of Sen. Pat Toomey's office in Philadelphia (Pennsylvania) in opposition to the Senator and President Donald Trump. The protest was organized by Tuesdays with Toomey.",0,crowd size=no report,1686676531,641,42,19107,4219107,B5,G6350,S,1422418,0,+39.9517353,-075.1586542,N,POINT (-75.1636 39.9525)
USA25117,14 February 2021,2021,1,Demonstrations,Protests,Peaceful protest,Protesters (United States),,6,,,0,60,,840,North America,United States,Pennsylvania,Philadelphia,,Philadelphia,39.9525,-75.1636,1,Philadelphia Inquirer; Crowd Counting Consortium,Other-Subnational,"On 14 February 2021, six people with ACT-UP Philly protested in Philadelphia (Pennsylvania) to call for hotel rooms to be used to keep the homeless population safe during the coronavirus pandemic due to unsafe conditions at the local shelters.",0,crowd size=six,1614122725,641,42,19107,4219107,B5,G6350,S,1422418,0,+39.9517353,-075.1586542,N,POINT (-75.1636 39.9525)
USA25091,13 February 2021,2021,1,Demonstrations,Protests,Peaceful protest,Protesters (United States),,6,,,0,60,,840,North America,United States,Pennsylvania,Philadelphia,,Philadelphia,39.9525,-75.1636,1,ABC News,National,"On 13 February 2021, a group of people protested outside of President Trump's impeachment trial lawyer's office in Philadelphia (Pennsylvania) calling him a fascist and accusing him of lying during the trial. People also vandalized his home the night before.",0,crowd size=no report,1680633500,641,42,19107,4219107,B5,G6350,S,1422418,0,+39.9517353,-075.1586542,N,POINT (-75.1636 39.9525)
USA25000,12 February 2021,2021,1,Demonstrations,Protests,Peaceful protest,Protesters (United States),Teachers (United States),6,,,0,60,,840,North America,United States,Pennsylvania,Philadelphia,,Philadelphia,39.9525,-75.1636,1,6ABC,Subnational,"On 12 February 2021, about 50 teachers protested at the Mayor's home in Philadelphia (Pennsylvania) to call for him to support safer school reopenings during the coronavirus pandemic and to provide more support for the teachers.",0,schools; crowd size=about 50,1613516909,641,42,19107,4219107,B5,G6350,S,1422418,0,+39.9517353,-075.1586542,N,POINT (-75.1636 39.9525)
USA25002,12 February 2021,2021,1,Demonstrations,Protests,Peaceful protest,Protesters (United States),,6,,,0,60,,840,North America,United States,Pennsylvania,Philadelphia,,Philadelphia,39.9525,-75.1636,1,Philadelphia Inquirer,Subnational,"On 12 February 2021, around 40 people protested outside City Hall in Philadelphia (Pennsylvania) against the death of Christian Hall, a 19-year-old who was shot by police while having a mental health crisis.",0,crowd size=around 40,1613516909,641,42,19107,4219107,B5,G6350,S,1422418,0,+39.9517353,-075.1586542,N,POINT (-75.1636 39.9525)
USA25295,12 February 2021,2021,1,Demonstrations,Protests,Peaceful protest,Protesters (United States),Refuse Fascism,6,,,0,60,,840,North America,United States,Pennsylvania,Philadelphia,,Philadelphia,39.9525,-75.1636,1,Refuse Fascism,Other,"On 12 February 2021, people with Refuse Fascism protested outside Senator Toomey's office in Philadelphia (Pennsylvania) to call for President Trump to be impeached and convicted after his role in inciting the riots at the Capitol on January 6.",0,crowd size=no report,1680633500,641,42,19107,4219107,B5,G6350,S,1422418,0,+39.9517353,-075.1586542,N,POINT (-75.1636 39.9525)
USA56841,09 February 2021,2021,1,Demonstrations,Protests,Peaceful protest,Protesters (United States),Tuesdays with Toomey,6,,,0,60,,840,North America,United States,Pennsylvania,Philadelphia,,Philadelphia,39.9525,-75.1636,1,Facebook; Patriot-News,New media-Subnational,"On 9 February 2021, an unreported number of people demonstrated outside of Sen. Pat Toomey's office in Philadelphia (Pennsylvania) in opposition to the Senator and President Donald Trump. The protest was organized by Tuesdays with Toomey.",0,crowd size=no report,1686676531,641,42,19107,4219107,B5,G6350,S,1422418,0,+39.9517353,-075.1586542,N,POINT (-75.1636 39.9525)
USA24902,08 February 2021,2021,1,Demonstrations,Protests,Peaceful protest,Protesters (United States),Refuse Fascism,6,,,0,60,,840,North America,United States,Pennsylvania,Philadelphia,,Philadelphia,39.9525,-75.1636,1,Refuse Fascism,Other,"On 8 February 2021, people with Refuse Fascism protested at Senator Toomey's office in Philadelphia (Pennsylvania) to call for the Senate to convict President Trump in his impeachment trial.",0,crowd size=no report,1680633500,641,42,19107,4219107,B5,G6350,S,1422418,0,+39.9517353,-075.1586542,N,POINT (-75.1636 39.9525)
USA24916,08 February 2021,2021,1,Demonstrations,Protests,Peaceful protest,Protesters (United States),AFL-CIO: American Federation of Labor and Congress of Industrial Organizations; Labor Group (United States); Teachers (United States),6,,,0,60,,840,North America,United States,Pennsylvania,Philadelphia,,Philadelphia,39.9525,-75.1636,1,CBS3 (Philadelphia); NPR WHYY; Philadelphia Inquirer; Twitter,New media-Subnational,"On 8 February 2021, hundreds of teachers including members of the AFL-CIO and Caucus of Working Educators protested at dozens of schools in Philadelphia (Pennsylvania) against returning to schools in-person until it is safe during the coronavirus pandemic.",0,crowd size=hundreds; schools,1707858551,641,42,19107,4219107,B5,G6350,S,1422418,0,+39.9517353,-075.1586542,N,POINT (-75.1636 39.9525)
USA22167,29 January 2021,2021,1,Demonstrations,Protests,Peaceful protest,Protesters (United States),Women (United States); African American Group (United States),6,,,0,60,,840,North America,United States,Pennsylvania,Philadelphia,,Philadelphia,39.9525,-75.1636,1,6ABC,Subnational,"On 29 January 2021, activists, led by Black women, protested by sleeping outside near the site of a shooting in Philadelphia (Pennsylvania) to raise awareness for the rising crime rate in the city.",0,crowd size=no report,1612546516,641,42,19107,4219107,B5,G6350,S,1422418,0,+39.9517353,-075.1586542,N,POINT (-75.1636 39.9525)
USA22126,23 January 2021,2021,1,Demonstrations,Protests,Peaceful protest,Protesters (United States),Christian Group (United States),6,Protesters (United States),Women (United States); Refuse Fascism,6,66,,840,North America,United States,Pennsylvania,Philadelphia,,Philadelphia,39.9525,-75.1636,1,Refuse Fascism; Twitter; Crowd Counting Consortium,Other-New media,"On 23 January 2021, Christians with the Pro-Life Union of Greater Philadelphia marched in Philadelphia (Pennsylvania) against abortion rights. Women counter-demonstrating with Refuse Fascism marched in support of abortion rights.",0,counter-demonstration; crowd size=no report,1680633603,641,42,19107,4219107,B5,G6350,S,1422418,0,+39.9517353,-075.1586542,N,POINT (-75.1636 39.9525)
USA56840,19 January 2021,2021,1,Demonstrations,Protests,Peaceful protest,Protesters (United States),Tuesdays with Toomey,6,,,0,60,,840,North America,United States,Pennsylvania,Philadelphia,,Philadelphia,39.9525,-75.1636,1,Facebook; Patriot-News,New media-Subnational,"On 19 January 2021, an unreported number of people demonstrated outside of Sen. Pat Toomey's office in Philadelphia (Pennsylvania) in opposition to the Senator and President Donald Trump. The protest was organized by Tuesdays with Toomey.",0,crowd size=no report,1686676531,641,42,19107,4219107,B5,G6350,S,1422418,0,+39.9517353,-075.1586542,N,POINT (-75.1636 39.9525)
USA21924,18 January 2021,2021,1,Demonstrations,Protests,Peaceful protest,Protesters (United States),Women (United States),6,,,0,60,,840,North America,United States,Pennsylvania,Philadelphia,,Philadelphia,39.9525,-75.1636,1,NPR WHYY,Subnational,"On 18 January 2021, a handful of mothers with Voices by Choices protested in Philadelphia (Pennsylvania) against gun violence and pushing for stricter gun restrictions.",0,crowd size=a handful,1680633690,641,42,19107,4219107,B5,G6350,S,1422418,0,+39.9517353,-075.1586542,N,POINT (-75.1636 39.9525)
USA22129,16 January 2021,2021,1,Demonstrations,Protests,Peaceful protest,Protesters (United States),Refuse Fascism,6,,,0,60,,840,North America,United States,Pennsylvania,Philadelphia,,Philadelphia,39.9525,-75.1636,1,Refuse Fascism; Twitter,Other-New media,"On 16 January 2021, people with Refuse Fascism held a car caravan protest in Philadelphia (Pennsylvania) against President Trump and against fascism, and to call for President Trump to be removed from office.",0,crowd size=no report,1680633603,641,42,19107,4219107,B5,G6350,S,1422418,0,+39.9517353,-075.1586542,N,POINT (-75.1636 39.9525)
USA21087,09 January 2021,2021,1,Demonstrations,Protests,Peaceful protest,Protesters (United States),Refuse Fascism,6,,,0,60,,840,North America,United States,Pennsylvania,Philadelphia,,Philadelphia,39.9525,-75.1636,1,CBS3 (Philadelphia); Fox29,Subnational,"On 9 January 2021, a small group of people with Refuse Fascism protested in Philadelphia (Pennsylvania) to call for President Trump and Vice President Pence to be removed from office after the violence at the Capitol the previous week.",0,crowd size=a small group,1707858551,641,42,19107,4219107,B5,G6350,S,1422418,0,+39.9517353,-075.1586542,N,POINT (-75.1636 39.9525)
USA20219,06 January 2021,2021,1,Demonstrations,Protests,Peaceful protest,Protesters (United States),Refuse Fascism,6,,,0,60,,840,North America,United States,Pennsylvania,Philadelphia,,Philadelphia,39.9525,-75.1636,1,Crowd Counting Consortium; Twitter,Other-New media,"On 6 January 2021, people with Refuse Fascism protested in Philadelphia (Pennsylvania) against President Trump and his allegations of voter fraud during the presidential election.",0,crowd size=no report,1680633603,641,42,19107,4219107,B5,G6350,S,1422418,0,+39.9517353,-075.1586542,N,POINT (-75.1636 39.9525)
USA20096,04 January 2021,2021,1,Demonstrations,Protests,Peaceful protest,Protesters (United States),Students (United States),6,,,0,60,,840,North America,United States,Pennsylvania,Philadelphia,,Philadelphia,39.9525,-75.1636,1,CBS3 (Philadelphia); NPR WHYY,Subnational,"On 4 January 2021, dozens of students and supporters with the Debt Collective protested outside President-Elect Biden's office in Philadelphia (Pennsylvania) to call for him to cancel all federal student loan debt and to raise awareness for how cancelling debt would benefit communities of color and marginalized groups.",0,crowd size=dozens,1707858551,641,42,19107,4219107,B5,G6350,S,1422418,0,+39.9517353,-075.1586542,N,POINT (-75.1636 39.9525)
USA20005,01 January 2021,2021,1,Demonstrations,Protests,Peaceful protest,Protesters (United States),,6,,,0,60,,840,North America,United States,Pennsylvania,Philadelphia,,Philadelphia,39.9525,-75.1636,1,PhillyVoice; Fox29,Subnational,"On 1 January 2021, a small group of people with the Mummers marched in Philadelphia (Pennsylvania) against restrictions during the coronavirus pandemic and against the Mayor not allowing the traditional Mummers' New Years Day parade.",0,crowd size=a small group,1680633501,641,42,19107,4219107,B5,G6350,S,1422418,0,+39.9517353,-075.1586542,N,POINT (-75.1636 39.9525)
USA37578,17 December 2021,2021,1,Demonstrations,Protests,Peaceful protest,Protesters (United States),African American Group (United States); BLM: Black Lives Matter,6,,,0,60,,840,North America,United States,Pennsylvania,Allegheny,,Pittsburgh,40.4406,-79.9958,1,TribLive,Subnational,"On 17 December 2021, about 20 people gathered outside the city council building in Pittsburgh (Pennsylvania) to call for justice in the killing of Jim Rogers, a Black man who died on October 13, 2021 after being tasered by police. Among those at the demonstration were Rogers' family members. The protest was consistent with the Black Lives Matter movement.",0,crowd size=about 20,1706054162,243,42,15219,4215219,B5,G6350,S,5942318,980912,+40.4422292,-079.9827936,N,POINT (-79.9958 40.4406)
USA37585,16 December 2021,2021,1,Demonstrations,Protests,Peaceful protest,Protesters (United States),,6,,,0,60,,840,North America,United States,Pennsylvania,Allegheny,,Pittsburgh,40.4406,-79.9958,1,Pittsburgh Post-Gazette,Subnational,"On 16 December 2021, community activists organized by Pittsburghers for Public Transit gathered in Pittsburgh (Pennsylvania) to call on the mayor-elect to improve access to public transportation and reduce costs in the city.",0,crowd size=no report,1706054162,243,42,15219,4215219,B5,G6350,S,5942318,980912,+40.4422292,-079.9827936,N,POINT (-79.9958 40.4406)
USA37507,15 December 2021,2021,1,Demonstrations,Protests,Peaceful protest,Protesters (United States),Health Workers (United States); Labor Group (United States); SEIU: Service Employees International Union,6,,,0,60,,840,North America,United States,Pennsylvania,Allegheny,,Pittsburgh,40.4406,-79.9958,1,Pittsburgh Post-Gazette,Subnational,"On 15 December 2021, about 12 nurses represented by SEIU gathered outside UPMC hospital in Pittsburgh (Pennsylvania) to protest overcrowding of hospitals caused by the coronavirus pandemic and call for better wages and working conditions.",0,crowd size=about 12,1706054162,243,42,15219,4215219,B5,G6350,S,5942318,980912,+40.4422292,-079.9827936,N,POINT (-79.9958 40.4406)
USA37540,12 December 2021,2021,1,Demonstrations,Protests,Peaceful protest,Protesters (United States),BLM: Black Lives Matter; DEM: Democratic Party; Government of the United States (2021-); Protestant Christian Group (United States),6,,,0,60,,840,North America,United States,Pennsylvania,Allegheny,,Pittsburgh,40.4406,-79.9958,1,Pittsburgh Post-Gazette,Subnational,"On 12 December 2021, people, including Democratic city council member Deborah Gross, organized by a Quaker organization and First United Methodist Church gathered in Pittsburgh (Pennsylvania) for a vigil and protest in support of the Black Lives Matter movement and against the death of Jim Rogers, a Black man who died after police hit him with a taser on 13 October 2021.",0,crowd size=no report,1706054162,243,42,15219,4215219,B5,G6350,S,5942318,980912,+40.4422292,-079.9827936,N,POINT (-79.9958 40.4406)
USA37215,01 December 2021,2021,1,Demonstrations,Protests,Peaceful protest,Protesters (United States),PP: Planned Parenthood; Students (United States); Women (United States),6,,,0,60,,840,North America,United States,Pennsylvania,Allegheny,,Pittsburgh,40.4406,-79.9958,1,Pittsburgh City Paper; Pittsburgh Post-Gazette,Subnational,"On 1 December 2021, about 50 people including representatives from Planned Parenthood and students at the University of Pittsburgh gathered in Pittsburgh (Pennsylvania) to protest in support of access to legal abortion as the U.S. Supreme Court began a hearing on Mississippi's anti-abortion bill.",0,crowd size=about 50,1706054162,243,42,15219,4215219,B5,G6350,S,5942318,980912,+40.4422292,-079.9827936,N,POINT (-79.9958 40.4406)
USA37248,01 December 2021,2021,1,Demonstrations,Protests,Peaceful protest,Protesters (United States),,6,,,0,60,,840,North America,United States,Pennsylvania,Allegheny,,Pittsburgh,40.4406,-79.9958,1,Channel 11 (Pittsburgh),Subnational,"On 1 December 2021, a small group of people gathered outside the house of Allegheny county executive Rich Fitzgerald in Pittsburgh (Pennsylvania) to protest against the county mandate that executive branch officials must be vaccinated against coronavirus.",0,crowd size=a small group,1706054162,243,42,15219,4215219,B5,G6350,S,5942318,980912,+40.4422292,-079.9827936,N,POINT (-79.9958 40.4406)
USA37192,30 November 2021,2021,1,Demonstrations,Protests,Peaceful protest,Protesters (United States),BLM: Black Lives Matter,6,,,0,60,,840,North America,United States,Pennsylvania,Allegheny,,Pittsburgh,40.4406,-79.9958,1,Pittsburgh Post-Gazette,Subnational,"On 30 November 2021, about 25 people marched to the house of mayor-elect Ed Gainey in Pittsburgh (Pennsylvania) to call for justice following the death of Jim Rogers, a Black man who died after police tased him on 13 October.",0,crowd size=about 25,1706054162,243,42,15219,4215219,B5,G6350,S,5942318,980912,+40.4422292,-079.9827936,N,POINT (-79.9958 40.4406)
USA36933,18 November 2021,2021,1,Demonstrations,Protests,Peaceful protest,Protesters (United States),AFL-CIO: American Federation of Labor and Congress of Industrial Organizations; AFT: American Federation of Teachers; DEM: Democratic Party; Government of the United States (2021-); Health Workers (United States); Labor Group (United States); Teachers (United States); USW: United Steelworkers,6,,,0,60,,840,North America,United States,Pennsylvania,Allegheny,,Pittsburgh,40.4406,-79.9958,1,TribLive,Subnational,"On 18 November 2021, more than 100 health workers and University of Pittsburgh Medical Center staff gathered in Pittsburgh (Pennsylvania) to call for better pay, working conditions and the establishment of a union to represent their interests. Demonstrators were joined by State Sen. Lindsey Williams (D), Lt. Gov. John Fetterman (D), Pittsburgh Mayor-elect Ed Gainey (D) and several state lawmakers and city and Allegheny County officials. Several other pro-union groups also attended, including United Steelworkers of America, Pittsburgh Federation of Teachers, and American Federation of Labor and Congress of Industrial Organizations (AFL-CIO).",0,crowd size=more than 100,1706054162,243,42,15219,4215219,B5,G6350,S,5942318,980912,+40.4422292,-079.9827936,N,POINT (-79.9958 40.4406)
USA36926,13 November 2021,2021,1,Demonstrations,Protests,Peaceful protest,Protesters (United States),Students (United States),6,,,0,60,,840,North America,United States,Pennsylvania,Allegheny,,Pittsburgh,40.4406,-79.9958,1,Pitt News,Subnational,"On 13 November 2021, about 50 students from Chatham University, Carnegie Mellon, and Pitt marched in Pittsburgh (Pennsylvania) to call for their schools to divest from fossil fuels and adopt more climate friendly policies.",0,crowd size=about 50,1706054162,243,42,15219,4215219,B5,G6350,S,5942318,980912,+40.4422292,-079.9827936,N,POINT (-79.9958 40.4406)
USA36648,12 November 2021,2021,1,Demonstrations,Protests,Peaceful protest,Protesters (United States),BLM: Black Lives Matter,6,,,0,60,,840,North America,United States,Pennsylvania,Allegheny,,Pittsburgh,40.4406,-79.9958,1,TribLive; WTAE4,Subnational,"On 12 November 2021, dozens of people gathered and blocked a street in downtown Pittsburgh (Pennsylvania) to call for justice following the death of Jim Rogers, a Black man who died after being hit with a taser by police on October 13.",0,crowd size=dozens,1706054161,243,42,15219,4215219,B5,G6350,S,5942318,980912,+40.4422292,-079.9827936,N,POINT (-79.9958 40.4406)
USA36654,12 November 2021,2021,1,Demonstrations,Protests,Peaceful protest,Protesters (United States),DEM: Democratic Party; GOP: Republican Party; Government of the United States (2021-),6,,,0,60,,840,North America,United States,Pennsylvania,Allegheny,,Pittsburgh,40.4406,-79.9958,1,Pittsburgh City Paper,Subnational,"On 12 November 2021, former prisoners, along with Pennsylvania State Senator Camera Bartolotta (R) and Pennsylvania State Representatives Sara Innamorato (D) and Summer Lee (D) gathered in downtown Pittsburgh (Pennsylvania) to protest in support of proposed legislation that would make it easier for prisoners serving life sentences to obtain a commutation. Other participating groups included Straight Ahead, the Abolitionist Law Center, 1Hood Media, and the Alliance for Police Accountability.",0,crowd size=no report,1706054162,243,42,15219,4215219,B5,G6350,S,5942318,980912,+40.4422292,-079.9827936,N,POINT (-79.9958 40.4406)
USA36713,07 November 2021,2021,1,Demonstrations,Protests,Peaceful protest,Protesters (United States),Labor Group (United States); USW: United Steelworkers,6,,,0,60,,840,North America,United States,Pennsylvania,Allegheny,,Pittsburgh,40.4406,-79.9958,1,Pittsburgh Post-Gazette,Subnational,"On 7 November 2021, about 24 library workers organized by United Steelworkers, gathered outside the Carnegie Library in Pittsburgh (Pennsylvania) to call for better wages and contract representation of a union.",0,crowd size=about 24,1706054162,243,42,15219,4215219,B5,G6350,S,5942318,980912,+40.4422292,-079.9827936,N,POINT (-79.9958 40.4406)
USA36649,06 November 2021,2021,1,Demonstrations,Protests,Peaceful protest,Protesters (United States),African American Group (United States); BLM: Black Lives Matter,6,,,0,60,,840,North America,United States,Pennsylvania,Allegheny,,Pittsburgh,40.4406,-79.9958,1,Pittsburgh Post-Gazette,Subnational,"On 6 November 2021, about 30 people including family members and supporters marched through Pittsburgh (Pennsylvania) to call for justice following the death of Jim Rogers, a Black man who died after being hit with a taser by police on October 13.",0,crowd size=about 30,1706054162,243,42,15219,4215219,B5,G6350,S,5942318,980912,+40.4422292,-079.9827936,N,POINT (-79.9958 40.4406)
USA36530,05 November 2021,2021,1,Demonstrations,Protests,Peaceful protest,Protesters (United States),Labor Group (United States),6,,,0,60,,840,North America,United States,Pennsylvania,Allegheny,,Pittsburgh,40.4406,-79.9958,1,Pittsburgh Post-Gazette,Subnational,"On 5 November 2021, about 30 people gathered outside the Allegheny county courthouse in Pittsburgh (Pennsylvania) to protest against the federal mandate for companies with over 100 workers to require employees be vaccinated against coronavirus.",0,crowd size=about 30,1706054161,243,42,15219,4215219,B5,G6350,S,5942318,980912,+40.4422292,-079.9827936,N,POINT (-79.9958 40.4406)
USA36531,05 November 2021,2021,1,Demonstrations,Protests,Peaceful protest,Protesters (United States),DEM: Democratic Party; Government of the United States (2021-); Health Workers (United States); Labor Group (United States); SEIU: Service Employees International Union,6,,,0,60,,840,North America,United States,Pennsylvania,Allegheny,,Pittsburgh,40.4406,-79.9958,1,ABC23; Pittsburgh Post-Gazette,Subnational,"On 5 November 2021, members of the University of Pittsburgh Medical Center organized by SEIU, and state senator Lindsey Williams (D), gathered outside the headquarters in Pittsburgh (Pennsylvania) to hold a rally and announce plans for a larger strike on November 18, which will call on the company to raise wages and improve working conditions.",0,crowd size=no report,1706054161,243,42,15219,4215219,B5,G6350,S,5942318,980912,+40.4422292,-079.9827936,N,POINT (-79.9958 40.4406)
USA36240,27 October 2021,2021,1,Demonstrations,Protests,Peaceful protest,Protesters (United States),Cancel the Rents Movement,6,,,0,60,,840,North America,United States,Pennsylvania,Allegheny,,Pittsburgh,40.4406,-79.9958,1,Pittsburgh City Paper,Subnational,"On 27 October 2021, people including members of Pittsburgh United protested outside of the Allegheny County Courthouse in Pittsburgh (Pennsylvania) calling for the coronavirus eviction moratorium to be extended.",0,crowd size=no report,1706054161,243,42,15219,4215219,B5,G6350,S,5942318,980912,+40.4422292,-079.9827936,N,POINT (-79.9958 40.4406)
USA36309,26 October 2021,2021,1,Demonstrations,Protests,Peaceful protest,Protesters (United States),Teachers (United States),6,,,0,60,,840,North America,United States,Pennsylvania,Allegheny,,Pittsburgh,40.4406,-79.9958,1,KDKA2,Subnational,"On 26 October 2021, Point Park University faculty members marched through downtown Pittsburgh (Pennsylvania) to demand a new contract with the university, following 23 negotiating sessions with university administrators.",0,crowd size=no report,1706054161,243,42,15219,4215219,B5,G6350,S,5942318,980912,+40.4422292,-079.9827936,N,POINT (-79.9958 40.4406)
USA36006,22 October 2021,2021,1,Demonstrations,Protests,Peaceful protest,Protesters (United States),BLM: Black Lives Matter,6,,,0,60,,840,North America,United States,Pennsylvania,Allegheny,,Pittsburgh,40.4406,-79.9958,1,WTAE4,Subnational,"On 22 October 2021, community members gathered in Pittsburgh (Pennsylvania) to demand justice for Jim Rogers, a Black man who died after being tased by police on October 13, 2021.",0,crowd size=no report,1706054161,243,42,15219,4215219,B5,G6350,S,5942318,980912,+40.4422292,-079.9827936,N,POINT (-79.9958 40.4406)
USA36085,21 October 2021,2021,1,Demonstrations,Protests,Peaceful protest,Protesters (United States),,6,,,0,60,,840,North America,United States,Pennsylvania,Allegheny,,Pittsburgh,40.4406,-79.9958,1,KDKA2; TribLive,Subnational,"On 21 October 2021, members of the group 'Protect Penn Trafford' protested outside the Pennsylvania Department of Environmental Protection offices in Pittsburgh (Pennsylvania) to call for a ban on a proposed fracking project in Penn Township.",0,crowd size=no report,1706054161,243,42,15219,4215219,B5,G6350,S,5942318,980912,+40.4422292,-079.9827936,N,POINT (-79.9958 40.4406)
USA36065,13 October 2021,2021,1,Political violence,Violence against civilians,Attack,Police Forces of the United States (2021-),,1,Civilians (United States),African American Group (United States),7,17,Civilian targeting,840,North America,United States,Pennsylvania,Allegheny,,Pittsburgh,40.4406,-79.9958,1,WTAE4,Subnational,"On 13 October 2021, police tasered a 54-year-old Black man, Jim Rogers, in Pittsburgh (Pennsylvania) while responding to a report of a stolen bicycle. Rogers died the following day in the hospital. The incident has led to protests against his treatment by police forces.",1,,1706054161,243,42,15219,4215219,B5,G6350,S,5942318,980912,+40.4422292,-079.9827936,N,POINT (-79.9958 40.4406)
USA35807,12 October 2021,2021,1,Demonstrations,Protests,Peaceful protest,Protesters (United States),DSA: Democratic Socialists of America; SM: Sunrise Movement,6,,,0,60,,840,North America,United States,Pennsylvania,Allegheny,,Pittsburgh,40.4406,-79.9958,1,Pittsburgh City Paper,Subnational,"On 12 October 2021, a group of people, including members of the Democratic Socialists of America, the Sunrise Movement, and the Ohio Valley Environmental Resistance gathered outside the home of US Senator Joe Manchin's daughter in Pittsburgh (Pennsylvania) to demonstrate against Senator Manchin's refusal to support the Build Back Better Act and to demand that Senator Manchin's daughter help lobby her father to support the bill.",0,crowd size=no report,1706054161,243,42,15219,4215219,B5,G6350,S,5942318,980912,+40.4422292,-079.9827936,N,POINT (-79.9958 40.4406)
USA35422,02 October 2021,2021,1,Demonstrations,Protests,Peaceful protest,Protesters (United States),DEM: Democratic Party; Government of the United States (2021-); Women (United States),6,,,0,60,,840,North America,United States,Pennsylvania,Allegheny,,Pittsburgh,40.4406,-79.9958,1,Channel 11 (Pittsburgh); KDKA2; Pennsylvania Capital-Star; Pittsburgh City Paper; Pittsburgh Post-Gazette,Subnational,"On 2 October 2021, thousands of people, organized by Women's March-Pittsburgh, gathered in Pittsburgh (Pennsylvania) for a 'March to Defend Our Reproductive Rights' to demonstrate in favor of legal abortion and against Texas's anti-abortion 'heartbeat bill.' Demonstrators also demonstrated against 'fake abortion clinics.' Participants in the rally included US Representative Mike Doyle (D) and Ed Gainey, the Democratic nominee for Pittsburgh mayor.",0,crowd size=thousands,1706054161,243,42,15219,4215219,B5,G6350,S,5942318,980912,+40.4422292,-079.9827936,N,POINT (-79.9958 40.4406)
USA35429,02 October 2021,2021,1,Demonstrations,Protests,Peaceful protest,Protesters (United States),,6,,,0,60,,840,North America,United States,Pennsylvania,Allegheny,,Pittsburgh,40.4406,-79.9958,1,KDKA2,Subnational,"On 2 October 2021, a group of people gathered in Pittsburgh (Pennsylvania) to demonstrate for an end to gerrymandering.",0,crowd size=no report,1706054161,243,42,15219,4215219,B5,G6350,S,5942318,980912,+40.4422292,-079.9827936,N,POINT (-79.9958 40.4406)
USA34832,24 September 2021,2021,1,Demonstrations,Protests,Peaceful protest,Protesters (United States),DSA: Democratic Socialists of America; GPUS: Green Party of the United States; Labor Group (United States); Raging Grannies; SM: Sunrise Movement; Students (United States); Women (United States),6,,,0,60,,840,North America,United States,Pennsylvania,Allegheny,,Pittsburgh,40.4406,-79.9958,1,Pitt News; Pittsburgh City Paper; Twitter,New media-Subnational,"On 24 September 2021, about 100-200 people, including students, members of the Sunrise Movement Pittsburgh, the Green Party, the Group Against Smog and Pollution, the Izaak Walton League, One Pennsylvania, Raging Grannies, Democratic Socialists of America, and the Pittsburgh Labor Choir marched from the Oakland neighborhood to the City Council Building in Pittsburgh (Pennsylvania) to demand that more action be taken to combat climate change. Demonstrators also called for more youth representation in local climate decisions, for fracking to be banned, and for large businesses to be taxed in order to fund green infrastructure.",0,crowd size=about 100-200,1706054161,243,42,15219,4215219,B5,G6350,S,5942318,980912,+40.4422292,-079.9827936,N,POINT (-79.9958 40.4406)
USA34334,07 September 2021,2021,1,Demonstrations,Protests,Peaceful protest,Protesters (United States),African American Group (United States); Former Government of the United States (2021-),6,,,0,60,,840,North America,United States,Pennsylvania,Allegheny,,Pittsburgh,40.4406,-79.9958,1,Channel 11 (Pittsburgh); WTAE4,Subnational,"On 7 September 2021, a group of people, including members of the Western Pennsylvania Black Political Assembly, as well as a former board member of Pittsburgh Public Schools, gathered outside the Pittsburgh Public Schools administrative building in the Oakland neighborhood of Pittsburgh (Pennsylvania) to demonstrate support for superintendent Anthony Hamlet. Pennsylvania's State Ethics Commission recently claimed that Hamlet violated ethics codes related to travel expenses.",0,crowd size=no report,1706054161,243,42,15219,4215219,B5,G6350,S,5942318,980912,+40.4422292,-079.9827936,N,POINT (-79.9958 40.4406)
USA33125,02 September 2021,2021,1,Demonstrations,Protests,Peaceful protest,Protesters (United States),,6,,,0,60,,840,North America,United States,Pennsylvania,Allegheny,,Pittsburgh,40.4406,-79.9958,1,WTAE4,Subnational,"On 2 September 2021, more than 40 people gathered outside the administration building of Pittsburgh Public Schools in Pittsburgh (Pennsylvania) to demand that a 'No Confidence' vote be passed against Superintendent Dr. Anthony Hamlet. Dr. Hamlet was previously found to have improperly filed financial disclosures and travel reimbursements by the State Ethics Commission.",0,crowd size=more than 40,1706054161,243,42,15219,4215219,B5,G6350,S,5942318,980912,+40.4422292,-079.9827936,N,POINT (-79.9958 40.4406)
USA33080,28 August 2021,2021,1,Demonstrations,Protests,Peaceful protest,Protesters (United States),PSL: Party for Socialism and Liberation,6,,,0,60,,840,North America,United States,Pennsylvania,Allegheny,,Pittsburgh,40.4406,-79.9958,1,Pittsburgh Post-Gazette,Subnational,"On 28 August 2021, a group of people, organized by the Party for Socialism and Liberation, gathered at Allegheny Commons Park in Pittsburgh (Pennsylvania) to demonstrate against the US Supreme Court's decision to end to eviction moratorium, which had been put in place because of the coronavirus pandemic.",0,crowd size=no report,1706054161,243,42,15219,4215219,B5,G6350,S,5942318,980912,+40.4422292,-079.9827936,N,POINT (-79.9958 40.4406)
USA33853,19 August 2021,2021,1,Demonstrations,Protests,Peaceful protest,Protesters (United States),Sierra Club; Women (United States),6,,,0,60,,840,North America,United States,Pennsylvania,Allegheny,,Pittsburgh,40.4406,-79.9958,1,32BJ SEIU; Facebook,Other-New media,"On 19 August 2021, a group of people gathered outside the Pittsburgh (Pennsylvania) offices of US Representative Conor Lamb (D) for a 'Seal the Deal' rally, demanding that Representative Lamb support a $3.5 trillion resolution bill for 'climate justice,' care jobs, and infrastructure, among other things. Members of Pittsburghers for Public Transit, Sierra Club Pennsylvania Chapter, Women for a Healthy Environment, and Western PA for Just Solutions participated in the rally which took place as part of nationwide 'Seal the Deal' rallies.",0,crowd size=no report,1706054161,243,42,15219,4215219,B5,G6350,S,5942318,980912,+40.4422292,-079.9827936,N,POINT (-79.9958 40.4406)
USA33966,16 August 2021,2021,1,Demonstrations,Protests,Peaceful protest,Protesters (United States),Students (United States),6,,,0,60,,840,North America,United States,Pennsylvania,Allegheny,,Pittsburgh,40.4406,-79.9958,1,Pittsburgh Post-Gazette,Subnational,"On 16 August 2021, a group of people, including students, parents, and members of Protect Our Students in Pine-Richland Now gathered in front of a high school in Pittsburgh (Pennsylvania) to call for urgent action against what demonstrators called 'the district's dismissive attitude toward sexual assault and the intimidation of children and survivors of sexual assault.' Demonstrators also called for the resignation of Superintendent Brian Miller and Assistant Superintendent Michael Pasquinelli; failing that, they said they would call for the resignation of the entire school board, apart from one member who was appointed recently.",0,crowd size=no report,1706054161,243,42,15219,4215219,B5,G6350,S,5942318,980912,+40.4422292,-079.9827936,N,POINT (-79.9958 40.4406)
USA33608,11 August 2021,2021,1,Demonstrations,Protests,Peaceful protest,Protesters (United States),Students (United States),6,,,0,60,,840,North America,United States,Pennsylvania,Allegheny,,Pittsburgh,40.4406,-79.9958,1,KDKA2; Public Source; Twitter,New media-Subnational,"On 11 August 2021, about 50-70 parents and students, including the president of Alliance for Police Accountability, gathered outside the Pittsburgh Public Schools Administration Building in the Oakland neighborhood of Pittsburgh (Pennsylvania) to demonstrate against the district's plan to delay the start of school by two weeks. The school reportedly cited transportation issues related to COVID-19 as the reason for the delay.",0,crowd size=about 50-70,1706054161,243,42,15219,4215219,B5,G6350,S,5942318,980912,+40.4422292,-079.9827936,N,POINT (-79.9958 40.4406)
USA33406,03 August 2021,2021,1,Demonstrations,Protests,Peaceful protest,Protesters (United States),Health Workers (United States); SEIU: Service Employees International Union,6,,,0,60,,840,North America,United States,Pennsylvania,Allegheny,,Pittsburgh,40.4406,-79.9958,1,WTAE4,Subnational,"On 3 August 2021, a group of nurses, represented through SEIU Healthcare Pennsylvania, gathered in Friendship Park (Pittsburgh) for a vigil and demonstration, during which they called on hospital leadership at West Penn Hospital to agree to a new union contract and to avoid a strike.",0,crowd size=no report,1706054161,243,42,15219,4215219,B5,G6350,S,5942318,980912,+40.4422292,-079.9827936,N,POINT (-79.9958 40.4406)
USA32990,27 July 2021,2021,1,Demonstrations,Protests,Peaceful protest,Protesters (United States),African American Group (United States),6,,,0,60,,840,North America,United States,Pennsylvania,Allegheny,,Pittsburgh,40.4406,-79.9958,1,KDKA2,Subnational,"On 27 July 2021, a group of predominantly Black people, organized by the South Pittsburgh Coalition for Peace, gathered in the Saint Clair neighborhood of Pittsburgh (Pennsylvania) for a 'Stop The Violence Rally and Prayer Vigil' to demonstrate against recent shootings in the Pittsburgh area.",0,crowd size=no report,1706054161,243,42,15219,4215219,B5,G6350,S,5942318,980912,+40.4422292,-079.9827936,N,POINT (-79.9958 40.4406)
USA32686,20 July 2021,2021,1,Demonstrations,Protests,Peaceful protest,Protesters (United States),Labor Group (United States),6,,,0,60,,840,North America,United States,Pennsylvania,Allegheny,,Pittsburgh,40.4406,-79.9958,1,Channel 11 (Pittsburgh),Subnational,"On 20 July 2021, a group of people, including members of the Mon-Valley Unemployed Committee, gathered in front of the Federal Building in Pittsburgh (Pennsylvania) to demand action on 'illegally halted unemployment benefits.'",0,crowd size=no report,1706054161,243,42,15219,4215219,B5,G6350,S,5942318,980912,+40.4422292,-079.9827936,N,POINT (-79.9958 40.4406)
USA32643,19 July 2021,2021,1,Demonstrations,Protests,Peaceful protest,Protesters (United States),African American Group (United States),6,,,0,60,,840,North America,United States,Pennsylvania,Allegheny,,Pittsburgh,40.4406,-79.9958,1,Channel 11 (Pittsburgh),Subnational,"On 19 July 2021, a group of people, including members of The Black Political Empowerment Project and the Western Pennsylvania Black Political Assembly gathered at Freedom Corner in Pittsburgh (Pennsylvania) to demand that Pittsburgh City Council use federal coronavirus pandemic recovery funds to help communities in need.",0,crowd size=no report,1706054161,243,42,15219,4215219,B5,G6350,S,5942318,980912,+40.4422292,-079.9827936,N,POINT (-79.9958 40.4406)
USA32109,02 July 2021,2021,1,Demonstrations,Protests,Peaceful protest,Protesters (United States),,6,,,0,60,,840,North America,United States,Pennsylvania,Allegheny,,Pittsburgh,40.4406,-79.9958,1,WTAE4,Subnational,"On 2 July 2021, a group of people gathered in the Forest Hills area of Pittsburgh (Pennsylvania) to demonstrate support for the For the People Act and the John Lewis Voting Rights Act.",0,crowd size=no report,1706054161,243,42,15219,4215219,B5,G6350,S,5942318,980912,+40.4422292,-079.9827936,N,POINT (-79.9958 40.4406)
USA31841,01 July 2021,2021,1,Demonstrations,Protests,Peaceful protest,Protesters (United States),DEM: Democratic Party; Government of the United States (2021-); Health Workers (United States); SEIU: Service Employees International Union,6,,,0,60,,840,North America,United States,Pennsylvania,Allegheny,,Pittsburgh,40.4406,-79.9958,1,TribLive,Subnational,"On 1 July 2021, a group of people, including nurses unionized under Service Employees International Union Healthcare Pennsylvania along with State Senator Jay Costa (D) and Pittsburgh City Councilwoman Deb Gross (D) gathered in Pittsburgh (Pennsylvania) to demonstrate for improvements in salaries, benefits, and general staffing for nurses.",0,crowd size=no report,1706054161,243,42,15219,4215219,B5,G6350,S,5942318,980912,+40.4422292,-079.9827936,N,POINT (-79.9958 40.4406)
USA31956,29 June 2021,2021,1,Demonstrations,Protests,Peaceful protest,Protesters (United States),Christian Group (United States),6,,,0,60,,840,North America,United States,Pennsylvania,Allegheny,,Pittsburgh,40.4406,-79.9958,1,KDKA2,Subnational,"On 29 June 2021, a group of people, led by a Christian pastor, gathered in Pittsburgh (Pennsylvania) to call for President Biden to recognize 'violence' as a national health crisis.",0,crowd size=no report,1706054161,243,42,15219,4215219,B5,G6350,S,5942318,980912,+40.4422292,-079.9827936,N,POINT (-79.9958 40.4406)
USA32011,26 June 2021,2021,1,Demonstrations,Protests,Peaceful protest,Protesters (United States),African American Group (United States); DEM: Democratic Party; Government of the United States (2021-); LWV: League of Women Voters; Women (United States),6,,,0,60,,840,North America,United States,Pennsylvania,Allegheny,,Pittsburgh,40.4406,-79.9958,1,Pittsburgh Post-Gazette,Subnational,"On 26 June 2021, a group of people, including members of Stop the Violence Pittsburgh, the Black Political Empowerment Project, and the League of Women Voters of Pittsburgh, gathered in Pittsburgh (Pennsylvania) for a 'Jubilee of Freemen Parade,' celebrating the 15th Amendment to the US Constitution and demanding increased voters rights and less 'voter suppression.' Also in attendance were Jewel Bronaugh, US deputy secretary of agriculture, and Dr. Cameron Webb, White House senior policy adviser for equity during the coronavirus pandemic.",0,crowd size=no report,1706054161,243,42,15219,4215219,B5,G6350,S,5942318,980912,+40.4422292,-079.9827936,N,POINT (-79.9958 40.4406)
USA31647,20 June 2021,2021,1,Demonstrations,Protests,Peaceful protest,Protesters (United States),,6,,,0,60,,840,North America,United States,Pennsylvania,Allegheny,,Pittsburgh,40.4406,-79.9958,1,Pittsburgh Post-Gazette,Subnational,"On 20 June 2021, a group of about 15 people, including members of the Ohio Valley Environmental Resistance group, gathered outside Allegheny County Executive Rich Fitzgerald's private residence in the Point Breeze neighborhood of Pittsburgh (Pennsylvania) to demonstrate against Fitzgerald's support of fracking, which demonstrators said was polluting.",0,crowd size=about 15,1706054161,243,42,15219,4215219,B5,G6350,S,5942318,980912,+40.4422292,-079.9827936,N,POINT (-79.9958 40.4406)
USA31646,19 June 2021,2021,1,Demonstrations,Protests,Peaceful protest,Protesters (United States),BLM: Black Lives Matter,6,,,0,60,,840,North America,United States,Pennsylvania,Allegheny,,Pittsburgh,40.4406,-79.9958,1,KDKA2,Subnational,"On 19 June 2021, a dozens of people gathered in Pittsburgh (Pennsylvania) to demonstrate support for the Black Lives Matter movement and to honor Antwon Rose II, a Black boy who was killed by police on 19 June 2018. Demonstrators called for justice for Rose and for accountability for police violence.",0,crowd size=dozens,1706054161,243,42,15219,4215219,B5,G6350,S,5942318,980912,+40.4422292,-079.9827936,N,POINT (-79.9958 40.4406)
USA31522,18 June 2021,2021,1,Demonstrations,Protests,Peaceful protest,Protesters (United States),DEM: Democratic Party; Government of the United States (2021-); Labor Group (United States); SEIU: Service Employees International Union,6,,,0,60,,840,North America,United States,Pennsylvania,Allegheny,,Pittsburgh,40.4406,-79.9958,1,32BJ SEIU; Channel 11 (Pittsburgh); KDKA2; Twitter,Other-New media,"On 18 June 2021, a group of people, including Pennsylvania House Representative and Pittsburgh mayoral candidate Ed Gainey (D) and members of 32BJ Service Employees International Union gathered in the Oakland neighborhood of Pittsburgh (Pennsylvania) to demonstrate in favor of a pay raise for Carnegie Museum cleaners. Demonstrators said cleaners needed a larger pay rise than one currently being offered, due to the hazards they faced working amid the coronavirus pandemic.",0,crowd size=no report,1706054161,243,42,15219,4215219,B5,G6350,S,5942318,980912,+40.4422292,-079.9827936,N,POINT (-79.9958 40.4406)
USA31491,17 June 2021,2021,1,Demonstrations,Protests,Peaceful protest,Protesters (United States),African American Group (United States); Teachers (United States),6,,,0,60,,840,North America,United States,Pennsylvania,Allegheny,,Pittsburgh,40.4406,-79.9958,1,KDKA2; TribLive,Subnational,"On 17 June 2021, a group of people, including the Black artist/activist collective 1 Hood Media and the Alliance for Police Accountability together known as the Coalition to Reimagine Public Safety, along with a Criminology Professor as a speaker, gathered in front of the City-County Building in Pittsburgh (Pennsylvania) to demonstrate for a change in policing in the city, noting disparities along racial lines in traffic stops, arrests, and uses of force. Demonstrators called for a divestment away from police forces and for that money to instead be spent on community resources.",0,crowd size=no report,1706054161,243,42,15219,4215219,B5,G6350,S,5942318,980912,+40.4422292,-079.9827936,N,POINT (-79.9958 40.4406)
USA31503,14 June 2021,2021,1,Demonstrations,Protests,Peaceful protest,Protesters (United States),Health Workers (United States),6,,,0,60,,840,North America,United States,Pennsylvania,Allegheny,,Pittsburgh,40.4406,-79.9958,1,Pittsburgh Post-Gazette,Subnational,"On 14 June 2021, a group of 30 people, including members of numerous environmental groups gathered in front of the City-County Building in Pittsburgh (Pennsylvania) to demand that Allegheny County Executive Rich Fitzgerald end his support for shale-gas drilling and petrochemical industries. Demonstrators also called on Fitzgerald to stop allowing fracking in county parks. Demonstrators represented groups including Putting Down Roots, 350 Pittsburgh, Ohio Valley Environmental Resource, Allegheny County Clean Air Now, Clean Air Council, Communities First Sewickley Valley, Allegheny CleanWays, Center for Coalfield Justice, FracTraker Alliance, and Physicians for Social Responsibility Pennsylvania.",0,crowd size=30,1706054161,243,42,15219,4215219,B5,G6350,S,5942318,980912,+40.4422292,-079.9827936,N,POINT (-79.9958 40.4406)
USA31475,08 June 2021,2021,1,Demonstrations,Protests,Peaceful protest,Protesters (United States),AFT: American Federation of Teachers; LGBTQ+ (United States); Teachers (United States),6,,,0,60,,840,North America,United States,Pennsylvania,Allegheny,,Pittsburgh,40.4406,-79.9958,1,Pittsburgh Post-Gazette,Subnational,"On 8 June 2021, a group of people, including teachers and the Pittsburgh Federation of Teachers, gathered outside the Pittsburgh Public Schools' administrative office in the Oakland neighborhood of Pittsburgh (Pennsylvania) for a press conference to express solidarity for LGBT students and educators.",0,crowd size=no report,1706054161,243,42,15219,4215219,B5,G6350,S,5942318,980912,+40.4422292,-079.9827936,N,POINT (-79.9958 40.4406)
USA31139,07 June 2021,2021,1,Demonstrations,Protests,Peaceful protest,Protesters (United States),Poor People's Campaign,6,,,0,60,,840,North America,United States,Pennsylvania,Allegheny,,Pittsburgh,40.4406,-79.9958,1,WICU,Subnational,"On 7 June 2021, members of the Poor People's Campaign gathered outside of U.S. Representative Mike Doyle's office in Pittsburgh (Pennsylvania) to show support for a 'Third Reconstruction' and call for Congress to address poverty.",0,crowd size=no report,1706054161,243,42,15219,4215219,B5,G6350,S,5942318,980912,+40.4422292,-079.9827936,N,POINT (-79.9958 40.4406)
USA30996,05 June 2021,2021,1,Demonstrations,Protests,Peaceful protest,Protesters (United States),Everytown for Gun Safety,6,,,0,60,,840,North America,United States,Pennsylvania,Allegheny,,Pittsburgh,40.4406,-79.9958,1,KDKA2,Subnational,"On 5 June 2021, a group of activists and community members, including members of Everytown for Gun Safety, participated in a peace walk in the Hill District in Pittsburgh (Pennsylvania) to call for an end to gun violence.",0,crowd size=no report,1706054161,243,42,15219,4215219,B5,G6350,S,5942318,980912,+40.4422292,-079.9827936,N,POINT (-79.9958 40.4406)
USA31104,05 June 2021,2021,1,Demonstrations,Protests,Peaceful protest,Protesters (United States),LGBTQ+ (United States),6,,,0,60,,840,North America,United States,Pennsylvania,Allegheny,,Pittsburgh,40.4406,-79.9958,1,Pitt News,Subnational,"On 5 June 2021, thousands of people marched through downtown Pittsburgh (Pennsylvania) for the 'Pittsburgh Pride Revolution 2021' to show support for the LGBT community.",0,crowd size=thousands,1706054161,243,42,15219,4215219,B5,G6350,S,5942318,980912,+40.4422292,-079.9827936,N,POINT (-79.9958 40.4406)
USA30843,01 June 2021,2021,1,Demonstrations,Protests,Peaceful protest,Protesters (United States),Jewish Group (United States),6,,,0,60,,840,North America,United States,Pennsylvania,Allegheny,,Pittsburgh,40.4406,-79.9958,1,Channel 11 (Pittsburgh),Subnational,"On 1 June 2021, a group of Jewish-Americans, organized by the Jewish Federation of Greater Pittsburgh, gathered outside of the City-County building in downtown Pittsburgh (Pennsylvania) to speak out against the recent rise of antisemitic attacks.",0,crowd size=no report,1706054161,243,42,15219,4215219,B5,G6350,S,5942318,980912,+40.4422292,-079.9827936,N,POINT (-79.9958 40.4406)
USA30544,25 May 2021,2021,1,Demonstrations,Protests,Peaceful protest,Protesters (United States),BLM: Black Lives Matter,6,,,0,60,,840,North America,United States,Pennsylvania,Allegheny,,Pittsburgh,40.4406,-79.9958,1,Pittsburgh Post-Gazette,Subnational,"On 25 May 2021, a couple dozen people including the Alliance for Police Accountability, Jailbreak PGH, and the Thomas Merton Center protested in Pittsburgh (Pennsylvania) in support of the Black Lives Matter movement on the 1-year anniversary of George Floyd's death and to call for police accountability.",0,crowd size=a couple dozen,1706054161,243,42,15219,4215219,B5,G6350,S,5942318,980912,+40.4422292,-079.9827936,N,POINT (-79.9958 40.4406)
USA30545,25 May 2021,2021,1,Demonstrations,Protests,Peaceful protest,Protesters (United States),BLM: Black Lives Matter; Health Workers (United States); Stop Asian Hate; Students (United States),6,,,0,60,,840,North America,United States,Pennsylvania,Allegheny,,Pittsburgh,40.4406,-79.9958,1,Pittsburgh Post-Gazette,Subnational,"On 25 May 2021, dozens of medical workers, students, and those with Project Matters protested at UPMC Presbyterian in Pittsburgh (Pennsylvania) in support of the Black Lives Matter movement and against racism against Black and brown people, Asian Americans, and Pacific Islanders.",0,crowd size=dozens,1706054161,243,42,15219,4215219,B5,G6350,S,5942318,980912,+40.4422292,-079.9827936,N,POINT (-79.9958 40.4406)
USA30741,25 May 2021,2021,1,Demonstrations,Protests,Peaceful protest,Protesters (United States),Jewish Group (United States); JVP: Jewish Voice for Peace; Palestinian Group (United States),6,,,0,60,,840,North America,United States,Pennsylvania,Allegheny,,Pittsburgh,40.4406,-79.9958,1,Pittsburgh Post-Gazette,Subnational,"On 25 May 2021, about 50 people including members of Jewish Voice for Peace, the Pittsburgh Palestine Solidarity Committee, and Palestinian-Americans, participated in a pro-Palestinian demonstration outside of U.S. Representative Mike Doyle's office in Pittsburgh (Pennsylvania) to show solidarity with Palestine amid the ongoing conflict and call for him to support an end U.S. aid to Israel.",0,crowd size=about 50,1706054161,243,42,15219,4215219,B5,G6350,S,5942318,980912,+40.4422292,-079.9827936,N,POINT (-79.9958 40.4406)
USA30392,22 May 2021,2021,1,Demonstrations,Protests,Peaceful protest,Protesters (United States),PSL: Party for Socialism and Liberation,6,,,0,60,,840,North America,United States,Pennsylvania,Allegheny,,Pittsburgh,40.4406,-79.9958,1,Pitt News,Subnational,"On 22 May 2021, over 100 people organized by the Party for Socialism and Liberation and the Thomas Merton Society staged a pro-Palestinian protest in Pittsburgh (Pennsylvania) in support of freedom for Palestine during the current Israel-Palestine conflict.",0,crowd size=over 100,1706054161,243,42,15219,4215219,B5,G6350,S,5942318,980912,+40.4422292,-079.9827936,N,POINT (-79.9958 40.4406)
USA30732,21 May 2021,2021,1,Demonstrations,Protests,Peaceful protest,Protesters (United States),Jewish Group (United States),6,,,0,60,,840,North America,United States,Pennsylvania,Allegheny,,Pittsburgh,40.4406,-79.9958,1,Pittsburgh Post-Gazette,Subnational,"On 21 May 2021, a group of Jewish-Americans, organized by the Jewish Federation of Pittsburgh, participated in a pro-Israel vigil in the Oakland neighborhood of Pittsburgh (Pennsylvania) to show solidarity with Israel amid the ongoing conflict.",0,crowd size=no report,1706054161,243,42,15219,4215219,B5,G6350,S,5942318,980912,+40.4422292,-079.9827936,N,POINT (-79.9958 40.4406)
USA29988,15 May 2021,2021,1,Demonstrations,Protests,Peaceful protest,Protesters (United States),,6,,,0,60,,840,North America,United States,Pennsylvania,Allegheny,,Pittsburgh,40.4406,-79.9958,1,KDKA2,Subnational,"On 15 May 2021, a pro-Palestinian march was carried out by hundreds of people in Pittsburgh (Pennsylvania) in solidarity with Palestine during the current unrest between Israel and Palestine.",0,crowd size=hundreds,1706054161,243,42,15219,4215219,B5,G6350,S,5942318,980912,+40.4422292,-079.9827936,N,POINT (-79.9958 40.4406)
USA29990,14 May 2021,2021,1,Demonstrations,Protests,Peaceful protest,Protesters (United States),CAIR: Council on American-Islamic Relations; DSA: Democratic Socialists of America; Jewish Group (United States); JVP: Jewish Voice for Peace; LGBTQ+ (United States); Muslim Group (United States),6,,,0,60,,840,North America,United States,Pennsylvania,Allegheny,,Pittsburgh,40.4406,-79.9958,1,Pittsburgh City Paper,Subnational,"On 14 May 2021, a pro-Palestinian demonstration was carried out by about 250 people organized by the Council on American Islamic Relations, Trans YOUniting, the Jewish Voice for Peace, and the Democratic Socialists of America in Pittsburgh (Pennsylvania) in solidarity with Palestine and to call for elected officials to end US funding of the Israeli military.",0,crowd size=about 250,1706054161,243,42,15219,4215219,B5,G6350,S,5942318,980912,+40.4422292,-079.9827936,N,POINT (-79.9958 40.4406)
USA29333,06 May 2021,2021,1,Demonstrations,Protests,Peaceful protest,Protesters (United States),Teachers (United States),6,,,0,60,,840,North America,United States,Pennsylvania,Allegheny,,Pittsburgh,40.4406,-79.9958,1,Lehigh Valley Live,Subnational,"On 6 May 2021, teachers in Pittsburgh (Pennsylvania) gathered to call for increased state funding for schools to help them recover from the coronavirus pandemic.",0,crowd size=no report,1706054161,243,42,15219,4215219,B5,G6350,S,5942318,980912,+40.4422292,-079.9827936,N,POINT (-79.9958 40.4406)
USA29334,06 May 2021,2021,1,Demonstrations,Protests,Peaceful protest,Protesters (United States),DEM: Democratic Party; Government of the United States (2021-); Labor Group (United States),6,,,0,60,,840,North America,United States,Pennsylvania,Allegheny,,Pittsburgh,40.4406,-79.9958,1,Pittsburgh Post-Gazette; WITF,Subnational,"On 6 May 2021, people including Democratic state representatives and unemployed workers with the Mon Valley Unemployed Committee and the Pittsburgh Restaurant Workers Aid protested in Pittsburgh (Pennsylvania) to call for changes to the unemployment system as thousands wait on unemployment benefits.",0,crowd size=no report,1706054161,243,42,15219,4215219,B5,G6350,S,5942318,980912,+40.4422292,-079.9827936,N,POINT (-79.9958 40.4406)
USA29383,05 May 2021,2021,1,Demonstrations,Protests,Peaceful protest,Protesters (United States),,6,,,0,60,,840,North America,United States,Pennsylvania,Allegheny,,Pittsburgh,40.4406,-79.9958,1,TribLive,Subnational,"On 5 May 2021, people organized by the Alliance for Police Accountability and Bend the Arc Pittsburgh rallied in Pittsburgh (Pennsylvania) against the city's bid to purchase less-lethal munitions which have been previously used against protesters.",0,crowd size=no report,1706054161,243,42,15219,4215219,B5,G6350,S,5942318,980912,+40.4422292,-079.9827936,N,POINT (-79.9958 40.4406)
USA29449,03 May 2021,2021,1,Demonstrations,Protests,Peaceful protest,Protesters (United States),Students (United States),6,,,0,60,,840,North America,United States,Pennsylvania,Allegheny,,Pittsburgh,40.4406,-79.9958,1,KDKA2; TribLive,Subnational,"On 3 May 2021, dozens to hundreds of parents and students from the Pine-Richland district protested in Pittsburgh (Pennsylvania) in support of a former head football coach and other football staff after the school district did not renew their contracts.",0,crowd size=dozens to hundreds,1706054161,243,42,15219,4215219,B5,G6350,S,5942318,980912,+40.4422292,-079.9827936,N,POINT (-79.9958 40.4406)
USA29499,02 May 2021,2021,1,Demonstrations,Protests,Peaceful protest,Protesters (United States),BLM: Black Lives Matter; LGBTQ+ (United States),6,,,0,60,,840,North America,United States,Pennsylvania,Allegheny,,Pittsburgh,40.4406,-79.9958,1,Pitt News,Subnational,"On 2 May 2021, about 100 people with Trans You-niting marched in Pittsburgh (Pennsylvania) in support of Black trans lives and the Black Lives Matter movement.",0,crowd size=about 100,1706054161,243,42,15219,4215219,B5,G6350,S,5942318,980912,+40.4422292,-079.9827936,N,POINT (-79.9958 40.4406)
USA29598,01 May 2021,2021,1,Demonstrations,Protests,Peaceful protest,Protesters (United States),PSL: Party for Socialism and Liberation,6,,,0,60,,840,North America,United States,Pennsylvania,Allegheny,,Pittsburgh,40.4406,-79.9958,1,Crowd Counting Consortium; Twitter,Other-New media,"On 1 May 2021, people with the Party for Socialism and Liberation protested in Pittsburgh (Pennsylvania) in support of International Workers Day.",0,crowd size=no report,1706054161,243,42,15219,4215219,B5,G6350,S,5942318,980912,+40.4422292,-079.9827936,N,POINT (-79.9958 40.4406)
USA28851,24 April 2021,2021,1,Demonstrations,Protests,Peaceful protest,Protesters (United States),BLM: Black Lives Matter,6,,,0,60,,840,North America,United States,Pennsylvania,Allegheny,,Pittsburgh,40.4406,-79.9958,1,KDKA2,Subnational,"On 24 April 2021, dozens of people marched in Pittsburgh (Pennsylvania) after the conviction of Derek Chauvin for the death of George Floyd, calling for continued change and justice for BIPOC victims of police violence and in support of the Black Lives Matter movement.",0,crowd size=dozens,1706054161,243,42,15219,4215219,B5,G6350,S,5942318,980912,+40.4422292,-079.9827936,N,POINT (-79.9958 40.4406)
USA28972,24 April 2021,2021,1,Demonstrations,Protests,Peaceful protest,Protesters (United States),African American Group (United States); BLM: Black Lives Matter; GPUS: Green Party of the United States; NAIP: New Afrikan Independence Party; PSL: Party for Socialism and Liberation; SAP: Socialist Alternative Party,6,,,0,60,,840,North America,United States,Pennsylvania,Allegheny,,Pittsburgh,40.4406,-79.9958,1,Crowd Counting Consortium; Twitter,Other-New media,"On 24 April 2021, people with the Party for Socialism and Liberation, the Socialist Alternative Party, and the Green Party organized by the New Afrikan Independence Party protested in Pittsburgh (Pennsylvania) to call for Mumia Abu-Jamal, a political activist and journalist accused of murder, to be freed, as well as in support of the Black Lives Matter movement.",0,crowd size=no report,1706054161,243,42,15219,4215219,B5,G6350,S,5942318,980912,+40.4422292,-079.9827936,N,POINT (-79.9958 40.4406)
USA28318,23 April 2021,2021,1,Demonstrations,Protests,Peaceful protest,Protesters (United States),African American Group (United States); BLM: Black Lives Matter; Protestant Christian Group (United States),6,,,0,60,,840,North America,United States,Pennsylvania,Allegheny,,Pittsburgh,40.4406,-79.9958,1,KDKA2,Subnational,"On 23 April 2021, dozens of people including the National Black Presbyterian Caucus protested in Pittsburgh (Pennsylvania) against the deaths of George Floyd and Antwon Rose, two Black men killed by police, against police brutality, and in support of the Black Lives Matter movement.",0,crowd size=dozens,1706054161,243,42,15219,4215219,B5,G6350,S,5942318,980912,+40.4422292,-079.9827936,N,POINT (-79.9958 40.4406)
USA28317,20 April 2021,2021,1,Demonstrations,Protests,Peaceful protest,Protesters (United States),"African American Group (United States); Black, Young, And Educated; BLM: Black Lives Matter",6,,,0,60,,840,North America,United States,Pennsylvania,Allegheny,,Pittsburgh,40.4406,-79.9958,1,Channel 11 (Pittsburgh); Public Source,Subnational,"On 20 April 2021, roughly 150 people including members of Project organized by Alliance for Police Accountability; Black, Young, & Educated; Stop the Station and other groups marched in Pittsburgh (Pennsylvania) against police brutality and to remember George Floyd as Derek Chauvin was convicted in his murder.",0,crowd size=roughly 150,1706054161,243,42,15219,4215219,B5,G6350,S,5942318,980912,+40.4422292,-079.9827936,N,POINT (-79.9958 40.4406)
USA28460,19 April 2021,2021,1,Demonstrations,Protests,Peaceful protest,Protesters (United States),,6,,,0,60,,840,North America,United States,Pennsylvania,Allegheny,,Pittsburgh,40.4406,-79.9958,1,Crowd Counting Consortium; Twitter,Other-New media,"On 19 April 2021, people protested in Pittsburgh (Pennsylvania) against pipeline construction due to environmental concerns.",0,crowd size=no report,1706054161,243,42,15219,4215219,B5,G6350,S,5942318,980912,+40.4422292,-079.9827936,N,POINT (-79.9958 40.4406)
USA28461,18 April 2021,2021,1,Demonstrations,Protests,Peaceful protest,Protesters (United States),,6,,,0,60,,840,North America,United States,Pennsylvania,Allegheny,,Pittsburgh,40.4406,-79.9958,1,Crowd Counting Consortium; Twitter,Other-New media,"On 18 April 2021, people with the MDP Tenants Council marched to a landlord's home in Pittsburgh (Pennsylvania) against having public walk throughs and inspections during the coronavirus pandemic.",0,crowd size=no report,1706054161,243,42,15219,4215219,B5,G6350,S,5942318,980912,+40.4422292,-079.9827936,N,POINT (-79.9958 40.4406)
USA27889,13 April 2021,2021,1,Demonstrations,Protests,Peaceful protest,Protesters (United States),BLM: Black Lives Matter,6,,,0,60,,840,North America,United States,Pennsylvania,Allegheny,,Pittsburgh,40.4406,-79.9958,1,TribLive; WTAE4,Subnational,"On 13 April 2021, about 100 to 150 people marched through multiple neighborhoods with a stop at Mayor Peduto's home in Pittsburgh (Pennsylvania) to call for justice after the death of Daunte Wright, a Black man killed by police in Minnesota, as well as against Mayor Peduto's leadership and white supremacy.",0,crowd size=about 100 to 150,1706054161,243,42,15219,4215219,B5,G6350,S,5942318,980912,+40.4422292,-079.9827936,N,POINT (-79.9958 40.4406)
USA27623,07 April 2021,2021,1,Demonstrations,Protests,Peaceful protest,Protesters (United States),,6,,,0,60,,840,North America,United States,Pennsylvania,Allegheny,,Pittsburgh,40.4406,-79.9958,1,Channel 11 (Pittsburgh); Crowd Counting Consortium,Other-Subnational,"On 7 April 2021, people protested and shut down part of a road in Pittsburgh (Pennsylvania) against climate change.",0,crowd size=no report,1706054161,243,42,15219,4215219,B5,G6350,S,5942318,980912,+40.4422292,-079.9827936,N,POINT (-79.9958 40.4406)
USA27532,06 April 2021,2021,1,Demonstrations,Protests,Peaceful protest,Protesters (United States),DEM: Democratic Party; Government of the United States (2021-); Police Forces of the United States (2021-),6,,,0,60,,840,North America,United States,Pennsylvania,Allegheny,,Pittsburgh,40.4406,-79.9958,1,KDKA2,Subnational,"On 6 April 2021, people including a Senator, the mayor (D), and multiple police officers rallied in the South Side Slopes park in Pittsburgh (Pennsylvania) against racism after anti-Semitic graffiti was discovered in the area and to cover the graffiti as part of the rally.",0,crowd size=no report,1706054161,243,42,15219,4215219,B5,G6350,S,5942318,980912,+40.4422292,-079.9827936,N,POINT (-79.9958 40.4406)
USA27371,31 March 2021,2021,1,Demonstrations,Protests,Peaceful protest,Protesters (United States),Labor Group (United States); SEIU: Service Employees International Union,6,,,0,60,,840,North America,United States,Pennsylvania,Allegheny,,Pittsburgh,40.4406,-79.9958,1,SEIU PA State Council,Other,"On 31 March 2021, essential workers with the SEIU protested in Pittsburgh (Pennsylvania) to call for essential workers to be valued during the coronavirus pandemic, particularly women of color and immigrants.",0,crowd size=no report,1706054161,243,42,15219,4215219,B5,G6350,S,5942318,980912,+40.4422292,-079.9827936,N,POINT (-79.9958 40.4406)
USA50925,31 March 2021,2021,1,Demonstrations,Protests,Peaceful protest,Protesters (United States),CASA; Latin American Group (United States); Migrants (International); Protesters (International),6,,,0,60,,840,North America,United States,Pennsylvania,Allegheny,,Pittsburgh,40.4406,-79.9958,1,Twitter,New media,"On 31 March 2021, an unreported number of people demonstrated along a road in Pittsburgh (Pennsylvania) to call for the passage of the THRIVE Act and the creation of a pathway to citizenship for undocumented immigrants. Immigrants and migrants participated in the rally which was organized by CASA.",0,crowd size=no report,1706054162,243,42,15219,4215219,B5,G6350,S,5942318,980912,+40.4422292,-079.9827936,N,POINT (-79.9958 40.4406)
USA27366,30 March 2021,2021,1,Demonstrations,Protests,Peaceful protest,Protesters (United States),Labor Group (United States); USW: United Steelworkers,6,,,0,60,,840,North America,United States,Pennsylvania,Allegheny,,Pittsburgh,40.4406,-79.9958,1,Crowd Counting Consortium; TribLive; WTAE4,Other-Subnational,"On 30 March 2021, about 80 to 100 people with the United Steelworkers protested on the picket line at the Allegheny Technologies Brackenridge facility in Pittsburgh (Pennsylvania) as part of the start of their strike against the company trying to force the workers into accepting contract concessions.",0,crowd size=about 80 to 100,1706054161,243,42,15219,4215219,B5,G6350,S,5942318,980912,+40.4422292,-079.9827936,N,POINT (-79.9958 40.4406)
USA27448,27 March 2021,2021,1,Demonstrations,Protests,Peaceful protest,Protesters (United States),ANSWER: Act Now to Stop War and End Racism; PSL: Party for Socialism and Liberation; Stop Asian Hate,6,,,0,60,,840,North America,United States,Pennsylvania,Allegheny,,Pittsburgh,40.4406,-79.9958,1,KDKA2; Pittsburgh City Paper,Subnational,"On 27 March 2021, people organized by Answer Pittsburgh and the Party for Socialism and Liberation protested in Pittsburgh (Pennsylvania) to call for an end to anti-Asian hate crime and in support of the Asian American community after the shooting of eight people in Atlanta which included six Asian women.",0,crowd size=no report,1706054161,243,42,15219,4215219,B5,G6350,S,5942318,980912,+40.4422292,-079.9827936,N,POINT (-79.9958 40.4406)
USA26623,24 March 2021,2021,1,Demonstrations,Protests,Peaceful protest,Protesters (United States),Asian American Group (United States); LGBTQ+ (United States); Pacific Islander Group (United States); SM: Sunrise Movement; Stop Asian Hate; Students (United States),6,,,0,60,,840,North America,United States,Pennsylvania,Allegheny,,Pittsburgh,40.4406,-79.9958,1,Channel 11 (Pittsburgh); DC News Now; Pittsburgh City Paper; TribLive,Subnational-National,"On 24 March 2021, more than 400 people including members of the Sunrise Movement, Pittsburgh Taiko, CeaseFire PA, Rangoli PGH, and the Sex Workers Outreach Project organized by the East Coast Asian American Student Union and the Asian Pacific American Labor Alliance protested in Pittsburgh (Pennsylvania) against racism targeting Asian-Americans after the recent shooting in Atlanta that left eight dead, including six Asian-American women.",0,crowd size=more than 400,1707858551,243,42,15219,4215219,B5,G6350,S,5942318,980912,+40.4422292,-079.9827936,N,POINT (-79.9958 40.4406)
USA26919,22 March 2021,2021,1,Demonstrations,Protests,Peaceful protest,Protesters (United States),Students (United States),6,,,0,60,,840,North America,United States,Pennsylvania,Allegheny,,Pittsburgh,40.4406,-79.9958,1,KDKA2,Subnational,"On 22 March 2021, dozens of parents and students rallied in Pittsburgh (Pennsylvania) against the school district firing a local basketball coach, claiming that the coach is a part of the community and is supported by the students.",0,crowd size=dozens,1706054161,243,42,15219,4215219,B5,G6350,S,5942318,980912,+40.4422292,-079.9827936,N,POINT (-79.9958 40.4406)
USA26920,22 March 2021,2021,1,Demonstrations,Protests,Peaceful protest,Protesters (United States),Students (United States),6,,,0,60,,840,North America,United States,Pennsylvania,Allegheny,,Pittsburgh,40.4406,-79.9958,1,Crowd Counting Consortium; KDKA2,Other-Subnational,"On 22 March 2021, students held a rally in a hallway at Baldwin High School in Pittsburgh (Pennsylvania) to call for changes to be made to the school curriculum to create a safer environment after an alleged sexual assault occurred in 2019.",0,crowd size=no report,1706054161,243,42,15219,4215219,B5,G6350,S,5942318,980912,+40.4422292,-079.9827936,N,POINT (-79.9958 40.4406)
USA26764,21 March 2021,2021,1,Demonstrations,Protests,Peaceful protest,Protesters (United States),Asian American Group (United States); Chinese Group (United States); Pacific Islander Group (United States); Stop Asian Hate,6,,,0,60,,840,North America,United States,Pennsylvania,Allegheny,,Pittsburgh,40.4406,-79.9958,1,KDKA2,Subnational,"On 21 March 2021, hundreds of people hosted by the United Chinese Americans (UCA) and local leaders from Asian American and Pacific Islander (AAPI) held a vigil in Pittsburgh (Pennsylvania) in support of the Asian American community after the shooting of eight people in Atlanta which included six Asian women and is believed to be an anti-Asian crime, as well as to call for an end to violence against Asian Americans.",0,crowd size=hundreds,1706054161,243,42,15219,4215219,B5,G6350,S,5942318,980912,+40.4422292,-079.9827936,N,POINT (-79.9958 40.4406)
USA26639,20 March 2021,2021,1,Demonstrations,Protests,Peaceful protest,Protesters (United States),Patriot Party,6,,,0,60,,840,North America,United States,Pennsylvania,Allegheny,,Pittsburgh,40.4406,-79.9958,1,WITF,Subnational,"On 20 March 2021, about 200 people organized by the Pennsylvania Freedom Campaign including members of the Patriot Party protested in Pittsburgh (Pennsylvania) against the mask mandate during the coronavirus pandemic, to call for Governor Wolf to be impeached, in support of former President Trump and against the 2020 Presidential Election results, and in support of the Second Amendment.",0,crowd size=about 200,1706054161,243,42,15219,4215219,B5,G6350,S,5942318,980912,+40.4422292,-079.9827936,N,POINT (-79.9958 40.4406)
USA26695,20 March 2021,2021,1,Demonstrations,Protests,Peaceful protest,Protesters (United States),Labor Group (United States); SAP: Socialist Alternative Party,6,,,0,60,,840,North America,United States,Pennsylvania,Allegheny,,Pittsburgh,40.4406,-79.9958,1,Crowd Counting Consortium; Twitter,Other-New media,"On 20 March 2021, people and workers with Socialist Alternative protested in Pittsburgh (Pennsylvania) to show solidarity with Amazon workers trying to unionize.",0,crowd size=no report,1706054161,243,42,15219,4215219,B5,G6350,S,5942318,980912,+40.4422292,-079.9827936,N,POINT (-79.9958 40.4406)
USA26699,20 March 2021,2021,1,Demonstrations,Protests,Peaceful protest,Protesters (United States),Asian American Group (United States); LGBTQ+ (United States); Stop Asian Hate; Women (United States),6,,,0,60,,840,North America,United States,Pennsylvania,Allegheny,,Pittsburgh,40.4406,-79.9958,1,Pittsburgh City Paper,Subnational,"On 20 March 2021, more than 300 people organized by Thrash the State, a collective run by an LGBTQIA group, protested in Pittsburgh (Pennsylvania) against anti-Asian racism after the shooting in Atlanta that killed eight people, including six Asian women. Asian-American women also spoke at the protest about racism and misogyny, as well as mental health in the AAPI community.",0,crowd size=more than 300,1706054161,243,42,15219,4215219,B5,G6350,S,5942318,980912,+40.4422292,-079.9827936,N,POINT (-79.9958 40.4406)
USA27378,19 March 2021,2021,1,Demonstrations,Protests,Peaceful protest,Protesters (United States),DSA: Democratic Socialists of America; FFF: Fridays for Future; GPUS: Green Party of the United States; SM: Sunrise Movement,6,,,0,60,,840,North America,United States,Pennsylvania,Allegheny,,Pittsburgh,40.4406,-79.9958,1,Crowd Counting Consortium; Pitt News,Other-Subnational,"On 19 March 2021, more than 200 people organized by the Sunrise Movement, Green Party of Allegheny County, Pittsburghers for Public Transit, Fridays for Future PGH, Fossil Free Pitt Coalition, CMU Sustainable Earth, Pitt Free The Planet, Ohio Valley Environmental Resistance, DSA Ecosocialists, Epsilon Eta Delta Pitt and the Roosevelt Institute from CMU protested in the Oakland neighborhood of Pittsburgh (Pennsylvania) in support of climate justice and to call for fossil fuel divestment.",0,crowd size=more than 200,1706054161,243,42,15219,4215219,B5,G6350,S,5942318,980912,+40.4422292,-079.9827936,N,POINT (-79.9958 40.4406)
USA26528,16 March 2021,2021,1,Demonstrations,Protests,Peaceful protest,Protesters (United States),Labor Group (United States); USW: United Steelworkers,6,,,0,60,,840,North America,United States,Pennsylvania,Allegheny,,Pittsburgh,40.4406,-79.9958,1,TribLive,Subnational,"On 16 March 2021, more than 100 people including members of United Steelworkers Local 1196 protested at the ATI Brackenridge facility in Pittsburgh (Pennsylvania) against what they are calling corporate greed and to call for fair contract negotiations.",0,crowd size=more than 100,1706054161,243,42,15219,4215219,B5,G6350,S,5942318,980912,+40.4422292,-079.9827936,N,POINT (-79.9958 40.4406)
USA26572,14 March 2021,2021,1,Demonstrations,Protests,Peaceful protest,Protesters (United States),,6,,,0,60,,840,North America,United States,Pennsylvania,Allegheny,,Pittsburgh,40.4406,-79.9958,1,Crowd Counting Consortium; KDKA2,Other-Subnational,"On 14 March 2021, people protested outside County Executive Rich Fitzgerald's home in Pittsburgh (Pennsylvania) against fracking and to call for him to admit that he was wrong to support fracking and the petrochemical industry.",0,crowd size=no report,1706054161,243,42,15219,4215219,B5,G6350,S,5942318,980912,+40.4422292,-079.9827936,N,POINT (-79.9958 40.4406)
USA25947,10 March 2021,2021,1,Demonstrations,Protests,Peaceful protest,Protesters (United States),Labor Group (United States),6,,,0,60,,840,North America,United States,Pennsylvania,Allegheny,,Pittsburgh,40.4406,-79.9958,1,WITF,Subnational,"On 10 March 2021, dozens of people organized by the Pittsburgh Restaurant Workers Aid Group and the Mon Valley Unemployed Committee protested outside Governor Wolf's office in Pittsburgh (Pennsylvania) to call for improvements to be made to Philadelphia's unemployment compensation system as many have not been able to receive their unemployment or get in touch with the office.",0,crowd size=dozens,1706054161,243,42,15219,4215219,B5,G6350,S,5942318,980912,+40.4422292,-079.9827936,N,POINT (-79.9958 40.4406)
USA25859,05 March 2021,2021,1,Demonstrations,Protests,Peaceful protest,Protesters (United States),Fight for 15; Labor Group (United States),6,,,0,60,,840,North America,United States,Pennsylvania,Allegheny,,Pittsburgh,40.4406,-79.9958,1,KDKA2,Subnational,"On 5 March 2021, caregivers gathered for the final day of their 48-hour fast in Pittsburgh (Pennsylvania) to call for the minimum wage to be increased to $15 per hour.",0,crowd size=no report,1706054161,243,42,15219,4215219,B5,G6350,S,5942318,980912,+40.4422292,-079.9827936,N,POINT (-79.9958 40.4406)
USA25839,04 March 2021,2021,1,Demonstrations,Protests,Peaceful protest,Protesters (United States),Fight for 15; Labor Group (United States); SEIU: Service Employees International Union,6,,,0,60,,840,North America,United States,Pennsylvania,Allegheny,,Pittsburgh,40.4406,-79.9958,1,SEIU PA State Council,Other,"On 4 March 2021, essential workers with the SEIU protested in Pittsburgh (Pennsylvania) to call for the minimum wage to be raised to $15 per hour.",0,crowd size=no report,1706054161,243,42,15219,4215219,B5,G6350,S,5942318,980912,+40.4422292,-079.9827936,N,POINT (-79.9958 40.4406)
USA25783,02 March 2021,2021,1,Demonstrations,Protests,Peaceful protest,Protesters (United States),Fight for 15; Labor Group (United States),6,,,0,60,,840,North America,United States,Pennsylvania,Allegheny,,Pittsburgh,40.4406,-79.9958,1,TribLive,Subnational,"On 2 March 2021, around 30 people organized by Pennsylvania United protested at Representative Lamb's office in Pittsburgh (Pennsylvania) to thank the Representative after he supported raising the minimum wage to $15 per hour and to call on him to continue fighting for the change.",0,crowd size=around 30,1706054161,243,42,15219,4215219,B5,G6350,S,5942318,980912,+40.4422292,-079.9827936,N,POINT (-79.9958 40.4406)
USA25732,28 February 2021,2021,1,Demonstrations,Protests,Peaceful protest,Protesters (United States),LGBTQ+ (United States),6,,,0,60,,840,North America,United States,Pennsylvania,Allegheny,,Pittsburgh,40.4406,-79.9958,1,Channel 11 (Pittsburgh),Subnational,"On 28 February 2021, dozens of people with Trans YOUniting held a vigil in Pittsburgh (Pennsylvania) to remember the transgender people who have recently been killed and to call for wider access to mental health services and healthcare for the LGBTQIA community.",0,crowd size=dozens,1706054161,243,42,15219,4215219,B5,G6350,S,5942318,980912,+40.4422292,-079.9827936,N,POINT (-79.9958 40.4406)
USA25496,24 February 2021,2021,1,Demonstrations,Protests,Peaceful protest,Protesters (United States),Cancel the Rents Movement,6,,,0,60,,840,North America,United States,Pennsylvania,Allegheny,,Pittsburgh,40.4406,-79.9958,1,Pittsburgh City Paper,Subnational,"On 24 February 2021, a small group of people with the United Neighborhood Defense Movement protested at the City County Building in Pittsburgh (Pennsylvania) to call for a more effective and encompassing eviction moratorium during the coronavirus pandemic.",0,crowd size=a small group,1706054161,243,42,15219,4215219,B5,G6350,S,5942318,980912,+40.4422292,-079.9827936,N,POINT (-79.9958 40.4406)
USA24543,30 January 2021,2021,1,Demonstrations,Protests,Peaceful protest,Protesters (United States),Cancel the Rents Movement; PSL: Party for Socialism and Liberation,6,,,0,60,,840,North America,United States,Pennsylvania,Allegheny,,Pittsburgh,40.4406,-79.9958,1,Facebook; Liberation News,Other-New media,"On 30 January 2021, people with the Party for Socialism and Liberation protested in Pittsburgh (Pennsylvania) to call for rent to be cancelled during the coronavirus pandemic.",0,crowd size=no report,1706054161,243,42,15219,4215219,B5,G6350,S,5942318,980912,+40.4422292,-079.9827936,N,POINT (-79.9958 40.4406)
USA22032,21 January 2021,2021,1,Demonstrations,Protests,Peaceful protest,Protesters (United States),,6,,,0,60,,840,North America,United States,Pennsylvania,Allegheny,,Pittsburgh,40.4406,-79.9958,1,Pittsburgh Post-Gazette,Subnational,"On 21 January 2021, about 20 people protested outside the Mayor's home in Pittsburgh (Pennsylvania) against a tweet he made the night before claiming that the 'radical right and radical left' were united in opposing him.",0,crowd size=about 20,1706054161,243,42,15219,4215219,B5,G6350,S,5942318,980912,+40.4422292,-079.9827936,N,POINT (-79.9958 40.4406)
USA20062,03 January 2021,2021,1,Political violence,Explosions/Remote violence,Grenade,Sole Perpetrator (United States),,3,,,0,30,,840,North America,United States,Pennsylvania,Allegheny,,Pittsburgh,40.4406,-79.9958,1,Fox News; Pittsburgh Post-Gazette; Political Research Associates,Other-Subnational,"On 3 January 2021, an improvised explosive device (IED) was thrown from a moving white pickup truck and detonated in the Lawrenceville neighborhood in Pittsburgh (Pennsylvania) for an unknown reason. Police investigated after the explosion, which injured none, and found nails scattered on the street.",0,,1706054161,243,42,15219,4215219,B5,G6350,S,5942318,980912,+40.4422292,-079.9827936,N,POINT (-79.9958 40.4406)
USA37519,14 December 2021,2021,1,Demonstrations,Protests,Peaceful protest,Protesters (United States),Labor Group (United States); AFL-CIO: American Federation of Labor and Congress of Industrial Organizations,6,,,0,60,,840,North America,United States,Pennsylvania,Erie,,Erie,42.1292,-80.0851,1,JET24,Subnational,"On 14 December 2021, members of the Ironworker Union Local 851, which is affiliated with the AFL-CIO, gathered outside the CEO of Erie Strayer's house in Erie (Pennsylvania) to protest in support of better wages and health insurance as part of their ongoing strike.",0,crowd size=no report,1641942219,1464,42,16501,4216501,B5,G6350,S,1762373,13680,+42.1212932,-080.0889189,N,POINT (-80.0851 42.1292)
USA37482,08 December 2021,2021,1,Demonstrations,Protests,Peaceful protest,Protesters (United States),,6,,,0,60,,840,North America,United States,Pennsylvania,Erie,,Erie,42.1292,-80.0851,1,JET24,Subnational,"On 8 December 2021, about 30 people, including members of Ceasefire PA, gathered outside Pennsylvania state senator Dan Laughlin's office in Erie (Pennsylvania) to protest his support for a firearms bill that would allow for unvetted concealed carrying. Demonstrators claimed the bill would result in increased firearms deaths.",0,crowd size=about 30,1680633690,1464,42,16501,4216501,B5,G6350,S,1762373,13680,+42.1212932,-080.0889189,N,POINT (-80.0851 42.1292)
USA36022,15 October 2021,2021,1,Demonstrations,Protests,Peaceful protest,Protesters (United States),Labor Group (United States),6,,,0,60,,840,North America,United States,Pennsylvania,Erie,,Erie,42.1292,-80.0851,1,JET24,Subnational,"On 15 October 2021, hundreds of people, including members of Iron Workers 851, gathered outside Erie Strayer Company in Erie (Pennsylvania) to demonstrate support for Erie Strayer employees, who are demanding better pay and benefits amidst a contract negotiation following a strike.",0,crowd size=hundreds,1635282743,1464,42,16501,4216501,B5,G6350,S,1762373,13680,+42.1212932,-080.0889189,N,POINT (-80.0851 42.1292)
USA35381,04 October 2021,2021,1,Demonstrations,Protests,Peaceful protest,Protesters (United States),Bloodstained Men,6,,,0,60,,840,North America,United States,Pennsylvania,Erie,,Erie,42.1292,-80.0851,1,Bloodstained Men; Twitter,Other-New media,"On 4 October 2021, a group of people, including members of the Bloodstained Men, gathered in Erie (Pennsylvania) to demonstrate against male circumcision.",0,crowd size=no report,1638920206,1464,42,16501,4216501,B5,G6350,S,1762373,13680,+42.1212932,-080.0889189,N,POINT (-80.0851 42.1292)
USA35657,02 October 2021,2021,1,Demonstrations,Protests,Peaceful protest,Protesters (United States),Women (United States),6,,,0,60,,840,North America,United States,Pennsylvania,Erie,,Erie,42.1292,-80.0851,1,JET24,Subnational,"On 2 October 2021, dozens of people demonstrated in Erie (Pennsylvania) in support of women's reproductive rights, access to abortion, and against 'heartbeat bills' in Texas and elsewhere that effectively ban abortions. The march was part of the women's rights marches held across the country.",0,crowd size=dozens,1680633597,1464,42,16501,4216501,B5,G6350,S,1762373,13680,+42.1212932,-080.0889189,N,POINT (-80.0851 42.1292)
USA35020,24 September 2021,2021,1,Demonstrations,Protests,Peaceful protest,Protesters (United States),Students (United States); Teachers (United States),6,,,0,60,,840,North America,United States,Pennsylvania,Erie,,Erie,42.1292,-80.0851,1,WICU,Subnational,"On 24 September 2021, thousands of people, including climate educators and students from Mercyhurst University, gathered in Erie (Pennsylvania) to demand investment in green infrastructure, green energy, the American Rescue Plan, and other actions to combat climate change.",0,crowd size=thousands,1633466344,1464,42,16501,4216501,B5,G6350,S,1762373,13680,+42.1212932,-080.0889189,N,POINT (-80.0851 42.1292)
USA34830,20 September 2021,2021,1,Demonstrations,Protests,Peaceful protest,Protesters (United States),Students (United States); Teachers (United States); BLM: Black Lives Matter; BSU: Black Student Union; African American Group (United States),6,,,0,60,,840,North America,United States,Pennsylvania,Erie,,Erie,42.1292,-80.0851,1,WICU,Subnational,"On 20 September 2021, a group of people, including teachers and members of the Mercyhurst Black Student Union marched on the campus of Mercyhurst University in Erie (Pennsylvania) to demonstrate in favor of the Black Lives Matter movement and against racism.",0,crowd size=no report,1644364004,1464,42,16501,4216501,B5,G6350,S,1762373,13680,+42.1212932,-080.0889189,N,POINT (-80.0851 42.1292)
USA34174,23 August 2021,2021,1,Demonstrations,Protests,Peaceful protest,Protesters (United States),,6,,,0,60,,840,North America,United States,Pennsylvania,Erie,,Erie,42.1292,-80.0851,1,WICU; JET24,Subnational,"On 23 August 2021, about 40-50 people gathered outside the Millcreek Education Center in Erie (Pennsylvania) to demonstrate against mask mandates in Erie County schools, which are intended to prevent the spread of the coronavirus pandemic.",0,crowd size=about 40-50,1680633588,1464,42,16501,4216501,B5,G6350,S,1762373,13680,+42.1212932,-080.0889189,N,POINT (-80.0851 42.1292)
USA33428,31 July 2021,2021,1,Demonstrations,Protests,Peaceful protest,Protesters (United States),,6,,,0,60,,840,North America,United States,Pennsylvania,Erie,,Erie,42.1292,-80.0851,1,WICU,Subnational,"On 31 July 2021, dozens of people gathered outside Heartland Pets, a pet shot in the Millcreek Mall in Erie (Pennsylvania) to demonstrate against the shop's alleged use of puppy mills, which demonstrators said constitutes animal abuse.",0,crowd size=dozens,1631063376,1464,42,16501,4216501,B5,G6350,S,1762373,13680,+42.1212932,-080.0889189,N,POINT (-80.0851 42.1292)
USA32991,24 July 2021,2021,1,Demonstrations,Protests,Peaceful protest,Protesters (United States),Back the Blue; Pro-Police Group (United States),6,,,0,60,,840,North America,United States,Pennsylvania,Erie,,Erie,42.1292,-80.0851,1,WCBD NBC2,National,"On 24 July 2021, hundreds of people, including members of Lake Erie Blue Knights, rode motorcycles through Erie (Pennsylvania) for the second annual 'Back the Blue Rally' to show support for local police.",0,crowd size=hundreds,1628032460,1464,42,16501,4216501,B5,G6350,S,1762373,13680,+42.1212932,-080.0889189,N,POINT (-80.0851 42.1292)
USA31487,15 June 2021,2021,1,Demonstrations,Protests,Peaceful protest,Protesters (United States),Catholic Christian Group (United States),6,,,0,60,,840,North America,United States,Pennsylvania,Erie,,Erie,42.1292,-80.0851,1,JET24,Subnational,"On 15 June 2021, a group of people, organized by Benedictines for Peace, gathered in Perry Square in Erie (Pennsylvania) for a 'silent peace walk,' demonstrating for peace and for unidentified 'boundaries' to be overcome.",0,crowd size=no report,1624394064,1464,42,16501,4216501,B5,G6350,S,1762373,13680,+42.1212932,-080.0889189,N,POINT (-80.0851 42.1292)
USA31216,04 June 2021,2021,1,Demonstrations,Protests,Peaceful protest,Protesters (United States),Women (United States),6,,,0,60,,840,North America,United States,Pennsylvania,Erie,,Erie,42.1292,-80.0851,1,Pennsylvania News Today; WICU,Subnational,"On 4 June 2021, dozens of people, including members of PA Red Cloak and Ellie Action gathered in Erie (Pennsylvania) to demonstrate against anti-abortion legislation in Pennsylvania.",0,crowd size=dozens,1680633609,1464,42,16501,4216501,B5,G6350,S,1762373,13680,+42.1212932,-080.0889189,N,POINT (-80.0851 42.1292)
USA30556,25 May 2021,2021,1,Demonstrations,Protests,Peaceful protest,Protesters (United States),BLM: Black Lives Matter,6,,,0,60,,840,North America,United States,Pennsylvania,Erie,,Erie,42.1292,-80.0851,1,JET24,Subnational,"On 25 May 2021, at least 60 people with Erie Action protested in Erie (Pennsylvania) on the anniversary of the death of George Floyd and in support of the Black Lives Matter movement.",0,crowd size=at least 60,1622578606,1464,42,16501,4216501,B5,G6350,S,1762373,13680,+42.1212932,-080.0889189,N,POINT (-80.0851 42.1292)
USA30027,20 May 2021,2021,1,Demonstrations,Protests,Peaceful protest,Protesters (United States),,6,,,0,60,,840,North America,United States,Pennsylvania,Erie,,Erie,42.1292,-80.0851,1,JET24,Subnational,"On 20 May 2021, people protested in Erie (Pennsylvania) to call for justice for Kasir Gambill, a 13-year-old who was fatally shot in December, calling for updates from the detectives in their case.",0,crowd size=no report,1621980621,1464,42,16501,4216501,B5,G6350,S,1762373,13680,+42.1212932,-080.0889189,N,POINT (-80.0851 42.1292)
USA30166,10 May 2021,2021,1,Demonstrations,Protests,Peaceful protest,Protesters (United States),Students (United States); NAACP: National Association for the Advancement of Colored People; African American Group (United States),6,,,0,60,,840,North America,United States,Pennsylvania,Erie,,Erie,42.1292,-80.0851,1,JET24,Subnational,"On 10 May 2021, students and supporters with the NAACP marched in Erie (Pennsylvania) in support of community college in the city.",0,crowd size=no report,1621980621,1464,42,16501,4216501,B5,G6350,S,1762373,13680,+42.1212932,-080.0889189,N,POINT (-80.0851 42.1292)
USA27377,26 March 2021,2021,1,Demonstrations,Protests,Peaceful protest,Protesters (United States),SEIU: Service Employees International Union; Labor Group (United States); Health Workers (United States),6,,,0,60,,840,North America,United States,Pennsylvania,Erie,,Erie,42.1292,-80.0851,1,Beaver County Times,Subnational,"On 26 March 2021, people organized by the SEIU Healthcare Pennsylvania protested in Erie (Pennsylvania) to call for policymakers to enact long-term care reforms for the nursing home industry, as nursing employees cite understaffing and unacceptable conditions as issues within the industry.",0,crowd size=no report,1617744381,1464,42,16501,4216501,B5,G6350,S,1762373,13680,+42.1212932,-080.0889189,N,POINT (-80.0851 42.1292)
USA25089,13 February 2021,2021,1,Demonstrations,Protests,Peaceful protest,Protesters (United States),Burmese Group (United States); Asian American Group (United States),6,,,0,60,,840,North America,United States,Pennsylvania,Erie,,Erie,42.1292,-80.0851,1,Erie Times News,Subnational,"On 13 February 2021, about 30 members of the Burmese community and people with Benedictines for Peace of Erie held a vigil and rallied in Erie (Pennsylvania) against the recent military coup in Myanmar and to show support for the democratically elected government there.",0,crowd size=about 30,1617746752,1464,42,16501,4216501,B5,G6350,S,1762373,13680,+42.1212932,-080.0889189,N,POINT (-80.0851 42.1292)
USA22127,23 January 2021,2021,1,Demonstrations,Protests,Peaceful protest,Protesters (United States),,6,,,0,60,,840,North America,United States,Pennsylvania,Erie,,Erie,42.1292,-80.0851,1,JET24,Subnational,"On 23 January 2021, people with the People For Life Institute marched in Erie (Pennsylvania) against abortion rights.",0,crowd size=no report,1680633594,1464,42,16501,4216501,B5,G6350,S,1762373,13680,+42.1212932,-080.0889189,N,POINT (-80.0851 42.1292)
USA20172,06 January 2021,2021,1,Demonstrations,Protests,Peaceful protest,Protesters (United States),,6,Protesters (United States),,6,66,,840,North America,United States,Pennsylvania,Erie,,Erie,42.1292,-80.0851,1,WICU; Crowd Counting Consortium,Other-Subnational,"On 6 January 2021, about 50-60 people held a 'Stop the Steal' protest in Erie (Pennsylvania) in support of President Trump and his allegations of voter fraud during the presidential election. A small group of counter-demonstrators protested against President Trump nearby.",0,counter-demonstration; crowd size=about 50-60; stop the steal,1680633665,1464,42,16501,4216501,B5,G6350,S,1762373,13680,+42.1212932,-080.0889189,N,POINT (-80.0851 42.1292)
USA37506,14 December 2021,2021,1,Demonstrations,Protests,Peaceful protest,Protesters (United States),Government of the United States (2021-); GOP: Republican Party,6,,,0,60,,840,North America,United States,Pennsylvania,Dauphin,,Harrisburg,40.2726,-76.8875,1,WNEP-TV16,Subnational,"On 14 December 2021, dozens of people organized by Republican state senator Doug Mastriano (R) gathered outside the state capitol in Harrisburg (Pennsylvania) to protest against mandatory coronavirus pandemic vaccines and in support of proposed legislation that would prohibit employers from discriminating based on vaccination status.",0,crowd size=dozens,1680633607,765,42,17102,4217102,B5,G6350,S,2032017,2214922,+40.2703699,-076.9052788,N,POINT (-76.8875 40.2726)
USA50893,14 December 2021,2021,1,Demonstrations,Protests,Peaceful protest,Protesters (United States),CASA; Latin American Group (United States); Interfaith Group (United States); Government of the United States (2021-); DEM: Democratic Party; Korean Group (United States); Asian American Group (United States); Make the Road Action; Labor Group (United States),6,,,0,60,,840,North America,United States,Pennsylvania,Dauphin,,Harrisburg,40.2726,-76.8875,1,Twitter,New media,"On 14 December 2021, an unreported number of people demonstrated outside of the Capitol in Harrisburg (Pennsylvania) to call for the state legislature to pass legislation that would give undocumented immigrants equal access to obtain a driver's license. State Rep. Manny Guzman Jr. (D) and members of CASA, Make the Road PA, CASA San Jose Pittsburgh, Movement of Immigrant Leaders in PA (MILPA), New Sanctuary Movement (an interfaith organization), Woori Center (a Korean organization), and the Labor Council for Latin American Advancement participated in the rally.",0,crowd size=no report,1680633869,765,42,17102,4217102,B5,G6350,S,2032017,2214922,+40.2703699,-076.9052788,N,POINT (-76.8875 40.2726)
USA37216,01 December 2021,2021,1,Demonstrations,Protests,Peaceful protest,Protesters (United States),PP: Planned Parenthood; Women (United States),6,,,0,60,,840,North America,United States,Pennsylvania,Dauphin,,Harrisburg,40.2726,-76.8875,1,Pennsylvania Capital-Star,Subnational,"On 1 December 2021, people including representatives from Planned Parenthood, gathered outside the state capitol in Harrisburg (Pennsylvania) to protest in support of access to legal abortions as the U.S. Supreme Court began a hearing on Mississippi's anti-abortion bill and against a similar 'heartbeat bill' proposed by Pennsylvania state politicians that would seek to restrict access to abortions.",0,crowd size=no report,1680633604,765,42,17102,4217102,B5,G6350,S,2032017,2214922,+40.2703699,-076.9052788,N,POINT (-76.8875 40.2726)
USA36925,15 November 2021,2021,1,Demonstrations,Protests,Peaceful protest,Protesters (United States),,6,,,0,60,,840,North America,United States,Pennsylvania,Dauphin,,Harrisburg,40.2726,-76.8875,1,CBS 21 (Harrisburg),Subnational,"On 15 November 2021, a group of people gathered at the state capitol in Harrisburg (Pennsylvania) to show support for proposed legislation to protect children from parental abuse.",0,crowd size=no report,1637709102,765,42,17102,4217102,B5,G6350,S,2032017,2214922,+40.2703699,-076.9052788,N,POINT (-76.8875 40.2726)
USA36725,12 November 2021,2021,1,Demonstrations,Protests,Peaceful protest,Protesters (United States),Students (United States),6,,,0,60,,840,North America,United States,Pennsylvania,Dauphin,,Harrisburg,40.2726,-76.8875,1,WICU; Pennsylvania Capital-Star,Subnational,"On 12 November 2021, an unreported number of people, including students, rallied on the steps of the Capitol in Harrisburg (Pennsylvania) to call for equitable funding for Pennsylvania public schools. The protest was organized by Children First and Education Voters of Pennsylvania.",0,crowd size=no report,1663103369,765,42,17102,4217102,B5,G6350,S,2032017,2214922,+40.2703699,-076.9052788,N,POINT (-76.8875 40.2726)
USA36710,10 November 2021,2021,1,Demonstrations,Protests,Peaceful protest,Protesters (United States),Teachers (United States); Labor Group (United States),6,,,0,60,,840,North America,United States,Pennsylvania,Dauphin,,Harrisburg,40.2726,-76.8875,1,AP,International,"On 10 November 2021, hundreds of teachers and supporters organized by the Scranton Federation of Teachers gathered in Harrisburg (Pennsylvania) to call for better funding and wages for striking Scranton teachers.",0,crowd size=hundreds,1637103229,765,42,17102,4217102,B5,G6350,S,2032017,2214922,+40.2703699,-076.9052788,N,POINT (-76.8875 40.2726)
USA36724,09 November 2021,2021,1,Demonstrations,Protests,Peaceful protest,Protesters (United States),,6,,,0,60,,840,North America,United States,Pennsylvania,Dauphin,,Harrisburg,40.2726,-76.8875,1,Sentinel,Subnational,"On 9 November 2021, disability rights activists gathered outside the state capitol in Harrisburg (Pennsylvania) to protest the quality of home care services offered by the state, which they claimed is worsening.",0,crowd size=no report,1637103229,765,42,17102,4217102,B5,G6350,S,2032017,2214922,+40.2703699,-076.9052788,N,POINT (-76.8875 40.2726)
USA52801,09 November 2021,2021,1,Demonstrations,Protests,Peaceful protest,Protesters (United States),Tuesdays with Toomey,6,,,0,60,,840,North America,United States,Pennsylvania,Dauphin,,Harrisburg,40.2726,-76.8875,1,Facebook; Patriot-News,New media-Subnational,"On 9 November 2021, an unreported number of people demonstrated near the Capitol in Harrisburg (Pennsylvania) in opposition to Senator Pat Toomy and to call for the passage of the Freedom to Vote and John Lewis Voting Rights Acts. Members of the New Pennsylvania Project and Tuesdays with Toomey participated in the demonstration.",0,crowd size=no report,1677620133,765,42,17102,4217102,B5,G6350,S,2032017,2214922,+40.2703699,-076.9052788,N,POINT (-76.8875 40.2726)
USA36656,09 November 2021,2021,1,Demonstrations,Protests,Peaceful protest,Protesters (United States),Government of the United States (2021-); GOP: Republican Party,6,,,0,60,,840,North America,United States,Pennsylvania,Dauphin,,Harrisburg,40.2726,-76.8875,1,Fox56 (Hazleton); ABC27 (Harrisburg),Subnational,"On 9 November 2021, people, including Republican state lawmakers, gathered outside the state capitol in Harrisburg (Pennsylvania) to protest federal coronavirus vaccine mandates and to support proposed legislation that would make it illegal for employers to require vaccinations. Among the lawmakers present were Pennsylvania State Senators Doug Mastriano (R), Judy Ward (R), and Stephanie Borowicz (R), along with Pennsylvania State Representative Dawn Keefer (R).",0,crowd size=no report,1680633600,765,42,17102,4217102,B5,G6350,S,2032017,2214922,+40.2703699,-076.9052788,N,POINT (-76.8875 40.2726)
USA50822,28 October 2021,2021,1,Demonstrations,Protests,Peaceful protest,Protesters (United States),CASA; Latin American Group (United States),6,,,0,60,,840,North America,United States,Pennsylvania,Dauphin,,Harrisburg,40.2726,-76.8875,1,Twitter,New media,"On 28 October 2021, an unreported number of people rallied in front of the Capitol in Harrisburg (Pennsylvania) to call for the state redistricting commission to create racially equitable redistricting maps. CASA organized the rally.",0,crowd size=no report,1673382860,765,42,17102,4217102,B5,G6350,S,2032017,2214922,+40.2703699,-076.9052788,N,POINT (-76.8875 40.2726)
USA36317,27 October 2021,2021,1,Demonstrations,Protests,Peaceful protest,Protesters (United States),,6,,,0,60,,840,North America,United States,Pennsylvania,Dauphin,,Harrisburg,40.2726,-76.8875,1,ABC27 (Harrisburg),Subnational,"On 27 October 2021, people, including members of the Harm Reduction Network, protested outside of the Pennsylvania State Capitol in Harrisburg (Pennsylvania) in support of Senate and House bills that attempt to legalize Syringe Service Programs, which would designate areas for clean needle disposal and a place to get clean needles.",0,crowd size=no report,1635890949,765,42,17102,4217102,B5,G6350,S,2032017,2214922,+40.2703699,-076.9052788,N,POINT (-76.8875 40.2726)
USA36269,25 October 2021,2021,1,Demonstrations,Protests,Peaceful protest,Protesters (United States),Latin American Group (United States),6,,,0,60,,840,North America,United States,Pennsylvania,Dauphin,,Harrisburg,40.2726,-76.8875,1,Pittsburgh City Paper,Subnational,"On 25 October 2021, people organized by Latinx immigrant organization Casa San Jose and the Pennsylvania Immigrant and Citizen Coalition gathered outside the Pennsylvania State Capitol in Harrisburg (Pennsylvania) to urge lawmakers to pass legislation that would allow undocumented students to pay in-state tuition and qualify for financial aid through the Pennsylvania Higher Education Assistance Agency.",0,crowd size=no report,1680633599,765,42,17102,4217102,B5,G6350,S,2032017,2214922,+40.2703699,-076.9052788,N,POINT (-76.8875 40.2726)
USA50940,12 October 2021,2021,1,Demonstrations,Protests,Peaceful protest,Protesters (United States),CASA; Latin American Group (United States); Women (United States); SEIU: Service Employees International Union; Labor Group (United States); Health Workers (United States); Indivisible Movement; Tuesdays with Toomey; Migrants (Mexico); Protesters (Mexico),6,,,0,60,,840,North America,United States,Pennsylvania,Dauphin,,Harrisburg,40.2726,-76.8875,1,Facebook; Twitter,New media,"On 12 October 2021, an unreported number of people demonstrated outside Sen. Pat Toomey's office in Harrisburg (Pennsylvania) to call on Sen. Pat Toomey to support a pathway to citizenship for undocumented immigrants. Migrants, including those from Mexico, and members of CASA, Moms Rising, Paid Leave for All, SEIU Healthcare Pennsylvania, United Home Care Workers of PA, Hershey Indivisible, Capital Region Stands Up, 99% Campaign, Pennsylvania Budget and Policy Center, Human Rights Campaign PA, and Tuesdays with Toomey participated in the demonstration.",0,crowd size=no report,1686676530,765,42,17102,4217102,B5,G6350,S,2032017,2214922,+40.2703699,-076.9052788,N,POINT (-76.8875 40.2726)
USA35774,10 October 2021,2021,1,Demonstrations,Protests,Peaceful protest,Protesters (United States),Jewish Group (United States),6,,,0,60,,840,North America,United States,Pennsylvania,Dauphin,,Harrisburg,40.2726,-76.8875,1,ABC27 (Harrisburg),Subnational,"On 10 October 2021, a group of people, including members of the Civic Club of Harrisburg, the Pennsylvania Human Relations Commission, the Red Rose Intercultural and Educational Foundation, and a Rabbi, marched through Harrisburg (Pennsylvania) for a 'March Against Hate,' demonstrating against discrimination.",0,crowd size=no report,1634671560,765,42,17102,4217102,B5,G6350,S,2032017,2214922,+40.2703699,-076.9052788,N,POINT (-76.8875 40.2726)
USA45065,07 October 2021,2021,1,Demonstrations,Protests,Peaceful protest,Protesters (United States),Bloodstained Men,6,,,0,60,,840,North America,United States,Pennsylvania,Dauphin,,Harrisburg,40.2726,-76.8875,1,CBS 21 (Harrisburg),Subnational,"On 7 October 2021, an unreported number of people demonstrated in Harrisburg (Pennsylvania) in opposition to circumcision. The protest was organized by Bloodstained Men.",0,crowd size=no report,1657062168,765,42,17102,4217102,B5,G6350,S,2032017,2214922,+40.2703699,-076.9052788,N,POINT (-76.8875 40.2726)
USA35401,02 October 2021,2021,1,Demonstrations,Protests,Peaceful protest,Protesters (United States),PP: Planned Parenthood; Government of the United States (2021-); DEM: Democratic Party; Jewish Group (United States); Latin American Group (United States); LGBTQ+ (United States); LWV: League of Women Voters; YWCA: Young Women's Christian Association; Christian Group (United States); Women (United States); Unitarian Universalist Group (United States); Indivisible Movement,6,,,0,60,,840,North America,United States,Pennsylvania,Dauphin,,Harrisburg,40.2726,-76.8875,1,Newsradio 1070 WKOK; Pittsburgh Post-Gazette; Patriot-News; WITF; ABC27 (Harrisburg); Pennsylvania Capital-Star; Channel 8 (Lancaster),Subnational,"On 2 October 2021, several hundred of people, including members of Planned Parenthood Keystone gathered in Harrisburg (Pennsylvania) to demonstrate in favor of legal abortion and against Texas's anti-abortion 'heartbeat bill.' Other participants included Attorney General Josh Shapiro (D), Harrisburg City Council Member Shamaine Daniels (D), a Rabbi, the founder of Mama Le Lechera, Women's March on Washington of Pennsylvania, the Bradbury-Sullivan LGBT Community Center, the League of Women Voters Pennsylvania, YWCA Lancaster, Cumberland Valley Rising, Bans Off Our Bodies - Central PA, Women's Law Project, Women's Medical Fund, the Unitarian Church of Harrisburg, and Hershey Indivisible.",0,crowd size=several hundred,1680633596,765,42,17102,4217102,B5,G6350,S,2032017,2214922,+40.2703699,-076.9052788,N,POINT (-76.8875 40.2726)
USA35155,30 September 2021,2021,1,Demonstrations,Protests,Peaceful protest,Protesters (United States),Government of the United States (2021-); DEM: Democratic Party; LGBTQ+ (United States),6,,,0,60,,840,North America,United States,Pennsylvania,Dauphin,,Harrisburg,40.2726,-76.8875,1,Pennsylvania Capital-Star; Pittsburgh City Paper,Subnational,"On 30 September 2021, a group of people, including members of Transgender Advocates Knowledgeable Empowering (TAKE), the Pennsylvania Coalition for Trans Youth, and Pennsylvania State Representative Brian Sims (D) gathered on the steps of the Pennsylvania State Capitol in Harrisburg (Pennsylvania) to demonstrate against state legislation which would ban transgender students from participating in sports corresponding with their gender identity. Demonstrators also called on the Pennsylvania Legislature to focus efforts on the coronavirus pandemic and to provide more protections for LGBT people.",0,crowd size=no report,1634073005,765,42,17102,4217102,B5,G6350,S,2032017,2214922,+40.2703699,-076.9052788,N,POINT (-76.8875 40.2726)
USA35093,27 September 2021,2021,1,Demonstrations,Protests,Peaceful protest,Protesters (United States),Government of the United States (2021-); GOP: Republican Party; Catholic Christian Group (United States),6,,,0,60,,840,North America,United States,Pennsylvania,Dauphin,,Harrisburg,40.2726,-76.8875,1,Patriot-News; Channel 8 (Lancaster); Pennsylvania Capital-Star; Fox43; York Daily Record; ABC27 (Harrisburg); Chambersburg Public Opinion; WITF; Twitter,New media-Subnational,"On 27 September 2021, a couple thousand people, organized by the Pennsylvania Family Institute and including Pennsylvanians with Down Syndrome and Relationships Matter gathered at the Pennsylvania State Capitol in Harrisburg (Pennsylvania) for a 'March for Life' to demonstrate against abortion and in favor of anti-abortion legislation. Speakers included a Catholic Bishop, Pennsylvania State Senators Jake Corman (R), Doug Mastriano (R), and Kim Ward (R), and Pennsylvania House members Bryan Cutler (R), Stephanie Borowicz (R), and Kate Klunk (R).",0,crowd size=couple thousand,1680633604,765,42,17102,4217102,B5,G6350,S,2032017,2214922,+40.2703699,-076.9052788,N,POINT (-76.8875 40.2726)
USA34828,20 September 2021,2021,1,Demonstrations,Protests,Peaceful protest,Protesters (United States),GOA: Gun Owners Of America; Government of the United States (2021-); GOP: Republican Party,6,,,0,60,,840,North America,United States,Pennsylvania,Dauphin,,Harrisburg,40.2726,-76.8875,1,Patriot-News,Subnational,"On 20 September 2021, about 50 members of Gun Owners of America, along with State Senators Doug Mastriano (R) and Cris Dush (R) gathered on the steps of the Pennsylvania State Capitol in Harrisburg (Pennsylvania) to demonstrate in favor of three pro-gun pieces of legislation in the Pennsylvania legislature. Demonstrators were not reported to be armed.",0,crowd size=about 50,1680633599,765,42,17102,4217102,B5,G6350,S,2032017,2214922,+40.2703699,-076.9052788,N,POINT (-76.8875 40.2726)
USA34824,17 September 2021,2021,1,Demonstrations,Protests,Peaceful protest,Protesters (United States),Students (United States),6,,,0,60,,840,North America,United States,Pennsylvania,Dauphin,,Harrisburg,40.2726,-76.8875,1,Channel 8 (Lancaster),Subnational,"On 17 September 2021, a group of people, including students, gathered outside the Pennsylvania State Capitol in Harrisburg (Pennsylvania) to demonstrate against Governor Wolf's decision to mandate masks in schools, a policy which is intended to prevent the spread of the coronavirus pandemic.",0,crowd size=no report,1680633593,765,42,17102,4217102,B5,G6350,S,2032017,2214922,+40.2703699,-076.9052788,N,POINT (-76.8875 40.2726)
USA34387,06 September 2021,2021,1,Demonstrations,Protests,Peaceful protest,Protesters (United States),Teachers (United States),6,,,0,60,,840,North America,United States,Pennsylvania,Dauphin,,Harrisburg,40.2726,-76.8875,1,CBS 21 (Harrisburg),Subnational,"On 6 September 2021, a group of people, including staff and faculty members at Harrisburg Area Community College, gathered on the college's campus in Harrisburg (Pennsylvania) to demonstrate in favor of unionizing.",0,crowd size=no report,1631649215,765,42,17102,4217102,B5,G6350,S,2032017,2214922,+40.2703699,-076.9052788,N,POINT (-76.8875 40.2726)
USA34419,06 September 2021,2021,1,Demonstrations,Protests,Peaceful protest,Protesters (United States),,6,,,0,60,,840,North America,United States,Pennsylvania,Dauphin,,Harrisburg,40.2726,-76.8875,1,Fox43,Subnational,"On 6 September 2021, a group of people, including members of Pa. for Medical Freedom and Informed Consent gathered on the Capitol steps in Harrisburg (Pennsylvania) for a 'Pa. Unites Against School Mask Mandates' rally to demonstrate against mask mandates in schools, which are intended to prevent the spread of the coronavirus pandemic.",0,crowd size=no report,1680633590,765,42,17102,4217102,B5,G6350,S,2032017,2214922,+40.2703699,-076.9052788,N,POINT (-76.8875 40.2726)
USA33081,29 August 2021,2021,1,Demonstrations,Protests,Peaceful protest,Protesters (United States),QAnon; Three Percenters (III%); Unidentified Communal Militia (United States),6,,,0,60,,840,North America,United States,Pennsylvania,Dauphin,,Harrisburg,40.2726,-76.8875,1,MilitiaWatch; Sentinel,Local partner-New media,"On 29 August 2021, anti-vaccine demonstrators gathered for a QAnon-organized 'Worldwide Rally' in Harrisburg (Pennsylvania) at the steps of the State Capitol building against vaccine mandates and restrictions related to the coronavirus pandemic. Some armed III% adherents, unidentified communal militias, and pro-Trump elements all attended.",0,armed; crowd size=no report,1680633587,765,42,17102,4217102,B5,G6350,S,2032017,2214922,+40.2703699,-076.9052788,N,POINT (-76.8875 40.2726)
USA32413,14 July 2021,2021,1,Demonstrations,Protests,Peaceful protest,Protesters (United States),Government of the United States (2021-); GOP: Republican Party,6,,,0,60,,840,North America,United States,Pennsylvania,Dauphin,,Harrisburg,40.2726,-76.8875,1,ABC27 (Harrisburg); WJAC-TV6,Subnational,"On 14 July 2021, almost 100 people, including Pennsylvania State Representatives Russ Diamond (R) and Barb Gleim (R) gathered at the Pennsylvania State Capitol in Harrisburg (Pennsylvania) to demonstrate against the teaching of critical race theory in Pennsylvania schools.",0,crowd size=almost 100,1632861453,765,42,17102,4217102,B5,G6350,S,2032017,2214922,+40.2703699,-076.9052788,N,POINT (-76.8875 40.2726)
USA56834,06 July 2021,2021,1,Demonstrations,Protests,Peaceful protest,Protesters (United States),Tuesdays with Toomey,6,,,0,60,,840,North America,United States,Pennsylvania,Dauphin,,Harrisburg,40.2726,-76.8875,1,Facebook; Patriot-News,New media-Subnational,"On 6 July 2021, an unreported number of people demonstrated near Sen. Pat Toomey's office in Harrisburg (Pennsylvania) in opposition to the Senator and to call for the passage of the For the People Act, a federal bill which includes a number of provisions to expand and protect voting rights. Members of March on Harrisburg, PennFuture, Cleanup Carl, and Fair Districts PA participated in the protest which was organized by Tuesdays with Toomey.",0,crowd size=no report,1686676531,765,42,17102,4217102,B5,G6350,S,2032017,2214922,+40.2703699,-076.9052788,N,POINT (-76.8875 40.2726)
USA32019,28 June 2021,2021,1,Demonstrations,Protests,Peaceful protest,Protesters (United States),Labor Group (United States),6,,,0,60,,840,North America,United States,Pennsylvania,Dauphin,,Harrisburg,40.2726,-76.8875,1,ATU; Twitter,Other-New media,"On 28 June 2021, a group of people, including members of the Amalgamated Transit Union, Transit Forward Philadelphia, 5th Square, and the Philly Transit Riders Union gathered in Harrisburg (Pennsylvania) to demonstrate in favor of improved public transit.",0,crowd size=no report,1638920205,765,42,17102,4217102,B5,G6350,S,2032017,2214922,+40.2703699,-076.9052788,N,POINT (-76.8875 40.2726)
USA31686,23 June 2021,2021,1,Demonstrations,Protests,Protest with intervention,Protesters (United States),Interfaith Group (United States); Government of the United States (2021-); Christian Group (United States); DEM: Democratic Party,6,Police Forces of the United States (2021-),,1,16,,840,North America,United States,Pennsylvania,Dauphin,,Harrisburg,40.2726,-76.8875,1,6ABC; Fox29; Pennsylvania Capital-Star,Subnational,"On 23 June 2021, more than a dozen people, including members of the interfaith group POWER, and Philadelphia Councilmember Helen Gym (D) gathered outside the Pennsylvania Senate chamber in Harrisburg (Pennsylvania) to demonstrate in favor of additional funds for public education through the Fair Funding Formula. 15 people were arrested after they failed to obey a dispersal order from the Pennsylvania Capitol Police.",0,crowd size=more than a dozen,1687985752,765,42,17102,4217102,B5,G6350,S,2032017,2214922,+40.2703699,-076.9052788,N,POINT (-76.8875 40.2726)
USA31662,21 June 2021,2021,1,Demonstrations,Protests,Peaceful protest,Protesters (United States),SM: Sunrise Movement,6,,,0,60,,840,North America,United States,Pennsylvania,Dauphin,,Harrisburg,40.2726,-76.8875,1,StateImpact Pennsylvania,Subnational,"On 21 June 2021, a group of about a dozen people, including members of the Sunrise Movement, gathered in Harrisburg (Pennsylvania) for the Generation on Fire campaign to call for a Civilian Climate Corps and other measures to tackle climate change. The group planned to march to Washington DC over the following week.",0,crowd size=about a dozen,1625004361,765,42,17102,4217102,B5,G6350,S,2032017,2214922,+40.2703699,-076.9052788,N,POINT (-76.8875 40.2726)
USA50874,21 June 2021,2021,1,Demonstrations,Protests,Peaceful protest,Protesters (United States),CASA; Latin American Group (United States); Government of the United States (2021-); DEM: Democratic Party,6,,,0,60,,840,North America,United States,Pennsylvania,Dauphin,,Harrisburg,40.2726,-76.8875,1,Twitter,New media,"On 21 June 2021, an unreported number of people rallied at the Capitol in Harrisburg (Pennsylvania) to call on state legislators to pass HB279, which would allow all people who meet the requirements for a driver's license to acquire one regardless of immigration status. State Sen. Nikil Saval (D), State Rep. Danilo Burgos (D), State Rep. Manny Guzman (D), and members of CASA, CASA San Jose, and MILPA participated in the rally.",0,crowd size=no report,1680633869,765,42,17102,4217102,B5,G6350,S,2032017,2214922,+40.2703699,-076.9052788,N,POINT (-76.8875 40.2726)
USA31554,16 June 2021,2021,1,Demonstrations,Protests,Peaceful protest,Protesters (United States),,6,,,0,60,,840,North America,United States,Pennsylvania,Dauphin,,Harrisburg,40.2726,-76.8875,1,Pittsburgh City Paper,Subnational,"On 16 June 2021, about 50 people, including members of the group 'Audit the Vote PA' gathered on the steps of the Pennsylvania Capitol Building in Harrisburg (Pennsylvania) to demand a legislative-led review of the 2020 presidential election due to claims by former President Donald Trump that the election was fraudulent.",0,crowd size=about 50; stop the steal,1680633498,765,42,17102,4217102,B5,G6350,S,2032017,2214922,+40.2703699,-076.9052788,N,POINT (-76.8875 40.2726)
USA31325,15 June 2021,2021,1,Demonstrations,Protests,Peaceful protest,Protesters (United States),Health Workers (United States); SEIU: Service Employees International Union; Labor Group (United States); Tuesdays with Toomey; Government of the United States (2021-); DEM: Democratic Party,6,,,0,60,,840,North America,United States,Pennsylvania,Dauphin,,Harrisburg,40.2726,-76.8875,1,ABC27 (Harrisburg); Channel 8 (Lancaster); Facebook; SEIU Healthcare Pennsylvania; Twitter,Other-New media,"On 15 June 2021, a group of nurses and healthcare workers, organized by SEIU Healthcare PA, gathered at the Pennsylvania State Capitol in Harrisburg (Pennsylvania) to demand that legislators raise wages for healthcare workers, invest more funds in bedside care, and invest in safe staffing. State Rep. Joanna McClinton (D), State Sen. Jay Costa (D), and members of Tuesdays with Toomey and the Pennsylvania Budget and Policy Center participated in the rally.",0,crowd size=no report,1686676530,765,42,17102,4217102,B5,G6350,S,2032017,2214922,+40.2703699,-076.9052788,N,POINT (-76.8875 40.2726)
USA31497,14 June 2021,2021,1,Demonstrations,Protests,Peaceful protest,Protesters (United States),Government of the United States (2021-); GOP: Republican Party,6,,,0,60,,840,North America,United States,Pennsylvania,Dauphin,,Harrisburg,40.2726,-76.8875,1,MilitiaWatch; Facebook,Local partner-New media,"On 14 June 2021, anti-vaccine protesters gathered to demonstrate in front of the Pennsylvania State Capitol Building in Harrisburg (Pennsylvania) in support of HB262, which bans employers from requiring the coronavirus vaccine to return to work amid the coronavirus pandemic. Multiple GOP Pennsylvania state representatives spoke at the rally, including Representative Daryl Metcalfe, Representative Russ Diamond, Representative David Zimmerman, Representative Stephanie Borowicz, and Senator Doug Mastriano. The event was hosted by Health Freedom Pennsylvania, who invited a representative from a partner organization in Ohio to speak as well.",0,crowd size=no report,1680633593,765,42,17102,4217102,B5,G6350,S,2032017,2214922,+40.2703699,-076.9052788,N,POINT (-76.8875 40.2726)
USA31274,09 June 2021,2021,1,Demonstrations,Protests,Peaceful protest,Protesters (United States),,6,,,0,60,,840,North America,United States,Pennsylvania,Dauphin,,Harrisburg,40.2726,-76.8875,1,Fox56 (Hazleton),Subnational,"On 9 June 2021, a group of people, including members of MarchOnHarrisburg, gathered at the Pennsylvania state capitol in Harrisburg (Pennsylvania) to demonstrate in favor of legislation which would bar legislators from accepting gifts - demonstrators held signs saying 'stop taking bribes.'",0,crowd size=no report,1623793005,765,42,17102,4217102,B5,G6350,S,2032017,2214922,+40.2703699,-076.9052788,N,POINT (-76.8875 40.2726)
USA31116,08 June 2021,2021,1,Demonstrations,Protests,Peaceful protest,Protesters (United States),MDA: Moms Demand Action for Gun Sense in America; Women (United States); Government of the United States (2021-); DEM: Democratic Party,6,,,0,60,,840,North America,United States,Pennsylvania,Dauphin,,Harrisburg,40.2726,-76.8875,1,ABC27 (Harrisburg),Subnational,"On 8 June 2021, members of Moms Demand Action and supporters, including State Representative Donna Dullock (D), gathered outside of the Capitol building in Harrisburg (Pennsylvania) to speak out against proposed legislation which would loosen gun restrictions in the state.",0,crowd size=no report,1680633689,765,42,17102,4217102,B5,G6350,S,2032017,2214922,+40.2703699,-076.9052788,N,POINT (-76.8875 40.2726)
USA31140,07 June 2021,2021,1,Demonstrations,Protests,Peaceful protest,Protesters (United States),Poor People's Campaign,6,,,0,60,,840,North America,United States,Pennsylvania,Dauphin,,Harrisburg,40.2726,-76.8875,1,WICU; TribLive,Subnational,"On 7 June 2021, more than 50 members of the Poor People's Campaign marched to the Capitol building in Harrisburg (Pennsylvania) to show support for a 'Third Reconstruction' and call for Congress to address poverty.",0,crowd size=more than 50,1623793004,765,42,17102,4217102,B5,G6350,S,2032017,2214922,+40.2703699,-076.9052788,N,POINT (-76.8875 40.2726)
USA31074,07 June 2021,2021,1,Demonstrations,Protests,Peaceful protest,Protesters (United States),Government of the United States (2021-); Iron City Citizen Response Unit; Three Percenters (III%); GOP: Republican Party,6,,,0,60,,840,North America,United States,Pennsylvania,Dauphin,,Harrisburg,40.2726,-76.8875,1,JET24; TribLive,Subnational,"On 7 June 2021, a couple hundred gun rights activists, organized by State Representative Daryl Metcalfe (R), gathered outside of the Capitol building in Harrisburg (Pennsylvania) for a pro-2A demonstration to show support for two proposed bills which would limit gun control measures. Seven armed members of the 'Iron City Citizen Response Unit' militia also joined the protest to show support for second amendment rights. Members of the Three Percenters were also in attendance.",0,armed; crowd size=a couple hundred,1680633593,765,42,17102,4217102,B5,G6350,S,2032017,2214922,+40.2703699,-076.9052788,N,POINT (-76.8875 40.2726)
USA31060,05 June 2021,2021,1,Demonstrations,Protests,Peaceful protest,Protesters (United States),Government of the United States (2021-),6,,,0,60,,840,North America,United States,Pennsylvania,Dauphin,,Harrisburg,40.2726,-76.8875,1,Pennsylvania Capital-Star,Subnational,"On 5 June 2021, about 100 people, including State Senator Doug Mastriano (R) as well as members of ReOpen PA and Audit the Vote PA, gathered outside of the Capitol building in Harrisburg (Pennsylvania) to protest the Governor's management of the coronavirus pandemic as well as call for an audit of the presidential election results, referring to the election as stolen from Trump.",0,crowd size=about 100; stop the steal,1680633498,765,42,17102,4217102,B5,G6350,S,2032017,2214922,+40.2703699,-076.9052788,N,POINT (-76.8875 40.2726)
USA30819,03 June 2021,2021,1,Demonstrations,Protests,Peaceful protest,Protesters (United States),,6,,,0,60,,840,North America,United States,Pennsylvania,Dauphin,,Harrisburg,40.2726,-76.8875,1,Channel 8 (Lancaster); ABC27 (Harrisburg),Subnational,"On 3 June 2021, a group of people gathered in Harrisburg (Pennsylvania) for a 'March Against Injustice and Gun Violence,' demanding more proactive measures against gun violence and injustice.",0,crowd size=no report,1623185145,765,42,17102,4217102,B5,G6350,S,2032017,2214922,+40.2703699,-076.9052788,N,POINT (-76.8875 40.2726)
USA30554,25 May 2021,2021,1,Demonstrations,Protests,Peaceful protest,Protesters (United States),BLM: Black Lives Matter; Students (United States); African American Group (United States); Government of the United States (2021-),6,,,0,60,,840,North America,United States,Pennsylvania,Dauphin,,Harrisburg,40.2726,-76.8875,1,WITF,Subnational,"On 25 May 2021, around 50 people including students and members of the Legislative Black Caucus protested in Harrisburg (Pennsylvania) on the anniversary of the death of George Floyd and in support of the Black Lives Matter movement.",0,crowd size=around 50,1622578606,765,42,17102,4217102,B5,G6350,S,2032017,2214922,+40.2703699,-076.9052788,N,POINT (-76.8875 40.2726)
USA30500,24 May 2021,2021,1,Demonstrations,Protests,Peaceful protest,Protesters (United States),Women (United States),6,,,0,60,,840,North America,United States,Pennsylvania,Dauphin,,Harrisburg,40.2726,-76.8875,1,ABC27 (Harrisburg),Subnational,"On 24 May 2021, survivors of sexual abuse, mostly women, protested at the Capitol in Harrisburg (Pennsylvania) to call on Senate Republicans to vote on the survivors bill, giving abuse victims more time to seek justice.",0,crowd size=no report,1622578606,765,42,17102,4217102,B5,G6350,S,2032017,2214922,+40.2703699,-076.9052788,N,POINT (-76.8875 40.2726)
USA30737,24 May 2021,2021,1,Demonstrations,Protests,Peaceful protest,Protesters (United States),Labor Group (United States),6,,,0,60,,840,North America,United States,Pennsylvania,Dauphin,,Harrisburg,40.2726,-76.8875,1,WITF,Subnational,"On 24 May 2021, local residents who applied for state unemployment gathered in the Capitol building in Harrisburg (Pennsylvania) during a labor meeting to call for the improved distribution of unemployment benefits amid the coronavirus pandemic.",0,crowd size=no report,1623185146,765,42,17102,4217102,B5,G6350,S,2032017,2214922,+40.2703699,-076.9052788,N,POINT (-76.8875 40.2726)
USA30066,16 May 2021,2021,1,Demonstrations,Protests,Peaceful protest,Protesters (United States),Palestinian Group (United States); Muslim Group (United States),6,,,0,60,,840,North America,United States,Pennsylvania,Dauphin,,Harrisburg,40.2726,-76.8875,1,ABC27 (Harrisburg),Subnational,"On 16 May 2021, a pro-Palestinian demonstration was carried out by dozens of Palestinian Americans and supporters including those with the Central Pennsylvania Committee of Masajid at the capitol building in Harrisburg (Pennsylvania) in support of Palestine and to call for an end to violence in the Middle East.",0,crowd size=dozens,1621980620,765,42,17102,4217102,B5,G6350,S,2032017,2214922,+40.2703699,-076.9052788,N,POINT (-76.8875 40.2726)
USA30165,10 May 2021,2021,1,Demonstrations,Protests,Peaceful protest,Protesters (United States),Women (United States),6,,,0,60,,840,North America,United States,Pennsylvania,Dauphin,,Harrisburg,40.2726,-76.8875,1,ABC27 (Harrisburg),Subnational,"On 10 May 2021, survivors of sexual abuse, mostly women, protested at the Capitol building in Harrisburg (Pennsylvania) to call for the state to pass House bill 951 which would allow victims to sue even when their statute of limitations has expired.",0,crowd size=no report,1621980620,765,42,17102,4217102,B5,G6350,S,2032017,2214922,+40.2703699,-076.9052788,N,POINT (-76.8875 40.2726)
USA28902,25 April 2021,2021,1,Demonstrations,Protests,Peaceful protest,Protesters (United States),BLM: Black Lives Matter,6,,,0,60,,840,North America,United States,Pennsylvania,Dauphin,,Harrisburg,40.2726,-76.8875,1,ABC27 (Harrisburg),Subnational,"On 25 April 2021, dozens of people protested in Harrisburg (Pennsylvania) in support of the Black Lives Matter movement and to stand for the victims of police brutality.",0,crowd size=dozens,1620164854,765,42,17102,4217102,B5,G6350,S,2032017,2214922,+40.2703699,-076.9052788,N,POINT (-76.8875 40.2726)
USA28935,24 April 2021,2021,1,Demonstrations,Protests,Peaceful protest,Protesters (United States),Government of the United States (2021-),6,,,0,60,,840,North America,United States,Pennsylvania,Dauphin,,Harrisburg,40.2726,-76.8875,1,Crowd Counting Consortium; Delaware County Daily Times,Other-Subnational,"On 24 April 2021, a group of people with Delco Resists demonstrated in Harrisburg (Pennsylvania) to call for equal education funding - especially across racial lines. A state representative attended the event.",0,crowd size=no report,1620164854,765,42,17102,4217102,B5,G6350,S,2032017,2214922,+40.2703699,-076.9052788,N,POINT (-76.8875 40.2726)
USA28829,24 April 2021,2021,1,Demonstrations,Protests,Peaceful protest,Protesters (United States),BLM: Black Lives Matter,6,,,0,60,,840,North America,United States,Pennsylvania,Dauphin,,Harrisburg,40.2726,-76.8875,1,CBS 21 (Harrisburg),Subnational,"On 24 April 2021, people protested in Harrisburg (Pennsylvania) to remember the victims of police violence after the verdict in the Derek Chauvin trial and in support of the BLM movement.",0,crowd size=no report,1620164854,765,42,17102,4217102,B5,G6350,S,2032017,2214922,+40.2703699,-076.9052788,N,POINT (-76.8875 40.2726)
USA28861,24 April 2021,2021,1,Demonstrations,Protests,Peaceful protest,Protesters (United States),Proud Boys,6,,,0,60,,840,North America,United States,Pennsylvania,Dauphin,,Harrisburg,40.2726,-76.8875,1,MilitiaWatch; Political Research Associates; Twitter,Local partner-New media,"On 24 April 2021, demonstrators gathered for an 'ASSEMBLE FOR FREEDOM' rally in Harrisburg (Pennsylvania). Proud Boys attended the event.",0,crowd size=no report,1638920204,765,42,17102,4217102,B5,G6350,S,2032017,2214922,+40.2703699,-076.9052788,N,POINT (-76.8875 40.2726)
USA28433,23 April 2021,2021,1,Demonstrations,Protests,Peaceful protest,Protesters (United States),CASA; Latin American Group (United States); Migrants (International); Korean Group (United States); Asian American Group (United States); Protesters (International),6,,,0,60,,840,North America,United States,Pennsylvania,Dauphin,,Harrisburg,40.2726,-76.8875,1,Crowd Counting Consortium; Facebook; Instagram; Liveuamap; Twitter,Local partner-New media,"On 23 April 2021, people protested outside the Capitol in Harrisburg (Pennsylvania) in support of immigrants across the United States and to call for citizenship for undocumented immigrants. Migrants and members of CASA, Nakasec (a Korean organization), and Woori Center participated in the rally which took place as part of the 'Relay Across America' organized by Firm Action and We Are Home.",0,crowd size=no report,1680633888,765,42,17102,4217102,B5,G6350,S,2032017,2214922,+40.2703699,-076.9052788,N,POINT (-76.8875 40.2726)
USA28357,20 April 2021,2021,1,Demonstrations,Protests,Peaceful protest,Protesters (United States),Government of the United States (2021-); DEM: Democratic Party,6,,,0,60,,840,North America,United States,Pennsylvania,Dauphin,,Harrisburg,40.2726,-76.8875,1,Lehigh Valley Live,Subnational,"On 20 April 2021, more than 100 people joined by the state's lieutenant governor and two senators rallied at the Capitol in Harrisburg (Pennsylvania) in support of marijuana legalization and the expungement of criminal records for those convicted on related crimes.",0,crowd size=more than 100,1632861454,765,42,17102,4217102,B5,G6350,S,2032017,2214922,+40.2703699,-076.9052788,N,POINT (-76.8875 40.2726)
USA28367,19 April 2021,2021,1,Demonstrations,Protests,Peaceful protest,Protesters (United States),Labor Group (United States),6,,,0,60,,840,North America,United States,Pennsylvania,Dauphin,,Harrisburg,40.2726,-76.8875,1,Patriot-News,Subnational,"On 19 April 2021, fewer than 20 volunteer firefighters protested at the Capitol in Harrisburg (Pennsylvania) to call for legislation to be passed giving them more flexibility in fundraising during the coronavirus pandemic.",0,crowd size=fewer than 20,1619558727,765,42,17102,4217102,B5,G6350,S,2032017,2214922,+40.2703699,-076.9052788,N,POINT (-76.8875 40.2726)
USA28359,19 April 2021,2021,1,Demonstrations,Protests,Peaceful protest,Protesters (United States),Government of the United States (2021-),6,,,0,60,,840,North America,United States,Pennsylvania,Dauphin,,Harrisburg,40.2726,-76.8875,1,Pittsburgh City Paper; WJAC-TV6,Subnational,"On 19 April 2021, hundreds of lawmakers, advocates, people with Child USA and United Front, and survivors of child abuse protested at the Capitol in Harrisburg (Pennsylvania) to call for lawmakers to act on HB 951, which would extend the window for victims to file a lawsuit to two years.",0,crowd size=hundreds,1623185145,765,42,17102,4217102,B5,G6350,S,2032017,2214922,+40.2703699,-076.9052788,N,POINT (-76.8875 40.2726)
USA27544,06 April 2021,2021,1,Demonstrations,Protests,Peaceful protest,Protesters (United States),LGBTQ+ (United States),6,,,0,60,,840,North America,United States,Pennsylvania,Dauphin,,Harrisburg,40.2726,-76.8875,1,Fox45 (Baltimore),National,"On 6 April 2021, people protested outside of a lawmaker's office in Harrisburg (Pennsylvania) against the Protect Fairness in Women's Sports bill, which would not allow transgender youth to compete against other girls in sports due to an alleged unfair opportunity, citing that the bill discriminates against the LGBTQ community.",0,crowd size=no report,1618350013,765,42,17102,4217102,B5,G6350,S,2032017,2214922,+40.2703699,-076.9052788,N,POINT (-76.8875 40.2726)
USA50863,06 April 2021,2021,1,Demonstrations,Protests,Peaceful protest,Protesters (United States),CASA; Latin American Group (United States); Women (United States); Tuesdays with Toomey,6,,,0,60,,840,North America,United States,Pennsylvania,Dauphin,,Harrisburg,40.2726,-76.8875,1,Facebook; Twitter,New media,"On 6 April 2021, an unreported number of people demonstrated outside Sen. Pat Toomey's office in Harrisburg (Pennsylvania) as part of 'Tuesdays with Toomey' to call on the Senator to support the THRIVE Act and a pathway to citizenship for undocumented immigrants. Members of CASA, Moms Rising, 99% Pennsylvania, and Tuesdays with Toomey participated in the rally.",0,crowd size=no report,1686676530,765,42,17102,4217102,B5,G6350,S,2032017,2214922,+40.2703699,-076.9052788,N,POINT (-76.8875 40.2726)
USA27612,03 April 2021,2021,1,Demonstrations,Protests,Peaceful protest,Protesters (United States),,6,,,0,60,,840,North America,United States,Pennsylvania,Dauphin,,Harrisburg,40.2726,-76.8875,1,Patriot-News; Crowd Counting Consortium,Other-Subnational,"On 3 April 2021, people protested outside the Dauphin County Prison in Harrisburg (Pennsylvania) to call for changes to the prison's unhealthy living conditions and mistreatment of inmates after an inmate died due to poor protections from the coronavirus within the prison.",0,crowd size=no report,1680633499,765,42,17102,4217102,B5,G6350,S,2032017,2214922,+40.2703699,-076.9052788,N,POINT (-76.8875 40.2726)
USA27464,31 March 2021,2021,1,Demonstrations,Protests,Peaceful protest,Protesters (United States),Stop Asian Hate; Interfaith Group (United States),6,,,0,60,,840,North America,United States,Pennsylvania,Dauphin,,Harrisburg,40.2726,-76.8875,1,ABC27 (Harrisburg),Subnational,"On 31 March 2021, about 150 people gathered for an interfaith vigil in a mosque in Harrisburg (Pennsylvania) in support of the Asian American and Pacific Islander community after the shooting of eight people in Atlanta which included six Asian women.",0,crowd size=about 150,1617744381,765,42,17102,4217102,B5,G6350,S,2032017,2214922,+40.2703699,-076.9052788,N,POINT (-76.8875 40.2726)
USA27113,28 March 2021,2021,1,Demonstrations,Protests,Peaceful protest,Protesters (United States),Proud Boys; Patriot Party,6,,,0,60,,840,North America,United States,Pennsylvania,Dauphin,,Harrisburg,40.2726,-76.8875,1,Twitter; MilitiaWatch,Local partner-New media,"On 28 March 2021, a handful of demonstrators gathered in Harrisburg (Pennsylvania) as part of a rally in support of Trump and the Patriot Party. The demonstration was called for by Proud Boy Dick Schwetz, a Patriot Party candidate for the House of Representatives, and only attracted a small crowd before organizers returned to their cars.",0,crowd size=small,1680633604,765,42,17102,4217102,B5,G6350,S,2032017,2214922,+40.2703699,-076.9052788,N,POINT (-76.8875 40.2726)
USA27060,26 March 2021,2021,1,Demonstrations,Protests,Peaceful protest,Protesters (United States),Health Workers (United States); SEIU: Service Employees International Union; Labor Group (United States),6,,,0,60,,840,North America,United States,Pennsylvania,Dauphin,,Harrisburg,40.2726,-76.8875,1,SEIU Healthcare Pennsylvania,Other,"On 26 March 2021, nursing home employees and supporters with the SEIU protested in Harrisburg (Pennsylvania) to call for the state to reform nursing homes after short staffing and other issues during the coronavirus pandemic.",0,crowd size=no report,1617140133,765,42,17102,4217102,B5,G6350,S,2032017,2214922,+40.2703699,-076.9052788,N,POINT (-76.8875 40.2726)
USA27004,24 March 2021,2021,1,Demonstrations,Protests,Peaceful protest,Protesters (United States),Government of the United States (2021-),6,,,0,60,,840,North America,United States,Pennsylvania,Dauphin,,Harrisburg,40.2726,-76.8875,1,Fox43,Subnational,"On 24 March 2021, Pennsylvania state lawmakers rallied at the Capitol Complex in Harrisburg (Pennsylvania) against racism targeting Asian-Americans after the recent shooting in Atlanta that left eight dead, including six Asian-American women.",0,crowd size=no report,1617140132,765,42,17102,4217102,B5,G6350,S,2032017,2214922,+40.2703699,-076.9052788,N,POINT (-76.8875 40.2726)
USA26486,15 March 2021,2021,1,Demonstrations,Protests,Peaceful protest,Protesters (United States),Poor People's Campaign,6,,,0,60,,840,North America,United States,Pennsylvania,Dauphin,,Harrisburg,40.2726,-76.8875,1,WITF,Subnational,"On 15 March 2021, people with the Poor People's Campaign protested at the state capitol in Harrisburg (Pennsylvania) to call for automatic voter registration, for formerly and currently incarcerated people to be allowed to vote, and for making election day a holiday.",0,crowd size=no report,1680633499,765,42,17102,4217102,B5,G6350,S,2032017,2214922,+40.2703699,-076.9052788,N,POINT (-76.8875 40.2726)
USA25782,02 March 2021,2021,1,Demonstrations,Protests,Peaceful protest,Protesters (United States),SEIU: Service Employees International Union; Labor Group (United States); Fight for 15; Tuesdays with Toomey,6,,,0,60,,840,North America,United States,Pennsylvania,Dauphin,,Harrisburg,40.2726,-76.8875,1,ABC27 (Harrisburg); Facebook; SEIU PA State Council,Other-New media,"On 2 March 2021, more than a dozen people with the SEIU protested at Senator Toomey's office in Harrisburg (Pennsylvania) to call for the minimum wage to be raised to $15 per hour, for emergency funding for essential workers, and to call for the state to invest in long-term care workers who have been affected by the coronavirus pandemic. Tuesdays with Toomey participated in the demonstration.",0,crowd size=no report,1686676530,765,42,17102,4217102,B5,G6350,S,2032017,2214922,+40.2703699,-076.9052788,N,POINT (-76.8875 40.2726)
USA25692,27 February 2021,2021,1,Demonstrations,Protests,Peaceful protest,Protesters (United States),,6,,,0,60,,840,North America,United States,Pennsylvania,Dauphin,,Harrisburg,40.2726,-76.8875,1,Crowd Counting Consortium; Breaking News,Other-International,"On 27 February 2021, people held a 1st Amendment protest in Harrisburg (Pennsylvania) in support of former President Trump and against the alleged censorship of conservatives.",0,crowd size=no report,1680633500,765,42,17102,4217102,B5,G6350,S,2032017,2214922,+40.2703699,-076.9052788,N,POINT (-76.8875 40.2726)
USA25120,14 February 2021,2021,1,Demonstrations,Protests,Peaceful protest,Protesters (United States),Teachers (United States),6,,,0,60,,840,North America,United States,Pennsylvania,Dauphin,,Harrisburg,40.2726,-76.8875,1,CBS 21 (Harrisburg); Crowd Counting Consortium,Other-Subnational,"On 14 February 2021, faculty members of the Harrisburg Area Community College protested in Harrisburg (Pennsylvania) to call for union representation and for staff to have more say in decisions made for education and students.",0,crowd size=no report,1614122725,765,42,17102,4217102,B5,G6350,S,2032017,2214922,+40.2703699,-076.9052788,N,POINT (-76.8875 40.2726)
USA25871,06 February 2021,2021,1,Demonstrations,Protests,Peaceful protest,Protesters (United States),Patriot Party; Proud Boys,6,,,0,60,,840,North America,United States,Pennsylvania,Dauphin,,Harrisburg,40.2726,-76.8875,1,CNN; Crowd Counting Consortium,Other-National,"On 6 February 2021, about 30 members of a Patriot Party group including members of the Proud Boys rallied in Harrisburg (Pennsylvania) to raise awareness for the group itself given that they are banned from many online platforms as well as in support of President Trump.",0,crowd size=about 30,1680633500,765,42,17102,4217102,B5,G6350,S,2032017,2214922,+40.2703699,-076.9052788,N,POINT (-76.8875 40.2726)
USA21847,17 January 2021,2021,1,Demonstrations,Protests,Peaceful protest,Protesters (United States),,6,,,0,60,,840,North America,United States,Pennsylvania,Dauphin,,Harrisburg,40.2726,-76.8875,1,WITF; York Daily Record,Subnational,"On 17 January 2021, a few people protested by erecting and then tearing down an image of President Trump in Harrisburg (Pennsylvania) against President Trump. One person was also present protesting against alleged election fraud during the president election.",0,crowd size=a few,1680633500,765,42,17102,4217102,B5,G6350,S,2032017,2214922,+40.2703699,-076.9052788,N,POINT (-76.8875 40.2726)
USA22143,15 January 2021,2021,1,Demonstrations,Protests,Peaceful protest,Protesters (United States),,6,,,0,60,,840,North America,United States,Pennsylvania,Dauphin,,Harrisburg,40.2726,-76.8875,1,ABC27 (Harrisburg); Crowd Counting Consortium,Other-Subnational,"On 15 January 2021, about 30 people protested outside Congressman Perry's office in Harrisburg (Pennsylvania) due to his support of President Trump and his allegations of voting fraud in the presidential election, as well as his voting against President Trump's impeachment.",0,crowd size=about 30,1680633500,765,42,17102,4217102,B5,G6350,S,2032017,2214922,+40.2703699,-076.9052788,N,POINT (-76.8875 40.2726)
USA20122,05 January 2021,2021,1,Demonstrations,Protests,Peaceful protest,Protesters (United States),,6,,,0,60,,840,North America,United States,Pennsylvania,Dauphin,,Harrisburg,40.2726,-76.8875,1,Sentinel; WTAJ; ABC15 (Florence),Subnational-National,"On 5 January 2021, a few hundred people protested in Harrisburg (Pennsylvania) in support of President Trump and to call for Congress to de-certify the presidential election results. An anti-Trump activist also held a lone flag-burning rally nearby.",0,crowd size=a few hundred; stop the steal,1680633501,765,42,17102,4217102,B5,G6350,S,2032017,2214922,+40.2703699,-076.9052788,N,POINT (-76.8875 40.2726)
USA37429,08 December 2021,2021,1,Demonstrations,Protests,Peaceful protest,Protesters (United States),IBT: International Brotherhood of Teamsters; Labor Group (United States),6,,,0,60,,840,North America,United States,Pennsylvania,Northampton,,Bethlehem,40.6259,-75.3704,1,Morning Call,Subnational,"On 8 December 2021, a dozen or so people organized by the teamsters gathered outside the ABARTA Coca-Cola distribution facility in Bethlehem (Pennsylvania) to protest in solidarity with striking workers at the facility calling for better pay and benefits.",0,crowd size=dozen or so,1639517088,609,42,18018,4218018,B5,G6350,S,13344934,365716,+40.6275945,-075.3955839,N,POINT (-75.3704 40.6259)
USA35417,02 October 2021,2021,1,Demonstrations,Protests,Peaceful protest,Protesters (United States),Women (United States),6,,,0,60,,840,North America,United States,Pennsylvania,Northampton,,Bethlehem,40.6259,-75.3704,1,Morning Call; Lehigh Valley Live,Subnational,"On 2 October 2021, several hundred people, including members of the Allentown Women's Center, gathered at Payrow Plaza in Bethlehem (Pennsylvania) to demonstrate in favor of legal abortion and against Texas's anti-abortion 'heartbeat bill.' This demonstration was part of the annual Women's March.",0,crowd size=several hundred,1680633596,609,42,18018,4218018,B5,G6350,S,13344934,365716,+40.6275945,-075.3955839,N,POINT (-75.3704 40.6259)
USA34833,24 September 2021,2021,1,Demonstrations,Protests,Peaceful protest,Protesters (United States),Students (United States); Teachers (United States),6,,,0,60,,840,North America,United States,Pennsylvania,Northampton,,Bethlehem,40.6259,-75.3704,1,Lehigh Valley Live,Subnational,"On 24 September 2021, about 100 people, including students and teachers, gathered in Payrow Plaza in Bethlehem (Pennsylvania) to demand that action be taken to address climate change.",0,crowd size=about 100,1632861454,609,42,18018,4218018,B5,G6350,S,13344934,365716,+40.6275945,-075.3955839,N,POINT (-75.3704 40.6259)
USA34831,23 September 2021,2021,1,Demonstrations,Protests,Peaceful protest,Protesters (United States),Students (United States),6,,,0,60,,840,North America,United States,Pennsylvania,Northampton,,Bethlehem,40.6259,-75.3704,1,WFMZ-TV,Subnational,"On 23 September 2021, a group of nearly 200 students walked out of class at Liberty High School in Bethlehem (Pennsylvania) to demonstrate against the school's dress code.",0,crowd size=nearly 200,1632861454,609,42,18018,4218018,B5,G6350,S,13344934,365716,+40.6275945,-075.3955839,N,POINT (-75.3704 40.6259)
USA31656,23 June 2021,2021,1,Demonstrations,Protests,Peaceful protest,Protesters (United States),NAACP: National Association for the Advancement of Colored People; African American Group (United States); Latin American Group (United States),6,,,0,60,,840,North America,United States,Pennsylvania,Northampton,,Bethlehem,40.6259,-75.3704,1,Morning Call,Subnational,"On 23 June 2021, a group of about 50 people, organized by the NAACP and the Latino Leadership Alliance, gathered in Bethlehem (Pennsylvania) for a vigil and demonstration against racism, specifically racism between different oppressed groups.",0,crowd size=about 50,1625004360,609,42,18018,4218018,B5,G6350,S,13344934,365716,+40.6275945,-075.3955839,N,POINT (-75.3704 40.6259)
USA29329,06 May 2021,2021,1,Demonstrations,Protests,Peaceful protest,Protesters (United States),Teachers (United States),6,,,0,60,,840,North America,United States,Pennsylvania,Northampton,,Bethlehem,40.6259,-75.3704,1,Lehigh Valley Live,Subnational,"On 6 May 2021, teachers organized by PA Schools Work protested at the Marvine Elementary School in Bethlehem (Pennsylvania) to call for increased state funding for schools to help them recover from the coronavirus pandemic.",0,crowd size=no report,1620770180,609,42,18018,4218018,B5,G6350,S,13344934,365716,+40.6275945,-075.3955839,N,POINT (-75.3704 40.6259)
USA29523,02 May 2021,2021,1,Demonstrations,Protests,Peaceful protest,Protesters (United States),BLM: Black Lives Matter,6,,,0,60,,840,North America,United States,Pennsylvania,Northampton,,Bethlehem,40.6259,-75.3704,1,Morning Call; Crowd Counting Consortium,Other-Subnational,"On 2 May 2021, more than 70 people with Stand Up Lehigh Valley rallied in Bethlehem (Pennsylvania) in support of the Black Lives Matter movement and against the death of Breonna Taylor and other Black victims of police violence, as well as to call on residents to vote in local elections.",0,crowd size=more than 70,1620770180,609,42,18018,4218018,B5,G6350,S,13344934,365716,+40.6275945,-075.3955839,N,POINT (-75.3704 40.6259)
USA37456,08 December 2021,2021,1,Demonstrations,Protests,Peaceful protest,Protesters (United States),DSA: Democratic Socialists of America; Latin American Group (United States); Students (United States),6,,,0,60,,840,North America,United States,Pennsylvania,Centre,,State College,40.7933,-77.86,1,Daily Collegian,Subnational,"On 8 December 2021, about 24 people organized by Alleghenies Abolition and including students gathered in State College (Pennsylvania) to protest against evictions and show support for tenants facing eviction. Other participating groups included Centre County Democratic Socialists of America, United Socialists at Penn State, Students Against Sexual Violence at Penn State, Central PA United, and El Colectivo.",0,crowd size=about 24,1707858551,982,42,16801,4216801,B5,G6350,S,81068153,0,+40.7789301,-077.8413590,N,POINT (-77.86 40.7933)
USA36712,12 November 2021,2021,1,Demonstrations,Protests,Peaceful protest,Protesters (United States),GOP: Republican Party; Government of the United States (2021-); Students (United States); TPUSA: Turning Point USA,6,,,0,60,,840,North America,United States,Pennsylvania,Centre,,State College,40.7933,-77.86,1,Daily Collegian,Subnational,"On 12 November 2021, about 200 people organized by Turning Point USA and including Pennsylvania State Senators Doug Mastriano (R) and Stephanie Borowicz (R) gathered on the Penn State campus in State College (Pennsylvania) to protest the university's mandate that employees must be vaccinated against coronavirus. Demonstrators also rallied against federal vaccine mandates.",0,crowd size=about 200,1707858551,982,42,16801,4216801,B5,G6350,S,81068153,0,+40.7789301,-077.8413590,N,POINT (-77.86 40.7933)
USA36516,03 November 2021,2021,1,Demonstrations,Protests,Peaceful protest,Protesters (United States),LGBTQ+ (United States); Students (United States),6,,,0,60,,840,North America,United States,Pennsylvania,Centre,,State College,40.7933,-77.86,1,Daily Collegian,Subnational,"On 3 November 2021, hundreds of students, including members of the campus LGBT community and supporters, gathered on the Penn State campus in State College (Pennsylvania) to protest against a 'Pray the Gay Away' event held that day by a campus group which included right-wing speaker Milo Yiannopoulos as a guest.",0,crowd size=hundreds,1707858551,982,42,16801,4216801,B5,G6350,S,81068153,0,+40.7789301,-077.8413590,N,POINT (-77.86 40.7933)
USA35825,13 October 2021,2021,1,Demonstrations,Protests,Peaceful protest,Protesters (United States),Labor Group (United States); Protestant Christian Group (United States); Government of the United States (2021-); DEM: Democratic Party; Fight for 15,6,,,0,60,,840,North America,United States,Pennsylvania,Centre,,State College,40.7933,-77.86,1,ABC23; Twitter,New media-Subnational,"On 13 October 2021, a group of people, including business owners, State Senator Art Haywood (D), and a Methodist pastor gathered at Webster's Bookstore Cafe in State College (Pennsylvania) to demand that the Pennsylvania state legislature raise the minimum wage to $15 an hour.",0,crowd size=no report,1634671560,982,42,16801,4216801,B5,G6350,S,81068153,0,+40.7789301,-077.8413590,N,POINT (-77.86 40.7933)
USA35789,11 October 2021,2021,1,Demonstrations,Protests,Peaceful protest,Protesters (United States),Students (United States); Native American Group (United States),6,,,0,60,,840,North America,United States,Pennsylvania,Centre,,State College,40.7933,-77.86,1,WLTX News 19,National,"On 11 October 2021, more than 25 people, include Indigenous people and university students, marched through the campus of Penn State in State College (Pennsylvania) to demand that the university recognize Indigenous Peoples' Day.",0,crowd size=more than 35,1634671560,982,42,16801,4216801,B5,G6350,S,81068153,0,+40.7789301,-077.8413590,N,POINT (-77.86 40.7933)
USA35379,02 October 2021,2021,1,Demonstrations,Protests,Peaceful protest,Protesters (United States),Bloodstained Men,6,,,0,60,,840,North America,United States,Pennsylvania,Centre,,State College,40.7933,-77.86,1,Twitter; Bloodstained Men; York Daily Record,Other-New media,"On 2 October 2021, a group of people, including members of Bloodstained Men, gathered on the campus of Penn State in State College (Pennsylvania) to demonstrate against male circumcision.",0,crowd size=no report,1638920206,982,42,16801,4216801,B5,G6350,S,81068153,0,+40.7789301,-077.8413590,N,POINT (-77.86 40.7933)
USA35404,01 October 2021,2021,1,Demonstrations,Protests,Peaceful protest,Protesters (United States),Students (United States); Women (United States),6,,,0,60,,840,North America,United States,Pennsylvania,Centre,,State College,40.7933,-77.86,1,WITF,Subnational,"On 1 October 2021, more than 50 people, including members of Students Against Sexist Violence and the Schreyer Gender Equity Coalition, gathered on the campus of Penn State in State College (Pennsylvania) to demonstrate against sexual violence at Penn State. Demonstrators demanded the university to provide students with more support and to ban fraternities - demonstrators marched to the Phi Gamma Delta fraternity house because a member of the fraternity is accused of raping a 17-year-old.",0,crowd size=more than 50,1634073006,982,42,16801,4216801,B5,G6350,S,81068153,0,+40.7789301,-077.8413590,N,POINT (-77.86 40.7933)
USA35388,01 October 2021,2021,1,Demonstrations,Protests,Peaceful protest,Protesters (United States),Christian Group (United States),6,,,0,60,,840,North America,United States,Pennsylvania,Centre,,State College,40.7933,-77.86,1,Daily Pennsylvanian,Subnational,"On 1 October 2021, a group of people, including members of the Key of David Christian Center, gathered on the campus of Penn State in State College (Pennsylvania) to demonstrate against feminism, LGBT people, and 'drunks.' Demonstrators also called on students to 'repent.'",0,crowd size=no report,1680633681,982,42,16801,4216801,B5,G6350,S,81068153,0,+40.7789301,-077.8413590,N,POINT (-77.86 40.7933)
USA35141,29 September 2021,2021,1,Demonstrations,Protests,Peaceful protest,Protesters (United States),Students (United States),6,,,0,60,,840,North America,United States,Pennsylvania,Centre,,State College,40.7933,-77.86,1,Daily Pennsylvanian,Subnational,"On 29 September 2021, around 40 people, including Penn State students, gathered on the campus of the University of Pennsylvania in State College (Pennsylvania) to demand that Penn State's administration respond to an incident where a fraternity brother allegedly assaulted another student at a party.",0,crowd size=around 40,1633466344,982,42,16801,4216801,B5,G6350,S,81068153,0,+40.7789301,-077.8413590,N,POINT (-77.86 40.7933)
USA35117,28 September 2021,2021,1,Demonstrations,Protests,Peaceful protest,Protesters (United States),Students (United States),6,,,0,60,,840,North America,United States,Pennsylvania,Centre,,State College,40.7933,-77.86,1,Daily Pennsylvanian,Subnational,"On 28 September 2021, more than 50 people, including Penn State students, gathered on the campus of the University of Pennsylvania in State College (Pennsylvania) to demand that Penn State's administration respond to an incident where a fraternity brother allegedly assaulted another student at a party.",0,crowd size=more than 50,1633466344,982,42,16801,4216801,B5,G6350,S,81068153,0,+40.7789301,-077.8413590,N,POINT (-77.86 40.7933)
USA33088,31 August 2021,2021,1,Demonstrations,Protests,Peaceful protest,Protesters (United States),GOP: Republican Party; Students (United States),6,,,0,60,,840,North America,United States,Pennsylvania,Centre,,State College,40.7933,-77.86,1,Daily Collegian,Subnational,"On 31 August 2021, around 20 people, including students, among them the vice chair of the Centre County Young Republicans, and Penn State, gathered at Old Main on the Penn State Campus in State College (Pennsylvania) to demonstrate against the university's mask mandate, which is intended to prevent the spread of the coronavirus pandemic. The demonstration was also reportedly intended as a response to a previous rally in favor of mask and vaccine mandates.",0,crowd size=around 20,1707858551,982,42,16801,4216801,B5,G6350,S,81068153,0,+40.7789301,-077.8413590,N,POINT (-77.86 40.7933)
USA34306,27 August 2021,2021,1,Political violence; Demonstrations,Protests,Excessive force against protesters,Protesters (United States),,6,Rioters (United States),Teachers (United States),5,56,Civilian targeting,840,North America,United States,Pennsylvania,Centre,,State College,40.7933,-77.86,1,WJAC-TV6,Subnational,"On 27 August 2021, a group of people gathered on the campus of Penn State in State College (Pennsylvania) to demonstrate in favor of a vaccine mandate on campus, in order to prevent the spread of the coronavirus pandemic. Demonstrators were counter-demonstrated by a group rallying against a vaccine mandate. One anti-vaccine mandate demonstrator was assaulted by a man who was later identified as a professor - he was injured in his head and face by the professor and was visibly bloodied. The professor was later arrested.",0,counter-demonstration; crowd size=no report,1680633591,982,42,16801,4216801,B5,G6350,S,81068153,0,+40.7789301,-077.8413590,N,POINT (-77.86 40.7933)
USA34290,27 August 2021,2021,1,Demonstrations,Protests,Peaceful protest,Protesters (United States),Students (United States); Teachers (United States),6,,,0,60,,840,North America,United States,Pennsylvania,Centre,,State College,40.7933,-77.86,1,Daily Collegian,Subnational,"On 27 August 2021, a group of people, including students and teachers affiliated with The Coalition for a Just University, gathered on the campus of Pennsylvania State University in State College (Pennsylvania) to demand a vaccine mandate on campus, which demonstrators said would help prevent the spread of the coronavirus pandemic.",0,crowd size=no report,1707858551,982,42,16801,4216801,B5,G6350,S,81068153,0,+40.7789301,-077.8413590,N,POINT (-77.86 40.7933)
USA34074,13 August 2021,2021,1,Demonstrations,Protests,Peaceful protest,Protesters (United States),Teachers (United States),6,,,0,60,,840,North America,United States,Pennsylvania,Centre,,State College,40.7933,-77.86,1,Centre Daily Times; Daily Collegian,Subnational,"On 13 August 2021, a group of people, including faculty members of Coalition for a Just University, gathered on the campus of Pennsylvania State University in State College (Pennsylvania) to demonstrate in favor of university-wide mask mandates, which are intended to prevent the spread of the coronavirus pandemic.",0,crowd size=no report,1707858551,982,42,16801,4216801,B5,G6350,S,81068153,0,+40.7789301,-077.8413590,N,POINT (-77.86 40.7933)
USA30555,25 May 2021,2021,1,Demonstrations,Protests,Peaceful protest,Protesters (United States),3/20 Coalition; BLM: Black Lives Matter,6,,,0,60,,840,North America,United States,Pennsylvania,Centre,,State College,40.7933,-77.86,1,Daily Collegian,Subnational,"On 25 May 2021, people organized by the 3/20 Coalition rallied in State College (Pennsylvania) on the anniversary of the death of George Floyd and in support of the Black Lives Matter movement.",0,crowd size=no report,1707858551,982,42,16801,4216801,B5,G6350,S,81068153,0,+40.7789301,-077.8413590,N,POINT (-77.86 40.7933)
USA30454,23 May 2021,2021,1,Demonstrations,Protests,Peaceful protest,Protesters (United States),3/20 Coalition; Jewish Group (United States); Students (United States),6,,,0,60,,840,North America,United States,Pennsylvania,Centre,,State College,40.7933,-77.86,1,Daily Collegian,Subnational,"On 23 May 2021, people organized by the 3/20 Coalition including members of the Jewish community and students marched in a pro-Palestinian demonstration in State College (Pennsylvania) in support of freedom for Palestine during the current Israel-Palestine conflict.",0,crowd size=no report,1707858551,982,42,16801,4216801,B5,G6350,S,81068153,0,+40.7789301,-077.8413590,N,POINT (-77.86 40.7933)
USA30177,12 May 2021,2021,1,Demonstrations,Protests,Peaceful protest,Protesters (United States),DEM: Democratic Party,6,,,0,60,,840,North America,United States,Pennsylvania,Centre,,State College,40.7933,-77.86,1,WTAJ,Subnational,"On 12 May 2021, democratic leaders and supporters rallied in State College (Pennsylvania) in support of the Pennsylvania Rescue Plan to support essential workers affected by the coronavirus pandemic.",0,crowd size=no report,1621980621,982,42,16801,4216801,B5,G6350,S,81068153,0,+40.7789301,-077.8413590,N,POINT (-77.86 40.7933)
USA28421,22 April 2021,2021,1,Demonstrations,Protests,Peaceful protest,Protesters (United States),Students (United States); SM: Sunrise Movement,6,,,0,60,,840,North America,United States,Pennsylvania,Centre,,State College,40.7933,-77.86,1,WTAJ,Subnational,"On 22 April 2021, about 60 people including students, local government, and members of the Sunrise Movement, PSU Climate Action, and PSU Eco Action protested at Penn State in State College (Pennsylvania) in support of proactive climate action.",0,crowd size=about 60,1619558728,982,42,16801,4216801,B5,G6350,S,81068153,0,+40.7789301,-077.8413590,N,POINT (-77.86 40.7933)
USA27826,13 April 2021,2021,1,Demonstrations,Protests,Peaceful protest,Protesters (United States),3/20 Coalition; BLM: Black Lives Matter,6,,,0,60,,840,North America,United States,Pennsylvania,Centre,,State College,40.7933,-77.86,1,Crowd Counting Consortium; Daily Collegian,Other-Subnational,"On 13 April 2021, dozens of people organized by the 3/20 Coalition protested in State College (Pennsylvania) to call for justice for Daunte Wright, a Black man killed by police in Minnesota, as well as to call for the police to be abolished and in support of the Black Lives Matter movement.",0,crowd size=dozens,1707858551,982,42,16801,4216801,B5,G6350,S,81068153,0,+40.7789301,-077.8413590,N,POINT (-77.86 40.7933)
USA26862,21 March 2021,2021,1,Demonstrations,Protests,Peaceful protest,Protesters (United States),Asian American Group (United States); Filipino Group (United States); Indian Group (United States); LGBTQ+ (United States); Pacific Islander Group (United States); Stop Asian Hate; Students (United States),6,,,0,60,,840,North America,United States,Pennsylvania,Centre,,State College,40.7933,-77.86,1,Crowd Counting Consortium; Daily Collegian,Other-Subnational,"On 21 March 2021, people including students organized by the Asian Pacific Islander Desi American Caucus, Queer and Trans People of Color at Penn State, the Paul Robeson Cultural Center, the Penn State Filipino Association and 3/20 Coalition held a vigil in State College (Pennsylvania) against anti-Asian racism and to remember the victims after the recent shooting in Atlanta that left eight dead, including six Asian-American women.",0,crowd size=no report,1707858551,982,42,16801,4216801,B5,G6350,S,81068153,0,+40.7789301,-077.8413590,N,POINT (-77.86 40.7933)
USA26674,20 March 2021,2021,1,Demonstrations,Protests,Peaceful protest,Protesters (United States),BLM: Black Lives Matter,6,,,0,60,,840,North America,United States,Pennsylvania,Centre,,State College,40.7933,-77.86,1,WITF,Subnational,"On 20 March 2021, members of the 3/20 Coalition rallied in State College (Pennsylvania) against the death of Osaze Osagie, a Black man with mental health issues who was killed by police. It was the second anniversary of his killing.",0,crowd size=no report,1617140133,982,42,16801,4216801,B5,G6350,S,81068153,0,+40.7789301,-077.8413590,N,POINT (-77.86 40.7933)
USA26443,19 March 2021,2021,1,Demonstrations,Protests,Peaceful protest,Protesters (United States),BLM: Black Lives Matter,6,,,0,60,,840,North America,United States,Pennsylvania,Centre,,State College,40.7933,-77.86,1,Centre Daily Times,Subnational,"On 19 March 2021, dozens of people organized by the 3/20 Coalition marched in State College (Pennsylvania) to honor the 2-year anniversary of Osaze Osagie's death, a Black man who was killed in an officer-involved shooting.",0,crowd size=dozens,1617140132,982,42,16801,4216801,B5,G6350,S,81068153,0,+40.7789301,-077.8413590,N,POINT (-77.86 40.7933)
USA25560,26 February 2021,2021,1,Demonstrations,Protests,Peaceful protest,Protesters (United States),Students (United States),6,,,0,60,,840,North America,United States,Pennsylvania,Centre,,State College,40.7933,-77.86,1,Crowd Counting Consortium; Daily Collegian,Other-Subnational,"On 26 February 2021, a few dozen students with Penn State College Action protested at Penn State University in State College (Pennsylvania) to call for the university to incorporate sustainability education into required curriculum, to raise awareness about the organization and their efforts against climate change, and to raise awareness about what the university is not doing to combat it.",0,crowd size=a few dozen,1707858551,982,42,16801,4216801,B5,G6350,S,81068153,0,+40.7789301,-077.8413590,N,POINT (-77.86 40.7933)
USA22149,26 January 2021,2021,1,Demonstrations,Protests,Peaceful protest,Protesters (United States),BLM: Black Lives Matter,6,,,0,60,,840,North America,United States,Pennsylvania,Centre,,State College,40.7933,-77.86,1,WITF,Subnational,"On 26 January 2021, about 50 people including members of the 3/20 Coalition protested in State College (Pennsylvania) to call for three police officers to be removed for their involvement in the death of Osaze Osagie, a Black man who was killed by police.",0,crowd size=about 50,1612546516,982,42,16801,4216801,B5,G6350,S,81068153,0,+40.7789301,-077.8413590,N,POINT (-77.86 40.7933)
USA21181,11 January 2021,2021,1,Demonstrations,Protests,Peaceful protest,Protesters (United States),Labor Group (United States); Health Workers (United States),6,,,0,60,,840,North America,United States,Pennsylvania,Centre,,State College,40.7933,-77.86,1,Centre Daily Times,Subnational,"On 11 January 2021, more than a dozen nursing home employees, including nurses and staff, picketed in State College (Pennsylvania) in response to contract negotiations and hazardous working conditions during the coronavirus pandemic.",0,crowd size=more than a dozen,1612546514,982,42,16801,4216801,B5,G6350,S,81068153,0,+40.7789301,-077.8413590,N,POINT (-77.86 40.7933)
USA37201,01 December 2021,2021,1,Demonstrations,Protests,Peaceful protest,Protesters (United States),Government of the United States (2021-); DEM: Democratic Party; PP: Planned Parenthood; Women (United States),6,,,0,60,,840,North America,United States,Pennsylvania,Lancaster,,Lancaster,40.0379,-76.3055,1,ABC27 (Harrisburg),Subnational,"On 1 December 2021, people including democratic city council president Ismail Smith-Wade-El and a representative from Planned Parenthood Pa. gathered in Lancaster (Pennsylvania) to protest in support of access to legal abortions as the U.S. Supreme Court began a hearing on Mississippi's anti-abortion bill.",0,crowd size=no report,1680633604,139,42,17602,4217602,B5,G6350,S,66383156,1108188,+40.0146233,-076.2463507,N,POINT (-76.3055 40.0379)
USA36262,27 October 2021,2021,1,Demonstrations,Protests,Peaceful protest,Protesters (United States),"Labor Group (United States); BCTGM: Bakery, Confectionery, Tobacco Workers and Grain Millers Union; AFL-CIO: American Federation of Labor and Congress of Industrial Organizations; SEIU: Service Employees International Union; Government of the United States (2021-); DEM: Democratic Party",6,,,0,60,,840,North America,United States,Pennsylvania,Lancaster,,Lancaster,40.0379,-76.3055,1,SEIU Healthcare Pennsylvania; Pennsylvania AFL-CIO,Other,"On 27 October 2021, US Labor Secretary Marty Walsh (D) and members of AFL-CIO and SEIU joined striking Kellogg's employees and members of BCTGM in protest in Lancaster (Pennsylvania) to demand that Kellogg's offer workers better pay and benefits.",0,crowd size=no report,1638920206,139,42,17602,4217602,B5,G6350,S,66383156,1108188,+40.0146233,-076.2463507,N,POINT (-76.3055 40.0379)
USA35843,14 October 2021,2021,1,Demonstrations,Protests,Peaceful protest,Protesters (United States),"BCTGM: Bakery, Confectionery, Tobacco Workers and Grain Millers Union; Labor Group (United States); AFT: American Federation of Teachers; Teachers (United States); AFL-CIO: American Federation of Labor and Congress of Industrial Organizations",6,,,0,60,,840,North America,United States,Pennsylvania,Lancaster,,Lancaster,40.0379,-76.3055,1,Twitter; Pennsylvania AFL-CIO; AFT,Other-New media,"On 14 October 2021, a group of people, including Kellogg's employees unionized with BCTGM Local 374G, the AFL-CIO, and the President of the American Federation of Teachers gathered outside a Kellogg's factory in Lancaster (Pennsylvania) to demand better wages and benefits for Kellogg's factory employees.",0,crowd size=no report,1638920206,139,42,17602,4217602,B5,G6350,S,66383156,1108188,+40.0146233,-076.2463507,N,POINT (-76.3055 40.0379)
USA35823,13 October 2021,2021,1,Demonstrations,Protests,Peaceful protest,Protesters (United States),"BCTGM: Bakery, Confectionery, Tobacco Workers and Grain Millers Union; Labor Group (United States); Government of the United States (2021-); DEM: Democratic Party; AFL-CIO: American Federation of Labor and Congress of Industrial Organizations",6,,,0,60,,840,North America,United States,Pennsylvania,Lancaster,,Lancaster,40.0379,-76.3055,1,Twitter; Pennsylvania AFL-CIO,Other-New media,"On 13 October 2021, a group of people, including Kellogg's employees unionized with BCTGM Local 374G, the AFL-CIO, and US Senator Bob Casey Jr. (D) gathered outside a Kellogg's factory in Lancaster (Pennsylvania) to demand better wages and benefits for Kellogg's factory employees.",0,crowd size=no report,1638920206,139,42,17602,4217602,B5,G6350,S,66383156,1108188,+40.0146233,-076.2463507,N,POINT (-76.3055 40.0379)
USA35766,09 October 2021,2021,1,Demonstrations,Protests,Peaceful protest,Protesters (United States),"BCTGM: Bakery, Confectionery, Tobacco Workers and Grain Millers Union; Labor Group (United States); SEIU: Service Employees International Union; IATSE: International Alliance of Theatrical Stage Employees, Moving Picture Technicians, Artists and Allied Crafts of the United States; AFL-CIO: American Federation of Labor and Congress of Industrial Organizations; USW: United Steelworkers",6,,,0,60,,840,North America,United States,Pennsylvania,Lancaster,,Lancaster,40.0379,-76.3055,1,Pennsylvania AFL-CIO; SEIU PA State Council; Twitter; Left Voice,Other-New media,"On 9 October 2021, a group of people, including unionized Kellogg's employees with the Bakery, Confectionery, Tobacco Workers and Grain Millers' International Union, gathered outside a Kellogg's plant in Lancaster (Pennsylvania) to demand better pay and benefits for workers of the plant. Kellogg's workers were joined by members of International Alliance of Theatrical Stage Employees, SEIU Healthcare PA, United Steelworkers, and the President of the Pennsylvania AFL-CIO.",0,crowd size=no report,1638920206,139,42,17602,4217602,B5,G6350,S,66383156,1108188,+40.0146233,-076.2463507,N,POINT (-76.3055 40.0379)
USA35384,08 October 2021,2021,1,Demonstrations,Protests,Peaceful protest,Protesters (United States),Bloodstained Men,6,,,0,60,,840,North America,United States,Pennsylvania,Lancaster,,Lancaster,40.0379,-76.3055,1,York Daily Record,Subnational,"On 8 October 2021, a group of people, including members of the Bloodstained Men, gathered in Lancaster (Pennsylvania) to demonstrate against male circumcision.",0,crowd size=no report,1634073006,139,42,17602,4217602,B5,G6350,S,66383156,1108188,+40.0146233,-076.2463507,N,POINT (-76.3055 40.0379)
USA33558,12 August 2021,2021,1,Demonstrations,Riots,Violent demonstration,Rioters (United States),Prisoners (United States),5,Police Forces of the United States (2021-) Prison Guards,Police Forces of the United States (2021-),1,15,,840,North America,United States,Pennsylvania,Lancaster,,Lancaster,40.0379,-76.3055,1,Post and Courier,National,"On 12 August 2021, a group of inmates in the Lancaster County Detention Center in Lancaster (Pennsylvania) set a fire and broke windows, briefly gaining control of a cell block, before being 'quelled' by prison authorities, SWAT, and highway patrol troopers, and Lancaster police officers. One inmate was found bleeding heavily - authorities determined that he had intentionally cut himself with broken glass from the window, and he was transported to a medical facility for treatment.",0,crowd size=no report,1631063374,139,42,17602,4217602,B5,G6350,S,66383156,1108188,+40.0146233,-076.2463507,N,POINT (-76.3055 40.0379)
USA32616,18 July 2021,2021,1,Demonstrations,Protests,Peaceful protest,Protesters (United States),Cuban Group (United States); Latin American Group (United States),6,,,0,60,,840,North America,United States,Pennsylvania,Lancaster,,Lancaster,40.0379,-76.3055,1,Lancaster Online,Subnational,"On 18 July 2021, dozens of Cuban Americans gathered in downtown Lancaster (Pennsylvania) to demonstrate support for anti-government demonstrators in Cuba.",0,crowd size=dozens,1627421266,139,42,17602,4217602,B5,G6350,S,66383156,1108188,+40.0146233,-076.2463507,N,POINT (-76.3055 40.0379)
USA32281,11 July 2021,2021,1,Demonstrations,Protests,Peaceful protest,Protesters (United States),Cuban Group (United States); Latin American Group (United States),6,,,0,60,,840,North America,United States,Pennsylvania,Lancaster,,Lancaster,40.0379,-76.3055,1,Lancaster Online,Subnational,"On 11 July 2021, about 100 people gathered in Lancaster (Pennsylvania) to demonstrate solidarity with recent anti-government demonstrators in Cuba calling for an end to food shortages and to dictatorial rule in the county. Demonstrators included Cuban people.",0,crowd size=about 100,1626816448,139,42,17602,4217602,B5,G6350,S,66383156,1108188,+40.0146233,-076.2463507,N,POINT (-76.3055 40.0379)
USA31546,13 June 2021,2021,1,Demonstrations,Protests,Peaceful protest,Protesters (United States),,6,,,0,60,,840,North America,United States,Pennsylvania,Lancaster,,Lancaster,40.0379,-76.3055,1,Lancaster Online,Subnational,"On 13 June 2021, more than 100 people, organized by FreePA, gathered outside Penn Medicine Lancaster General Hospital in Lancaster (Pennsylvania) to demonstrate against the hospital's policy requiring staff to be vaccinated against the coronavirus pandemic, voicing alleged concerns about the safety of the vaccines.",0,crowd size=more than 100,1680633498,139,42,17602,4217602,B5,G6350,S,66383156,1108188,+40.0146233,-076.2463507,N,POINT (-76.3055 40.0379)
USA50885,27 May 2021,2021,1,Demonstrations,Protests,Peaceful protest,Protesters (United States),CASA; Latin American Group (United States); Government of the United States (2021-); DEM: Democratic Party; NAACP: National Association for the Advancement of Colored People; African American Group (United States); Migrants (Mexico); WTP: We the People; Protesters (Mexico),6,,,0,60,,840,North America,United States,Pennsylvania,Lancaster,,Lancaster,40.0379,-76.3055,1,Facebook; Twitter,New media,"On 27 May 2021, an unreported number of people rallied in Lancaster (Pennsylvania) to call on American Rescue Plan funds to be invested in the community, including in recovery from the coronavirus pandemic. State Rep. Mike Sturla (D), Lancaster City Councilmember Ismail Smith-Wade-El (D), Lancaster School Board Member Kareena Rios, migrants from Mexico, and members of Lancaster Stands Up, We the People Pennsylvania, CASA, Lancaster NAACP, and PA Budget and Policy Center participated in the rally.",0,crowd size=no report,1677004818,139,42,17602,4217602,B5,G6350,S,66383156,1108188,+40.0146233,-076.2463507,N,POINT (-76.3055 40.0379)
USA30553,25 May 2021,2021,1,Demonstrations,Protests,Peaceful protest,Protesters (United States),BLM: Black Lives Matter; YWCA: Young Women's Christian Association; Christian Group (United States); Women (United States),6,,,0,60,,840,North America,United States,Pennsylvania,Lancaster,,Lancaster,40.0379,-76.3055,1,Lancaster Online,Subnational,"On 25 May 2021, about 100 people including the YWCA protested in Lancaster (Pennsylvania) on the anniversary of the death of George Floyd and in support of the Black Lives Matter movement.",0,crowd size=about 100,1622578606,139,42,17602,4217602,B5,G6350,S,66383156,1108188,+40.0146233,-076.2463507,N,POINT (-76.3055 40.0379)
USA30016,19 May 2021,2021,1,Demonstrations,Protests,Peaceful protest,Protesters (United States),Palestinian Group (United States),6,,,0,60,,840,North America,United States,Pennsylvania,Lancaster,,Lancaster,40.0379,-76.3055,1,CBS 21 (Harrisburg),Subnational,"On 19 May 2021, a pro-Palestinian demonstration was carried out by people including Palestinian Americans in Lancaster (Pennsylvania) in support of Palestine during the current conflict between Israel and Palestine.",0,crowd size=no report,1621980620,139,42,17602,4217602,B5,G6350,S,66383156,1108188,+40.0146233,-076.2463507,N,POINT (-76.3055 40.0379)
USA30063,15 May 2021,2021,1,Demonstrations,Protests,Peaceful protest,Protesters (United States),Stop Asian Hate; Interfaith Group (United States); YWCA: Young Women's Christian Association; Christian Group (United States); Women (United States); PSL: Party for Socialism and Liberation,6,,,0,60,,840,North America,United States,Pennsylvania,Lancaster,,Lancaster,40.0379,-76.3055,1,Lancaster Online; Fox43,Subnational,"On 15 May 2021, about 60 people including members of the Church World Service, the Lancaster Interfaith Coalition, and the YWCA Lancaster organized by the Party for Socialism and Liberation held a rally and vigil in Lancaster (Pennsylvania) against violence and discrimination against the Asian American and Pacific Islander community.",0,crowd size=about 60,1622578606,139,42,17602,4217602,B5,G6350,S,66383156,1108188,+40.0146233,-076.2463507,N,POINT (-76.3055 40.0379)
USA29330,06 May 2021,2021,1,Demonstrations,Protests,Peaceful protest,Protesters (United States),Teachers (United States),6,,,0,60,,840,North America,United States,Pennsylvania,Lancaster,,Lancaster,40.0379,-76.3055,1,Lehigh Valley Live,Subnational,"On 6 May 2021, teachers in Lancaster (Pennsylvania) gathered to call for increased state funding for schools to help them recover from the coronavirus pandemic.",0,crowd size=no report,1620770180,139,42,17602,4217602,B5,G6350,S,66383156,1108188,+40.0146233,-076.2463507,N,POINT (-76.3055 40.0379)
USA27892,14 April 2021,2021,1,Demonstrations,Protests,Peaceful protest,Protesters (United States),BLM: Black Lives Matter,6,,,0,60,,840,North America,United States,Pennsylvania,Lancaster,,Lancaster,40.0379,-76.3055,1,ABC27 (Harrisburg),Subnational,"On 14 April 2021, dozens of people held a vigil in Lancaster (Pennsylvania) against the death of Daunte Wright, a Black man killed by police in Minnesota, and against racial injustice and police brutality.",0,crowd size=dozens,1618952549,139,42,17602,4217602,B5,G6350,S,66383156,1108188,+40.0146233,-076.2463507,N,POINT (-76.3055 40.0379)
USA27449,27 March 2021,2021,1,Demonstrations,Protests,Peaceful protest,Protesters (United States),Stop Asian Hate; ANSWER: Act Now to Stop War and End Racism; PSL: Party for Socialism and Liberation,6,,,0,60,,840,North America,United States,Pennsylvania,Lancaster,,Lancaster,40.0379,-76.3055,1,Lancaster Online,Subnational,"On 27 March 2021, about 40 people organized by the Party for Socialism and Liberation and the ANSWER Coalition protested in Lancaster (Pennsylvania) to call for an end to anti-Asian hate crime and in support of the Asian American and Pacific Islander community after the shooting of eight people in Atlanta which included six Asian women.",0,crowd size=about 40,1617744381,139,42,17602,4217602,B5,G6350,S,66383156,1108188,+40.0146233,-076.2463507,N,POINT (-76.3055 40.0379)
USA26849,21 March 2021,2021,1,Strategic developments,Strategic developments,Other,American Contingency,Police Forces of the United States (2021-),3,,,0,30,,840,North America,United States,Pennsylvania,Lancaster,,Lancaster,40.0379,-76.3055,1,MilitiaWatch,Local partner-New media,"Training: On 21 March 2021, the American Contingency group held a 'Law Enforcement Only' pistol training course in Lancaster (Pennsylvania).",0,,1617140132,139,42,17602,4217602,B5,G6350,S,66383156,1108188,+40.0146233,-076.2463507,N,POINT (-76.3055 40.0379)
USA26700,20 March 2021,2021,1,Strategic developments,Strategic developments,Other,American Contingency,Police Forces of the United States (2021-),3,,,0,30,,840,North America,United States,Pennsylvania,Lancaster,,Lancaster,40.0379,-76.3055,1,MilitiaWatch,Local partner-New media,"Training: On 20 March 2021, the American Contingency group held a 'Law Enforcement Only' pistol training course in Lancaster (Pennsylvania).",0,,1617140132,139,42,17602,4217602,B5,G6350,S,66383156,1108188,+40.0146233,-076.2463507,N,POINT (-76.3055 40.0379)
USA25115,14 February 2021,2021,1,Demonstrations,Protests,Peaceful protest,Protesters (United States),,6,,,0,60,,840,North America,United States,Pennsylvania,Lancaster,,Lancaster,40.0379,-76.3055,1,Pennsylvania Capital-Star,Subnational,"On 14 February 2021, about two dozen people including members of Unite Central PA protested at the County Courthouse in Lancaster (Pennsylvania) to call for the city to implement reforms to the prison and police systems.",0,crowd size=about two dozen,1680633500,139,42,17602,4217602,B5,G6350,S,66383156,1108188,+40.0146233,-076.2463507,N,POINT (-76.3055 40.0379)
USA24480,30 January 2021,2021,1,Demonstrations,Protests,Peaceful protest,Protesters (United States),PSL: Party for Socialism and Liberation; Cancel the Rents Movement,6,,,0,60,,840,North America,United States,Pennsylvania,Lancaster,,Lancaster,40.0379,-76.3055,1,Liberation News; Facebook,Other-New media,"On 30 January 2021, people with the Party for Socialism and Liberation protested in Lancaster (Pennsylvania) to call for rent to be cancelled during the coronavirus pandemic.",0,crowd size=no report,1612913871,139,42,17602,4217602,B5,G6350,S,66383156,1108188,+40.0146233,-076.2463507,N,POINT (-76.3055 40.0379)
USA37198,27 November 2021,2021,1,Demonstrations,Protests,Peaceful protest,Protesters (United States),Government of the United States (2021-); DEM: Democratic Party; Chinese Group (United States); Asian American Group (United States),6,,,0,60,,840,North America,United States,Pennsylvania,Monroe,,Stroudsburg,40.9868,-75.1946,1,WBRE,Subnational,"On 27 November 2021, dozens of family members and supporters, including US Congresswoman Susan Wild (D) gathered in Stroudsburg (Pennsylvania) to protest the death of Christian Hall, who was Chinese-American and who was killed by police on December 30, 2020, and in response to recent video evidence showing that Hall had his hands up and appeared to be surrendering when he was shot.",0,crowd size=dozens,1638920208,383,42,18360,4218360,B5,G6350,S,205552867,720545,+40.9673886,-075.2879696,N,POINT (-75.1946 40.9868)
USA34982,25 September 2021,2021,1,Strategic developments,Strategic developments,Other,Patriot Front,,4,,,0,40,,840,North America,United States,Pennsylvania,Monroe,,Stroudsburg,40.9868,-75.1946,2,MilitiaWatch; Telegram,Local partner-New media,"Training: On 25 September 2021, members of Patriot Front conducted a training and sparring exercise in the woods of Eastern Pennsylvania (coded as Stroudsburg (Pennsylvania) due to known activity in the area).",0,,1709061630,383,42,18360,4218360,B5,G6350,S,205552867,720545,+40.9673886,-075.2879696,N,POINT (-75.1946 40.9868)
USA26575,13 March 2021,2021,1,Demonstrations,Protests,Peaceful protest,Protesters (United States),,6,,,0,60,,840,North America,United States,Pennsylvania,Monroe,,Stroudsburg,40.9868,-75.1946,1,Crowd Counting Consortium; WNEP-TV16,Other-Subnational,"On 13 March 2021, dozens of people marched in Stroudsburg (Pennsylvania) against the death of Christian Hall, who was killed by police while having a mental crisis in December.",0,crowd size=dozens,1617140132,383,42,18360,4218360,B5,G6350,S,205552867,720545,+40.9673886,-075.2879696,N,POINT (-75.1946 40.9868)
USA22169,29 January 2021,2021,1,Demonstrations,Protests,Peaceful protest,Protesters (United States),Christian Group (United States),6,,,0,60,,840,North America,United States,Pennsylvania,Monroe,,Stroudsburg,40.9868,-75.1946,1,WNEP-TV16,Subnational,"On 29 January 2021, a group of Christians marched in Stroudsburg (Pennsylvania) against abortion rights as part of the March for Life event.",0,crowd size=no report,1680633594,383,42,18360,4218360,B5,G6350,S,205552867,720545,+40.9673886,-075.2879696,N,POINT (-75.1946 40.9868)
USA37045,20 November 2021,2021,1,Demonstrations,Protests,Peaceful protest,Protesters (United States),Health Workers (United States),6,,,0,60,,840,North America,United States,Pennsylvania,Somerset,,Somerset,40.0084,-79.0781,1,WJAC-TV6,Subnational,"On 20 November 2021, dozens of health workers gathered in Somerset (Pennsylvania) to protest federal mandates being enforced by local hospitals that would require employees to be vaccinated against coronavirus.",0,crowd size=dozens,1680633603,199,42,15501,4215501,B5,G6350,S,346970117,1482666,+40.0397422,-079.1298196,N,POINT (-79.0781 40.0084)
USA36929,15 November 2021,2021,1,Demonstrations,Protests,Peaceful protest,Protesters (United States),Former Military Forces of the United States (2021-),6,,,0,60,,840,North America,United States,Pennsylvania,Allegheny,,Upper Saint Clair,40.3359,-80.0834,1,KDKA2,Subnational,"On 15 November 2021, dozens of people including gun control activists and veterans gathered in Upper Saint Claire (Pennsylvania) to protest against proposed legislation that would legalize concealed carry firearms without a permit in Pennsylvania.",0,crowd size=dozens,1680633690,464,42,15241,4215241,B5,G6350,S,26939038,20331,+40.3335393,-080.0812668,N,POINT (-80.0834 40.3359)
USA36924,14 November 2021,2021,1,Demonstrations,Protests,Peaceful protest,Protesters (United States),Students (United States),6,,,0,60,,840,North America,United States,Pennsylvania,Cambria,,Johnstown,40.3267,-78.9219,1,ABC23,Subnational,"On 14 November 2021, parents and students gathered in Johnstown (Pennsylvania) to protest against mandatory mask-wearing in public schools amid the coronavirus pandemic.",0,crowd size=no report,1680633601,1638,42,15901,4215901,B5,G6350,S,3836779,140170,+40.3287416,-078.9142924,N,POINT (-78.9219 40.3267)
USA34826,18 September 2021,2021,1,Demonstrations,Protests,Peaceful protest,Protesters (United States),Health Workers (United States),6,,,0,60,,840,North America,United States,Pennsylvania,Cambria,,Johnstown,40.3267,-78.9219,1,WTAJ,Subnational,"On 18 September 2021, over 20 healthcare workers marched from Conemaugh Memorial Medical Center to Central Park in Johnstown (Pennsylvania) to demonstrate against Pennsylvania's vaccine mandate for health workers, which is intended to prevent the spread of the coronavirus pandemic.",0,crowd size=over 20,1680633594,1638,42,15901,4215901,B5,G6350,S,3836779,140170,+40.3287416,-078.9142924,N,POINT (-78.9219 40.3267)
USA36920,13 November 2021,2021,1,Demonstrations,Protests,Peaceful protest,Protesters (United States),LGBTQ+ (United States),6,,,0,60,,840,North America,United States,Pennsylvania,Lackawanna,,Scranton,41.4092,-75.6649,1,WBRE,Subnational,"On 13 November 2021, people, including members of the LGBT community, gathered outside the city hall in Scranton (Pennsylvania) to protest proposed legislation that would prevent transgender students from competing in school sports except in the same league as the gender they were assigned at birth. Demonstrators also called for a ban on conversion therapy in Pennsylvania.",0,crowd size=no report,1637709103,136,42,18503,4218503,B5,G6350,S,1199397,0,+41.4111064,-075.6674688,N,POINT (-75.6649 41.4092)
USA36711,08 November 2021,2021,1,Demonstrations,Protests,Peaceful protest,Protesters (United States),Teachers (United States); Labor Group (United States); AFT: American Federation of Teachers; Government of the United States (2021-); DEM: Democratic Party,6,,,0,60,,840,North America,United States,Pennsylvania,Lackawanna,,Scranton,41.4092,-75.6649,1,AFT Pennsylvania,Other,"On 8 November 2021, teachers and supporters, including Philadelphia City Councilmember Helen Gym (D) participated in a vigil and march in Scranton (Pennsylvania) to call for better funding and wages for striking Scranton teachers. Members of American Federation of Teachers attended.",0,crowd size=no report,1637103229,136,42,18503,4218503,B5,G6350,S,1199397,0,+41.4111064,-075.6674688,N,POINT (-75.6649 41.4092)
USA36356,20 October 2021,2021,1,Demonstrations,Protests,Peaceful protest,Protesters (United States),,6,,,0,60,,840,North America,United States,Pennsylvania,Lackawanna,,Scranton,41.4092,-75.6649,1,Twitter,New media,"On 20 October 2021, a group of people, some holding pro-Trump flags, gathered along a road in Scranton (Pennsylvania) to demonstrate against President Joe Biden as he visited the city.",0,crowd size=no report,1680633600,136,42,18503,4218503,B5,G6350,S,1199397,0,+41.4111064,-075.6674688,N,POINT (-75.6649 41.4092)
USA50927,20 October 2021,2021,1,Demonstrations,Protests,Peaceful protest,Protesters (United States),CASA; Latin American Group (United States); Migrants (International); Make the Road Action; Interfaith Group (United States); Protesters (International),6,,,0,60,,840,North America,United States,Pennsylvania,Lackawanna,,Scranton,41.4092,-75.6649,1,Twitter,New media,"On 20 October 2021, an unreported number of people demonstrated in Scranton (Pennsylvania) to call on President Biden to get a measure that creates a pathway to citizenship for all immigrants in the budget reconciliation bill. Migrants and members of CASA, Make the Road PA, New Sanctuary Movement of Philadelphia (an interfaith organization), and Pennsylvania Immigration and Citizenship Coalition participated in the demonstration which coincided with a visit by Pres. Biden to the region.",0,crowd size=no report,1680633888,136,42,18503,4218503,B5,G6350,S,1199397,0,+41.4111064,-075.6674688,N,POINT (-75.6649 41.4092)
USA35414,02 October 2021,2021,1,Demonstrations,Protests,Peaceful protest,Protesters (United States),Women (United States),6,,,0,60,,840,North America,United States,Pennsylvania,Lackawanna,,Scranton,41.4092,-75.6649,1,WNEP-TV16,Subnational,"On 2 October 2021, dozens of people, including members of Action Together NEPA, gathered in Scranton (Pennsylvania) to demonstrate in favor of legal abortion and against Texas's anti-abortion 'heartbeat bill.' This demonstration was part of the annual Women's March.",0,crowd size=dozens,1680633597,136,42,18503,4218503,B5,G6350,S,1199397,0,+41.4111064,-075.6674688,N,POINT (-75.6649 41.4092)
USA31652,22 June 2021,2021,1,Demonstrations,Protests,Peaceful protest,Protesters (United States),,6,,,0,60,,840,North America,United States,Pennsylvania,Lackawanna,,Scranton,41.4092,-75.6649,1,Fox56 (Hazleton); Yahoo News,Subnational-National,"On 22 June 2021, a group of about 25 people marched through Scranton (Pennsylvania) for a 'Walk for Our Grandchildren & Mother Earth,' demonstrating in favor of divesting from fossil fuels and embracing renewable energy.",0,crowd size=about 25,1625004355,136,42,18503,4218503,B5,G6350,S,1199397,0,+41.4111064,-075.6674688,N,POINT (-75.6649 41.4092)
USA29940,15 May 2021,2021,1,Demonstrations,Protests,Peaceful protest,Protesters (United States),AFL-CIO: American Federation of Labor and Congress of Industrial Organizations; Labor Group (United States),6,,,0,60,,840,North America,United States,Pennsylvania,Lackawanna,,Scranton,41.4092,-75.6649,1,Pennsylvania AFL-CIO,Other,"On 15 May 2021, people with the AFL-CIO protested in Scranton (Pennsylvania) to call for quality education and preschool as well as safe facilities for students.",0,crowd size=no report,1621980621,136,42,18503,4218503,B5,G6350,S,1199397,0,+41.4111064,-075.6674688,N,POINT (-75.6649 41.4092)
USA29335,06 May 2021,2021,1,Demonstrations,Protests,Peaceful protest,Protesters (United States),Teachers (United States),6,,,0,60,,840,North America,United States,Pennsylvania,Lackawanna,,Scranton,41.4092,-75.6649,1,Lehigh Valley Live,Subnational,"On 6 May 2021, teachers in Scranton (Pennsylvania) gathered to call for increased state funding for schools to help them recover from the coronavirus pandemic.",0,crowd size=no report,1620770180,136,42,18503,4218503,B5,G6350,S,1199397,0,+41.4111064,-075.6674688,N,POINT (-75.6649 41.4092)
USA29451,03 May 2021,2021,1,Demonstrations,Protests,Peaceful protest,Protesters (United States),Students (United States); Teachers (United States),6,,,0,60,,840,North America,United States,Pennsylvania,Lackawanna,,Scranton,41.4092,-75.6649,1,Crowd Counting Consortium; WNEP-TV16,Other-Subnational,"On 3 May 2021, a couple dozen parents, students, and teachers protested ahead of a school board meeting in Scranton (Pennsylvania) in support of saving the George Bancroft Elementary School, which has closed due to necessary repairs.",0,crowd size=a couple dozen,1620770180,136,42,18503,4218503,B5,G6350,S,1199397,0,+41.4111064,-075.6674688,N,POINT (-75.6649 41.4092)
USA28388,17 April 2021,2021,1,Demonstrations,Protests,Peaceful protest,Protesters (United States),Women (United States),6,,,0,60,,840,North America,United States,Pennsylvania,Lackawanna,,Scranton,41.4092,-75.6649,1,WNEP-TV16,Subnational,"On 17 April 2021, people organized by local teenage girls protested in Scranton (Pennsylvania) against sexual assault and violence.",0,crowd size=no report,1619558728,136,42,18503,4218503,B5,G6350,S,1199397,0,+41.4111064,-075.6674688,N,POINT (-75.6649 41.4092)
USA27893,14 April 2021,2021,1,Demonstrations,Protests,Peaceful protest,Protesters (United States),BLM: Black Lives Matter,6,,,0,60,,840,North America,United States,Pennsylvania,Lackawanna,,Scranton,41.4092,-75.6649,1,WBRE,Subnational,"On 14 April 2021, about a dozen people protested in Scranton (Pennsylvania) against the death of Daunte Wright, a Black man killed by police in Minnesota, and in support of the Black Lives Matter movement.",0,crowd size=about a dozen,1618952550,136,42,18503,4218503,B5,G6350,S,1199397,0,+41.4111064,-075.6674688,N,POINT (-75.6649 41.4092)
USA27950,11 April 2021,2021,1,Demonstrations,Protests,Peaceful protest,Protesters (United States),Students (United States),6,,,0,60,,840,North America,United States,Pennsylvania,Lackawanna,,Scranton,41.4092,-75.6649,1,Crowd Counting Consortium; Scranton Times-Tribune,Other-Subnational,"On 11 April 2021, parents and students protested at George Bancroft Elementary School in Scranton (Pennsylvania) to call for the school to remain open regarding a vote to close the school due to disrepair.",0,crowd size=no report,1618952549,136,42,18503,4218503,B5,G6350,S,1199397,0,+41.4111064,-075.6674688,N,POINT (-75.6649 41.4092)
USA25750,01 March 2021,2021,1,Demonstrations,Protests,Peaceful protest,Protesters (United States),,6,,,0,60,,840,North America,United States,Pennsylvania,Lackawanna,,Scranton,41.4092,-75.6649,1,Crowd Counting Consortium; Fox56 (Hazleton),Other-Subnational,"On 1 March 2021, about 20 parents and grandparents protested in Scranton (Pennsylvania) to call for students to return to schools in-person during the coronavirus pandemic, citing that virtual learning is causing children to do worse in school than they would in-person.",0,crowd size=about 20,1680633883,136,42,18503,4218503,B5,G6350,S,1199397,0,+41.4111064,-075.6674688,N,POINT (-75.6649 41.4092)
USA37246,13 November 2021,2021,1,Demonstrations,Protests,Peaceful protest,Protesters (United States),,6,,,0,60,,840,North America,United States,Pennsylvania,Jefferson,,Punxsutawney,40.9437,-78.9709,1,Courier Express,Subnational,"On 13 November 2021, about 30 people gathered in Punxsutawney (Pennsylvania) to protest against coronavirus vaccine mandates and mask mandates for public school students.",0,crowd size=about 30,1680633660,989,42,15767,4215767,B5,G6350,S,428089161,2170323,+40.9621526,-078.9681710,N,POINT (-78.9709 40.9437)
USA36726,12 November 2021,2021,1,Demonstrations,Protests,Peaceful protest,Protesters (United States),,6,,,0,60,,840,North America,United States,Pennsylvania,Butler,,Butler,40.8612,-79.8953,1,Butler Eagle,Subnational,"On 12 November 2021, a small group of people gathered in Butler (Pennsylvania) to protest against vaccine mandates.",0,crowd size=a small group,1680633600,1635,42,16001,4216001,B5,G6350,S,190155984,3040997,+40.9100253,-079.9451912,N,POINT (-79.8953 40.8612)
USA34772,19 September 2021,2021,1,Demonstrations,Protests,Peaceful protest,Protesters (United States),,6,,,0,60,,840,North America,United States,Pennsylvania,Butler,,Butler,40.8612,-79.8953,1,Butler Eagle,Subnational,"On 19 September 2021, hundreds of people gathered in Diamond Park in Butler (Pennsylvania) for an 'America First Rally' to demonstrate against President Biden, as well as masking and vaccination policies, which are intended to prevent the spread of the coronavirus pandemic. Demonstrators also demanded that the 2020 election be audited, echoing former President Trump's claim that the election was rigged. Some demonstrators were armed with pistols.",0,armed; crowd size=hundreds; stop the steal,1680633593,1635,42,16001,4216001,B5,G6350,S,190155984,3040997,+40.9100253,-079.9451912,N,POINT (-79.8953 40.8612)
USA27939,14 April 2021,2021,1,Demonstrations,Protests,Peaceful protest,Protesters (United States),SEIU: Service Employees International Union; Labor Group (United States),6,,,0,60,,840,North America,United States,Pennsylvania,Butler,,Butler,40.8612,-79.8953,1,SEIU Healthcare Pennsylvania,Other,"On 14 April 2021, nursing home employees with the SEIU protested outside their place of work in Butler (Pennsylvania) to call for better staffing, more respect, and a fair contract to protect residents.",0,crowd size=no report,1618952550,1635,42,16001,4216001,B5,G6350,S,190155984,3040997,+40.9100253,-079.9451912,N,POINT (-79.8953 40.8612)
USA36694,10 November 2021,2021,1,Strategic developments,Strategic developments,Other,Patriot Front,,4,,,0,40,,840,North America,United States,Pennsylvania,Centre,,Bellefonte,40.9134,-77.7783,2,Telegram,New media,"Training: On 10 November 2021, Patriot Front held a close-quarters combat training event in an undisclosed location in central Pennsylvania, coded as Bellefonte (Pennsylvania).",0,,1709061630,289,42,16823,4216823,B5,G6350,S,332236712,200982,+40.9390516,-077.7726471,N,POINT (-77.7783 40.9134)
USA29044,29 April 2021,2021,1,Demonstrations,Protests,Peaceful protest,Protesters (United States),,6,,,0,60,,840,North America,United States,Pennsylvania,Centre,,Bellefonte,40.9134,-77.7783,1,Centre Daily Times,Subnational,"On 29 April 2021, people with Fair Districts Centre County marched with their dogs to the offices of Senate President Pro Tempore Corman and House Majority Leaders Benninghoff in Bellefonte (Pennsylvania) to call for transparency in the redistricting process.",0,crowd size=no report,1620164854,289,42,16823,4216823,B5,G6350,S,332236712,200982,+40.9390516,-077.7726471,N,POINT (-77.7783 40.9134)
USA29024,24 April 2021,2021,1,Demonstrations,Protests,Peaceful protest,Protesters (United States),,6,,,0,60,,840,North America,United States,Pennsylvania,Centre,,Bellefonte,40.9134,-77.7783,1,WTAJ,Subnational,"On 24 April 2021, about three dozen people protested in Bellefonte (Pennsylvania) against a local school's removal of their mascot, a 'Red Raider,' due to racial insensitivity.",0,crowd size=about three dozen,1620164855,289,42,16823,4216823,B5,G6350,S,332236712,200982,+40.9390516,-077.7726471,N,POINT (-77.7783 40.9134)
USA36688,08 November 2021,2021,1,Demonstrations,Protests,Peaceful protest,Protesters (United States),Students (United States),6,,,0,60,,840,North America,United States,Pennsylvania,Lancaster,,Salunga-Landisville,40.0918,-76.4189,1,Lancaster Online,Subnational,"On 8 November 2021, about 30 students, joined by some parents, staged a walk out and protest at Hempfield High School in Salunga-Landisville (Pennsylvania) to protest the lack of disciplinary measures taken against a student who posted pro-Trump images and threats of violence on social media. Protesters also claimed racial inequality by the school and said that the white student was given deferential treatment by school authorities.",0,crowd size=about 30,1637103229,829,42,17538,4217538,B5,G6350,S,9941068,13195,+40.0826292,-076.4145481,N,POINT (-76.4189 40.0918)
USA35396,05 October 2021,2021,1,Demonstrations,Protests,Peaceful protest,Protesters (United States),"Labor Group (United States); BCTGM: Bakery, Confectionery, Tobacco Workers and Grain Millers Union",6,,,0,60,,840,North America,United States,Pennsylvania,Lancaster,,Salunga-Landisville,40.0918,-76.4189,1,Patriot-News; Channel 8 (Lancaster),Subnational,"On 5 October 2021, a group of workers at a Kellogg's plant unionized with Bakery, Confectionery, Tobacco Workers and Grain Millers' International Union went on strike and gathered outside the plant in Salunga-Landisville (Pennsylvania) to demonstrate for better pay and benefits.",0,crowd size=no report,1638920206,829,42,17538,4217538,B5,G6350,S,9941068,13195,+40.0826292,-076.4145481,N,POINT (-76.4189 40.0918)
USA34342,07 September 2021,2021,1,Demonstrations,Protests,Peaceful protest,Protesters (United States),Government of the United States (2021-); Students (United States),6,,,0,60,,840,North America,United States,Pennsylvania,Lancaster,,Salunga-Landisville,40.0918,-76.4189,1,KDKA2,Subnational,"On 7 September 2021, about 50 people, including students and Pennsylvania State Representative Eric Nelson (R) gathered outside Hempfield High School in Salunga-Landisville (Pennsylvania) to demonstrate against mask mandates in the school, which are intended to prevent the spread of the coronavirus pandemic.",0,crowd size=about 50,1680633591,829,42,17538,4217538,B5,G6350,S,9941068,13195,+40.0826292,-076.4145481,N,POINT (-76.4189 40.0918)
USA37051,07 November 2021,2021,1,Strategic developments,Strategic developments,Other,Patriot Front,NJP: National Justice Party,4,,,0,40,,840,North America,United States,Pennsylvania,Allegheny,,Plum,40.5004,-79.7495,1,Anti-Defamation League,National,"Other: On 7 November 2021, approximately two dozen people, including members of Patriot Front and the National Justice Party gathered for an unknown reason at Boyce Park in Plum (Pennsylvania).",0,,1709061630,1600,42,15239,4215239,B5,G6350,S,41398514,0,+40.4836741,-079.7380731,N,POINT (-79.7495 40.5004)
USA36498,01 November 2021,2021,1,Demonstrations,Protests,Peaceful protest,Protesters (United States),Government of the United States (2021-); Women (United States); DEM: Democratic Party,6,,,0,60,,840,North America,United States,Pennsylvania,Lehigh,,Allentown,40.6084,-75.4902,1,Morning Call,Subnational,"On 1 November 2021, people, including local and state officials, gathered for a protest at Planned Parenthood in Allentown (Pennsylvania) against the Texas heartbeat bill restricting women's access to legal abortion. Pennsylvania Attorney General Josh Shapiro (D) spoke at the event.",0,crowd size=no report,1680633600,836,42,18102,4218102,B5,G6350,S,7762017,257200,+40.6084726,-075.4762750,N,POINT (-75.4902 40.6084)
USA35822,13 October 2021,2021,1,Demonstrations,Protests,Peaceful protest,Protesters (United States),,6,Protesters (United States),,6,66,,840,North America,United States,Pennsylvania,Lehigh,,Allentown,40.6084,-75.4902,1,Lehigh Valley Live,Subnational,"On 13 October 2021, a group of people gathered in Allentown (Pennsylvania) to demonstrate against a visit by First Lady Jill Biden, against President Joe Biden, against abortion, against masks and vaccines intended to prevent the spread of the coronavirus pandemic, against 'globalism,' and in favor of former President Donald Trump. A handful of counter-demonstrators were also present, though 'vastly outnumbered' by demonstrators, to show support for Jill and Joe Biden.",0,counter-demonstration; crowd size=handful,1680633598,836,42,18102,4218102,B5,G6350,S,7762017,257200,+40.6084726,-075.4762750,N,POINT (-75.4902 40.6084)
USA35405,02 October 2021,2021,1,Demonstrations,Protests,Peaceful protest,Protesters (United States),Women (United States),6,Protesters (United States),GOP: Republican Party,6,66,,840,North America,United States,Pennsylvania,Lehigh,,Allentown,40.6084,-75.4902,1,Morning Call; Lehigh Valley Live,Subnational,"On 2 October 2021, four dozen people gathered at City Hall in Allentown (Pennsylvania) to demonstrate in favor of legal abortion and against Texas's anti-abortion 'heartbeat bill.' This demonstration was part of the annual Women's March. Demonstrators were counter-demonstrated by a couple dozen members of the Northampton County Republican Committee. Two of these counter-demonstrators were armed with 'semiautomatic rifles' and were reportedly asked to leave by other counter protesters.",0,armed; counter-demonstration; crowd size=six dozen,1680633596,836,42,18102,4218102,B5,G6350,S,7762017,257200,+40.6084726,-075.4762750,N,POINT (-75.4902 40.6084)
USA37963,25 September 2021,2021,1,Strategic developments,Strategic developments,Other,Patriot Front,,4,,,0,40,,840,North America,United States,Pennsylvania,Lehigh,,Allentown,40.6084,-75.4902,2,Telegram,New media,"Training: On 25 September 2021, members of Patriot Front conducted a sparring and close-quarters combat training exercise in an undisclosed location in eastern Pennsylvania, coded as Allentown (Pennsylvania).",0,,1709061630,836,42,18102,4218102,B5,G6350,S,7762017,257200,+40.6084726,-075.4762750,N,POINT (-75.4902 40.6084)
USA32287,11 July 2021,2021,1,Demonstrations,Protests,Peaceful protest,Protesters (United States),Students (United States),6,,,0,60,,840,North America,United States,Pennsylvania,Lehigh,,Allentown,40.6084,-75.4902,1,WFMZ-TV,Subnational,"On 11 July 2021, dozens of people, including students, gathered in Allentown (Pennsylvania) to demonstrate against the possibility of mask mandates or mandatory vaccinations to combat the spread of the coronavirus pandemic in the upcoming school year.",0,crowd size=dozens,1680633583,836,42,18102,4218102,B5,G6350,S,7762017,257200,+40.6084726,-075.4762750,N,POINT (-75.4902 40.6084)
USA32252,10 July 2021,2021,1,Demonstrations,Protests,Peaceful protest,Protesters (United States),Government of the United States (2021-); DEM: Democratic Party,6,,,0,60,,840,North America,United States,Pennsylvania,Lehigh,,Allentown,40.6084,-75.4902,1,Lehigh Valley Live,Subnational,"On 10 July 2021, about 30 people, including State Representative Michael Schlossberg (D) and local Democrat mayoral candidates, gathered at the Soldiers and Sailors Monument in Allentown (Pennsylvania) for a 'Deadline for Democracy' rally to call for an expansion of voting access and the passage of the 'For the People Act' in the US Senate.",0,crowd size=about 30,1626816448,836,42,18102,4218102,B5,G6350,S,7762017,257200,+40.6084726,-075.4762750,N,POINT (-75.4902 40.6084)
USA30104,16 May 2021,2021,1,Demonstrations,Protests,Peaceful protest,Protesters (United States),,6,Protesters (United States),Proud Boys,6,66,,840,North America,United States,Pennsylvania,Lehigh,,Allentown,40.6084,-75.4902,1,Twitter; MilitiaWatch,Local partner-New media,"On 16 May 2021, a pro-Palestinian demonstration was carried out in Allentown (Pennsylvania) to protest against Israeli Defense Force bombings in Gaza. A small counter-demonstration gathered across the street, which featured multiple Proud Boys.",0,counter-demonstration; crowd size=no report,1638920204,836,42,18102,4218102,B5,G6350,S,7762017,257200,+40.6084726,-075.4762750,N,POINT (-75.4902 40.6084)
USA37605,04 May 2021,2021,1,Strategic developments,Strategic developments,Other,Patriot Front,,4,,,0,40,,840,North America,United States,Pennsylvania,Lehigh,,Allentown,40.6084,-75.4902,2,Telegram,New media,"Training: On 4 May 2021, Patriot Front held a close-quarters combat and sparring training event at an undisclosed location in eastern Pennsylvania (coded as Allentown (Pennsylvania)).",0,,1709061630,836,42,18102,4218102,B5,G6350,S,7762017,257200,+40.6084726,-075.4762750,N,POINT (-75.4902 40.6084)
USA27921,15 April 2021,2021,1,Demonstrations,Protests,Peaceful protest,Protesters (United States),Labor Group (United States); SEIU: Service Employees International Union; Fight for 15,6,,,0,60,,840,North America,United States,Pennsylvania,Lehigh,,Allentown,40.6084,-75.4902,1,Crowd Counting Consortium; Times Leader,Other-Subnational,"On 15 April 2021, people with the Pennsylvania Joint Board of Workers United and the SEIU among other unions protested outside Senator Toomey's office in Allentown (Pennsylvania) to call on Congress to raise the minimum wage to $15 per hour.",0,crowd size=no report,1618952549,836,42,18102,4218102,B5,G6350,S,7762017,257200,+40.6084726,-075.4762750,N,POINT (-75.4902 40.6084)
USA27372,26 March 2021,2021,1,Demonstrations,Protests,Peaceful protest,Protesters (United States),SEIU: Service Employees International Union; Labor Group (United States); Health Workers (United States),6,,,0,60,,840,North America,United States,Pennsylvania,Lehigh,,Allentown,40.6084,-75.4902,1,Beaver County Times,Subnational,"On 26 March 2021, people organized by the SEIU Healthcare Pennsylvania protested in Allentown (Pennsylvania) to call for policymakers to enact long-term care reforms for the nursing home industry, as nursing employees cite understaffing and unacceptable conditions as issues within the industry.",0,crowd size=no report,1617744381,836,42,18102,4218102,B5,G6350,S,7762017,257200,+40.6084726,-075.4762750,N,POINT (-75.4902 40.6084)
USA25780,02 March 2021,2021,1,Demonstrations,Protests,Peaceful protest,Protesters (United States),SEIU: Service Employees International Union; Labor Group (United States); Fight for 15,6,,,0,60,,840,North America,United States,Pennsylvania,Lehigh,,Allentown,40.6084,-75.4902,1,SEIU PA State Council,Other,"On 2 March 2021, people with the SEIU protested at Representative Wild's office in Allentown (Pennsylvania) to call for the minimum wage to be raised to $15 per hour, for emergency funding for essential workers, and to call for the state to invest in long-term care workers who have been affected by the coronavirus pandemic.",0,crowd size=no report,1615330707,836,42,18102,4218102,B5,G6350,S,7762017,257200,+40.6084726,-075.4762750,N,POINT (-75.4902 40.6084)
USA25166,16 February 2021,2021,1,Demonstrations,Protests,Peaceful protest,Protesters (United States),Burmese Group (United States); Asian American Group (United States),6,,,0,60,,840,North America,United States,Pennsylvania,Lehigh,,Allentown,40.6084,-75.4902,1,WFMZ-TV,Subnational,"On 16 February 2021, about 30 members of the Eastern Pennsylvania Myanmar Community Group protested in Allentown (Pennsylvania) against the military coup in Myanmar and to call for justice and democracy in the nation.",0,crowd size=about 30,1617746752,836,42,18102,4218102,B5,G6350,S,7762017,257200,+40.6084726,-075.4762750,N,POINT (-75.4902 40.6084)
USA21046,09 January 2021,2021,1,Demonstrations,Protests,Peaceful protest,Protesters (United States),,6,,,0,60,,840,North America,United States,Pennsylvania,Lehigh,,Allentown,40.6084,-75.4902,1,Lehigh Valley Live,Subnational,"On 9 January 2021, about 30 parents protested in Allentown (Pennsylvania) to call for students to return to class in-person during the coronavirus pandemic due to claims that virtual learning is causing physical and mental health issues and to call for parents to be able to choose whether their child learns in person or virtually.",0,crowd size=about 30,1680633884,836,42,18102,4218102,B5,G6350,S,7762017,257200,+40.6084726,-075.4762750,N,POINT (-75.4902 40.6084)
USA36321,23 October 2021,2021,1,Demonstrations,Protests,Peaceful protest,Protesters (United States),,6,,,0,60,,840,North America,United States,Pennsylvania,Blair,,Altoona,40.5187,-78.3947,1,WTAJ,Subnational,"On 23 October 2021, a group of people gathered in Altoona (Pennsylvania) in support of 'freedom' against coronavirus vaccine and mask mandates. Demonstrators also expressed support for turning Blair County into a Second Amendment sanctuary, which would prohibit Blair County citizens' tax dollars from being used to enforce legislation that regulates gun use.",0,crowd size=no report,1680633599,1625,42,16601,4216601,B5,G6350,S,224050639,1074511,+40.5552637,-078.3704159,N,POINT (-78.3947 40.5187)
USA35382,06 October 2021,2021,1,Demonstrations,Protests,Peaceful protest,Protesters (United States),Bloodstained Men,6,,,0,60,,840,North America,United States,Pennsylvania,Blair,,Altoona,40.5187,-78.3947,1,Altoona Mirror,Subnational,"On 6 October 2021, several people, including members of the Bloodstained Men, gathered in Altoona (Pennsylvania) to demonstrate against male circumcision.",0,crowd size=several,1634073005,1625,42,16601,4216601,B5,G6350,S,224050639,1074511,+40.5552637,-078.3704159,N,POINT (-78.3947 40.5187)
USA27576,06 April 2021,2021,1,Demonstrations,Protests,Peaceful protest,Protesters (United States),Students (United States),6,,,0,60,,840,North America,United States,Pennsylvania,Blair,,Altoona,40.5187,-78.3947,1,Leader-Telegram; Crowd Counting Consortium,Other-National,"On 6 April 2021, about 20 students protested outside their high school in Altoona (Pennsylvania) against the decision to have older students return to classes in-person during the coronavirus pandemic, citing concerns about a lack of social distancing with only two months left in the semester.",0,schools; crowd size=about 20,1618350013,1625,42,16601,4216601,B5,G6350,S,224050639,1074511,+40.5552637,-078.3704159,N,POINT (-78.3947 40.5187)
USA37444,24 February 2021,2021,1,Strategic developments,Strategic developments,Other,Patriot Front,,4,,,0,40,,840,North America,United States,Pennsylvania,Blair,,Altoona,40.5187,-78.3947,1,Telegram,New media,"Training: On 24 February 2021, Patriot Front held a sparring combat training event in Altoona (Pennsylvania).",0,,1709061630,1625,42,16601,4216601,B5,G6350,S,224050639,1074511,+40.5552637,-078.3704159,N,POINT (-78.3947 40.5187)
USA36005,17 October 2021,2021,1,Demonstrations,Protests,Peaceful protest,Protesters (United States),BLM: Black Lives Matter,6,,,0,60,,840,North America,United States,Pennsylvania,Delaware,,Sharon Hill,39.9065,-75.2715,1,Philadelphia Inquirer; Delaware County Daily Times,Subnational,"On 17 October 2021, about 50 people walked through Sharon Hill (Pennsylvania) for a 'Justice for Fanta Bility' march to show support for the Black Lives Matter movement and to demand justice for an 8-year-old girl who was killed in apparent police gunfire outside a football game on 27 August 2021.",0,crowd size=about 50,1635282743,775,42,19079,4219079,B5,G6350,S,4783082,392783,+39.8989511,-075.2665916,N,POINT (-75.2715 39.9065)
USA38194,27 August 2021,2021,1,Strategic developments,Strategic developments,Other,Police Forces of the United States (2021-),,1,Civilians (United States),African American Group (United States),7,17,,840,North America,United States,Pennsylvania,Delaware,,Sharon Hill,39.9065,-75.2715,1,New York Times,National,"Other: On 27 August 2021, an 8 year old Black girl was inadvertently shot and killed in Sharon Hill (Pennsylvania) by Sharon Hill police officers who fired shots outside of a football game at Academy Park High School in response to an exchange of gunfire between two teenagers. The two teenagers were charged with the girl's death, although an investigation revealed that bullets from the police had killed her. Demonstrations were later organized in response to the accidental shooting as well as the criminal charges brought against the teenagers.",1,,1642541564,775,42,19079,4219079,B5,G6350,S,4783082,392783,+39.8989511,-075.2665916,N,POINT (-75.2715 39.9065)
USA35853,13 October 2021,2021,1,Political violence,Violence against civilians,Sexual violence,Sole Perpetrator (United States),,3,Civilians (United States),Women (United States),7,37,Civilian targeting,840,North America,United States,Pennsylvania,Delaware,,Upper Darby,39.9284,-75.2738,1,CBS3 (Philadelphia),Subnational,"On 13 October 2021, a stranger raped a woman aboard a SEPTA El Train in Upper Darby (Pennsylvania) as bystanders filmed the incident with their phones. A police officer interrupted the act as it occurred, pulling the perpetrator away from the victim.",0,,1707858551,1011,42,19018,4219018,B5,G6350,S,7005033,0,+39.9230746,-075.2985951,N,POINT (-75.2738 39.9284)
USA28888,14 April 2021,2021,1,Demonstrations,Protests,Peaceful protest,Protesters (United States),BLM: Black Lives Matter,6,,,0,60,,840,North America,United States,Pennsylvania,Delaware,,Upper Darby,39.9284,-75.2738,1,Crowd Counting Consortium; Delaware County Daily Times,Other-Subnational,"On 14 April 2021, a small crowd with Delco Resists and Understanding, Devotion, Take action and Justice protested in Upper Darby (Pennsylvania) in support of the Black Lives Matter movement and against the death of Duante Wright, a Black man killed by police.",0,crowd size=a small crowd,1620164854,1011,42,19018,4219018,B5,G6350,S,7005033,0,+39.9230746,-075.2985951,N,POINT (-75.2738 39.9284)
USA36239,11 October 2021,2021,1,Demonstrations,Protests,Peaceful protest,Protesters (United States),Bloodstained Men,6,,,0,60,,840,North America,United States,Pennsylvania,Montgomery,,Hatboro,40.1742,-75.1068,1,Twitter,New media,"On 11 October 2021, a group of people, including members of the Bloodstained Men, gathered at an intersection in Hatboro (Pennsylvania) to demonstrate against male circumcision, which they called 'medical fraud.'",0,crowd size=no report,1635890950,273,42,19040,4219040,B5,G6350,S,15342762,0,+40.1768786,-075.1055954,N,POINT (-75.1068 40.1742)
USA35383,07 October 2021,2021,1,Demonstrations,Protests,Peaceful protest,Protesters (United States),Bloodstained Men,6,,,0,60,,840,North America,United States,Pennsylvania,York,,York,39.9626,-76.7277,1,York Daily Record,Subnational,"On 7 October 2021, a group of people, including members of the Bloodstained Men, gathered in York (Pennsylvania) to demonstrate against male circumcision.",0,crowd size=no report,1634073006,1586,42,17401,4217401,B5,G6350,S,3720684,113185,+39.9594622,-076.7334567,N,POINT (-76.7277 39.9626)
USA34829,20 September 2021,2021,1,Demonstrations,Protests,Peaceful protest,Protesters (United States),Students (United States); Teachers (United States),6,,,0,60,,840,North America,United States,Pennsylvania,York,,York,39.9626,-76.7277,1,York Daily Record,Subnational,"On 20 September 2021, about 200 people, including teachers and students, gathered across the street from the Central York School District in York (Pennsylvania) to demand that the district's board rescind a nearly yearlong ban on a list of books intended to teach about diversity.",0,crowd size=about 200,1632861455,1586,42,17401,4217401,B5,G6350,S,3720684,113185,+39.9594622,-076.7334567,N,POINT (-76.7277 39.9626)
USA34383,10 September 2021,2021,1,Demonstrations,Protests,Peaceful protest,Protesters (United States),Students (United States); BLM: Black Lives Matter,6,,,0,60,,840,North America,United States,Pennsylvania,York,,York,39.9626,-76.7277,1,WITF; York Daily Record,Subnational,"On 10 September 2021, about 40 students, along with the President and other members of the Panther Anti-Racist Union (a student organization), gathered outside Central York High School in York (Pennsylvania) to demonstrate in favor of the Black Lives Matter movement and against a 'book ban' on topics related to social justice.",0,crowd size=about 40,1631649215,1586,42,17401,4217401,B5,G6350,S,3720684,113185,+39.9594622,-076.7334567,N,POINT (-76.7277 39.9626)
USA32729,21 July 2021,2021,1,Demonstrations,Protests,Peaceful protest,Protesters (United States),,6,,,0,60,,840,North America,United States,Pennsylvania,York,,York,39.9626,-76.7277,1,York Dispatch,Subnational,"On 21 July 2021, people gathered outside of the County Administrative Center in York (Pennsylvania) to show support for state Sen. Doug Mastriano's (R) request for a 'forensic audit' of the 2020 election and to support former president Trump's false claims of election fraud.",0,crowd size=no report; stop the steal,1680633584,1586,42,17401,4217401,B5,G6350,S,3720684,113185,+39.9594622,-076.7334567,N,POINT (-76.7277 39.9626)
USA29008,27 April 2021,2021,1,Demonstrations,Protests,Peaceful protest,Protesters (United States),African American Group (United States); BLM: Black Lives Matter; CASA; Christian Group (United States); Latin American Group (United States); Protestant Christian Group (United States); Women (United States); YWCA: Young Women's Christian Association,6,,,0,60,,840,North America,United States,Pennsylvania,York,,York,39.9626,-76.7277,1,Fox43; York Daily Record,Subnational,"On 27 April 2021, people with CASA, the Black Ministers' Association, the YWCA York Racial Justice Committee, and the Confronting Racism Coalition rallied in York (Pennsylvania) in support of the conviction of Derek Chauvin in the murder of George Floyd and to call for continued efforts against racism.",0,crowd size=no report,1670969769,1586,42,17401,4217401,B5,G6350,S,3720684,113185,+39.9594622,-076.7334567,N,POINT (-76.7277 39.9626)
USA50939,08 April 2021,2021,1,Demonstrations,Protests,Peaceful protest,Protesters (United States),CASA; Latin American Group (United States); Women (United States); Migrants (International); Migrants (Mexico); Protesters (International); Protesters (Mexico),6,,,0,60,,840,North America,United States,Pennsylvania,York,,York,39.9626,-76.7277,1,Twitter,New media,"On 8 April 2021, an unreported number of people demonstrated outside the office of Rep. Scott Perry's office in York (Pennsylvania) to call on the Congressman to support the THRIVE Act and a pathway to citizenship for undocumented immigrants. Immigrants and migrants, including those from Mexico, and members of CASA, Moms Rising, and 99% Pennsylvania participated in the demonstration.",0,crowd size=no report,1680633888,1586,42,17401,4217401,B5,G6350,S,3720684,113185,+39.9594622,-076.7334567,N,POINT (-76.7277 39.9626)
USA27114,31 March 2021,2021,1,Demonstrations,Protests,Peaceful protest,Protesters (United States),,6,,,0,60,,840,North America,United States,Pennsylvania,York,,York,39.9626,-76.7277,1,ABC27 (Harrisburg),Subnational,"On 31 March 2021, people with The Movement held a vigil in York (Pennsylvania) against the rising violence in the city, calling for more tracing and reporting of stolen guns as well as pushing for change to combat the recent rise in teen violence.",0,crowd size=no report,1680633689,1586,42,17401,4217401,B5,G6350,S,3720684,113185,+39.9594622,-076.7334567,N,POINT (-76.7277 39.9626)
USA22165,29 January 2021,2021,1,Demonstrations,Protests,Peaceful protest,Protesters (United States),,6,,,0,60,,840,North America,United States,Pennsylvania,York,,York,39.9626,-76.7277,1,York Dispatch; Crowd Counting Consortium,Other-Subnational,"On 29 January 2021, more than a dozen parents protested in York (Pennsylvania) against the decision to transition to hybrid learning during the coronavirus pandemic due to concerns that the hybrid model will offer less student-teacher interaction than the current full-virtual model.",0,schools; crowd size=more than a dozen,1612546516,1586,42,17401,4217401,B5,G6350,S,3720684,113185,+39.9594622,-076.7334567,N,POINT (-76.7277 39.9626)
USA21187,11 January 2021,2021,1,Demonstrations,Protests,Peaceful protest,Protesters (United States),Indivisible Movement,6,,,0,60,,840,North America,United States,Pennsylvania,York,,York,39.9626,-76.7277,1,Channel 8 (Lancaster); Crowd Counting Consortium; Patriot-News,Other-Subnational,"On 11 January 2021, about a dozen people with Indivisible York protested in York (Pennsylvania) to call for Representative Perry to resign after he objected to the certification of the Electoral College vote and against President Trump and to call for him to be impeached.",0,crowd size=about a dozen,1680633500,1586,42,17401,4217401,B5,G6350,S,3720684,113185,+39.9594622,-076.7334567,N,POINT (-76.7277 39.9626)
USA35433,07 October 2021,2021,1,Demonstrations,Protests,Peaceful protest,Protesters (United States),,6,,,0,60,,840,North America,United States,Pennsylvania,Lycoming,,Williamsport,41.2412,-77.0011,1,Fox56 (Hazleton); Twitter,New media-Subnational,"On 7 October 2021, a group of people gathered at a courthouse in Williamsport (Pennsylvania) to demonstrate against vaccine and mask mandates, which are intended to prevent the spread of the coronavirus pandemic.",0,crowd size=no report,1680633604,1733,42,17701,4217701,B5,G6350,S,231657028,3961139,+41.3450452,-076.8572564,N,POINT (-77.0011 41.2412)
USA35661,03 October 2021,2021,1,Demonstrations,Protests,Peaceful protest,Protesters (United States),Christian Group (United States),6,,,0,60,,840,North America,United States,Pennsylvania,Lycoming,,Faxon,41.2501,-76.9718,1,NorthcentralPA,Subnational,"On 3 October 2021, a large group of Christians demonstrated in Faxon (Pennsylvania) against abortions. The group carried identical signs saying 'abortion kills children' and gathered outside their church after Sunday services.",0,crowd size=large,1680633597,1733,42,17701,4217701,B5,G6350,S,231657028,3961139,+41.3450452,-076.8572564,N,POINT (-76.9718 41.2501)
USA35660,02 October 2021,2021,1,Demonstrations,Protests,Peaceful protest,Protesters (United States),Women (United States),6,,,0,60,,840,North America,United States,Pennsylvania,Lycoming,,Williamsport,41.2412,-77.0011,1,NorthcentralPA,Subnational,"On 2 October 2021, around 50 people demonstrated in Williamsport (Pennsylvania) in support of women's reproductive rights, access to abortion, and against 'heartbeat bills' in Texas and elsewhere that effectively ban abortions. The march was part of the women's rights marches held across the country.",0,crowd size=around 50,1680633597,1733,42,17701,4217701,B5,G6350,S,231657028,3961139,+41.3450452,-076.8572564,N,POINT (-77.0011 41.2412)
USA35380,04 October 2021,2021,1,Demonstrations,Protests,Peaceful protest,Protesters (United States),Bloodstained Men,6,,,0,60,,840,North America,United States,Pennsylvania,Butler,,Cranberry Township,40.685,-80.1071,1,Bloodstained Men; Twitter,Other-New media,"On 4 October 2021, a group of people, including members of the Bloodstained Men, gathered in Cranberry Township (Pennsylvania) to demonstrate against male circumcision.",0,crowd size=no report,1638920206,51,42,16066,4216066,B5,G6350,S,57887280,13635,+40.7099671,-080.1056417,N,POINT (-80.1071 40.685)
USA35410,02 October 2021,2021,1,Demonstrations,Protests,Peaceful protest,Protesters (United States),Women (United States),6,,,0,60,,840,North America,United States,Pennsylvania,Northampton,,Easton,40.6884,-75.2207,1,Lehigh Valley Live; Morning Call,Subnational,"On 2 October 2021, about 100 people gathered in Riverside Park in Easton (Pennsylvania) to demonstrate in favor of legal abortion and against Texas's anti-abortion 'heartbeat bill.' This demonstration was part of the annual Women's March.",0,crowd size=about 100,1680633596,1084,42,18042,4218042,B5,G6350,S,54817856,2835263,+40.6541755,-075.2231237,N,POINT (-75.2207 40.6884)
USA26577,13 March 2021,2021,1,Demonstrations,Protests,Peaceful protest,Protesters (United States),,6,,,0,60,,840,North America,United States,Pennsylvania,Northampton,,Easton,40.6884,-75.2207,1,WFMZ-TV,Subnational,"On 13 March 2021, parents protested in Easton (Pennsylvania) to call for students to return to classes in-person during the coronavirus pandemic, citing issues with virtual learning for their children.",0,crowd size=no report,1680633883,1084,42,18042,4218042,B5,G6350,S,54817856,2835263,+40.6541755,-075.2231237,N,POINT (-75.2207 40.6884)
USA35421,02 October 2021,2021,1,Demonstrations,Protests,Peaceful protest,Protesters (United States),Women (United States); Government of the United States (2021-); DEM: Democratic Party,6,,,0,60,,840,North America,United States,Pennsylvania,Berks,,Reading,40.3356,-75.9268,1,Reading Eagle,Subnational,"On 2 October 2021, about 200 people gathered in Reading (Pennsylvania) to demonstrate in favor of legal abortion and against Texas's anti-abortion 'heartbeat bill.' This demonstration was part of the annual Women's March. Participating groups included Pennsylvania's Lieutenant Governor John Fetterman (D), Pennsylvania State Representatives Manny Guzman (D) and Brian Sims (D), Pennsylvania State Senators Katie Muth (D) and Judy Schwank (D), and the Berks County Democratic Committee.",0,crowd size=about 200,1680633597,30,42,19601,4219601,B5,G6350,S,9611864,530441,+40.3552941,-075.9400140,N,POINT (-75.9268 40.3356)
USA34736,17 September 2021,2021,1,Demonstrations,Protests,Peaceful protest,Protesters (United States),NAACP: National Association for the Advancement of Colored People; African American Group (United States); LWV: League of Women Voters; Women (United States); SEIU: Service Employees International Union; Labor Group (United States); Government of the United States (2021-); DEM: Democratic Party,6,,,0,60,,840,North America,United States,Pennsylvania,Berks,,Reading,40.3356,-75.9268,1,Reading Eagle,Subnational,"On 17 September 2021, a group of people, including members of Public Citizen, the NAACP, the League of Women Voters, Service Employees International Union, and Berks Stands up gathered in Reading (Pennsylvania) to demand that US Senators Pat Toomey and Bob Casey support the Freedom to Vote Act. The office of Pennsylvania State Senator Judy Schwank (D) also helped to organize the event, but it was not clear if she participated in the demonstration.",0,crowd size=no report,1632861454,30,42,19601,4219601,B5,G6350,S,9611864,530441,+40.3552941,-075.9400140,N,POINT (-75.9268 40.3356)
USA25964,11 March 2021,2021,1,Demonstrations,Protests,Peaceful protest,Protesters (United States),CASA; Latin American Group (United States); SM: Sunrise Movement; Make the Road Action,6,,,0,60,,840,North America,United States,Pennsylvania,Berks,,Reading,40.3356,-75.9268,1,Mercury (Pottstown),Subnational,"On 11 March 2021, about 20 people with the Shut Down Berks Coalition, Make the Road Pennsylvania, Sunrise Pennsylvania, Berks Stands Up, Aldea, and CASA protested at the County Services Building in Reading (Pennsylvania) to call for Berks County to end its contract with ICE and against using the facility as a detention center.",0,crowd size=about 20,1710871582,30,42,19601,4219601,B5,G6350,S,9611864,530441,+40.3552941,-075.9400140,N,POINT (-75.9268 40.3356)
USA35658,02 October 2021,2021,1,Demonstrations,Protests,Peaceful protest,Protesters (United States),LWV: League of Women Voters; Women (United States); Students (United States); Indivisible Movement; Government of the United States (2021-); DEM: Democratic Party,6,,,0,60,,840,North America,United States,Pennsylvania,Delaware,,Media,39.9168,-75.3877,1,Delaware County Daily Times; WWP,Other-Subnational,"On 2 October 2021, hundreds of people demonstrated in Media (Pennsylvania) in support of women's reproductive rights, access to abortion, and against 'heartbeat bills' in Texas and elsewhere that effectively ban abortions. The march was part of the women's rights marches held across the country and was locally organized by Bryn Mawr College Feminist Coalition, Haverford Community Action Network, Bowling Green Patriots, Delco PA Indivisible, Indivisible Main Line South, Indivisible Upper Darby, League of Women Voters of Central Delaware County, and PA NOW and State Rep. Chris Rabb (D) attended.",0,crowd size=hundreds,1680633597,773,42,19063,4219063,B5,G6350,S,59767519,712926,+39.9204601,-075.4161820,N,POINT (-75.3877 39.9168)
USA25693,27 February 2021,2021,1,Demonstrations,Protests,Peaceful protest,Protesters (United States),Government of the United States (2021-); Teachers (United States),6,,,0,60,,840,North America,United States,Pennsylvania,Delaware,,Media,39.9168,-75.3877,1,Delaware County Daily Times; Crowd Counting Consortium,Other-Subnational,"On 27 February 2021, 50 people including parents, teachers, members of Delco Resists, and multiple state senators protested at the county courthouse in Media (Pennsylvania) to call for an equitable distribution of education funds for Chester Upland schools and for the adherence to the Fair Funding Formula instead of a private takeover of district schools.",0,crowd size=50,1615330707,773,42,19063,4219063,B5,G6350,S,59767519,712926,+39.9204601,-075.4161820,N,POINT (-75.3877 39.9168)
USA35659,02 October 2021,2021,1,Demonstrations,Protests,Peaceful protest,Protesters (United States),Women (United States); Indivisible Movement,6,,,0,60,,840,North America,United States,Pennsylvania,Warren,,Warren,41.844,-79.145,1,Times Observer,Subnational,"On 2 October 2021, around 50 people demonstrated in Warren (Pennsylvania) in support of women's reproductive rights, access to abortion, and against 'heartbeat bills' in Texas and elsewhere that effectively ban abortions. The march was part of the women's rights marches held across the country and was organized by the local Indivisible Movement chapter.",0,crowd size=around 50,1680633597,1343,42,16365,4216365,B5,G6350,S,377505325,5860035,+41.8402235,-079.1573848,N,POINT (-79.145 41.844)
USA29336,06 May 2021,2021,1,Demonstrations,Protests,Peaceful protest,Protesters (United States),LWV: League of Women Voters; Women (United States),6,,,0,60,,840,North America,United States,Pennsylvania,Warren,,Warren,41.844,-79.145,1,WICU,Subnational,"On 6 May 2021, people with the League of Women Voters protested at the Warren County Courthouse in Warren (Pennsylvania) against gerrymandering and to call for a fair and transparent redistricting process.",0,crowd size=no report,1620770181,1343,42,16365,4216365,B5,G6350,S,377505325,5860035,+41.8402235,-079.1573848,N,POINT (-79.145 41.844)
USA35402,01 October 2021,2021,1,Demonstrations,Protests,Peaceful protest,Protesters (United States),SEIU: Service Employees International Union; Labor Group (United States); Government of the United States (2021-); DEM: Democratic Party; GOP: Republican Party,6,,,0,60,,840,North America,United States,Pennsylvania,Delaware,,Chester,39.8493,-75.3562,1,32BJ SEIU; Twitter,Other-New media,"On 1 October 2021, a group of people, including Chester Water Authority Workers unionized with SEIU and Pennsylvania State Representatives Leanna Kreuger (D), John Lawrence (R), and Craig Williams (R) gathered outside the Chester Water Authority in Chester (Pennsylvania) to demonstrate against privatization of municipal water systems.",0,crowd size=no report,1638920206,90,42,19013,4219013,B5,G6350,S,14821318,21716,+39.8481631,-075.3780975,N,POINT (-75.3562 39.8493)
USA32050,26 June 2021,2021,1,Demonstrations,Protests,Peaceful protest,Protesters (United States),,6,,,0,60,,840,North America,United States,Pennsylvania,Delaware,,Chester,39.8493,-75.3562,1,Delaware County Daily Times,Subnational,"On 26 June 2021, a group of people, including members of the Clean Air Council, walked from Essington (Pennsylvania) to Chester (Pennsylvania) as part of the 'Walk for Our Grandchildren,' demonstrating for President Biden to take a stronger stance on climate change.",0,crowd size=no report,1625605054,90,42,19013,4219013,B5,G6350,S,14821318,21716,+39.8481631,-075.3780975,N,POINT (-75.3562 39.8493)
USA29025,24 April 2021,2021,1,Demonstrations,Protests,Peaceful protest,Protesters (United States),,6,,,0,60,,840,North America,United States,Pennsylvania,Delaware,,Chester,39.8493,-75.3562,1,Delaware County Daily Times; Crowd Counting Consortium,Other-Subnational,"On 24 April 2021, about 150 people with Chester Residents Concerned for Quality Living demonstrated in Chester (Pennsylvania) for an Environmental Justice Day. The demonstrators called for an end to pollution and environmental racism.",0,crowd size=no report,1620164854,90,42,19013,4219013,B5,G6350,S,14821318,21716,+39.8481631,-075.3780975,N,POINT (-75.3562 39.8493)
USA21896,18 January 2021,2021,1,Demonstrations,Protests,Peaceful protest,Protesters (United States),,6,,,0,60,,840,North America,United States,Pennsylvania,Delaware,,Chester,39.8493,-75.3562,1,Delaware County Daily Times,Subnational,"On 18 January 2021, more than 100 people demonstrated holding a chain of plastic bags at a church in Chester (Pennsylvania) to bring awareness to Martin Luther King Jr.'s views on material consumption and environmental pollution.",0,crowd size=more than 100,1612546515,90,42,19013,4219013,B5,G6350,S,14821318,21716,+39.8481631,-075.3780975,N,POINT (-75.3562 39.8493)
USA35156,30 September 2021,2021,1,Demonstrations,Protests,Peaceful protest,Protesters (United States),Bloodstained Men,6,,,0,60,,840,North America,United States,Pennsylvania,Lehigh,,Hanover Township,40.6373,-75.4358,1,WUSA9; Morning Call,Subnational-National,"On 30 September 2021, a group of people, including members of the Bloodstained Men, gathered at an intersection in Hanover Township (Pennsylvania) to demonstrate against infant circumcision, which they described as a 'horror.'",0,crowd size=no report,1633466344,148,42,18109,4218109,B5,G6350,S,21229065,640099,+40.6369380,-075.4398931,N,POINT (-75.4358 40.6373)
USA35158,30 September 2021,2021,1,Demonstrations,Protests,Peaceful protest,Protesters (United States),,6,,,0,60,,840,North America,United States,Pennsylvania,Westmoreland,,Greensburg,40.3015,-79.5389,1,TribLive,Subnational,"On 30 September 2021, about 20 people, including members of Voice of Westmoreland, gathered outside the Westmoreland County Courthouse in Greensburg (Pennsylvania) to demand public input for how American Rescue Plan funds would be spent.",0,crowd size=about 20,1633466344,1576,42,15601,4215601,B5,G6350,S,223247865,409333,+40.3150275,-079.5357413,N,POINT (-79.5389 40.3015)
USA34356,08 September 2021,2021,1,Demonstrations,Protests,Peaceful protest,Protesters (United States),Labor Group (United States),6,,,0,60,,840,North America,United States,Pennsylvania,Westmoreland,,Greensburg,40.3015,-79.5389,1,TribLive,Subnational,"On 8 September 2021, about a dozen people, including a member of Voices of Westmoreland and members of United Home Care Workers of Pennsylvania, gathered outside the offices of US Representative Guy Reschenthaler in Greensburg (Pennsylvania) to demand he support President Biden's 'Build Back Better' proposal.",0,crowd size=about a dozen,1631649215,1576,42,15601,4215601,B5,G6350,S,223247865,409333,+40.3150275,-079.5357413,N,POINT (-79.5389 40.3015)
USA34374,07 September 2021,2021,1,Demonstrations,Protests,Peaceful protest,Protesters (United States),Students (United States),6,,,0,60,,840,North America,United States,Pennsylvania,Westmoreland,,Greensburg,40.3015,-79.5389,1,TribLive,Subnational,"On 7 September 2021, about 50 students and parents gathered outside Hempfield Area High School in Greensburg (Pennsylvania) to demonstrate against a mask mandate in schools, which is intended to prevent the spread of the coronavirus pandemic. Some demonstrators also held pro-Trump signs and flags.",0,crowd size=at least 25,1680633591,1576,42,15601,4215601,B5,G6350,S,223247865,409333,+40.3150275,-079.5357413,N,POINT (-79.5389 40.3015)
USA32121,03 July 2021,2021,1,Demonstrations,Protests,Peaceful protest,Protesters (United States),,6,,,0,60,,840,North America,United States,Pennsylvania,Westmoreland,,Greensburg,40.3015,-79.5389,1,TribLive,Subnational,"On 3 July 2021, a group of people gathered outside the Westmoreland County Courthouse in Greensburg (Pennsylvania) to demonstrate in favor of voting rights.",0,crowd size=no report,1626211298,1576,42,15601,4215601,B5,G6350,S,223247865,409333,+40.3150275,-079.5357413,N,POINT (-79.5389 40.3015)
USA28944,26 April 2021,2021,1,Demonstrations,Protests,Peaceful protest,Protesters (United States),Labor Group (United States); African American Group (United States),6,,,0,60,,840,North America,United States,Pennsylvania,Westmoreland,,Greensburg,40.3015,-79.5389,1,Channel 11 (Pittsburgh),Subnational,"On 26 April 2021, about a dozen former employees and supporters protested outside the Live! Casino in Greensburg (Pennsylvania) to demand fair wages, citing claims that the restaurant was discriminating against the Black employees by paying them less.",0,crowd size=about a dozen,1620164854,1576,42,15601,4215601,B5,G6350,S,223247865,409333,+40.3150275,-079.5357413,N,POINT (-79.5389 40.3015)
USA34784,21 September 2021,2021,1,Demonstrations,Protests,Peaceful protest,Protesters (United States),,6,,,0,60,,840,North America,United States,Pennsylvania,Clarion,,Rimersburg,41.0415,-79.5031,1,Butler Eagle,Subnational,"On 21 September 2021, about 20 people gathered next to Union High School in Rimersburg (Pennsylvania) to demonstrate against a mask mandate in the school's district, which is intended to prevent the spread of the coronavirus pandemic.",0,crowd size=about 20,1680633593,1211,42,16248,4216248,B5,G6350,S,134934581,2723611,+41.0340023,-079.5029774,N,POINT (-79.5031 41.0415)
USA34783,20 September 2021,2021,1,Demonstrations,Protests,Peaceful protest,Protesters (United States),,6,,,0,60,,840,North America,United States,Pennsylvania,Clarion,,Rimersburg,41.0415,-79.5031,1,Butler Eagle,Subnational,"On 20 September 2021, about 20 people gathered next to Union High School in Rimersburg (Pennsylvania) to demonstrate against a mask mandate in the school's district, which is intended to prevent the spread of the coronavirus pandemic.",0,crowd size=about 20,1680633593,1211,42,16248,4216248,B5,G6350,S,134934581,2723611,+41.0340023,-079.5029774,N,POINT (-79.5031 41.0415)
USA34827,20 September 2021,2021,1,Demonstrations,Protests,Peaceful protest,Protesters (United States),African American Group (United States),6,,,0,60,,840,North America,United States,Pennsylvania,Washington,,Washington,40.174,-80.2462,1,Channel 11 (Pittsburgh); KDKA2,Subnational,"On 20 September 2021, a group of people including the victim's family gathered outside the Washington County Courthouse in Washington (Pennsylvania) to demonstrate against the killing of Black man Leonard Williams Jr., who was shot and killed by his landlord during an altercation after being served an eviction notice. Demonstrators also demonstrated against the district attorney's ruling that the landlord's actions were justified.",0,crowd size=no report,1632861453,1571,42,15301,4215301,B5,G6350,S,315753777,714279,+40.1534941,-080.2534636,N,POINT (-80.2462 40.174)
USA34575,14 September 2021,2021,1,Demonstrations,Protests,Peaceful protest,Protesters (United States),Health Workers (United States); Labor Group (United States),6,,,0,60,,840,North America,United States,Pennsylvania,Montour,,Danville,40.9634,-76.6127,1,NorthcentralPA; WNEP-TV16,Subnational,"On 14 September 2021, more than 100 people gathered outside Geisinger Medical Center in Danville (Pennsylvania) to demonstrate against the medical center's vaccine mandate, which is intended to prevent the spread of the coronavirus pandemic and is consistent with President Biden's vaccine mandate. Among the demonstrators were Geisinger employees, including health workers.",0,crowd size=more than 100,1680633591,1219,42,17821,4217821,B5,G6350,S,345884664,7545301,+40.9891833,-076.6438639,N,POINT (-76.6127 40.9634)
USA34552,13 September 2021,2021,1,Demonstrations,Protests,Peaceful protest,Protesters (United States),,6,,,0,60,,840,North America,United States,Pennsylvania,Elk,,Saint Marys,41.4274,-78.5609,1,Courier Express,Subnational,"On 13 September 2021, a group of people gathered in front of the St Marys Area High School in Saint Marys (Pennsylvania) to demonstrate against mask mandates in the local school district, which are intended to prevent the spread of the coronavirus pandemic.",0,crowd size=no report,1680633660,95,42,15857,4215857,B5,G6350,S,259401633,526032,+41.4552835,-078.5198750,N,POINT (-78.5609 41.4274)
USA34368,10 September 2021,2021,1,Demonstrations,Protests,Peaceful protest,Protesters (United States),Students (United States),6,,,0,60,,840,North America,United States,Pennsylvania,Allegheny,,McKees Rocks,40.4656,-80.0656,1,KDKA2,Subnational,"On 10 September 2021, a group of people, including dozens of students and parents, gathered outside the Montour Schools complex in McKees Rocks (Pennsylvania) to demonstrate against a mask mandate in schools, which is intended to prevent the spread of the coronavirus pandemic.",0,crowd size=dozens,1680633591,1601,42,15136,4215136,B5,G6350,S,28834294,978373,+40.4651883,-080.1039053,N,POINT (-80.0656 40.4656)
USA34372,10 September 2021,2021,1,Demonstrations,Protests,Peaceful protest,Protesters (United States),Students (United States),6,,,0,60,,840,North America,United States,Pennsylvania,Allegheny,,Bridgeville,40.3562,-80.1101,1,KDKA2,Subnational,"On 10 September 2021, students walked out of class at Chartiers Valley High School in Bridgeville (Pennsylvania) and demonstrated against a mask mandate in schools, which is intended to prevent the spread of the coronavirus pandemic.",0,crowd size=dozens,1680633591,6,42,15017,4215017,B5,G6350,S,33756097,125432,+40.3396144,-080.1282165,N,POINT (-80.1101 40.3562)
USA25657,26 February 2021,2021,1,Demonstrations,Protests,Peaceful protest,Protesters (United States),Government of the United States (2021-); Labor Group (United States),6,,,0,60,,840,North America,United States,Pennsylvania,Allegheny,,Bridgeville,40.3562,-80.1101,1,Channel 11 (Pittsburgh),Subnational,"On 26 February 2021, local and state leaders joined by community members and business owners rallied in Bridgeville (Pennsylvania) against PennDOT's proposal to institute a toll on a local bridge, citing concerns that a toll would further deter people from visiting businesses that are already struggling during the pandemic and calling for the government to focus rather on helping the community's economy grow amid the coronavirus pandemic.",0,crowd size=no report,1615330707,6,42,15017,4215017,B5,G6350,S,33756097,125432,+40.3396144,-080.1282165,N,POINT (-80.1101 40.3562)
USA24400,29 January 2021,2021,1,Demonstrations,Protests,Peaceful protest,Protesters (United States),Catholic Christian Group (United States),6,,,0,60,,840,North America,United States,Pennsylvania,Allegheny,,Bridgeville,40.3562,-80.1101,1,KDKA2; Crowd Counting Consortium,Other-Subnational,"On 29 January 2021, a group of Catholics marched in Bridgeville (Pennsylvania) against abortion access as part of a national March for Life event.",0,crowd size=no report,1680633593,6,42,15017,4215017,B5,G6350,S,33756097,125432,+40.3396144,-080.1282165,N,POINT (-80.1101 40.3562)
USA34433,08 September 2021,2021,1,Demonstrations,Protests,Peaceful protest,Protesters (United States),,6,,,0,60,,840,North America,United States,Pennsylvania,Westmoreland,,Murrysville,40.4284,-79.6975,1,TribLive,Subnational,"On 8 September 2021, about 45 people gathered outside Franklin Regional High and Middle schools in Murrysville (Pennsylvania) to demonstrate against a mask mandate in the school district, which is intended to prevent the spread of the coronavirus pandemic.",0,crowd size=about 45,1680633591,15,42,15668,4215668,B5,G6350,S,61036704,17005,+40.4605640,-079.6700090,N,POINT (-79.6975 40.4284)
USA34421,07 September 2021,2021,1,Demonstrations,Protests,Peaceful protest,Protesters (United States),,6,,,0,60,,840,North America,United States,Pennsylvania,Cumberland,,Mechanicsburg,40.2143,-77.0086,1,WCHS TV-8,National,"On 7 September 2021, a group of people gathered inside a Horace Mann Middle School classroom in Mechanicsburg (Pennsylvania) to demonstrate against the Kanawha County Board of Education and to demand they release videos that allegedly show the abuse of special needs students at the school.",0,crowd size=no report,1631649215,761,42,17055,4217055,B5,G6350,S,107911256,698545,+40.1829167,-077.0045992,N,POINT (-77.0086 40.2143)
USA34211,24 August 2021,2021,1,Demonstrations,Protests,Peaceful protest,Protesters (United States),,6,Protesters (United States),,6,66,,840,North America,United States,Pennsylvania,Cumberland,,Mechanicsburg,40.2143,-77.0086,1,Sentinel,Subnational,"On 24 August 2021, a group of people gathered outside a meeting of the Mechanicsburg Area School District in Mechanicsburg (Pennsylvania) to demonstrate against mask mandates in schools, which is intended to prevent the spread of the coronavirus pandemic. Demonstrators were counter-demonstrated by a group of people demonstrating in favor of the mask mandate.",0,counter-demonstration; crowd size=no report,1680633589,761,42,17055,4217055,B5,G6350,S,107911256,698545,+40.1829167,-077.0045992,N,POINT (-77.0086 40.2143)
USA34425,07 September 2021,2021,1,Demonstrations,Protests,Peaceful protest,Protesters (United States),,6,,,0,60,,840,North America,United States,Pennsylvania,Mercer,,West Middlesex,41.1742,-80.4534,1,Herald (Sharon),Subnational,"On 7 September 2021, about a dozen people gathered outside West Middlesex schools in West Middlesex (Pennsylvania) to demonstrate against a mask mandate in schools, which is intended to prevent the spread of the coronavirus pandemic.",0,crowd size=about a dozen,1680633591,1722,42,16159,4216159,B5,G6350,S,70592696,109492,+41.1534130,-080.4752630,N,POINT (-80.4534 41.1742)
USA34423,07 September 2021,2021,1,Demonstrations,Protests,Peaceful protest,Protesters (United States),,6,,,0,60,,840,North America,United States,Pennsylvania,Northampton,,Nazareth,40.7403,-75.3096,1,Lehigh Valley Live,Subnational,"On 7 September 2021, about 30 people gathered in front of the Nazareth Area High School in Nazareth (Pennsylvania) to demonstrate against statewide mask mandates in schools, which are intended to prevent the spread of the coronavirus pandemic.",0,crowd size=about 30,1680633591,396,42,18064,4218064,B5,G6350,S,99491064,942521,+40.7570090,-075.3159594,N,POINT (-75.3096 40.7403)
USA34373,07 September 2021,2021,1,Demonstrations,Protests,Peaceful protest,Protesters (United States),Students (United States),6,,,0,60,,840,North America,United States,Pennsylvania,Westmoreland,,Borough of Derry,40.334,-79.2998,1,TribLive,Subnational,"On 7 September 2021, about 30 students and parents gathered outside the Derry Area High School in Borough of Derry (Pennsylvania) to demonstrate against a mask mandate in schools, which is intended to prevent the spread of the coronavirus pandemic.",0,crowd size=about 30,1680633591,445,42,15627,4215627,B5,G6350,S,73550737,189283,+40.3510063,-079.3000480,N,POINT (-79.2998 40.334)
USA34376,07 September 2021,2021,1,Demonstrations,Protests,Peaceful protest,Protesters (United States),Students (United States),6,,,0,60,,840,North America,United States,Pennsylvania,Westmoreland,,Vandergrift,40.6028,-79.5648,1,TribLive,Subnational,"On 7 September 2021, more than 30 students and parents gathered in the Kiski Area School District in Vandergrift (Pennsylvania) to demonstrate against a mask mandate in schools, which is intended to prevent the spread of the coronavirus pandemic.",0,crowd size=more than 30,1680633591,940,42,15690,4215690,B5,G6350,S,63204969,723212,+40.6413503,-079.5494224,N,POINT (-79.5648 40.6028)
USA30724,30 March 2021,2021,1,Demonstrations,Protests,Peaceful protest,Protesters (United States),USW: United Steelworkers; Labor Group (United States),6,,,0,60,,840,North America,United States,Pennsylvania,Westmoreland,,Vandergrift,40.6028,-79.5648,1,USW,Other,"On 30 March 2021, a group of steelworkers, organized by United Steelworkers, gathered at the Allegheny Technologies mill in Vandergrift (Pennsylvania) to protest unfair labor practices and demand a fair contract.",0,crowd size=no report,1623185146,940,42,15690,4215690,B5,G6350,S,63204969,723212,+40.6413503,-079.5494224,N,POINT (-79.5648 40.6028)
USA34375,07 September 2021,2021,1,Demonstrations,Protests,Peaceful protest,Protesters (United States),Students (United States),6,,,0,60,,840,North America,United States,Pennsylvania,Westmoreland,,Latrobe,40.3212,-79.3795,1,TribLive,Subnational,"On 7 September 2021, at least 25 students walked out of class in the Derry Area School District in Latrobe (Pennsylvania) and demonstrated against a mask mandate in schools, which is intended to prevent the spread of the coronavirus pandemic.",0,crowd size=at least 25,1680633591,1359,42,15650,4215650,B5,G6350,S,193336516,251950,+40.2771766,-079.3929072,N,POINT (-79.3795 40.3212)
USA34418,06 September 2021,2021,1,Demonstrations,Protests,Peaceful protest,Protesters (United States),,6,,,0,60,,840,North America,United States,Pennsylvania,Lancaster,,Elizabethtown,40.1534,-76.6043,1,Fox43,Subnational,"On 6 September 2021, a group of people gathered in Borough Park in Elizabethtown (Pennsylvania) to demonstrate against mask mandates in the Elizabethtown Area School District, which are intended to prevent the spread of the coronavirus pandemic.",0,crowd size=no report,1680633590,1007,42,17022,4217022,B5,G6350,S,142485582,579361,+40.1670518,-076.6089197,N,POINT (-76.6043 40.1534)
USA38179,26 February 2021,2021,1,Strategic developments,Strategic developments,Looting/property destruction,Sole Perpetrator (United States),,3,Civilians (United States),Latin American Group (United States),7,37,,840,North America,United States,Pennsylvania,Lancaster,,Mount Joy Township,40.1627,-76.5604,1,Fox43,Subnational,"Property destruction: On 26 February 2021, an individual threw two Molotov cocktails at a home in Mount Joy Township (Pennsylvania). He was later arrested after being caught on surveillance from neighbors and claimed that he did this in order to retaliate against Mexican immigrants in the neighborhood that had left empty bottles in front of his house. On 5 January 2022, he was sentenced to prison after pleading guilty to charges of ethnic intimidation, arson, and scattering garbage resulting from this incident.",0,,1686083733,1007,42,17022,4217022,B5,G6350,S,142485582,579361,+40.1670518,-076.6089197,N,POINT (-76.5604 40.1627)
USA33124,02 September 2021,2021,1,Demonstrations,Protests,Peaceful protest,Protesters (United States),,6,,,0,60,,840,North America,United States,Pennsylvania,Erie,,North East,42.216,-79.8344,1,JET24,Subnational,"On 2 September 2021, a small group of people gathered outside North East Elementary School in North East (Pennsylvania) to demonstrate against a mask mandate in the school district, which is intended to prevent the spread of the coronavirus pandemic.",0,crowd size=small group,1680633588,97,42,16428,4216428,B5,G6350,S,190106239,9791807,+42.1714636,-079.8314879,N,POINT (-79.8344 42.216)
USA33123,31 August 2021,2021,1,Demonstrations,Protests,Peaceful protest,Protesters (United States),,6,,,0,60,,840,North America,United States,Pennsylvania,Chester,,West Chester,39.961,-75.608,1,Reading Eagle,Subnational,"On 31 August 2021, 30 people gathered at the Historic Courthouse in West Chester (Pennsylvania) to demand that the construction of the Sunoco/Energy Transfer Mariner East pipeline be halted, with many demonstrators expressing concerns about sinkholes.",0,crowd size=30,1631060775,296,42,19380,4219380,B5,G6350,S,81710611,925462,+39.9895025,-075.6043826,N,POINT (-75.608 39.961)
USA50826,03 June 2021,2021,1,Demonstrations,Protests,Peaceful protest,Protesters (United States),CASA; Latin American Group (United States),6,,,0,60,,840,North America,United States,Pennsylvania,Chester,,West Chester,39.961,-75.608,1,Twitter,New media,"On 3 June 2021, an unreported number of people rallied outside the office of Rep. Chrissy Houlahan in West Chester (Pennsylvania) to call on the Congresswoman to support the THRIVE Act. Some demonstrators also held signs urging for the protection of Temporary Protected Status for immigrants. CASA organized the demonstration.",0,crowd size=no report,1680633868,296,42,19380,4219380,B5,G6350,S,81710611,925462,+39.9895025,-075.6043826,N,POINT (-75.608 39.961)
USA50916,02 March 2021,2021,1,Demonstrations,Protests,Peaceful protest,Protesters (United States),CASA; Latin American Group (United States); Labor Group (United States); Fight for 15,6,,,0,60,,840,North America,United States,Pennsylvania,Chester,,West Chester,39.961,-75.608,1,Twitter,New media,"On 2 March 2021, an unreported number of people demonstrated outside of Rep. Chrissy Houlahan's office in West Chester (Pennsylvania) to call for a $15-an-hour minimum wage in the state. Members of CASA and United Home Care Workers of Pennsylvania participated in the rally.",0,crowd size=no report,1673382860,296,42,19380,4219380,B5,G6350,S,81710611,925462,+39.9895025,-075.6043826,N,POINT (-75.608 39.961)
USA33116,28 August 2021,2021,1,Demonstrations,Protests,Peaceful protest,Protesters (United States),,6,,,0,60,,840,North America,United States,Pennsylvania,Luzerne,,Wilkes-Barre,41.2459,-75.8813,1,Citizens' Voice; Scranton Times-Tribune,Subnational,"On 28 August 2021, a group of 20 people organized by Action Together NEPA gathered in Public Square in Wilkes-Barre (Pennsylvania) to demonstrate in favor of voting rights protections. The demonstration was also intended to commemorate the 58th anniversary of Martin Luther King Jr.'s March on Washington.",0,crowd size=20,1707254100,1063,42,18701,4218701,B5,G6350,S,1384069,0,+41.2436479,-075.8850286,N,POINT (-75.8813 41.2459)
USA27920,15 April 2021,2021,1,Demonstrations,Protests,Peaceful protest,Protesters (United States),Fight for 15; Labor Group (United States); SEIU: Service Employees International Union,6,,,0,60,,840,North America,United States,Pennsylvania,Luzerne,,Wilkes-Barre,41.2459,-75.8813,1,Crowd Counting Consortium; Scranton Times-Tribune,Other-Subnational,"On 15 April 2021, about 10 people with Action Together NEPA, Pennsylvania Joint Board of Workers United, and the SEIU among other unions protested outside Senator Toomey's office in Wilkes-Barre (Pennsylvania) to call on Congress to raise the minimum wage to $15 per hour.",0,crowd size=about 10,1707254100,1063,42,18701,4218701,B5,G6350,S,1384069,0,+41.2436479,-075.8850286,N,POINT (-75.8813 41.2459)
USA34268,26 August 2021,2021,1,Demonstrations,Protests,Peaceful protest,Protesters (United States),Students (United States),6,,,0,60,,840,North America,United States,Pennsylvania,Allegheny,,Wexford,40.6265,-80.0559,1,Pittsburgh Post-Gazette,Subnational,"On 26 August 2021, approximately 20 students walked out of North Allegheny Senior High School in Wexford (Pennsylvania), then gathered in the parking lot to demonstrate against a mask mandate in their school, which is intended to prevent the spread of the coronavirus pandemic.",0,crowd size=approximately 20,1680633589,240,42,15090,4215090,B5,G6350,S,54700120,33868,+40.6258874,-080.0675351,N,POINT (-80.0559 40.6265)
USA34210,24 August 2021,2021,1,Demonstrations,Protests,Peaceful protest,Protesters (United States),,6,,,0,60,,840,North America,United States,Pennsylvania,Allegheny,,Wexford,40.6265,-80.0559,1,Pittsburgh Post-Gazette; KDKA2; Channel 11 (Pittsburgh); WTAE4,Subnational,"On 24 August 2021, dozens of people gathered in North Park in Wexford (Pennsylvania) to demonstrate against a mask mandate in the North Allegheny School District, which is intended to prevent the spread of the coronavirus pandemic.",0,crowd size=dozens,1680633588,240,42,15090,4215090,B5,G6350,S,54700120,33868,+40.6258874,-080.0675351,N,POINT (-80.0559 40.6265)
USA32107,02 July 2021,2021,1,Demonstrations,Protests,Peaceful protest,Protesters (United States),,6,,,0,60,,840,North America,United States,Pennsylvania,Allegheny,,Wexford,40.6265,-80.0559,1,WTAE4; KDKA2,Subnational,"On 2 July 2021, a group of people, including members of Progress PA, gathered in Wexford (Pennsylvania) to demonstrate in favor of voting rights. Demonstrators called for the US Senate to reconsider a bill to end the Senate filibuster.",0,crowd size=no report,1626211298,240,42,15090,4215090,B5,G6350,S,54700120,33868,+40.6258874,-080.0675351,N,POINT (-80.0559 40.6265)
USA34269,26 August 2021,2021,1,Demonstrations,Protests,Peaceful protest,Protesters (United States),,6,,,0,60,,840,North America,United States,Pennsylvania,Erie,,Waterford,41.9428,-79.9845,1,WICU,Subnational,"On 26 August 2021, dozens of people gathered outside Fort LeBeouf School District offices in Waterford (Pennsylvania) to demonstrate against a mask mandate in the district, which is intended to prevent the spread of the coronavirus pandemic.",0,crowd size=dozens,1680633589,311,42,16441,4216441,B5,G6350,S,291772575,2267120,+41.9584901,-079.9835507,N,POINT (-79.9845 41.9428)
USA32122,03 March 2021,2021,1,Demonstrations,Protests,Peaceful protest,Protesters (United States),,6,,,0,60,,840,North America,United States,Pennsylvania,Erie,,Waterford,41.9428,-79.9845,1,Washington Post,National,"On 3 March 2021, a group of people gathered in Waterford (Pennsylvania) to demonstrate against a visit of First Lady Jill Biden and Education Secretary Miguel Cardona to Fort LeBeouf Middle School. Demonstrators held pro-Trump and anti-Biden flags.",0,crowd size=no report,1680633581,311,42,16441,4216441,B5,G6350,S,291772575,2267120,+41.9584901,-079.9835507,N,POINT (-79.9845 41.9428)
USA34065,22 August 2021,2021,1,Strategic developments,Strategic developments,Other,American Contingency,,3,,,0,30,,840,North America,United States,Pennsylvania,Wayne,,Newfoundland,41.3078,-75.3209,1,MilitiaWatch,Local partner-New media,"Training: On 22 August 2021, the American Contingency group held a pistol training in Newfoundland (Pennsylvania).",0,,1631063373,1544,42,18445,4218445,B5,G6350,S,94377434,1503313,+41.2979163,-075.3593576,N,POINT (-75.3209 41.3078)
USA34061,21 August 2021,2021,1,Strategic developments,Strategic developments,Other,American Contingency,,3,,,0,30,,840,North America,United States,Pennsylvania,Wayne,,Newfoundland,41.3078,-75.3209,1,MilitiaWatch,Local partner-New media,"Training: On 21 August 2021, the American Contingency group held a pistol training in Newfoundland (Pennsylvania).",0,,1631063373,1544,42,18445,4218445,B5,G6350,S,94377434,1503313,+41.2979163,-075.3593576,N,POINT (-75.3209 41.3078)
USA31971,27 June 2021,2021,1,Strategic developments,Strategic developments,Other,American Contingency,,3,,,0,30,,840,North America,United States,Pennsylvania,Wayne,,Newfoundland,41.3078,-75.3209,1,MilitiaWatch,Local partner-New media,"Training: On 27 June 2021, the American Contingency group held a carbine training in Newfoundland (Pennsylvania).",0,,1625605054,1544,42,18445,4218445,B5,G6350,S,94377434,1503313,+41.2979163,-075.3593576,N,POINT (-75.3209 41.3078)
USA28798,25 April 2021,2021,1,Strategic developments,Strategic developments,Other,American Contingency,,3,,,0,30,,840,North America,United States,Pennsylvania,Wayne,,Newfoundland,41.3078,-75.3209,1,MilitiaWatch,Local partner-New media,"Training: On 25 April 2021, the American Contingency group held a carbine training in Newfoundland (Pennsylvania).",0,,1620164854,1544,42,18445,4218445,B5,G6350,S,94377434,1503313,+41.2979163,-075.3593576,N,POINT (-75.3209 41.3078)
USA28793,24 April 2021,2021,1,Strategic developments,Strategic developments,Other,American Contingency,,3,,,0,30,,840,North America,United States,Pennsylvania,Wayne,,Newfoundland,41.3078,-75.3209,1,MilitiaWatch,Local partner-New media,"Training: On 24 April 2021, the American Contingency group held a pistol training in Newfoundland (Pennsylvania).",0,,1620164854,1544,42,18445,4218445,B5,G6350,S,94377434,1503313,+41.2979163,-075.3593576,N,POINT (-75.3209 41.3078)
USA27359,28 March 2021,2021,1,Strategic developments,Strategic developments,Other,American Contingency,,3,,,0,30,,840,North America,United States,Pennsylvania,Wayne,,Newfoundland,41.3078,-75.3209,1,MilitiaWatch,Local partner-New media,"Training: On 28 March 2021, the American Contingency Group held a carbine training course in Newfoundland (Pennsylvania).",0,,1617744381,1544,42,18445,4218445,B5,G6350,S,94377434,1503313,+41.2979163,-075.3593576,N,POINT (-75.3209 41.3078)
USA27350,27 March 2021,2021,1,Strategic developments,Strategic developments,Other,American Contingency,,3,,,0,30,,840,North America,United States,Pennsylvania,Wayne,,Newfoundland,41.3078,-75.3209,1,MilitiaWatch,Local partner-New media,"Training: On 27 March 2021, the American Contingency Group held a pistol training course in Newfoundland (Pennsylvania).",0,,1617744381,1544,42,18445,4218445,B5,G6350,S,94377434,1503313,+41.2979163,-075.3593576,N,POINT (-75.3209 41.3078)
USA33839,19 August 2021,2021,1,Demonstrations,Protests,Peaceful protest,Protesters (United States),,6,,,0,60,,840,North America,United States,Pennsylvania,York,,Glen Rock,39.7932,-76.7303,1,Channel 8 (Lancaster),Subnational,"On 19 August 2021, dozens of people gathered outside a meeting of the Southern York County school board in Glen Rock (Pennsylvania) to demonstrate against a mask mandate in schools, which is intended to prevent the spread of the coronavirus pandemic.",0,crowd size=dozens,1680633806,1136,42,17327,4217327,B5,G6350,S,118948572,0,+39.7795070,-076.7532577,N,POINT (-76.7303 39.7932)
USA33883,18 August 2021,2021,1,Demonstrations,Protests,Peaceful protest,Protesters (United States),,6,,,0,60,,840,North America,United States,Pennsylvania,York,,Glen Rock,39.7932,-76.7303,1,Network Contagion Research Institute; Channel 8 (Lancaster),Local partner-National,"On 18 August 2021, anti-mask protesters gathered outside the Southern York County school board in Glen Rock (Pennsylvania) after the school board voted to require universal masking in school district classrooms. The protest was organized by the Southern York County Parent Coalition, who are upset about the school district's coronavirus policy.",0,crowd size=no report,1680633806,1136,42,17327,4217327,B5,G6350,S,118948572,0,+39.7795070,-076.7532577,N,POINT (-76.7303 39.7932)
USA50926,19 August 2021,2021,1,Demonstrations,Protests,Peaceful protest,Protesters (United States),CASA; Latin American Group (United States); Migrants (International); Farmers (United States); Protesters (International),6,,,0,60,,840,North America,United States,Pennsylvania,Bucks,,Langhorne,40.1746,-74.9227,1,Twitter,New media,"On 19 August 2021, an unreported number of people demonstrated outside of Rep. Brian Fitz's office in Langhorne (Pennsylvania) to call on the Congressman to support the $3.5T budget reconciliation bill and in support of the bill's efforts to expand citizenship to immigrants and combat climate change. A migrant farm worker and members of CASA participated in the demonstration which took place as part of nationwide 'Seal the Deal' rallies.",0,crowd size=no report,1680633888,719,42,19047,4219047,B5,G6350,S,45298748,1165253,+40.1799706,-074.9120964,N,POINT (-74.9227 40.1746)
USA33620,10 August 2021,2021,1,Demonstrations,Protests,Peaceful protest,Protesters (United States),Labor Group (United States); WTP: We the People,6,,,0,60,,840,North America,United States,Pennsylvania,Montgomery,,Gilbertsville,40.3201,-75.6102,1,Mercury (Pottstown),Subnational,"On 10 August 2021, eight people gathered outside the office of Pennsylvania State Representative Tracy Pennycuick (R) in Gilbertsville (Pennsylvania) for a We The People demonstration to demand further assistance for small businesses which are suffering as a result of the coronavirus pandemic.",0,crowd size=eight,1647989254,1528,42,19525,4219525,B5,G6350,S,43843656,6778,+40.3056489,-075.5850130,N,POINT (-75.6102 40.3201)
USA33426,30 July 2021,2021,1,Demonstrations,Protests,Peaceful protest,Protesters (United States),CASA; Latin American Group (United States),6,,,0,60,,840,North America,United States,Pennsylvania,York,,Yorklyn,39.9923,-76.6464,1,CBS 21 (Harrisburg); Channel 8 (Lancaster),Subnational,"On 30 July 2021, dozens of people, including members of CASA, gathered outside York County Prison in Yorklyn (Pennsylvania) to demonstrate for immigrants detained by ICE to be released from the prison. The prison recently announced that it would no longer house immigrant detainees after its contract with ICE expires; currently, it plans to transfer these detainees to a different facility.",0,crowd size=dozens,1710871583,1588,42,17402,4217402,B5,G6350,S,49809181,41185,+39.9584853,-076.6586674,N,POINT (-76.6464 39.9923)
USA50494,01 July 2021,2021,1,Demonstrations,Protests,Peaceful protest,Protesters (United States),CASA; Latin American Group (United States); Abolish ICE,6,,,0,60,,840,North America,United States,Pennsylvania,York,,Yorklyn,39.9923,-76.6464,1,Twitter; York Daily Record,New media-Subnational,"On 1 July 2021, an unreported number of people demonstrated outside of York County Prison in Yorklyn (Pennsylvania) in support of the decision of ICE to stop housing immigrant detainees in York County Prison and to call for the abolishment of ICE. Immigrants and members of CASA participated in the vigil.",0,crowd size=no report,1680633868,1588,42,17402,4217402,B5,G6350,S,49809181,41185,+39.9584853,-076.6586674,N,POINT (-76.6464 39.9923)
USA32992,28 July 2021,2021,1,Demonstrations,Protests,Peaceful protest,Protesters (United States),,6,Protesters (United States),,6,66,,840,North America,United States,Pennsylvania,Lehigh,,Macungie,40.5159,-75.5552,1,Lehigh Valley Business; Philadelphia Inquirer; Twitter,New media-Subnational,"On 28 July 2021, well over 100 people, many waving pro-Trump and 'Biden lost' flags, gathered outside a Mack truck plant in Macungie (Pennsylvania) to demonstrate support for former US President Donald Trump and his claim that the 2020 election was stolen by President Joe Biden, in favor of the right to bear arms, and against mask mandates and vaccinations intended to prevent the spread of the coronavirus pandemic. Demonstrators were counter-demonstrated by a smaller number of pro-Biden demonstrators, who also demonstrated against fracking. One of the pro-Trump demonstrators was armed with a handgun. This demonstration took place while President Biden visited the plant.",0,armed; counter-demonstration; crowd size=well over 100; stop the steal,1711490839,1168,42,18062,4218062,B5,G6350,S,55168217,192849,+40.5039348,-075.5851796,N,POINT (-75.5552 40.5159)
USA32119,07 July 2021,2021,1,Demonstrations,Protests,Peaceful protest,Protesters (United States),SEIU: Service Employees International Union; Labor Group (United States),6,,,0,60,,840,North America,United States,Pennsylvania,Bucks,,Bensalem,40.0994,-74.9326,1,Twitter; 32BJ SEIU,Other-New media,"On 7 July 2021, a group of people, including Federal Armed Security Officers unionized under Service Employees International Union 32BJ gathered in Bensalem (Pennsylvania) to demonstrate for fair treatment on the job and to deliver a petition to that effect to the Pa. Triple Canopy Office. The demonstrators were not armed.",0,crowd size=no report,1638920205,269,42,19020,4219020,B5,G6350,S,44639241,2815027,+40.1005913,-074.9389339,N,POINT (-74.9326 40.0994)
USA32114,06 July 2021,2021,1,Demonstrations,Protests,Peaceful protest,Protesters (United States),,6,,,0,60,,840,North America,United States,Pennsylvania,Allegheny,,Churchill,40.4384,-79.8431,1,TribLive; Twitter; WTAE4,New media-Subnational,"On 6 July 2021, a group of over 100 people gathered outside the Churchill Borough building in Churchill (Pennsylvania) to demonstrate against the development of an Amazon facility in the borough due to environmental and traffic concerns.",0,crowd size=over 100,1707254100,467,42,15235,4215235,B5,G6350,S,37977161,0,+40.4598012,-079.8224203,N,POINT (-79.8431 40.4384)
USA32084,02 July 2021,2021,1,Demonstrations,Protests,Peaceful protest,Protesters (United States),Government of the United States (2021-); DEM: Democratic Party,6,,,0,60,,840,North America,United States,Pennsylvania,Allegheny,,Mount Lebanon,40.3548,-80.0513,1,WTAE4,Subnational,"On 2 July 2021, a crowd of people, including Congressman Conor Lamb (D), gathered in Mount Lebanon (Pennsylvania) to demonstrate support for the For the People Act and the John Lewis Voting Rights Act.",0,crowd size=no report,1632861455,695,42,15228,4215228,B5,G6350,S,8133684,0,+40.3706679,-080.0441350,N,POINT (-80.0513 40.3548)
USA40558,02 July 2021,2021,1,Strategic developments,Strategic developments,Other,Sole Perpetrator (United States),,3,Civilians (United States),Students (United States); WLM: White Lives Matter,7,37,,840,North America,United States,Pennsylvania,Lycoming,,Montgomery,41.1703,-76.8822,1,Patriot-News,Subnational,"Other: On 2 July 2021, a man called the Montgomery Area School District administrative offices in Montgomery (Pennsylvania) and threatened to kill students and burn a school down. The threat was made in response to a photo of a small group of students from the school district wearing 'White Lives Matter' t-shirts on the last day of school which appeared in a Vice News article. The man responsible for the threats was arrested in December 2021 in Oregon.",0,,1677620132,1287,42,17752,4217752,B5,G6350,S,91712871,1699470,+41.1801388,-076.9302508,N,POINT (-76.8822 41.1703)
USA32049,30 June 2021,2021,1,Demonstrations,Protests,Peaceful protest,Protesters (United States),,6,,,0,60,,840,North America,United States,Pennsylvania,Montgomery,,Cheltenham Township,40.0609,-75.0941,1,NowThis News; Twitter; Philadelphia Inquirer,New media-Subnational,"On 30 June 2021, a group of people gathered outside the home of Bill Cosby in the Elkins Park area of Cheltenham Township (Pennsylvania) to demonstrate against Cosby's release from prison and to call for an end to the statute of limitations for cases related to rape. Cosby had previously been convicted on charges related to sexual assault, but his case was recently overturned by the Pennsylvania Supreme Court due to procedural issues.",0,crowd size=no report,1638920205,632,42,19012,4219012,B5,G6350,S,4551521,0,+40.0597666,-075.1058799,N,POINT (-75.0941 40.0609)
USA31667,21 June 2021,2021,1,Demonstrations,Protests,Peaceful protest,Protesters (United States),Teachers (United States); Christian Group (United States),6,,,0,60,,840,North America,United States,Pennsylvania,Lancaster,,Strasburg,39.9832,-76.1841,1,Fox43,Subnational,"On 21 June 2021, a group of people, including Christian leaders and teachers, gathered outside Pennsylvania State Senator Scott Martin's (R) office in the Borough of Strasburg (Pennsylvania) to demand that a fair funding formula be applied to funding for all Pennsylvania public schools.",0,crowd size=no report,1625004359,1052,42,17579,4217579,B5,G6350,S,36055738,198593,+39.9604064,-076.1807521,N,POINT (-76.1841 39.9832)
USA31668,21 June 2021,2021,1,Demonstrations,Protests,Peaceful protest,Protesters (United States),Indivisible Movement,6,,,0,60,,840,North America,United States,Pennsylvania,Schuylkill,,Pottsville,40.6857,-76.1955,1,Republican Herald,Subnational,"On 21 June 2021, members of Schuylkill Indivisible and Fair Districts PA gathered in Pottsville (Pennsylvania) to demand that State Senator David G. Argall (R) support a bill reforming redistricting in the state.",0,crowd size=no report,1625004361,880,42,17901,4217901,B5,G6350,S,202084600,904250,+40.6838282,-076.2775415,N,POINT (-76.1955 40.6857)
USA31502,12 June 2021,2021,1,Demonstrations,Protests,Peaceful protest,Protesters (United States),Health Workers (United States),6,,,0,60,,840,North America,United States,Pennsylvania,Schuylkill,,Pottsville,40.6857,-76.1955,1,Fox56 (Hazleton),Subnational,"On 12 June 2021, over a dozen registered nurses gathered outside a Dunkin Donuts in Pottsville (Pennsylvania) to demonstrate for safe staffing, fair pay, and guaranteed security.",0,crowd size=over a dozen,1624394064,880,42,17901,4217901,B5,G6350,S,202084600,904250,+40.6838282,-076.2775415,N,POINT (-76.1955 40.6857)
USA31078,07 June 2021,2021,1,Demonstrations,Protests,Peaceful protest,Protesters (United States),Indivisible Movement,6,,,0,60,,840,North America,United States,Pennsylvania,Schuylkill,,Pottsville,40.6857,-76.1955,1,Yahoo News,National,"On 7 June 2021, members of Schuylkill Indivisible gathered outside State Senator David Argall's office in Pottsville (Pennsylvania) to show support for state legislation which would make the redistricting system independent from the government.",0,crowd size=no report,1623793005,880,42,17901,4217901,B5,G6350,S,202084600,904250,+40.6838282,-076.2775415,N,POINT (-76.1955 40.6857)
USA30777,29 May 2021,2021,1,Demonstrations,Protests,Peaceful protest,Protesters (United States),Women (United States),6,,,0,60,,840,North America,United States,Pennsylvania,Schuylkill,,Pottsville,40.6857,-76.1955,1,Republican Herald,Subnational,"On 29 May 2021, a group of mostly female community members gathered outside of the Schuylkill County Courthouse in Pottsville (Pennsylvania) to protest several public officials that have been accused of being sexual predators.",0,crowd size=no report,1623185146,880,42,17901,4217901,B5,G6350,S,202084600,904250,+40.6838282,-076.2775415,N,POINT (-76.1955 40.6857)
USA30031,20 May 2021,2021,1,Demonstrations,Protests,Peaceful protest,Protesters (United States),,6,,,0,60,,840,North America,United States,Pennsylvania,Schuylkill,,Pottsville,40.6857,-76.1955,1,Republican Herald,Subnational,"On 20 May 2021, people protested outside the Children and Youths Services Center in Pottsville (Pennsylvania) to call for children to be placed with family rather than put in the system.",0,crowd size=no report,1621980621,880,42,17901,4217901,B5,G6350,S,202084600,904250,+40.6838282,-076.2775415,N,POINT (-76.1955 40.6857)
USA27968,10 April 2021,2021,1,Demonstrations,Protests,Peaceful protest,Protesters (United States),Women (United States); DEM: Democratic Party,6,,,0,60,,840,North America,United States,Pennsylvania,Schuylkill,,Pottsville,40.6857,-76.1955,1,Crowd Counting Consortium; Yahoo News,Other-National,"On 10 April 2021, more than 15 people protested at the County Courthouse in Pottsville (Pennsylvania) to call for county commissioner Halcovage Jr. to resign due to his being accused of sexual harassment by four female employees. The Schuylkill County Democratic Women's League organized the protest.",0,crowd size=more than 15,1618952549,880,42,17901,4217901,B5,G6350,S,202084600,904250,+40.6838282,-076.2775415,N,POINT (-76.1955 40.6857)
USA27365,28 March 2021,2021,1,Demonstrations,Protests,Peaceful protest,Protesters (United States),DEM: Democratic Party,6,,,0,60,,840,North America,United States,Pennsylvania,Schuylkill,,Pottsville,40.6857,-76.1955,1,WFMZ-TV; Republican Herald; WNEP-TV16,Subnational,"On 28 March 2021, approximately 12 people organized by the Young Democrats protested in Pottsville (Pennsylvania) to call for a county commissioner to resign after four women who work for the county have filed a civil lawsuit claiming sexual harassment, discrimination, and bullying in the work environment.",0,crowd size=approximately 12,1617744380,880,42,17901,4217901,B5,G6350,S,202084600,904250,+40.6838282,-076.2775415,N,POINT (-76.1955 40.6857)
USA31641,19 June 2021,2021,1,Demonstrations,Protests,Peaceful protest,Protesters (United States),BLM: Black Lives Matter,6,,,0,60,,840,North America,United States,Pennsylvania,Franklin,,Chambersburg,39.9376,-77.6611,1,Chambersburg Public Opinion,Subnational,"On 19 June 2021, a hundred or so people, including members of Radical Reconciliation, gathered in Chambersburg (Pennsylvania) for a Juneteenth rally - people demonstrated in support of the Black Lives Matter movement and called for an end to racism.",0,crowd size=a hundred or so,1625004358,573,42,17201,4217201,B5,G6350,S,49063905,0,+39.9610560,-077.6561654,N,POINT (-77.6611 39.9376)
USA31473,12 June 2021,2021,1,Demonstrations,Protests,Peaceful protest,Protesters (United States),"AFSCME: American Federation of State, County and Municipal Employees; Labor Group (United States); Teachers (United States); PSL: Party for Socialism and Liberation; Students (United States)",6,,,0,60,,840,North America,United States,Pennsylvania,Clinton,,Lock Haven,41.137,-77.4469,1,Express,Subnational,"On 12 June 2021, a group of people, including teachers and a member of American Federation of State, County and Municipal Employees as speakers, accompanied by members of the West Chester University Party for Socialism and Liberation and PASSHE Defender members from Lock Haven University gathered at Triangle Park in Lock Haven (Pennsylvania) to demonstrate against a plan to consolidate six Pennsylvania state universities.",0,crowd size=no report,1624394064,754,42,17745,4217745,B5,G6350,S,559176112,6748847,+41.2777947,-077.4649003,N,POINT (-77.4469 41.137)
USA26710,20 March 2021,2021,1,Demonstrations,Protests,Peaceful protest,Protesters (United States),"Students (United States); Teachers (United States); Labor Group (United States); AFSCME: American Federation of State, County and Municipal Employees",6,,,0,60,,840,North America,United States,Pennsylvania,Clinton,,Lock Haven,41.137,-77.4469,1,Crowd Counting Consortium; Williamsport Sun-Gazette,Other-Subnational,"On 20 March 2021, almost 100 people including students, faculty, staff, union representatives from the AFSCME, and supporters protested at Lock Haven University in Lock Haven (Pennsylvania) to express concern about the future of the university and how it impacts the students and staff there due to a proposed integration with another school.",0,crowd size=almost 100,1617140132,754,42,17745,4217745,B5,G6350,S,559176112,6748847,+41.2777947,-077.4649003,N,POINT (-77.4469 41.137)
USA31288,11 June 2021,2021,1,Demonstrations,Protests,Peaceful protest,Protesters (United States),,6,,,0,60,,840,North America,United States,Pennsylvania,Bucks,,Quakertown,40.4418,-75.3416,1,Facebook; MilitiaWatch,Local partner-New media,"On 11 June 2021, conservative demonstrators gathered in front of a school district office in Quakertown (Pennsylvania) to express their discontent at the school district requiring children to wear masks amid the coronavirus pandemic.",0,crowd size=no report,1680633498,507,42,18951,4218951,B5,G6350,S,172538556,2682533,+40.4523595,-075.3489424,N,POINT (-75.3416 40.4418)
USA31097,07 June 2021,2021,1,Demonstrations,Protests,Peaceful protest,Protesters (United States),,6,,,0,60,,840,North America,United States,Pennsylvania,Allegheny,,Penn Hills,40.5011,-79.8392,1,WTAE4,Subnational,"On 7 June 2021, family members and supporters gathered in Penn Hills (Pennsylvania) to honor victims killed by gun violence and call for an end to gun violence in the community.",0,crowd size=no report,1623793005,927,42,15147,4215147,B5,G6350,S,26203545,853770,+40.4972844,-079.8307699,N,POINT (-79.8392 40.5011)
USA30437,27 May 2021,2021,1,Demonstrations,Protests,Peaceful protest,Protesters (United States),Students (United States); Women (United States); MDA: Moms Demand Action for Gun Sense in America,6,,,0,60,,840,North America,United States,Pennsylvania,Allegheny,,Penn Hills,40.5011,-79.8392,1,WTAE4; Pittsburgh Post-Gazette,Subnational,"On 27 May 2021, several hundred people including parents, people with Moms Demand Action, students, and local leaders held a vigil in Penn Hills (Pennsylvania) to remember four students who recently died from gun violence, calling for an end to gun violence in the city and community action.",0,crowd size=several hundred,1680633689,927,42,15147,4215147,B5,G6350,S,26203545,853770,+40.4972844,-079.8307699,N,POINT (-79.8392 40.5011)
USA30001,17 May 2021,2021,1,Demonstrations,Protests,Peaceful protest,Protesters (United States),BLM: Black Lives Matter,6,,,0,60,,840,North America,United States,Pennsylvania,Allegheny,,Penn Hills,40.5011,-79.8392,1,Pittsburgh City Paper,Subnational,"On 17 May 2021, people with Take Action Mon Valley protested at the Penn Hills Police Department in Penn Hills (Pennsylvania) against the hiring of Officer Robert Gowans, the officer under investigation for the shooting of Romir Talley, a Black man killed by police, to celebrate his firing - which occurred during the rally, and in support of the BLM movement.",0,crowd size=no report,1621980621,927,42,15147,4215147,B5,G6350,S,26203545,853770,+40.4972844,-079.8307699,N,POINT (-79.8392 40.5011)
USA31005,06 June 2021,2021,1,Demonstrations,Protests,Peaceful protest,Protesters (United States),MDA: Moms Demand Action for Gun Sense in America; Women (United States),6,,,0,60,,840,North America,United States,Pennsylvania,Northumberland,,Milton,41.0177,-76.8531,1,Standard-Journal; Newsradio 1070 WKOK,Subnational,"On 6 June 2021, close to 30 members of Moms Demand Action and supporters gathered at Milton State Park in Milton (Pennsylvania) to remember victims of gun violence and call for an end to gun violence in the community.",0,crowd size=close to 30,1623793004,862,42,17847,4217847,B5,G6350,S,121550349,4429761,+41.0079826,-076.8110291,N,POINT (-76.8531 41.0177)
USA31040,04 June 2021,2021,1,Demonstrations,Protests,Peaceful protest,Protesters (United States),,6,,,0,60,,840,North America,United States,Pennsylvania,Mercer,,Greene Township,41.45,-80.5164,1,Herald (Sharon),Subnational,"On 4 June 2021, a group of people, including members of Allied NewsActivists, held a pro-Palestinian demonstration outside Combined Systems Inc. in Greene Township (Pennsylvania), calling on Combined Systems to stop supplying teargas, flash-bang grenades, and other less-lethal weapons to Israel.",0,crowd size=no report,1623793005,759,42,16134,4216134,B5,G6350,S,121305027,14386503,+41.5249262,-080.4788573,N,POINT (-80.5164 41.45)
USA30541,25 May 2021,2021,1,Demonstrations,Protests,Peaceful protest,Protesters (United States),Health Workers (United States),6,,,0,60,,840,North America,United States,Pennsylvania,Beaver,,Beaver,40.6953,-80.3048,1,Beaver County Times; WITF,Subnational,"On 25 May 2021, more than a dozen nursing home workers protested in Beaver (Pennsylvania) to call for improved staffing, better wages, and more protections for residents amid the coronavirus pandemic.",0,crowd size=more than a dozen,1622578606,21,42,15009,4215009,B5,G6350,S,63554326,3636775,+40.6979185,-080.3651222,N,POINT (-80.3048 40.6953)
USA27058,26 March 2021,2021,1,Demonstrations,Protests,Peaceful protest,Protesters (United States),SEIU: Service Employees International Union; Labor Group (United States); Health Workers (United States),6,,,0,60,,840,North America,United States,Pennsylvania,Beaver,,Beaver,40.6953,-80.3048,1,Beaver County Times,Subnational,"On 26 March 2021, people organized by the SEIU Healthcare Pennsylvania protested outside the County Courthouse in Beaver (Pennsylvania) to call for policymakers to enact long-term care reforms for the nursing home industry, as nursing employees cite understaffing and unacceptable conditions as issues within the industry.",0,crowd size=no report,1617744381,21,42,15009,4215009,B5,G6350,S,63554326,3636775,+40.6979185,-080.3651222,N,POINT (-80.3048 40.6953)
USA24801,28 January 2021,2021,1,Demonstrations,Protests,Peaceful protest,Protesters (United States),,6,,,0,60,,840,North America,United States,Pennsylvania,Beaver,,Beaver,40.6953,-80.3048,1,It's Going Down; Crowd Counting Consortium,Other,"On 28 January 2021, activists protested by blockading a road in front of the Shell Polymer office in Beaver (Pennsylvania) as a protest against transforming the Ohio Valley into a manufacturing hub for petrochemicals. They argued that the Shell facility will increase CO2 emissions and volatile compounds that will harm the environment.",0,crowd size=no report,1613516909,21,42,15009,4215009,B5,G6350,S,63554326,3636775,+40.6979185,-080.3651222,N,POINT (-80.3048 40.6953)
USA30558,25 May 2021,2021,1,Demonstrations,Protests,Peaceful protest,Protesters (United States),BLM: Black Lives Matter,6,,,0,60,,840,North America,United States,Pennsylvania,Mercer,,Farrell,41.2112,-80.497,1,Herald (Sharon),Subnational,"On 25 May 2021, two dozen or so people organized by Empowered for Change marched in Farrell (Pennsylvania) on the anniversary of the death of George Floyd and in support of the Black Lives Matter movement.",0,crowd size=two dozen or so,1622578606,1297,42,16121,4216121,B5,G6350,S,5879404,0,+41.2112141,-080.4971937,N,POINT (-80.497 41.2112)
USA30309,25 May 2021,2021,1,Demonstrations,Protests,Peaceful protest,Protesters (United States),SEIU: Service Employees International Union; Health Workers (United States),6,,,0,60,,840,North America,United States,Pennsylvania,Clarion,,Clarion,41.2148,-79.3853,1,SEIU Healthcare Pennsylvania,Other,"On 25 May 2021, nursing home workers with the SEIU protested in Clarion (Pennsylvania) to call for safer staffing and improved conditions for nursing home residents amid the coronavirus pandemic.",0,crowd size=no report,1622578606,1658,42,16214,4216214,B5,G6350,S,127467255,2491815,+41.2026720,-079.3572243,N,POINT (-79.3853 41.2148)
USA30298,25 May 2021,2021,1,Demonstrations,Protests,Peaceful protest,Protesters (United States),SEIU: Service Employees International Union; Health Workers (United States),6,,,0,60,,840,North America,United States,Pennsylvania,Montgomery,,Wynnewood,39.9937,-75.2718,1,SEIU Healthcare Pennsylvania,Other,"On 25 May 2021, nursing home workers with the SEIU protested in Wynnewood (Pennsylvania) to call for safer staffing and improved conditions for nursing home residents amid the coronavirus pandemic.",0,crowd size=no report,1622578606,779,42,19096,4219096,B5,G6350,S,9075011,0,+39.9978822,-075.2741781,N,POINT (-75.2718 39.9937)
USA30308,25 May 2021,2021,1,Demonstrations,Protests,Peaceful protest,Protesters (United States),SEIU: Service Employees International Union; Health Workers (United States),6,,,0,60,,840,North America,United States,Pennsylvania,Lawrence,,New Castle,41.0037,-80.347,1,SEIU Healthcare Pennsylvania,Other,"On 25 May 2021, nursing home workers with the SEIU protested in New Castle (Pennsylvania) to call for better insurance for employees and improved conditions for nursing home residents amid the coronavirus pandemic.",0,crowd size=no report,1622578606,1503,42,16101,4216101,B5,G6350,S,184511410,1816197,+40.9839890,-080.2900371,N,POINT (-80.347 41.0037)
USA30310,25 May 2021,2021,1,Demonstrations,Protests,Peaceful protest,Protesters (United States),SEIU: Service Employees International Union; Health Workers (United States),6,,,0,60,,840,North America,United States,Pennsylvania,Chester,,Phoenixville,40.1299,-75.5152,1,SEIU Healthcare Pennsylvania,Other,"On 25 May 2021, nursing home workers with the SEIU protested in Phoenixville (Pennsylvania) to call for safer staffing and improved conditions for nursing home residents amid the coronavirus pandemic.",0,crowd size=no report,1622578606,66,42,19460,4219460,B5,G6350,S,91570030,3211790,+40.1268267,-075.5304484,N,POINT (-75.5152 40.1299)
USA30546,25 May 2021,2021,1,Demonstrations,Protests,Peaceful protest,Protesters (United States),BLM: Black Lives Matter,6,,,0,60,,840,North America,United States,Pennsylvania,Montgomery,,King of Prussia,40.1013,-75.383,1,WCAU,Subnational,"On 25 May 2021, people protested in King of Prussia (Pennsylvania) on the anniversary of the death of George Floyd and in support of the Black Lives Matter movement.",0,crowd size=no report,1622578606,1077,42,19406,4219406,B5,G6350,S,35808742,805911,+40.0952883,-075.3828611,N,POINT (-75.383 40.1013)
USA42089,15 May 2021,2021,1,Demonstrations,Protests,Peaceful protest,Protesters (United States),Government of the United States (2021-); GOP: Republican Party; Pro-Police Group (United States); WTP: We the People,6,,,0,60,,840,North America,United States,Pennsylvania,Jefferson,,Brookville,41.1612,-79.0831,1,Courier Express,Subnational,"On 15 May 2021, more than 100 people, including members of the Constitutional Republicans of Western Pennsylvania (affiliated with We the People) gathered at the Jefferson County Courthouse Lawn in Brookville (Pennsylvania) to demonstrate in favor of gun ownership and the 2nd Amendment. Demonstrators included County Commissioner Herb Bullers, Pennsylvania State Senator Cris Dush (R), and US Representative Glenn Thompson (R). Some demonstrators also held pro-police signs. Many demonstrators were armed with an assortment of firearms, including rifles.",0,armed; crowd size=more than 100,1680633679,1039,42,15825,4215825,B5,G6350,S,415347068,2279647,+41.1749470,-079.0344008,N,POINT (-79.0831 41.1612)
USA30182,14 May 2021,2021,1,Demonstrations,Protests,Peaceful protest,Protesters (United States),Teachers (United States); Labor Group (United States),6,,,0,60,,840,North America,United States,Pennsylvania,Northumberland,,Sunbury,40.8626,-76.7944,1,Newsradio 1070 WKOK,Subnational,"On 14 May 2021, 50 or so people including teachers and other education staff with the Shikellamy Education Support Professionals Association protested in Sunbury (Pennsylvania) as part of their strike against the $3 million in wages expected to be lost over the next five years.",0,crowd size=50 or so,1621980621,865,42,17801,4217801,B5,G6350,S,171249352,14151532,+40.8347245,-076.7550079,N,POINT (-76.7944 40.8626)
USA30162,10 May 2021,2021,1,Demonstrations,Protests,Peaceful protest,Protesters (United States),,6,,,0,60,,840,North America,United States,Pennsylvania,Delaware,,Radnor,40.0455,-75.3587,1,CBS3 (Philadelphia),Subnational,"On 10 May 2021, dozens of people protested ahead of a school board meeting in Radnor (Pennsylvania) against rebranding the school's nickname, 'Raider,' due to its racist connotations.",0,crowd size=dozens,1707858551,299,42,19087,4219087,B5,G6350,S,41348851,74098,+40.0618724,-075.4024610,N,POINT (-75.3587 40.0455)
USA28984,26 April 2021,2021,1,Demonstrations,Protests,Peaceful protest,Protesters (United States),Students (United States),6,,,0,60,,840,North America,United States,Pennsylvania,Delaware,,Radnor,40.0455,-75.3587,1,6ABC,Subnational,"On 26 April 2021, a large group of students protested in Radnor (Pennsylvania) against Radnor High School's rebranding which would remove Native American imagery due to racial insensitivity.",0,crowd size=a large group,1620164854,299,42,19087,4219087,B5,G6350,S,41348851,74098,+40.0618724,-075.4024610,N,POINT (-75.3587 40.0455)
USA29286,07 May 2021,2021,1,Demonstrations,Protests,Peaceful protest,Protesters (United States),,6,,,0,60,,840,North America,United States,Pennsylvania,Chester,,West Goshen,39.9682,-75.5727,1,Mercury (Pottstown),Subnational,"On 7 May 2021, more than 100 people protested at the Chester County Health Department in West Goshen (Pennsylvania) against wearing masks during the coronavirus pandemic, particularly for children in schools.",0,crowd size=more than 100,1680633670,534,42,19382,4219382,B5,G6350,S,119869727,1518663,+39.9276696,-075.6134438,N,POINT (-75.5727 39.9682)
USA29331,06 May 2021,2021,1,Demonstrations,Protests,Peaceful protest,Protesters (United States),,6,,,0,60,,840,North America,United States,Pennsylvania,Montgomery,,Lansdale,40.2415,-75.2838,1,6ABC,Subnational,"On 6 May 2021, people protested outside North Penn High School in Lansdale (Pennsylvania) in reaction to a recent video in which one student's hijab was ripped from her head by two other students, citing it as a hate crime.",0,crowd size=no report,1620770180,631,42,19446,4219446,B5,G6350,S,58411963,14453,+40.2328245,-075.3031781,N,POINT (-75.2838 40.2415)
USA29450,03 May 2021,2021,1,Demonstrations,Protests,Peaceful protest,Protesters (United States),,6,,,0,60,,840,North America,United States,Pennsylvania,Lancaster,,Quarryville,39.8968,-76.1632,1,Lancaster Online,Subnational,"On 3 May 2021, about 60 people protested at Smith Middle School in Quarryville (Pennsylvania) against the requirement for students to wear masks at school during the coronavirus pandemic.",0,crowd size=about 60,1680633883,821,42,17566,4217566,B5,G6350,S,151145811,658000,+39.8671860,-076.1475130,N,POINT (-76.1632 39.8968)
USA20065,03 January 2021,2021,1,Demonstrations,Protests,Peaceful protest,Protesters (United States),,6,,,0,60,,840,North America,United States,Pennsylvania,Lancaster,,Quarryville,39.8968,-76.1632,1,ABC27 (Harrisburg),Subnational,"On 3 January 2021, hundreds of people protested near the home of House Majority Leader Cutler in Quarryville (Pennsylvania) to call for him to decertify the election results from the presidential election.",0,crowd size=hundreds; stop the steal,1680633501,821,42,17566,4217566,B5,G6350,S,151145811,658000,+39.8671860,-076.1475130,N,POINT (-76.1632 39.8968)
USA29045,29 April 2021,2021,1,Demonstrations,Protests,Peaceful protest,Protesters (United States),,6,,,0,60,,840,North America,United States,Pennsylvania,Chester,,Exton,40.0295,-75.6207,1,Mercury (Pottstown),Subnational,"On 29 April 2021, about 60 people including county officials and members of Fair Districts PA rallied in Exton (Pennsylvania) in support of redistricting reform.",0,crowd size=about 60,1647989254,1654,42,19341,4219341,B5,G6350,S,33409495,256470,+40.0399408,-075.6406258,N,POINT (-75.6207 40.0295)
USA30728,28 April 2021,2021,1,Demonstrations,Protests,Peaceful protest,Protesters (United States),USW: United Steelworkers; Labor Group (United States),6,,,0,60,,840,North America,United States,Pennsylvania,Bradford,,Canton,41.6565,-76.8533,1,The Militant,National,"On 28 April 2021, a group of steelworkers, organized by United Steelworkers, gathered at Allegheny Technologies' Washington Plate mill in Canton (Pennsylvania) to protest unfair labor practices and demand a fair contract.",0,crowd size=no report,1625605055,502,42,17724,4217724,B5,G6350,S,290329056,1293151,+41.6425283,-076.8051130,N,POINT (-76.8533 41.6565)
USA27367,30 March 2021,2021,1,Demonstrations,Protests,Peaceful protest,Protesters (United States),Labor Group (United States); USW: United Steelworkers,6,,,0,60,,840,North America,United States,Pennsylvania,Bradford,,Canton,41.6565,-76.8533,1,Observer-Reporter; Crowd Counting Consortium,Other-Subnational,"On 30 March 2021, 75 people with the United Steelworkers protested on the picket line at the Allegheny Technologies Canton facility in Canton (Pennsylvania) as part of the start of their strike against the company trying to force the workers into accepting contract concessions.",0,crowd size=75,1617744380,502,42,17724,4217724,B5,G6350,S,290329056,1293151,+41.6425283,-076.8051130,N,POINT (-76.8533 41.6565)
USA28784,27 April 2021,2021,1,Demonstrations,Protests,Peaceful protest,Protesters (United States),Health Workers (United States); SEIU: Service Employees International Union,6,,,0,60,,840,North America,United States,Pennsylvania,Westmoreland,,Irwin,40.3245,-79.7011,1,SEIU Healthcare Pennsylvania,Other,"On 27 April 2021, nursing home workers with the SEIU protested in Irwin (Pennsylvania) to support workers in fighting for better contracts.",0,crowd size=no report,1620164854,16,42,15642,4215642,B5,G6350,S,114475840,153967,+40.3183821,-079.7237361,N,POINT (-79.7011 40.3245)
USA28262,23 April 2021,2021,1,Demonstrations,Protests,Peaceful protest,Protesters (United States),Health Workers (United States); SEIU: Service Employees International Union,6,,,0,60,,840,North America,United States,Pennsylvania,Wyoming,,Tunkhannock,41.5387,-75.9466,1,SEIU Healthcare Pennsylvania,Other,"On 23 April 2021, hospital workers with the SEIU protested at the Tyler Memorial Hospital in Tunkhannock (Pennsylvania) as part of their strike to raise awareness for unfair conditions, their lack of a contract since February, and staffing issues.",0,crowd size=no report,1619558727,691,42,18657,4218657,B5,G6350,S,319573446,9538755,+41.5225105,-075.9594811,N,POINT (-75.9466 41.5387)
USA28261,22 April 2021,2021,1,Demonstrations,Protests,Peaceful protest,Protesters (United States),Health Workers (United States); SEIU: Service Employees International Union,6,,,0,60,,840,North America,United States,Pennsylvania,Wyoming,,Tunkhannock,41.5387,-75.9466,1,SEIU Healthcare Pennsylvania,Other,"On 22 April 2021, hospital workers with the SEIU protested at the Tyler Memorial Hospital in Tunkhannock (Pennsylvania) as part of their strike to raise awareness for unfair conditions, their lack of a contract since February, and staffing issues.",0,crowd size=no report,1619558727,691,42,18657,4218657,B5,G6350,S,319573446,9538755,+41.5225105,-075.9594811,N,POINT (-75.9466 41.5387)
USA28257,21 April 2021,2021,1,Demonstrations,Protests,Peaceful protest,Protesters (United States),Health Workers (United States); SEIU: Service Employees International Union,6,,,0,60,,840,North America,United States,Pennsylvania,Wyoming,,Tunkhannock,41.5387,-75.9466,1,SEIU Healthcare Pennsylvania; WNEP-TV16,Other-Subnational,"On 21 April 2021, hospital workers with the SEIU protested at the Tyler Memorial Hospital in Tunkhannock (Pennsylvania) as part of their strike to raise awareness for unfair conditions, their lack of a contract since February, and staffing issues.",0,crowd size=no report,1619558727,691,42,18657,4218657,B5,G6350,S,319573446,9538755,+41.5225105,-075.9594811,N,POINT (-75.9466 41.5387)
USA26493,16 March 2021,2021,1,Demonstrations,Protests,Peaceful protest,Protesters (United States),SEIU: Service Employees International Union; Labor Group (United States),6,,,0,60,,840,North America,United States,Pennsylvania,Wyoming,,Tunkhannock,41.5387,-75.9466,1,SEIU Healthcare Pennsylvania; Crowd Counting Consortium; Fox56 (Hazleton),Other-Subnational,"On 16 March 2021, people with the SEIU protested in Tunkhannock (Pennsylvania) to call for the Tyler Memorial Hospital to support frontline workers during the coronavirus pandemic.",0,crowd size=no report,1617140132,691,42,18657,4218657,B5,G6350,S,319573446,9538755,+41.5225105,-075.9594811,N,POINT (-75.9466 41.5387)
USA28479,22 April 2021,2021,1,Demonstrations,Protests,Peaceful protest,Protesters (United States),,6,,,0,60,,840,North America,United States,Pennsylvania,Indiana,,Saltsburg,40.4865,-79.4514,1,WTAE4,Subnational,"On 22 April 2021, parents protested outside the Saltsburg Middle-High School in Saltsburg (Pennsylvania) against the decision to close the school due to declining enrollments, citing longer commute times for the students.",0,crowd size=no report,1619558728,127,42,15681,4215681,B5,G6350,S,135416464,4108717,+40.5003077,-079.4393461,N,POINT (-79.4514 40.4865)
USA28311,21 April 2021,2021,1,Demonstrations,Protests,Peaceful protest,Protesters (United States),BLM: Black Lives Matter,6,,,0,60,,840,North America,United States,Pennsylvania,Lebanon,,Annville,40.3295,-76.5152,1,Lebanon Daily News,Subnational,"On 21 April 2021, 13 people protested in Annville (Pennsylvania) in support of the Black Lives Matter movement and to celebrate the verdict in the Derek Chauvin trial which convicted Chauvin in George Floyd's murder.",0,crowd size=13,1619558727,1056,42,17003,4217003,B5,G6350,S,122909251,508563,+40.3623585,-076.5695991,N,POINT (-76.5152 40.3295)
USA28412,19 April 2021,2021,1,Demonstrations,Protests,Peaceful protest,Protesters (United States),Students (United States),6,,,0,60,,840,North America,United States,Pennsylvania,Allegheny,,Richland Township,40.644,-79.958,1,KDKA2,Subnational,"On 19 April 2021, community members organized by students protested in Richland Township (Pennsylvania) against the firing of the entire football coaching staff, calling for all employees to be reinstated.",0,crowd size=no report,1619558727,926,42,15044,4215044,B5,G6350,S,107079609,45351,+40.6379857,-079.9479036,N,POINT (-79.958 40.644)
USA27952,16 April 2021,2021,1,Demonstrations,Protests,Peaceful protest,Protesters (United States),Students (United States),6,,,0,60,,840,North America,United States,Pennsylvania,Allegheny,,Richland Township,40.644,-79.958,1,Channel 11 (Pittsburgh),Subnational,"On 16 April 2021, students and student-athletes protested at Pine-Richland High School in Richland Township (Pennsylvania) to call for the school district to explain why their football coach and the entire staff was fired, citing that there had been no misconduct from the staff despite the district alleging so.",0,crowd size=no report,1618952550,926,42,15044,4215044,B5,G6350,S,107079609,45351,+40.6379857,-079.9479036,N,POINT (-79.958 40.644)
USA25749,01 March 2021,2021,1,Demonstrations,Protests,Peaceful protest,Protesters (United States),,6,,,0,60,,840,North America,United States,Pennsylvania,Allegheny,,Richland Township,40.644,-79.958,1,TribLive,Subnational,"On 1 March 2021, parents protested outside a school board meeting in Richland Township (Pennsylvania) to call for students to return to classes in-person five days per week during the coronavirus pandemic due to mental health and social concerns after students have been in isolation.",0,crowd size=no report,1680633883,926,42,15044,4215044,B5,G6350,S,107079609,45351,+40.6379857,-079.9479036,N,POINT (-79.958 40.644)
USA28295,17 April 2021,2021,1,Demonstrations,Protests,Peaceful protest,Protesters (United States),BLM: Black Lives Matter,6,,,0,60,,840,North America,United States,Pennsylvania,Cumberland,,Carlisle,40.2014,-77.1888,1,ABC27 (Harrisburg); Sentinel,Subnational,"On 17 April 2021, more than 100 people marched in Carlisle (Pennsylvania) in support of the Black Lives Matter movement and against police brutality, as well as to call for justice for Daunte Wright and George Floyd.",0,crowd size=more than 100,1619558727,1676,42,17013,4217013,B5,G6350,S,111114300,1331805,+40.2426858,-077.1972839,N,POINT (-77.1888 40.2014)
USA27564,06 April 2021,2021,1,Demonstrations,Protests,Peaceful protest,Protesters (United States),Stop Asian Hate,6,,,0,60,,840,North America,United States,Pennsylvania,Cumberland,,Carlisle,40.2014,-77.1888,1,ABC27 (Harrisburg),Subnational,"On 6 April 2021, around 100 people organized by the Greater Carlisle Community Responders Network and the Carlisle Community Action Network marched in Carlisle (Pennsylvania) to support the Asian-Americans community and against racism after an increase in hate crimes during the coronavirus pandemic.",0,crowd size=around 100,1618350013,1676,42,17013,4217013,B5,G6350,S,111114300,1331805,+40.2426858,-077.1972839,N,POINT (-77.1888 40.2014)
USA27065,26 March 2021,2021,1,Demonstrations,Protests,Peaceful protest,Protesters (United States),,6,,,0,60,,840,North America,United States,Pennsylvania,Cumberland,,Carlisle,40.2014,-77.1888,1,CBS 21 (Harrisburg); Crowd Counting Consortium,Other-Subnational,"On 26 March 2021, people organized by Citizens Saving Claremont protested at the Cumberland County Courthouse in Carlisle (Pennsylvania) to call for the Claremont Nursing and Rehabilitation Center to remain in place as the county has hired a group to facilitate a sale of the center.",0,crowd size=no report,1617140132,1676,42,17013,4217013,B5,G6350,S,111114300,1331805,+40.2426858,-077.1972839,N,POINT (-77.1888 40.2014)
USA27951,16 April 2021,2021,1,Demonstrations,Protests,Peaceful protest,Protesters (United States),Students (United States),6,,,0,60,,840,North America,United States,Pennsylvania,Montgomery,,Bryn Mawr,40.0229,-75.3153,1,WJZ13,National,"On 16 April 2021, Bryn Mawr students protested at their university in Bryn Mawr (Pennsylvania) in solidarity with a Black drama teacher who was forced to resign after sharing her experience with racism.",0,crowd size=no report,1618952550,1683,42,19010,4219010,B5,G6350,S,21830408,0,+40.0236239,-075.3297267,N,POINT (-75.3153 40.0229)
USA27944,11 April 2021,2021,1,Demonstrations,Protests,Peaceful protest,Protesters (United States),Asian American Group (United States); Government of the United States (2021-); Stop Asian Hate,6,,,0,60,,840,North America,United States,Pennsylvania,Montgomery,,Norristown,40.1215,-75.3399,1,CBS3 (Philadelphia),Subnational,"On 11 April 2021, dozens of people organized by the Pennsylvania Governor's Advisory Commission on Asian Pacific American Affairs held a vigil and rally in Norristown (Pennsylvania) against racism against Asian Americans after the recent shooting in Atlanta that killed six Asian women and during a rise in anti-Asian hate crimes during the coronavirus pandemic.",0,crowd size=dozens,1707858551,852,42,19401,4219401,B5,G6350,S,15621931,258449,+40.1301797,-075.3316289,N,POINT (-75.3399 40.1215)
USA27559,07 April 2021,2021,1,Demonstrations,Protests,Peaceful protest,Protesters (United States),SM: Sunrise Movement,6,,,0,60,,840,North America,United States,Pennsylvania,Montgomery,,Norristown,40.1215,-75.3399,1,Twitter; Crowd Counting Consortium,Other-New media,"On 7 April 2021, people with the Sunrise Movement protested at Representative Madeleine Dean's office in Norristown (Pennsylvania) to call for a federal jobs guarantee and good jobs for all.",0,crowd size=no report,1638920202,852,42,19401,4219401,B5,G6350,S,15621931,258449,+40.1301797,-075.3316289,N,POINT (-75.3399 40.1215)
USA25060,20 January 2021,2021,1,Strategic developments,Strategic developments,Looting/property destruction,Sole Perpetrator (United States),,3,Civilians (United States),DEM: Democratic Party,7,37,,840,North America,United States,Pennsylvania,Montgomery,,Norristown,40.1215,-75.3399,1,CBS3 (Philadelphia); PhillyVoice,Subnational,"Property destruction: On 20 January 2021, late in the evening a man fired shots into the Montgomery County Democratic Committee Office in Norristown (Pennsylvania) after having earlier sent a threatening email referring to a 'stolen election and Coup d'etat' and opposing Black Lives Matter and Antifa. The shooting damaged windows and furniture within the office. The man was arrested on 19 February for 'felony terrorism.' On 5 January 2022, he pled guilty to charges of sending threatening communications and cyberstalking as a result of the incident.",0,,1707858551,852,42,19401,4219401,B5,G6350,S,15621931,258449,+40.1301797,-075.3316289,N,POINT (-75.3399 40.1215)
USA21923,18 January 2021,2021,1,Demonstrations,Protests,Peaceful protest,Protesters (United States),NAACP: National Association for the Advancement of Colored People; African American Group (United States); BLM: Black Lives Matter,6,,,0,60,,840,North America,United States,Pennsylvania,Montgomery,,Norristown,40.1215,-75.3399,1,6ABC,Subnational,"On 18 January 2021, dozens of people with the NAACP marched in Norristown (Pennsylvania) to call for racial justice and equality and to remember Martin Luther King Jr., as well as against gun violence and in support of the Black Lives Matter movement.",0,crowd size=dozens,1612546515,852,42,19401,4219401,B5,G6350,S,15621931,258449,+40.1301797,-075.3316289,N,POINT (-75.3399 40.1215)
USA27989,09 April 2021,2021,1,Demonstrations,Protests,Peaceful protest,Protesters (United States),,6,Protesters (United States),,6,66,,840,North America,United States,Pennsylvania,Adams,,Gettysburg,39.8309,-77.2311,1,Newsradio 1070 WKOK,Subnational,"On 9 April 2021, people protested in Gettysburg (Pennsylvania) to call for Confederate monuments to be taken down due to their reminder of slavery and racism. Counter-demonstrators protested for the monuments to stay up, citing that taking them down would be removing history.",0,counter-demonstration; crowd size=no report,1618952550,2,42,17325,4217325,B5,G6350,S,332807406,1705737,+39.8262536,-077.2276351,N,POINT (-77.2311 39.8309)
USA28999,09 April 2021,2021,1,Demonstrations,Protests,Peaceful protest,Protesters (United States),Students (United States); BLM: Black Lives Matter; Stop Asian Hate,6,,,0,60,,840,North America,United States,Pennsylvania,Clearfield,,DuBois,41.1187,-78.7622,1,Crowd Counting Consortium; Connect FM (DuBois),Other-Subnational,"On 9 April 2021, a handful of students protested in DuBois (Pennsylvania) in support of the Black Lives Matter movement and against anti-Asian and anti-Muslim hate.",0,crowd size=a handful,1620164854,747,42,15801,4215801,B5,G6350,S,167419747,2871706,+41.1250569,-078.7224335,N,POINT (-78.7622 41.1187)
USA27627,09 April 2021,2021,1,Demonstrations,Protests,Peaceful protest,Protesters (United States),,6,,,0,60,,840,North America,United States,Pennsylvania,Montgomery,,Narberth,40.0084,-75.2606,1,Fox29,Subnational,"On 9 April 2021, parents and children rallied in Narberth (Pennsylvania) against the closure of basketball courts during the coronavirus pandemic.",0,crowd size=no report,1680633499,1309,42,19072,4219072,B5,G6350,S,8383326,76428,+40.0238909,-075.2577412,N,POINT (-75.2606 40.0084)
USA27619,08 April 2021,2021,1,Demonstrations,Protests,Peaceful protest,Protesters (United States),,6,,,0,60,,840,North America,United States,Pennsylvania,Delaware,,Broomall,39.9815,-75.3566,1,CBS3 (Philadelphia),Subnational,"On 8 April 2021, people protested in Broomall (Pennsylvania) to call for PECO to stop their attempts to build a natural gas reliability station in the township due to safety concerns as the residences are in close proximity.",0,crowd size=no report,1707858551,317,42,19008,4219008,B5,G6350,S,16979770,3127,+39.9726046,-075.3602580,N,POINT (-75.3566 39.9815)
USA27562,07 April 2021,2021,1,Demonstrations,Protests,Peaceful protest,Protesters (United States),SM: Sunrise Movement; Students (United States),6,,,0,60,,840,North America,United States,Pennsylvania,Snyder,,Selinsgrove,40.7989,-76.8621,1,Crowd Counting Consortium; Twitter; Daily Item (Sunbury),Other-New media,"On 7 April 2021, 14 people including students and people with the Sunrise Movement protested at Representative Fred Keller's office in Selinsgrove (Pennsylvania) to call for a federal jobs guarantee and good jobs for all as well as in support of the Green New Deal and other climate initiatives.",0,crowd size=14,1638920202,884,42,17870,4217870,B5,G6350,S,116780964,2116704,+40.8173225,-076.8886360,N,POINT (-76.8621 40.7989)
USA30726,03 April 2021,2021,1,Demonstrations,Protests,Peaceful protest,Protesters (United States),USW: United Steelworkers; Labor Group (United States),6,,,0,60,,840,North America,United States,Pennsylvania,Allegheny,,Brackenridge,40.6081,-79.7411,1,TribLive,Subnational,"On 3 April 2021, a group of steelworkers, organized by United Steelworkers, gathered at the Allegheny Technologies mill in Brackenridge (Pennsylvania) to protest unfair labor practices and demand a fair contract.",0,crowd size=no report,1623185146,465,42,15014,4215014,B5,G6350,S,1316565,115337,+40.6080716,-079.7404281,N,POINT (-79.7411 40.6081)
USA30725,30 March 2021,2021,1,Demonstrations,Protests,Peaceful protest,Protesters (United States),USW: United Steelworkers; Labor Group (United States),6,,,0,60,,840,North America,United States,Pennsylvania,Allegheny,,Brackenridge,40.6081,-79.7411,1,WTAE4,Subnational,"On 30 March 2021, a group of steelworkers, organized by United Steelworkers, gathered at the Allegheny Technologies mill in Brackenridge (Pennsylvania) to protest unfair labor practices and demand a fair contract.",0,crowd size=no report,1623185146,465,42,15014,4215014,B5,G6350,S,1316565,115337,+40.6080716,-079.7404281,N,POINT (-79.7411 40.6081)
USA27031,25 March 2021,2021,1,Demonstrations,Protests,Peaceful protest,Protesters (United States),,6,,,0,60,,840,North America,United States,Pennsylvania,Berks,,Leesport,40.4475,-75.9663,1,Crowd Counting Consortium; Instagram,Other-New media,"On 25 March 2021, people protested at a detention center in Leesport (Pennsylvania) to call for the Biden administration to shut down immigration detention centers.",0,crowd size=no report,1680633499,33,42,19533,4219533,B5,G6350,S,46398502,639888,+40.4251029,-075.9926232,N,POINT (-75.9663 40.4475)
USA26832,21 March 2021,2021,1,Demonstrations,Protests,Peaceful protest,Protesters (United States),BLM: Black Lives Matter,6,,,0,60,,840,North America,United States,Pennsylvania,Lawrence,,New Wilmington,41.1222,-80.3328,1,KDKA2,Subnational,"On 21 March 2021, dozens of people protested at Westminster College in New Wilmington (Pennsylvania) in support of the Black Lives Matter movement against the rise in hate crimes over the past year.",0,crowd size=dozens,1617140132,1277,42,16142,4216142,B5,G6350,S,108651272,262560,+41.1454139,-080.3331815,N,POINT (-80.3328 41.1222)
USA26823,21 March 2021,2021,1,Demonstrations,Protests,Peaceful protest,Protesters (United States),Stop Asian Hate,6,,,0,60,,840,North America,United States,Pennsylvania,Montgomery,,Conshohocken,40.0793,-75.3016,1,Fox29,Subnational,"On 21 March 2021, people rallied in Conshohocken (Pennsylvania) in support of the Asian American community after the shooting of eight people in Atlanta which included six Asian women and is believed to be an anti-Asian crime, as well as to call for an end to violence against Asian Americans.",0,crowd size=no report,1617744381,856,42,19428,4219428,B5,G6350,S,19684970,799683,+40.0803369,-075.3004613,N,POINT (-75.3016 40.0793)
USA26585,15 March 2021,2021,1,Demonstrations,Protests,Peaceful protest,Protesters (United States),,6,,,0,60,,840,North America,United States,Pennsylvania,Luzerne,,Exeter,41.3206,-75.819,1,Citizens' Voice; Crowd Counting Consortium; WNEP-TV16,Other-Subnational,"On 15 March 2021, about a dozen parents and their children protested in Exeter (Pennsylvania) against the recent decision by district officials to use a hybrid learning model rather than a full in-person learning model during the coronavirus pandemic, calling for students to return entirely in-person instead.",0,crowd size=about a dozen,1707254100,1732,42,18643,4218643,B5,G6350,S,49247546,2290370,+41.3708219,-075.8404222,N,POINT (-75.819 41.3206)
USA26450,13 March 2021,2021,1,Demonstrations,Protests,Peaceful protest,Protesters (United States),BLM: Black Lives Matter; Students (United States),6,,,0,60,,840,North America,United States,Pennsylvania,Adams,,Biglerville,39.9304,-77.248,1,Patriot-News; York Daily Record,Subnational,"On 13 March 2021, dozens of people including students and organizers with Black Lives Matter protested in Biglerville (Pennsylvania) to call for accountability after what they allege is decades of racism and racially motivated abuse within Biglerville schools.",0,crowd size=dozens,1617140132,459,42,17307,4217307,B5,G6350,S,154361597,250111,+39.9477645,-077.3268171,N,POINT (-77.248 39.9304)
USA26132,08 March 2021,2021,1,Demonstrations,Protests,Peaceful protest,Protesters (United States),Poor People's Campaign; Cancel the Rents Movement,6,,,0,60,,840,North America,United States,Pennsylvania,Chester,,Malvern,40.0362,-75.5138,1,Crowd Counting Consortium; NPR WHYY,Other-Subnational,"On 8 March 2021, about a dozen people including members of the Poor People's Army rallied outside a woman's home in Malvern (Pennsylvania) to support her after she has been ordered to vacate her apartment during the coronavirus pandemic while being disabled after her housing subsidy was revoked without notification. The members of the PPC called her case emblematic of the housing crisis and called for an extension of the federal moratorium on evictions.",0,crowd size=about a dozen,1615930392,739,42,19355,4219355,B5,G6350,S,99340208,597842,+40.0468338,-075.5313592,N,POINT (-75.5138 40.0362)
USA25901,08 March 2021,2021,1,Demonstrations,Protests,Peaceful protest,Protesters (United States),,6,,,0,60,,840,North America,United States,Pennsylvania,Adams,,Fairfield,39.7873,-77.3686,1,Channel 8 (Lancaster),Subnational,"On 8 March 2021, parents protested at a high school in Fairfield (Pennsylvania) to call for the school district to resume classes in-person during the coronavirus pandemic, citing that in-person is the best possible learning environment for the students.",0,crowd size=no report,1680633883,457,42,17320,4217320,B5,G6350,S,143912415,422556,+39.7686257,-077.3875634,N,POINT (-77.3686 39.7873)
USA25932,07 March 2021,2021,1,Demonstrations,Protests,Peaceful protest,Protesters (United States),Catholic Christian Group (United States); Students (United States),6,,,0,60,,840,North America,United States,Pennsylvania,Allegheny,,Crafton,40.435,-80.0661,1,KDKA2,Subnational,"On 7 March 2021, nearly 300 people including Catholic Christians, parents, students, and alumni marched in Crafton (Pennsylvania) to call for the St. Philip School not to close down after the Catholic Diocese of Pittsburgh announced it would be merging with another school.",0,crowd size=nearly 300,1615930392,1370,42,15205,4215205,B5,G6350,S,26680905,0,+40.4380898,-080.0990587,N,POINT (-80.0661 40.435)
USA25781,02 March 2021,2021,1,Demonstrations,Protests,Peaceful protest,Protesters (United States),Students (United States); Teachers (United States),6,,,0,60,,840,North America,United States,Pennsylvania,Allegheny,,Cheswick,40.5417,-79.7992,1,Crowd Counting Consortium; TribLive,Other-Subnational,"On 2 March 2021, about a dozen parents, student-athletes, and their coach protested at the school district offices in Cheswick (Pennsylvania) against the cancellation of the basketball playoff game due to the coronavirus pandemic. After the protest ended, some of the demonstrators stayed at the location and caused a commotion until police arrived and dispersed the demonstrators.",0,crowd size=about a dozen,1680633883,1145,42,15024,4215024,B5,G6350,S,43320050,585052,+40.5849698,-079.8473148,N,POINT (-79.7992 40.5417)
USA25530,25 February 2021,2021,1,Demonstrations,Protests,Peaceful protest,Protesters (United States),,6,,,0,60,,840,North America,United States,Pennsylvania,Schuylkill,,Hegins,40.6515,-76.4977,1,Crowd Counting Consortium; Fox56 (Hazleton),Other-Subnational,"On 25 February 2021, parents protested in Hegins (Pennsylvania) to call for schools to reopen in-person during the coronavirus pandemic due to the school board not clarifying whether grades 7 to 12 would return in-person soon.",0,crowd size=no report,1680633883,1754,42,17938,4217938,B5,G6350,S,102594837,11681,+40.6515763,-076.5162659,N,POINT (-76.4977 40.6515)
USA25161,16 February 2021,2021,1,Demonstrations,Protests,Peaceful protest,Protesters (United States),IBT: International Brotherhood of Teamsters; Labor Group (United States); Government of the United States (2021-); DEM: Democratic Party,6,,,0,60,,840,North America,United States,Pennsylvania,Lehigh,,South Whitehall Township,40.6177,-75.5393,1,Teamsters; Instagram; Crowd Counting Consortium,Other-New media,"On 16 February 2021, members of the Teamsters 773 protested as part of their strike in South Whitehall Township (Pennsylvania) to call for higher standards in their union workplaces. The protest was joined by Representative Wild.",0,crowd size=no report,1632861452,1058,42,18104,4218104,B5,G6350,S,59828337,553498,+40.6116576,-075.5468526,N,POINT (-75.5393 40.6177)
USA25162,16 February 2021,2021,1,Demonstrations,Protests,Peaceful protest,Protesters (United States),,6,,,0,60,,840,North America,United States,Pennsylvania,York,,Mount Wolf,40.0632,-76.7039,1,WJAC-TV6,Subnational,"On 16 February 2021, people with the Human Rights Coalition (HRC) and the Coalition to Abolish Death By Incarceration protested outside Governor Wolf's home in Mount Wolf (Pennsylvania) to call for him to release prisoners during the coronavirus pandemic in order to stop the spread of the virus.",0,crowd size=no report,1680633500,228,42,17347,4217347,B5,G6350,S,35589213,1276273,+40.0577012,-076.6881964,N,POINT (-76.7039 40.0632)
USA24877,07 February 2021,2021,1,Demonstrations,Protests,Peaceful protest,Protesters (United States),,6,,,0,60,,840,North America,United States,Pennsylvania,Montgomery,,Montgomeryville,40.2473,-75.2438,1,CBS3 (Philadelphia); Crowd Counting Consortium; Yahoo News,Other-Subnational,"On 7 February 2021, several dozen parents protested in Montgomeryville (Pennsylvania) to call for students to return to classes in-person during the coronavirus pandemic.",0,crowd size=several dozen,1707858551,855,42,18936,4218936,B5,G6350,S,1898739,0,+40.2240498,-075.2309589,N,POINT (-75.2438 40.2473)
USA24510,30 January 2021,2021,1,Demonstrations,Protests,Peaceful protest,Protesters (United States),Women (United States),6,,,0,60,,840,North America,United States,Pennsylvania,Dauphin,,Middletown,40.1997,-76.7304,1,Delaware County Daily Times,Subnational,"On 30 January 2021, 16 people organized by the Mama Bear Brigade marched in Middletown (Pennsylvania) against how the Mariner East pipeline construction project is disrupting the routine of normal life while being built in the middle of an apartment complex.",0,crowd size=16,1612913871,554,42,17057,4217057,B5,G6350,S,83672014,17449529,+40.1935621,-076.7245729,N,POINT (-76.7304 40.1997)
USA24517,29 January 2021,2021,1,Demonstrations,Protests,Peaceful protest,Protesters (United States),Protestant Christian Group (United States),6,,,0,60,,840,North America,United States,Pennsylvania,Clarion,,New Bethlehem,41.0017,-79.3314,1,Crowd Counting Consortium; Courier Express,Other-Subnational,"On 29 January 2021, a group of Methodist Christians marched in New Bethlehem (Pennsylvania) against abortion access as part of a national March for Life event, claiming that taxes fund abortions overseas and that Democrats support this non-existent funding.",0,crowd size=no report,1680633660,938,42,16242,4216242,B5,G6350,S,234358726,3253248,+41.0098810,-079.3657451,N,POINT (-79.3314 41.0017)
USA22162,23 January 2021,2021,1,Demonstrations,Protests,Peaceful protest,Protesters (United States),Christian Group (United States),6,,,0,60,,840,North America,United States,Pennsylvania,Venango,,Oil City,41.4335,-79.7048,1,Derrick,Subnational,"On 23 January 2021, more than 50 people protested in Oil City (Pennsylvania) against abortion rights. Many were affiliated with the St Joseph Parish church.",0,crowd size=more than 50,1680633593,1114,42,16301,4216301,B5,G6350,S,276087712,5818345,+41.4542163,-079.6238542,N,POINT (-79.7048 41.4335)
USA25285,22 January 2021,2021,1,Strategic developments,Strategic developments,Looting/property destruction,Sole Perpetrator (United States),,3,Civilians (United States),Government of the United States (2021-); GOP: Republican Party,7,37,,840,North America,United States,Pennsylvania,Blair,,Hollidaysburg,40.4272,-78.3889,1,WTAJ,Subnational,"Property destruction: On 22 January 2021, a man reportedly threw a large wooden crucifix through the window of GOP State Representative Jim Gregory's office in Hollidaysburg (Pennsylvania) for unknown reasons. The man was later arrested. Gregory closed his Hollidaysburg office for a week in February due to ongoing threats.",0,local administrators,1687837309,1401,42,16648,4216648,B5,G6350,S,149190055,1201127,+40.4344482,-078.3310001,N,POINT (-78.3889 40.4272)
USA21024,02 January 2021,2021,1,Demonstrations,Protests,Peaceful protest,Protesters (United States),,6,,,0,60,,840,North America,United States,Pennsylvania,Bradford,,Towanda,41.7676,-76.4427,1,Daily Review (Towanda); Crowd Counting Consortium,Other-Subnational,"On 2 January 2021, people protested in Towanda (Pennsylvania) against socio-political issues during the coronavirus pandemic and against state-mandated business restrictions.",0,crowd size=no report,1680633501,265,42,18848,4218848,B5,G6350,S,274467812,6587601,+41.7510571,-076.4547414,N,POINT (-76.4427 41.7676)
