event_id,note
USA50610,"On 31 December 2022, an unreported number of people demonstrated outside of the home of Mayor Ed Gainey in Pittsburgh (Pennsylvania) to call on the city to tackle the housing crisis and in support of unhoused people in the city."
USA50576,"On 29 December 2022, an unreported number of people picketed outside of a printing plant in Clinton (Pennsylvania) to call for the Pittsburgh Post-Gazette to return to the negotiating table to give workers a better contract. The picket took place as part of a strike which started on 6 October 2022 organized, in part, by the Pittsburgh Typographical Union (an affiliate of the CWA) alongside the Pittsburgh News Guild."
USA50583,"On 27 December 2022, an unreported number of people demonstrated outside of the office of Sen. Pat Toomey in Philadelphia (Pennsylvania) in opposition to the Senator. State Sen. Tim Kearney (D) participated in the rally which was organized by Tuesdays with Toomey. At least one protestor held a sign in support of abortion."
USA50809,"On 22 December 2022, an unreported number of people demonstrated in a building near 48th and Osage Ave. in Philadelphia (Pennsylvania) to call on Altman Management to address 'serious issues' with an apartment building overseen by the company, including an elevator which has been broken for two years despite the needs of disabled tenants. Tenants of the building and members of the Save UC Townhomes coalition (which is made up of Penn faculty, students, community members, and a Black group known as the Black Bottom Tribe) participated in the demonstration."
USA50503,"On 21 December 2022, an unreported number of people demonstrated outside of ICE Headquarters in Philadelphia (Pennsylvania) to call for the release of all the women detained in Berks Detention Center before the holidays. Members of CASA, Shut Down Berks Coalition, Free Migration Project, and Juntos participated in the demonstration."
USA51057,"On 20 December 2022, an unreported number of people rallied outside of Sen. Pat Toomey's office in Philadelphia (Pennsylvania) as part of 'Tuesdays with Toomey' in opposition to the Senator."
USA50946,"On 20 December 2022, an unreported number of people demonstrated in Pittsburgh (Pennsylvania) to call for the Pittsburgh Post-Gazette to return to the negotiating table to give workers a better contract. State Rep. Sara Innamorato (D), Press Secretary for Pittsburgh Mayor Ed Gainey, and members of CWA Local 1168 AFL-CIO participated in the picket which took place as part of day 64 of their strike which was organized by the Pittsburgh News Guild, a member of the CWA."
USA51020,"On 18 December 2022, an unreported number of people picketed outside the 20th and Market St. Starbucks in Philadelphia (Pennsylvania) in opposition to 'understaffed stores, poor management,' and union-busting tactics employed by the chain. Members of Workers United PJB (affiliated with the SEIU) participated in the picket which took place as part of day 3 of a nationwide 3-day 'Double Down Strike' organized by Starbucks Workers United."
USA50504,"On 18 December 2022, about 30 people gathered in Binns Park in Lancaster (Pennsylvania) to call for state legislation to 'address access [to] and safety [of]' guns and to honor those who have died to gun violence in the city. At least one protester held a sign calling for a ban on assault rifles. Former Lancaster Mayor Rick Gray, a Christian pastor, and members of Ceasefire PA spoke at the vigil which was organized by Families Against Gun Violence and Heeding God's Call to End Gun Violence."
USA51011,"On 18 December 2022, an unreported number of people picketed outside the Southside Starbucks in Pittsburgh (Pennsylvania) in opposition to 'understaffed stores, poor management,' and union-busting tactics employed by the chain. Workers also picketed outside the East Carson store. The pickets took place as part of day 3 of a nationwide 3-day 'Double Down Strike' organized by Starbucks Workers United."
USA50810,"On 17 December 2022, four dozen people, including Bhutanese-Americans, rallied outside the Capitol in Harrisburg (Pennsylvania) to call for amnesty for political prisoners in Bhutan. The Global Campaign for the Release of Political Prisoners in Bhutan organized the rally."
USA51017,"On 17 December 2022, an unreported number of people rallied outside the 9th and South Starbucks in Philadelphia (Pennsylvania) in opposition to 'understaffed stores, poor management,' and union-busting tactics employed by the chain. Members of the Philadelphia Federation of Teachers (affiliated with the AFT) participated in the picket which took place as part of day 2 of a nationwide 3-day 'Double Down Strike' organized by Starbucks Workers United."
USA51023,"On 17 December 2022, 8 to 10 people picketed outside the McKnight Road Starbucks in Pittsburgh (Pennsylvania) in opposition to 'understaffed stores, poor management,' and union-busting tactics employed by the chain. Workers also picketed outside the Market Square, South Hills Village, Southside, and Southbound stores. Members of the United Steelworkers participated in the pickets which took place as part of day 2 of a nationwide 3-day 'Double Down Strike' organized by Starbucks Workers United."
USA51055,"On 17 December 2022, an unreported number of people marched from the Luzerne County River Common to the Public Square in Wilkes-Barre (Pennsylvania) to call for justice and transparency regarding the death of man who died following an altercation at a local bar on 26 August and to honor his life. Members of the man's family participated in the rally."
USA51141,"On 16 December 2022, an unreported number of people demonstrated outside of the Juanita Kidd Stout Center for Criminal Justice in Philadelphia (Pennsylvania) to call for the release of a Black man who was convicted of killing a police officer in 1981."
USA51121,"On 16 December 2022, an unreported number of workers picketed outside the Penn Medicine Starbucks in Philadelphia (Pennsylvania) in opposition to 'understaffed stores, poor management,' and union-busting tactics employed by the chain. The picket took place as part of day 1 of a nationwide 3-day 'Double Down Strike' organized by Starbucks Workers United."
USA50945,"On 16 December 2022, an unreported number of people demonstrated in Pittsburgh (Pennsylvania) to call for the Pittsburgh Post-Gazette to return to the negotiating table to give workers a better contract. The picket took place as part of day 60 of their strike which was organized by the Pittsburgh News Guild, a member of the CWA."
USA51119,"On 16 December 2022, an unreported number of workers picketed outside Starbucks stores in Pittsburgh (Pennsylvania) in opposition to 'understaffed stores, poor management,' and union-busting tactics employed by the chain. The pickets took place as part of day 1 of a nationwide 3-day 'Double Down Strike' organized by Starbucks Workers United."
USA51069,"On 15 December 2022, an unreported number of people demonstrated in Pittsburgh (Pennsylvania) to call for the Pittsburgh Post-Gazette to return to the negotiating table to give workers a better contract. The picket took place as part of day 60 of their strike which was organized by the Pittsburgh News Guild, a member of the CWA."
USA50506,"On 14 December 2022, a small group of people gathered in New Kensington (Pennsylvania) to call for the person responsible for the death of a Black man who was shot and killed in the city on 9 December to turn themselves in as well as to honor the victim's life and call for an end to gun violence. Members of the man's family as well as a Christian pastor participated in the vigil."
USA51112,"On 14 December 2022, about 30 students marched from the West Chester University campus to the home of the university's president in West Chester (Pennsylvania) to call on the university to tackle the lack of affordable housing options for students."
USA51071,"On 14 December 2022, an unreported number of people demonstrated in Pittsburgh (Pennsylvania) to call for the Pittsburgh Post-Gazette to return to the negotiating table to give workers a better contract. Other striking workers from the paper represented by Communications Workers of America Locals 14842 and 14827, Teamsters Local 205/211, and Pressmen's Union Local 24M/9N (which is a part of the Teamsters) joined the picket which took place as part of day 59 of their strike which was organized by the Pittsburgh News Guild, a member of the CWA."
USA51142,"On 13 December 2022, an unreported number of people demonstrated outside of Sen. Pat Toomey's office in Philadelphia (Pennsylvania) as part of 'Tuesdays with Toomey' in opposition to the Senator and his recent vote against the passage of money laundering legislation."
USA51072,"On 13 December 2022, an unreported number of people demonstrated in Pittsburgh (Pennsylvania) to call for the Pittsburgh Post-Gazette to return to the negotiating table to give workers a better contract. Members of the United Steelworkers joined the picket which took place as part of day 58 of their strike which was organized by the Pittsburgh News Guild, a member of the CWA."
USA51138,"On 12 December 2022, 8 to 9 people demonstrated outside of the York County Courthouse in York (Pennsylvania) in support of a man who is currently undergoing a trial in the 2018 death of an infant. Demonstrators claim he is being wrongly accused and called for justice for the murdered infant."
USA51070,"On 12 December 2022, an unreported number of people demonstrated in Pittsburgh (Pennsylvania) to call for the Pittsburgh Post-Gazette to return to the negotiating table to give workers a better contract. The picket took place as part of day 57 of their strike which was organized by the Pittsburgh News Guild, a member of the CWA."
USA50505,"On 10 December 2022, an unreported number of people gathered in Philadelphia (Pennsylvania) to call for an end to gun violence as well as to honor the life of a Black man who was killed in a double homicide on 5 December. Members of the man's family participated in the vigil."
USA50386,"On 9 December 2022, an unreported number of people demonstrated in Pittsburgh (Pennsylvania) to call for the Pittsburgh Post-Gazette to return to the negotiating table to give workers a better contract. The picket took place as part of day 53 of their strike which was organized by the Pittsburgh News Guild, a member of the CWA."
USA50388,"On 9 December 2022, an unreported number of people rallied outside of a Starbucks in Pittsburgh (Pennsylvania) in support of unionizing Starbucks workers nationwide and to call for Starbucks to bargain in good-faith with unionizing workers. State Rep. Dan Miller (D), State Sen. Lindsey Williams (D), and State Rep. Aerion Abney (D) as well as members of the Pennsylvania AFL-CIO, Allegheny-Fayette County Labor Council, 32BJ SEIU, Pride at Work (an LGBT+ organization), USW Local 3657, Pittsburgh Federation of Teachers (an affiliate of the AFT), and the Newspaper Guild of Pittsburgh (an affiliate of the CWA) participated in the rally which was organized by Starbucks Workers United in celebration of the one-year anniversary of the first Starbucks store to unionize."
USA50383,"On 8 December 2022, people demonstrated outside of the Philadelphia International Airport (Pennsylvania) to call on Congress to pass the 'Good Jobs for Good Airports Act' which would improve pay and other working conditions for airport workers. State Rep. Joe Hohenstein (D) participated in the demonstration which took place as part of a nationwide day of action organized by Airport Workers United."
USA50449,"On 7 December 2022, a small group of people demonstrated outside of the York County Judicial Center in York (Pennsylvania) in support of a man who is currently undergoing a trial in the 2018 death of an infant. Demonstrators claim he is being wrongly accused and called for justice for the murdered infant."
USA50385,"On 7 December 2022, an unreported number of people demonstrated in Pittsburgh (Pennsylvania) to call for the Pittsburgh Post-Gazette to return to the negotiating table to give workers a better contract. The picket took place as part of day 51 of their strike which was organized by the Pittsburgh News Guild, a member of the CWA."
USA50389,"On 7 December 2022, about 75 faculty members demonstrated on the University of Pittsburgh campus in Pittsburgh (Pennsylvania) to call for automatic contract renewal for non-tenured faculty members and an annual pay floor of $60,000 for full-time instructors. The faculty are represented by the Union of Pitt Faculty, an affiliate of the United Steelworkers."
USA50248,"On 7 December 2022, about 50 people demonstrated outside of the Berks County Detention Center, an immigration detention center, in Leesport (Pennsylvania) to call for the release of all women currently detained in the center instead of their transfer upon the closure of the center in January 2023. Members of CASA, Shut Down Berks Coalition, Aldea - the People's Justice Center, and Make the Road Pennsylvania participated in the demonstration which was organized by the Cabrini University Center on Immigration."
USA50284,"On 6 December 2022, an unreported number of people picketed outside of the Autoneum AG factory in Bloomsburg (Pennsylvania) to call for higher wages and improved health care costs. The picket took place on day 6 of their strike organized by Workers United Local 1700, an affiliate of the SEIU."
USA52826,"On 6 December 2022, an unreported number of people demonstrated outside of Sen. Pat Toomey's office in Philadelphia (Pennsylvania) in opposition to the Senator. The protest was organized by Tuesdays with Toomey."
USA50254,"On 5 December 2022, about two dozen people rallied outside of the Old Main building on the Pennsylvania State University campus in State College (Pennsylvania) to call for the University to drop their disciplinary proceedings against a student protester who was arrested at an October 2022 protest against an event featuring Gavin McInnes at the University. The protest was organized by the Student Committee for Defense and Solidarity."
USA50283,"On 5 December 2022, an unreported number of people picketed outside of the Autoneum AG factory in Bloomsburg (Pennsylvania) to call for higher wages and improved health care costs. The picket took place on day 5 of their strike organized by Workers United Local 1700, an affiliate of the SEIU."
USA50282,"On 4 December 2022, an unreported number of people picketed outside of the Autoneum AG factory in Bloomsburg (Pennsylvania) to call for higher wages and improved health care costs. The picket took place on day 4 of their strike organized by Workers United Local 1700, an affiliate of the SEIU."
USA50281,"On 3 December 2022, an unreported number of people picketed outside of the Autoneum AG factory in Bloomsburg (Pennsylvania) to call for higher wages and improved health care costs. The picket took place on day 3 of their strike organized by Workers United Local 1700, an affiliate of the SEIU."
USA50280,"On 2 December 2022, an unreported number of people picketed outside of the Autoneum AG factory in Bloomsburg (Pennsylvania) to call for higher wages and improved health care costs. The picket took place on day 2 of their strike organized by Workers United Local 1700, an affiliate of the SEIU."
USA50387,"On 2 December 2022, an unreported number of people demonstrated in Pittsburgh (Pennsylvania) to call for the Pittsburgh Post-Gazette to return to the negotiating table to give workers a better contract. Members of the AFL-CIO and Pennsylvania State Education Association (an affiliate of the NEA) visited the picket which took place as part of day 46 of their strike which was organized by the Pittsburgh News Guild, a member of the CWA."
USA50435,"On 2 December 2022, an unreported number of people demonstrated on the Pennsylvania State University campus in State College (Pennsylvania) in support of the anti-lockdown demonstrations in China and to call for the Chinese Communist Party to relinquish power. Chinese students and members of the Chinese community participated in the demonstration which was organized by Penn State Students for Hong Kong."
USA50221,"On 1 December 2022, an unreported number of people demonstrated in Pittsburgh (Pennsylvania) to call for the Pittsburgh Post-Gazette to return to the negotiating table to give workers a better contract. A representative of Communications Workers of America Local 14827 visited the picket which took place as part of day 45 of their strike which was organized by the Pittsburgh News Guild, a member of the CWA."
USA50222,"On 30 November 2022, an unreported number of people demonstrated in Pittsburgh (Pennsylvania) to call for the Pittsburgh Post-Gazette to return to the negotiating table to give workers a better contract. Workers represented by Communications Workers of America Locals 14842 and 14827, Teamsters Local 205/211, and Pressmen's Union Local 24M/9N (which is a part of the Teamsters) who make up the Post-Gazette's distribution, advertising, and production divisions joined the picket which took place as part of day 44 of their strike which was organized by the Pittsburgh News Guild, a member of the CWA."
USA50234,"On 30 November 2022, more than 400 people gathered on the Pennsylvania State University campus in State College (Pennsylvania) to demonstrate in opposition to the death of Mahsa Amini in Iran as well as in remembrance of all those who died during the protests in Iran. Members of the Penn State Iranian Student Association participated in the demonstration which took place as part of a worldwide series of demonstrations organized by the Iranian Scholars for Liberty."
USA50235,"On 30 November 2022, an unreported number of people gathered on the Pennsylvania State University campus in State College (Pennsylvania) in opposition to the University's use of Nike to make their college apparel in response to the discovery of labor rights violations in Thailand. The protest was organized by the Penn State Chapter of United Students Against Sweatshops."
USA52825,"On 29 November 2022, an unreported number of people demonstrated outside of Sen. Pat Toomey's office in Philadelphia (Pennsylvania) in opposition to the Senator. The protest was organized by Tuesdays with Toomey."
USA50227,"On 29 November 2022, more than 200 people gathered along Centre Avenue in Reading (Pennsylvania) to call for action to address a rise in a hatred for marginalized groups and restrict access to high-powered weapons as well as to honor those who died in the 19 November Club Q, an LGBT+ club, shooting in Colorado Springs, Colorado, especially one of the victims who was from the area. A Protestant Christian pastor, State Senator Judy Schwank (D), Reading Mayor Eddie Moran (D), members of the man's family, and members of the LGBT Center of Greater Reading participated in the vigil."
USA50223,"On 29 November 2022, about three dozen people demonstrated outside of the Governor's office in Pittsburgh (Pennsylvania) to call on incoming Governor-elect Josh Shapiro to fix the state's unemployment system. Members of USW Local 14034, Keystone Research Center, and Mon Valley Unemployed as well as State Rep. Sara Innamorato (D) participated in the rally."
USA50214,"On 28 November 2022, dozens of people gathered in Harrisburg (Pennsylvania) to call for justice in the death of a teen who was shot on 26 November as well as to honor his life. Members of the boy's family were in attendance."
USA50216,"On 28 November 2022, about 50 people gathered outside of Prince of Subs in Lancaster (Pennsylvania) to call for the person responsible for killing a man outside of the restaurant on 27 November to turn themselves in as well as to honor his life. Members of the man's family as well as Protestant Christian pastor participated in the event."
USA50220,"On 28 November 2022, an unreported number of people demonstrated in Pittsburgh (Pennsylvania) to call for the Pittsburgh Post-Gazette to return to the negotiating table to give workers a better contract. The picket took place as part of day 42 of their strike which was organized by the Pittsburgh News Guild, a member of the CWA."
USA50199,"On 26 November 2022, several people demonstrated in State College (Pennsylvania) to call for legislation to address climate change. The members of Pennsylvania Action on Climate strung a rope across College Avenue to block traffic for around 10 minutes during which the police came and told them to move or they would face arrest. The protesters left without incident."
USA50032,"On 25 November 2022, an unreported number of people demonstrated outside of a Whole Foods in Philadelphia (Pennsylvania) as part of 'Make Amazon Pay' to call for better pay and working conditions for workers at Amazon. Members of Our Revolution participated in the protest which took place as part of a worldwide series of walkouts and strikes against Amazon to coincide with Black Friday."
USA50042,"On 23 November 2022, between 50 and 70 students staged a walkout and rally at Springdale Junior-Senior High School in Springdale (Pennsylvania) to demonstrate in opposition to a lack of teachers in the school district."
USA50036,"On 23 November 2022, an unreported number of people demonstrated in Pittsburgh (Pennsylvania) to call for the Pittsburgh Post-Gazette to return to the negotiating table to give workers a better contract. The picket took place as part of day 37 of their strike which was organized by the Pittsburgh News Guild, a member of the CWA."
USA52824,"On 22 November 2022, an unreported number of people demonstrated outside of Sen. Pat Toomey's office in Philadelphia (Pennsylvania) in opposition to the Senator. The protest was organized by Tuesdays with Toomey."
USA50037,"On 22 November 2022, an unreported number of people demonstrated in Pittsburgh (Pennsylvania) to call for the Pittsburgh Post-Gazette to return to the negotiating table to give workers a better contract. The picket took place as part of day 36 of their strike which was organized by the Pittsburgh News Guild, a member of the CWA."
USA50035,"On 21 November 2022, an unreported number of people demonstrated in Pittsburgh (Pennsylvania) to call for the Pittsburgh Post-Gazette to return to the negotiating table to give workers a better contract. The picket took place as part of day 35 of their strike which was organized by the Pittsburgh News Guild, a member of the CWA."
USA50031,"On 20 November 2022, an unreported number of people gathered in Fish Park in Philadelphia (Pennsylvania) to call for increased pedestrian safety infrastructure as well as to honor the lives of those who have been killed in traffic collisions while cycling. State Rep. Mary Jo Daley (D), State Rep. Darisha Parker (D), and State Sen. Sharif Street (D) as well as members of the Bicycle Coalition of Greater Philadelphia, Families for Safe Streets, Called to Serve CDC, North10 Philadelphia, and the Philadelphia Office of Transportation, Infrastructure, and Sustainability participated in the vigil which took place as part of World Day of Remembrance."
USA50014,"On 19 November 2022, two men approached a Black student who was walking near the campus of Lehigh University in Bethlehem (Pennsylvania) in the early morning hours. One of the perpetrators used a racial epithet when calling out to the man before confronting him, then one of the perpetrators hit the student in the face which led to a 'laceration and swelling of his lip.' The victim left the area and called the police, but the perpetrators had already left the area. The victim described the perpetrators as white, and the police are currently investigating the assault."
USA50033,"On 19 November 2022, about 75 people demonstrated outside of the Duquesne Club in Pittsburgh (Pennsylvania), where the publisher of the Pittsburgh Post-Gazette was holding his wedding reception, to call for the company to return to the negotiating table to give workers a better contract. The picket took place as part of day 33 of their strike which was organized by the Pittsburgh News Guild, a member of the CWA."
USA50224,"On 19 November 2022, about two dozen workers demonstrated outside of Carnegie Science Center in Pittsburgh (Pennsylvania) to call for a fair contract for workers as well as to call for the museum to bargain in 'good faith' with the workers' union. The workers are members of United Museum Workers, an affiliate of the USW."
USA50034,"On 18 November 2022, an unreported number of people demonstrated in Pittsburgh (Pennsylvania) to call for the Pittsburgh Post-Gazette to return to the negotiating table to give workers a better contract. The picket took place as part of day 32 of their strike which was organized by the Pittsburgh News Guild, a member of the CWA."
USA49854,"On 17 November 2022, 10 workers demonstrated outside the University City Starbucks in Philadelphia (Philadelphia) in opposition to low wages and unfair working conditions at Starbucks as well as to call on the company to meaningfully negotiate with unionized workers. An unreported number of workers also picketed outside the Starbucks at 22nd and South, 20th and Market, and Broad and Spring Garden. State Sen. Nikil Saval (D) as well as members of PJB Workers United (affiliated with the SEIU), Philly DSA, and Philly Socialists joined the protest which took place as part of the 'Red Cup Rebellion' organized by Starbucks Workers United to coincide with the company's busiest day of the year."
USA49862,"On 17 November 2022, an unreported number of workers demonstrated outside the Hampton Shoppes Starbucks in Allison Park (Pennsylvania) in opposition to low wages and unfair working conditions at Starbucks as well as to call on the company to meaningfully negotiate with unionized workers. The protest took place as part of the 'Red Cup Rebellion' organized by Starbucks Workers United to coincide with the company's busiest day of the year."
USA49861,"On 17 November 2022, an unreported number of workers demonstrated outside the Liberty and Baum Starbucks in Pittsburgh (Pennsylvania) in opposition to low wages and unfair working conditions at Starbucks as well as to call on the company to meaningfully negotiate with unionized workers. Four other Starbucks locations in the city were also on strike. The protest took place as part of the 'Red Cup Rebellion' organized by Starbucks Workers United to coincide with the company's busiest day of the year."
USA49830,"On 17 November 2022, an unreported number of students rallied in State College (Pennsylvania) to demonstrate against the death of Mahsa Amini in Iran as well as against the Russian invasion of Ukraine. The rally was organized by Penn State's Ukrainian Society and Iranian Student Association."
USA49873,"On 16 November 2022, an unreported number of people demonstrated outside of City Hall in Philadelphia (Pennsylvania) to call on the government to take action to protect the endangered Atlantic Sturgeon. Members of the Delaware Riverkeeper Network participated in the demonstration."
USA50205,"On 16 November 2022, an unreported number of people rallied in York (Pennsylvania) to call for all votes to be counted in the midterm elections. Members of We are CASA organized the protest."
USA49867,"On 16 November 2022, an unreported number of people demonstrated in Pittsburgh (Pennsylvania) to call for their company, Pittsburgh Post Gazette, to return to the negotiating table to give workers a better contract. The picket took place as part of day 30 of their strike which was organized by the Pittsburgh News Guild, a member of the CWA."
USA49863,"On 15 November 2022, an unreported number of people rallied in the Capitol Rotunda in Harrisburg (Pennsylvania) to call for an end to human trafficking. State Representative Sheryl Delozier (R) and State Sen. Camera Bartolotta (R) as well as members of the YWCA spoke at the event which was organized by the Zonta Club of Harrisburg-Hershey (an affiliate of the women's service organization Zonta International)."
USA52830,"On 15 November 2022, an unreported number of people demonstrated outside of Sen. Pat Toomey's office in Philadelphia (Pennsylvania) in opposition to the Senator. Philadelphia City Councilmember Helen Gym (D) participated in the protest which was organized by Tuesdays with Toomey."
USA49846,"On 15 November 2022, an unreported number of people demonstrated in Pittsburgh (Pennsylvania) to call for their company, Pittsburgh Post Gazette, to return to the negotiating table to give workers a better contract. The picket took place as part of day 29 of their strike which was organized by the Pittsburgh News Guild, a member of the CWA."
USA49845,"On 15 November 2022, an unreported number of flight attendants picketed at Philadelphia International Airport (Pennsylvania) to call for higher wages and the end to American Airlines' attempts to delay contract negotiations. The picket took place as part of a nationwide series of pickets by American Airlines flight attendants organized by their union, the AFA-CWA."
USA49832,"On 14 November 2022, around 50 people demonstrated in Mellon Square in Pittsburgh (Pennsylvania) to call for their company, Pittsburgh Post Gazette, to return to the negotiating table to give workers a better contract. Members of the AFSCME joined the picket which took place as part of day 28 of their strike which was organized by the Pittsburgh News Guild, a member of the CWA."
USA49836,"On 14 November 2022, an unreported number of people rallied in Public Square in Wilkes-Barre (Pennsylvania) to call for every vote to be counted and to 'protect the vote.' Members of Action Together NEPA participated in the protest."
USA49848,"On 13 November 2022, about 30 people, the majority of whom were women, demonstrated at Independence Hall in Philadelphia (Pennsylvania) in opposition to medical transitions and gender recognition for transgender and nonbinary people. Several masked men, who were suspected of being members of the Proud Boys by counter-protesters, appeared alongside the anti-LGBT+ protesters. They were joined by between a few dozen to 100+ counter-protesters who demonstrated in support of transgender and nonbinary people."
USA49835,"On 13 November 2022, an unreported number of people rallied in Philadelphia (Pennsylvania) to call for Taney Street, which is named for the Supreme Court Chief Justice who wrote the Dred Scott decision, to be renamed to Lecount Street in honor of an activist from the city. Members of the Rename Taney Coalition participated in the protest."
USA49831,"On 12 November 2022, an unreported number of people marched in Philadelphia (Pennsylvania) in opposition to several infrastructure developments in the city as well as to call for a 'democratization' of development in the city. Members of Save UC Townhomes (which is made up of Penn faculty, students, community members, and a Black group known as the Black Bottom Tribe), Save the Meadows, Reclaim, Sunrise Movement, PSL, Philly Thrive, Cobbs Creek EJ, and VietLead (a Vietnamese organization) participated in the demonstration."
USA49615,"On 11 November 2022, an unreported number of people demonstrated outside of Reading High School in Reading (Pennsylvania) to call for an end to gun violence. State Rep. Manny Guzman (D) and unenumerated Christian pastors participated in the demonstration."
USA49614,"On 11 November 2022, an unreported number of people demonstrated in Pittsburgh (Pennsylvania) to call for their company, Pittsburgh Post Gazette, to return to the negotiating table to give workers a better contract. The picket took place as part of day 25 of their strike which was organized by the Pittsburgh News Guild, a member of the CWA."
USA49613,"On 10 November 2022, an unreported number of people demonstrated in Pittsburgh (Pennsylvania) to call for their company, Pittsburgh Post Gazette, to return to the negotiating table to give workers a better contract. Allegheny County Councilwoman Bethany Hallam (D) joined the picket which took place as part of day 24 of their strike which was organized by the Pittsburgh News Guild, a member of the CWA."
USA49608,"On 8 November 2022, an unreported number of people marched outside the Erie County Courthouse in Erie (Pennsylvania) as part of a silent peace walk to call for 'free and fair elections' and a 'peaceful transition of power' in the United States amid the midterm elections. Members of the Benedictines for Peace (a Catholic Christian group) participated in the walk."
USA49610,"On 8 November 2022, an unreported number of people demonstrated in Pittsburgh (Pennsylvania) to call for their company, Pittsburgh Post Gazette, to return to the negotiating table to give workers a better contract. The picket took place as part of day 22 of their strike which was organized by the Pittsburgh News Guild, a member of the CWA."
USA49611,"On 7 November 2022, an unreported number of people demonstrated in Pittsburgh (Pennsylvania) to call for their company, Pittsburgh Post Gazette, to return to the negotiating table to give workers a better contract. The picket took place as part of day 21 of their strike which was organized by the Pittsburgh News Guild, a member of the CWA."
USA49602,"On 5 November 2022, roughly a dozen people demonstrated in Allentown (Pennsylvania) in opposition to the departure of the Allentown School District Superintendent and the way in which the District handled it. Members of the NAACP and Allentown School Board Vice President Lisa Conover (D) participated in the demonstration."
USA49612,"On 4 November 2022, an unreported number of people demonstrated in Pittsburgh (Pennsylvania) to call for their company, Pittsburgh Post Gazette, to return to the negotiating table to give workers a better contract. The picket took place as part of day 18 of their strike which was organized by the Pittsburgh News Guild, a member of the CWA."
USA49476,"On 3 November 2022, more than 100 people demonstrated on the Pennsylvania State University campus in State College (Pennsylvania) as part of the 'We Believe in Anti-Racism and Racial Justice at Penn State' rally to call for the University to reverse its decision to cancel the creation of the Center for Racial Justice, which was announced in the wake of the 2020 Black Lives Matter protests, as well as in opposition to the University's handling of an event the prior week featuring Gavin McInnes which led to confrontation between protesters and far-right groups. Students, professors, and State College Borough Councilmember Divine Lipscomb (D) participated in the protest."
USA49429,"On 3 November 2022, an unreported number of people demonstrated in Pittsburgh (Pennsylvania) to call for their company, Pittsburgh Post Gazette, to return to the negotiating table to give workers a better contract. The picket took place as part of day 17 of their strike which was organized by the Pittsburgh News Guild, a member of the CWA."
USA49268,"On 1 November 2022, around 600 students demonstrated at Academy Park High School in Sharon Hill (Pennsylvania) in opposition to a new school dress code policy which banned the wearing of hoodies. During the demonstration, some students began damaging property inside the school which then devolved into fights between students inside and outside of the school. The students fighting each other were not counter-demonstrating one another. Police and school employees were also 'attacked' by students. So far, 10 students have been arrested for their participation in the rioting which followed."
USA52823,"On 1 November 2022, an unreported number of people demonstrated outside of Sen. Pat Toomey's office in Philadelphia (Pennsylvania) in opposition to the Senator as well as in opposition to Senate candidate Mehmet Oz. The protest was organized by Tuesdays with Toomey."
USA49430,"On 1 November 2022, an unreported number of people demonstrated in Pittsburgh (Pennsylvania) to call for their company, Pittsburgh Post Gazette, to return to the negotiating table to give workers a better contract. Pittsburgh City Councilmember Bruce Kraus (D) joined the picket which took place as part of day 15 of their strike which was organized by the Pittsburgh News Guild, a member of the CWA."
USA49428,"On 31 October 2022, an unreported number of people demonstrated throughout Pittsburgh (Pennsylvania) to call for their company, Pittsburgh Post Gazette, to return to the negotiating table to give workers a better contract. Members of the United Mine Workers of America joined the picket, which took place as part of day 14 of their strike which was organized by the Pittsburgh News Guild, a member of the CWA."
USA49480,"On 31 October 2022, Richard Ringer, who is running for the Pennsylvania State House as a Democrat, said he was attacked and knocked unconscious in his home in North Union Township near Uniontown (Pennsylvania). Ringer said he saw someone trying to open his garage door late at night, so he left his house to confront the unknown person. Ringer said that he then tackled the person, leading to a fight during which Ringer was hit on the head 'about ten times.' The candidate had previously had a threatening message graffitied on his home's garage door and said its windows had been broken with a brick in another incident."
USA49427,"On 29 October 2022, about 20 people gathered at a Home Depot in Philadelphia (Pennsylvania) in support of workers at the store who are attempting to unionize. Members of the AFSCME, Philadelphia Debt Collective, Temple Association of University Professionals (affiliated with the AFT), AFT Local 4531, Philadelphia Federation of Teachers (affiliated with the AFT), Philadelphia Carpenters Local 158, the International Alliance of Theatrical Stage Employees (IATSE) Local 52, and Amazonians United participated in the rally."
USA49281,"Training: Around 29 October 2022 (as reported), members of Patriot Front Network 10 held a sparring training in an undisclosed location in eastern Pennsylvania, coded as Allentown (Pennsylvania)."
USA49201,"On 28 October 2022, an unreported number of people demonstrated outside of the Pennsylvania Convention Center in Philadelphia (Pennsylvania) to call for the Biden Administration end Title 42, an immigration policy which blocks asylum seekers from entering the country on the basis of the coronavirus pandemic, and for the Berks Detention Center, a migrant women's facility, to be shut down. Members of Shut Down Berks Coalition participated in the protest."
USA49280,"Training: Around 28 October 2022 (as reported), members of Patriot Front Network 10 held a sparring training in an undisclosed location in eastern Pennsylvania, coded as Allentown (Pennsylvania)."
USA49206,"On 27 October 2022, over 150 workers demonstrated on the University of Pittsburgh campus in Pittsburgh (Pennsylvania) to call on the University to stop delaying contract negotiations with the faculty union. The workers are members of the Pitt Faculty Union (which is affiliated with USW)."
USA49431,"On 27 October 2022, at least dozens of workers demonstrated in Pittsburgh (Pennsylvania) to call for their company, Pittsburgh Post Gazette, to return to the negotiating table to give workers a better contract. Pittsburgh City Councilmember Bobby Wilson (D) joined the picket which took place as part of day 9 of their strike which was organized by the Pittsburgh News Guild, a member of the CWA."
USA49152,"On 27 October 2022, an unreported number of people demonstrated in McKeesport (Pennsylvania) to call for justice and accountability in the death of a teenager who died after doing drugs in a home with an acquaintance. The protest was organized by Take Action Advocacy Group."
USA49054,"On 26 October 2022, more than a dozen people demonstrated outside of the Lehigh County Courthouse in Allentown (Pennsylvania) in opposition to the dismissal of the Allentown School District Superintendent after less than a year and to call for an explanation for the dismissal. Allentown School Board Vice President Lisa Conover (D) and a Protestant Christian pastor participated in the protest which was organized by the Bethlehem NAACP."
USA49200,"On 26 October 2022, an unreported number of people demonstrated outside of the Juanita Kidd Stout Center for Criminal Justice in Philadelphia (Pennsylvania) in support of a man who was convicted of killing a police officer in 1981."
USA49335,"On 26 October 2022, four people demonstrated in Harrisburg (Pennsylvania) to call for their company, Pittsburgh Post-Gazette, to return to the negotiating table to give workers a better contract. Members of the Association of Pennsylvania State College and University Faculties joined the picket which took place as part of day 8 of their strike which was organized by the Pittsburgh News Guild, a member of the CWA."
USA49432,"On 26 October 2022, an unreported number of workers demonstrated in Pittsburgh (Pennsylvania) to call for their company, Pittsburgh Post-Gazette, to return to the negotiating table to give workers a better contract. State Rep. Malcolm Kenyatta (D) joined the picket which took place as part of day 8 of their strike which was organized by the Pittsburgh News Guild, a member of the CWA."
USA49117,"On 25 October 2022, an unreported number of workers demonstrated outside of the Capitol in Harrisburg (Pennsylvania) to call for their company to return to the negotiating table to give workers a better contract. State Rep. Nick Pisciottano (D) and state Rep. Dan Deasy (D) joined the picket which took place as part of a day 8 of their strike which was organized by the Pittsburgh News Guild, a member of the CWA."
USA49102,"On 25 October 2022, an unreported number of people rallied in Elizabethtown (Pennsylvania) in opposition to banning the book 'Me and Earl and the Dying Girl' from the Lancaster County School District's library. They were joined by an unreported number of counter-demonstrators who demonstrated in support of banning the book."
USA49433,"On 25 October 2022, an unreported number of workers demonstrated in Pittsburgh (Pennsylvania) to call for their company, Pittsburgh Post-Gazette, to return to the negotiating table to give workers a better contract. Rep. Conor Lamb (D) and members of the Association of Pennsylvania State College and University Faculties joined the picket which took place as part of day 7 of their strike which was organized by the Pittsburgh News Guild, a member of the CWA."
USA49198,"On 24 October 2022, an unreported number of people demonstrated in front of Dorrance Hamilton Hall in Philadelphia (Pennsylvania) to call for a 'fair contract' for faculty and staff members at the University of the Arts. Members of AFT Pennsylvania, Asian Pacific American Labor Alliance, and Philly AFL-CIO, as well as City Councilmember Kendra Brooks (WFP), State House of Representatives candidate Ben Waxman (D) participated in the rally which was organized by the United Academics of Philadelphia."
USA49103,"On 24 October 2022, an unreported number of people held a silent peace walk at Dobbins Landing in Erie (Pennsylvania) in opposition to the Bayfront Parkway Project which they argue would permanently harm the environment in the area. The protest was organized by Benedictines for Peace."
USA49118,"On 24 October 2022, dozens of people rallied at the State Capitol in Harrisburg (Pennsylvania) in support of abortion rights. Representatives of the National Network of Abortion Funds, Victims Resource Center, PA Stands Up, Working Families Party, Lancaster Stands Up, We the People, Philly DSA, Make the Road PA (a Latinx group), and Planned Parenthood of Southwest Pennsylvania, as well as state Rep. Elizabeth Fiedler (D), state Rep. Joanna McClinton (D), state Sen. Maria Collett (D), health workers, and a Unitarian Universalist minister participated in the rally."
USA49203,"On 24 October 2022, an unreported number of people demonstrated in Pittsburgh (Pennsylvania) to call for their company to return to the negotiating table to give workers a better contract. Senator Bob Casey (D) and US House of Representatives candidate Chris Deluzio (D) joined the picket which took place as part of a day 7 of their strike which was organized by the Pittsburgh News Guild, a member of the CWA."
USA49205,"On 24 October 2022, an unreported number of workers demonstrated outside of the McKnight Road Starbucks in Pittsburgh (Pennsylvania) in opposition to 'unfair labor conditions' at the company. Members of the Newspaper Guild of Pittsburgh (which is part of the CWA) joined the workers who are members of Pittsburgh Starbucks Workers United."
USA49247,"On 24 October 2022, hundreds of students demonstrated outside of the Thomas Building on the Pennsylvania State University campus in State College (Pennsylvania) in opposition to an event being hosted by the University which featured the founder of the Proud Boys, Gavin McInnes. Among the demonstrators were members of the Penn State student anti-Fascists and supporters of the Black Lives Matter movement. The demonstration was organized by SCDS: Student Committee for Defense and Solidarity. A group of Proud Boys was also present to counter the student demonstrators. At some point during the demonstration, a student was arrested after he managed to move from the crowd of demonstrators to behind horse-mounted officers, 'caused a horse to react,' and refused to return to the crowd. The event was later canceled due to 'escalating violence.' In one instance, a member of the Proud Boys fought with a demonstrator in an incident that the Proud Boy initiated. In another instance, a pro-event counter-demonstrator affiliated with White Lives Matter sprayed mace at about a dozen demonstrators and a journalist."
USA49199,"On 22 October 2022, about 70 students disrupted the UPenn/Yale football game at Franklin Stadium in Philadelphia (Pennsylvania) to call on the University of Pennsylvania to divest funds from fossil fuels, voluntarily pay property taxes to the city of Philadelphia, and to help prevent the eviction of residents of the UC Townhomes. Most of the protesters walked off of the field after 30 minutes under threat of arrests. The remaining 19 protesters were arrested. The protesters that were not arrested then marched to the police precinct and demonstrated outside until the arrested protesters were released. The protesters were members of Fossil Free Penn."
USA49134,"On 22 October 2022, around 40 people demonstrated on the Maple Avenue intersection of Route 413 in Langhorne (Pennsylvania) in opposition to the Pennsylvania Department of Transportation's plan to funnel northbound traffic from Route 1 through Route 413 as they argue it will increase traffic and decrease safety. Langhorne City Councilmember Kathleen Horwatt (R) participated in the protest which was organized by No Cloverleaf."
USA49204,"On 22 October 2022, an unreported number of people demonstrated in front of the house of the Pittsburgh Post-Gazette publisher in the Shadyside neighborhood of Pittsburgh (Pennsylvania) to call for their company to return to the negotiating table to give workers a better contract. Members of CWA Local 13000, Pennsylvania State Education Association (affiliated with the NEA), Pennsylvania Federation of Teachers (affiliated with the AFT), SAG-AFTRA (affiliated with the AFL-CIO and IATSE), the Allegheny County Green Party, University of Pittsburgh faculty, and Pittsburgh Starbucks Workers United joined the picket which took place as part of day 5 of their strike which was organized by the Pittsburgh News Guild, a member of the CWA."
USA49006,"On 21 October 2022, between 80 and 100 people, including students and members of the Iranian-American community, rallied on the University of Pittsburgh campus in Pittsburgh (Pennsylvania) to demonstrate against the death of Mahsa Amini in Iran. Members of the Middle Eastern North African Student Association as well as teachers attended the protest which was organized by Human Chain PGH."
USA49434,"On 21 October 2022, an unreported number of workers demonstrated in Pittsburgh (Pennsylvania) to call for their company, Pittsburgh Post-Gazette, to return to the negotiating table to give workers a better contract. The picket took place as part of day 4 of their strike which was organized by the Pittsburgh News Guild, a member of the CWA."
USA48998,"On 20 October 2022, an unreported number of people rallied across from City Hall in Philadelphia (Pennsylvania) to call for free and fair elections as well as to condemn voter suppression and intimidation. City Councilmember Kendra Brooks (WFP), City Councilmember Jamie Gauthier (D), and Philadelphia District Attorney Larry Krasner (D) as well as members of the SEIU, League of Women Voters, and Common Defense (a veterans' organization) participated in the rally which was organized by PA Working Families Party, Philly Neighborhood Networks, Free the Ballot, and Common Defense as part of a nationwide series of 'Our Freedoms, Our Vote' rallies spearheaded by Common Defense."
USA48933,"On 20 October 2022, approximately 10 people demonstrated outside of the Blair County Prison in Hollidaysburg (Pennsylvania) to call for justice in the death of a correctional officer that was killed by an inmate attempting to escape in November 2021 as well as to call for more safety measures for correctional officers in the prison."
USA49004,"On 20 October 2022, an unreported number of workers picketed outside of the offices of the Pittsburgh Post-Gazette and the Market Square Farmers Market in Pittsburgh (Pennsylvania) to call for their company to return to the negotiating table to give workers a better contract. Members of the Allegheny-Fayette County Labor Council, Teamsters, and Allegheny County House Democratic Delegation as well as State Reps. Jessica Benham (D), Anita Astorino Kulik (D), Sara Innamorato (D), Summer Lee (D), Dan Miller (D), and Nick Pisciottano (D); State Sen. Lindsey Williams (D); Allegheny County Controller Corey O'Connor (D); former Pennsylvania State Auditor Eugene DePasquale (D); Pittsburgh City Controller Michael Lamb (D); and Deputy City Controller Rachael Heisler joined the picket which took place as part of a day 3 of their strike which was organized by the Pittsburgh News Guild, a member of the CWA."
USA49001,"On 19 October 2022, an unreported number of people rallied in Pittsburgh (Pennsylvania) to call for a 'fair contract' and higher pay for workers at The Children's Institute. The workers are members of AFT Local 1372 and were joined by members of the Allegheny-Fayette County Labor Council."
USA49003,"On 19 October 2022, an unreported number of workers picketed outside of the offices of the Pittsburgh Post-Gazette and US Steel Tower in Pittsburgh (Pennsylvania) to call for their company to return to the negotiating table to give workers a better contract. Members of the Allegheny-Fayette County Labor Council, Washington-Baltimore News Guild, and IUE-CWA Local 22 joined the picket which took place as part of a day 2 of their strike which was organized by the Pittsburgh News Guild, a member of the CWA."
USA52822,"On 18 October 2022, an unreported number of people demonstrated outside of Sen. Pat Toomey's office in Philadelphia (Pennsylvania) in opposition to the Senator. The protest was organized by Tuesdays with Toomey."
USA49002,"On 18 October 2022, an unreported number of workers picketed outside of the offices of the Pittsburgh Post-Gazette in Pittsburgh (Pennsylvania) to call for their company to return to the negotiating table to give workers a better contract. The picket took place as part of a day 1 of their strike which was organized by the Pittsburgh News Guild, a member of the CWA."
USA49005,"On 17 October 2022, an unreported number of people demonstrated outside of Mount Lebanon High School in Pittsburgh (Pennsylvania) to call for a living wage for clerical staff and education support workers in the district. The demonstrators included members of the Mt. Lebanon Education Support Professionals Association."
USA48852,"On 16 October 2022, an unreported number of people gathered outside Saint Paul Episcopal Church in Mount Lebanon (Pennsylvania) to call for the end to gun violence and to honor those killed by gun violence in the community. A Protestant Christian Reverend participated in the event."
USA63957,"Around 16 October 2022 (as reported), White Lives Matter affiliates and Embrace Struggle Active Club affiliates (loosely affiliated with the Rise Above Movement) gathered in Morrisville (Pennsylvania) to demonstrate in favor of White Lives Matter and promote the group."
USA63953,"On 15 October 2022, White Lives Matter affiliates gathered in Narberth (Pennsylvania) to demonstrate in favor of White Lives Matter and promote the group."
USA48860,"On 15 October 2022, dozens of people marched through Philadelphia (Pennsylvania) as part of the 'Million Kids March' to call for the city to take action against gun violence, such as by calling in the National Guard. The protest was organized by Us Against Gun Violence."
USA63954,"Other: Around 15 October 2022 (as reported), White Lives Matter affiliates dropped a banner in Narberth (Pennsylvania) that read 'Stop White Genocide' and promote the group."
USA63955,"Non-violent activity: Around 15 October 2022 (as reported), white supremacist fliers were disseminated in Narberth (Pennsylvania) which promoted White Lives Matter."
USA48829,"On 14 October 2022, an unreported number of people, including nurses, demonstrated outside of the Pennsylvania Convention Center in Philadelphia (Pennsylvania) to call for safe staffing in hospitals. The nurses and other workers are represented by Temple University Hospital Nurses Association and Temple Allied Professionals."
USA48999,"On 14 October 2022, an unreported number of workers picketed outside of the Philadelphia Museum of Art in Philadelphia (Pennsylvania) to call for higher wages for museum workers. The picket took place as part of day 19 of a strike organized by AFSCME DC 47 Local 397."
USA48830,"On 14 October 2022, more than 50 people gathered for a protest and vigil in the Bloomfield neighborhood of Pittsburgh (Pennsylvania) to call for justice in the death of a Black man who died after being tased eight times by local police officers and in support of the Black Lives Matter movement. The vigil was organized on the one year anniversary of the man's death."
USA48783,"On 12 October 2022, an unreported number of workers picketed outside of the Philadelphia Museum of Art in Philadelphia (Pennsylvania) to call for higher wages for museum workers. The picket took place as part of day 17 of a strike organized by AFSCME DC 47 Local 397."
USA49274,"On 12 October 2022, around two hundred students marched around West Chester University in West Chester (Pennsylvania) in opposition to sexual assault and domestic violence. Members of the Panhellenic and Interfraternity Councils and The Crime Victim's Center of Chester County participated in the protest."
USA48754,"On 11 October 2022, an unreported number of people demonstrated on the campus of Temple University in Philadelphia (Pennsylvania) to call for 'fair pay for TAs and RAs, respect for [..] students, and a safer campus for international workers.' Members of the Pennsylvania AFT, and TUGSA local 6290 (an AFT affiliated union for TAs and RAs), as well as State Reps. Elizabeth Fiedler (D), Rick Krajewski (D), Malcolm Kenyatta (D), Chris Rab (D), and Joe Hohenstein (D), and Philadelphia City Councilmembers Isaiah Thomas (D and Helen Gym (D) participated in the rally."
USA48755,"On 11 October 2022, an unreported number of workers picketed outside of the Philadelphia Museum of Art in Philadelphia (Pennsylvania) to call for higher wages for museum workers. Members of Boston Museum of Fine Arts union (UAW Local 2110) participated in the picket which took place as part of day 16 of a strike organized by AFSCME DC 47 Local 397."
USA52821,"On 11 October 2022, an unreported number of people demonstrated outside of Sen. Pat Toomey's office in Philadelphia (Pennsylvania) in opposition to the Senator and Gubernatorial candidate Doug Mastriano. The protest was organized by Tuesdays with Toomey."
USA48756,"On 11 October 2022, about 50 people gathered for a vigil and demonstration on the University of Pittsburgh campus in Pittsburgh (Pennsylvania) to demonstrate against the death of Mahsa Amini in Iran. Students and professors participated in the vigil which was organized by the University's Middle Eastern and North African Student Association."
USA48734,"Training: Around 11 October 2022 (as reported), members of Patriot Front Network 10 held a sparring training in an undisclosed location in eastern Pennsylvania, coded as Allentown (Pennsylvania)."
USA49000,"On 10 October 2022, dozens of people held a pro-Ukraine, anti-Russia rally in front of City Hall in Philadelphia (Pennsylvania) in support of Ukraine amidst the Russian invasion and in light of a renewed wave of missile strikes throughout the country in alleged retaliation for the bombing of the bridge connecting Russia and Crimea. Members of the Ukrainian community and the group Ukrainian Human Rights participated in the protest."
USA48720,"On 10 October 2022, an unreported number of workers picketed outside of the Philadelphia Museum of Art in Philadelphia (Pennsylvania) to call for higher wages for museum workers. The picket took place as part of day 15 of a strike organized by AFSCME DC 47 Local 397."
USA48687,"On 9 October 2022, an unreported number of workers picketed outside of the Philadelphia Museum of Art in Philadelphia (Pennsylvania) to call for higher wages for museum workers. Members of the New Haven Federation of Teachers Local 933 (an affiliate of the AFT) participated in the picket which took place as part of day 14 of a strike organized by AFSCME DC 47 Local 397."
USA48646,"On 8 October 2022, an unreported number of workers picketed outside of the Philadelphia Museum of Art in Philadelphia (Pennsylvania) to call for higher wages for museum workers. Philadelphia Ward 2 Committeeperson Will Gross (D), Philadelphia District Attorney Larry Krasner (D), and representatives of the AFL-CIO and Philadelphia DSA participated in the picket which took place as part of day 13 of a strike organized by AFSCME DC 47 Local 397."
USA48574,"On 8 October 2022, an unreported number of people demonstrated on the 17th Street Bridge in Altoona (Pennsylvania) in support of conservative candidates running for election in November 2022. The protest was organized by Push Back PA."
USA48600,"On 8 October 2022, an unreported number of people demonstrated outside of the Clarion County Courthouse in Clarion (Pennsylvania) in support of abortion. Members of Indivisible: Outcry participated in the protest, which took place as part of the nationwide series of protests 'Women's Wave' organized by the Women's March."
USA48608,"On 8 October 2022, around 400 people demonstrated in Perry Square in Erie (Pennsylvania) in support of abortion as well as equal pay and access to healthcare for women. Former County Executive Kathy Dahlkemper (D), Millcreek Township Supervisor Kim Clear (D), and Erie City Councilmember Jasmine Flores (D) spoke at the protest, which took place as part of the nationwide series of protests 'Women's Wave' organized by the Women's March."
USA48648,"On 8 October 2022, an unreported number of people demonstrated in Philadelphia (Pennsylvania) in support of abortion. Students and Pennsylvania Congressional candidate Alexandra Hunt (D) participated in the protest, which took place as part of the nationwide series of protests 'Women's Wave' organized by the Women's March."
USA48650,"On 8 October 2022, hundreds of people demonstrated in font of the City-County Building in Pittsburgh (Pennsylvania) in support of abortion. Pittsburgh Mayor Ed Gainey (D), Pittsburgh City Controller Michael Lamb (D), State Rep. candidate Chris Todd (D), State Rep. Emily Kinkead (D), and representatives of Women's March Pittsburgh, Squirrel Hill Stands Against Gun Violence, Pittsburgh Democratic Committee, and 1Hood participated in the protest, which took place as part of the nationwide series of protests 'Women's Wave' organized by the Women's March."
USA48647,"On 8 October 2022, an unreported number of people marched in Philadelphia (Pennsylvania) as part of the 'Philly Trans March' in opposition to state proposals which target transgender youth and in support of transgender youth. Members of the Philadelphia Museum of Art union (which is represented by AFSCME DC 47 Local 397) spoke at the protest."
USA48667,"On 8 October 2022, dozens of people, including students, demonstrated in front of the Allen Street Gates at the Penn State University campus in State College (Pennsylvania) in support of abortion. Representatives of Paul Takac for State Representative, State Rep. candidate Paul Takac (D), CentreSafe, Penn State's Register Her, State College Mayor Ezra Nanes (D), and Penn State's Gender Equity Coalition participated in the protest, which took place as part of the nationwide series of protests 'Women's Wave' organized by the Women's March."
USA48504,"On 7 October 2022, an unreported number of workers picketed outside of the Philadelphia Museum of Art in Philadelphia (Pennsylvania) to call for higher wages for museum workers. State Sen. Nikil Saval (D) participated in the picket which took place as part of day 12 of a strike organized by AFSCME DC 47 Local 397."
USA48505,"On 7 October 2022, about 100 students demonstrated on the University of Pittsburgh campus in Pittsburgh (Pennsylvania) to call on the University to enhance student safety and to condemn a sexual assault of a female student that occurred on campus earlier in the week."
USA48570,"On 7 October 2022, about 20 students demonstrated on the University of Pittsburgh campus in Pittsburgh (Pennsylvania) to call on the University to divest from investments which contribute to environmental degradation. The protests are organized by Fossil Free Pitt."
USA48495,"On 6 October 2022, an unreported number of workers picketed outside of the Pittsburgh Post-Gazette production facility in Clinton (Pennsylvania) in opposition to the company's decision to terminate their health insurance as well as the lack of raises and contract. Workers are represented by Communications Workers of America Locals 14842 and 14827, Teamsters Local 205/211, and Pressmen's Union Local 24M/9N (which is a part of the Teamsters)."
USA48499,"On 6 October 2022, an unreported number of workers picketed outside of the Philadelphia Museum of Art in Philadelphia (Pennsylvania) to call for higher wages of museum workers. State Rep. Jordan Harris (D) participated in the picket which took place as part of day 11 of a strike organized by AFSCME DC 47 Local 397."
USA48492,"On 5 October 2022, an unreported number of workers picketed outside of the Philadelphia Museum of Art in Philadelphia (Pennsylvania) to call for higher wages of museum workers. House candidate Ben Waxman (D) participated in the picket which took place as part of day 10 of a strike organized by AFSCME DC 47 Local 397."
USA48493,"On 5 October 2022, an unreported number of people, including students, demonstrated at the Allen Street Gates at Penn State in State College (Pennsylvania) to demonstrate against the death of Mahsa Amini in Iran."
USA48487,"On 4 October 2022, an unreported number of workers picketed outside of the Philadelphia Museum of Art in Philadelphia (Pennsylvania) to call for higher wages of museum workers. The picket took place as part of day 9 of a strike organized by AFSCME DC 47 Local 397."
USA48482,"On 3 October 2022, an unreported number of workers picketed outside of the Philadelphia Museum of Art in Philadelphia (Pennsylvania) to call for higher wages of museum workers. City Council candidate Terrill Haigler and members of the Save UC Townhomes Coalition (which is made up of Penn faculty, students, community members, and a Black group known as the Black Bottom Tribe) participated in the picket which took place as part of day 8 of a strike organized by AFSCME DC 47 Local 397."
USA48483,"On 3 October 2022, an unreported number of students demonstrated on the Pennsylvania State University campus in State College (Pennsylvania) in opposition to PA Senate Bill 106 which would restrict access to abortion and raise the legal voting age to 21. The rally was organized by Students for Takac."
USA48471,"On 2 October 2022, an unreported number of workers picketed outside of the Philadelphia Museum of Art in Philadelphia (Pennsylvania) to call for higher wages of museum workers. Philadelphia Ward 2 Committeeperson Will Gross (D), State Rep. candidate Tarik Khan (D), and members of the American Association of University Professors participated in the picket which took place as part of day 7 of a strike organized by AFSCME DC 47 Local 397."
USA48464,"On 1 October 2022, an unreported number of workers picketed outside of the Philadelphia Museum of Art in Philadelphia (Pennsylvania) to call for higher wages of museum workers. Philadelphia Ward 2 Committeeperson Will Gross (D), City Council candidate Terrill Haigler, and members of Unite Here and the Museum Council of Greater Philadelphia participated in the picket which took place as part of day 6 of a strike organized by AFSCME DC 47 Local 397."
USA48463,"On 1 October 2022, dozens of people rallied in Binns Park in Lancaster (Pennsylvania) in support for transgender rights and to call for action against hate crimes targeting transgender people."
USA48469,"On 1 October 2022, 500 people marched in West Chester (Pennsylvania) as part of 'OutFest' in support of the LGBT+ community. West Chester Mayor Lillian DeBaptiste (D), Chester County Commissioner Josh Maxwell (D), Chester County Recorder of Deeds Chris Pielli (D), unenumerated West Chester Area School Board members, and members of the West Chester Alliance for Social Justice participated in the event. They were joined by 10 counter-protesters who demonstrated in opposition to the event."
USA48465,"On 1 October 2022, more than 300 people, including Iranian-Americans, demonstrated outside of the City-County Building in Pittsburgh (Pennsylvania) to demonstrate against the death of Mahsa Amini in Iran."
USA48068,"On 30 September 2022, about 30 people demonstrated outside of the Deja Vu Social Club in Philadelphia (Pennsylvania) in opposition to Republican gubernatorial candidate Doug Mastriano who was holding a town hall inside. Members of One Pennsylvania as well as State Sen. Sharif Street (D), State Rep. Danilo Burgos (D), and Philadelphia City Council candidate Quetcy Lozada participated in the protest."
USA48460,"On 30 September 2022, an unreported number of workers picketed outside of the Philadelphia Museum of Art in Philadelphia (Pennsylvania) to call for higher wages of museum workers. Members of the Asian Pacific American Labor Alliance (affiliated with the AFL-CIO), Transport Workers Union Local 513, IWW Local 8, Association of Pennsylvania State College and University Faculties, and Food Not Bombs as well as Philadelphia Councilmember Helen Gym (D) participated in the picket which took place as part of day 5 of a strike organized by AFSCME DC 47 Local 397."
USA48247,"On 29 September 2022, dozens of people gathered for a vigil in Harrisburg (Pennsylvania) to call for justice in the shooting death of a teenager as well as to honor the life of the deceased teen."
USA48067,"On 29 September 2022, an unreported number of workers picketed outside of the Philadelphia Museum of Art in Philadelphia (Pennsylvania) to call for higher wages of museum workers. State Rep. Rick Krajewski (D) and members of IUOE Local 30 (affiliated with the AFL-CIO) joined the picket which took place as part of day 4 of a strike organized by AFSCME DC 47 Local 397."
USA48458,"On 28 September 2022, an unreported number of workers picketed outside of the Philadelphia Museum of Art in Philadelphia (Pennsylvania) to call for higher wages of museum workers. The picket took place as part of day 3 of a strike organized by AFSCME DC 47 Local 397."
USA48552,"On 28 September 2022, an unreported number of people continued their camp out on the University of Pennsylvania campus green in Philadelphia (Pennsylvania) to call on the University to divest it's endowment money from fossil fuel investments. The encampment was organized by Fossil Free Penn."
USA48058,"On 27 September 2022, an unreported number of workers picketed outside of the Philadelphia Museum of Art in Philadelphia (Pennsylvania) to call for higher wages of museum workers. The picket took place as part of day 2 of a strike organized by AFSCME DC 47 Local 397."
USA52836,"On 27 September 2022, an unreported number of people demonstrated outside of Sen. Pat Toomey's office in Philadelphia (Pennsylvania) in opposition to the Senator and in support of workers' rights. Members of the SEIU International Lavender Caucus, Pennsylvania AFL-CIO Pride at Work, We Can't Wait PA, and the Movement for Black and Brown Lives of Montgomery County participated in the protest which was organized by Tuesdays with Toomey."
USA48043,"On 26 September 2022, nearly 200 workers picketed outside of the Philadelphia Museum of Art in Philadelphia (Pennsylvania) to call for higher wages of museum workers. State Sen. Nikil Saval (D) and members of the Philadelphia Federation of Teachers participated in the picket which was organized by AFSCME DC 47 Local 397."
USA48045,"On 26 September 2022, an unreported number of people rallied on College Green at the University of Pennsylvania in Philadelphia (Pennsylvania) to call on the University to divest from fossil fuels, provide funds to the tenants of the UC Townhomes, and contribute financially to Philadelphia schools. The rally was organized by Fossil Free Penn, a student-run environmental organization."
USA48044,"On 26 September 2022, an unreported number of people demonstrated outside of City Hall in Philadelphia (Pennsylvania) to call for an end to the use of horse-drawn carriages in the city. Members of PETA and American Wild Horse Campaign participated in the protest."
USA48046,"On 26 September 2022, more than 60 people marched down Forbes Avenue in Pittsburgh (Pennsylvania) to call for a ban on the use of facial recognition and in opposition to Carnegie Mellon University's role in 'amplifying mass surveillance.' The protest was organized by Against Carceral Tech."
USA48041,"On 25 September 2022, an unreported number of people marched through Temple University in Philadelphia (Pennsylvania) to call for an end to gun violence. The police association and students participated in the march."
USA48039,"On 24 September 2022, a small group of protesters demonstrated at Northern High School in York (Pennsylvania) in opposition to the Satanic Temple's back-to-school event. The protest was organized by TFP Student Action."
USA48035,"On 24 September 2022, around 20 people marched in Doylestown (Pennsylvania) in opposition to book censorship. Members of Advocates for Inclusive Education participated in the protest."
USA47990,"On 23 September 2022, an unreported number of people demonstrated along Robinson Road in Summit Township (Pennsylvania) in opposition to a company's plan to build a new senior-living apartment complex along the road."
USA47989,"On 23 September 2022, around 30 people picketed outside of the Carnegie Museum of Art in Pittsburgh (Pennsylvania) to call for a contract with higher wages for museum workers. The picketers were museum workers represented by the USW."
USA47988,"On 23 September 2022, an unreported number of people picketed outside of Temple University Hospital in Philadelphia (Pennsylvania) in opposition to understaffing and inadequate work benefits and pay for workers at the hospital. The picketers were nurses and other workers who are represented by Temple Allied Professionals union and Temple University Hospital Nurses Association, local affiliates of PASNAP."
USA47963,"On 22 September 2022, almost 100 people demonstrated in front of the Palmer Museum of Art in State College (Pennsylvania) to demonstrate against the death of Mahsa Amini in Iran. Many of the demonstrators were students from Iran."
USA47934,"On 21 September 2022, an unreported number of people rallied in front of City Hall in Philadelphia (Pennsylvania) in support of a proposed wealth tax in the city. City Councilmember Kendra Brooks (WFP), City Councilmember Jamie Gauthier (D), and representatives of AFSCME District Council 47, Faculty and Staff Federation of Community College of Philadelphia (an affiliate of the AFT and AFL-CIO), Tax the Rich PHL, AFSCME District Council 33, 32BJ SEIU, One Pennsylvania, Reclaim Philadelphia, PA Budget and Policy Center, and the PA Working Families Party participated in the rally."
USA47933,"On 21 September 2022, people demonstrated outside of Vanguard's Headquarters in Malvern (Pennsylvania) in opposition to the company's environmental record. Eight protesters were arrested for demonstrating on private property. The demonstrators were members of Earth Quaker Action Team and American Friends Society (part of the American Friends Service Committee)."
USA47935,"On 21 September 2022, dozens of people demonstrated on the Carnegie Mellon University campus in Pittsburgh (Pennsylvania) as part of the 'Youth Strike for Climate Justice Rally' to call for an end to governmental and academic research on 'false' climate solutions as well as to call for universities to divest from fossil fuels. Students as well as representatives of the Ohio River Valley Institute, Catskill Mountainkeeper, Pittsburgh Youth Climate Council, Navajo Tribal Group, Lummi Tribal Group, and Fossil Free Pitt participated in the rally."
USA47900,"On 20 September 2022, an unreported number of people rallied at the State Capitol in Harrisburg (Pennsylvania) in support of abortion rights. State Sen. Amanda Cappelletti (D), State Sen. Judy Schwank (D), an OGBYN, and representatives of the ACLU and Planned Parenthood Pennsylvania Advocates participated in the rally."
USA47901,"On 20 September 2022, an unreported number of people rallied at the State Capitol in Harrisburg (Pennsylvania) to call for an end to the criminal sentence 'life without parole.'"
USA56858,"On 20 September 2022, an unreported number of people demonstrated outside of Sen. Pat Toomey's office in Philadelphia (Pennsylvania) in opposition to the Senator and in support of freedom of the press. The protest was organized by Tuesdays with Toomey."
USA47874,"On 19 September 2022, between 5000 and 5500 people rallied at the State Capitol in Harrisburg (Pennsylvania) as part of the 'March for Life' in opposition to abortion rights and in support of the Supreme Court's decision in Dobbs v. Jackson which overturned Roe v. Wade. State Sen. Doug Mastriano (R), State Rep. David Maloney (R), State Speaker of the House Bryan Cutler (R), a doctor, former Senate Candidate Kathy Barnette, Catholic Christian parishioners, and representatives of March for Life and 40 Days for Life participated in the rally which was organized by the Pennsylvania Family Institute."
USA47844,"On 18 September 2022, an unreported number of people rallied outside of the UC Townhomes in Philadelphia (Pennsylvania) to call on city officials to act to prevent residents from being displaced from the low-income housing development. A Jewish rabbi as well as representatives of the Poor People's Campaign, Repairers of the Breach, and Save UC Townhomes Coalition (which is made up of Penn faculty, students, community members, and a Black group known as the Black Bottom Tribe) participated in the rally."
USA47843,"On 18 September 2022, about 50 people rallied in Dubois (Pennsylvania) in support of abortion rights. Congressional candidate Mike Molesevich (D) and House of Representatives candidate Erica Vogt (D) as well as members of Grandmothers for Reproductive Rights participated in the rally organized by Indivisible: Mayday."
USA47774,"On 16 September 2022, nearly 180 workers picketed outside of the Philadelphia Museum of Art, Perelman Annex, and Rodin Museum in Philadelphia (Pennsylvania) to call for better wages and benefits as well as an end to 'unfair labor practices.' The picket was part of a one-day warning strike by unionized laborers represented by AFSCME Local 397."
USA47754,"On 15 September 2022, an unreported number of people rallied in front of City Hall in Philadelphia (Pennsylvania) to call on the city council to take action against the decline of affordable housing in the city. City Council member Jamie Gauthier (D) spoke at the rally which was organized by the Philadelphia Coalition for Affordable Communities."
USA47789,"On 15 September 2022, an unreported number of people continued their camp out on the University of Pennsylvania campus green in Philadelphia (Pennsylvania) to call on the University to divest it's endowment money from fossil fuel investments. Members of the Save UC Townhomes Coalition (which is made up of Penn faculty, students, community members, and a Black group known as the Black Bottom Tribe) visited the encampment which was organized by Fossil Free Penn."
USA47747,"On 15 September 2022, an unreported number of people rallied on the Capitol steps in Harrisburg (Pennsylvania) to call on the Biden administration to extend Temporary Protected Status for immigrants from Central America. The rally was held to kick-off Hispanic Heritage Month by CASA in Action and Harrisburg City Councilmember Shamaine Daniels (D)."
USA47750,"On 15 September 2022, an unreported number of people demonstrated outside of First Hospital in Kingston (Pennsylvania) in opposition to the closure of various hospitals in the region which has drastically reduced the number of available patient beds. The rally was organized by Put People First."
USA47755,"On 15 September 2022, an unreported number of people demonstrated outside of the Mill Creek Recreation Center in Philadelphia (Pennsylvania) to call for an end to gun violence. The rally came in response to the shooting death of an employee at the rec center the week prior."
USA47729,"On 14 September 2022, nearly a dozen students demonstrated in the University Council meeting at the University of Pennsylvania in Philadelphia (Pennsylvania) in opposition to the loss of federal funding by the University's Middle East Center and to call on the University to fund it."
USA47730,"On 14 September 2022, an unreported number of students camped out overnight on the University of Pennsylvania campus green in Philadelphia (Pennsylvania) to call on the University to divest it's endowment money from fossil fuel investments. Fossil Free Penn participated in the protest."
USA47710,"Training: Around 14 September 2022 (as reported), members of Patriot Front held a sparring training in an undisclosed location in eastern Pennsylvania, coded as Allentown (Pennsylvania)."
USA52820,"On 13 September 2022, an unreported number of people demonstrated outside of Sen. Pat Toomey's office in Philadelphia (Pennsylvania) in opposition to the Senator. Members of Protect Our Vote Philly participated in the protest which was organized by Tuesdays with Toomey."
USA47662,"On 12 September 2022, a few dozen people rallied on the State Capitol steps in Harrisburg (Pennsylvania) as part of the 'Right to Keep and Bear Arms Rally' in support of gun ownership and the Second Amendment. State Rep. Daryl Metcalfe (R), State Rep. Kerry Benninghoff (R), State Rep. Rob Kauffman (R) as well as nearly 40 other unenumerated Republican lawmakers and representatives of Firearms Owners Against Crimes participated in the rally."
USA47645,"On 11 September 2022, dozens of people rallied in Johnstown (Pennsylvania) in support of abortion rights. Representatives of Women's March Pittsburgh attended the rally."
USA47623,"Other: On 10 September 2022, a man was seen driving erratically before entering a Dairy Queen in Delmont (Pennsylvania) armed with a handgun. The man claimed to be a 'prophet' who spoke to God and was working to restore Trump to the presidency and threatened to 'kill all the Democrats because Trump was still president.' The man was in possession of three loaded handguns and 62 rounds of ammunition at the time. He was involuntarily committed to the hospital and charged with terroristic threats, disorderly conduct, and firearms possession by a person not to be carrying firearms."
USA47626,"On 10 September 2022, about 70 people rallied in Nazareth Borough Park in Nazareth (Pennsylvania) to call for the Lehigh Valley to be more inclusive and to show support for an inclusion campaign in the city. The rally was organized in response to a letter sent to businesses displaying signs saying 'You Belong. You Matter.' by a local group called Parents for Choice Nazareth which claimed that the signs were promoting a political agenda, were sexualizing children, and that they would be boycotting businesses displaying the signs. A Protestant Christian pastor and Allentown Councilwoman Ce-Ce Gerlach spoke at the rally."
USA47629,"On 10 September 2022, more than 100 people gathered in Philadelphia (Pennsylvania) to call for an end to gun violence and to honor the life of a Parks and Rec employee who was shot and killed on 9 September when caught in the crossfire between two groups of teens."
USA47630,"On 10 September 2022, an unreported number of people marched in Pittsburgh (Pennsylvania) to call for an end to gun violence and to honor the lives of those who have died to gun violence in Allegheny county in 2022. The march was organized by Heeding God's Call and four Protestant Christian churches."
USA47596,"On 9 September 2022, an unreported number of people, including health workers, picketed outside of the Ridgeview Healthcare and Rehabilitation Center in Shenandoah (Pennsylvania) in opposition to 'unfair labor practices.' The picket was day 8 of a statewide nursing home strike by members of SEIU Healthcare PA."
USA47593,"On 9 September 2022, several dozen people demonstrated outside of the City-County Building in Pittsburgh (Pennsylvania) in opposition to an anti-LGBT+ 'free speech' event being held there as well as in support of LGBT+ people, particularly transgender people."
USA47563,"On 8 September 2022, hundreds of people, including health workers, marched from the State Capitol to the Department of Health in Harrisburg (Pennsylvania) to protest 'unfair labor practices' and to call on Governor Wolf to intervene in the SEIU's ongoing nursing home strike. The protest took part as day 7 of a statewide nursing home strike by members of SEIU Healthcare PA."
USA47548,"On 7 September 2022, hundreds of people demonstrated outside of City Hall in Philadelphia (Pennsylvania) to call for an outsider investor to purchase the University City Townhomes to preserve them as affordable housing and to call for the city to invest more funds into affordable housing. The protest was organized by the Save UC Townhomes Coalition (which is made up of Penn faculty, students, community members, and a Black group known as the Black Bottom Tribe)."
USA47607,"On 7 September 2022, an unreported number of people demonstrated outside of Great Valley High School in Malvern (Pennsylvania) in opposition to 'pornography' and 'obscene sexually explicit publications' available in the school district. The protest came after a woman's order for Emergency Injunctive Relief to remove the supposed material was denied by a judge. The woman was joined by people, including a Protestant Christian pastor and former Great Valley School Board member."
USA47535,"On 7 September 2022, an unreported number of people, including health workers, picketed outside of the Grove at Harmony in Harmony (Pennsylvania) in opposition to 'unfair labor practices.' The picket was day 6 of a statewide nursing home strike by members of SEIU Healthcare PA."
USA47553,"On 7 September 2022, an unreported number of people, including health workers, picketed outside of the Ridgeview Healthcare and Rehabilitation Center in Shenandoah (Pennsylvania) in opposition to 'unfair labor practices.' The picket was day 6 of a statewide nursing home strike by members of SEIU Healthcare PA."
USA47531,"On 7 September 2022, about 20 people, including health workers, picketed outside of the Gardens for Memory Care in Easton (Pennsylvania) in opposition to 'unfair labor practices.' The picket was day 6 of a statewide nursing home strike by members of SEIU Healthcare PA."
USA47536,"On 7 September 2022, an unreported number of people, including health workers, picketed outside of the Grove at Irwin in Irwin (Pennsylvania) in opposition to 'unfair labor practices.' The picket was day 6 of a statewide nursing home strike by members of SEIU Healthcare PA."
USA47538,"On 7 September 2022, an unreported number of people, including health workers, picketed outside of Rose City Nursing and Rehabilitation in Lancaster (Pennsylvania) in opposition to 'unfair labor practices.' The picket was day 6 of a statewide nursing home strike by members of SEIU Healthcare PA."
USA47514,"On 6 September 2022, an unreported number of people, including health workers, picketed outside of Rose City Nursing and Rehabilitation in Lancaster (Pennsylvania) in opposition to 'unfair labor practices.' The picket was day 5 of a statewide nursing home strike by members of SEIU Healthcare PA."
USA47511,"On 6 September 2022, an unreported number of people, including health workers, picketed outside of the Gardens at West Shore in Camp Hill (Pennsylvania) in opposition to 'unfair labor practices.' The picket was day 5 of a statewide nursing home strike by members of SEIU Healthcare PA."
USA47513,"On 6 September 2022, an unreported number of people, including health workers, picketed outside of the Gardens at Blue Ridge in Harrisburg (Pennsylvania) in opposition to 'unfair labor practices.' The picket was day 5 of a statewide nursing home strike by members of SEIU Healthcare PA."
USA47519,"On 6 September 2022, an unreported number of people, including health workers, picketed outside of Fairlane Gardens in Reading (Pennsylvania) in opposition to 'unfair labor practices.' The picket was day 5 of a statewide nursing home strike by members of SEIU Healthcare PA."
USA47521,"On 6 September 2022, an unreported number of people, including health workers, picketed outside of the Ridgeview Healthcare and Rehabilitation Center in Shenandoah (Pennsylvania) in opposition to 'unfair labor practices.' The picket was day 5 of a statewide nursing home strike by members of SEIU Healthcare PA."
USA52834,"On 6 September 2022, an unreported number of people demonstrated outside of Sen. Pat Toomey's office in Philadelphia (Pennsylvania) in opposition to the Senator. Members of the National Council of Jewish Women participated in the protest which was organized by Tuesdays with Toomey."
USA47524,"On 6 September 2022, an unreported number of people, including health workers, picketed outside of the Gardens at Wyoming Valley in Wilkes-Barre (Pennsylvania) in opposition to 'unfair labor practices.' Another group of nursing home workers also picketed outside of the Gardens at East Mountain. The pickets were day 5 of a statewide nursing home strike by members of SEIU Healthcare PA."
USA47479,"On 5 September 2022, nearly three dozen people, including health workers, picketed outside of the Gardens at West Shore in Camp Hill (Pennsylvania) in opposition to 'unfair labor practices.' Members of the Party for Socialism and Liberation joined the picket, which was day 2 of a statewide nursing home strike by members of SEIU Healthcare PA."
USA47487,"On 5 September 2022, an unreported number of people, including health workers, picketed outside of Rose City Nursing and Rehabilitation in Lancaster (Pennsylvania) in opposition to 'unfair labor practices.' The picket was day 4 of a statewide nursing home strike by members of SEIU Healthcare PA."
USA47502,"On 5 September 2022, an unreported number of people, including health workers, picketed outside of the Ridgeview Healthcare and Rehabilitation Center in Shenandoah (Pennsylvania) in opposition to 'unfair labor practices.' The picket was day 4 of a statewide nursing home strike by members of SEIU Healthcare PA."
USA47483,"On 5 September 2022, an unreported number of people, including health workers, picketed outside of the Gardens for Memory Care in Easton (Pennsylvania) in opposition to 'unfair labor practices.' Members of Teamsters Local 773 joined the picket, which was day 4 of a statewide nursing home strike by members of SEIU Healthcare PA."
USA47484,"On 5 September 2022, an unreported number of people, including health workers, picketed outside of the Gardens at Blue Ridge in Harrisburg (Pennsylvania) in opposition to 'unfair labor practices.' The picket was day 4 of a statewide nursing home strike by members of SEIU Healthcare PA."
USA47497,"On 5 September 2022, an unreported number of people, including health workers, picketed outside of the Gardens at York Terrace in Pottsville (Pennsylvania) in opposition to 'unfair labor practices.' The picket was day 4 of a statewide nursing home strike by members of SEIU Healthcare PA."
USA47498,"On 5 September 2022, an unreported number of people, including health workers, picketed outside of Fairlane Gardens in Reading (Pennsylvania) in opposition to 'unfair labor practices.' The picket was day 4 of a statewide nursing home strike by members of SEIU Healthcare PA."
USA47464,"On 4 September 2022, an unreported number of people, including health workers, picketed outside of the Grove at Harmony in Harmony (Pennsylvania) in opposition to 'unfair labor practices.' The picket was day 3 of a statewide nursing home strike by members of SEIU Healthcare PA."
USA47470,"On 4 September 2022, an unreported number of people, including health workers, picketed outside of the Ridgeview Healthcare and Rehabilitation Center in Shenandoah (Pennsylvania) in opposition to 'unfair labor practices.' The picket was day 3 of a statewide nursing home strike by members of SEIU Healthcare PA."
USA47472,"On 4 September 2022, an unreported number of people, including health workers, picketed outside of the Gardens at Wyoming Valley in Wilkes-Barre (Pennsylvania) in opposition to 'unfair labor practices.' The picket was day 3 of a statewide nursing home strike by members of SEIU Healthcare PA."
USA47442,"On 3 September 2022, an unreported number of people, including health workers, picketed outside of the Gardens at West Shore in Camp Hill (Pennsylvania) in opposition to 'unfair labor practices.' Members of the Party for Socialism and Liberation joined the picket, which was day 2 of a statewide nursing home strike by members of SEIU Healthcare PA."
USA47445,"On 3 September 2022, an unreported number of people, including health workers, picketed outside of the Gardens at Blue Ridge in Harrisburg (Pennsylvania) in opposition to 'unfair labor practices.' The picket was day 2 of a statewide nursing home strike by members of SEIU Healthcare PA."
USA47448,"On 3 September 2022, an unreported number of people, including health workers, picketed outside of Rose City Nursing and Rehabilitation in Lancaster (Pennsylvania) in opposition to 'unfair labor practices.' Members of the Party for Socialism and Liberation joined the picket, which was day 2 of a statewide nursing home strike by members of SEIU Healthcare PA."
USA47454,"On 3 September 2022, an unreported number of people, including health workers, picketed outside of Fairlane Gardens in Reading (Pennsylvania) in opposition to 'unfair labor practices.' State Senator Nikil Saval (D) joined the picket, which was day 2 of a statewide nursing home strike by members of SEIU Healthcare PA."
USA47459,"On 3 September 2022, an unreported number of people, including health workers, picketed outside of the Ridgeview Healthcare and Rehabilitation Center in Shenandoah (Pennsylvania) in opposition to 'unfair labor practices.' The picket was day 2 of a statewide nursing home strike by members of SEIU Healthcare PA."
USA47420,"On 2 September 2022, more than a dozen people, including health workers, picketed outside of the Gardens for Memory Care in Easton (Pennsylvania) in opposition to 'unfair labor practices.' The picket was day 1 of a statewide nursing home strike by members of SEIU Healthcare PA. State Representative Robert Freeman (D), State Representative Jeanne McNeill (D), and State Senator Lisa Boscola (D) participated in the picket."
USA47421,"On 2 September 2022, an unreported number of people, including health workers, picketed outside of the Grove at Harmony in Harmony (Pennsylvania) in opposition to 'unfair labor practices.' The picket was day 1 of a statewide nursing home strike by members of SEIU Healthcare PA."
USA47424,"On 2 September 2022, about 45 people, including health workers, picketed outside of the Grove at Irwin in Irwin (Pennsylvania) in opposition to 'unfair labor practices.' The picket was day 1 of a statewide nursing home strike by members of SEIU Healthcare PA."
USA47428,"On 2 September 2022, an unreported number of people, including health workers, picketed outside of the Grove at New Castle in New Castle (Pennsylvania) in opposition to 'unfair labor practices.' The picket was day 1 of a statewide nursing home strike by members of SEIU Healthcare PA."
USA47432,"On 2 September 2022, about 30 people, including health workers, picketed outside of the Ridgeview Healthcare and Rehabilitation Center in Shenandoah (Pennsylvania) in opposition to 'unfair labor practices.' The picket was day 1 of a statewide nursing home strike by members of SEIU Healthcare PA."
USA47422,"On 2 September 2022, an unreported number of people, including health workers, picketed outside of the Gardens at Blue Ridge in Harrisburg (Pennsylvania) in opposition to 'unfair labor practices.' The picket was day 1 of a statewide nursing home strike by members of SEIU Healthcare PA."
USA47426,"On 2 September 2022, about 30 people, including health workers, picketed outside of Rose City Nursing and Rehabilitation in Lancaster (Pennsylvania) in opposition to 'unfair labor practices.' The picket was day 1 of a statewide nursing home strike by members of SEIU Healthcare PA. State Representative Mike Sturla (D) and Lancaster City Councilor Ismail Smith-Wade El (D) participated in the picket."
USA47419,"On 2 September 2022, an unreported number of people, including health workers, picketed outside of the Meadows at Stroud and the Gardens at Stroud in East Stroudsburg (Pennsylvania) in opposition to 'unfair labor practices.' The pickets were day 1 of a statewide nursing home strike by members of SEIU Healthcare PA."
USA47434,"On 2 September 2022, an unreported number of people, including health workers, picketed outside of the Grove at Washington in Washington (Pennsylvania) in opposition to 'unfair labor practices.' The picket was day 1 of a statewide nursing home strike by members of SEIU Healthcare PA."
USA47430,"On 2 September 2022, 22 people, including health workers, picketed outside of the Gardens at York Terrace in Pottsville (Pennsylvania) in opposition to 'unfair labor practices.' The picket was day 1 of a statewide nursing home strike by members of SEIU Healthcare PA."
USA47440,"On 2 September 2022, dozens of people, including health workers, picketed outside of the Gardens at Wyoming Valley in Wilkes-Barre (Pennsylvania) in opposition to 'unfair labor practices.' An additional 30 workers went on strike at the Gardens at East Mountain. The pickets were day 1 of a statewide nursing home strike by members of SEIU Healthcare PA."
USA47365,"On 1 September 2022, more than 100 people gathered in Aliquippa (Pennsylvania) to call for an end to gun violence as well as to mourn the death of a man who was killed in a dispute with a contractor. Mayor Dwan Walker (D) attended the vigil."
USA47376,"On 1 September 2022, around 100 teachers picketed in Franklin County (coded to Chambersburg (Pennsylvania)) to call for a 'fair contract.' The teachers Greencastle-Antrim Educational Association."
USA47400,"On 1 September 2022, an unreported number of people protested outside of President Biden's speech in Philadelphia (Pennsylvania) in support of abortion and in opposition to the Supreme Court's decision in Dobbs v. Jackson which overturned Roe v. Wade. The protesters were from Rise Up 4 Abortion Rights. They were joined by an unreported number of counter-demonstrators who demonstrated in support of former President Donald Trump."
USA47415,"On 1 September 2022, 10 people demonstrated in Wilkes-Barre (Pennsylvania) in support of former President Trump ahead of his scheduled visit to the area. A man burned pro-Trump flags in front of the group, but no incidents were reported."
USA47366,"Training: Around 1 September 2022 (as reported), members of Patriot Front held a sparring training in an undisclosed location in eastern Pennsylvania, coded as Allentown (Pennsylvania)."
USA47328,"Other: Around 31 August 2022 (as reported), members of Patriot Front dropped a banner promoting Patriot Front, reading 'Defend American Labor,' at an overpass in Butler (Pennsylvania)."
USA52829,"On 30 August 2022, an unreported number of people demonstrated outside of Sen. Pat Toomey's office in Philadelphia (Pennsylvania) in opposition to the Senator and to call for legislative action against climate change. State Rep. Danielle Friel Otten (D) and members of ReImagine Appalachia participated in the protest which was organized by Tuesdays with Toomey."
USA47318,"On 30 August 2022, an unreported number of people demonstrated outside of the Plum Community Center in Pittsburgh (Pennsylvania) in opposition to the creation of another wastewater injection well in the town."
USA47323,"On 30 August 2022, dozens of people demonstrated in Wilkes-Barre (Pennsylvania) in opposition to President Biden and in support of former President Trump in anticipation of Biden's visit to the city."
USA47281,"On 29 August 2022, an unreported number of people demonstrated outside of Premier Automation LLC in Monroeville (Pennsylvania), where PA Senate candidate Mehmet Oz was hosting a rally, in opposition to opposition candidate John Fetterman and the FBI."
USA47286,"On 29 August 2022, around 70 people protested at the University of Pennsylvania's convocation ceremony in Philadelphia (Pennsylvania) to call out the University's participation in gentrification in the area which is pushing out Black and Hispanic residents. The Save UC Townhomes Coalition (which is made up of Penn faculty, students, community members, and a Black group known as the Black Bottom Tribe) participated in the protest."
USA47243,"On 27 August 2022, an unreported number of people demonstrated in Sharon Hill (Pennsylvania) to call for justice on the anniversary of the death of a young Black girl who was killed by police officers when they shot into a crowd after a football game in the city as well as in support of Black Lives Matter."
USA47167,"On 24 August 2022, dozens of people held a pro-Ukraine rally at Penn State in State College (Pennsylvania) in support of Ukraine amidst the ongoing Russian invasion as well as in celebration of Ukrainian Independence Day. The demonstration was organized by the Penn State Ukrainian Society."
USA52833,"On 23 August 2022, an unreported number of people demonstrated outside of Sen. Pat Toomey's office in Philadelphia (Pennsylvania) in opposition to the Senator and to call for more humane immigration policies. Members of HIAS Pennsylvania (a Jewish organization) and a former immigration judge participated in the protest which was organized by Tuesdays with Toomey."
USA47104,"On 21 August 2022, about 150 people rallied in Franklin (Pennsylvania) in opposition to abortion and in support of the Supreme Court's decision in Dobbs v. Jackson which overturned Roe v. Wade. Unenumerated religious groups participated in the protest."
USA47091,"On 20 August 2022, an unreported number of people marched from Benjamin Franklin High School to Spring Garden and Broad Streets in Philadelphia (Pennsylvania) to call for higher wages for workers in the Philadelphia School District. Members of SEIU Local 32BJ participated in the march."
USA47078,"On 19 August 2022, an unreported number of people rallied in Pittsburgh (Pennsylvania) to call on UPMC, a healthcare network, to pay its share of taxes to the city. State Rep. Summer Lee (D), Pittsburgh City Councilmember Deb Gross (D), and representatives of Pittsburgh United, Pittsburghers for Public Transit, Just Harvest, Pittsburgh Restaurant Workers Aid, ROC Pittsburgh, Bend the Arc (a Jewish organization), and Amazon Workers United participated in the protest."
USA47079,"On 19 August 2022, an unreported number of people demonstrated outside of the Wyndham Grand in Pittsburgh (Pennsylvania) which is hosting Turning Point Action's 'Unite and Win' Rally in opposition to the rally for Florida Governor Ron DeSantis and State Senator Doug Mastriano as well as in support of abortion after Roe v. Wade was overturned. Young Democrats of Allegheny County, One Hood Media, the New Pennsylvania Project, Order of the Phoenix, Take Action Mon Valley, Partners for Progress, Equal Ground, and Florida Rising participated in the protest."
USA47080,"On 19 August 2022, an unreported number of people demonstrated outside of the county offices in Pittsburgh (Pennsylvania) in opposition to coronavirus vaccine mandates for county workers and to call for compensation or reinstatement in their jobs after being fired for not getting vaccinated."
USA47057,"On 18 August 2022, an unreported number of people rallied in Love Park in Philadelphia (Pennsylvania) to call for the unionization of parking workers. Attorney General Josh Shapiro (D) participated in the rally which was organized by 32BJ SEIU."
USA47056,"On 18 August 2022, an unreported number of people demonstrated outside of Sharon Hill's Borough Hall in Philadelphia (Pennsylvania) to call for justice in the death of a young Black girl in August 2021 who was shot by cops when they fired into a crowd as well as for the release of more information about the death and in support of the Black Lives Matter movement."
USA52819,"On 16 August 2022, an unreported number of people demonstrated outside of Sen. Pat Toomey's office in Philadelphia (Pennsylvania) in opposition to the Senator and in support of Gubernatorial candidate Josh Shapiro. Members of For Our Future Pennsylvania participated in the protest which was organized by Tuesdays with Toomey."
USA46969,"On 14 August 2022, dozens of people demonstrated in Philadelphia (Pennsylvania) to call for a ban on horse-drawn carriages in the city in response to a viral video which showed a horse in New York City collapsing from heat exhaustion. Protesters were members of the group Revolution Philadelphia."
USA46960,"On 14 August 2022, an unreported number of people rallied in Riverside Park Amphitheater in Easton (Pennsylvania) in support of abortion and in opposition to the Supreme Court's decision in Dobbs v. Jackson which overturned Roe v. Wade. The rally was organized by Bans Off Lehigh Valley."
USA46938,"On 13 August 2022, about two dozen people demonstrated in front of the Venango County Courthouse in Franklin (Pennsylvania) in support of abortion and in opposition to the Supreme Court's decision in Dobbs v. Jackson which overturned Roe v. Wade. The rally was organized by the Reproductive Freedom Action Committee."
USA46922,"On 12 August 2022, an unknown number of people with American flags gathered for a protest in the Glen Mills (Pennsylvania) in support of Donald Trump and against the FBI search on Mar-a-Lago, former president Trump's private club and residence in Palm Beach."
USA46896,"On 10 August 2022, more than 150 people, including teachers, rallied outside of Dallastown Area High School in York (Pennsylvania) to call for a 'fair contract' for teachers in the district. State Representative candidate Chris Rodkey (D), State Representative candidate Kristine Cousler-Womack (Libertarian), and representatives from the Dallastown Area Education Association and Pennsylvania State Education Association, members of the NEA, spoke at the rally."
USA46893,"On 10 August 2022, an unreported number of people demonstrated outside of Community Counseling Services in Wilkes-Barre (Pennsylvania) in opposition to the proposed shutdown of services at the facility and to call for it to remain open."
USA46709,"On 10 August 2022, an unreported number of people rallied outside of the Lehigh County Courthouse in Allentown (Pennsylvania) to call on the Lehigh County District Attorney and state Senate to support a bill that would give aging incarcerated people parole eligibility. Representatives of the Amistad Law Project, ACLU of PA, Coalition to Abolish Death by Incarceration-Lehigh Valley Chapter, Lehigh Valley Stands Up, POWER Lehigh Valley (an interfaith group), Straight Ahead, Make the Road PA, and Working Families Party as well as a Christian pastor participated in the protest."
USA52842,"On 9 August 2022, an unreported number of people demonstrated outside of Sen. Pat Toomey's office in Philadelphia (Pennsylvania) in opposition to the Senator and to call for the elimination of nuclear weapons. Members of the Granny Peace Brigade and New Pennsylvania Project participated in the protest which was organized by Tuesdays with Toomey."
USA46848,"On 8 August 2022, up to 100 people demonstrated in Philadelphia (Pennsylvania) against the proposed redevelopment of the University City Townhomes, which provides affordable housing to a predominantly Black community, as well as in opposition to the demolition of a protest encampment in front of the complex by the police. While police cleared the encampment, two minor altercations occurred between police and protesters, but no arrests were made and only one person was issued a citation for disorderly conduct. Protesters were members of the Save UC Townhomes Coalition (which is made up of Penn faculty, students, community members, and a Black group known as the Black Bottom Tribe)."
USA46773,"On 8 August 2022, more than 30 people demonstrated in the Capitol in Harrisburg (Pennsylvania) to call for legislative action to curb gun violence, such as tightening the process to acquire a firearm license and allocating more funding for community programs. Members of Pennsylvania Youth Vote (a coalition of students and educators), Frontline Dads, and Community Rising participated in the rally."
USA46847,"On 7 August 2022, an unknown number of people, including the leader of the Women's Declaration International USA and others wearing pro-Trump shirts, gathered for a rally in Philadelphia (Pennsylvania) to demonstrate against transgender people. A separate group of people gathered as counter-demonstrators in support of the LGBT+ community."
USA46610,"On 4 August 2022, an unreported number of people demonstrated outside of First Hospital in Kingston (Pennsylvania) in opposition to the planned closure of the hospital. Nurses, State Rep. Aaron Kaufer (R), and State Rep. Eddie Day Pashinski (D) participated in the protest."
USA46534,"Around 3 August 2022 (week of), an unreported number of UPS workers demonstrated in Philadelphia (Pennsylvania) in opposition to 'company surveillance and unsafe working conditions during extreme heat.' The workers were members of Teamsters Local 623. Another rally took place during this week for the same reason which was also organized by Teamsters Local 623."
USA46704,"On 3 August 2022, a group of people gathered outside a VA hospital in Wilkes-Barre (Pennsylvania) to demonstrate against what they described as an overly restrictive environment for residents at the hospital due to its coronavirus safety policies. Veterans, along with the group PA Bikers for Trump, participated in the rally."
USA52828,"On 2 August 2022, an unreported number of people, including a veteran, demonstrated outside of Sen. Pat Toomey's office in Philadelphia (Pennsylvania) in opposition to the Senator and in support of the PACT Act, which would expand healthcare to veterans exposed to toxic substances in the line of duty. The protest was organized by Tuesdays with Toomey."
USA46521,"Around 2 August 2022 (as reported), an unreported number of UPS workers demonstrated in Western Pennsylvania [coded to Pittsburgh (Pennsylvania)] to call for a 'strong contract' for workers. The workers are members of Teamsters Local 249."
USA46683,"On 2 August 2022, an unreported number of people marched from the Borough Council Building to Academy Park High School in Sharon Hill (Pennsylvania) to call for transparency in the police shooting death of an 8-year-old girl and in support of Black Lives Matter. The protest came in the wake of the release of the investigative report into the shooting death which was heavily redacted sparking calls for its full release."
USA46535,"Around 1 August 2022 (as reported), an unreported number of workers demonstrated outside of the Penn Center Starbucks in Pittsburgh (Pennsylvania) in opposition to 'unfair labor practices' and 'retaliati[on]' against union organizers at the store."
USA46597,"On 31 July 2022, more than 250 people demonstrated outside of the Blair County Courthouse in Hollidaysburg (Pennsylvania) in opposition to abortion and in support of the Supreme Court's decision in Dobbs v. Jackson which overturned Roe v. Wade. State Senator Judy Ward (R), State Representative Jim Gregory (R), State Representative Louis Schmitt Jr. (R), and a Christian pastor spoke at the protest."
USA46651,"On 31 July 2022, an unreported number of people gathered for a vigil and protest in Pittsburgh (Pennsylvania) to call for increased safety measures to protect bicyclists in the community as well as to honor the life of a six-year-old boy who was struck by a car while riding his bike on 26 July. A Christian Reverend led the vigil."
USA46613,"On 30 July 2022, several people demonstrated outside of Sesame Place in Langhorne (Pennsylvania) in opposition to the park in response to a video posted on social media which showed a costumed employee ignoring several Black children."
USA46506,"On 29 July 2022, a small group of parents and members of Maxed-Outed Riders caravanned from Homewood to Lincoln (Pennsylvania) to call for an end to gun violence."
USA46487,"On 28 July 2022, people gathered for a peace walk in the neighbourhood of Germantown in Philadelphia (Pennsylvania) to protest gun violence. State rep. Stephen Kinsey (D) and police officers were present."
USA46433,"On 26 July 2022, dozens of students, teachers, and supporters gathered outside the school district headquarters in Doylestown (Pennsylvania) to protest the policy to ban library and school books that contain sexual content."
USA46434,"On 26 July 2022, dozens of people gathered outside the courthouse in Greensburg (Pennsylvania) to call for charges against a woman accused of stealing a dog."
USA52818,"On 26 July 2022, an unreported number of people demonstrated outside of Sen. Pat Toomey's office in Philadelphia (Pennsylvania) in opposition to the Senator and to call for the minimum wage to be raised. Members of the 99% Pennsylvania participated in the protest which was organized by Tuesdays with Toomey."
USA46435,"On 26 July 2022, more than 100 people, including workers at Planned Parenthood Western Pennsylvania, gathered at the City-County building in Pittsburgh (Pennsylvania) to call for a work contract amid contract negotiations."
USA46371,"On 23 July 2022, about 50 people demonstrated outside of the Luzerne County Courthouse in Wilkes-Barre (Pennsylvania) in opposition to proposed amendments to the state Constitution and a proposed county ordinance which would eliminate ballot drop boxes. Action Together NEPA, PA Stands Up, and Persist NEPA participated in the protest."
USA46370,"On 23 July 2022, about two dozen protesters demonstrated outside of Sesame Place in Langhorne (Pennsylvania) to call for changes to the park's hiring and training practices as well as for the firing of a cast member who was seen in a viral video walking past and refusing to hug two Black children at the park. Two men at the protest were arrested by police after blocking traffic and a crosswalk into the park and refusing police requests to stop. The Delaware NAACP and New Black Panther Party of DC participated in the protest."
USA46309,"On 22 July 2022, an unreported number of people demonstrated outside of City Hall in Philadelphia (Pennsylvania) in opposition to a judge's order which would require protesters to abandon their encampment at the University City Townhomes as well as to call for the townhomes to be saved from redevelopment by the complex, which provides affordable housing. The protest encampment was created by the Save UC Townhomes Coalition (which is made up of Penn faculty, students, community members, and a Black group known as the Black Bottom Tribe)."
USA46310,"On 22 July 2022, an unreported number of people picketed in front of the 12th and Walnut St Starbucks store in Philadelphia (Pennsylvania) as part of a 24-hour strike in opposition to what the workers consider unfair retaliation by the company against employees who voted to form a union, such as reduced work hours. The strikers were joined by representatives of PJB Workers United as well as Philadelphia City Councilwoman Helen Gym (D) and State Senator Nikil Saval (D)."
USA46297,"On 21 July 2022, an unreported number of people rallied in Philadelphia (Pennsylvania) to call for an end to violence in the city as well as honor the life of an elderly man who was beaten to death by a group of teenagers in June."
USA46296,"On 21 July 2022, an unreported number of people held a vigil at Lighthouse Church in Pittsburgh (Pennsylvania) to call for an end to violence in the region as well as to pray for those who had died in recent shootings. Rallygoers included unknown elected officials, unknown church leaders, and police officers as well as the South Pittsburgh Coalition for Peace."
USA46335,"On 20 July 2022, an unreported number of people continued a demonstration in Philadelphia (Pennsylvania) in opposition to the proposed sale of the UC Townhomes, which provides affordable housing primarily to Black residents. The protest encampment was created by the Save UC Townhomes Coalition (which is made up of Penn faculty, students, community members, and a Black group known as the Black Bottom Tribe) on 10 July."
USA46263,"On 19 July 2022, an unreported number of people continued a demonstrated in Philadelphia (Pennsylvania) in opposition to the proposed sale of the UC Townhomes, which provides affordable housing primarily to Black residents. The protest encampment was created by the Save UC Townhomes Coalition (which is made up of Penn faculty, students, community members, and a Black group known as the Black Bottom Tribe) on 10 July. This day, a professor joined the demonstration."
USA52837,"On 19 July 2022, an unreported number of people demonstrated outside of Sen. Pat Toomey's office in Philadelphia (Pennsylvania) in opposition to the Senator and in support of Gubernatorial candidate Josh Shapiro and Senate candidate John Fetterman due to their support for unionization. Members of the SEIU participated in the protest which was organized by Tuesdays with Toomey."
USA46850,"On 16 July 2022, an unreported number of people demonstrated in Market Square in Pittsburgh (Pennsylvania) in support of two Starbucks supervisors who were fired purportedly for unionizing."
USA46209,"On 16 July 2022, around 100 people demonstrated outside of the Luzerne County Courthouse in Wilkes-Barre (Pennsylvania) in support of abortion and in opposition to the Supreme Court's decision in Dobbs v. Jackson which overturned Roe v. Wade."
USA46183,"On 15 July 2022, an unreported number of people gathered in Fireman's Memorial Park in Arnold (Pennsylvania) in support of abortion and in opposition to the Supreme Court's decision in Dobbs v. Jackson which overturned Roe v. Wade. The rally was organized by the Westmoreland County Democratic Committee."
USA46849,"On 15 July 2022, an unreported number of people demonstrated in Market Square in Pittsburgh (Pennsylvania) in support of two Starbucks supervisors who were fired purportedly for unionizing."
USA46182,"Around 15 July 2022 (week of), a few people, including students, demonstrated in State College (Pennsylvania) in support of abortion and in opposition to the Supreme Court's decision in Dobbs v. Jackson which overturned Roe v. Wade."
USA46112,"On 14 July 2022, an unreported number of people rallied in York (Pennsylvania) in support of abortion and in opposition to the Supreme Court's decision in Dobbs v. Jackson which overturned Roe v. Wade."
USA46111,"On 14 July 2022, an unreported number of people demonstrated in Market Square in Pittsburgh (Pennsylvania) in support of two Starbucks supervisors who were fired purportedly for unionizing. Representatives of the United Steelworkers and Pride at Work PA (an LGBT organization) participated in the protest."
USA46094,"On 13 July 2022, dozens to over 2000 people rallied outside of the Philadelphia Museum of Art in Philadelphia (Pennsylvania) to call for a 'fair' contract for workers at the museum. Representatives of the Asian Pacific American Labor Alliance (an Asian American and Pacific Islander group), Philadelphia Jobs with Justice, and Philadelphia AFL-CIO participated in the rally which was organized by the PMA Union which is associated with the AFSCME."
USA46093,"On 13 July 2022, dozens of people rallied outside of City Hall in Lebanon (Pennsylvania) to call for justice in the police killing of a dog. The officers claimed that they shot the dog after attempting to catch it because they believed that it would attack if let out. However, surveillance video shows that the dog was caught in a catch pole at the time of the shooting."
USA46096,"On 13 July 2022, nearly 100 people demonstrated in Fountain Park and near the courthouse in Franklin (Pennsylvania) in support of abortion and in opposition to the Supreme Court's decision in Dobbs v. Jackson which overturned Roe v. Wade."
USA46095,"On 13 July 2022, an unreported number of people rallied outside of a meeting of the Federalist Society at the Pyramid Club in Philadelphia (Pennsylvania) in support of abortion and in opposition to the Supreme Court's decision in Dobbs v. Jackson which overturned Roe v. Wade. Members of the Philadelphia DSA participated in the protest."
USA46062,"On 12 July 2022, an unreported number of people, including students, rallied outside of the Hempfield District School Board meeting in Salunga-Landisville (Pennsylvania) in opposition to a potential reversal by the school district in its policy towards transgender student athletes which would prohibit their participation in sports which align with their gender identity."
USA46061,"On 12 July 2022, between five and 10 people protested across the street from Fawn Personal Care Home in Tarentum (Pennsylvania) in opposition to the arrest and firing of a worker at the facility due to an incident with a patient which led to the patient sustaining injuries and leaving the facility to be picked up by a bystander."
USA46332,"On 12 July 2022, an unreported number of people continued a demonstration in Philadelphia (Pennsylvania) in opposition to the proposed sale of the UC Townhomes, which provides affordable housing primarily to Black residents. The protest encampment was created by the Save UC Townhomes Coalition (which is made up of Penn faculty, students, community members, and a Black group known as the Black Bottom Tribe) on 10 July."
USA52817,"On 12 July 2022, an unreported number of people demonstrated outside of Sen. Pat Toomey's office in Philadelphia (Pennsylvania) in opposition to the Senator and the use of the filibuster. The protest was organized by Tuesdays with Toomey."
USA46008,"On 10 July 2022, at least 15 people set up a protest encampment outside of the UC Townhomes in Philadelphia (Pennsylvania) in opposition to the proposed sale of the UC Townhomes, which provides affordable housing to 'primarily Black residents.' The protest encampment was created by the Save UC Townhomes Coalition (which is made up of Penn faculty, students, community members, and a Black group known as the Black Bottom Tribe)."
USA46007,"On 10 July 2022, an unreported number of people marched through Lebanon (Pennsylvania) to call for justice in the police killing of a dog. The officers claimed that they shot the dog after attempting to catch it because they believed that it would attack if let out. However, surveillance video shows that the dog was caught in a catch pole at the time of the shooting."
USA46006,"On 10 July 2022, about 25 people demonstrated in Slippery Rock (Pennsylvania) in support of abortion and in opposition to the Supreme Court's decision in Dobbs v. Jackson which overturned Roe v. Wade. The protest was organized by Slippery Rock Chalk Talk and Slippery Rock Huddle. They were joined by an unreported number of counter-protesters who demonstrated in opposition to abortion and in support of the Supreme Court's decision in Dobbs v. Jackson which overturned Roe v. Wade. One of the counter-protesters, a veteran, wore a tactical vest and carried a rifle."
USA45967,"On 9 July 2022, hundreds of people marched near the UC Townhomes in Philadelphia (Pennsylvania) in opposition to the proposed sale of the UC Townhomes, which provides affordable housing to 'primarily Black residents.' The march was organized by the Save UC Townhomes Coalition (which is made up of Penn faculty, students, community members, and a Black group known as the Black Bottom Tribe)."
USA45966,"On 9 July 2022, an unreported number of people protested outside of the Bucks County Courthouse in Doylestown (Pennsylvania) in support of abortion and in opposition to the Supreme Court's decision in Dobbs v. Jackson which overturned Roe v. Wade. Protesters were associated with Rise Up 4 Abortion Rights and the National Council of Jewish Women."
USA50937,"On 9 July 2022, an unreported number of people demonstrated outside of the Berks County Detention Center, a women's detention center in Leesport (Pennsylvania), to call for the closure of the facility. Members of CASA and the Shut Down Berks Coalition participated in the demonstration."
USA45919,"On 8 July 2022, an unreported number of workers rallied outside of the Delaware County Offices of Children and Youth Services in Eddystone (Pennsylvania) to call for a new contract with 'safer working conditions, competitive pay, and an end to the staffing crisis.' The workers are members of SEIU Local 668."
USA45586,"On 8 July 2022, an unreported number of people rallied on the steps of the State Capitol in Harrisburg (Pennsylvania) in support of abortion rights and in opposition to state Republicans' attempts to put a constitutional amendment which would ban abortion on the ballot. The rally was held by unspecified Pennsylvania Democratic House and Senate members."
USA45892,"On 8 July 2022, about 100 to more than 200 people marched in support of the Black Lives Matter movement through downtown Pittsburgh (Pennsylvania) to call for justice in the death of a Black man who was shot more than 60 times by police in Akron, Ohio on 27 June as well as for justice in the deaths of other people who have died as a result of 'police brutality.' The protest was organized by the Black Liberation Autonomous Collective and the Black Anarchist Community Council of Pittsburgh."
USA45887,"On 7 July 2022, an unreported number of people demonstrated outside of the Perry County District Attorney's Office in New Bloomfield (Pennsylvania) to call for animal cruelty charges to be filed against workers at Plainville Farms due to alleged abuse against turkeys at the farm. The protesters were members of PETA."
USA45886,"On 7 July 2022, an unreported number of people demonstrated outside of the Cumberland County District Attorney's Office in Carlisle (Pennsylvania) to call for animal cruelty charges to be filed against workers at Plainville Farms due to alleged abuse against turkeys at the farm. The protesters were members of PETA."
USA45888,"On 7 July 2022, an unreported number of people rallied in New Kensington (Pennsylvania) to call for an end to gun violence. Representatives of Chosen Generation Ministries (a Christian group) participated in the event."
USA45889,"On 7 July 2022, around 20 people demonstrated outside of East Liberty Presbyterian Church in Pittsburgh (Pennsylvania) in support of abortion and in opposition to the Supreme Court's decision in Dobbs v. Jackson which overturned Roe v. Wade, as well as in support of LGBT+ marriage. Protestant Christian pastors participated in the protest."
USA45884,"On 6 July 2022, about 30 people marched on Fourth Street in New Kensington (Pennsylvania) to call for an end to gun violence. Representatives of Chosen Generation Ministries (a Christian group) and U2A (Urban Second Amendment) participated in the event."
USA45874,"On 5 July 2022, more than 100 people demonstrated outside of UPMC Somerset in Somerset (Pennsylvania) in opposition to the closure of inpatient services at In Touch Hospice House."
USA52816,"On 5 July 2022, an unreported number of people demonstrated outside of Sen. Pat Toomey's office in Philadelphia (Pennsylvania) in opposition to the Senator. Protesters also held signs calling for the expansion of the Supreme Court and the end to the filibuster. The protest was organized by Tuesdays with Toomey."
USA45861,"On 4 July 2022, an unreported number of people marched from Wirt Park to Center Square in Hanover (Pennsylvania) as part of the 'Abortion is Freedom Rally' in support of abortion and in opposition to the Supreme Court's decision in Dobbs v. Jackson which overturned Roe v. Wade."
USA45863,"On 4 July 2022, dozens of people demonstrated in Wilkes-Barre (Pennsylvania) as part of the 'No Freedom, No Fourth' march in support of abortion and in opposition to the Supreme Court's decision in Dobbs v. Jackson which overturned Roe v. Wade."
USA45862,"On 4 July 2022, a crowd of people demonstrated outside of Independence Mall in Philadelphia (Pennsylvania) in support of abortion and in opposition to the Supreme Court's decision in Dobbs v. Jackson which overturned Roe v. Wade. Mayor Jim Kenney (D) spoke at the protest which was organized by the Mayor's Office of Engagement for Women. They were joined by an unreported number of counter-protesters who demonstrated in opposition to abortion and in support of the Supreme Court's decision in Dobbs v. Jackson which overturned Roe v. Wade. In addition, members of Rise Up 4 Abortion Rights interrupted the Independence Day Parade to protest in support of abortion."
USA45707,"On 3 July 2022, people, including members of the 1776 Restoration movement, III%ers and Proud Boys, gathered for a protest in Philadelphia (Pennsylvania) in support of the Freedom Convoy, which was formed as a way to demonstrate against vaccines and other health mandates amidst the coronavirus pandemic. Demonstrators also demonstrated against access to abortion. The founder of Iron City Citizen Response Unit (ICCRU), who was armed with a rifle, was a speaker at the demonstration - other demonstrators, seemingly also affiliated with ICCRU, were also armed. A smaller group of people gathered to counter the demonstrators and to show support for access to abortion."
USA45843,"On 2 July 2022, 400 people demonstrated in Kerr Park in Downingtown (Pennsylvania) in support of abortion and in opposition to the Supreme Court's decision in Dobbs v. Jackson which overturned Roe v. Wade. State Rep. Danielle Friel Otten (D) and Mayor Phil Dague (R), as well as members of Red, Wine, and Blue participated in the protest."
USA45844,"On 2 July 2022, about 1000 people demonstrated in Easton (Pennsylvania) in support of abortion and in opposition to the Supreme Court's decision in Dobbs v. Jackson which overturned Roe v. Wade. Easton City Councilwoman Taiba Sultana (D), Easton Mayor Sal Panto Jr. (D), and State Rep. Robert Freeman (D) participated in the protest."
USA45231,"On 1 July 2022, about two dozen people demonstrated outside of Planned Parenthood in Johnstown (Pennsylvania) in support of abortion and in opposition to the Supreme Court's decision in Dobbs v. Jackson which overturned Roe v. Wade. They were joined by a few counter-protesters who demonstrated in opposition to abortion and in support of the Supreme Court's decision in Dobbs v. Jackson which overturned Roe v. Wade."
USA45839,"On 1 July 2022, about 40 people marched from Cameron Park to North Front Street in Sunbury (Pennsylvania) in support of abortion and in opposition to the Supreme Court's decision in Dobbs v. Jackson which overturned Roe v. Wade."
USA45326,"On 30 June 2022, an unreported number of people gathered in front of the State Capitol in Harrisburg (Pennsylvania) to call on local and state governments to protect senior citizens and low-income families from being pressured into selling their homes, often for below market value. The protest was organized by Senior Citizens Lives Matter."
USA45131,"On 30 June 2022, an unreported number of people rallied outside CAPA High School in Philadelphia (Pennsylvania) in opposition to the Pennsylvania State Senate's passage of SB972 (a bill which requires sport activities to be designated as male, female or coed), SB1277 (a bill which notifies parents of instructional materials in schools and books containing 'sexually explicit content'), and SB1278 (a bill which prohibits classroom instruction of gender identity and sexual orientation through fifth grade), which the protesters call 'racist and anti-LGBTQIA+.' Philadelphia District Attorney Larry Krasner (D), as well as representatives of the ACLU, Fifty Shades of Purple Against Bullying, Truth and Life Empowerment Community Ministries (a Christian group), and Philadelphia Federation of Teachers participated in the event."
USA45194,"On 29 June 2022, some 70 people demonstrated across from the Westmoreland County Courthouse in Greensburg (Pennsylvania) in support of abortion and in opposition to the Supreme Court's decision in Dobbs v. Jackson which overturned Roe v. Wade. The protest was organized by Westmoreland Racial and Social Justice. One anti-abortion counter-protester stood near the group."
USA45126,"On 28 June 2022, dozens of people demonstrated outside of the Hempfield School District administration building in Salunga-Landisville (Pennsylvania) in support of trans students and in opposition to a district policy which requires transgender athletes to play on sports teams in accordance with their biological sex instead of their gender identity. Representatives of the Rivertown Pride Center participated in the protest."
USA45092,"On 28 June 2022, around 80 people demonstrated outside of the Montgomery County Courthouse in Norristown (Pennsylvania) in opposition to the upcoming closure of the Coordinated Homeless Outreach Center in the city. Representatives of Here for Us, HopeWorx Inc., Greater Norristown NAACP, Family Promise MontCo, National Alliance on Mental Illness Montgomery County, and Pottstown Beacon of Hope as well as an administrator with the Montgomery County Office of Housing and Community Development and Norristown Municipal Council President Thomas Lepera (D) participated in the protest."
USA45157,"On 28 June 2022, 200+ health workers rallied in Pennsylvania [coded to Harrisburg] to call for a 'fair contract' with WellSpan Chambersburg Hospital. The workers are members of the SEIU."
USA45171,"On 28 June 2022, about 50 people demonstrated in Perry Square in Erie (Pennsylvania) in opposition to abortion and in support of the Supreme Court's decision in Dobbs v. Jackson which overturned Roe v. Wade. Representatives of Gannon University Students for Life participated in the protest."
USA45189,"On 28 June 2022, an unreported number of people demonstrated outside of the Wyoming County Courthouse in Tunkhannock (Pennsylvania) in support of abortion and in opposition to the Supreme Court's decision in Dobbs v. Jackson which overturned Roe v. Wade."
USA52841,"On 28 June 2022, an unreported number of people demonstrated outside of Sen. Pat Toomey's office in Philadelphia (Pennsylvania) in opposition to the Senator and in support of abortion rights. The protest was organized by Tuesdays with Toomey."
USA45485,"Training: On 28 June 2022, Patriot Front held a sparring training at an undisclosed location in eastern Pennsylvania, coded as Allentown (Pennsylvania)."
USA45294,"On 27 June 2022, an unreported number of lawmakers rallied at the Capitol Building in Harrisburg (Pennsylvania) in support of abortion and in opposition to the Supreme Court's decision in Dobbs v. Jackson which overturned Roe v. Wade as well as to call for voting for pro-choice candidates. State Rep. Morgan Cephas (D), State Sen. Judy Schwank (D), State Sen. Amanda Cappelletti (D), State Rep. Joanna McClinton (D), State Rep. Mary Jo Daley (D), State Sen. Jay Costa (D), and State Rep. Elizabeth Fiedler (D) participated in the rally, among others."
USA45297,"On 27 June 2022, hundreds of people rallied in Courthouse Square in Stroudsburg (Pennsylvania) in support of abortion and in opposition to the Supreme Court's decision in Dobbs v. Jackson which overturned Roe v. Wade. Representatives of Women's Resources of Monroe County and State Rep. candidate Hope Christman (D), as well as students and unenumerated elected officials participated in the protest."
USA45291,"On 26 June 2022, about 300 people held a rally and candlelight vigil in Scott Park in Easton (Pennsylvania) in support of abortion and in opposition to the Supreme Court's decision in Dobbs v. Jackson which overturned Roe v. Wade. Rep. Susan Wild (D), Northampton County Commissioner Tara Zrinski (D), and Easton City Councilmember Taiba Sultana (D) participated in the protest."
USA45174,"On 26 June 2022, an unreported number of people demonstrated on the Square in Carlisle (Pennsylvania) in support of abortion and in opposition to the Supreme Court's decision in Dobbs v. Jackson which overturned Roe v. Wade."
USA45837,"On 26 June 2022, an unreported number of workers demonstrated outside of the Bloomfield Starbucks in Pittsburgh (Pennsylvania) in opposition to a cut in hours which the workers allege was due to unionization activity. Demonstrators also picketed the previous two days."
USA45197,"On 25 June 2022, an unreported number of people rallied in King of Prussia (Pennsylvania) in support of abortion and in opposition to the Supreme Court's decision in Dobbs v. Jackson which overturned Roe v. Wade."
USA45295,"On 25 June 2022, more than a hundred people rallied at the National Constitution Center in Philadelphia (Pennsylvania) as part of the 'Defend Our Rights Rally' in support of abortion and in opposition to the Supreme Court's decision in Dobbs v. Jackson which overturned Roe v. Wade. Attorney General Josh Shapiro (D), Rep. Mary Gay Scanlon (D), Rep. Madeleine Dean (D), Rep. Chrissy Houlahan (D), State Sen. Amanda Capelletti (D), State Rep. Joanna McClinton (D), State Rep. Donna Bullock (D), and Montgomery County Commissioner Val Arkoosh (D), as well as representatives of Women's March on Philadelphia, NARAL Pro-Choice America, Planned Parenthood Southeastern PA, and Pennsylvania NOW participated in the protest. Elsewhere in the city, models participated in a fashion show and protest in support of abortion rights on Broad Street as part of the Avenue of the Arts Block Party. Later in the day, hundreds of people demonstrated outside of City Hall in support of abortion and in opposition to the Supreme Court's decision in Dobbs v. Jackson which overturned Roe v. Wade."
USA45180,"On 25 June 2022, more than 300 people demonstrated in Kutztown (Pennsylvania) in support of abortion and in opposition to the Supreme Court's decision in Dobbs v. Jackson which overturned Roe v. Wade."
USA45307,"On 25 June 2022, an unreported number of people demonstrated in Pittsburgh (Pennsylvania) in support of abortion and in opposition to the Supreme Court's decision in Dobbs v. Jackson which overturned Roe v. Wade. The protest was organized by Socialist Alternative Pittsburgh."
USA45836,"On 25 June 2022, an unreported number of workers demonstrated outside of the Bloomfield Starbucks in Pittsburgh (Pennsylvania) in opposition to a cut in hours which the workers allege was due to unionization activity. Demonstrators also picketed the previous day and the next day."
USA45308,"On 25 June 2022, around 200 people demonstrated in Penn Square in Reading (Pennsylvania) in support of abortion and in opposition to the Supreme Court's decision in Dobbs v. Jackson which overturned Roe v. Wade. Representatives of Berks Stands Up, Sunrise Movement, and Make The Road PA participated in the protest."
USA44987,"On 24 June 2022, an unreported number of people protested outside of Origlio Beverage in Philadelphia (Pennsylvania) as part of a strike to call for a 'fair' contract for workers at the company. The workers on strike are members of Teamsters Local 830."
USA44976,"On 24 June 2022, an unreported number of workers protested in Central Park in Johnstown (Pennsylvania) to call out low wages and inadequate staffing at Cambria County Children and Youth Services."
USA45700,"On 24 June 2022, a group of four Black teenage boys and three Black teenage girls attacked a 73-year-old Black man on Cecil B. Moore Avenue in Philadelphia (Pennsylvania), beating him with various objects, including a traffic cone, knocking him to the ground, and causing various head injuries. The attack was seemingly unprovoked. The man was taken to a hospital, where he died the next day from his injuries. On 11 July, two of the teenage boys surrendered to police."
USA44974,"On 24 June 2022, an unreported number of people rallied in Doylestown (Pennsylvania) in support of abortion rights and against the Supreme Court's decision in Dobbs v. Jackson which overturned Roe v. Wade."
USA44980,"On 24 June 2022, an unreported number of people demonstrated in front of the Media Courthouse in Media (Pennsylvania) in support of abortion rights and against the Supreme Court's decision in Dobbs v. Jackson which overturned Roe v. Wade. Representative Mary Gay Scanlon (D), State Representative Jennifer O'Mara (D), State Representative Gina Curry (D), State Representative Leanne Krueger (D), State Senator Amanda Cappelletti (D), State Senator Tim Kearney (D), State Representative Mike Zabel (D), State Senator John Kane (D), and health workers, as well as representatives of the Domestic Abuse Project participated in the rally which was held by Delco Resists, Indivisible Delco PA, and UDTJ."
USA44983,"On 24 June 2022, hundreds of people demonstrated in Musser Park in Lancaster (Pennsylvania) in support of abortion rights and against the Supreme Court's decision in Dobbs v. Jackson which overturned Roe v. Wade. The protest was organized by Lancaster Stands Up, Planned Parenthood Keystone, and YWCA Lancaster. At the same time, an unreported number of people marched from the Old Courthouse Steps to the rally in Musser Park in support of abortion rights. The march was organized by the Party for Socialism and Liberation."
USA44986,"On 24 June 2022, around 200 people demonstrated in Payrow Plaza in Bethlehem (Pennsylvania) as part of the 'Bans Off Our Bodies Assembly' in support of abortion rights and against the Supreme Court's decision in Dobbs v. Jackson which overturned Roe v. Wade. Bethlehem Mayor J. William Reynolds (D) and Protestant Christian clergy members participated the protest which was organized by Women's March and Action for Abortion Justice Bethlehem."
USA44989,"On 24 June 2022, dozens of people demonstrated in front of the Schuylkill County Courthouse in Pottsville (Pennsylvania) in support of abortion rights and against the Supreme Court's decision in Dobbs v. Jackson which overturned Roe v. Wade."
USA44979,"On 24 June 2022, an unreported number of people demonstrated in Carlisle Square in Carlisle (Pennsylvania) in support of abortion rights and against the Supreme Court's decision in Dobbs v. Jackson which overturned Roe v. Wade."
USA44982,"On 24 June 2022, about 100 people demonstrated in Courthouse Square in Scranton (Pennsylvania) in support of abortion rights and against the Supreme Court's decision in Dobbs v. Jackson which overturned Roe v. Wade. The protest was organized by Action Together NEPA."
USA44978,"On 24 June 2022, an unreported number of people rallied in front of the Columbia County Courthouse in Bloomsburg (Pennsylvania) in support of abortion rights and against the Supreme Court's decision in Dobbs v. Jackson which overturned Roe v. Wade. The protest was organized by Action Together NEPA."
USA44975,"On 24 June 2022, approximately 200 people demonstrated outside of the Office of Congressman Brian Fitzpatrick in Langhorne (Pennsylvania) in support of abortion rights and against the Supreme Court's decision in Dobbs v. Jackson which overturned Roe v. Wade. Congressional candidate Ashley Ehasz (D) attended the protest."
USA44985,"On 24 June 2022, around two dozen people demonstrated in Jamestown (Pennsylvania) in support of abortion rights and against the Supreme Court's decision in Dobbs v. Jackson which overturned Roe v. Wade. The protest was organized by the Jamestown Justice Coalition."
USA44981,"On 24 June 2022, dozens of people marched from Senator Dan Laughlin's office on West 14th St. to North Park Row in Erie (Pennsylvania) in support of abortion rights and against the Supreme Court's decision in Dobbs v. Jackson which overturned Roe v. Wade. Members of Erie County United participated in the protest."
USA45187,"On 24 June 2022, dozens of people demonstrated in Courthouse Square in Stroudsburg (Pennsylvania) in support of abortion and in opposition to the Supreme Court's decision in Dobbs v. Jackson which overturned Roe v. Wade. Representatives of Women's Resources of Monroe County participated in the protest."
USA44973,"On 24 June 2022, hundreds to about 1000 people demonstrated in front of the City-County Building in Pittsburgh (Pennsylvania) in support of abortion rights and against the Supreme Court's decision in Dobbs v. Jackson which overturned Roe v. Wade. Mayor Ed Gainey (D), State Representative Summer Lee (D), Etna Borough Councilwoman Jessica Semler, Allegheny County Councillor Bethany Hallam (D), State Representative candidate La'Tasha Mayes (D), and State Representative Austin Davis (D), as well as representatives of Planned Parenthood of Western Pennsylvania, TransYOUniting (an LGBT organization), 1Hood, New Voices for Reproductive Justice, and Young Democrats of Allegheny County participated in the protest which was organized by Women's March Pittsburgh. Directly after this protest, another rally was held in front of the City-County Building in support of abortion rights. Representatives of Women's Institute at Chatham, Justice for Jim Rogers, Abortion Defense Committee, Women's March Pittsburgh, Black Liberation Autonomous Collective, Food Not Bombs, Revolution Women's Study Group, and the Black Anarchist Community Council organized this protest. They were joined by a handful of counter-protesters who demonstrated in opposition to abortion and in support of the Supreme Court's decision in Dobbs v. Jackson which overturned Roe v. Wade."
USA45835,"On 24 June 2022, an unreported number of workers demonstrated outside of the Bloomfield Starbucks in Pittsburgh (Pennsylvania) in opposition to a cut in hours which the workers allege was due to unionization activity. Members of the Pittsburgh chapter of the Party for Socialism and Liberation joined the protesters. Demonstrators also picketed the next two days."
USA44984,"On 24 June 2022, around 50 people demonstrated in front of the Luzerne County Courthouse in Wilkes-Barre (Pennsylvania) in support of abortion rights and against the Supreme Court's decision in Dobbs v. Jackson which overturned Roe v. Wade. Plymouth Borough Councilman Bill Dixon (D), teachers, and students participated in the protest which was organized by Action Together NEPA."
USA44977,"On 24 June 2022, several hundred people demonstrated at the Allen Street Gates on the Pennsylvania State University campus in State College (Pennsylvania) in support of abortion rights and against the Supreme Court's decision in Dobbs v. Jackson which overturned Roe v. Wade. Teachers participated in the protest which was organized by Students Against Sexist Violence - Penn State, Alleghenies Abolition, Asylum Music Club, Centre County DSA, Centre County for Change, Go With The Flow, Planned Parenthood Generation Action, PSU: Why I Didn't Report, and United Socialists at PSU. They were joined by single-digit numbers of counter-protesters who demonstrated in opposition to abortion and in support of the Supreme Court's decision in Dobbs v. Jackson which overturned Roe v. Wade. Some of the counter-protesters were with Penn State Students for Life."
USA44988,"On 24 June 2022, from thousands to over 10000 people demonstrated in front of City Hall in Philadelphia (Pennsylvania) as part of the 'All Out For Abortion Rights' rally before marching down Market Street towards Independence Hall in support of abortion rights and against the Supreme Court's decision in Dobbs v. Jackson which overturned Roe v. Wade. City Councilwoman Helen Gym (D), City Councilwoman Kendra Brooks (WFP), and City Councilwoman Jamie Gauthier (D), as well as representatives of the Party for Socialism and Liberation, Democratic Socialists of America, CPUSA, the Young Communist League, and the Temple University Hospital Nurses Association participated in the protest."
USA44764,"On 23 June 2022, three prisoners at State Correctional Institution-Greene in Waynesburg (Pennsylvania) continued to hunger strike to protest the restrictions of their solitary confinement, such as no outside time and lack of access to a prison job. The other 13 prisoners who were also participating in the hunger strike stopped."
USA45060,"On 23 June 2022, an unreported number of people protested in the Philadelphia Board of Education meeting in Philadelphia (Pennsylvania) in opposition to the board's scheduled vote to close two Black-operated charter schools, which opponents argue reflects racial bias in the regulation of charter schools. Students, teachers, and families of those who attend the schools in question attended the protest. State Sen. Anthony Williams (D) and City Councilman Isaiah Thomas (D) were also present."
USA44740,"On 22 June 2022, an unreported number of Philadelphia School District workers rallied in Philadelphia (Pennsylvania) to call for a 'good contract' with de-escalation training for working with children. The workers were members of the SEIU."
USA44716,"On 21 June 2022, an unreported number of people rallied at the State Capitol in Harrisburg (Pennsylvania) in support of Victoria's Law which would prevent the sale of animals bred in 'puppy mills.'"
USA44715,"On 21 June 2022, an unreported number of people rallied outside of the State Capitol in Harrisburg (Pennsylvania) to call on the state legislature to pass a legislative gift ban which would limit the types of gifts legislators can accept. The protest was organized by MarchOnHarrisburg."
USA44713,"On 21 June 2022, at least 15 people rallied in the Capitol Rotunda in Harrisburg (Pennsylvania) to call on the state to invest additional funding into childcare. 15 Democratic lawmakers, including State Senator Vincent Hughes (D) and State Representative Matthew Bradford (D), as well as representatives from Children First spoke at the rally."
USA44717,"On 21 June 2022, an unreported number of people demonstrated outside of Muller, Inc in Philadelphia (Pennsylvania) as part of a strike to call for a 'fair' contract for workers at the company. as part of a strike to call for a 'fair' contract for workers at the company. The workers on strike are members of Teamsters Local 830."
USA52838,"On 21 June 2022, an unreported number of people, including a teacher, demonstrated outside of Sen. Pat Toomey's office in Philadelphia (Pennsylvania) in opposition to the Senator. The protest was organized by Tuesdays with Toomey."
USA46900,"On 21 June 2022, an unreported number of people demonstrated in Stevens Park in Allentown (Pennsylvania) to call for an end to the use of solitary confinement in Lehigh County prisons. The rally was organized by Stand Up Lehigh Valley."
USA44714,"On 21 June 2022, about two dozen people rallied in the State Capitol in Harrisburg (Pennsylvania) condemning the state's increased crime rate and calling for the impeachment of Philadelphia District Attorney Larry Krasner for mishandling it. Demonstrators were family members of those killed in Philadelphia as well as State Representative Martina White (R), State Representative Tim O'Neal (R), State Representative Torren Ecker (R), and State Representative Josh Kail (R), among unenumerated others."
USA44697,"On 20 June 2022, an unreported number of people demonstrated outside of Muller, Inc in Philadelphia (Pennsylvania) as part of a strike to call for a 'fair' contract for workers at the company. The workers on strike are members of Teamsters Local 830. Striking workers also gathered outside of Origlio Beverage."
USA44698,"On 20 June 2022, an unreported number of people marched in Philadelphia (Pennsylvania) to call for an end to gun violence in the city. The march was organized by a Black youth organization, 'Stay Humble, Stay Hungry.'"
USA44683,"On 19 June 2022, about a dozen people demonstrated outside of the Pride Festival at Lititz Springs Park in Lititz (Pennsylvania) in opposition to the event. Protesters held signs that said 'Burn Gays' and 'Christ Hates Pride' as well as handed out pamphlets with pictures of bloody fetuses inside and had to be told to leave the park grounds by police after entering the festival and harassing festivalgoers. One of the protesters was a representative of the Mid-Atlantic Reformation Society (a Christian organization)."
USA44684,"On 19 June 2022, an unreported number of people, affiliated with Teamsters Local 830, demonstrated outside of Penn Distributors in Hatfield (Pennsylvania) as part of a strike to call for a 'fair' contract for workers at the company."
USA44685,"On 19 June 2022, an unreported number of people demonstrated outside of Muller, Inc in Philadelphia (Pennsylvania) as part of a strike to call for a 'fair' contract for workers at the company. The workers on strike are members of Teamsters Local 830. Striking workers also gathered outside of Origlio Beverage."
USA44668,"On 18 June 2022, hundreds of people marched in Wyomissing (Pennsylvania) to call for an end to domestic violence. Berks County Commissioner Kevin Barnhardt (D) participated in the march which was organized by Safe Berks."
USA44669,"On 18 June 2022, three or four people protested outside of the Pride Festival at Clipper Magazine Stadium in Lancaster (Pennsylvania) in opposition to the event."
USA44616,"On 17 June 2022, an unreported number of people rallied outside of Congressman Mike Kelly's fundraiser at the Bayfront Convention Center in Erie (Pennsylvania) in opposition to the Congressman's votes against various legislation, including gun control and renewing the Violence Against Women Act. The protest was organized by Erie County United."
USA44617,"On 17 June 2022, a few dozen people demonstrated outside of Midwest Shooting Center in McCandless (Pennsylvania) in opposition to a scheduled class that the center was holding on AR-15s as the protesters argued that these types of guns should not be used by civilians. Members of CeaseFirePA, Pittsburgh March for Our Lives, and Coalition for Safe Community Spaces participated in the protest."
USA44607,"On 16 June 2022, an unreported number of workers rallied in Philadelphia (Pennsylvania) to call for 'fair' wages and in opposition to their employer's attempt to 'intimidate' organizing workers. State Representative Joe Hohenstein (D), State Senator Sharif Street (D), State Representative Rick Krajewski (D), and Representative candidate Ben Waxman joined the protest which was organized by 32BJ SEIU."
USA44593,"Around 15 June 2022 (as reported), an unreported number of people protested outside of the office of State Representative Robert Schnee in Hazleton (Pennsylvania) to call for the end of coronavirus pandemic-era voting procedures and a return to in-person voting."
USA44594,"On 15 June 2022, an unreported number of people rallied on the University of Pennsylvania campus in Philadelphia (Pennsylvania) to call for higher wages and for the end to the two-tier wage system at the university. Members of the University of Pennsylvania chapter of the American Association of University Professors joined the protest which was organized by Teamsters Local 115."
USA44570,"On 14 June 2022, an unreported number of people rallied at the State Capitol in Harrisburg (Pennsylvania) to call for the passage of House Bill 1066 which would outlaw discrimination based on a person's natural hair texture and style. State Representative Joanna McClinton (D) and representatives of the NAACP of Greater Harrisburg spoke at the rally."
USA44571,"On 14 June 2022, hundreds of people rallied outside of the Philadelphia Museum of Art in Philadelphia (Pennsylvania) to call for a 'fair contract' for unionizing workers at the museum. Representatives of the AFSCME, AFL-CIO, AFT, NNU, UNITE Here, and ATU participated in the protest."
USA44572,"On 14 June 2022, dozens of people demonstrated in the Cobbs Creek neighborhood of Philadelphia (Pennsylvania) to call for the opening of the swimming pool in the Sayre Morris Recreation Center. Councilmember Jamie Gauthier (D) and was organized by a member of the Sayre Advisory Council."
USA44569,"On 14 June 2022, an unreported number of people rallied at the State Capitol in Harrisburg (Pennsylvania) to call for the state budget surplus to be reinvested into education and to other initiatives to increase money going to ordinary citizens. State Senator Vincent Hughes (D), State Representative Joanna McClinton (D), State Senator Jay Costa (D), Senior Advisor for Policy and Advocacy at the Philadelphia DA's Office Reverend Greg Holston, State Representative Sara Innamorato (D), State Representative Elizabeth Fielder (D), State Representative Matt Bradford (D), State Representative Pete Schweyer (D), State Representative Ryan Mackenzie (D), and representatives of the Pennsylvania Budget Policy Center, We are CASA, All Voting is Local, SEIU Local 668 , UU Justice (a Unitarian Universalist organization), Action Together NEPA, One Pennsylvania, Freed the Ballot, Make the Road PA, and We the People - Pennsylvania attended the event."
USA52815,"On 14 June 2022, an unreported number of people demonstrated outside of Sen. Pat Toomey's office in Philadelphia (Pennsylvania) in opposition to the Senator and Senate candidate Mehmet Oz. The protest was organized by Tuesdays with Toomey."
USA44560,"On 13 June 2022, about 50 people demonstrated outside of the Dauphin County Prison in Harrisburg (Pennsylvania) as part of the 'Love in Action Rally' to call for transparency from jail officials and in opposition to the living conditions at the prison, such as water quality and temperature control, which they argue are 'inhumane.' The protest was organized by the Harassment and Assault Reporting Platform, the Dauphin County Bail Fund, and Harrisburg Abolition Table in honor of Juneteenth."
USA44544,"On 12 June 2022, an unreported number of people demonstrated in Pottstown (Pennsylvania) to call for the enactment of gun control legislation and an end to gun violence."
USA44347,"On 12 June 2022, a transgender woman was 'badly beaten' while her friend and sister were shot at an underground hookah lounge in Philadelphia (Pennsylvania). The three victims went to the hookah lounge and encountered a man who yelled slurs and obscenities at the transgender woman regarding her gender. Later, when the group went to leave, the man was outside and punched the transgender woman then pistol-whipped her before shooting her sister and friend when they tried to intervene. The two people shot did not suffer life threatening injuries. The perpetrator was arrested in December 2022 in New Jersey and was extradited to Pennsylvania in May 2023. He has been charged with attempted murder and aggravated assault, among other things."
USA44487,"On 11 June 2022, about 20 people demonstrated outside of the Germantown USPS in Philadelphia (Pennsylvania) in opposition to lack of adequate service from the local USPS to the Wood North Apartment Complex as well as to call for new management of the post office and for the creation of a Community Advisory Council to improve community relations."
USA44483,"On 11 June 2022, an unreported number of people rallied at the Capitol in Harrisburg (Pennsylvania) to call on state leaders to take action to 'avert the climate crisis.' The protest was the first day of a three-day rally called the 'Pennsylvania Climate Convergence' which was organized by over 70 organizations, including Better Path Coalition."
USA44464,"On 11 June 2022, more than 100 people marched through Scranton (Pennsylvania) to call for the enactment of gun control legislation and an end to gun violence. Scranton Mayor Paige Cognetti (D) and students attended the protest with was organized by Action Together NEPA. The protest was part of the nationwide 'March for Our Lives' movement."
USA44465,"On 11 June 2022, 100 people rallied at Griswold Park in Erie (Pennsylvania) to call for the enactment of gun control legislation and an end to gun violence. Students and a Unitarian Universalist Reverend participated in the protest which was organized by Oil Region Rising, Erie County United, Erie DSA, Benedictines for Peace (a Catholic Christian group), Career and Dreams Inc., and the UUCE Social Justice Committee (a Unitarian Universalist group). The protest was part of the nationwide 'March for Our Lives' movement."
USA44471,"On 11 June 2022, close to 300 people rallied in West Chester (Pennsylvania) to call for the enactment of gun control legislation and an end to gun violence. Chester County Recorder of Deeds Chris Pielli (D) attended the event. The protest was part of the nationwide 'March for Our Lives' movement."
USA44479,"On 11 June 2022, more than a thousand people rallied in Payrow Plaza in Bethlehem (Pennsylvania) to call for the enactment of gun control legislation and an end to gun violence. Representative Susan Wild (D), Bethlehem Mayor J William Reynolds (D), a teacher, and representatives of PA Stand Up spoke at the protest. The protest was part of the nationwide 'March for Our Lives' movement. Nearby, roughly two dozen counter-protesters gathered in opposition to gun control measures. The counter-protesters were openly carrying guns, and the protest was organized by the Northampton County Second Amendment Sanctuary."
USA44489,"On 11 June 2022, an unreported number of people rallied in Greensburg (Pennsylvania) to call for the enactment of gun control legislation and an end to gun violence. The protest was organized by Voice of Westmoreland. The protest was part of the nationwide 'March for Our Lives' movement."
USA44490,"On 11 June 2022, an unreported number of people rallied in King of Prussia (Pennsylvania) to call for the enactment of gun control legislation and an end to gun violence. The protest was organized by Community for Change. The protest was part of the nationwide 'March for Our Lives' movement."
USA44488,"On 11 June 2022, an unreported number of people demonstrated in Bloomsburg (Pennsylvania) to call for the enactment of gun control legislation and an end to gun violence. The protest was organized by Action Together NEPA. The protest was part of the nationwide 'March for Our Lives' movement."
USA44439,"On 11 June 2022, 35 or so people rallied outside the Mercer County Courthouse in Mercer (Pennsylvania) to call for the enactment of gun control legislation and an end to gun violence. A Protestant Christian Reverend spoke at the event. The protest was part of the nationwide 'March for Our Lives' movement."
USA44469,"On 11 June 2022, several hundred people rallied in Schenley Park in Pittsburgh (Pennsylvania) to call for the enactment of gun control legislation and an end to gun violence. CeaseFirePA, the New Pennsylvania Project (a Black and Latinx organization), Squirrel Hill Stands Against Gun Violence, the South Pittsburgh Coalition for Peace, the Pittsburgh chapter of Moms Demand Action, Westmoreland Racial and Social Justice, and the National Education Association participated in the event. The protest was part of the nationwide 'March for Our Lives' movement."
USA44435,"On 11 June 2022, an unreported number of people rallied in Wilkes-Barre (Pennsylvania) to call for the enactment of gun control legislation and an end to gun violence. State Representative Eddie Day Pashinski (D) and representatives of the NAACP which was organized by Action Together NEPA. The protest was part of the nationwide 'March for Our Lives' movement."
USA44419,"On 11 June 2022, about 200 people rallied in Wyalusing Park in Philadelphia (Pennsylvania) to call for the enactment of gun control legislation and an end to gun violence. City Councilmember Jamie Gauthier (D) participated in the rally. The protest was part of the nationwide 'March for Our Lives' movement."
USA44208,"On 10 June 2022, an unreported number of people demonstrated outside of the former Federal Immigration Court in Pittsburgh (Pennsylvania) to call on the Department of Justice to reopen the court. The protest was organized by Casa San Jose (a Latinx organization)."
USA44182,"On 9 June 2022, an unreported number of police rallied in Harrisburg (Pennsylvania) in support of a proposed state law which would allow police to use radar to track the speed of drivers. Lancaster Mayor Danene Sorace (D) spoke at the rally."
USA44184,"On 9 June 2022, about 150 marched and rallied in Philadelphia (Pennsylvania) in opposition to a decision by the Philadelphia Board of Education to end charter agreements with two Black-founded and -led schools in the city. Students, City Councilmember Isaiah Thomas (D), and representatives of the African American Charter School Coalition participated in the event."
USA44181,"On 9 June 2022, an unreported number of people demonstrated in Beaver (Pennsylvania) as part of the 'March for Our Lives' to call for increased gun control and honor the victims of gun violence. Aliquippa Mayor Dwan Walker, Representative Conor Lamb (D), Congressional candidate Chris Deluzio, students, teachers, and members of the Beaver County Young Democrats participated in the event."
USA44183,"On 9 June 2022, dozens of people marched along Benjamin Franklin Parkway in Philadelphia (Pennsylvania) as part of 'From Sanctuary to Street, From Lament to Action' to call on the city to take action against gun violence and to demand gun control. Jewish and Christian religious leaders as well as representatives from the Black Clergy of Philadelphia and POWER (an interfaith organization) participated in the event which was organized by Heeding God's Call."
USA44185,"On 9 June 2022, dozens of people protested in front of the City-County Building in Pittsburgh (Pennsylvania) to call for the county council to adopt a measure which would ban fracking in county parks. Allegheny County Councilperson Bethany Hallam (D), as well as representatives of the Green Party, Protect Our Parks, and Food and Water Watch participated in the rally."
USA44151,"On 8 June 2022, an unreported number of health workers rallied in front of the Beaver County Courthouse in Beaver (Pennsylvania) to call for permanent funding for the healthcare system, safe staffing levels, and 'fair wages' for workers. The protest was part of a nationwide day of action organized by the SEIU."
USA44152,"On 8 June 2022, an unreported number of health workers rallied at Perry Square in Erie (Pennsylvania) to call for permanent funding for the healthcare system, safe staffing levels, and 'fair wages' for workers. The protest was part of a nationwide day of action organized by the SEIU."
USA44155,"On 8 June 2022, an unreported number of people rallied in front of the Capitol in Harrisburg (Pennsylvania) in opposition to PennDOT's proposal to add tolls to nine interstate bridges in the state. State Senator Wayne Langerholc (R), State Representative Donna Oberlander (R), State Representative Torren Ecker (R), State Representative Jim Rigby (R), State Representative Brian Smith (R), State Representative Mike Arminini (R), State Representative Eric Nelson (R), State Representative David Zimmerman (R), Former Clarion Mayor John Stroup, State Senator Scott Hutchinson (R), State Senator Devlin Robinson (R), State Representative Sheryl Delozier (R), State Representative Jason Ortitay (R), State Representative Doyle Heffley (R), Cumberland County Commissioner Jean Foschi (D), Cumberland County Commissioner Vince DiFilippo (R), as well as representatives of the Pennsylvania Motor Truck Association, National Federation of Independent Businesses, and Greater Reading Chamber Alliance attended the rally which was organized by No P-3 Tolls Coalition."
USA44157,"On 8 June 2022, an unreported number of health workers rallied in front of the May Day Statute in Scranton (Pennsylvania) to call for permanent funding for the healthcare system, safe staffing levels, and 'fair wages' for workers. The protest was part of a nationwide day of action organized by the SEIU."
USA44154,"On 8 June 2022, about a dozen protesters demonstrated outside of the State Capitol in Harrisburg (Pennsylvania) to call for the Secretary of the Commonwealth to remove Republican Gubernatorial candidate Doug Mastriano and Congressman Scott Perry from the November 2022 ballot due to their involvement in the 6 January 2021 Capitol Riot. The protesters were with Our Revolution and Free Speech for People."
USA44156,"On 8 June 2022, an unreported number of people protested at the Capitol in Harrisburg (Pennsylvania) to call on Governor Tom Wolf to make reforms to guardianship practices in the state which they call 'predatory.' The protest was organized by PA Adapt."
USA44150,"On 8 June 2022, an unreported number of people rallied in front of The Soldiers and Sailors Monument in Allentown (Pennsylvania) to call for permanent funding for the healthcare system, safe staffing levels, and 'fair wages' for workers. The protest was part of a nationwide day of action organized by the SEIU."
USA44153,"On 8 June 2022, an unreported number of health workers rallied in Harrisburg (Pennsylvania) to call for permanent funding for the healthcare system, safe staffing levels, and 'fair wages' for workers. The protest was part of a nationwide day of action organized by the SEIU."
USA44118,"On 7 June 2022, about 100 people rallied at the Capitol in Harrisburg (Pennsylvania) as part of 'Survivors Speak Pennsylvania' to call on the legislature to adopt a series of laws which would help decrease crime and support crime victims. Members of MOM's Group Inc, REFORM Alliance, and CeaseFire PA attended the rally which was held by Crime Survivors for Safety and Justice."
USA44119,"On 7 June 2022, an unreported number of people rallied in front of the Capitol in Harrisburg (Pennsylvania) in opposition to a proposed care model called Agency With Choice which would create only one provider of home care in the state. Members of Voices for Independence, Community Resources for Independence, and Liberty Resources spoke at the event."
USA44122,"On 7 June 2022, dozens of people rallied outside of State Senator Scott Martin's office in Strasburg (Pennsylvania) to call for 'fair funding' and increased funding for education in the 2022-23 state budget. Students and members of Power Interfaith attended the rally. The protest was one of several held throughout the state on 7 June."
USA44121,"On 7 June 2022, about 30 protesters demonstrated outside of State Representative Time Hennessey's office in Pottstown (Pennsylvania) to call for 'fair funding' and increased funding for education in the 2022-23 state budget. Members of the NAACP and YWCA as well as Former Pottstown School Board Member Emanuel Wilkerson and a Protestant Christian Reverend attend the rally which was held by POWER Metro, an interfaith organization. The protest was one of several held throughout the state on 7 June."
USA44592,"On 7 June 2022, an unreported number of people gathered at the Capitol in Harrisburg (Pennsylvania) to call for the passage of House Bill 972 and State Bill 1181 which would ban transgender women and girls from participating on women's sports teams throughout grade school and college. State Senator Judy Ward (R) spoke at the rally."
USA44120,"On 7 June 2022, an unreported number of people rallied in front of Senator Pat Toomey's office in Philadelphia (Pennsylvania) to call for an end to gun violence and to call on Senator Toomey to support gun control legislation. The rally was held by CeaseFire PA, Tuesdays with(out) Toomey, Heeding God's Call, March for Our Lives, Philadelphia Federation of Teachers (an affiliate of the AFT), Indivisible PHL, and Alliance for Philadelphia Public Schools."
USA44117,"On 7 June 2022, an unreported number of students held a walkout and rally at Fairview High School in Fairview (Pennsylvania) to call for gun control."
USA44077,"On 6 June 2022, an unreported number of people rallied outside of Indiana High School in Indiana (Pennsylvania) in opposition to the district's response to repeated instances of racism in the district's schools."
USA44078,"On 6 June 2022, an unreported number of people rallied on South Street in Philadelphia (Pennsylvania) to demand gun control and call for an end to gun violence. Some of the protesters were with the group Philadelphia Anti-Drug/Anti-Violence Network."
USA44076,"Training: On 6 June 2022, Patriot Front held a sparring training in an undisclosed location in east Pennsylvania, coded as Allentown (Pennsylvania)."
USA43943,"On 3 June 2022, an unreported number of people gathered for a vigil and protest in Philadelphia (Pennsylvania) to call for answers in the death of a teenager who was shot and killed in the morning of 30 May 2022 along with 3 other people at what police suspects was a party as well as to honor the victim."
USA43922,"On 3 June 2022, an unreported number of people marched in Harrisburg (Pennsylvania) to call for an end to social injustice and gun violence. The march was held in commemoration of the three year anniversary of the enactment of two police reform bills. Members of All You Can Inc. attended the protest."
USA43942,"On 3 June 2022, over 300 people rallied in Philadelphia (Pennsylvania) to call for an end to gun violence. The rally was organized by Moms Demand Action alongside Everytown for Gun Safety Action Fund and the AD99 Solutions Foundation. State Representatives Summer Lee (D), Jessica Benham (D), and Dan Frankel (D), former Mayor Bill Peduto, Allegheny County Councilmembers Bethany Hallam (D) and Tom Duerr (D), Congressional Candidate Chris Deluzio, a Protestant Christian Reverend, and a teacher were in attendance. Later that day, dozens of people marched as part of the 'Call My Name' rally through the Germantown section of the city to call for an end to gun violence and to honor those killed by gun violence last year. Protestant and Catholic Christian religious leaders were in attendance. The rallies were held in honor of National Gun Violence Awareness Day."
USA43940,"On 3 June 2022, several dozen people rallied at the Montgomery County Courthouse in Norristown (Pennsylvania) to call for an end to gun violence and for the enactment of gun control legislation. Congresswoman Madeleine Dean (D), Congresswoman Mary Gay Scanlon (D), State Representative Todd Stephens (R), and Montgomery County Board of Commissioners Chair Dr. Valerie Arkoosh (D) as well as representatives of Cease Fire PA and the NAACP attended the rally which was held in honor of National Gun Violence Awareness Day."
USA43886,"On 2 June 2022, 200 students staged a walkout and rally at McDowell High School in Erie (Pennsylvania) in opposition to gun violence in schools and to honor the victims of the shooting in Uvalde, Texas in a lone gunman murdered 19 students and 2 teachers at Robb Elementary School on 24 May."
USA43968,"On 2 June 2022, nearly 50 people rallied on the University of Pennsylvania campus in Philadelphia (Pennsylvania) to call for better working conditions and contracts for housekeepers, custodians, and security officers that work at the University. The rally was organized by the Philadelphia Security Officers Union and Teamsters Local 115."
USA43967,"On 2 June 2022, an unreported number of people gathered on Washington Avenue in Philadelphia (Pennsylvania) to call on the city to continue with their plan to narrow Washington Avenue. Members of the Bicycle Coalition of Greater Philadelphia and Feet First Philly, among other unenumerated groups, joined the protest."
USA58326,"On 2 June 2022, library workers rallied at City Hall in Philadelphia (Pennsylvania) to call for increased funding for libraries which would allow them to be open more often to keep youth from committing gun violence. Representatives of Friends of the Free Library and City Councilmember Helen Gym (D) participated in the event."
USA43901,"On 2 June 2022, an unreported number of Robert Morris University dining workers marched in Pittsburgh (Pennsylvania) in opposition to 'unfair labor practices and anti-union activity' by the food service company under which they are contracted. The workers are members of the SEIU."
USA43864,"On 1 June 2022, an unreported number of people rallied outside of City Hall in Philadelphia (Pennsylvania) as part of the 'Give Philly A Raise' rally to call on the city to reduce the level of the wage and business income and receipts tax. Representatives of the Greater Philadelphia Hispanic Chamber of Commerce, Diversified Search Group, Inclusive Growth Coalition, Greater Philadelphia Chamber of Commerce, Asian American Chamber of Commerce of Greater Philadelphia, African American Chamber of Commerce, and City Councilmembers Allan Domb (D), Isaiah Thomas (D), and Derek Green (D) spoke at the rally."
USA43865,"On 1 June 2022, dozens of students held a walkout and rally at Philadelphia High School for Creative and Performing Arts in Philadelphia (Pennsylvania) in opposition to a 'pattern of discrimination and racism at the school' which has affected Black students at the school."
USA43867,"On 1 June 2022, an unreported number of students staged walkouts and rallies at Phoenixville Area High School and Middle Schools in Phoenixville (Pennsylvania) to call for gun control. The protest was held in response to the 24 May elementary school shooting in which a lone gunman murdered 19 students and 2 teachers at Robb Elementary School in Uvalde, Texas."
USA43825,"On 31 May 2022, hundreds of people, including students, demonstrated outside of City Hall in Philadelphia (Pennsylvania) to call for an end to gun violence. City Councilmember Isaiah Thomas (D) spoke at the rally which was held in response to a survey conducted in several schools in the city which found that an overwhelming percentage of students had personal experiences of gun violence."
USA52814,"On 31 May 2022, an unreported number of people demonstrated outside of Sen. Pat Toomey's office in Philadelphia (Pennsylvania) in opposition to the Senator. The protest was organized by Tuesdays with Toomey."
USA43836,"On 31 May 2022, a small group of people gathered at the Market Square in Williamsport (Pennsylvania) to call for an end to gun violence. Lycoming County Commissioner Tony Mussare (R) and students attended the protest which was held by the Williamsport chapter of Moms Demand Action for Gun Sense in America in response to the 24 May elementary school shooting in which a lone gunman murdered 19 students and 2 teachers at Robb Elementary School in Uvalde, Texas and the 14 May shooting in Buffalo, New York in which a young man and avowed 'white supremacist' killed 10 Black people at a grocery store."
USA43826,"On 31 May 2022, 50 to about 100 people rallied outside of Senator Pat Toomey's office in Pittsburgh (Pennsylvania) to call on the Congressman to support gun safety legislation. State Representative Summer Lee (D), State Representative Sara Innamorato (D), Pittsburgh Public Schools Boardmember Sylvia Wilson, teachers, students, and members of March for Our Lives, the Pittsburgh Federation of Teachers, Cease Fire PA, and the American Federation of Teachers participated in the rally which was held in response to the 24 May elementary school shooting in which a lone gunman murdered 19 students and 2 teachers at Robb Elementary School in Uvalde, Texas and the 14 May 2022 shooting in Buffalo, New York in which a young man and avowed 'white supremacist' killed 10 Black people at a grocery store."
USA43761,"On 28 May 2022, about a dozen people protested along Route 415 in Dallas (Pennsylvania) to call for gun control. The protest was held by the Luzerne County chapter of Moms Demand Action for Gun Sense in America in response to the 24 May elementary school shooting in which a lone gunman murdered 19 students and 2 teachers at Robb Elementary School in Uvalde, Texas and the 14 May shooting in Buffalo, New York in which a young man and avowed 'white supremacist' killed 10 Black people at a grocery store."
USA43705,"On 27 May 2022, demonstrators gathered at City Hall in Jamestown (Pennsylvania) for a 'Love Thy Neighbor' rally to commemorate the 10 Black people killed in the racially-motivated 14 May 2022 Buffalo, New York mass shooting and to call for community solidarity against white supremacy. Organizations present included the Human Rights Commission in Jamestown and the African American Ministers of Jamestown."
USA43706,"On 27 May 2022, hundreds of people rallied in Philadelphia (Pennsylvania) to call for stricter gun control legislation following the 24 May mass shooting at Robb Elementary School in Uvalde, Texas in which 19 students and 2 teachers were killed. Pennsylvania Governor Tom Wolf (D), State Representative Joanna McClinton (D), Attorney General Josh Shapiro (D), State Senator Amanda Cappelletti (D), State Representative Mary Jo Daley (D), State Representative Tim Briggs (D), State Representative Jennifer O'Mara (D), and State Senator Sharif Street (D) as well as members of CeaseFirePA and NOMO Foundation were in attendance."
USA43678,"On 26 May 2022, 200 people gathered at Sacred Heart Catholic Church in Erie (Pennsylvania) to demonstrate against violence and hate following the 24 May 2022 mass shooting at Robb Elementary School in Uvalde, Texas and the racially-motivated 14 May 2022 mass shooting in Buffalo, New York. The prayer vigil included organizations like the Office of Social Justice & Life of the Catholic Diocese of Erie, the Episcopal Cathedral of St. Paul, the non-denominational Victory Christian Center in Erie, the Sisters of St. Joseph, and the Sisters of Mercy."
USA43679,"On 26 May 2022, community members including faith leaders, parents, teachers, and 19 fourth grade students gathered in Lancaster (Pennsylvania) to demand gun control and to rally against gun violence and memorialize the victims of the 24 May 2022 mass shooting at Robb Elementary School in Uvalde, Texas in which 19 students and 2 teachers were killed."
USA43680,"On 26 May 2022, more than 100 students led by teachers staged a walk-out and demonstration at McCall Middle School in Philadelphia (Pennsylvania) to call for stricter gun control legislation following the 24 May 2022 mass shooting at Robb Elementary School in Uvalde, Texas in which 19 students and 2 teachers were killed."
USA43635,"On 25 May 2022, hundreds of nursing home workers affiliated with SEIU and supporters gathered at the state Capitol in Harrisburg (Pennsylvania) to call for increased nursing home funding and better patient-to-staff ratios after increased stress due to the coronavirus pandemic."
USA43638,"On 25 May 2022, about 50 demonstrators including various workers and supporters gathered at City Hall in Philadelphia (Pennsylvania) in support of the Black Lives Matter movement, and to commemorate the two-year anniversary of George Floyd's death and to call for continued social change. The rally was organized by the Labor for Black Lives Coalition and included attendants such as local professors, the Philadelphia Black Workers Center Project, Pennsylvania SEIU Healthcare, the United Home Care Workers of Pennsylvania, Teamsters Local 3012, and Philly Student Union members from Roman Catholic High School."
USA43637,"On 25 May 2022, members of the 'March On Harrisburg' gathered at the state Capitol in Harrisburg (Pennsylvania) to call on the state legislature to pass a bill which aims to ban gifts to legislators."
USA43636,"On 25 May 2022, supporters and faith leaders gathered at the state Capitol in Harrisburg (Pennsylvania) to call for stricter gun control legislation following the 24 May 2022 mass shooting at Robb Elementary School in Uvalde, Texas in which 19 students and 2 teachers were killed. The rally was organized by a Reverend affiliated with the Black Clergy of Philadelphia and Vicinity."
USA43607,"On 24 May 2022, an unreported number of people rallied at the Capitol in Harrisburg (Pennsylvania) to call for lawmakers to pass legislation for 'proper funding' for long-term care facilities. Health workers, representatives of the Pennsylvania Health Care Association, and state representative, Stan Saylor (R), were at the event. Later this day, an unreported number of people rallied on the Capitol steps in Harrisburg (Pennsylvania) to call on the legislature to allocate more funding for caregivers that work with disabled people and those seeking mental health treatment in order to provide them a 'living wage.' State Representative Jessica Benham (D), State Representative Dan Miller (D), and State Representative Carrie DelRosso (R) attended the rally held by Direct Care Works, The Arc of PA, and the Rehabilitation and Community Providers Association."
USA43608,"On 24 May 2022, demonstrators affiliated with the Unitarian Society of Germantown gathered in Philadelphia (Pennsylvania) to hold a Black Lives Matter rally, following racially-motivated 14 May 2022 mass shooting in Buffalo, New York in which a self-proclaimed white supremacist killed 10 Black people."
USA50880,"On 24 May 2022, an unreported number of people demonstrated outside of the Capitol in Harrisburg (Pennsylvania) to call for the State Legislature to pass Whole Home Repairs which would delegate funding for home repairs and weatherization measures. State Rep. Sara Innamorato (D) and Lancaster City Councilmember Ismael Smith-Wade-El (D) as well as members of CASA, Make the Road PA, PA Stands Up, POWER (an interfaith organization), Lancaster Stands Up, Lehigh Valley Stands Up, and the PA Working Families Party participated in the event which was organized by State Sen. Nikil Saval (D)."
USA52813,"On 24 May 2022, an unreported number of people demonstrated outside of Sen. Pat Toomey's office in Philadelphia (Pennsylvania) in opposition to the Senator and Senate candidate Mehmet Oz. The protest was organized by Tuesdays with Toomey."
USA43584,"On 23 May 2022, an unreported number of people rallied in Harrisburg (Pennsylvania) to call for the passage of HB 1917, a state bill which would require K-12 schools to educate pupils about AAPI history. State Representative Patty Kim (D) was at the rally which was held by Make Us Visible PA, an Asian American and Pacific Islander organization."
USA43565,"On 22 May 2022, an unreported number of people protested in Market Square in Bloomsburg (Pennsylvania) in opposition to the town council's decision to euthanize geese living in park in the county. The protesters were with the group Save the Geese Bloomsburg."
USA43558,"On 21 May 2022, about two dozen people marched in Mercer (Pennsylvania) in opposition to HB 2169, a school voucher bill which is currently up for consideration in the state Senate. The march was held by the Pennsylvania State Education Association and attended by teachers, Mercer County Commissioner Tim McGonigle (D), and former State Representative Mark Longietti."
USA43250,"On 19 May 2022, an unreported number of people demonstrated outside of the Westmont Hilltop School Board meeting in Johnstown (Pennsylvania) to call for the board to be held accountable for their lack of action against a teacher who was accused multiple times of sexual assault and to show support for the victims."
USA43247,"On 19 May 2022, an unreported number of people rallied in Philadelphia (Pennsylvania) to call for justice in the death of a teen who was killed in a hit-and-run by a person riding a dirt bike while he was skateboarding as well as to honor his life."
USA43229,"On 18 May 2022, more than 30 people demonstrated outside of Farrell High School in Farrell (Pennsylvania) in opposition to the school's decision to bar a student from participating in the graduation ceremony and prom due to tardiness."
USA47783,"On 18 May 2022, an unreported number of people demonstrated outside of Northern High School in Dillsburg (Pennsylvania) in opposition to an after-school club offered by the Satanic Temple. Demonstrators were from TFP Student Action."
USA43206,"On 18 May 2022, an unreported number of people rallied in State College (Pennsylvania) to call for racial justice and the dismantling of white supremacy as well as to honor the lives of the victims of a shooting in Buffalo, New York that occurred on 14 May 2022 in which a young man and avowed 'white supremacist' killed 10 Black people at a grocery store. The vigil was held by the 3/20 Coalition."
USA52812,"On 17 May 2022, an unreported number of people demonstrated outside of Sen. Pat Toomey's office in Philadelphia (Pennsylvania) in opposition to the Senator. The protest was organized by Tuesdays with Toomey."
USA43221,"On 17 May 2022, an unreported number of people rallied in Pittsburgh (Pennsylvania) to call for an end to gun violence and to honor the lives of two teens killed in the same one year apart. The rally was organized by the South Pittsburgh Coalition for Peace and attended by its leader, a Christian reverend."
USA43202,"On 16 May 2022, about 120 vehicles, including trucks, convoyed from Burbank, Ohio to Brookville (Pennsylvania) as part of the 'People's Convoy,' a 'freedom convoy' protest meant to protest against coronavirus vaccine and mask mandates."
USA43347,"On 15 May 2022, dozens of people demonstrated outside of Courthouse Square in Scranton (Pennsylvania) in support of abortion rights and against a leaked Supreme Court draft opinion which would overturn Roe v. Wade."
USA43338,"On 15 May 2022, an unreported number of people held a pro-Palestinian demonstration in Philadelphia (Pennsylvania) to call for freedom for Palestinians living in the Occupied Palestinian Territories and for justice for a journalist who was killed in Jenin in the occupied West Bank during an Israeli raid. Members of the Palestinian community, If Not Now Movement (a Jewish organization), CPUSA, and The Party for Socialism and Liberation attended the protest which was organized in commemoration of Nakba Day, a date to commemorate the exile of Palestinians in 1948 upon the establishment of Israel."
USA43540,"On 14 May 2022, an unreported number of health workers marched in Warren (Pennsylvania) to call on Representative Kathy Rapp to pass the Patient Safety Act, which would set safe staffing standards for nurses, as well as to honor patients who have died due to unsafe staffing levels. Some of the nurses are represented by the SEIU."
USA43387,"On 14 May 2022, about 400 people rallied in West Chester (Pennsylvania) in support of abortion rights and against a leaked Supreme Court draft opinion which would overturn Roe v. Wade. Downington Mayor Phil Dague (R), West Chester Mayor Lillian DeBaptiste (D), Representative Chrissy Houlahan (D), State Representative Danielle Friel Otten (D), State Representative Dianne Herrin (D), County Commissioner Marian Moskowitz (D), Commissioner Josh Maxwell (D), Recorder of Deeds Chris Pielli (D), students, a Unitarian Universalist minister, State Representative candidate Cathy Spahr, and members of Wings for Success, the Chester County Fund for Women and Girls, and the Chester County Democratic Committee attended the protest which was organized by Indivisible of Chester County, Chester County Marching Forward, Empower PA PAC, Way Forward, Black Women of Chester County Action, Coatesville City Council members, and Red, Wine, and Blue. This was part of a nationwide 'Bans Off Our Bodies' day of action organized by Planned Parenthood, Women's March, UltraViolet, MoveOn, and Liberate Abortion alongside other partner organizations."
USA43388,"On 14 May 2022, hundreds of people demonstrated in Philadelphia (Pennsylvania) in support of abortion rights and against a leaked Supreme Court draft opinion which would overturn Roe v. Wade. Members of Socialist Alternative and Democratic Socialists of America as well as students, teachers, and health workers attended the protest. This was part of a nationwide 'Bans Off Our Bodies' day of action organized by Planned Parenthood, Women's March, UltraViolet, MoveOn, and Liberate Abortion alongside other partner organizations."
USA43412,"On 14 May 2022, an unreported number of people rallied outside of the Old Bucks County Courthouse in Doylestown (Pennsylvania) in support of abortion rights and against a leaked Supreme Court draft opinion which would overturn Roe v. Wade. A lawyer, Attorney General Josh Shapiro (D), State Representative candidate Gwen Stoltz, Congressional candidate Ashley Ehasz, members of the Bucks County Democratic Party attended the protest which was organized by Indivisible Bucks County, Rise Up Doylestown, Bucks County Women's Advocacy Coalition, and Bucks County NAACP. This was part of a nationwide 'Bans Off Our Bodies' day of action organized by Planned Parenthood, Women's March, UltraViolet, MoveOn, and Liberate Abortion alongside other partner organizations."
USA43414,"On 14 May 2022, hundreds of people demonstrated in front of the State Capitol in Harrisburg (Pennsylvania) in support of abortion rights and against a leaked Supreme Court draft opinion which would overturn Roe v. Wade. Governor Tom Wolf (D), Senator Vincent Hughes (D), a Rabbi, health workers, former state lawmakers as well as members of the YWCA, New Voices for Reproductive Justice (a Black- and LGBTQ+-focused 'reproductive justice' organization), Human Rights Campaign, Pennsylvania Clergy for Choice (an interfaith organization), Planned Parenthood Southern Pennsylvania, and Women's Law Project attended the rally which was organized by Planned Parenthood Pennsylvania Advocates. This was part of a nationwide 'Bans Off Our Bodies' day of action organized by Planned Parenthood, Women's March, UltraViolet, MoveOn, and Liberate Abortion alongside other partner organizations."
USA43367,"On 14 May 2022, an unreported number of people rallied in King of Prussia (Pennsylvania) in support of abortion rights and against a leaked Supreme Court draft opinion which would overturn Roe v. Wade. This was part of a nationwide 'Bans Off Our Bodies' day of action organized by Planned Parenthood, Women's March, UltraViolet, MoveOn, and Liberate Abortion alongside other partner organizations."
USA43405,"On 14 May 2022, about 60 people demonstrated in front of the Clarion County Courthouse in Clarion (Pennsylvania) in support of abortion rights and against a leaked Supreme Court draft opinion which would overturn Roe v. Wade. The protest was organized by Indivisible We Rise - West Central Pennsylvania. They were joined by about 30 counter-protesters who protested in opposition to abortion rights and in support of the leaked Supreme Court draft opinion. This protest was organized by the Clarion County Republican Committee. This was part of a nationwide 'Bans Off Our Bodies' day of action organized by Planned Parenthood, Women's March, UltraViolet, MoveOn, and Liberate Abortion alongside other partner organizations. Later in the evening, an unreported number of people marched through Veterans Memorial Park as part of a 'Walk for Life' in opposition to abortion. The march was held by Next Step Pregnancy Center."
USA43365,"On 14 May 2022, about 150 people demonstrated in Bethlehem (Pennsylvania) in support of abortion rights and against a leaked Supreme Court draft opinion which would overturn Roe v. Wade. This was part of a nationwide 'Bans Off Our Bodies' day of action organized by Planned Parenthood, Women's March, UltraViolet, MoveOn, and Liberate Abortion alongside other partner organizations."
USA43096,"On 14 May 2022, about 50 people gathered for a pro-Ukraine vigil in Carlisle (Pennsylvania) to show support for Ukraine amidst the Russian invasion and to call for a 'just peace' in the conflict. The vigil was organized by the J. Sherwood McGinnis Jr. War, Peace, and Justice Project and the Cor Christi Institute Inc. and featured Protestant and Catholic Christian religious leaders."
USA43384,"On 14 May 2022, an estimated 1500 people demonstrated in Pittsburgh (Pennsylvania) in support of abortion rights and against a leaked Supreme Court draft opinion which would overturn Roe v. Wade. Mayor Ed Gainey (D), State Representative Summer Lee (D), House Representative candidate and professor Jerry Dickinson, House Representative candidate and lawyer Steve Irwin, and members of the Women's March as well as teachers participated in the event. This was part of a nationwide 'Bans Off Our Bodies' day of action organized by Planned Parenthood, Women's March, UltraViolet, MoveOn, and Liberate Abortion alongside other partner organizations."
USA43371,"On 14 May 2022, more than 130 people demonstrated outside of the Luzerne County Courthouse in Wilkes-Barre (Pennsylvania) in support of abortion rights and against a leaked Supreme Court draft opinion which would overturn Roe v. Wade. Members of the Democratic Socialists of America, teachers, and students attended the protest which was organized by United NEPA Alliance and Action Together NEPA. This was part of a nationwide 'Bans Off Our Bodies' day of action organized by Planned Parenthood, Women's March, UltraViolet, MoveOn, and Liberate Abortion alongside other partner organizations."
USA42995,"On 13 May 2022, an unreported number of journalists rallied outside of the former Morning Call Headquarters in Allentown (Pennsylvania) in opposition to the working conditions at the newspaper, such as 'wage discrimination' and 'lack of newsroom diversity.' The rally was held by The Morning Call Guild."
USA42996,"On 13 May 2022, dozens of students walked out from their schools and marched to Love Park in Philadelphia (Pennsylvania) in support of abortion rights and against a leaked Supreme Court draft opinion which would overturn Roe v. Wade. The walkouts occurred at Franklin Learning Center, Science Leadership Academy, Julia R. Masterman Laboratory and Demonstration School, Friends Select School, University of the Arts, and Drexel University. Some of the protesters were affiliated with Socialist Alternative."
USA42993,"On 13 May 2022, about 30 people, including students, demonstrated outside of Lenape Middle School in Doylestown (Pennsylvania) to call for the reinstatement of a social studies teacher who was placed on administrative leave for, they believe, handing out the number of a hotline to LGBTQ+ students as well as to show support for the LGBTQ+ community."
USA42977,"On 12 May 2022, dozens of people demonstrated in front of the City Hall in Philadelphia (Pennsylvania) to call on the city to hire more crossing guards and police officers for the city's schools. City Councilmembers Mark Squilla (D) and Derek Green (D) and students attended the protest which was organized by Mastery Schools, a network comprised of multiple Philadelphia charter schools."
USA42973,"On 12 May 2022, an unreported number of people rallied at in front of Francis Scott Key School in Philadelphia (Pennsylvania) to call for more funding for public schools in the city. State Representative Elizabeth Fiedler (D), State Senator Vincent Hughes (D), State Representative Joanna McClinton (D), State Senator Nikil Saval (D), State Senator Katie Muth (D), State Representative Rick Krajewski (D), State Representative Joseph Hohenstein (D), Philadelphia City Councilmember Derek Green (D), Philadelphia School Board member Mallory Fix Lopez, students, teachers, school staff, a lawyer, a Christian reverend as well as members of the Education Law Center, UFCW, AFT, AFL-CIO, and Children First PA attended the rally was hosted by the Philadelphia Federation of Teachers and For Our Future PA."
USA43044,"On 12 May 2022, an unreported number of students demonstrated outside of Lenape Middle School in Doylestown (Pennsylvania) to call for the reinstatement of a social studies teacher who was placed on administrative leave for, they believe, handing out the number of a hotline to LGBTQ+ students."
USA42970,"On 11 May 2022, more than 100 people demonstrated at the State Capitol Building in Harrisburg (Pennsylvania) in support of charter schools. The rally was held by the Pennsylvania Coalition of Public Charter Schools and was attended by charter school students and staff."
USA42962,"On 11 May 2022, an unreported number of people rallied in front of the Clairton Municipal Building in Clairton (Pennsylvania) to call on the Health Department to take action to eliminate pollution from coke ovens at U.S. Steel's Clairton Coke Works. The rally was held by Valley Clean Air Now."
USA43041,"On 11 May 2022, an unreported number of students demonstrated outside of Lenape Middle School in Doylestown (Pennsylvania) to call for the reinstatement of a social studies teacher who was placed on administrative leave for, they believe, handing out the number of a hotline to LGBTQ+ students."
USA42980,"On 11 May 2022, an unreported number of people demonstrated outside of City Hall in Philadelphia (Pennsylvania) in opposition to the 'unsafe' and 'unsanitary' conditions in Philadelphia's prisons. The rally was held by the Human Rights Coalition."
USA42676,"On 11 May 2022, dozens of people demonstrated outside of Delaware County Memorial Hospital in Drexel Hill (Pennsylvania) in opposition to service cuts in the Crozer-Keystone Health System. State Representative Mike Zabel (D), State Representative Gina Curry (D), State Senator John Kane (D), State Representative Mary Isaacson (D), and members of the Upper Darby Professional Firefighters Association (a union affiliated with the IAFF, an AFL-CIO affiliated union) attended the protest which was organized by the Pennsylvania Association of Staff Nurses and Allied Professionals."
USA42949,"On 10 May 2022, nearly a dozen health workers demonstrated in front of the Blair County Courthouse in Hollidaysburg (Pennsylvania) to call on legislators to pass the Patient Safety Act, which would set a safe patient-to-staff ratio at hospitals. The workers were members of the SEIU."
USA42957,"On 10 May 2022, an unreported number of people rallied in Salunga-Landisville (Pennsylvania) to show support for the LGBTQ+ community. The rally was held ahead of a school board meeting in response to criticism of a drag show which was performed at Hempfield High School."
USA52811,"On 10 May 2022, an unreported number of people demonstrated outside of Sen. Pat Toomey's office in Philadelphia (Pennsylvania) in opposition to the Senator and in opposition to proposed changes to Washington Ave. The protest was organized by Tuesdays with Toomey."
USA42952,"On 10 May 2022, an unreported number of people held a sit-in and rally outside of Senator Bob Casey's office in Harrisburg (Pennsylvania) in support of abortion rights and to call on the Senator to support the federal codification of abortion rights. The protest was held by Lancaster Stands Up. The protest was one of many nationwide sparked by a leaked draft decision of the Supreme Court on Dobbs v. Jackson which would overturn Roe v. Wade, the Supreme Court case which protected the right to abortion."
USA42958,"On 10 May 2022, about a dozen students demonstrated outside of Lenape Middle School in Doylestown (Pennsylvania) to call for the reinstatement of a social studies teacher who was placed on administrative leave for, they believe, handing out the number of a hotline to LGBTQ+ students. The students also held signs in support of the LGBTQ+ community."
USA42886,"On 9 May 2022, more than 100 people, including child care workers, demonstrated outside of City Hill in Philadelphia (Pennsylvania) to call for living wages for childcare providers and for affordable childcare for families. The protest was part of a national day of action organized by Community Change Action."
USA42895,"On 9 May 2022, more than 200 people demonstrated outside the Montgomery County Courthouse in Norristown (Pennsylvania) as part of the 'Montco Rally for Abortion Rights' in support of abortion rights and against a leaked Supreme Court draft opinion which would overturn Roe v. Wade. Montgomery Counter Commissioner Dr. Valerie Arkoosh (D), Congresswoman Madeleine Dean (D), Congresswoman Mary Gay Scanlon (D), State Representative Nancy Guenst (D), State Senator Maria Collett (D), and members of Voices Rising Philly, Planned Parenthood Pennsylvania Advocates, and New Voices for Reproductive Justice (an organization that focuses on Black woman and LGBTQ+ folks) spoke at the event. The protest was one of many nationwide sparked by a leaked draft decision of the Supreme Court on Dobbs v. Jackson which would overturn Roe v. Wade, the Supreme Court case which protected the right to abortion."
USA42943,"On 9 May 2022, more than 30 people, including students and Catholics, marched from King's College to the Luzerne County Courthouse in Wilkes-Barre (Pennsylvania) in support of abortion rights and against a leaked Supreme Court draft opinion which would overturn Roe v. Wade. The protest was one of many nationwide sparked by a leaked draft decision of the Supreme Court on Dobbs v. Jackson which would overturn Roe v. Wade, the Supreme Court case which protected the right to abortion."
USA42937,"On 8 May 2022, around 100 people demonstrated at Scott Park in Easton (Pennsylvania) in support of abortion rights and against a leaked Supreme Court draft opinion which would overturn Roe v. Wade. The protest was organized by the student organization Lafayette for Reproductive Autonomy, Justice and Empowerment and was attended by State Senate candidate Tara Zrinski and Easton City Councilmember Taiba Sultana (D). The protest was one of many nationwide sparked by a leaked draft decision of the Supreme Court on Dobbs v. Jackson which would overturn Roe v. Wade, the Supreme Court case which protected the right to abortion."
USA42981,"On 8 May 2022, over 100 people demonstrated in front of the Allen Street Gates of Pennsylvania State University in State College (Pennsylvania) as part of the 'Rally for Reproductive Rights' in support of abortion rights and against a leaked Supreme Court draft opinion which would overturn Roe v. Wade. Veterans, a Christian reverend, and teachers attended the rally which was organized by Pennsylvania State Representative candidate Paul Takac. The protest was one of many nationwide sparked by a leaked draft decision of the Supreme Court on Dobbs v. Jackson which would overturn Roe v. Wade, the Supreme Court case which protected the right to abortion."
USA42982,"On 7 May 2022, an unreported number of people demonstrated in Philadelphia (Pennsylvania) in support of abortion rights and against a leaked Supreme Court draft opinion which would overturn Roe v. Wade. Members of the Party for Socialism and Liberation, Women's Empowerment at Drexel (a student organization), Socialist Alternative, and Workers World Party attended the demonstration which was organized by the PSL. The protest was one of many nationwide sparked by a leaked draft decision of the Supreme Court on Dobbs v. Jackson which would overturn Roe v. Wade, the Supreme Court case which protected the right to abortion."
USA42935,"On 7 May 2022, more than 50 people held a pro-Ukraine rally in Monroeville (Pennsylvania) in support of Ukraine amidst the Russian invasion and to call for peace in the conflict. The rally was organized by students in collaboration with the Rotary Club and featured speakers from a Christian church and the Council on American-Islamic Relations."
USA42868,"On 7 May 2022, an unreported number of people demonstrated in Morrow Park in Pittsburgh (Pennsylvania) to call for hospitals to 'address the crisis that's driving workers to leave' the healthcare profession. Protesters included health workers, Pittsburgh Mayor Ed Gainey (D), and State Representative Summer Lee (D)."
USA42934,"On 7 May 2022, about 200 people demonstrated in the Hill District of Pittsburgh (Pennsylvania) in support of abortion rights and to call for the inclusion of transgender voices in conversations surrounding reproductive justice. The rally was organized by SisTers PGH, Pittsburgh Feminists for Intersectionality, and the Radical Youth Collective. The protest was one of many nationwide sparked by a leaked draft decision of the Supreme Court on Dobbs v. Jackson which would overturn Roe v. Wade, the Supreme Court case which protected the right to abortion."
USA45331,"Property destruction: On 7 May 2022, a Penn State alumnus vandalized multiple monuments on the Pennsylvania State University campus in State College (Pennsylvania). The perpetrator broke the ear of the Nittany Lion statue and covered it in red paint, as well as spray painted messages on Old Main and the Hintz Family Alumni Center. One of the university's buildings, called 'Old Main,' was spray-painted with the messages that read 'TIME IS UP,' 'DEATH BY COP,' 'DEATH BY HAZING,' 'DEATH BY SUICIDE,' and 'DEATH BY PSU CULTURE' in reference to several students who had died in various incidents. The Alumni Center was also graffitied with 'FTG' and 'Should have listened when you had the chance.' The perpetrator of the acts claimed that they were to speak out against the university as being 'the blueprint for mishandling negligence and concealing sexual abuse, hazing and student deaths.'"
USA42893,"On 6 May 2022, an unreported number of people marched in Pittsburgh (Pennsylvania) in support of abortion rights and against a leaked Supreme Court draft opinion which would overturn Roe v. Wade. Members of the UE attended the protest which was organized by Abortion Defense Committee PGH, Justice for Jim Rogers, Black Anarchist Community Council, Steel City Food Not Bombs, Young Voices Act PA, Black Liberation Autonomous Collective, and the Revolutionary Women's Study Group PGH. The protest was one of many nationwide sparked by a leaked draft decision of the Supreme Court on Dobbs v. Jackson which would overturn Roe v. Wade, the Supreme Court case which protected the right to abortion."
USA42404,"On 6 May 2022, an unreported number of flight attendants rallied in front of the Spirit terminal at Philadelphia International Airport (Pennsylvania) to call on Spirit Airlines to stop canceling flights, leaving flight attendants stranded in different cities. The flight attendants are members of the Association of Flight Attendants - CWA."
USA42009,"On 5 May 2022, an unreported number of people marched from the Philadelphia School District building to City Hall in Philadelphia (Pennsylvania) as part of the 'Sons, Put Down Your Guns' march to call for an end to gun violence. The march was organized by Mothers in Charge and was attended by members of ManUpPHL, Mothers United by Angels, Black Male Community Council of Philadelphia, the CHARLES Foundation, Every Murder is Real, and No Mo Foundation as well as former State Representative Movita Johnson-Harrell and City Councilmember Kenyatta Johnson (D)."
USA42678,"On 4 May 2022, an unreported number of nursing home workers picketed outside Meyersdale Healthcare and Rehabilitation in Meyersdale (Pennsylvania) to call for lawmakers to allocate more funding to nursing homes to prevent short staffing and improve working conditions. The protest was organized by the SEIU as part of a statewide informational picket."
USA42412,"On 4 May 2022, an unreported number of people demonstrated in front of Crozer-Chester Medical Center in Upland (Pennsylvania) in opposition to potential hospital closures within the Crozer Health System. The protest was organized by the Pennsylvania Association of Staff Nurses and Allied Professionals and was attended by health workers, paramedics, members of the Crozer-Chester Nurses Association, State Representative Mike Zabel (D), and Delaware County Council Chair Dr. Monica Taylor."
USA42472,"On 4 May 2022, an unreported number of nursing home workers rallied in front of Oil City Healthcare and Rehabilitation Center in Oil City (Pennsylvania) to call for lawmakers to allocate more funding to nursing homes to prevent short staffing and improve working conditions. The protest was organized by the SEIU as part of a statewide informational picket."
USA42469,"On 4 May 2022, an unreported number of nursing home workers picketed outside Riverside Rehab and Nursing Center in Taylor (Pennsylvania) to call for lawmakers to allocate more funding to nursing homes to prevent short staffing and improve working conditions. The protest was organized by the SEIU as part of a statewide informational picket."
USA42470,"On 4 May 2022, an unreported number of nursing home workers picketed outside Spruce Manor in Reading (Pennsylvania) to call for lawmakers to allocate more funding to nursing homes to prevent short staffing and improve working conditions. The protest was organized by the SEIU as part of a statewide informational picket."
USA42471,"On 4 May 2022, an unreported number of nursing home workers rallied in Harrisburg (Pennsylvania) to call for lawmakers to allocate more funding to nursing homes to prevent short staffing and improve working conditions. The protest was organized by the SEIU as part of a statewide informational picket."
USA42473,"On 4 May 2022, an unreported number of nursing home workers rallied in Mount Lebanon (Pennsylvania) to call for lawmakers to allocate more funding to nursing homes to prevent short staffing and improve working conditions. The protest was organized by the SEIU as part of a statewide informational picket."
USA42467,"On 4 May 2022, an unreported number of nursing home workers picketed outside Beaver Valley Rehab in Beaver Falls (Pennsylvania) to call for lawmakers to allocate more funding to nursing homes to prevent short staffing and improve working conditions. The protest was organized by the SEIU as part of a statewide informational picket."
USA42558,"On 4 May 2022, about 800 people demonstrated at the courthouse in Lancaster (Pennsylvania) in support of abortion rights and the federal codification of them as well as against a leaked Supreme Court draft opinion which would overturn Roe v. Wade. The protest was organized by Lancaster Stands Up and Bold Action Works and attended by House Candidate Dana Hamp Gulick (D), Lancaster City Council member Ismail Smith-Wade-El (D), and health workers. This protest was one of many nationwide sparked by a leaked draft decision of the Supreme Court on Dobbs v. Jackson which would overturn Roe v. Wade, the Supreme Court case which protected the right to abortion."
USA42620,"On 4 May 2022, an unreported number of people demonstrated in downtown Pittsburgh (Pennsylvania) to call for more action to be taken to penalize major industrial polluters in the region. The rally was held by Penn Environment following a number of poor air quality days in the region."
USA42468,"On 4 May 2022, an unreported number of nursing home workers picketed outside the Gardens at Wyoming Valley in Wilkes-Barre (Pennsylvania) to call for lawmakers to allocate more funding to nursing homes to prevent short staffing and improve working conditions. Another group picketed at the Gardens at East Mountain. The protests were organized by the SEIU as part of a statewide informational picket."
USA42569,"On 3 May 2022, about 50 people, including a Rabbi, demonstrated in Harrisburg (Pennsylvania) in support of abortion rights and against a leaked Supreme Court draft opinion which would overturn Roe v. Wade. This protest was one of many nationwide sparked by a leaked draft decision of the Supreme Court on Dobbs v. Jackson which would overturn Roe v. Wade, the Supreme Court case which protected the right to abortion."
USA42539,"On 3 May 2022, an unreported number of people rallied in Perry Square in Erie (Pennsylvania) in support of abortion rights and against a leaked Supreme Court draft opinion which would overturn Roe v. Wade. This protest was one of many nationwide sparked by a leaked draft decision of the Supreme Court on Dobbs v. Jackson which would overturn Roe v. Wade, the Supreme Court case which protected the right to abortion."
USA42557,"On 3 May 2022, an unreported number of people rallied in front of the Edward N. Cahn U.S. Courthouse and Federal Building in Allentown (Pennsylvania) in support of abortion rights and against a leaked Supreme Court draft opinion which would overturn Roe v. Wade. State Representative Joanna McClinton (D) and Representative Susan Wild (D) attended the event. This protest was one of many nationwide sparked by a leaked draft decision of the Supreme Court on Dobbs v. Jackson which would overturn Roe v. Wade, the Supreme Court case which protected the right to abortion."
USA42568,"On 3 May 2022, about 20 people demonstrated outside of the Schuylkill County Courthouse in Pottsville (Pennsylvania) in support of abortion rights and against a leaked Supreme Court draft opinion which would overturn Roe v. Wade. The protest was organized by Schuylkill Indivisible. This protest was one of many nationwide sparked by a leaked draft decision of the Supreme Court on Dobbs v. Jackson which would overturn Roe v. Wade, the Supreme Court case which protected the right to abortion."
USA42540,"On 3 May 2022, an unreported number of people demonstrated in Carlisle (Pennsylvania) in support of abortion rights and against a leaked Supreme Court draft opinion which would overturn Roe v. Wade. This protest was one of many nationwide sparked by a leaked draft decision of the Supreme Court on Dobbs v. Jackson which would overturn Roe v. Wade, the Supreme Court case which protected the right to abortion."
USA41956,"On 3 May 2022, hundreds of people marched through downtown Philadelphia (Pennsylvania) in support of abortion rights and against a leaked Supreme Court draft opinion which would overturn Roe v. Wade. Members of the Socialist Alternative and Democratic Socialists of America, City Councilmember Kendra Brooks (WFP), City Councilmember Jamie Gauthier (D), a Christian Reverend, and students participated in the protest. At least one counter-protester was seen on the march route. At the same time, over 100 students marched across the University of Pennsylvania campus in Philadelphia (Pennsylvania) for the same reasons. Elsewhere in Philadelphia, an unreported number of people also demonstrated outside of Sen. Pat Toomey's office in support for abortion rights, as well as in opposition to the Senator and in opposition to the filibuster. The protest was organized by Tuesdays with Toomey. These protests were some of many nationwide sparked by a leaked draft decision of the Supreme Court on Dobbs v. Jackson which would overturn Roe v. Wade, the Supreme Court case which protected the right to abortion."
USA42556,"On 3 May 2022, dozens of people demonstrated in Doylestown (Pennsylvania) in support of abortion rights and against a leaked Supreme Court draft opinion which would overturn Roe v. Wade. State Senator Steve Santarsiero (D) spoke at the event. This protest was one of many nationwide sparked by a leaked draft decision of the Supreme Court on Dobbs v. Jackson which would overturn Roe v. Wade, the Supreme Court case which protected the right to abortion."
USA42570,"On 3 May 2022, about 150 people marched to the City-County Building in Pittsburgh (Pennsylvania) as part of the 'Bans Off Our Bodies' march and rally in support of abortion rights and against a leaked Supreme Court draft opinion which would overturn Roe v. Wade. The march was organized by Women's March, the National Council of Jewish Women, and Planned Parenthood. Concurrently, another group of protesters held a rally in front of the City County Building for the same reasons. This protest was organized by Socialist Alternative, the Party for Socialism and Liberation, and the Green Party. The protests eventually merged. These protests were some of many nationwide sparked by a leaked draft decision of the Supreme Court on Dobbs v. Jackson which would overturn Roe v. Wade, the Supreme Court case which protected the right to abortion."
USA42478,"On 1 May 2022, an unreported number of people rallied in front of the State Capitol building in Harrisburg (Pennsylvania) to call on US legislators to pressure the Sri Lankan government to remove the current president and form a new government. The protest was attended by members of the Sri Lankan community and was part of events held nationwide in support of the same goal."
USA42409,"On 1 May 2022, an unreported number of people rallied in Lancaster (Pennsylvania) to call for a 'fair deal for everyday working people' in the county. The rally was organized by Pennsylvania Stands Up as part of 'May Day' International Workers' Day and was attended by House Candidate Dana Hamp Gulick and Lancaster City Council member Ismail Smith-Wade-El (D)."
USA42389,"On 1 May 2022, an unreported number of people marched through Philadelphia (Pennsylvania) to call for action on policies to help workers in the state, including affordable housing and the right to unionize. The march was organized by the Workers Solidarity Network alongside members of the Save UC Townhomes Coalition (which is made up of Penn faculty, students, community members, and a Black group known as the Black Bottom Tribe), Tenants Union, Squirrel Hill Neighbors, Mobilization4Mumia, Love Not Phear, Anakbayan, Veterans for Peace, and a member of the Palestinian community. The marchers then joined a rally being held at the same time calling for support for undocumented and migrants workers' rights. This rally was organized by the Movement of Immigrant Leaders Pennsylvania, Juntos (a Latinx organization), and El Paro Philly and was attended by Make The Road PA, New Sanctuary Movement (an interfaith organization), 215 People's Alliance, Woori Center (a Korean and Asian American organization), CATA, CCATE, the Restaurant Opportunities Center, Pennsylvania Immigration and Citizenship Coalition, Free Migration Project, and Shut Down Berks Coalition. The protests were held in honor of May Day - International Workers' Day."
USA41996,"On 30 April 2022, hundreds of people marched in Reading (Pennsylvania) as part of the 'Berks for Peace Walk' to call for an end to gun violence in the city. Members of The Real Deal 610 and The Camel Project as well as State Representative Manny Guzman (D) and Reading Mayor Eddie Moran (D) attended the protest."
USA42003,"On 30 April 2022, hundreds of people marched in Philadelphia (Pennsylvania) to call for an end to gun violence in the city. The march was held by Men Who Care of Germantown and was attended by students."
USA42008,"On 28 April 2022, more than 100 students marched through the University of Scranton in Scranton (Pennsylvania) as part of a 'Take Back the Night' march in opposition to sexual assault and domestic violence."
USA42490,"On 28 April 2022, dozens of students staged a walk out and rally at Brashear High School in Pittsburgh (Pennsylvania) to protest what they say is a lack of diversity in staff and lack of mental health resources for students."
USA42649,"Other: On 28 April 2022, campus operations were disrupted at Imani Christian Academy, a majority Black school, in Pittsburgh (Pennsylvania) after the school received a shooting threat via email. An investigation into the threat is ongoing."
USA41954,"On 28 April 2022, an unreported number of people demonstrated on the Old Main Lawn on the Pennsylvania State University campus in State College (Pennsylvania) to show support for a professor at the University who is currently undergoing disciplinary action after having a physical altercation with a counter-protester at a rally in August 2021. The event was organized by the American Association of University Professors, Coalition for a Just University, NAACP, Students Against Sexist Violence, Schreyer Gender Equity Coalition, Liberal Arts Collective at Penn State, Democratic Socialists of America, Alleghenies Abolition, and Centre Pennsylvania United."
USA42411,"On 27 April 2022, an unreported number of people rallied at the State Capitol in Harrisburg (Pennsylvania) to call on legislators to vote against a probation reform bill which is currently making its way through the state legislature. State Representative Chris Rabb (D) spoke at the rally which was also attended by members of Straight Ahead."
USA42000,"On 26 April 2022, an unreported number of people rallied outside of the Tabu Lounge and Sports Bar in Philadelphia (Pennsylvania) to call for justice and accountability in the death of a Black man who died after being punched by a bouncer at the bar. Some of the rally participants were members of the LGBTQ+ community."
USA52831,"On 26 April 2022, an unreported number of people demonstrated outside of Sen. Pat Toomey's office in Philadelphia (Pennsylvania) in opposition to the Senator. Members of Indivisible Pennsylvania participated in the protest which was organized by Tuesdays with Toomey."
USA41998,"On 26 April 2022, hundreds of people demonstrated as part of the 'Taking A Stand Against Gun Violence Advocacy Day' in Harrisburg (Pennsylvania) in opposition to gun violence and to call on the state legislature to pass stricter gun control laws. The rally was attended by PA Governor Tom Wolf (D), State Representative Joanna McClinton (D), Harrisburg Mayor Wanda Williams (D), State Representative Todd Stephens (R), State Representative Benjamin Sanchez (D), Erie School Board Director Jay Breneman (D), Lancaster Mayor Danene Sorace (D), State Representative Stephen Kinsey (D), a doctor, and an Episcopal bishop, as well as members of CeaseFirePA and Mothers of Murdered Sons."
USA42500,"On 25 April 2022, an unreported number of people, including teachers, rallied in the State Capitol Building in Harrisburg (Pennsylvania) to call for the legislature to pass several funding measures for the state's schools. The rally was hosted by the Pennsylvania School Boards Association and the Pennsylvania Association of School Administrators as part of its annual lobbying day."
USA42450,"On 23 April 2022, an unreported number of people marched in Pottstown (Pennsylvania) to call for action on climate change. The march was organized to coincide with Earth Day and was attended by the NAACP."
USA42016,"On 23 April 2022, an unreported number of people marched through Harrisburg (Pennsylvania) in opposition to gun violence. The march was held by 'Taking it to the Streets.'"
USA42644,"Around 23 April 2022 (weekend of), an unreported number of people rallied in Harrisburg (Pennsylvania) to call for the humane treatment and protection of wild horses."
USA42007,"On 23 April 2022, an unreported number of people, including students, marched as part of 'Walk a Mile in Their Her His Our Shoes' in Greensburg (Pennsylvania) to call for an end to and raise awareness of gender-based violence."
USA42642,"On 23 April 2022, an unreported number of people convoyed through Philadelphia and Reading before they demonstrated in front of the Capitol Building in Harrisburg (Pennsylvania) in opposition to coronavirus policies and vaccine mandates. Most of the rally participants were members of 'The People's Convoy', an anti-coronavirus vaccine mandate freedom convoy. At least one of the cars participating had 'Let's Go Brandon' written on it."
USA42477,"On 22 April 2022, an unreported number of people marched from Paoli, Pennsylvania to Vanground Group's headquarters in Malvern (Pennsylvania) to call on the firm to stop investing in fossil fuels. The march was attended by members of Earth Quaker Action Team, Chester Residents Concerned for Quality Living, Exodus Alliance, Extinction Rebellion, Sierra Club, Third Act, Elders Action Network, Interfaith Power and Light, 350 (an international climate action organization), Dayenu (a Jewish climate action organization), and Eastwick Friends and Neighbors Coalition as well as students as part of the 'Fight for Our Future' rallies held nationwide to commemorate Earth Day."
USA42976,"On 22 April 2022, an unreported number of people rallied in Love Park in Philadelphia (Pennsylvania) to call for the reformation of the Department of Human Services. The rally came in the wake of a report released by the Philadelphia City Council Special Committee On Child Separation which concluded that the Department often 'needlessly' placed children into foster care. A Christian Bishop, Philadelphia Sheriff Rochelle Bilal (D), City Councilmember David Oh (R), and City Councilmember Cindy Bass (D) attended the rally."
USA41745,"On 22 April 2022, a small group of protesters held a 'Fight For Our Future' march in Pittsburgh (Pennsylvania) to call for better public transit services to help combat climate change. This protest was organized by Pittsburghers for Public Transit and attended by the local ATU president. Shortly after, an unreported number of people demonstrated at the City County Building to call for action to address climate change and environmental inequality. This protest was organized by the Green Party, Pittsburghers for Public Transit, and Sunrise Movement. Both protests were held in commemoration of Earth Day and later merged."
USA42742,"Non-violent activity: On 22 April 2022, antisemitic flyers were found in Ardmore (Pennsylvania) associating Jewish people with Disney, which they referred to as 'child groomers,' and promoting the Goyim Defense League. The reference to 'groomers' comes after Disney said it opposes Florida's 'don't say gay' legislation."
USA41760,"On 21 April 2022, roughly 60 people demonstrated outside of City Hall in Philadelphia (Pennsylvania) to call for increased funding for the city's parks and recreation programs in the mayor's budget. The rally was organized by Philadelphia Parks Alliance as part of the Rec It Philly campaign and was attended by Councilmembers Jamie Gauthier (D) and Cherelle Parker (D)."
USA41787,"On 21 April 2022, an unreported number of students camped on the College Green at the University of Pennsylvania in Philadelphia (Pennsylvania) to call on the University to divest from fossil fuels and increase its support for environmental justice efforts. The protest was organized by Fossil Free Penn and visited by the Maldivian Ambassador to the United States, Thilmeeza Hussain."
USA41796,"On 21 April 2022, a small group of people gathered for a pro-Ukraine and anti-Russia rally near the Russian flag on the Benjamin Franklin Parkway in Philadelphia (Pennsylvania) in opposition to the Russian invasion of Ukraine and to call for the Russian flag on the Parkway to be taken down. The protest was attended by at least one member of the Ukrainian community."
USA41741,"On 21 April 2022, an unreported number of people demonstrated in Pittsburgh (Pennsylvania) to call for 'fair wages' and 'accountability' for workers at PPG. The protest was organized by IUPAT (which is part of the AFL-CIO) and attended by State Representative Nick Pisciottano (D) and members of the AFGE."
USA41786,"On 20 April 2022, at least 6 students camped on the College Green at the University of Pennsylvania in Philadelphia (Pennsylvania) to call on the University to divest from fossil fuels and increase its support for environmental justice efforts. The protest was organized by Fossil Free Penn."
USA41748,"On 20 April 2022, an unreported number of people rallied outside of the City-County Building in Pittsburgh (Pennsylvania) to call for police accountability in the death of a Black man after he was tasered by eight police officers in October 2021 as well as accountability for the 'assault' of a protestor by an officer at a protest on 16 April 2022. The rally was led by the group Justice for Jim Rogers."
USA41785,"On 19 April 2022, about 20 students camped on the College Green at the University of Pennsylvania in Philadelphia (Pennsylvania) to call on the University to divest from fossil fuels and increase its support for environmental justice efforts. University police asked the students to leave after which only 6 remained to camp through the night. The protest was organized by Fossil Free Penn."
USA52840,"On 19 April 2022, an unreported number of people demonstrated outside of Sen. Pat Toomey's office in Philadelphia (Pennsylvania) in opposition to the Senator and to call for action against climate change, such as a reduction in emissions which harm human health. Members of ReImagine Appalachia and Moms Clean Air Force participated in the protest which was organized by Tuesdays with Toomey."
USA41809,"On 18 April 2022, an unreported number of people gathered for a vigil in Pittsburgh (Pennsylvania) to condemn gun violence and show solidarity with those impacted by the death of a 7-year-old boy who died after being shot by an unknown assailant."
USA41783,"On 18 April 2022, approximately 15 demonstrators interrupted a forum in Philadelphia (Pennsylvania) to call on the University of Pennsylvania to prevent the eviction of residents of the University City Townhomes and for the president of the University to meet with the residents. The protest was organized by the Save the UC Townhomes Coalition (which is made up of Penn faculty, students, community members, and a Black group known as the Black Bottom Tribe) and was mostly attended by students."
USA41746,"On 16 April 2022, roughly 20 protesters demonstrated in Pittsburgh (Pennsylvania) to call for police accountability in the death of a Black man after he was tasered by eight police officers in October 2021. The protesters were blocking the road when police declared the protest an unlawful assembly and attempted to disperse the protest. When the protesters did not leave, the police attempted to arrest a protester, but another protester stepped between the two and pushed the officer away. The officer then punched the intervening protester in the face. The two protesters were subsequently arrested."
USA41546,"On 15 April 2022, community members marched from Homewood to East Liberty in Pittsburgh (Pennsylvania) to call for peace and an end to gun violence in the community. Members of the House of Manna church, the Black Political Empowerment Project, and the Neighborhood Resilience Project participated."
USA41601,"On 14 April 2022, students held a 'Take Back The Night' rally and march at Penn State University in State College (Pennsylvania) to show support for survivors of sexual violence."
USA41600,"On 14 April 2022, students held a 'Take Back The Night' rally and march at East Stroudsburg University in East Stroudsburg (Pennsylvania) to show support for survivors of sexual violence. Women's Resources of Monroe County organized the event."
USA41576,"On 14 April 2022, a group of students held a 'die-in' rally at City Hall in Philadelphia (Pennsylvania) to demand action and resources to address gun violence. March for Our Lives Philadelphia organized the rally, and the Charles Foundation participated."
USA41596,"On 13 April 2022, dozens of students protested at the University of Pennsylvania in Philadelphia (Pennsylvania) to demand justice and call for support for a former student who had her sexual assault claim questioned by the university, who claimed the student had 'misrepresented' her self-report."
USA50865,"On 13 April 2022, an unreported number of people demonstrated at the Capitol in Harrisburg (Pennsylvania) to call for 'equitable' funding for education in the state. State Sen. Nikil Saval (D) and members of CASA participated in the rally which was organized by State Sen. Vincent Hughes (D)."
USA41625,"On 12 April 2022, a group of people rallied in Philadelphia (Pennsylvania) to demand an end to gun violence and to call for justice in the case of a 15 year old boy who was fatally shot in Wissinoming on 24 March."
USA52810,"On 12 April 2022, an unreported number of people demonstrated outside of Sen. Pat Toomey's office in Philadelphia (Pennsylvania) in opposition to the Senator. One protester held a sign in support of Ukraine amidst the Russian invasion. The protest was organized by Tuesdays with Toomey."
USA42413,"On 11 April 2022, an unreported number of people rallied in the State Capitol Building in Harrisburg (Pennsylvania) to call for a permanent fund to assist renters in the state. The rally was held by Make the Road PA, a Latinx organization, alongside State Senator Nikil Saval (D) and State Representatives Sara Innamorato (D) and Elizabeth Fielder (D)."
USA41793,"On 8 April 2022, an unreported number of students staged a walkout and rally at Bodine High School in Philadelphia (Pennsylvania) in protest of conditions at the school, such as frequent fights and insensitivity toward members of the LGBTQ+ community."
USA41448,"On 7 April 2022, an unreported number of people gathered in Philadelphia City Hall in Philadelphia (Pennsylvania) to call for the reopening of the school budget and for funding for specific 'critical' positions in schools. Philadelphia City Councilmembers Helen Gym (D), Kendra Brooks (WFP), Derek Green (D), and Mark Squilla (D) spoke at the rally which was organized by the Philadelphia Federation of Teachers, Teamsters, POWER (an interfaith organization), and Our City Our Schools."
USA41445,"On 7 April 2022, an unreported number of people, mostly students, marched in the 'Penn State Men Against Violence Walk' on the Pennsylvania State University campus in State College (Pennsylvania) in opposition to sexual violence on the campus and to show support for survivors. The event was organized by the Penn State Gender Equity Center and the Interfraternity Council in collaboration with other organizations. Later in the evening, an unreported number of people marched in a 'Take Back the Night' walk in opposition to sexual and domestic violence in the campus community. This event was organized by the Lambda Theta Alpha sorority."
USA41434,"On 6 April 2022, four dozen people rallied outside of The Meadows Psychiatric Center in Centre Hall (Pennsylvania) in support of unionization efforts at the facility. The rally was attended by members of the SEIU, health workers, State Representative Scott Conklin (D), College Township Councilmember Paul Takac (D), and Centre County Controller Jason Moser."
USA50884,"On 6 April 2022, an unreported number of people rallied in York (Pennsylvania) to call on Congress to pass legislation investing in climate change solutions. Rep. Carol Hill-Evans (D), York Mayor Michael Helfrich (D), a Venezuelan migrant, and members of CASA and Climate Action Campaign participated in the rally."
USA52809,"On 5 April 2022, an unreported number of people demonstrated outside of Sen. Pat Toomey's office in Philadelphia (Pennsylvania) in opposition to the Senator. Protesters held signs in support of Ukraine amidst the Russian invasion and to call for the USPS to be fixed. The protest was organized by Tuesdays with Toomey."
USA41393,"On 3 April 2022, about 50 people marched around Payrow Plaza in Bethlehem (Pennsylvania) as part of the 'March for Peace and Unity' in opposition to 'white supremacist hate speech.' The protest was in response to instances of 'white supremacist' and hate-based flyering incidents in the city last year. The event was attended by Pennsylvania State Representative Steve Samuelson (D), Bethlehem Mayor J. William Reynolds (D), Bethlehem City Council people Grace Smith and Dr. Wandalyn Enix, and a rabbi, as well as members of the Pennsylvania Human Relations Committee, Lehigh-Pocono Committee of Concern, and the Bethlehem NAACP."
USA41392,"On 3 April 2022, about 100 people demonstrated as part of the 'March Against Sexual Violence' in the Oakland neighborhood of Pittsburgh (Pennsylvania) to speak out against sexual violence and to show support to survivors. The march was organized in part by Project SAFE alongside Carlow, the University of Pittsburgh, Carnegie Mellon University, and other community organizations and was attended by students and members of Underdog, an advocacy organization for victims of sexual violence."
USA41383,"On 2 April 2022, more than 100 people rallied in Chambersburg Square in Chambersburg (Pennsylvania) to call for the nondiscrimination ordinance in the city to be reinstated as well as to show support for the transgender community around the International Transgender Day of Visibility. The event was attended by members of PA Coalition for Trans Youth and Lititz Chooses Love as well as several Christian pastors and Chambersburg Councilmember Alice Elia (D)."
USA41381,"On 2 April 2022, a large crowd of people, mostly students, rallied in Pittsburgh (Pennsylvania) to call for an end to gun violence. The event was held in response to a shooting of a young teenage boy on 30 March 2022, who was shot while riding his bike during the day in the neighborhood."
USA41369,"On 1 April 2022, hundreds of people rallied outside of the Philadelphia Museum of Art in Philadelphia (Pennsylvania) in support of unionized workers at the museum as they seek a union contract. The event was attended by members of the AFSCME, UFCW, AFL-CIO, DSA, Socialist Alternative, CPUSA, and the Philadelphia Young Communist League as well as State Senators Sharif Street (D) and Nikil Saval (D)."
USA41096,"On 31 March 2022, an unreported number of people gathered outside of City Hall in Philadelphia (Pennsylvania) in opposition to the mayor's proposed budget for 2023. The rally was attended by members of Act Up Philadelphia, Amistad Law Project, AFSCME, Alliance for a Just Philadelphia, and Philly Neighborhood Networks as well as a Christian pastor."
USA41126,"On 31 March 2022, nearly 60 people gathered in front of the City-County Building in Pittsburgh (Pennsylvania) in opposition to legislation being passed nationwide which they claim is anti-trans and to celebrate International Transgender Day of Visibility. The Pittsburgh Mayor's Press Secretary Maria Montano spoke at the rally which was held by Trans YOUniting, True T PGH, Proud Haven, SWOP Pittsburgh, The Love Diamond Project, and TransPride Pittsburgh."
USA41139,"On 30 March 2022, an unreported number of people demonstrated at Philadelphia International Airport (Pennsylvania) to call for 'good' union contracts for airport workers. Pennsylvania State Representative Malcolm Kenyatta (D) spoke at the event which was attended by members of the SEIU. The protest was part of the Airports Day of Action held nationwide by Airport Workers United, an SEIU-affiliated labor union."
USA52808,"On 29 March 2022, an unreported number of people demonstrated outside of Sen. Pat Toomey's office in Philadelphia (Pennsylvania) in opposition to the Senator. The protest was organized by Tuesdays with Toomey."
USA41147,"On 28 March 2022, roughly 100 people demonstrated in Harrisburg (Pennsylvania) to call on state lawmakers to address food insecurity among college students. The rally was held by Swipe Out Hunger and featured students from across the state as well as the First Lady of Pennsylvania Frances Wolf, Pennsylvania State Representative Jennifer O'Mara (D), and Pennsylvania State Senator Vincent Hughes (D)."
USA41359,"On 28 March 2022, an unreported number of people demonstrated outside of City Hall in Philadelphia (Pennsylvania) to call for more funding for libraries in the upcoming city budget. City Councilmembers Helen Gym (D), Kendra Brooks (WFP), and Jamie Gauthier (D) spoke at the event."
USA41120,"On 28 March 2022, over 100 people demonstrated as part of the 'Medical Freedom Rally' at the Capitol in Harrisburg (Pennsylvania) to call for 'broken trust and greed in medicine' to be fixed. The rally was hosted by Pennsylvania State Senator Doug Mastriano (R) and was spoken at by Pennsylvania Representative Stephanie Borowicz (R), Pennsylvania State Representative Dawn Keefer (R), and health workers. Members of the anti-coronavirus vaccine mandate freedom convoy, 'The People's Convoy', also attended the event. At least 1 boogaloo adherent, farmers, and the group Moms for America are known to be participating in the 'People's Convoy'."
USA41192,"On 28 March 2022, an unreported number of people demonstrated in Philadelphia (Pennsylvania) to call for justice in the shooting death of a 12-year-old boy by plainclothes police officers on 1 March 2022."
USA41131,"On 27 March 2022, more than 60 people gathered for the 'March to the Stop of Violence' march and rally in Reading (Pennsylvania) to call for an end to gun violence in the city. The event was hosted by One Love Project and featured speakers from the Real Deal 610, Berks Community Action Program, NAACP, Upending Racism, Village of Reading, Bring the Change, and The Camel Project as well as a Protestant Christian religious leader."
USA41103,"Non-violent activity: On 27 March 2022, flyers with antisemitic and white supremacist propaganda were found at several homes in Bangor (Pennsylvania). The exact content of the flyers was not reported, but they were said to match flyers distributed in Washington Township, PA around 28 March 2022 and to be similar to those distributed in various cities nationwide in February 2022 which were from the Goyim Defense League."
USA41104,"Non-violent activity: On 27 March 2022, flyers with antisemitic and white supremacist propaganda were found at several homes in Washington Township (Pennsylvania). The exact content of the flyers was not reported, but they were said to match flyers distributed in Bangor, PA around 28 March 2022 and to be similar to those distributed in various cities nationwide in February 2022 which were from the Goyim Defense League."
USA40849,"On 25 March 2022, about 150 people gathered for a pro-Ukraine demonstration outside City Hall in Philadelphia (Pennsylvania) to show support for Ukraine amidst the Russian invasion and to celebrate Belarusian Freedom Day, which commemorates the declaration of independence of the Belarusian Democratic Republic of 1918. Councilmember David Oh (R) spoke at the event which was attended by members of the local Belarusian, Georgian, Ukrainian, Polish, and Lithuanian communities."
USA40898,"On 25 March 2022, an unreported number of Port Authority employees demonstrated in downtown Pittsburgh (Pennsylvania) in opposition to the Port Authority's coronavirus vaccine mandate for employees."
USA40872,"On 24 March 2022, an unreported number of people rallied outside of the Philadelphia School District Headquarters in Philadelphia (Pennsylvania) in opposition to the school district's proposed funding for next year which they argue underfunds the schools. City Councilmember Helen Gym (D) spoke at the rally which was held by Teamsters Local 502 and the Philadelphia Federation of Teachers (an AFT affiliate)."
USA40851,"On 24 March 2022, 10 people demonstrated outside of the Dormont municipal building in Pittsburgh (Pennsylvania) to call for justice in the death of a Black man who died in police custody after repeatedly being tased and denied medical attention when he asked as well as to show support for witnesses testifying before a grand jury in the man's death. The rally was held by the group 'Justice for Jim Rogers'."
USA40829,"On 24 March 2022, about 70 people rallied on the Pennsylvania State University campus in State College (Pennsylvania) to show support for a professor who faced several charges after a physical altercation with a counter-protester at a coronavirus vaccine mandate protest as well as to protest the school administration's termination proceedings against the professor. The event was held by Penn State Students Against Sexist Violence."
USA40925,"On 23 March 2022, an unreported number of people rallied at Duquesne University in Pittsburgh (Pennsylvania) to call for a fair contract for dining workers unionized with the SEIU. City Councilpersons Deb Gross (D), Bobby Wilson (D), Corey O'Conner (D), and Dewitt Walton (D) attended the rally."
USA40942,"On 22 March 2022, an unreported number of people, including students, demonstrated outside of the Elizabethtown Area School District school board meeting in Elizabethtown (Pennsylvania) in opposition to proposed spending cuts in the school district."
USA52678,"On 22 March 2022, an unreported number of people demonstrated outside of Sen. Pat Toomey's office in Philadelphia (Pennsylvania) in opposition to the Senator as well as to call on the media to change the ways in which it reports on gun violence. There was at least one sign calling for 'sane gun laws.' Members of the Philadelphia Center for Gun Violence and CeaseFire PA participated in the protest which was organized by Tuesdays with Toomey."
USA40897,"On 22 March 2022, an unreported number of Port Authority employees demonstrated outside of the Allegheny County Courthouse in Pittsburgh (Pennsylvania) in opposition to the Port Authority's coronavirus vaccine mandate for employees."
USA40966,"On 20 March 2022, dozens of people gathered for a pro-Ukraine and anti-Russia rally in Wilkes-Barre (Pennsylvania) to show support for Ukraine amidst the Russian invasion and to call on the American government to close the airspace above Ukraine. The event was hosted by the Russian-Ukraine Baptist Church in the city and was attended by members of the Ukrainian community."
USA40953,"On 19 March 2022, over 300 people, including university students, protested outside of the University City Townhomes in Philadelphia (Pennsylvania) in protest of the sale of the townhomes and eviction of their residents. The event was hosted by Police Free Penn and the Coalition to Save the UC Townhomes, a group composed in part of Penn faculty and students and the Black Bottom Tribe (an African-American group)."
USA40943,"On 19 March 2022, dozens of people, including students, gathered for the 'Complacency Kills' march and rally at the Allen Street Gates in State College (Pennsylvania) to call for justice in the death of a Black man who was killed by State College police officers while experiencing a mental health crisis. The event was hosted by the 3/20 Coalition and featured speakers from the Centre County Democratic Socialists of America and Alleghenies Abolition."
USA40564,"On 18 March 2022, dozens of people, including Port Authority of Allegheny County workers, demonstrated outside of the Port Authority building in Pittsburgh (Pennsylvania) in opposition to the agency's coronavirus vaccination mandate and their denial of religious exemptions to some workers."
USA40825,"On 18 March 2022, approximately 15 people demonstrated outside of the Luzerne County Courthouse in Wilkes-Barre (Pennsylvania) to voice their opinions on the county government manager appointment, including opposition to the potential appointment of current acting county manager Romilda Crocamo, in support of road repairs, and to raise concerns about crime and drugs in the area."
USA40731,"On 17 March 2022, an unreported number of health workers demonstrated outside of Armstrong County Memorial Hospital in Kittanning (Pennsylvania) to call for increased benefits for nurses that work at the hospital. Pennsylvania Lieutenant Governor John Fetterman (D) spoke at their rally. The demonstration was part of a strike that started on 13 March 2022 authorized by the ACMH Nurses United, an affiliate of the Pennsylvania Association of Staff Nurses and Allied Professionals."
USA40827,"On 17 March 2022, an unreported number of people demonstrated in Philadelphia (Pennsylvania) to call for the Philadelphia Public School Board to restart the search for a new school superintendent. The rally was held by the Alliance for Philadelphia Public Schools."
USA40732,"On 16 March 2022, an unreported number of health workers demonstrated outside of Armstrong County Memorial Hospital in Kittanning (Pennsylvania) to call for increased benefits for nurses that work at the hospital. State Representative Abby Major (R) spoke at their rally. The demonstration was part of a strike that started on 13 March 2022 authorized by the ACMH Nurses United, an affiliate of the Pennsylvania Association of Staff Nurses and Allied Professionals."
USA40730,"On 15 March 2022, an unreported number of health workers demonstrated outside of Armstrong County Memorial Hospital in Kittanning (Pennsylvania) to call for increased benefits for nurses that work at the hospital. Armstrong County Commissioner Pat Fabian (D) spoke at their rally. The demonstration was part of a strike that started on 13 March 2022 authorized by the ACMH Nurses United, an affiliate of the Pennsylvania Association of Staff Nurses and Allied Professionals."
USA40824,"On 15 March 2022, around 75 people rallied outside of the Behavioral Health and Intellectual disAbility Services headquarters in Philadelphia (Pennsylvania) to call for the city to implement non-police mobile crisis responses for mental health emergencies. The rally was organized by the Amistad Law Project and Treatment Not Trauma Coalition and attended by at least one member of Free The Ballot."
USA40773,"On 15 March 2022, an unreported number of people, including students, rallied in Lansdowne (Pennsylvania) to call for equitable education funding in the state. The event was held by Children First and the William Penn School District. This event was part of fair funding vigils held throughout the state on the same day."
USA40785,"On 15 March 2022, more than 50 students, teachers and other staff and supporters demonstrated outside of the Eisenhower Science and Technology Leadership Academy in Norristown (Pennsylvania) to call for equitable education and fair school funding in the state. The Greater Norristown NAACP Education Chairman, Education Law Center Legal Director, Norristown Area School District Board President Phil Daniels (D), Superintendent Christopher Dormer, and School Board Vice President Monica D'Antonio (D) spoke at the event. The event was organized by Children First and Education Voters of Pennsylvania. This event was part of fair funding vigils held throughout the state on the same day."
USA40723,"On 15 March 2022, more than 60 people rallied outside of Pottstown Middle School in Pottstown (Pennsylvania) to call for equitable education and fair school funding in the state. A Protestant Christian Reverend, policy advisor from the Education Law Center, Vice President of the Federation of Pottstown Teachers, Pottstown School Board members Laura Johnson and Mark Ellison III, and Superintendent Stephen Rodriguez all spoke at the event which was also attended by students, parents, and other community members. This event was part of fair funding vigils held throughout the state on the same day."
USA40712,"On 15 March 2022, an unreported number of unionized workers rallied outside of City Brewing Company in Latrobe (Pennsylvania) to protest 'unfair labor practices' at the company. The workers are members of the IUE-CWA."
USA50819,"On 15 March 2022, an unreported number of people rallied in York (Pennsylvania) to call for 'fair funding' for education in the state. CASA organized the protest."
USA52832,"On 15 March 2022, an unreported number of people demonstrated outside of Sen. Pat Toomey's office in Philadelphia (Pennsylvania) in opposition to the Senator as well as to call for the closure of the Berks Immigration Detention Center. There was at least one sign in support of Ukraine amidst the Russian invasion. Members of Shut Down Berks, Interfaith Witness, a lawyer with Free Migration Project, and Berks Stands Up participated in the protest which was organized by Tuesdays with Toomey."
USA40757,"On 15 March 2022, about three dozen people demonstrated outside of the Reading School District administration building in Reading (Pennsylvania) to call for changes to address funding 'inequity' across schools in the state. The event was organized by Make the Road Pennsylvania. This event was part of fair funding vigils held throughout the state on the same day."
USA40728,"On 14 March 2022, dozens of health workers demonstrated outside of Armstrong County Memorial Hospital in Kittanning (Pennsylvania) to call for increased benefits for nurses that work at the hospital. The demonstration was part of a strike that started on 13 March 2022 authorized by the ACMH Nurses United, an affiliate of the Pennsylvania Association of Staff Nurses and Allied Professionals."
USA40729,"On 13 March 2022, more than 100 people, including unionized health workers, demonstrated outside of Armstrong County Memorial Hospital in Kittanning (Pennsylvania) to call for increased benefits for nurses that work at the hospital. The demonstration was part of a strike that started that day authorized by the ACMH Nurses United, an affiliate of the Pennsylvania Association of Staff Nurses and Allied Professionals. State Representative Austin Davis (D) attended the demonstration."
USA40166,"On 11 March 2022, about 20 people gathered outside the Fox 29 offices in Philadelphia (Pennsylvania) to demand more media coverage of the anti-coronavirus-vaccine trucker 'freedom convoy', the 'People's Convoy', which is currently protesting in the Capitol area. Some protesters carried signs with messages in opposition to coronavirus vaccine mandates. Some of the protesters were with the Philly Freedom Coalition."
USA40779,"On 11 March 2022, about 60 people, mostly students, gathered for a rally and march in Market Square in Pittsburgh (Pennsylvania) in opposition to bills that have been passed in various states nationwide which restricts the freedom of LGBTQ+ people to exist in the public sphere as well as to show support for LGBTQ+ people affected by the laws."
USA40167,"On 11 March 2022, about 50 people demonstrated outside of the Hilton at Penn's Landing in Philadelphia (Pennsylvania) to call for President Biden to take action on campaign promises regarding immigration, such as closing detention centers and helping undocumented immigrants obtain citizenship. Members of CASA, Woori (a Korean organization), Juntos, New Sanctuary Movement of Philadelphia (an interfaith organization), Movement of Immigrant Leaders in PA, Make the Road PA, and the PA Immigration and Citizenship Coalition participated in the protest which came as President Biden was visiting Philadelphia for a strategy retreat of the House Democratic Caucus."
USA40182,"On 11 March 2022, a group of Ukrainian-Americans held a pro-Ukraine and anti-Russia demonstration outside of the Hilton at Penn's Landing in Philadelphia (Pennsylvania) to denounce the Russian invasion of Ukraine and show support for Ukraine. The protest came as President Biden was visiting Philadelphia for a strategy retreat of the House Democratic Caucus."
USA40196,"On 10 March 2022, an unreported number of people gathered outside of the McKeesport Police Station in McKeesport (Pennsylvania) to call for a tougher sentence against the killer of an 18-year-old Black boy who was shot by his friend while they were 'messing around' with a gun. The rally was held by the family of the man killed along with Take Action Mon Valley, a local organization that does work regarding homicides involving Black people."
USA40200,"On 10 March 2022, an unreported number of people, including members of the Ukrainian community, gathered in Havertown (Philadelphia) for a pro-Ukraine and anti-Russia rally to denounce the Russian invasion of Ukraine and show support for Ukraine. 6th Ward Commissioner Larry Holmes (D), Delaware County District Attorney Jack Stollsteimer (D), and the honorary consul of Ukraine attended the event. United With Ukraine organized the event."
USA40235,"On 9 March 2022, an unreported number of people rallied near Philadelphia (Pennsylvania) to call for dietary workers at PottsTown and Chestnut Hill hospitals to receive better working conditions and pay. The rallygoers were members of the SEIU as well as State Representative Candidate Tarik S. Khan, who is a nurse, and State Representative Chris Rabb (D)."
USA40256,"On 8 March 2022, an unreported number of protesters gathered outside of the Berks County Residential Center in Leesport (Pennsylvania) to demand that the prison be permanently closed and the building repurposed into a public service building. The protesters were with Make the Road PA, Shut Down Berks Coalition, Aldea - The People's Justice Center, and the Free Migration Project. The Chief of Staff for Congresswoman Madeleine Dean (D) also attended to make a statement on behalf of the Congresswoman."
USA52807,"On 8 March 2022, an unreported number of people demonstrated outside of Sen. Pat Toomey's office in Philadelphia (Pennsylvania) in opposition to the Senator and in support of Ukraine amidst the Russian invasion. Members of the New Pennsylvania Project participated in the protest which was organized by Tuesdays with Toomey."
USA40258,"On 8 March 2022, about two dozen people demonstrated outside of the City-County Building in Pittsburgh (Pennsylvania) as part of International Women's Day in opposition to new abortion restrictions and to show support for Roe v. Wade. The event was held by the Party for Socialism and Liberation, ANSWER, the Christian Alliance for Peace, and Socialist Alternative. One health worker spoke at the event."
USA40355,"On 6 March 2022, an unreported number of people gathered in Philadelphia (Pennsylvania) for a pro-Ukraine and anti-Russia rally to call for an end to the war in Ukraine and an end to NATO expansion. Some protesters were holding signs from the Brandywine Peace Community and Socialist Resurgence. The protesters were demonstrating as part of 'Global Day of Action for Peace in Ukraine' organized by Codepink, the Campaign for Nuclear Disarmament, No to NATO, and Stop the War Coalition."
USA40375,"On 6 March 2022, over 300 people, including members of the Ukrainian and Polish community, and students, gathered at Saints Peter and Paul Ukrainian Catholic Church in Bridgeport (Pennsylvania) for 'Rally to Support the People of Ukraine', a pro-Ukraine and anti-Russia rally, to show support for Ukraine amidst the Russian invasion. Speakers at the event included a Catholic priest, Congresswoman Madeleine Dean (D), Congresswoman Mary Gay Scanlon (D), Pennsylvania Attorney General Josh Shapiro (D), and Bridgeport Borough Council President Kyle Shenk. State Representative Tim Briggs (D) and State Senator Amanda Cappelletti (D) also attended the event."
USA40378,"On 6 March 2022, hundreds of people gathered for a pro-Ukraine and anti-Russia rally in Lincoln Square in Gettysburg (Pennsylvania) to denounce the Russian invasion of Ukraine and show support for Ukraine. Adams County Commissioner Marty Qually (D) and a local Ukrainian-American teacher spoke at the event which was attended also by local politicians and pastors. The event was organized by Ambassadors of Love PA."
USA40155,"On 6 March 2022, an unreported number of people rallied at the Haines Street and Cedar Park Avenue intersection in Philadelphia (Pennsylvania) to call for an end to gun violence in the city. At least one protester held a sign that said 'Black Lives Matter'."
USA40387,"On 6 March 2022, an unreported number of people, including Ukrainian-Americans, held a pro-Ukraine and anti-Russia rally on Benjamin Franklin Parkway in Philadelphia (Pennsylvania) to call for an end to the Russian invasion of Ukraine and for NATO to institute a no-fly zone over Ukraine. Another pro-Ukraine rally was held on Independence Mall to denounce the Russian invasion and call for Russia to end the war and engage meaningfully in negotiations. This rally was organized by the Granny Peace Brigade in cooperation with the Pennsylvania Office of the Coalition for Peace Action, the Women's International League for Peace and Freedom, Codepink, Physicians for Social Responsibility, and the Brandywine Peace Community."
USA40452,"On 5 March 2022, dozens of people gathered for a pro-Ukraine and anti-Russia rally in Perry Square in Erie (Pennsylvania) to denounce the Russian invasion of Ukraine and show support for Ukraine. Erie Mayor Joe Schember (D) and members of the Ukrainian community attended the event."
USA40469,"On 5 March 2022, about 200 people, including members of the Ukrainian community, gathered for a pro-Ukraine and anti-Russia rally near Gettysburg (Pennsylvania) to show support for Ukraine amidst the Russian invasion."
USA40465,"On 5 March 2022, 100 or so people, including unionizing Starbucks workers, rallied outside of the Bloomfield Starbucks in Pittsburgh (Pennsylvania) to show support for the Bloomfield Starbucks workers seeking to unionize and to call for better working conditions for the workers. Mayor Ed Gainey (D), State Representatives Summer Lee (D) and Sara Innamorato (D), and City Councilwoman Deb Gross (D) spoke at the event. Some workers held banners with the UE logo on them."
USA40478,"On 5 March 2022, a few dozen people gathered near Schenley Plaza in Pittsburgh (Pennsylvania) for a pro-Ukraine and anti-Russia rally to call for the end to the Russian invasion of Ukraine as well as to 'spread awareness of misinformation' regarding the conflict."
USA39750,"On 4 March 2022, an unreported number of people gathered in Philadelphia (Pennsylvania) at the site where a Black man was murdered while using the ATM to all for an end to violence in the city and for more community involvement to stop the killings. The rally was held by Stop Killing Us. The family of the deceased man and elected officials attended the event. Some of the protesters held signs with the phrase 'Black Lives Matter'."
USA39747,"On 4 March 2022, about 50 people, including students, demonstrated outside of Sewickley Academy in Sewickley (Pennsylvania) to protest recent curriculum and personnel changes that they say have made students of color feel unsafe at the school."
USA39749,"On 4 March 2022, about 50 people, including workers, demonstrated outside of City Brewery in Latrobe (Pennsylvania) to call for a fair contract for workers at the brewery and to raise awareness of management issue that have been affecting contract negotiations. The workers are members of the IUE-CWA labor union."
USA39761,"On 4 March 2022, hundreds of people rallied on the Center Avenue overpass of Interstate 70 East and alongside the interstate in New Stanton (Pennsylvania) in support of 'The People's Convoy', an anti-coronavirus-vaccine trucker 'freedom convoy, as it passed through the region."
USA39746,"On 4 March 2022, an unreported number of people gathered for a pro-Ukraine and anti-Russia rally in Harrisburg (Pennsylvania) to denounce the Russian invasion of Ukraine and show support for Ukraine. Rallygoers also raised awareness of the war in South Sudan. The event was organized by the Latino Hispanic American Community Center and attended by members of the Ukrainian and South Sudanese community."
USA40518,"On 4 March 2022, an unreported number of people gathered for a pro-Ukraine and anti-Russia vigil in Ramey (Pennsylvania) to show support for Ukraine amidst the Russian invasion. A priest from a Ukrainian-Greek Catholic church was in attendance."
USA39656,"On 4 March 2022, about 100 people rallied on the Jessop Place overpass while more than 100 people rallied on the PA-136 overpass of Interstate 70 East in Washington (Pennsylvania) in support of 'The People's Convoy', an anti-coronavirus-vaccine trucker 'freedom convoy', as it passed through the region."
USA39917,"On 3 March 2022, an unreported number of people rallied on an overpass above Interstate 81 in Harrisburg (Pennsylvania) to show support for an anti-coronavirus-vaccine trucker 'freedom convoy' as it passed through the region."
USA39745,"On 3 March 2022, dozens of people gathered for a pro-Ukraine and anti-Russia rally in Jim Thorpe (Pennsylvania) to denounce the Russian invasion of Ukraine and show support for Ukraine while calling for peace. The event was held by the Ukrainian Homestead."
USA39744,"On 3 March 2022, about 30 people with CASA rallied in Cold Stream Dam and Recreation Park in Philipsburg (Pennsylvania) in opposition to ICE's recently opened Moshannon Valley Processing Center and to call on President Biden to abolish ICE."
USA39743,"On 3 March 2022, more than 230 students and community members gathered at Old Main on Pennsylvania State University's campus in State College (Pennsylvania) for a pro-Ukraine and anti-Russia rally to denounce the Russian invasion of Ukraine and show support for Ukraine. The event was organized by the Penn State Ukrainian Society and Russian Club. State College Mayor Ezra Nanes (D) and State College Borough Council President Jesse Barlow spoke at the event."
USA39740,"On 2 March 2022, several dozen protesters demonstrated outside of the U.S. Attorney's Office in Philadelphia (Pennsylvania) in opposition to discussion between the US Department of Justice and a nonprofit about opening a supervised drug injection site in the city. Councilmembers David Oh (R) and Mark Squilla (D) spoke at the protest which was attended by members of the Harrowgate Civic Association and Port Richmond On Patrol and Civic. A handful of counter protesters in support of supervised drug injection sites for stood nearby. Some of the counter protesters were with Operation Save Our City."
USA39871,"On 2 March 2022, more than 70 people rallied on the Route 62 overpass on Interstate 79 in Jackson Center (Pennsylvania) in support of an anti-coronavirus-vaccine trucker 'freedom convoy' as it passed through the region."
USA39915,"On 2 March 2022, about 20 vehicles with 'The People's Convoy - Northeast', an anti-vaccine trucker 'freedom convoy', convoyed from Watertown, New York to Harrisburg (Pennsylvania) to demand an end to coronavirus pandemic-related mask and vaccine mandates."
USA39779,"On 2 March 2022, an unreported number of people rallied on the Grubb Road overpass of Interstate 79 Southbound in McKean Township (Pennsylvania) in support of an anti-coronavirus-vaccine trucker 'freedom convoy' as it was passing through the area."
USA39920,"On 2 March 2022, an unreported number of people rallied on the Route 430 overpass of Interstate 90 in Harborcreek Township (Pennsylvania) in support of an anti-coronavirus-vaccine trucker 'freedom convoy' as it was passing through the area."
USA39742,"On 1 March 2022, an unreported number of teachers demonstrated outside of Valley High School in New Kensington (Pennsylvania) to call on the school board to negotiate a fair contract with their union and to finish the negotiations with the union."
USA42624,"Other: On 1 March 2022, a 12-year-old boy was shot and killed by plainclothes police officers in Philadelphia (Pennsylvania). According to police, four plainclothes officers were sitting in an unmarked vehicle in a neighborhood after receiving reports that a teenager and a young adult were in the area with weapons. The officers approached the 12-year-old boy and his teenage friend, who were both riding bikes. The officers gave conflicting reasons for why they wanted to stop the boys. After turning on their flashing lights, a bullet pierced the car's back window. Two of the officers left the car, then chased the young boy and his friend before shooting the 12-year-old in the back and killing him. An investigation into the shooting found that, after pursuing the boys, police fired three shots, and one of the officers fired the fatal shot at the boy from near-point blank range while the boy was facedown on the ground and knowingly unarmed. The boy had tossed his gun while being chased by officers, and was reported to have been attempting to surrender. The officer responsible for killing the boy was fired and was charged with murder in May 2022."
USA52806,"On 1 March 2022, an unreported number of people demonstrated outside of Sen. Pat Toomey's office in Philadelphia (Pennsylvania) in opposition to the Senator and in support of Ukraine amidst the Russian invasion. The protest was organized by Tuesdays with Toomey."
USA39737,"On 28 February 2022, an unreported number of people staged a protest at the Pennsylvania Press Club luncheon at the Hilton Hotel in Harrisburg (Pennsylvania) to call on legislators in the state to enact a law that would ban lawmakers from accepting gifts from lobbyists. The protesters interrupted a speech given by the House Majority Leader Kerry Benninghoff before peacefully leaving the luncheon after being asked to by hotel security. The protesters were with the local group MarchOnHarrisburg."
USA39752,"On 28 February 2022, an unreported number of people gathered in Erie (Pennsylvania) for a pro-Ukraine Silent Peace Walk through Perry Square to show support for Ukraine amidst the ongoing war with Russia. The walk was organized by Benedictines for Peace."
USA39739,"On 28 February 2022, a small group of people held a pro-Ukraine and anti-Russia rally in front of City Hall in Philadelphia (Pennsylvania) in opposition to war and NATO expansion and to stand in solidarity with Ukrainian anti-war activists. The protesters held signs with the web address to the Brandywine Peace Community. Another protest of more than 100 people participated in a pro-Ukraine and anti-Russia march and rally near College Hall on the University of Pennsylvania campus to show support for Ukraine amidst the Russian invasion and to hold the American government accountable in supporting the country. This protest was attended by American, Kosovar, Ukrainian, Polish, and Lithuanian students."
USA39733,"On 27 February 2022, hundreds of protesters participated in a pro-Ukraine demonstration at Independence Mall in Philadelphia (Pennsylvania) to denounce the Russian invasion of Ukraine and show support for Ukraine and Ukrainians. The protest was organized by the Ukrainian American Community Committee, Ukrainian Human Rights Committee, and a private citizen, and included people from the Ukrainian, Belarusian, Lithuanian, Polish, and Russian communities."
USA39735,"On 27 February 2022, dozens of people, including people from the Russian and Ukrainian communities, held a pro-Ukraine rally outside of the Monroe County Courthouse in Stroudsburg (Pennsylvania) to show support for Ukraine amidst the Russian invasion of the country and to call for an end to the war. Stroudsburg Mayor Tarah Probst (D) was also in attendance."
USA39736,"On 27 February 2022, dozens of people, including students participated in a pro-Ukraine rally outside of the Bucks County Administration Building in Doylestown (Pennsylvania) in support of peace in Ukraine and LGBTQ+ rights and in 'solidarity with Black, Brown, and Indigenous people'. Food Not Bombs participated, and State Senator Steve Santarsiero (D) and the co-founder of the Coalition of Natives and Allies spoke at the event."
USA39734,"On 27 February 2022, hundreds of people gathered for a pro-Ukraine demonstration in Liberty Avenue Park in Pittsburgh (Pennsylvania) to show support for Ukraine amidst the Russian invasion of the country and to call for an end to the war. The rally was organized by the Ukrainian American Youth of Southwestern Pennsylvania and was attended by Pittsburgh Mayor Ed Gainey (D) and Allegheny County Executive Rich Fitzgerald (D) as well as members of the Russian, Belarusian, and Ukrainian communities."
USA39738,"On 26 February 2022, some protesters, including people from the Ukrainian community, held a pro-Ukraine demonstration outside of the State Capitol in Harrisburg (Pennsylvania) to denounce the Russian invasion of Ukraine and show support for Ukraine."
USA39751,"On 26 February 2022, an unreported number of people rallied in Philadelphia (Pennsylvania) to call for answers in the case of missing 20-year-old man. The man's family and friends participated in the rally."
USA39421,"On 25 February 2022, 200 people staged a pro-Ukraine and anti-Russia rally outside of City Hall in Philadelphia (Pennsylvania) to denounce the Russian invasion of Ukraine and call on America to provide more support to Ukraine. The protesters were from the Ukrainian, Russian, Latvian, Georgian, Polish, Jewish, and African American communities. A local Reverend and the Honorary Consul of Ukraine in Philadelphia, who organized the rally, spoke at the event."
USA40545,"On 25 February 2022, more than 250 students gathered at Allegheny College in Meadville (Pennsylvania) for a pro-Ukraine and anti-Russia rally to denounce the Russian invasion of Ukraine and show support for Ukraine. The rally was organized by a student at the University who is from Ukraine."
USA39415,"On 25 February 2022, more than 20 protesters staged a pro-Ukraine and anti-Russia rally on the Cathedral Lawn at the University of Pittsburgh in Pittsburgh (Pennsylvania) to denounce the Russian invasion of Ukraine and show support for Ukraine. The event was organized by the University's Russian and Ukrainian clubs and the Slavic department."
USA39422,"On 24 February 2022, about 75 people rallied outside the Oregon Avenue UPS Building in Philadelphia (Pennsylvania) against a UPS pay cut to workers and to call on UPS to restore the pay of workers to its previous rate. Protesters were union members of the Teamsters, CWA, AFSCME, and AFL-CIO. State Representatives Elizabeth Fiedler (D), Malcolm Kenyatta (D), and Rick Krajewski (D); Philadelphia City Councilwoman Helen Gym (D); and Pennsylvania Senate Candidate Paul Prescod (D) also attended the event."
USA39510,"On 24 February 2022, an unreported number of people rallied at Kutztown University in Kutztown (Pennsylvania) to call for the University to ensure a fair unionization process for dining workers. The protesters were dining workers represented by the Pennsylvania Joint Board of Workers United as well as faculty and students."
USA39416,"On 24 February 2022, an unreported number of people staged a pro-Ukraine and anti-Russia rally in Pittsburgh (Pennsylvania) for a 'Stand with Ukraine' rally to show support for Ukraine amidst a Russian invasion. The protesters were from the Ukrainian, Russian, Belarussian, Estonian, and Azerbaijani communities."
USA39356,"On 24 February 2022, more than 50 people staged a pro-Ukraine and anti-Russia rally at Pennsylvania State University in State College (Pennsylvania) to denounce the Russian invasion of Ukraine and show support for Ukraine. The rally was organized by the Penn State Ukrainian Society."
USA39423,"On 23 February 2022, nearly 100 protesters demonstrated outside of College Hall in Philadelphia (Pennsylvania) to call for the University of Pennsylvania to prevent residents from being evicted from the University City Townhomes. Many of the protesters were with the organization Coalition to Save the UC Townhomes, a local organization of university faculty and students, the Black Bottom Tribe (an African American group), housing justice organizers, and community members."
USA39424,"On 22 February 2022, about 20 people demonstrated outside of the Philadelphia School District Headquarters in Philadelphia (Pennsylvania) to protest unsafe conditions in schools across the district. Afterwards, there was another demonstration of about two dozens students, parents, and teachers to protest a lack of ventilation and unsafe conditions at Paul Robeson High School."
USA39417,"On 22 February 2022, dozens of protesters demonstrated outside of the City-County Building in Pittsburgh (Pennsylvania) to call for increased protections from violence for the Black and trans communities. The family members of some local victims of violence spoke at the event. The event was organized by the groups Trans YOUniting, the Alliance for Police Accountability, Black Lives Matter Pittsburgh, and 1Hood Media."
USA39498,"On 21 February 2022, an estimated 300 students staged a walkout and rally at Bucknell University in Lewisburg (Pennsylvania) to call for greater accountability from the administration regarding abuses perpetuated by faculty and students at the institution and for institutional problems that make students feel unsafe at the school to be addressed."
USA39418,"On 21 February 2022, an unreported number of people held a march and rally in Pittsburgh (Pennsylvania) to call for justice and for charges to be brought against the believed killers of a Black man who was found shot to death in Rockland Township while on a trip with a group of former coworkers. The family of the man was present at the event."
USA39532,"On 20 February 2022, an unreported number of demonstrators from the American Society for the Defense of Tradition, Family and Property and Rosary Rally stood outside of the Hanover (Pennsylvania) YWCA to protest its drag queen story time event. The protesters were met with over 70 counter protesters there in support of LGBTQ+ individuals."
USA39419,"Around 20 February 2022, an unreported number of people, some of whom were armed, demonstrated in Pittsburgh (Pennsylvania) to show support for the protesters shot by a gunman in Portland while setting up a protest on 19 February 2022."
USA39531,"On 19 February 2022, an unreported number of faculty members from Harrisburg Area Community College (HACC) demonstrated at the State Capitol in Harrisburg (Pennsylvania) to call on their colleagues to vote yes to forming a union at HACC."
USA39184,"On 18 February 2022, over 50 people with United Mine Workers of America (UMWA) protested in Waynesburg (Pennsylvania) against a Warrior Met Coal job fair which they allege was attempting to hire scab workers to undermine the union workers' strike against the company."
USA39420,"On 18 February 2022, an unreported number of protesters demonstrated in downtown Pittsburgh (Pennsylvania) to call for the Allegheny County district attorney to file charges against the police officers involved in the death of a Black man, who died after being repeatedly tased after being stopped by police investigating a report of a stolen bicycle, instead of using a grand jury."
USA39124,"On 16 February 2022, an unreported number of people demonstrated at the State Capitol Building in Harrisburg (Pennsylvania) to call for an investigation into state representatives who were involved in the 6 January 2021 Capitol Riot as well as to bar them and former President Donald Trump from 2024 ballots. The demonstrators were with the group Our Revolution."
USA39244,"On 16 February 2022, about 13 people gathered in Pittsburgh (Pennsylvania) to call for the Fox Chapel Area School district to make wearing masks, which was instituted due to the coronavirus pandemic, optional."
USA56866,"On 15 February 2022, an unreported number of people demonstrated outside of Sen. Pat Toomey's office in Philadelphia (Pennsylvania) in opposition to the Senator and to call for affordable housing. State Sen. Art Haywood (D) and State Sen. Nikil Saval (D) participated in the protest which was organized by Tuesdays with Toomey."
USA39109,"On 14 February 2022, about 50 people rallied at LOVE Park before marching to City Hall in Philadelphia (Pennsylvania) to call on the Biden administration to implement immigration reform. The protest was part of nationwide demonstrations for 'A Day Without Immigrants'."
USA39553,"On 12 February 2022, an unreported number of people, including some truckers, convoyed from Mount Juliet, Tennessee to Erie (Pennsylvania) driving slowly to delay traffic while displaying signs and flags in order to demonstrate against vaccine mandates amid the coronavirus pandemic. The convoy dubbed itself the 'US Freedom Convoy.'"
USA63811,"Around 12 February 2022 (as reported), White Lives Matter affiliates gathered in Pennsylvania state (coded as Harrisburg (Pennsylvania)) to demonstrate in favor of White Lives Matter."
USA38962,"On 9 February 2022, an unreported number of people demonstrated outside of the office of Representative Susan Wild in Easton (Pennsylvania) to call for de-escalation with Russia in the conflict in Ukraine. The demonstration was organized by the Lehigh-Pocono Committee of Concern Peace Center."
USA38964,"On 9 February 2022, an unreported number of people rallied outside of Pennsylvania House Majority Leader Kerry Benninghoff's office inside the State Capitol in Harrisburg (Pennsylvania) to demand that he call a vote on legislation that would ban lawmakers from accepting gifts. Police were called to the protest, but the protesters left without incident. The protest was lead by March on Harrisburg."
USA38960,"On 8 February 2022, over a dozen people protested in Hollidaysburg (Pennsylvania) against the lack of transparency and accountability in the investigation of the death of correctional officer who was killed by an inmate on 17 November 2021. The deceased officer's family participated in the event."
USA38920,"On 6 February 2022, a little over 50 people gathered in Highland Park in Pittsburgh (Pennsylvania) to call for justice in the death of a Black man who was found shot to death in Rockland Township, Pennsylvania in December 2021 while on a trip with a group of white friends. Reports are unclear as to whether demonstrators thought the victim's white friends were involved in the shooting. The man's family was present at the event."
USA38738,"On 2 February 2022, an unreported number of people gathered at Bethel African Methodist Episcopal Church in the Hill District of Pittsburgh (Pennsylvania) to call for justice in the death of a Black man who was shot and killed in December 2021 in Pennsylvania while on a trip with a white coworker and to call for the case to be turned over to the Pennsylvania Attorney General. The rally was attended by the man's family and local faith leaders, including pastors, bishops, and rabbis."
USA38736,"On 1 February 2022, 11 people from PETA protested at the library which hosts Punxsutawney Phil in Punxsutawney (Pennsylvania) against the groundhog's use in groundhog day festivities and life in captivity."
USA38732,"On 1 February 2022, an unreported number of people gathered at the State Capitol in Harrisburg (Pennsylvania) to call for safer gun laws in order to end gun violence and to honor those whose lives have been lost to gun violence. The rally was attended by members of Moms Demand Action for Gun Sense in America and Students Demand Action as well as by State Representative Patty Kim (D)."
USA38737,"On 30 January 2022, about 200 protesters gathered for the Philadelphia Stands with Ukraine rally outside of the Philadelphia Museum of Art in Philadelphia (Pennsylvania) to show support for Ukraine and denounce aggressive action by Russia in the escalating Russia-Ukraine conflict. Protesters included Ukrainian-, Polish-, Lithuanian-, and Belarusian-Americans. Speakers at the event included the president of the local chapter of the Ukrainian Congress Committee of America, the honorary consuls of Ukraine and Lithuania, and Philadelphia City Councilmember David Oh (R)."
USA38762,"On 30 January 2022, more than 50 people gathered outside of the Shadyside location of Coffee Tree Roasters in Pittsburgh (Pennsylvania) to show support for the unionization efforts of the shop's employees as well as to call out unionbusting efforts by the company. Mayor Ed Gainey (D) spoke at the event as did the president for the local chapter of the United Food and Commercial Workers Union."
USA38775,"On 30 January 2022, an unreported number of people gathered at the Luzerne County Courthouse in Wilkes-Barre (Pennsylvania) to call for justice in the 2006 unsolved murder of a woman. Those gathered were her family members."
USA38709,"On 30 January 2022, dozens of demonstrators gathered outside of City Hall in Philadelphia (Pennsylvania) to call for an end to anti-Asian hate crimes and racism. Councilmember Helen Gym (D) and a member of the PA Asian Pacific American Affairs were present at the event. The protest was one of several held around the country on the anniversary of the murder of a Thai immigrant in San Francisco."
USA38681,"On 29 January 2022, about 200 people marched through Erie (Pennsylvania) to show opposition to abortion. The march was hosted by People for Life and featured a speech from the district director for U.S. Representative Mike Kelly."
USA38468,"On 27 January 2022, more than four dozen people gathered in Chambersburg (Pennsylvania) at the kick-off for IceFest, to demonstrate against the Chambersburg City Council's repeal of a non-discrimination ordinance which offered protections for LGBTQ+ people as well as to show support for the LGBTQ+ community by wearing rainbow face masks."
USA38459,"On 27 January 2022, an estimated 25 people rallied in Friendship Park in Pittsburgh (Pennsylvania) to demand action against the climate crisis by divesting from fossil fuels and to call out 'bad actors' in the climate crisis. The group was made up of members of the Ohio Valley Environmental resistance, the Green Party of Allegheny County, and the Pittsburgh Sunrise Movement. A Catholic priest was also present to perform an exorcism on an effigy symbolizing the 'bad actors'."
USA38494,"On 26 January 2022, an unreported number of people gathered outside of Aliquippa City Building in Aliquippa (Pennsylvania) to demand that the owners of the Towne Towers address 'unlivable conditions' in the buildings. Beaver County United activists were present at the protest."
USA38460,"On 25 January 2022, an unreported number of nurses gathered in Harrisburg (Pennsylvania) to call on lawmakers to pass the Patient Safety Act, which would limit the number of patients to which a nurse can be assigned. The group was with the Pennsylvania Association of Staff Nurses and Allied Professionals, a Pennsylvania labor union."
USA40555,"On 24 January 2022, an unreported number of people protested outside of the Hilton Hotel in Harrisburg (Pennsylvania) to call on state lawmakers to pass a legislative gift ban. The protesters were members of MarchOnHarrisburg."
USA38201,"On 21 January 2022, about 30 people gathered outside of the Westmoreland Courthouse in Greensburg (Pennsylvania) in remembrance of those from Westmoreland who have died from coronavirus and to call on the Westmoreland County Commissioners to allocate the remainder of federal funds to help those in need due to the coronavirus pandemic. The event was hosted by the Voice of Westmoreland, and the president of the Greensburg-Jeannette Chapter of the NAACP was a featured speaker in addition to members of Voice of Westmoreland."
USA38244,"On 21 January 2022, 50 or more protesters gathered at St. Francis University in Loretto (Pennsylvania) for the 9th March for Life on the Mountain in opposition to abortion. The protest was organized by SFU Students for Life. The protesters were made up of students, faculty and staff from the University, community members - some of whom were from the Knights of Columbus - and clergy."
USA38232,"On 15 January 2022, an unreported number of protesters with PETA demonstrated in Philadelphia (Pennsylvania) to call on the CEO of Urban Outfitters to stop selling products which contain animal-derived materials."
USA38165,"On 14 January 2022, many students, organized by Penn State's Student Against Sexist Violence, demonstrated in downtown State College (Pennsylvania) to show support for a professor at Penn State who is facing dismissal proceedings from the university after getting into a physical altercation with a counter-protester at a vaccine mandate rally in August 2021, despite being found innocent on criminal charges related to the altercation."
USA38112,"On 13 January 2022, an unreported number of protesters stood outside the Delaware County Courthouse in Media (Pennsylvania) to call for the police officers involved in the death of Fanta Bility to be named and charged as well as for the district attorney to drop murder charges against the two teens who fired shots on the day of the her death. Fanta Bility, an 8-year old Black girl, was shot and killed on 27 August 2021 by Sharon Hill police officers who fired shots outside of a football game at Academy Park High School in response to an exchange of gunfire between two teenagers. The two teenagers were charged with Bility's death, despite an investigation revealing that bullets from the police had killed her. The protest was organized by UDTJ and Delco Resists to coincide with a preliminary hearing for one of the teens."
USA38137,"On 13 January 2022, an unreported number of people, including nurses, demonstrated outside of Temple University Hospital in Philadelphia (Pennsylvania) as part of national day of action organized by National Nurses United to demand that hospitals invest in safe staffing and provide 'optimal protections' for healthcare workers."
USA38135,"On 12 January 2022, an unreported number of healthcare workers gathered on the Rachel Carson Bridge in Pittsburgh (Pennsylvania) to raise awareness of the detrimental effects of the nursing shortage and working conditions on healthcare workers and to demand increased wages and better working conditions."
USA37920,"On 6 January 2022, about 40 people staged a 'We the People: January 6th Day of Remembrance and Action' in Thomas Paine Plaza in Philadelphia (Pennsylvania) in support of voting rights legislation and to commemorate the anniversary of the 6 January 2021 Capitol riots. Pennsylvania State Senator Sharif Street (D) spoke at the event."
USA37987,"On 6 January 2022, dozens of protesters held a 'pro-democracy' demonstration in Oreland (Pennsylvania) as part of nationwide events commemorating the anniversary of the 6 January 2021 Capitol riots."
USA37907,"On 6 January 2022, more than 60 people gathered in Penn Square in Reading (Pennsylvania) in support of voting rights legislation and to commemorate the anniversary of the 6 January 2021 Capitol riots. Speakers included Pennsylvania State Senator Judy Schwank (D), Spring Township supervisor Jesse Royer, and Reading School Board member Mark Detterline. The vigil was organized by Declaration for American Democracy, League of Women Voters of Berks County, and Berks Stands Up."
USA37905,"On 6 January 2022, about 40 people gathered at the Democratic Club's headquarters in Murrysville (Pennsylvania) to commemorate the anniversary of the 6 January 2021 Capitol riots, to call for unity in the country and among politicians, and to call on legislators to 'protect voting rights' by passing the Freedom to Vote Act. The event was organized by the Murrysville Export Democratic Club."
USA37988,"On 6 January 2022, an unreported number of protesters from No North Brooklyn Pipeline gathered at the Mariner 1 Pump Station in Upper Uwchlan (Pennsylvania) to protest and disrupt the construction of the Mariner East Pipeline. Two activists were arrested at the protest."
USA37958,"On 6 January 2022, roughly 30 people protested outside of Representative Scott Perry's office in West Manchester Township (Pennsylvania) to denounce the representative as 'treasonous' and 'dangerous to democracy' due to his connections to former President Trump and his allies surrounding the 6 January Capitol rioting. The protest was organized by CASA and also featured members from Indivisible York and Hanover for Progress."
USA37936,"On 5 January 2022, about 25 people, including the Wilkinsburg Community Development Corporation, gathered in front of the City-County Building in Pittsburgh (Pennsylvania) to support a proposed merger between the cities of Wilkinsburg and Pittsburgh. Other attendees of the demonstration included Allegheny County Executive Rich Fitzgerald (D), former Wilkinsburg Councilor Michael Rose, Pittsburgh City Councilor Anthony Coghill (D), President of the Pittsburgh Fire Fighters IAFF Local No. 1 (which is affiliated with the AFL-CIO) Ralph Sicuro, Wilkinsburg Firefighter Brian Trovato, and business owner Derrick Tillman. About 10 counter-demonstrators gathered nearby to oppose the merger."
USA37937,"On 5 January 2022, more than 50 people gathered in the Squirrel Hill neighborhood of Pittsburgh (Pennsylvania) to call for a worker to be rehired at Coffee Tree Roasters and for improved working conditions. The rally was attended by Pennsylvania State Representatives Summer Lee (D), Sara Innamorato (D), Dan Frankel (D), Dan Miller (D), Nick Pisciottano (D), and Emily Kinkead (D); Pittsburgh City Councilman Corey O'Connor (D); Pennsylvania State Senators Jay Costa (D), Wayne Fontana (D), and Lindsey Williams (D); Pennsylvania Lt. Governor John Fetterman (D); and representatives from the United Food and Commercial Workers Union, Allegheny-Fayette Labor Council, and the AFL-CIO."
USA52805,"On 4 January 2022, an unreported number of people demonstrated outside of Sen. Pat Toomey's office in Philadelphia (Pennsylvania) in opposition to the Senator. The protest was organized by Tuesdays with Toomey."
