ZCTA,Name,Month,months_until_election,months_since_election,election_month
15001.0,"Aliquippa, PA",2022-01,10,-10,0
15001.0,"Aliquippa, PA",2022-02,9,-9,0
15001.0,"Aliquippa, PA",2022-03,8,-8,0
15001.0,"Aliquippa, PA",2022-04,7,-7,0
15001.0,"Aliquippa, PA",2022-05,6,-6,0
15001.0,"Aliquippa, PA",2022-06,5,-5,0
15001.0,"Aliquippa, PA",2022-07,4,-4,0
15001.0,"Aliquippa, PA",2022-08,3,-3,0
15001.0,"Aliquippa, PA",2022-09,2,-2,0
15001.0,"Aliquippa, PA",2022-10,1,-1,0
15001.0,"Aliquippa, PA",2022-11,0,0,1
15001.0,"Aliquippa, PA",2022-12,-1,1,0
15003.0,"Ambridge, PA",2022-01,10,-10,0
15003.0,"Ambridge, PA",2022-02,9,-9,0
15003.0,"Ambridge, PA",2022-03,8,-8,0
15003.0,"Ambridge, PA",2022-04,7,-7,0
15003.0,"Ambridge, PA",2022-05,6,-6,0
15003.0,"Ambridge, PA",2022-06,5,-5,0
15003.0,"Ambridge, PA",2022-07,4,-4,0
15003.0,"Ambridge, PA",2022-08,3,-3,0
15003.0,"Ambridge, PA",2022-09,2,-2,0
15003.0,"Ambridge, PA",2022-10,1,-1,0
15003.0,"Ambridge, PA",2022-11,0,0,1
15003.0,"Ambridge, PA",2022-12,-1,1,0
15004.0,"Atlasburg, PA",2022-01,10,-10,0
15004.0,"Atlasburg, PA",2022-02,9,-9,0
15004.0,"Atlasburg, PA",2022-03,8,-8,0
15004.0,"Atlasburg, PA",2022-04,7,-7,0
15004.0,"Atlasburg, PA",2022-05,6,-6,0
15004.0,"Atlasburg, PA",2022-06,5,-5,0
15004.0,"Atlasburg, PA",2022-07,4,-4,0
15004.0,"Atlasburg, PA",2022-08,3,-3,0
15004.0,"Atlasburg, PA",2022-09,2,-2,0
15004.0,"Atlasburg, PA",2022-10,1,-1,0
15004.0,"Atlasburg, PA",2022-11,0,0,1
15004.0,"Atlasburg, PA",2022-12,-1,1,0
15005.0,"Baden, PA",2022-01,10,-10,0
15005.0,"Baden, PA",2022-02,9,-9,0
15005.0,"Baden, PA",2022-03,8,-8,0
15005.0,"Baden, PA",2022-04,7,-7,0
15005.0,"Baden, PA",2022-05,6,-6,0
15005.0,"Baden, PA",2022-06,5,-5,0
15005.0,"Baden, PA",2022-07,4,-4,0
15005.0,"Baden, PA",2022-08,3,-3,0
15005.0,"Baden, PA",2022-09,2,-2,0
15005.0,"Baden, PA",2022-10,1,-1,0
15005.0,"Baden, PA",2022-11,0,0,1
15005.0,"Baden, PA",2022-12,-1,1,0
15006.0,"Bairdford, PA",2022-01,10,-10,0
15006.0,"Bairdford, PA",2022-02,9,-9,0
15006.0,"Bairdford, PA",2022-03,8,-8,0
15006.0,"Bairdford, PA",2022-04,7,-7,0
15006.0,"Bairdford, PA",2022-05,6,-6,0
15006.0,"Bairdford, PA",2022-06,5,-5,0
15006.0,"Bairdford, PA",2022-07,4,-4,0
15006.0,"Bairdford, PA",2022-08,3,-3,0
15006.0,"Bairdford, PA",2022-09,2,-2,0
15006.0,"Bairdford, PA",2022-10,1,-1,0
15006.0,"Bairdford, PA",2022-11,0,0,1
15006.0,"Bairdford, PA",2022-12,-1,1,0
15007.0,"Bakerstown, PA",2022-01,10,-10,0
15007.0,"Bakerstown, PA",2022-02,9,-9,0
15007.0,"Bakerstown, PA",2022-03,8,-8,0
15007.0,"Bakerstown, PA",2022-04,7,-7,0
15007.0,"Bakerstown, PA",2022-05,6,-6,0
15007.0,"Bakerstown, PA",2022-06,5,-5,0
15007.0,"Bakerstown, PA",2022-07,4,-4,0
15007.0,"Bakerstown, PA",2022-08,3,-3,0
15007.0,"Bakerstown, PA",2022-09,2,-2,0
15007.0,"Bakerstown, PA",2022-10,1,-1,0
15007.0,"Bakerstown, PA",2022-11,0,0,1
15007.0,"Bakerstown, PA",2022-12,-1,1,0
15009.0,"Beaver, PA",2022-01,10,-10,0
15009.0,"Beaver, PA",2022-02,9,-9,0
15009.0,"Beaver, PA",2022-03,8,-8,0
15009.0,"Beaver, PA",2022-04,7,-7,0
15009.0,"Beaver, PA",2022-05,6,-6,0
15009.0,"Beaver, PA",2022-06,5,-5,0
15009.0,"Beaver, PA",2022-07,4,-4,0
15009.0,"Beaver, PA",2022-08,3,-3,0
15009.0,"Beaver, PA",2022-09,2,-2,0
15009.0,"Beaver, PA",2022-10,1,-1,0
15009.0,"Beaver, PA",2022-11,0,0,1
15009.0,"Beaver, PA",2022-12,-1,1,0
15010.0,"Beaver Falls, PA",2022-01,10,-10,0
15010.0,"Beaver Falls, PA",2022-02,9,-9,0
15010.0,"Beaver Falls, PA",2022-03,8,-8,0
15010.0,"Beaver Falls, PA",2022-04,7,-7,0
15010.0,"Beaver Falls, PA",2022-05,6,-6,0
15010.0,"Beaver Falls, PA",2022-06,5,-5,0
15010.0,"Beaver Falls, PA",2022-07,4,-4,0
15010.0,"Beaver Falls, PA",2022-08,3,-3,0
15010.0,"Beaver Falls, PA",2022-09,2,-2,0
15010.0,"Beaver Falls, PA",2022-10,1,-1,0
15010.0,"Beaver Falls, PA",2022-11,0,0,1
15010.0,"Beaver Falls, PA",2022-12,-1,1,0
15012.0,"Belle Vernon, PA",2022-01,10,-10,0
15012.0,"Belle Vernon, PA",2022-02,9,-9,0
15012.0,"Belle Vernon, PA",2022-03,8,-8,0
15012.0,"Belle Vernon, PA",2022-04,7,-7,0
15012.0,"Belle Vernon, PA",2022-05,6,-6,0
15012.0,"Belle Vernon, PA",2022-06,5,-5,0
15012.0,"Belle Vernon, PA",2022-07,4,-4,0
15012.0,"Belle Vernon, PA",2022-08,3,-3,0
15012.0,"Belle Vernon, PA",2022-09,2,-2,0
15012.0,"Belle Vernon, PA",2022-10,1,-1,0
15012.0,"Belle Vernon, PA",2022-11,0,0,1
15012.0,"Belle Vernon, PA",2022-12,-1,1,0
15014.0,"Brackenridge, PA",2022-01,10,-10,0
15014.0,"Brackenridge, PA",2022-02,9,-9,0
15014.0,"Brackenridge, PA",2022-03,8,-8,0
15014.0,"Brackenridge, PA",2022-04,7,-7,0
15014.0,"Brackenridge, PA",2022-05,6,-6,0
15014.0,"Brackenridge, PA",2022-06,5,-5,0
15014.0,"Brackenridge, PA",2022-07,4,-4,0
15014.0,"Brackenridge, PA",2022-08,3,-3,0
15014.0,"Brackenridge, PA",2022-09,2,-2,0
15014.0,"Brackenridge, PA",2022-10,1,-1,0
15014.0,"Brackenridge, PA",2022-11,0,0,1
15014.0,"Brackenridge, PA",2022-12,-1,1,0
15015.0,"Bradfordwoods, PA",2022-01,10,-10,0
15015.0,"Bradfordwoods, PA",2022-02,9,-9,0
15015.0,"Bradfordwoods, PA",2022-03,8,-8,0
15015.0,"Bradfordwoods, PA",2022-04,7,-7,0
15015.0,"Bradfordwoods, PA",2022-05,6,-6,0
15015.0,"Bradfordwoods, PA",2022-06,5,-5,0
15015.0,"Bradfordwoods, PA",2022-07,4,-4,0
15015.0,"Bradfordwoods, PA",2022-08,3,-3,0
15015.0,"Bradfordwoods, PA",2022-09,2,-2,0
15015.0,"Bradfordwoods, PA",2022-10,1,-1,0
15015.0,"Bradfordwoods, PA",2022-11,0,0,1
15015.0,"Bradfordwoods, PA",2022-12,-1,1,0
15017.0,"Bridgeville, PA",2022-01,10,-10,0
15017.0,"Bridgeville, PA",2022-02,9,-9,0
15017.0,"Bridgeville, PA",2022-03,8,-8,0
15017.0,"Bridgeville, PA",2022-04,7,-7,0
15017.0,"Bridgeville, PA",2022-05,6,-6,0
15017.0,"Bridgeville, PA",2022-06,5,-5,0
15017.0,"Bridgeville, PA",2022-07,4,-4,0
15017.0,"Bridgeville, PA",2022-08,3,-3,0
15017.0,"Bridgeville, PA",2022-09,2,-2,0
15017.0,"Bridgeville, PA",2022-10,1,-1,0
15017.0,"Bridgeville, PA",2022-11,0,0,1
15017.0,"Bridgeville, PA",2022-12,-1,1,0
15018.0,"Buena Vista, PA",2022-01,10,-10,0
15018.0,"Buena Vista, PA",2022-02,9,-9,0
15018.0,"Buena Vista, PA",2022-03,8,-8,0
15018.0,"Buena Vista, PA",2022-04,7,-7,0
15018.0,"Buena Vista, PA",2022-05,6,-6,0
15018.0,"Buena Vista, PA",2022-06,5,-5,0
15018.0,"Buena Vista, PA",2022-07,4,-4,0
15018.0,"Buena Vista, PA",2022-08,3,-3,0
15018.0,"Buena Vista, PA",2022-09,2,-2,0
15018.0,"Buena Vista, PA",2022-10,1,-1,0
15018.0,"Buena Vista, PA",2022-11,0,0,1
15018.0,"Buena Vista, PA",2022-12,-1,1,0
15019.0,"Bulger, PA",2022-01,10,-10,0
15019.0,"Bulger, PA",2022-02,9,-9,0
15019.0,"Bulger, PA",2022-03,8,-8,0
15019.0,"Bulger, PA",2022-04,7,-7,0
15019.0,"Bulger, PA",2022-05,6,-6,0
15019.0,"Bulger, PA",2022-06,5,-5,0
15019.0,"Bulger, PA",2022-07,4,-4,0
15019.0,"Bulger, PA",2022-08,3,-3,0
15019.0,"Bulger, PA",2022-09,2,-2,0
15019.0,"Bulger, PA",2022-10,1,-1,0
15019.0,"Bulger, PA",2022-11,0,0,1
15019.0,"Bulger, PA",2022-12,-1,1,0
15020.0,"Bunola, PA",2022-01,10,-10,0
15020.0,"Bunola, PA",2022-02,9,-9,0
15020.0,"Bunola, PA",2022-03,8,-8,0
15020.0,"Bunola, PA",2022-04,7,-7,0
15020.0,"Bunola, PA",2022-05,6,-6,0
15020.0,"Bunola, PA",2022-06,5,-5,0
15020.0,"Bunola, PA",2022-07,4,-4,0
15020.0,"Bunola, PA",2022-08,3,-3,0
15020.0,"Bunola, PA",2022-09,2,-2,0
15020.0,"Bunola, PA",2022-10,1,-1,0
15020.0,"Bunola, PA",2022-11,0,0,1
15020.0,"Bunola, PA",2022-12,-1,1,0
15021.0,"Burgettstown, PA",2022-01,10,-10,0
15021.0,"Burgettstown, PA",2022-02,9,-9,0
15021.0,"Burgettstown, PA",2022-03,8,-8,0
15021.0,"Burgettstown, PA",2022-04,7,-7,0
15021.0,"Burgettstown, PA",2022-05,6,-6,0
15021.0,"Burgettstown, PA",2022-06,5,-5,0
15021.0,"Burgettstown, PA",2022-07,4,-4,0
15021.0,"Burgettstown, PA",2022-08,3,-3,0
15021.0,"Burgettstown, PA",2022-09,2,-2,0
15021.0,"Burgettstown, PA",2022-10,1,-1,0
15021.0,"Burgettstown, PA",2022-11,0,0,1
15021.0,"Burgettstown, PA",2022-12,-1,1,0
15022.0,"Charleroi, PA",2022-01,10,-10,0
15022.0,"Charleroi, PA",2022-02,9,-9,0
15022.0,"Charleroi, PA",2022-03,8,-8,0
15022.0,"Charleroi, PA",2022-04,7,-7,0
15022.0,"Charleroi, PA",2022-05,6,-6,0
15022.0,"Charleroi, PA",2022-06,5,-5,0
15022.0,"Charleroi, PA",2022-07,4,-4,0
15022.0,"Charleroi, PA",2022-08,3,-3,0
15022.0,"Charleroi, PA",2022-09,2,-2,0
15022.0,"Charleroi, PA",2022-10,1,-1,0
15022.0,"Charleroi, PA",2022-11,0,0,1
15022.0,"Charleroi, PA",2022-12,-1,1,0
15024.0,"Cheswick, PA",2022-01,10,-10,0
15024.0,"Cheswick, PA",2022-02,9,-9,0
15024.0,"Cheswick, PA",2022-03,8,-8,0
15024.0,"Cheswick, PA",2022-04,7,-7,0
15024.0,"Cheswick, PA",2022-05,6,-6,0
15024.0,"Cheswick, PA",2022-06,5,-5,0
15024.0,"Cheswick, PA",2022-07,4,-4,0
15024.0,"Cheswick, PA",2022-08,3,-3,0
15024.0,"Cheswick, PA",2022-09,2,-2,0
15024.0,"Cheswick, PA",2022-10,1,-1,0
15024.0,"Cheswick, PA",2022-11,0,0,1
15024.0,"Cheswick, PA",2022-12,-1,1,0
15025.0,"Clairton, PA",2022-01,10,-10,0
15025.0,"Clairton, PA",2022-02,9,-9,0
15025.0,"Clairton, PA",2022-03,8,-8,0
15025.0,"Clairton, PA",2022-04,7,-7,0
15025.0,"Clairton, PA",2022-05,6,-6,0
15025.0,"Clairton, PA",2022-06,5,-5,0
15025.0,"Clairton, PA",2022-07,4,-4,0
15025.0,"Clairton, PA",2022-08,3,-3,0
15025.0,"Clairton, PA",2022-09,2,-2,0
15025.0,"Clairton, PA",2022-10,1,-1,0
15025.0,"Clairton, PA",2022-11,0,0,1
15025.0,"Clairton, PA",2022-12,-1,1,0
15026.0,"Clinton, PA",2022-01,10,-10,0
15026.0,"Clinton, PA",2022-02,9,-9,0
15026.0,"Clinton, PA",2022-03,8,-8,0
15026.0,"Clinton, PA",2022-04,7,-7,0
15026.0,"Clinton, PA",2022-05,6,-6,0
15026.0,"Clinton, PA",2022-06,5,-5,0
15026.0,"Clinton, PA",2022-07,4,-4,0
15026.0,"Clinton, PA",2022-08,3,-3,0
15026.0,"Clinton, PA",2022-09,2,-2,0
15026.0,"Clinton, PA",2022-10,1,-1,0
15026.0,"Clinton, PA",2022-11,0,0,1
15026.0,"Clinton, PA",2022-12,-1,1,0
15027.0,"Conway, PA",2022-01,10,-10,0
15027.0,"Conway, PA",2022-02,9,-9,0
15027.0,"Conway, PA",2022-03,8,-8,0
15027.0,"Conway, PA",2022-04,7,-7,0
15027.0,"Conway, PA",2022-05,6,-6,0
15027.0,"Conway, PA",2022-06,5,-5,0
15027.0,"Conway, PA",2022-07,4,-4,0
15027.0,"Conway, PA",2022-08,3,-3,0
15027.0,"Conway, PA",2022-09,2,-2,0
15027.0,"Conway, PA",2022-10,1,-1,0
15027.0,"Conway, PA",2022-11,0,0,1
15027.0,"Conway, PA",2022-12,-1,1,0
15028.0,"Coulters, PA",2022-01,10,-10,0
15028.0,"Coulters, PA",2022-02,9,-9,0
15028.0,"Coulters, PA",2022-03,8,-8,0
15028.0,"Coulters, PA",2022-04,7,-7,0
15028.0,"Coulters, PA",2022-05,6,-6,0
15028.0,"Coulters, PA",2022-06,5,-5,0
15028.0,"Coulters, PA",2022-07,4,-4,0
15028.0,"Coulters, PA",2022-08,3,-3,0
15028.0,"Coulters, PA",2022-09,2,-2,0
15028.0,"Coulters, PA",2022-10,1,-1,0
15028.0,"Coulters, PA",2022-11,0,0,1
15028.0,"Coulters, PA",2022-12,-1,1,0
15030.0,"Creighton, PA",2022-01,10,-10,0
15030.0,"Creighton, PA",2022-02,9,-9,0
15030.0,"Creighton, PA",2022-03,8,-8,0
15030.0,"Creighton, PA",2022-04,7,-7,0
15030.0,"Creighton, PA",2022-05,6,-6,0
15030.0,"Creighton, PA",2022-06,5,-5,0
15030.0,"Creighton, PA",2022-07,4,-4,0
15030.0,"Creighton, PA",2022-08,3,-3,0
15030.0,"Creighton, PA",2022-09,2,-2,0
15030.0,"Creighton, PA",2022-10,1,-1,0
15030.0,"Creighton, PA",2022-11,0,0,1
15030.0,"Creighton, PA",2022-12,-1,1,0
15031.0,"Cuddy, PA",2022-01,10,-10,0
15031.0,"Cuddy, PA",2022-02,9,-9,0
15031.0,"Cuddy, PA",2022-03,8,-8,0
15031.0,"Cuddy, PA",2022-04,7,-7,0
15031.0,"Cuddy, PA",2022-05,6,-6,0
15031.0,"Cuddy, PA",2022-06,5,-5,0
15031.0,"Cuddy, PA",2022-07,4,-4,0
15031.0,"Cuddy, PA",2022-08,3,-3,0
15031.0,"Cuddy, PA",2022-09,2,-2,0
15031.0,"Cuddy, PA",2022-10,1,-1,0
15031.0,"Cuddy, PA",2022-11,0,0,1
15031.0,"Cuddy, PA",2022-12,-1,1,0
15033.0,"Donora, PA",2022-01,10,-10,0
15033.0,"Donora, PA",2022-02,9,-9,0
15033.0,"Donora, PA",2022-03,8,-8,0
15033.0,"Donora, PA",2022-04,7,-7,0
15033.0,"Donora, PA",2022-05,6,-6,0
15033.0,"Donora, PA",2022-06,5,-5,0
15033.0,"Donora, PA",2022-07,4,-4,0
15033.0,"Donora, PA",2022-08,3,-3,0
15033.0,"Donora, PA",2022-09,2,-2,0
15033.0,"Donora, PA",2022-10,1,-1,0
15033.0,"Donora, PA",2022-11,0,0,1
15033.0,"Donora, PA",2022-12,-1,1,0
15034.0,"Dravosburg, PA",2022-01,10,-10,0
15034.0,"Dravosburg, PA",2022-02,9,-9,0
15034.0,"Dravosburg, PA",2022-03,8,-8,0
15034.0,"Dravosburg, PA",2022-04,7,-7,0
15034.0,"Dravosburg, PA",2022-05,6,-6,0
15034.0,"Dravosburg, PA",2022-06,5,-5,0
15034.0,"Dravosburg, PA",2022-07,4,-4,0
15034.0,"Dravosburg, PA",2022-08,3,-3,0
15034.0,"Dravosburg, PA",2022-09,2,-2,0
15034.0,"Dravosburg, PA",2022-10,1,-1,0
15034.0,"Dravosburg, PA",2022-11,0,0,1
15034.0,"Dravosburg, PA",2022-12,-1,1,0
15035.0,"East McKeesport, PA",2022-01,10,-10,0
15035.0,"East McKeesport, PA",2022-02,9,-9,0
15035.0,"East McKeesport, PA",2022-03,8,-8,0
15035.0,"East McKeesport, PA",2022-04,7,-7,0
15035.0,"East McKeesport, PA",2022-05,6,-6,0
15035.0,"East McKeesport, PA",2022-06,5,-5,0
15035.0,"East McKeesport, PA",2022-07,4,-4,0
15035.0,"East McKeesport, PA",2022-08,3,-3,0
15035.0,"East McKeesport, PA",2022-09,2,-2,0
15035.0,"East McKeesport, PA",2022-10,1,-1,0
15035.0,"East McKeesport, PA",2022-11,0,0,1
15035.0,"East McKeesport, PA",2022-12,-1,1,0
15037.0,"Elizabeth, PA",2022-01,10,-10,0
15037.0,"Elizabeth, PA",2022-02,9,-9,0
15037.0,"Elizabeth, PA",2022-03,8,-8,0
15037.0,"Elizabeth, PA",2022-04,7,-7,0
15037.0,"Elizabeth, PA",2022-05,6,-6,0
15037.0,"Elizabeth, PA",2022-06,5,-5,0
15037.0,"Elizabeth, PA",2022-07,4,-4,0
15037.0,"Elizabeth, PA",2022-08,3,-3,0
15037.0,"Elizabeth, PA",2022-09,2,-2,0
15037.0,"Elizabeth, PA",2022-10,1,-1,0
15037.0,"Elizabeth, PA",2022-11,0,0,1
15037.0,"Elizabeth, PA",2022-12,-1,1,0
15038.0,"Elrama, PA",2022-01,10,-10,0
15038.0,"Elrama, PA",2022-02,9,-9,0
15038.0,"Elrama, PA",2022-03,8,-8,0
15038.0,"Elrama, PA",2022-04,7,-7,0
15038.0,"Elrama, PA",2022-05,6,-6,0
15038.0,"Elrama, PA",2022-06,5,-5,0
15038.0,"Elrama, PA",2022-07,4,-4,0
15038.0,"Elrama, PA",2022-08,3,-3,0
15038.0,"Elrama, PA",2022-09,2,-2,0
15038.0,"Elrama, PA",2022-10,1,-1,0
15038.0,"Elrama, PA",2022-11,0,0,1
15038.0,"Elrama, PA",2022-12,-1,1,0
15042.0,"Freedom, PA",2022-01,10,-10,0
15042.0,"Freedom, PA",2022-02,9,-9,0
15042.0,"Freedom, PA",2022-03,8,-8,0
15042.0,"Freedom, PA",2022-04,7,-7,0
15042.0,"Freedom, PA",2022-05,6,-6,0
15042.0,"Freedom, PA",2022-06,5,-5,0
15042.0,"Freedom, PA",2022-07,4,-4,0
15042.0,"Freedom, PA",2022-08,3,-3,0
15042.0,"Freedom, PA",2022-09,2,-2,0
15042.0,"Freedom, PA",2022-10,1,-1,0
15042.0,"Freedom, PA",2022-11,0,0,1
15042.0,"Freedom, PA",2022-12,-1,1,0
15043.0,"Georgetown, PA",2022-01,10,-10,0
15043.0,"Georgetown, PA",2022-02,9,-9,0
15043.0,"Georgetown, PA",2022-03,8,-8,0
15043.0,"Georgetown, PA",2022-04,7,-7,0
15043.0,"Georgetown, PA",2022-05,6,-6,0
15043.0,"Georgetown, PA",2022-06,5,-5,0
15043.0,"Georgetown, PA",2022-07,4,-4,0
15043.0,"Georgetown, PA",2022-08,3,-3,0
15043.0,"Georgetown, PA",2022-09,2,-2,0
15043.0,"Georgetown, PA",2022-10,1,-1,0
15043.0,"Georgetown, PA",2022-11,0,0,1
15043.0,"Georgetown, PA",2022-12,-1,1,0
15044.0,"Gibsonia, PA",2022-01,10,-10,0
15044.0,"Gibsonia, PA",2022-02,9,-9,0
15044.0,"Gibsonia, PA",2022-03,8,-8,0
15044.0,"Gibsonia, PA",2022-04,7,-7,0
15044.0,"Gibsonia, PA",2022-05,6,-6,0
15044.0,"Gibsonia, PA",2022-06,5,-5,0
15044.0,"Gibsonia, PA",2022-07,4,-4,0
15044.0,"Gibsonia, PA",2022-08,3,-3,0
15044.0,"Gibsonia, PA",2022-09,2,-2,0
15044.0,"Gibsonia, PA",2022-10,1,-1,0
15044.0,"Gibsonia, PA",2022-11,0,0,1
15044.0,"Gibsonia, PA",2022-12,-1,1,0
15045.0,"Glassport, PA",2022-01,10,-10,0
15045.0,"Glassport, PA",2022-02,9,-9,0
15045.0,"Glassport, PA",2022-03,8,-8,0
15045.0,"Glassport, PA",2022-04,7,-7,0
15045.0,"Glassport, PA",2022-05,6,-6,0
15045.0,"Glassport, PA",2022-06,5,-5,0
15045.0,"Glassport, PA",2022-07,4,-4,0
15045.0,"Glassport, PA",2022-08,3,-3,0
15045.0,"Glassport, PA",2022-09,2,-2,0
15045.0,"Glassport, PA",2022-10,1,-1,0
15045.0,"Glassport, PA",2022-11,0,0,1
15045.0,"Glassport, PA",2022-12,-1,1,0
15046.0,"Crescent, PA",2022-01,10,-10,0
15046.0,"Crescent, PA",2022-02,9,-9,0
15046.0,"Crescent, PA",2022-03,8,-8,0
15046.0,"Crescent, PA",2022-04,7,-7,0
15046.0,"Crescent, PA",2022-05,6,-6,0
15046.0,"Crescent, PA",2022-06,5,-5,0
15046.0,"Crescent, PA",2022-07,4,-4,0
15046.0,"Crescent, PA",2022-08,3,-3,0
15046.0,"Crescent, PA",2022-09,2,-2,0
15046.0,"Crescent, PA",2022-10,1,-1,0
15046.0,"Crescent, PA",2022-11,0,0,1
15046.0,"Crescent, PA",2022-12,-1,1,0
15047.0,"Greenock, PA",2022-01,10,-10,0
15047.0,"Greenock, PA",2022-02,9,-9,0
15047.0,"Greenock, PA",2022-03,8,-8,0
15047.0,"Greenock, PA",2022-04,7,-7,0
15047.0,"Greenock, PA",2022-05,6,-6,0
15047.0,"Greenock, PA",2022-06,5,-5,0
15047.0,"Greenock, PA",2022-07,4,-4,0
15047.0,"Greenock, PA",2022-08,3,-3,0
15047.0,"Greenock, PA",2022-09,2,-2,0
15047.0,"Greenock, PA",2022-10,1,-1,0
15047.0,"Greenock, PA",2022-11,0,0,1
15047.0,"Greenock, PA",2022-12,-1,1,0
15049.0,"Harwick, PA",2022-01,10,-10,0
15049.0,"Harwick, PA",2022-02,9,-9,0
15049.0,"Harwick, PA",2022-03,8,-8,0
15049.0,"Harwick, PA",2022-04,7,-7,0
15049.0,"Harwick, PA",2022-05,6,-6,0
15049.0,"Harwick, PA",2022-06,5,-5,0
15049.0,"Harwick, PA",2022-07,4,-4,0
15049.0,"Harwick, PA",2022-08,3,-3,0
15049.0,"Harwick, PA",2022-09,2,-2,0
15049.0,"Harwick, PA",2022-10,1,-1,0
15049.0,"Harwick, PA",2022-11,0,0,1
15049.0,"Harwick, PA",2022-12,-1,1,0
15050.0,"Hookstown, PA",2022-01,10,-10,0
15050.0,"Hookstown, PA",2022-02,9,-9,0
15050.0,"Hookstown, PA",2022-03,8,-8,0
15050.0,"Hookstown, PA",2022-04,7,-7,0
15050.0,"Hookstown, PA",2022-05,6,-6,0
15050.0,"Hookstown, PA",2022-06,5,-5,0
15050.0,"Hookstown, PA",2022-07,4,-4,0
15050.0,"Hookstown, PA",2022-08,3,-3,0
15050.0,"Hookstown, PA",2022-09,2,-2,0
15050.0,"Hookstown, PA",2022-10,1,-1,0
15050.0,"Hookstown, PA",2022-11,0,0,1
15050.0,"Hookstown, PA",2022-12,-1,1,0
15051.0,"Indianola, PA",2022-01,10,-10,0
15051.0,"Indianola, PA",2022-02,9,-9,0
15051.0,"Indianola, PA",2022-03,8,-8,0
15051.0,"Indianola, PA",2022-04,7,-7,0
15051.0,"Indianola, PA",2022-05,6,-6,0
15051.0,"Indianola, PA",2022-06,5,-5,0
15051.0,"Indianola, PA",2022-07,4,-4,0
15051.0,"Indianola, PA",2022-08,3,-3,0
15051.0,"Indianola, PA",2022-09,2,-2,0
15051.0,"Indianola, PA",2022-10,1,-1,0
15051.0,"Indianola, PA",2022-11,0,0,1
15051.0,"Indianola, PA",2022-12,-1,1,0
15052.0,"Industry, PA",2022-01,10,-10,0
15052.0,"Industry, PA",2022-02,9,-9,0
15052.0,"Industry, PA",2022-03,8,-8,0
15052.0,"Industry, PA",2022-04,7,-7,0
15052.0,"Industry, PA",2022-05,6,-6,0
15052.0,"Industry, PA",2022-06,5,-5,0
15052.0,"Industry, PA",2022-07,4,-4,0
15052.0,"Industry, PA",2022-08,3,-3,0
15052.0,"Industry, PA",2022-09,2,-2,0
15052.0,"Industry, PA",2022-10,1,-1,0
15052.0,"Industry, PA",2022-11,0,0,1
15052.0,"Industry, PA",2022-12,-1,1,0
15053.0,"Joffre, PA",2022-01,10,-10,0
15053.0,"Joffre, PA",2022-02,9,-9,0
15053.0,"Joffre, PA",2022-03,8,-8,0
15053.0,"Joffre, PA",2022-04,7,-7,0
15053.0,"Joffre, PA",2022-05,6,-6,0
15053.0,"Joffre, PA",2022-06,5,-5,0
15053.0,"Joffre, PA",2022-07,4,-4,0
15053.0,"Joffre, PA",2022-08,3,-3,0
15053.0,"Joffre, PA",2022-09,2,-2,0
15053.0,"Joffre, PA",2022-10,1,-1,0
15053.0,"Joffre, PA",2022-11,0,0,1
15053.0,"Joffre, PA",2022-12,-1,1,0
15054.0,"Langeloth, PA",2022-01,10,-10,0
15054.0,"Langeloth, PA",2022-02,9,-9,0
15054.0,"Langeloth, PA",2022-03,8,-8,0
15054.0,"Langeloth, PA",2022-04,7,-7,0
15054.0,"Langeloth, PA",2022-05,6,-6,0
15054.0,"Langeloth, PA",2022-06,5,-5,0
15054.0,"Langeloth, PA",2022-07,4,-4,0
15054.0,"Langeloth, PA",2022-08,3,-3,0
15054.0,"Langeloth, PA",2022-09,2,-2,0
15054.0,"Langeloth, PA",2022-10,1,-1,0
15054.0,"Langeloth, PA",2022-11,0,0,1
15054.0,"Langeloth, PA",2022-12,-1,1,0
15055.0,"Lawrence, PA",2022-01,10,-10,0
15055.0,"Lawrence, PA",2022-02,9,-9,0
15055.0,"Lawrence, PA",2022-03,8,-8,0
15055.0,"Lawrence, PA",2022-04,7,-7,0
15055.0,"Lawrence, PA",2022-05,6,-6,0
15055.0,"Lawrence, PA",2022-06,5,-5,0
15055.0,"Lawrence, PA",2022-07,4,-4,0
15055.0,"Lawrence, PA",2022-08,3,-3,0
15055.0,"Lawrence, PA",2022-09,2,-2,0
15055.0,"Lawrence, PA",2022-10,1,-1,0
15055.0,"Lawrence, PA",2022-11,0,0,1
15055.0,"Lawrence, PA",2022-12,-1,1,0
15056.0,"Leetsdale, PA",2022-01,10,-10,0
15056.0,"Leetsdale, PA",2022-02,9,-9,0
15056.0,"Leetsdale, PA",2022-03,8,-8,0
15056.0,"Leetsdale, PA",2022-04,7,-7,0
15056.0,"Leetsdale, PA",2022-05,6,-6,0
15056.0,"Leetsdale, PA",2022-06,5,-5,0
15056.0,"Leetsdale, PA",2022-07,4,-4,0
15056.0,"Leetsdale, PA",2022-08,3,-3,0
15056.0,"Leetsdale, PA",2022-09,2,-2,0
15056.0,"Leetsdale, PA",2022-10,1,-1,0
15056.0,"Leetsdale, PA",2022-11,0,0,1
15056.0,"Leetsdale, PA",2022-12,-1,1,0
15057.0,"McDonald, PA",2022-01,10,-10,0
15057.0,"McDonald, PA",2022-02,9,-9,0
15057.0,"McDonald, PA",2022-03,8,-8,0
15057.0,"McDonald, PA",2022-04,7,-7,0
15057.0,"McDonald, PA",2022-05,6,-6,0
15057.0,"McDonald, PA",2022-06,5,-5,0
15057.0,"McDonald, PA",2022-07,4,-4,0
15057.0,"McDonald, PA",2022-08,3,-3,0
15057.0,"McDonald, PA",2022-09,2,-2,0
15057.0,"McDonald, PA",2022-10,1,-1,0
15057.0,"McDonald, PA",2022-11,0,0,1
15057.0,"McDonald, PA",2022-12,-1,1,0
15059.0,"Midland, PA",2022-01,10,-10,0
15059.0,"Midland, PA",2022-02,9,-9,0
15059.0,"Midland, PA",2022-03,8,-8,0
15059.0,"Midland, PA",2022-04,7,-7,0
15059.0,"Midland, PA",2022-05,6,-6,0
15059.0,"Midland, PA",2022-06,5,-5,0
15059.0,"Midland, PA",2022-07,4,-4,0
15059.0,"Midland, PA",2022-08,3,-3,0
15059.0,"Midland, PA",2022-09,2,-2,0
15059.0,"Midland, PA",2022-10,1,-1,0
15059.0,"Midland, PA",2022-11,0,0,1
15059.0,"Midland, PA",2022-12,-1,1,0
15060.0,"Midway, PA",2022-01,10,-10,0
15060.0,"Midway, PA",2022-02,9,-9,0
15060.0,"Midway, PA",2022-03,8,-8,0
15060.0,"Midway, PA",2022-04,7,-7,0
15060.0,"Midway, PA",2022-05,6,-6,0
15060.0,"Midway, PA",2022-06,5,-5,0
15060.0,"Midway, PA",2022-07,4,-4,0
15060.0,"Midway, PA",2022-08,3,-3,0
15060.0,"Midway, PA",2022-09,2,-2,0
15060.0,"Midway, PA",2022-10,1,-1,0
15060.0,"Midway, PA",2022-11,0,0,1
15060.0,"Midway, PA",2022-12,-1,1,0
15061.0,"Monaca, PA",2022-01,10,-10,0
15061.0,"Monaca, PA",2022-02,9,-9,0
15061.0,"Monaca, PA",2022-03,8,-8,0
15061.0,"Monaca, PA",2022-04,7,-7,0
15061.0,"Monaca, PA",2022-05,6,-6,0
15061.0,"Monaca, PA",2022-06,5,-5,0
15061.0,"Monaca, PA",2022-07,4,-4,0
15061.0,"Monaca, PA",2022-08,3,-3,0
15061.0,"Monaca, PA",2022-09,2,-2,0
15061.0,"Monaca, PA",2022-10,1,-1,0
15061.0,"Monaca, PA",2022-11,0,0,1
15061.0,"Monaca, PA",2022-12,-1,1,0
15062.0,"Monessen, PA",2022-01,10,-10,0
15062.0,"Monessen, PA",2022-02,9,-9,0
15062.0,"Monessen, PA",2022-03,8,-8,0
15062.0,"Monessen, PA",2022-04,7,-7,0
15062.0,"Monessen, PA",2022-05,6,-6,0
15062.0,"Monessen, PA",2022-06,5,-5,0
15062.0,"Monessen, PA",2022-07,4,-4,0
15062.0,"Monessen, PA",2022-08,3,-3,0
15062.0,"Monessen, PA",2022-09,2,-2,0
15062.0,"Monessen, PA",2022-10,1,-1,0
15062.0,"Monessen, PA",2022-11,0,0,1
15062.0,"Monessen, PA",2022-12,-1,1,0
15063.0,"Monongahela, PA",2022-01,10,-10,0
15063.0,"Monongahela, PA",2022-02,9,-9,0
15063.0,"Monongahela, PA",2022-03,8,-8,0
15063.0,"Monongahela, PA",2022-04,7,-7,0
15063.0,"Monongahela, PA",2022-05,6,-6,0
15063.0,"Monongahela, PA",2022-06,5,-5,0
15063.0,"Monongahela, PA",2022-07,4,-4,0
15063.0,"Monongahela, PA",2022-08,3,-3,0
15063.0,"Monongahela, PA",2022-09,2,-2,0
15063.0,"Monongahela, PA",2022-10,1,-1,0
15063.0,"Monongahela, PA",2022-11,0,0,1
15063.0,"Monongahela, PA",2022-12,-1,1,0
15064.0,"Morgan, PA",2022-01,10,-10,0
15064.0,"Morgan, PA",2022-02,9,-9,0
15064.0,"Morgan, PA",2022-03,8,-8,0
15064.0,"Morgan, PA",2022-04,7,-7,0
15064.0,"Morgan, PA",2022-05,6,-6,0
15064.0,"Morgan, PA",2022-06,5,-5,0
15064.0,"Morgan, PA",2022-07,4,-4,0
15064.0,"Morgan, PA",2022-08,3,-3,0
15064.0,"Morgan, PA",2022-09,2,-2,0
15064.0,"Morgan, PA",2022-10,1,-1,0
15064.0,"Morgan, PA",2022-11,0,0,1
15064.0,"Morgan, PA",2022-12,-1,1,0
15065.0,"Natrona Heights, PA",2022-01,10,-10,0
15065.0,"Natrona Heights, PA",2022-02,9,-9,0
15065.0,"Natrona Heights, PA",2022-03,8,-8,0
15065.0,"Natrona Heights, PA",2022-04,7,-7,0
15065.0,"Natrona Heights, PA",2022-05,6,-6,0
15065.0,"Natrona Heights, PA",2022-06,5,-5,0
15065.0,"Natrona Heights, PA",2022-07,4,-4,0
15065.0,"Natrona Heights, PA",2022-08,3,-3,0
15065.0,"Natrona Heights, PA",2022-09,2,-2,0
15065.0,"Natrona Heights, PA",2022-10,1,-1,0
15065.0,"Natrona Heights, PA",2022-11,0,0,1
15065.0,"Natrona Heights, PA",2022-12,-1,1,0
15066.0,"New Brighton, PA",2022-01,10,-10,0
15066.0,"New Brighton, PA",2022-02,9,-9,0
15066.0,"New Brighton, PA",2022-03,8,-8,0
15066.0,"New Brighton, PA",2022-04,7,-7,0
15066.0,"New Brighton, PA",2022-05,6,-6,0
15066.0,"New Brighton, PA",2022-06,5,-5,0
15066.0,"New Brighton, PA",2022-07,4,-4,0
15066.0,"New Brighton, PA",2022-08,3,-3,0
15066.0,"New Brighton, PA",2022-09,2,-2,0
15066.0,"New Brighton, PA",2022-10,1,-1,0
15066.0,"New Brighton, PA",2022-11,0,0,1
15066.0,"New Brighton, PA",2022-12,-1,1,0
15067.0,"New Eagle, PA",2022-01,10,-10,0
15067.0,"New Eagle, PA",2022-02,9,-9,0
15067.0,"New Eagle, PA",2022-03,8,-8,0
15067.0,"New Eagle, PA",2022-04,7,-7,0
15067.0,"New Eagle, PA",2022-05,6,-6,0
15067.0,"New Eagle, PA",2022-06,5,-5,0
15067.0,"New Eagle, PA",2022-07,4,-4,0
15067.0,"New Eagle, PA",2022-08,3,-3,0
15067.0,"New Eagle, PA",2022-09,2,-2,0
15067.0,"New Eagle, PA",2022-10,1,-1,0
15067.0,"New Eagle, PA",2022-11,0,0,1
15067.0,"New Eagle, PA",2022-12,-1,1,0
15068.0,"New Kensington, PA",2022-01,10,-10,0
15068.0,"New Kensington, PA",2022-02,9,-9,0
15068.0,"New Kensington, PA",2022-03,8,-8,0
15068.0,"New Kensington, PA",2022-04,7,-7,0
15068.0,"New Kensington, PA",2022-05,6,-6,0
15068.0,"New Kensington, PA",2022-06,5,-5,0
15068.0,"New Kensington, PA",2022-07,4,-4,0
15068.0,"New Kensington, PA",2022-08,3,-3,0
15068.0,"New Kensington, PA",2022-09,2,-2,0
15068.0,"New Kensington, PA",2022-10,1,-1,0
15068.0,"New Kensington, PA",2022-11,0,0,1
15068.0,"New Kensington, PA",2022-12,-1,1,0
15071.0,"Oakdale, PA",2022-01,10,-10,0
15071.0,"Oakdale, PA",2022-02,9,-9,0
15071.0,"Oakdale, PA",2022-03,8,-8,0
15071.0,"Oakdale, PA",2022-04,7,-7,0
15071.0,"Oakdale, PA",2022-05,6,-6,0
15071.0,"Oakdale, PA",2022-06,5,-5,0
15071.0,"Oakdale, PA",2022-07,4,-4,0
15071.0,"Oakdale, PA",2022-08,3,-3,0
15071.0,"Oakdale, PA",2022-09,2,-2,0
15071.0,"Oakdale, PA",2022-10,1,-1,0
15071.0,"Oakdale, PA",2022-11,0,0,1
15071.0,"Oakdale, PA",2022-12,-1,1,0
15072.0,"Pricedale, PA",2022-01,10,-10,0
15072.0,"Pricedale, PA",2022-02,9,-9,0
15072.0,"Pricedale, PA",2022-03,8,-8,0
15072.0,"Pricedale, PA",2022-04,7,-7,0
15072.0,"Pricedale, PA",2022-05,6,-6,0
15072.0,"Pricedale, PA",2022-06,5,-5,0
15072.0,"Pricedale, PA",2022-07,4,-4,0
15072.0,"Pricedale, PA",2022-08,3,-3,0
15072.0,"Pricedale, PA",2022-09,2,-2,0
15072.0,"Pricedale, PA",2022-10,1,-1,0
15072.0,"Pricedale, PA",2022-11,0,0,1
15072.0,"Pricedale, PA",2022-12,-1,1,0
15074.0,"Rochester, PA",2022-01,10,-10,0
15074.0,"Rochester, PA",2022-02,9,-9,0
15074.0,"Rochester, PA",2022-03,8,-8,0
15074.0,"Rochester, PA",2022-04,7,-7,0
15074.0,"Rochester, PA",2022-05,6,-6,0
15074.0,"Rochester, PA",2022-06,5,-5,0
15074.0,"Rochester, PA",2022-07,4,-4,0
15074.0,"Rochester, PA",2022-08,3,-3,0
15074.0,"Rochester, PA",2022-09,2,-2,0
15074.0,"Rochester, PA",2022-10,1,-1,0
15074.0,"Rochester, PA",2022-11,0,0,1
15074.0,"Rochester, PA",2022-12,-1,1,0
15075.0,"Rural Ridge, PA",2022-01,10,-10,0
15075.0,"Rural Ridge, PA",2022-02,9,-9,0
15075.0,"Rural Ridge, PA",2022-03,8,-8,0
15075.0,"Rural Ridge, PA",2022-04,7,-7,0
15075.0,"Rural Ridge, PA",2022-05,6,-6,0
15075.0,"Rural Ridge, PA",2022-06,5,-5,0
15075.0,"Rural Ridge, PA",2022-07,4,-4,0
15075.0,"Rural Ridge, PA",2022-08,3,-3,0
15075.0,"Rural Ridge, PA",2022-09,2,-2,0
15075.0,"Rural Ridge, PA",2022-10,1,-1,0
15075.0,"Rural Ridge, PA",2022-11,0,0,1
15075.0,"Rural Ridge, PA",2022-12,-1,1,0
15076.0,"Russellton, PA",2022-01,10,-10,0
15076.0,"Russellton, PA",2022-02,9,-9,0
15076.0,"Russellton, PA",2022-03,8,-8,0
15076.0,"Russellton, PA",2022-04,7,-7,0
15076.0,"Russellton, PA",2022-05,6,-6,0
15076.0,"Russellton, PA",2022-06,5,-5,0
15076.0,"Russellton, PA",2022-07,4,-4,0
15076.0,"Russellton, PA",2022-08,3,-3,0
15076.0,"Russellton, PA",2022-09,2,-2,0
15076.0,"Russellton, PA",2022-10,1,-1,0
15076.0,"Russellton, PA",2022-11,0,0,1
15076.0,"Russellton, PA",2022-12,-1,1,0
15077.0,"Shippingport, PA",2022-01,10,-10,0
15077.0,"Shippingport, PA",2022-02,9,-9,0
15077.0,"Shippingport, PA",2022-03,8,-8,0
15077.0,"Shippingport, PA",2022-04,7,-7,0
15077.0,"Shippingport, PA",2022-05,6,-6,0
15077.0,"Shippingport, PA",2022-06,5,-5,0
15077.0,"Shippingport, PA",2022-07,4,-4,0
15077.0,"Shippingport, PA",2022-08,3,-3,0
15077.0,"Shippingport, PA",2022-09,2,-2,0
15077.0,"Shippingport, PA",2022-10,1,-1,0
15077.0,"Shippingport, PA",2022-11,0,0,1
15077.0,"Shippingport, PA",2022-12,-1,1,0
15078.0,"Slovan, PA",2022-01,10,-10,0
15078.0,"Slovan, PA",2022-02,9,-9,0
15078.0,"Slovan, PA",2022-03,8,-8,0
15078.0,"Slovan, PA",2022-04,7,-7,0
15078.0,"Slovan, PA",2022-05,6,-6,0
15078.0,"Slovan, PA",2022-06,5,-5,0
15078.0,"Slovan, PA",2022-07,4,-4,0
15078.0,"Slovan, PA",2022-08,3,-3,0
15078.0,"Slovan, PA",2022-09,2,-2,0
15078.0,"Slovan, PA",2022-10,1,-1,0
15078.0,"Slovan, PA",2022-11,0,0,1
15078.0,"Slovan, PA",2022-12,-1,1,0
15081.0,"South Heights, PA",2022-01,10,-10,0
15081.0,"South Heights, PA",2022-02,9,-9,0
15081.0,"South Heights, PA",2022-03,8,-8,0
15081.0,"South Heights, PA",2022-04,7,-7,0
15081.0,"South Heights, PA",2022-05,6,-6,0
15081.0,"South Heights, PA",2022-06,5,-5,0
15081.0,"South Heights, PA",2022-07,4,-4,0
15081.0,"South Heights, PA",2022-08,3,-3,0
15081.0,"South Heights, PA",2022-09,2,-2,0
15081.0,"South Heights, PA",2022-10,1,-1,0
15081.0,"South Heights, PA",2022-11,0,0,1
15081.0,"South Heights, PA",2022-12,-1,1,0
15082.0,"Sturgeon, PA",2022-01,10,-10,0
15082.0,"Sturgeon, PA",2022-02,9,-9,0
15082.0,"Sturgeon, PA",2022-03,8,-8,0
15082.0,"Sturgeon, PA",2022-04,7,-7,0
15082.0,"Sturgeon, PA",2022-05,6,-6,0
15082.0,"Sturgeon, PA",2022-06,5,-5,0
15082.0,"Sturgeon, PA",2022-07,4,-4,0
15082.0,"Sturgeon, PA",2022-08,3,-3,0
15082.0,"Sturgeon, PA",2022-09,2,-2,0
15082.0,"Sturgeon, PA",2022-10,1,-1,0
15082.0,"Sturgeon, PA",2022-11,0,0,1
15082.0,"Sturgeon, PA",2022-12,-1,1,0
15083.0,"Sutersville, PA",2022-01,10,-10,0
15083.0,"Sutersville, PA",2022-02,9,-9,0
15083.0,"Sutersville, PA",2022-03,8,-8,0
15083.0,"Sutersville, PA",2022-04,7,-7,0
15083.0,"Sutersville, PA",2022-05,6,-6,0
15083.0,"Sutersville, PA",2022-06,5,-5,0
15083.0,"Sutersville, PA",2022-07,4,-4,0
15083.0,"Sutersville, PA",2022-08,3,-3,0
15083.0,"Sutersville, PA",2022-09,2,-2,0
15083.0,"Sutersville, PA",2022-10,1,-1,0
15083.0,"Sutersville, PA",2022-11,0,0,1
15083.0,"Sutersville, PA",2022-12,-1,1,0
15084.0,"Tarentum, PA",2022-01,10,-10,0
15084.0,"Tarentum, PA",2022-02,9,-9,0
15084.0,"Tarentum, PA",2022-03,8,-8,0
15084.0,"Tarentum, PA",2022-04,7,-7,0
15084.0,"Tarentum, PA",2022-05,6,-6,0
15084.0,"Tarentum, PA",2022-06,5,-5,0
15084.0,"Tarentum, PA",2022-07,4,-4,0
15084.0,"Tarentum, PA",2022-08,3,-3,0
15084.0,"Tarentum, PA",2022-09,2,-2,0
15084.0,"Tarentum, PA",2022-10,1,-1,0
15084.0,"Tarentum, PA",2022-11,0,0,1
15084.0,"Tarentum, PA",2022-12,-1,1,0
15085.0,"Trafford, PA",2022-01,10,-10,0
15085.0,"Trafford, PA",2022-02,9,-9,0
15085.0,"Trafford, PA",2022-03,8,-8,0
15085.0,"Trafford, PA",2022-04,7,-7,0
15085.0,"Trafford, PA",2022-05,6,-6,0
15085.0,"Trafford, PA",2022-06,5,-5,0
15085.0,"Trafford, PA",2022-07,4,-4,0
15085.0,"Trafford, PA",2022-08,3,-3,0
15085.0,"Trafford, PA",2022-09,2,-2,0
15085.0,"Trafford, PA",2022-10,1,-1,0
15085.0,"Trafford, PA",2022-11,0,0,1
15085.0,"Trafford, PA",2022-12,-1,1,0
15086.0,"Warrendale, PA",2022-01,10,-10,0
15086.0,"Warrendale, PA",2022-02,9,-9,0
15086.0,"Warrendale, PA",2022-03,8,-8,0
15086.0,"Warrendale, PA",2022-04,7,-7,0
15086.0,"Warrendale, PA",2022-05,6,-6,0
15086.0,"Warrendale, PA",2022-06,5,-5,0
15086.0,"Warrendale, PA",2022-07,4,-4,0
15086.0,"Warrendale, PA",2022-08,3,-3,0
15086.0,"Warrendale, PA",2022-09,2,-2,0
15086.0,"Warrendale, PA",2022-10,1,-1,0
15086.0,"Warrendale, PA",2022-11,0,0,1
15086.0,"Warrendale, PA",2022-12,-1,1,0
15087.0,"Webster, PA",2022-01,10,-10,0
15087.0,"Webster, PA",2022-02,9,-9,0
15087.0,"Webster, PA",2022-03,8,-8,0
15087.0,"Webster, PA",2022-04,7,-7,0
15087.0,"Webster, PA",2022-05,6,-6,0
15087.0,"Webster, PA",2022-06,5,-5,0
15087.0,"Webster, PA",2022-07,4,-4,0
15087.0,"Webster, PA",2022-08,3,-3,0
15087.0,"Webster, PA",2022-09,2,-2,0
15087.0,"Webster, PA",2022-10,1,-1,0
15087.0,"Webster, PA",2022-11,0,0,1
15087.0,"Webster, PA",2022-12,-1,1,0
15088.0,"West Elizabeth, PA",2022-01,10,-10,0
15088.0,"West Elizabeth, PA",2022-02,9,-9,0
15088.0,"West Elizabeth, PA",2022-03,8,-8,0
15088.0,"West Elizabeth, PA",2022-04,7,-7,0
15088.0,"West Elizabeth, PA",2022-05,6,-6,0
15088.0,"West Elizabeth, PA",2022-06,5,-5,0
15088.0,"West Elizabeth, PA",2022-07,4,-4,0
15088.0,"West Elizabeth, PA",2022-08,3,-3,0
15088.0,"West Elizabeth, PA",2022-09,2,-2,0
15088.0,"West Elizabeth, PA",2022-10,1,-1,0
15088.0,"West Elizabeth, PA",2022-11,0,0,1
15088.0,"West Elizabeth, PA",2022-12,-1,1,0
15089.0,"West Newton, PA",2022-01,10,-10,0
15089.0,"West Newton, PA",2022-02,9,-9,0
15089.0,"West Newton, PA",2022-03,8,-8,0
15089.0,"West Newton, PA",2022-04,7,-7,0
15089.0,"West Newton, PA",2022-05,6,-6,0
15089.0,"West Newton, PA",2022-06,5,-5,0
15089.0,"West Newton, PA",2022-07,4,-4,0
15089.0,"West Newton, PA",2022-08,3,-3,0
15089.0,"West Newton, PA",2022-09,2,-2,0
15089.0,"West Newton, PA",2022-10,1,-1,0
15089.0,"West Newton, PA",2022-11,0,0,1
15089.0,"West Newton, PA",2022-12,-1,1,0
15090.0,"Wexford, PA",2022-01,10,-10,0
15090.0,"Wexford, PA",2022-02,9,-9,0
15090.0,"Wexford, PA",2022-03,8,-8,0
15090.0,"Wexford, PA",2022-04,7,-7,0
15090.0,"Wexford, PA",2022-05,6,-6,0
15090.0,"Wexford, PA",2022-06,5,-5,0
15090.0,"Wexford, PA",2022-07,4,-4,0
15090.0,"Wexford, PA",2022-08,3,-3,0
15090.0,"Wexford, PA",2022-09,2,-2,0
15090.0,"Wexford, PA",2022-10,1,-1,0
15090.0,"Wexford, PA",2022-11,0,0,1
15090.0,"Wexford, PA",2022-12,-1,1,0
15101.0,"Allison Park, PA",2022-01,10,-10,0
15101.0,"Allison Park, PA",2022-02,9,-9,0
15101.0,"Allison Park, PA",2022-03,8,-8,0
15101.0,"Allison Park, PA",2022-04,7,-7,0
15101.0,"Allison Park, PA",2022-05,6,-6,0
15101.0,"Allison Park, PA",2022-06,5,-5,0
15101.0,"Allison Park, PA",2022-07,4,-4,0
15101.0,"Allison Park, PA",2022-08,3,-3,0
15101.0,"Allison Park, PA",2022-09,2,-2,0
15101.0,"Allison Park, PA",2022-10,1,-1,0
15101.0,"Allison Park, PA",2022-11,0,0,1
15101.0,"Allison Park, PA",2022-12,-1,1,0
15102.0,"Bethel Park, PA",2022-01,10,-10,0
15102.0,"Bethel Park, PA",2022-02,9,-9,0
15102.0,"Bethel Park, PA",2022-03,8,-8,0
15102.0,"Bethel Park, PA",2022-04,7,-7,0
15102.0,"Bethel Park, PA",2022-05,6,-6,0
15102.0,"Bethel Park, PA",2022-06,5,-5,0
15102.0,"Bethel Park, PA",2022-07,4,-4,0
15102.0,"Bethel Park, PA",2022-08,3,-3,0
15102.0,"Bethel Park, PA",2022-09,2,-2,0
15102.0,"Bethel Park, PA",2022-10,1,-1,0
15102.0,"Bethel Park, PA",2022-11,0,0,1
15102.0,"Bethel Park, PA",2022-12,-1,1,0
15104.0,"Braddock, PA",2022-01,10,-10,0
15104.0,"Braddock, PA",2022-02,9,-9,0
15104.0,"Braddock, PA",2022-03,8,-8,0
15104.0,"Braddock, PA",2022-04,7,-7,0
15104.0,"Braddock, PA",2022-05,6,-6,0
15104.0,"Braddock, PA",2022-06,5,-5,0
15104.0,"Braddock, PA",2022-07,4,-4,0
15104.0,"Braddock, PA",2022-08,3,-3,0
15104.0,"Braddock, PA",2022-09,2,-2,0
15104.0,"Braddock, PA",2022-10,1,-1,0
15104.0,"Braddock, PA",2022-11,0,0,1
15104.0,"Braddock, PA",2022-12,-1,1,0
15106.0,"Carnegie, PA",2022-01,10,-10,0
15106.0,"Carnegie, PA",2022-02,9,-9,0
15106.0,"Carnegie, PA",2022-03,8,-8,0
15106.0,"Carnegie, PA",2022-04,7,-7,0
15106.0,"Carnegie, PA",2022-05,6,-6,0
15106.0,"Carnegie, PA",2022-06,5,-5,0
15106.0,"Carnegie, PA",2022-07,4,-4,0
15106.0,"Carnegie, PA",2022-08,3,-3,0
15106.0,"Carnegie, PA",2022-09,2,-2,0
15106.0,"Carnegie, PA",2022-10,1,-1,0
15106.0,"Carnegie, PA",2022-11,0,0,1
15106.0,"Carnegie, PA",2022-12,-1,1,0
15108.0,"Coraopolis, PA",2022-01,10,-10,0
15108.0,"Coraopolis, PA",2022-02,9,-9,0
15108.0,"Coraopolis, PA",2022-03,8,-8,0
15108.0,"Coraopolis, PA",2022-04,7,-7,0
15108.0,"Coraopolis, PA",2022-05,6,-6,0
15108.0,"Coraopolis, PA",2022-06,5,-5,0
15108.0,"Coraopolis, PA",2022-07,4,-4,0
15108.0,"Coraopolis, PA",2022-08,3,-3,0
15108.0,"Coraopolis, PA",2022-09,2,-2,0
15108.0,"Coraopolis, PA",2022-10,1,-1,0
15108.0,"Coraopolis, PA",2022-11,0,0,1
15108.0,"Coraopolis, PA",2022-12,-1,1,0
15110.0,"Duquesne, PA",2022-01,10,-10,0
15110.0,"Duquesne, PA",2022-02,9,-9,0
15110.0,"Duquesne, PA",2022-03,8,-8,0
15110.0,"Duquesne, PA",2022-04,7,-7,0
15110.0,"Duquesne, PA",2022-05,6,-6,0
15110.0,"Duquesne, PA",2022-06,5,-5,0
15110.0,"Duquesne, PA",2022-07,4,-4,0
15110.0,"Duquesne, PA",2022-08,3,-3,0
15110.0,"Duquesne, PA",2022-09,2,-2,0
15110.0,"Duquesne, PA",2022-10,1,-1,0
15110.0,"Duquesne, PA",2022-11,0,0,1
15110.0,"Duquesne, PA",2022-12,-1,1,0
15112.0,"East Pittsburgh, PA",2022-01,10,-10,0
15112.0,"East Pittsburgh, PA",2022-02,9,-9,0
15112.0,"East Pittsburgh, PA",2022-03,8,-8,0
15112.0,"East Pittsburgh, PA",2022-04,7,-7,0
15112.0,"East Pittsburgh, PA",2022-05,6,-6,0
15112.0,"East Pittsburgh, PA",2022-06,5,-5,0
15112.0,"East Pittsburgh, PA",2022-07,4,-4,0
15112.0,"East Pittsburgh, PA",2022-08,3,-3,0
15112.0,"East Pittsburgh, PA",2022-09,2,-2,0
15112.0,"East Pittsburgh, PA",2022-10,1,-1,0
15112.0,"East Pittsburgh, PA",2022-11,0,0,1
15112.0,"East Pittsburgh, PA",2022-12,-1,1,0
15116.0,"Glenshaw, PA",2022-01,10,-10,0
15116.0,"Glenshaw, PA",2022-02,9,-9,0
15116.0,"Glenshaw, PA",2022-03,8,-8,0
15116.0,"Glenshaw, PA",2022-04,7,-7,0
15116.0,"Glenshaw, PA",2022-05,6,-6,0
15116.0,"Glenshaw, PA",2022-06,5,-5,0
15116.0,"Glenshaw, PA",2022-07,4,-4,0
15116.0,"Glenshaw, PA",2022-08,3,-3,0
15116.0,"Glenshaw, PA",2022-09,2,-2,0
15116.0,"Glenshaw, PA",2022-10,1,-1,0
15116.0,"Glenshaw, PA",2022-11,0,0,1
15116.0,"Glenshaw, PA",2022-12,-1,1,0
15120.0,"Homestead, PA",2022-01,10,-10,0
15120.0,"Homestead, PA",2022-02,9,-9,0
15120.0,"Homestead, PA",2022-03,8,-8,0
15120.0,"Homestead, PA",2022-04,7,-7,0
15120.0,"Homestead, PA",2022-05,6,-6,0
15120.0,"Homestead, PA",2022-06,5,-5,0
15120.0,"Homestead, PA",2022-07,4,-4,0
15120.0,"Homestead, PA",2022-08,3,-3,0
15120.0,"Homestead, PA",2022-09,2,-2,0
15120.0,"Homestead, PA",2022-10,1,-1,0
15120.0,"Homestead, PA",2022-11,0,0,1
15120.0,"Homestead, PA",2022-12,-1,1,0
15122.0,"West Mifflin, PA",2022-01,10,-10,0
15122.0,"West Mifflin, PA",2022-02,9,-9,0
15122.0,"West Mifflin, PA",2022-03,8,-8,0
15122.0,"West Mifflin, PA",2022-04,7,-7,0
15122.0,"West Mifflin, PA",2022-05,6,-6,0
15122.0,"West Mifflin, PA",2022-06,5,-5,0
15122.0,"West Mifflin, PA",2022-07,4,-4,0
15122.0,"West Mifflin, PA",2022-08,3,-3,0
15122.0,"West Mifflin, PA",2022-09,2,-2,0
15122.0,"West Mifflin, PA",2022-10,1,-1,0
15122.0,"West Mifflin, PA",2022-11,0,0,1
15122.0,"West Mifflin, PA",2022-12,-1,1,0
15123.0,"West Mifflin, PA",2022-01,10,-10,0
15123.0,"West Mifflin, PA",2022-02,9,-9,0
15123.0,"West Mifflin, PA",2022-03,8,-8,0
15123.0,"West Mifflin, PA",2022-04,7,-7,0
15123.0,"West Mifflin, PA",2022-05,6,-6,0
15123.0,"West Mifflin, PA",2022-06,5,-5,0
15123.0,"West Mifflin, PA",2022-07,4,-4,0
15123.0,"West Mifflin, PA",2022-08,3,-3,0
15123.0,"West Mifflin, PA",2022-09,2,-2,0
15123.0,"West Mifflin, PA",2022-10,1,-1,0
15123.0,"West Mifflin, PA",2022-11,0,0,1
15123.0,"West Mifflin, PA",2022-12,-1,1,0
15126.0,"Imperial, PA",2022-01,10,-10,0
15126.0,"Imperial, PA",2022-02,9,-9,0
15126.0,"Imperial, PA",2022-03,8,-8,0
15126.0,"Imperial, PA",2022-04,7,-7,0
15126.0,"Imperial, PA",2022-05,6,-6,0
15126.0,"Imperial, PA",2022-06,5,-5,0
15126.0,"Imperial, PA",2022-07,4,-4,0
15126.0,"Imperial, PA",2022-08,3,-3,0
15126.0,"Imperial, PA",2022-09,2,-2,0
15126.0,"Imperial, PA",2022-10,1,-1,0
15126.0,"Imperial, PA",2022-11,0,0,1
15126.0,"Imperial, PA",2022-12,-1,1,0
15129.0,"Library, PA",2022-01,10,-10,0
15129.0,"Library, PA",2022-02,9,-9,0
15129.0,"Library, PA",2022-03,8,-8,0
15129.0,"Library, PA",2022-04,7,-7,0
15129.0,"Library, PA",2022-05,6,-6,0
15129.0,"Library, PA",2022-06,5,-5,0
15129.0,"Library, PA",2022-07,4,-4,0
15129.0,"Library, PA",2022-08,3,-3,0
15129.0,"Library, PA",2022-09,2,-2,0
15129.0,"Library, PA",2022-10,1,-1,0
15129.0,"Library, PA",2022-11,0,0,1
15129.0,"Library, PA",2022-12,-1,1,0
15131.0,"McKeesport, PA",2022-01,10,-10,0
15131.0,"McKeesport, PA",2022-02,9,-9,0
15131.0,"McKeesport, PA",2022-03,8,-8,0
15131.0,"McKeesport, PA",2022-04,7,-7,0
15131.0,"McKeesport, PA",2022-05,6,-6,0
15131.0,"McKeesport, PA",2022-06,5,-5,0
15131.0,"McKeesport, PA",2022-07,4,-4,0
15131.0,"McKeesport, PA",2022-08,3,-3,0
15131.0,"McKeesport, PA",2022-09,2,-2,0
15131.0,"McKeesport, PA",2022-10,1,-1,0
15131.0,"McKeesport, PA",2022-11,0,0,1
15131.0,"McKeesport, PA",2022-12,-1,1,0
15132.0,"McKeesport, PA",2022-01,10,-10,0
15132.0,"McKeesport, PA",2022-02,9,-9,0
15132.0,"McKeesport, PA",2022-03,8,-8,0
15132.0,"McKeesport, PA",2022-04,7,-7,0
15132.0,"McKeesport, PA",2022-05,6,-6,0
15132.0,"McKeesport, PA",2022-06,5,-5,0
15132.0,"McKeesport, PA",2022-07,4,-4,0
15132.0,"McKeesport, PA",2022-08,3,-3,0
15132.0,"McKeesport, PA",2022-09,2,-2,0
15132.0,"McKeesport, PA",2022-10,1,-1,0
15132.0,"McKeesport, PA",2022-11,0,0,1
15132.0,"McKeesport, PA",2022-12,-1,1,0
15133.0,"McKeesport, PA",2022-01,10,-10,0
15133.0,"McKeesport, PA",2022-02,9,-9,0
15133.0,"McKeesport, PA",2022-03,8,-8,0
15133.0,"McKeesport, PA",2022-04,7,-7,0
15133.0,"McKeesport, PA",2022-05,6,-6,0
15133.0,"McKeesport, PA",2022-06,5,-5,0
15133.0,"McKeesport, PA",2022-07,4,-4,0
15133.0,"McKeesport, PA",2022-08,3,-3,0
15133.0,"McKeesport, PA",2022-09,2,-2,0
15133.0,"McKeesport, PA",2022-10,1,-1,0
15133.0,"McKeesport, PA",2022-11,0,0,1
15133.0,"McKeesport, PA",2022-12,-1,1,0
15135.0,"McKeesport, PA",2022-01,10,-10,0
15135.0,"McKeesport, PA",2022-02,9,-9,0
15135.0,"McKeesport, PA",2022-03,8,-8,0
15135.0,"McKeesport, PA",2022-04,7,-7,0
15135.0,"McKeesport, PA",2022-05,6,-6,0
15135.0,"McKeesport, PA",2022-06,5,-5,0
15135.0,"McKeesport, PA",2022-07,4,-4,0
15135.0,"McKeesport, PA",2022-08,3,-3,0
15135.0,"McKeesport, PA",2022-09,2,-2,0
15135.0,"McKeesport, PA",2022-10,1,-1,0
15135.0,"McKeesport, PA",2022-11,0,0,1
15135.0,"McKeesport, PA",2022-12,-1,1,0
15136.0,"McKees Rocks, PA",2022-01,10,-10,0
15136.0,"McKees Rocks, PA",2022-02,9,-9,0
15136.0,"McKees Rocks, PA",2022-03,8,-8,0
15136.0,"McKees Rocks, PA",2022-04,7,-7,0
15136.0,"McKees Rocks, PA",2022-05,6,-6,0
15136.0,"McKees Rocks, PA",2022-06,5,-5,0
15136.0,"McKees Rocks, PA",2022-07,4,-4,0
15136.0,"McKees Rocks, PA",2022-08,3,-3,0
15136.0,"McKees Rocks, PA",2022-09,2,-2,0
15136.0,"McKees Rocks, PA",2022-10,1,-1,0
15136.0,"McKees Rocks, PA",2022-11,0,0,1
15136.0,"McKees Rocks, PA",2022-12,-1,1,0
15137.0,"North Versailles, PA",2022-01,10,-10,0
15137.0,"North Versailles, PA",2022-02,9,-9,0
15137.0,"North Versailles, PA",2022-03,8,-8,0
15137.0,"North Versailles, PA",2022-04,7,-7,0
15137.0,"North Versailles, PA",2022-05,6,-6,0
15137.0,"North Versailles, PA",2022-06,5,-5,0
15137.0,"North Versailles, PA",2022-07,4,-4,0
15137.0,"North Versailles, PA",2022-08,3,-3,0
15137.0,"North Versailles, PA",2022-09,2,-2,0
15137.0,"North Versailles, PA",2022-10,1,-1,0
15137.0,"North Versailles, PA",2022-11,0,0,1
15137.0,"North Versailles, PA",2022-12,-1,1,0
15139.0,"Oakmont, PA",2022-01,10,-10,0
15139.0,"Oakmont, PA",2022-02,9,-9,0
15139.0,"Oakmont, PA",2022-03,8,-8,0
15139.0,"Oakmont, PA",2022-04,7,-7,0
15139.0,"Oakmont, PA",2022-05,6,-6,0
15139.0,"Oakmont, PA",2022-06,5,-5,0
15139.0,"Oakmont, PA",2022-07,4,-4,0
15139.0,"Oakmont, PA",2022-08,3,-3,0
15139.0,"Oakmont, PA",2022-09,2,-2,0
15139.0,"Oakmont, PA",2022-10,1,-1,0
15139.0,"Oakmont, PA",2022-11,0,0,1
15139.0,"Oakmont, PA",2022-12,-1,1,0
15140.0,"Pitcairn, PA",2022-01,10,-10,0
15140.0,"Pitcairn, PA",2022-02,9,-9,0
15140.0,"Pitcairn, PA",2022-03,8,-8,0
15140.0,"Pitcairn, PA",2022-04,7,-7,0
15140.0,"Pitcairn, PA",2022-05,6,-6,0
15140.0,"Pitcairn, PA",2022-06,5,-5,0
15140.0,"Pitcairn, PA",2022-07,4,-4,0
15140.0,"Pitcairn, PA",2022-08,3,-3,0
15140.0,"Pitcairn, PA",2022-09,2,-2,0
15140.0,"Pitcairn, PA",2022-10,1,-1,0
15140.0,"Pitcairn, PA",2022-11,0,0,1
15140.0,"Pitcairn, PA",2022-12,-1,1,0
15142.0,"Presto, PA",2022-01,10,-10,0
15142.0,"Presto, PA",2022-02,9,-9,0
15142.0,"Presto, PA",2022-03,8,-8,0
15142.0,"Presto, PA",2022-04,7,-7,0
15142.0,"Presto, PA",2022-05,6,-6,0
15142.0,"Presto, PA",2022-06,5,-5,0
15142.0,"Presto, PA",2022-07,4,-4,0
15142.0,"Presto, PA",2022-08,3,-3,0
15142.0,"Presto, PA",2022-09,2,-2,0
15142.0,"Presto, PA",2022-10,1,-1,0
15142.0,"Presto, PA",2022-11,0,0,1
15142.0,"Presto, PA",2022-12,-1,1,0
15143.0,"Sewickley, PA",2022-01,10,-10,0
15143.0,"Sewickley, PA",2022-02,9,-9,0
15143.0,"Sewickley, PA",2022-03,8,-8,0
15143.0,"Sewickley, PA",2022-04,7,-7,0
15143.0,"Sewickley, PA",2022-05,6,-6,0
15143.0,"Sewickley, PA",2022-06,5,-5,0
15143.0,"Sewickley, PA",2022-07,4,-4,0
15143.0,"Sewickley, PA",2022-08,3,-3,0
15143.0,"Sewickley, PA",2022-09,2,-2,0
15143.0,"Sewickley, PA",2022-10,1,-1,0
15143.0,"Sewickley, PA",2022-11,0,0,1
15143.0,"Sewickley, PA",2022-12,-1,1,0
15144.0,"Springdale, PA",2022-01,10,-10,0
15144.0,"Springdale, PA",2022-02,9,-9,0
15144.0,"Springdale, PA",2022-03,8,-8,0
15144.0,"Springdale, PA",2022-04,7,-7,0
15144.0,"Springdale, PA",2022-05,6,-6,0
15144.0,"Springdale, PA",2022-06,5,-5,0
15144.0,"Springdale, PA",2022-07,4,-4,0
15144.0,"Springdale, PA",2022-08,3,-3,0
15144.0,"Springdale, PA",2022-09,2,-2,0
15144.0,"Springdale, PA",2022-10,1,-1,0
15144.0,"Springdale, PA",2022-11,0,0,1
15144.0,"Springdale, PA",2022-12,-1,1,0
15145.0,"Turtle Creek, PA",2022-01,10,-10,0
15145.0,"Turtle Creek, PA",2022-02,9,-9,0
15145.0,"Turtle Creek, PA",2022-03,8,-8,0
15145.0,"Turtle Creek, PA",2022-04,7,-7,0
15145.0,"Turtle Creek, PA",2022-05,6,-6,0
15145.0,"Turtle Creek, PA",2022-06,5,-5,0
15145.0,"Turtle Creek, PA",2022-07,4,-4,0
15145.0,"Turtle Creek, PA",2022-08,3,-3,0
15145.0,"Turtle Creek, PA",2022-09,2,-2,0
15145.0,"Turtle Creek, PA",2022-10,1,-1,0
15145.0,"Turtle Creek, PA",2022-11,0,0,1
15145.0,"Turtle Creek, PA",2022-12,-1,1,0
15146.0,"Monroeville, PA",2022-01,10,-10,0
15146.0,"Monroeville, PA",2022-02,9,-9,0
15146.0,"Monroeville, PA",2022-03,8,-8,0
15146.0,"Monroeville, PA",2022-04,7,-7,0
15146.0,"Monroeville, PA",2022-05,6,-6,0
15146.0,"Monroeville, PA",2022-06,5,-5,0
15146.0,"Monroeville, PA",2022-07,4,-4,0
15146.0,"Monroeville, PA",2022-08,3,-3,0
15146.0,"Monroeville, PA",2022-09,2,-2,0
15146.0,"Monroeville, PA",2022-10,1,-1,0
15146.0,"Monroeville, PA",2022-11,0,0,1
15146.0,"Monroeville, PA",2022-12,-1,1,0
15147.0,"Verona, PA",2022-01,10,-10,0
15147.0,"Verona, PA",2022-02,9,-9,0
15147.0,"Verona, PA",2022-03,8,-8,0
15147.0,"Verona, PA",2022-04,7,-7,0
15147.0,"Verona, PA",2022-05,6,-6,0
15147.0,"Verona, PA",2022-06,5,-5,0
15147.0,"Verona, PA",2022-07,4,-4,0
15147.0,"Verona, PA",2022-08,3,-3,0
15147.0,"Verona, PA",2022-09,2,-2,0
15147.0,"Verona, PA",2022-10,1,-1,0
15147.0,"Verona, PA",2022-11,0,0,1
15147.0,"Verona, PA",2022-12,-1,1,0
15148.0,"Wilmerding, PA",2022-01,10,-10,0
15148.0,"Wilmerding, PA",2022-02,9,-9,0
15148.0,"Wilmerding, PA",2022-03,8,-8,0
15148.0,"Wilmerding, PA",2022-04,7,-7,0
15148.0,"Wilmerding, PA",2022-05,6,-6,0
15148.0,"Wilmerding, PA",2022-06,5,-5,0
15148.0,"Wilmerding, PA",2022-07,4,-4,0
15148.0,"Wilmerding, PA",2022-08,3,-3,0
15148.0,"Wilmerding, PA",2022-09,2,-2,0
15148.0,"Wilmerding, PA",2022-10,1,-1,0
15148.0,"Wilmerding, PA",2022-11,0,0,1
15148.0,"Wilmerding, PA",2022-12,-1,1,0
15201.0,"Pittsburgh, PA",2022-01,10,-10,0
15201.0,"Pittsburgh, PA",2022-02,9,-9,0
15201.0,"Pittsburgh, PA",2022-03,8,-8,0
15201.0,"Pittsburgh, PA",2022-04,7,-7,0
15201.0,"Pittsburgh, PA",2022-05,6,-6,0
15201.0,"Pittsburgh, PA",2022-06,5,-5,0
15201.0,"Pittsburgh, PA",2022-07,4,-4,0
15201.0,"Pittsburgh, PA",2022-08,3,-3,0
15201.0,"Pittsburgh, PA",2022-09,2,-2,0
15201.0,"Pittsburgh, PA",2022-10,1,-1,0
15201.0,"Pittsburgh, PA",2022-11,0,0,1
15201.0,"Pittsburgh, PA",2022-12,-1,1,0
15202.0,"Pittsburgh, PA",2022-01,10,-10,0
15202.0,"Pittsburgh, PA",2022-02,9,-9,0
15202.0,"Pittsburgh, PA",2022-03,8,-8,0
15202.0,"Pittsburgh, PA",2022-04,7,-7,0
15202.0,"Pittsburgh, PA",2022-05,6,-6,0
15202.0,"Pittsburgh, PA",2022-06,5,-5,0
15202.0,"Pittsburgh, PA",2022-07,4,-4,0
15202.0,"Pittsburgh, PA",2022-08,3,-3,0
15202.0,"Pittsburgh, PA",2022-09,2,-2,0
15202.0,"Pittsburgh, PA",2022-10,1,-1,0
15202.0,"Pittsburgh, PA",2022-11,0,0,1
15202.0,"Pittsburgh, PA",2022-12,-1,1,0
15203.0,"Pittsburgh, PA",2022-01,10,-10,0
15203.0,"Pittsburgh, PA",2022-02,9,-9,0
15203.0,"Pittsburgh, PA",2022-03,8,-8,0
15203.0,"Pittsburgh, PA",2022-04,7,-7,0
15203.0,"Pittsburgh, PA",2022-05,6,-6,0
15203.0,"Pittsburgh, PA",2022-06,5,-5,0
15203.0,"Pittsburgh, PA",2022-07,4,-4,0
15203.0,"Pittsburgh, PA",2022-08,3,-3,0
15203.0,"Pittsburgh, PA",2022-09,2,-2,0
15203.0,"Pittsburgh, PA",2022-10,1,-1,0
15203.0,"Pittsburgh, PA",2022-11,0,0,1
15203.0,"Pittsburgh, PA",2022-12,-1,1,0
15204.0,"Pittsburgh, PA",2022-01,10,-10,0
15204.0,"Pittsburgh, PA",2022-02,9,-9,0
15204.0,"Pittsburgh, PA",2022-03,8,-8,0
15204.0,"Pittsburgh, PA",2022-04,7,-7,0
15204.0,"Pittsburgh, PA",2022-05,6,-6,0
15204.0,"Pittsburgh, PA",2022-06,5,-5,0
15204.0,"Pittsburgh, PA",2022-07,4,-4,0
15204.0,"Pittsburgh, PA",2022-08,3,-3,0
15204.0,"Pittsburgh, PA",2022-09,2,-2,0
15204.0,"Pittsburgh, PA",2022-10,1,-1,0
15204.0,"Pittsburgh, PA",2022-11,0,0,1
15204.0,"Pittsburgh, PA",2022-12,-1,1,0
15205.0,"Pittsburgh, PA",2022-01,10,-10,0
15205.0,"Pittsburgh, PA",2022-02,9,-9,0
15205.0,"Pittsburgh, PA",2022-03,8,-8,0
15205.0,"Pittsburgh, PA",2022-04,7,-7,0
15205.0,"Pittsburgh, PA",2022-05,6,-6,0
15205.0,"Pittsburgh, PA",2022-06,5,-5,0
15205.0,"Pittsburgh, PA",2022-07,4,-4,0
15205.0,"Pittsburgh, PA",2022-08,3,-3,0
15205.0,"Pittsburgh, PA",2022-09,2,-2,0
15205.0,"Pittsburgh, PA",2022-10,1,-1,0
15205.0,"Pittsburgh, PA",2022-11,0,0,1
15205.0,"Pittsburgh, PA",2022-12,-1,1,0
15206.0,"Pittsburgh, PA",2022-01,10,-10,0
15206.0,"Pittsburgh, PA",2022-02,9,-9,0
15206.0,"Pittsburgh, PA",2022-03,8,-8,0
15206.0,"Pittsburgh, PA",2022-04,7,-7,0
15206.0,"Pittsburgh, PA",2022-05,6,-6,0
15206.0,"Pittsburgh, PA",2022-06,5,-5,0
15206.0,"Pittsburgh, PA",2022-07,4,-4,0
15206.0,"Pittsburgh, PA",2022-08,3,-3,0
15206.0,"Pittsburgh, PA",2022-09,2,-2,0
15206.0,"Pittsburgh, PA",2022-10,1,-1,0
15206.0,"Pittsburgh, PA",2022-11,0,0,1
15206.0,"Pittsburgh, PA",2022-12,-1,1,0
15207.0,"Pittsburgh, PA",2022-01,10,-10,0
15207.0,"Pittsburgh, PA",2022-02,9,-9,0
15207.0,"Pittsburgh, PA",2022-03,8,-8,0
15207.0,"Pittsburgh, PA",2022-04,7,-7,0
15207.0,"Pittsburgh, PA",2022-05,6,-6,0
15207.0,"Pittsburgh, PA",2022-06,5,-5,0
15207.0,"Pittsburgh, PA",2022-07,4,-4,0
15207.0,"Pittsburgh, PA",2022-08,3,-3,0
15207.0,"Pittsburgh, PA",2022-09,2,-2,0
15207.0,"Pittsburgh, PA",2022-10,1,-1,0
15207.0,"Pittsburgh, PA",2022-11,0,0,1
15207.0,"Pittsburgh, PA",2022-12,-1,1,0
15208.0,"Pittsburgh, PA",2022-01,10,-10,0
15208.0,"Pittsburgh, PA",2022-02,9,-9,0
15208.0,"Pittsburgh, PA",2022-03,8,-8,0
15208.0,"Pittsburgh, PA",2022-04,7,-7,0
15208.0,"Pittsburgh, PA",2022-05,6,-6,0
15208.0,"Pittsburgh, PA",2022-06,5,-5,0
15208.0,"Pittsburgh, PA",2022-07,4,-4,0
15208.0,"Pittsburgh, PA",2022-08,3,-3,0
15208.0,"Pittsburgh, PA",2022-09,2,-2,0
15208.0,"Pittsburgh, PA",2022-10,1,-1,0
15208.0,"Pittsburgh, PA",2022-11,0,0,1
15208.0,"Pittsburgh, PA",2022-12,-1,1,0
15209.0,"Pittsburgh, PA",2022-01,10,-10,0
15209.0,"Pittsburgh, PA",2022-02,9,-9,0
15209.0,"Pittsburgh, PA",2022-03,8,-8,0
15209.0,"Pittsburgh, PA",2022-04,7,-7,0
15209.0,"Pittsburgh, PA",2022-05,6,-6,0
15209.0,"Pittsburgh, PA",2022-06,5,-5,0
15209.0,"Pittsburgh, PA",2022-07,4,-4,0
15209.0,"Pittsburgh, PA",2022-08,3,-3,0
15209.0,"Pittsburgh, PA",2022-09,2,-2,0
15209.0,"Pittsburgh, PA",2022-10,1,-1,0
15209.0,"Pittsburgh, PA",2022-11,0,0,1
15209.0,"Pittsburgh, PA",2022-12,-1,1,0
15210.0,"Pittsburgh, PA",2022-01,10,-10,0
15210.0,"Pittsburgh, PA",2022-02,9,-9,0
15210.0,"Pittsburgh, PA",2022-03,8,-8,0
15210.0,"Pittsburgh, PA",2022-04,7,-7,0
15210.0,"Pittsburgh, PA",2022-05,6,-6,0
15210.0,"Pittsburgh, PA",2022-06,5,-5,0
15210.0,"Pittsburgh, PA",2022-07,4,-4,0
15210.0,"Pittsburgh, PA",2022-08,3,-3,0
15210.0,"Pittsburgh, PA",2022-09,2,-2,0
15210.0,"Pittsburgh, PA",2022-10,1,-1,0
15210.0,"Pittsburgh, PA",2022-11,0,0,1
15210.0,"Pittsburgh, PA",2022-12,-1,1,0
15211.0,"Pittsburgh, PA",2022-01,10,-10,0
15211.0,"Pittsburgh, PA",2022-02,9,-9,0
15211.0,"Pittsburgh, PA",2022-03,8,-8,0
15211.0,"Pittsburgh, PA",2022-04,7,-7,0
15211.0,"Pittsburgh, PA",2022-05,6,-6,0
15211.0,"Pittsburgh, PA",2022-06,5,-5,0
15211.0,"Pittsburgh, PA",2022-07,4,-4,0
15211.0,"Pittsburgh, PA",2022-08,3,-3,0
15211.0,"Pittsburgh, PA",2022-09,2,-2,0
15211.0,"Pittsburgh, PA",2022-10,1,-1,0
15211.0,"Pittsburgh, PA",2022-11,0,0,1
15211.0,"Pittsburgh, PA",2022-12,-1,1,0
15212.0,"Pittsburgh, PA",2022-01,10,-10,0
15212.0,"Pittsburgh, PA",2022-02,9,-9,0
15212.0,"Pittsburgh, PA",2022-03,8,-8,0
15212.0,"Pittsburgh, PA",2022-04,7,-7,0
15212.0,"Pittsburgh, PA",2022-05,6,-6,0
15212.0,"Pittsburgh, PA",2022-06,5,-5,0
15212.0,"Pittsburgh, PA",2022-07,4,-4,0
15212.0,"Pittsburgh, PA",2022-08,3,-3,0
15212.0,"Pittsburgh, PA",2022-09,2,-2,0
15212.0,"Pittsburgh, PA",2022-10,1,-1,0
15212.0,"Pittsburgh, PA",2022-11,0,0,1
15212.0,"Pittsburgh, PA",2022-12,-1,1,0
15213.0,"Pittsburgh, PA",2022-01,10,-10,0
15213.0,"Pittsburgh, PA",2022-02,9,-9,0
15213.0,"Pittsburgh, PA",2022-03,8,-8,0
15213.0,"Pittsburgh, PA",2022-04,7,-7,0
15213.0,"Pittsburgh, PA",2022-05,6,-6,0
15213.0,"Pittsburgh, PA",2022-06,5,-5,0
15213.0,"Pittsburgh, PA",2022-07,4,-4,0
15213.0,"Pittsburgh, PA",2022-08,3,-3,0
15213.0,"Pittsburgh, PA",2022-09,2,-2,0
15213.0,"Pittsburgh, PA",2022-10,1,-1,0
15213.0,"Pittsburgh, PA",2022-11,0,0,1
15213.0,"Pittsburgh, PA",2022-12,-1,1,0
15214.0,"Pittsburgh, PA",2022-01,10,-10,0
15214.0,"Pittsburgh, PA",2022-02,9,-9,0
15214.0,"Pittsburgh, PA",2022-03,8,-8,0
15214.0,"Pittsburgh, PA",2022-04,7,-7,0
15214.0,"Pittsburgh, PA",2022-05,6,-6,0
15214.0,"Pittsburgh, PA",2022-06,5,-5,0
15214.0,"Pittsburgh, PA",2022-07,4,-4,0
15214.0,"Pittsburgh, PA",2022-08,3,-3,0
15214.0,"Pittsburgh, PA",2022-09,2,-2,0
15214.0,"Pittsburgh, PA",2022-10,1,-1,0
15214.0,"Pittsburgh, PA",2022-11,0,0,1
15214.0,"Pittsburgh, PA",2022-12,-1,1,0
15215.0,"Pittsburgh, PA",2022-01,10,-10,0
15215.0,"Pittsburgh, PA",2022-02,9,-9,0
15215.0,"Pittsburgh, PA",2022-03,8,-8,0
15215.0,"Pittsburgh, PA",2022-04,7,-7,0
15215.0,"Pittsburgh, PA",2022-05,6,-6,0
15215.0,"Pittsburgh, PA",2022-06,5,-5,0
15215.0,"Pittsburgh, PA",2022-07,4,-4,0
15215.0,"Pittsburgh, PA",2022-08,3,-3,0
15215.0,"Pittsburgh, PA",2022-09,2,-2,0
15215.0,"Pittsburgh, PA",2022-10,1,-1,0
15215.0,"Pittsburgh, PA",2022-11,0,0,1
15215.0,"Pittsburgh, PA",2022-12,-1,1,0
15216.0,"Pittsburgh, PA",2022-01,10,-10,0
15216.0,"Pittsburgh, PA",2022-02,9,-9,0
15216.0,"Pittsburgh, PA",2022-03,8,-8,0
15216.0,"Pittsburgh, PA",2022-04,7,-7,0
15216.0,"Pittsburgh, PA",2022-05,6,-6,0
15216.0,"Pittsburgh, PA",2022-06,5,-5,0
15216.0,"Pittsburgh, PA",2022-07,4,-4,0
15216.0,"Pittsburgh, PA",2022-08,3,-3,0
15216.0,"Pittsburgh, PA",2022-09,2,-2,0
15216.0,"Pittsburgh, PA",2022-10,1,-1,0
15216.0,"Pittsburgh, PA",2022-11,0,0,1
15216.0,"Pittsburgh, PA",2022-12,-1,1,0
15217.0,"Pittsburgh, PA",2022-01,10,-10,0
15217.0,"Pittsburgh, PA",2022-02,9,-9,0
15217.0,"Pittsburgh, PA",2022-03,8,-8,0
15217.0,"Pittsburgh, PA",2022-04,7,-7,0
15217.0,"Pittsburgh, PA",2022-05,6,-6,0
15217.0,"Pittsburgh, PA",2022-06,5,-5,0
15217.0,"Pittsburgh, PA",2022-07,4,-4,0
15217.0,"Pittsburgh, PA",2022-08,3,-3,0
15217.0,"Pittsburgh, PA",2022-09,2,-2,0
15217.0,"Pittsburgh, PA",2022-10,1,-1,0
15217.0,"Pittsburgh, PA",2022-11,0,0,1
15217.0,"Pittsburgh, PA",2022-12,-1,1,0
15218.0,"Pittsburgh, PA",2022-01,10,-10,0
15218.0,"Pittsburgh, PA",2022-02,9,-9,0
15218.0,"Pittsburgh, PA",2022-03,8,-8,0
15218.0,"Pittsburgh, PA",2022-04,7,-7,0
15218.0,"Pittsburgh, PA",2022-05,6,-6,0
15218.0,"Pittsburgh, PA",2022-06,5,-5,0
15218.0,"Pittsburgh, PA",2022-07,4,-4,0
15218.0,"Pittsburgh, PA",2022-08,3,-3,0
15218.0,"Pittsburgh, PA",2022-09,2,-2,0
15218.0,"Pittsburgh, PA",2022-10,1,-1,0
15218.0,"Pittsburgh, PA",2022-11,0,0,1
15218.0,"Pittsburgh, PA",2022-12,-1,1,0
15219.0,"Pittsburgh, PA",2022-01,10,-10,0
15219.0,"Pittsburgh, PA",2022-02,9,-9,0
15219.0,"Pittsburgh, PA",2022-03,8,-8,0
15219.0,"Pittsburgh, PA",2022-04,7,-7,0
15219.0,"Pittsburgh, PA",2022-05,6,-6,0
15219.0,"Pittsburgh, PA",2022-06,5,-5,0
15219.0,"Pittsburgh, PA",2022-07,4,-4,0
15219.0,"Pittsburgh, PA",2022-08,3,-3,0
15219.0,"Pittsburgh, PA",2022-09,2,-2,0
15219.0,"Pittsburgh, PA",2022-10,1,-1,0
15219.0,"Pittsburgh, PA",2022-11,0,0,1
15219.0,"Pittsburgh, PA",2022-12,-1,1,0
15220.0,"Pittsburgh, PA",2022-01,10,-10,0
15220.0,"Pittsburgh, PA",2022-02,9,-9,0
15220.0,"Pittsburgh, PA",2022-03,8,-8,0
15220.0,"Pittsburgh, PA",2022-04,7,-7,0
15220.0,"Pittsburgh, PA",2022-05,6,-6,0
15220.0,"Pittsburgh, PA",2022-06,5,-5,0
15220.0,"Pittsburgh, PA",2022-07,4,-4,0
15220.0,"Pittsburgh, PA",2022-08,3,-3,0
15220.0,"Pittsburgh, PA",2022-09,2,-2,0
15220.0,"Pittsburgh, PA",2022-10,1,-1,0
15220.0,"Pittsburgh, PA",2022-11,0,0,1
15220.0,"Pittsburgh, PA",2022-12,-1,1,0
15221.0,"Pittsburgh, PA",2022-01,10,-10,0
15221.0,"Pittsburgh, PA",2022-02,9,-9,0
15221.0,"Pittsburgh, PA",2022-03,8,-8,0
15221.0,"Pittsburgh, PA",2022-04,7,-7,0
15221.0,"Pittsburgh, PA",2022-05,6,-6,0
15221.0,"Pittsburgh, PA",2022-06,5,-5,0
15221.0,"Pittsburgh, PA",2022-07,4,-4,0
15221.0,"Pittsburgh, PA",2022-08,3,-3,0
15221.0,"Pittsburgh, PA",2022-09,2,-2,0
15221.0,"Pittsburgh, PA",2022-10,1,-1,0
15221.0,"Pittsburgh, PA",2022-11,0,0,1
15221.0,"Pittsburgh, PA",2022-12,-1,1,0
15222.0,"Pittsburgh, PA",2022-01,10,-10,0
15222.0,"Pittsburgh, PA",2022-02,9,-9,0
15222.0,"Pittsburgh, PA",2022-03,8,-8,0
15222.0,"Pittsburgh, PA",2022-04,7,-7,0
15222.0,"Pittsburgh, PA",2022-05,6,-6,0
15222.0,"Pittsburgh, PA",2022-06,5,-5,0
15222.0,"Pittsburgh, PA",2022-07,4,-4,0
15222.0,"Pittsburgh, PA",2022-08,3,-3,0
15222.0,"Pittsburgh, PA",2022-09,2,-2,0
15222.0,"Pittsburgh, PA",2022-10,1,-1,0
15222.0,"Pittsburgh, PA",2022-11,0,0,1
15222.0,"Pittsburgh, PA",2022-12,-1,1,0
15223.0,"Pittsburgh, PA",2022-01,10,-10,0
15223.0,"Pittsburgh, PA",2022-02,9,-9,0
15223.0,"Pittsburgh, PA",2022-03,8,-8,0
15223.0,"Pittsburgh, PA",2022-04,7,-7,0
15223.0,"Pittsburgh, PA",2022-05,6,-6,0
15223.0,"Pittsburgh, PA",2022-06,5,-5,0
15223.0,"Pittsburgh, PA",2022-07,4,-4,0
15223.0,"Pittsburgh, PA",2022-08,3,-3,0
15223.0,"Pittsburgh, PA",2022-09,2,-2,0
15223.0,"Pittsburgh, PA",2022-10,1,-1,0
15223.0,"Pittsburgh, PA",2022-11,0,0,1
15223.0,"Pittsburgh, PA",2022-12,-1,1,0
15224.0,"Pittsburgh, PA",2022-01,10,-10,0
15224.0,"Pittsburgh, PA",2022-02,9,-9,0
15224.0,"Pittsburgh, PA",2022-03,8,-8,0
15224.0,"Pittsburgh, PA",2022-04,7,-7,0
15224.0,"Pittsburgh, PA",2022-05,6,-6,0
15224.0,"Pittsburgh, PA",2022-06,5,-5,0
15224.0,"Pittsburgh, PA",2022-07,4,-4,0
15224.0,"Pittsburgh, PA",2022-08,3,-3,0
15224.0,"Pittsburgh, PA",2022-09,2,-2,0
15224.0,"Pittsburgh, PA",2022-10,1,-1,0
15224.0,"Pittsburgh, PA",2022-11,0,0,1
15224.0,"Pittsburgh, PA",2022-12,-1,1,0
15225.0,"Pittsburgh, PA",2022-01,10,-10,0
15225.0,"Pittsburgh, PA",2022-02,9,-9,0
15225.0,"Pittsburgh, PA",2022-03,8,-8,0
15225.0,"Pittsburgh, PA",2022-04,7,-7,0
15225.0,"Pittsburgh, PA",2022-05,6,-6,0
15225.0,"Pittsburgh, PA",2022-06,5,-5,0
15225.0,"Pittsburgh, PA",2022-07,4,-4,0
15225.0,"Pittsburgh, PA",2022-08,3,-3,0
15225.0,"Pittsburgh, PA",2022-09,2,-2,0
15225.0,"Pittsburgh, PA",2022-10,1,-1,0
15225.0,"Pittsburgh, PA",2022-11,0,0,1
15225.0,"Pittsburgh, PA",2022-12,-1,1,0
15226.0,"Pittsburgh, PA",2022-01,10,-10,0
15226.0,"Pittsburgh, PA",2022-02,9,-9,0
15226.0,"Pittsburgh, PA",2022-03,8,-8,0
15226.0,"Pittsburgh, PA",2022-04,7,-7,0
15226.0,"Pittsburgh, PA",2022-05,6,-6,0
15226.0,"Pittsburgh, PA",2022-06,5,-5,0
15226.0,"Pittsburgh, PA",2022-07,4,-4,0
15226.0,"Pittsburgh, PA",2022-08,3,-3,0
15226.0,"Pittsburgh, PA",2022-09,2,-2,0
15226.0,"Pittsburgh, PA",2022-10,1,-1,0
15226.0,"Pittsburgh, PA",2022-11,0,0,1
15226.0,"Pittsburgh, PA",2022-12,-1,1,0
15227.0,"Pittsburgh, PA",2022-01,10,-10,0
15227.0,"Pittsburgh, PA",2022-02,9,-9,0
15227.0,"Pittsburgh, PA",2022-03,8,-8,0
15227.0,"Pittsburgh, PA",2022-04,7,-7,0
15227.0,"Pittsburgh, PA",2022-05,6,-6,0
15227.0,"Pittsburgh, PA",2022-06,5,-5,0
15227.0,"Pittsburgh, PA",2022-07,4,-4,0
15227.0,"Pittsburgh, PA",2022-08,3,-3,0
15227.0,"Pittsburgh, PA",2022-09,2,-2,0
15227.0,"Pittsburgh, PA",2022-10,1,-1,0
15227.0,"Pittsburgh, PA",2022-11,0,0,1
15227.0,"Pittsburgh, PA",2022-12,-1,1,0
15228.0,"Pittsburgh, PA",2022-01,10,-10,0
15228.0,"Pittsburgh, PA",2022-02,9,-9,0
15228.0,"Pittsburgh, PA",2022-03,8,-8,0
15228.0,"Pittsburgh, PA",2022-04,7,-7,0
15228.0,"Pittsburgh, PA",2022-05,6,-6,0
15228.0,"Pittsburgh, PA",2022-06,5,-5,0
15228.0,"Pittsburgh, PA",2022-07,4,-4,0
15228.0,"Pittsburgh, PA",2022-08,3,-3,0
15228.0,"Pittsburgh, PA",2022-09,2,-2,0
15228.0,"Pittsburgh, PA",2022-10,1,-1,0
15228.0,"Pittsburgh, PA",2022-11,0,0,1
15228.0,"Pittsburgh, PA",2022-12,-1,1,0
15229.0,"Pittsburgh, PA",2022-01,10,-10,0
15229.0,"Pittsburgh, PA",2022-02,9,-9,0
15229.0,"Pittsburgh, PA",2022-03,8,-8,0
15229.0,"Pittsburgh, PA",2022-04,7,-7,0
15229.0,"Pittsburgh, PA",2022-05,6,-6,0
15229.0,"Pittsburgh, PA",2022-06,5,-5,0
15229.0,"Pittsburgh, PA",2022-07,4,-4,0
15229.0,"Pittsburgh, PA",2022-08,3,-3,0
15229.0,"Pittsburgh, PA",2022-09,2,-2,0
15229.0,"Pittsburgh, PA",2022-10,1,-1,0
15229.0,"Pittsburgh, PA",2022-11,0,0,1
15229.0,"Pittsburgh, PA",2022-12,-1,1,0
15232.0,"Pittsburgh, PA",2022-01,10,-10,0
15232.0,"Pittsburgh, PA",2022-02,9,-9,0
15232.0,"Pittsburgh, PA",2022-03,8,-8,0
15232.0,"Pittsburgh, PA",2022-04,7,-7,0
15232.0,"Pittsburgh, PA",2022-05,6,-6,0
15232.0,"Pittsburgh, PA",2022-06,5,-5,0
15232.0,"Pittsburgh, PA",2022-07,4,-4,0
15232.0,"Pittsburgh, PA",2022-08,3,-3,0
15232.0,"Pittsburgh, PA",2022-09,2,-2,0
15232.0,"Pittsburgh, PA",2022-10,1,-1,0
15232.0,"Pittsburgh, PA",2022-11,0,0,1
15232.0,"Pittsburgh, PA",2022-12,-1,1,0
15233.0,"Pittsburgh, PA",2022-01,10,-10,0
15233.0,"Pittsburgh, PA",2022-02,9,-9,0
15233.0,"Pittsburgh, PA",2022-03,8,-8,0
15233.0,"Pittsburgh, PA",2022-04,7,-7,0
15233.0,"Pittsburgh, PA",2022-05,6,-6,0
15233.0,"Pittsburgh, PA",2022-06,5,-5,0
15233.0,"Pittsburgh, PA",2022-07,4,-4,0
15233.0,"Pittsburgh, PA",2022-08,3,-3,0
15233.0,"Pittsburgh, PA",2022-09,2,-2,0
15233.0,"Pittsburgh, PA",2022-10,1,-1,0
15233.0,"Pittsburgh, PA",2022-11,0,0,1
15233.0,"Pittsburgh, PA",2022-12,-1,1,0
15234.0,"Pittsburgh, PA",2022-01,10,-10,0
15234.0,"Pittsburgh, PA",2022-02,9,-9,0
15234.0,"Pittsburgh, PA",2022-03,8,-8,0
15234.0,"Pittsburgh, PA",2022-04,7,-7,0
15234.0,"Pittsburgh, PA",2022-05,6,-6,0
15234.0,"Pittsburgh, PA",2022-06,5,-5,0
15234.0,"Pittsburgh, PA",2022-07,4,-4,0
15234.0,"Pittsburgh, PA",2022-08,3,-3,0
15234.0,"Pittsburgh, PA",2022-09,2,-2,0
15234.0,"Pittsburgh, PA",2022-10,1,-1,0
15234.0,"Pittsburgh, PA",2022-11,0,0,1
15234.0,"Pittsburgh, PA",2022-12,-1,1,0
15235.0,"Pittsburgh, PA",2022-01,10,-10,0
15235.0,"Pittsburgh, PA",2022-02,9,-9,0
15235.0,"Pittsburgh, PA",2022-03,8,-8,0
15235.0,"Pittsburgh, PA",2022-04,7,-7,0
15235.0,"Pittsburgh, PA",2022-05,6,-6,0
15235.0,"Pittsburgh, PA",2022-06,5,-5,0
15235.0,"Pittsburgh, PA",2022-07,4,-4,0
15235.0,"Pittsburgh, PA",2022-08,3,-3,0
15235.0,"Pittsburgh, PA",2022-09,2,-2,0
15235.0,"Pittsburgh, PA",2022-10,1,-1,0
15235.0,"Pittsburgh, PA",2022-11,0,0,1
15235.0,"Pittsburgh, PA",2022-12,-1,1,0
15236.0,"Pittsburgh, PA",2022-01,10,-10,0
15236.0,"Pittsburgh, PA",2022-02,9,-9,0
15236.0,"Pittsburgh, PA",2022-03,8,-8,0
15236.0,"Pittsburgh, PA",2022-04,7,-7,0
15236.0,"Pittsburgh, PA",2022-05,6,-6,0
15236.0,"Pittsburgh, PA",2022-06,5,-5,0
15236.0,"Pittsburgh, PA",2022-07,4,-4,0
15236.0,"Pittsburgh, PA",2022-08,3,-3,0
15236.0,"Pittsburgh, PA",2022-09,2,-2,0
15236.0,"Pittsburgh, PA",2022-10,1,-1,0
15236.0,"Pittsburgh, PA",2022-11,0,0,1
15236.0,"Pittsburgh, PA",2022-12,-1,1,0
15237.0,"Pittsburgh, PA",2022-01,10,-10,0
15237.0,"Pittsburgh, PA",2022-02,9,-9,0
15237.0,"Pittsburgh, PA",2022-03,8,-8,0
15237.0,"Pittsburgh, PA",2022-04,7,-7,0
15237.0,"Pittsburgh, PA",2022-05,6,-6,0
15237.0,"Pittsburgh, PA",2022-06,5,-5,0
15237.0,"Pittsburgh, PA",2022-07,4,-4,0
15237.0,"Pittsburgh, PA",2022-08,3,-3,0
15237.0,"Pittsburgh, PA",2022-09,2,-2,0
15237.0,"Pittsburgh, PA",2022-10,1,-1,0
15237.0,"Pittsburgh, PA",2022-11,0,0,1
15237.0,"Pittsburgh, PA",2022-12,-1,1,0
15238.0,"Pittsburgh, PA",2022-01,10,-10,0
15238.0,"Pittsburgh, PA",2022-02,9,-9,0
15238.0,"Pittsburgh, PA",2022-03,8,-8,0
15238.0,"Pittsburgh, PA",2022-04,7,-7,0
15238.0,"Pittsburgh, PA",2022-05,6,-6,0
15238.0,"Pittsburgh, PA",2022-06,5,-5,0
15238.0,"Pittsburgh, PA",2022-07,4,-4,0
15238.0,"Pittsburgh, PA",2022-08,3,-3,0
15238.0,"Pittsburgh, PA",2022-09,2,-2,0
15238.0,"Pittsburgh, PA",2022-10,1,-1,0
15238.0,"Pittsburgh, PA",2022-11,0,0,1
15238.0,"Pittsburgh, PA",2022-12,-1,1,0
15239.0,"Pittsburgh, PA",2022-01,10,-10,0
15239.0,"Pittsburgh, PA",2022-02,9,-9,0
15239.0,"Pittsburgh, PA",2022-03,8,-8,0
15239.0,"Pittsburgh, PA",2022-04,7,-7,0
15239.0,"Pittsburgh, PA",2022-05,6,-6,0
15239.0,"Pittsburgh, PA",2022-06,5,-5,0
15239.0,"Pittsburgh, PA",2022-07,4,-4,0
15239.0,"Pittsburgh, PA",2022-08,3,-3,0
15239.0,"Pittsburgh, PA",2022-09,2,-2,0
15239.0,"Pittsburgh, PA",2022-10,1,-1,0
15239.0,"Pittsburgh, PA",2022-11,0,0,1
15239.0,"Pittsburgh, PA",2022-12,-1,1,0
15241.0,"Pittsburgh, PA",2022-01,10,-10,0
15241.0,"Pittsburgh, PA",2022-02,9,-9,0
15241.0,"Pittsburgh, PA",2022-03,8,-8,0
15241.0,"Pittsburgh, PA",2022-04,7,-7,0
15241.0,"Pittsburgh, PA",2022-05,6,-6,0
15241.0,"Pittsburgh, PA",2022-06,5,-5,0
15241.0,"Pittsburgh, PA",2022-07,4,-4,0
15241.0,"Pittsburgh, PA",2022-08,3,-3,0
15241.0,"Pittsburgh, PA",2022-09,2,-2,0
15241.0,"Pittsburgh, PA",2022-10,1,-1,0
15241.0,"Pittsburgh, PA",2022-11,0,0,1
15241.0,"Pittsburgh, PA",2022-12,-1,1,0
15243.0,"Pittsburgh, PA",2022-01,10,-10,0
15243.0,"Pittsburgh, PA",2022-02,9,-9,0
15243.0,"Pittsburgh, PA",2022-03,8,-8,0
15243.0,"Pittsburgh, PA",2022-04,7,-7,0
15243.0,"Pittsburgh, PA",2022-05,6,-6,0
15243.0,"Pittsburgh, PA",2022-06,5,-5,0
15243.0,"Pittsburgh, PA",2022-07,4,-4,0
15243.0,"Pittsburgh, PA",2022-08,3,-3,0
15243.0,"Pittsburgh, PA",2022-09,2,-2,0
15243.0,"Pittsburgh, PA",2022-10,1,-1,0
15243.0,"Pittsburgh, PA",2022-11,0,0,1
15243.0,"Pittsburgh, PA",2022-12,-1,1,0
15260.0,"Pittsburgh, PA",2022-01,10,-10,0
15260.0,"Pittsburgh, PA",2022-02,9,-9,0
15260.0,"Pittsburgh, PA",2022-03,8,-8,0
15260.0,"Pittsburgh, PA",2022-04,7,-7,0
15260.0,"Pittsburgh, PA",2022-05,6,-6,0
15260.0,"Pittsburgh, PA",2022-06,5,-5,0
15260.0,"Pittsburgh, PA",2022-07,4,-4,0
15260.0,"Pittsburgh, PA",2022-08,3,-3,0
15260.0,"Pittsburgh, PA",2022-09,2,-2,0
15260.0,"Pittsburgh, PA",2022-10,1,-1,0
15260.0,"Pittsburgh, PA",2022-11,0,0,1
15260.0,"Pittsburgh, PA",2022-12,-1,1,0
15275.0,"Pittsburgh, PA",2022-01,10,-10,0
15275.0,"Pittsburgh, PA",2022-02,9,-9,0
15275.0,"Pittsburgh, PA",2022-03,8,-8,0
15275.0,"Pittsburgh, PA",2022-04,7,-7,0
15275.0,"Pittsburgh, PA",2022-05,6,-6,0
15275.0,"Pittsburgh, PA",2022-06,5,-5,0
15275.0,"Pittsburgh, PA",2022-07,4,-4,0
15275.0,"Pittsburgh, PA",2022-08,3,-3,0
15275.0,"Pittsburgh, PA",2022-09,2,-2,0
15275.0,"Pittsburgh, PA",2022-10,1,-1,0
15275.0,"Pittsburgh, PA",2022-11,0,0,1
15275.0,"Pittsburgh, PA",2022-12,-1,1,0
15282.0,"Pittsburgh, PA",2022-01,10,-10,0
15282.0,"Pittsburgh, PA",2022-02,9,-9,0
15282.0,"Pittsburgh, PA",2022-03,8,-8,0
15282.0,"Pittsburgh, PA",2022-04,7,-7,0
15282.0,"Pittsburgh, PA",2022-05,6,-6,0
15282.0,"Pittsburgh, PA",2022-06,5,-5,0
15282.0,"Pittsburgh, PA",2022-07,4,-4,0
15282.0,"Pittsburgh, PA",2022-08,3,-3,0
15282.0,"Pittsburgh, PA",2022-09,2,-2,0
15282.0,"Pittsburgh, PA",2022-10,1,-1,0
15282.0,"Pittsburgh, PA",2022-11,0,0,1
15282.0,"Pittsburgh, PA",2022-12,-1,1,0
15290.0,"Pittsburgh, PA",2022-01,10,-10,0
15290.0,"Pittsburgh, PA",2022-02,9,-9,0
15290.0,"Pittsburgh, PA",2022-03,8,-8,0
15290.0,"Pittsburgh, PA",2022-04,7,-7,0
15290.0,"Pittsburgh, PA",2022-05,6,-6,0
15290.0,"Pittsburgh, PA",2022-06,5,-5,0
15290.0,"Pittsburgh, PA",2022-07,4,-4,0
15290.0,"Pittsburgh, PA",2022-08,3,-3,0
15290.0,"Pittsburgh, PA",2022-09,2,-2,0
15290.0,"Pittsburgh, PA",2022-10,1,-1,0
15290.0,"Pittsburgh, PA",2022-11,0,0,1
15290.0,"Pittsburgh, PA",2022-12,-1,1,0
15301.0,"Washington, PA",2022-01,10,-10,0
15301.0,"Washington, PA",2022-02,9,-9,0
15301.0,"Washington, PA",2022-03,8,-8,0
15301.0,"Washington, PA",2022-04,7,-7,0
15301.0,"Washington, PA",2022-05,6,-6,0
15301.0,"Washington, PA",2022-06,5,-5,0
15301.0,"Washington, PA",2022-07,4,-4,0
15301.0,"Washington, PA",2022-08,3,-3,0
15301.0,"Washington, PA",2022-09,2,-2,0
15301.0,"Washington, PA",2022-10,1,-1,0
15301.0,"Washington, PA",2022-11,0,0,1
15301.0,"Washington, PA",2022-12,-1,1,0
15310.0,"Aleppo, PA",2022-01,10,-10,0
15310.0,"Aleppo, PA",2022-02,9,-9,0
15310.0,"Aleppo, PA",2022-03,8,-8,0
15310.0,"Aleppo, PA",2022-04,7,-7,0
15310.0,"Aleppo, PA",2022-05,6,-6,0
15310.0,"Aleppo, PA",2022-06,5,-5,0
15310.0,"Aleppo, PA",2022-07,4,-4,0
15310.0,"Aleppo, PA",2022-08,3,-3,0
15310.0,"Aleppo, PA",2022-09,2,-2,0
15310.0,"Aleppo, PA",2022-10,1,-1,0
15310.0,"Aleppo, PA",2022-11,0,0,1
15310.0,"Aleppo, PA",2022-12,-1,1,0
15311.0,"Amity, PA",2022-01,10,-10,0
15311.0,"Amity, PA",2022-02,9,-9,0
15311.0,"Amity, PA",2022-03,8,-8,0
15311.0,"Amity, PA",2022-04,7,-7,0
15311.0,"Amity, PA",2022-05,6,-6,0
15311.0,"Amity, PA",2022-06,5,-5,0
15311.0,"Amity, PA",2022-07,4,-4,0
15311.0,"Amity, PA",2022-08,3,-3,0
15311.0,"Amity, PA",2022-09,2,-2,0
15311.0,"Amity, PA",2022-10,1,-1,0
15311.0,"Amity, PA",2022-11,0,0,1
15311.0,"Amity, PA",2022-12,-1,1,0
15312.0,"Avella, PA",2022-01,10,-10,0
15312.0,"Avella, PA",2022-02,9,-9,0
15312.0,"Avella, PA",2022-03,8,-8,0
15312.0,"Avella, PA",2022-04,7,-7,0
15312.0,"Avella, PA",2022-05,6,-6,0
15312.0,"Avella, PA",2022-06,5,-5,0
15312.0,"Avella, PA",2022-07,4,-4,0
15312.0,"Avella, PA",2022-08,3,-3,0
15312.0,"Avella, PA",2022-09,2,-2,0
15312.0,"Avella, PA",2022-10,1,-1,0
15312.0,"Avella, PA",2022-11,0,0,1
15312.0,"Avella, PA",2022-12,-1,1,0
15313.0,"Beallsville, PA",2022-01,10,-10,0
15313.0,"Beallsville, PA",2022-02,9,-9,0
15313.0,"Beallsville, PA",2022-03,8,-8,0
15313.0,"Beallsville, PA",2022-04,7,-7,0
15313.0,"Beallsville, PA",2022-05,6,-6,0
15313.0,"Beallsville, PA",2022-06,5,-5,0
15313.0,"Beallsville, PA",2022-07,4,-4,0
15313.0,"Beallsville, PA",2022-08,3,-3,0
15313.0,"Beallsville, PA",2022-09,2,-2,0
15313.0,"Beallsville, PA",2022-10,1,-1,0
15313.0,"Beallsville, PA",2022-11,0,0,1
15313.0,"Beallsville, PA",2022-12,-1,1,0
15314.0,"Bentleyville, PA",2022-01,10,-10,0
15314.0,"Bentleyville, PA",2022-02,9,-9,0
15314.0,"Bentleyville, PA",2022-03,8,-8,0
15314.0,"Bentleyville, PA",2022-04,7,-7,0
15314.0,"Bentleyville, PA",2022-05,6,-6,0
15314.0,"Bentleyville, PA",2022-06,5,-5,0
15314.0,"Bentleyville, PA",2022-07,4,-4,0
15314.0,"Bentleyville, PA",2022-08,3,-3,0
15314.0,"Bentleyville, PA",2022-09,2,-2,0
15314.0,"Bentleyville, PA",2022-10,1,-1,0
15314.0,"Bentleyville, PA",2022-11,0,0,1
15314.0,"Bentleyville, PA",2022-12,-1,1,0
15315.0,"Bobtown, PA",2022-01,10,-10,0
15315.0,"Bobtown, PA",2022-02,9,-9,0
15315.0,"Bobtown, PA",2022-03,8,-8,0
15315.0,"Bobtown, PA",2022-04,7,-7,0
15315.0,"Bobtown, PA",2022-05,6,-6,0
15315.0,"Bobtown, PA",2022-06,5,-5,0
15315.0,"Bobtown, PA",2022-07,4,-4,0
15315.0,"Bobtown, PA",2022-08,3,-3,0
15315.0,"Bobtown, PA",2022-09,2,-2,0
15315.0,"Bobtown, PA",2022-10,1,-1,0
15315.0,"Bobtown, PA",2022-11,0,0,1
15315.0,"Bobtown, PA",2022-12,-1,1,0
15316.0,"Brave, PA",2022-01,10,-10,0
15316.0,"Brave, PA",2022-02,9,-9,0
15316.0,"Brave, PA",2022-03,8,-8,0
15316.0,"Brave, PA",2022-04,7,-7,0
15316.0,"Brave, PA",2022-05,6,-6,0
15316.0,"Brave, PA",2022-06,5,-5,0
15316.0,"Brave, PA",2022-07,4,-4,0
15316.0,"Brave, PA",2022-08,3,-3,0
15316.0,"Brave, PA",2022-09,2,-2,0
15316.0,"Brave, PA",2022-10,1,-1,0
15316.0,"Brave, PA",2022-11,0,0,1
15316.0,"Brave, PA",2022-12,-1,1,0
15317.0,"Canonsburg, PA",2022-01,10,-10,0
15317.0,"Canonsburg, PA",2022-02,9,-9,0
15317.0,"Canonsburg, PA",2022-03,8,-8,0
15317.0,"Canonsburg, PA",2022-04,7,-7,0
15317.0,"Canonsburg, PA",2022-05,6,-6,0
15317.0,"Canonsburg, PA",2022-06,5,-5,0
15317.0,"Canonsburg, PA",2022-07,4,-4,0
15317.0,"Canonsburg, PA",2022-08,3,-3,0
15317.0,"Canonsburg, PA",2022-09,2,-2,0
15317.0,"Canonsburg, PA",2022-10,1,-1,0
15317.0,"Canonsburg, PA",2022-11,0,0,1
15317.0,"Canonsburg, PA",2022-12,-1,1,0
15320.0,"Carmichaels, PA",2022-01,10,-10,0
15320.0,"Carmichaels, PA",2022-02,9,-9,0
15320.0,"Carmichaels, PA",2022-03,8,-8,0
15320.0,"Carmichaels, PA",2022-04,7,-7,0
15320.0,"Carmichaels, PA",2022-05,6,-6,0
15320.0,"Carmichaels, PA",2022-06,5,-5,0
15320.0,"Carmichaels, PA",2022-07,4,-4,0
15320.0,"Carmichaels, PA",2022-08,3,-3,0
15320.0,"Carmichaels, PA",2022-09,2,-2,0
15320.0,"Carmichaels, PA",2022-10,1,-1,0
15320.0,"Carmichaels, PA",2022-11,0,0,1
15320.0,"Carmichaels, PA",2022-12,-1,1,0
15321.0,"Cecil, PA",2022-01,10,-10,0
15321.0,"Cecil, PA",2022-02,9,-9,0
15321.0,"Cecil, PA",2022-03,8,-8,0
15321.0,"Cecil, PA",2022-04,7,-7,0
15321.0,"Cecil, PA",2022-05,6,-6,0
15321.0,"Cecil, PA",2022-06,5,-5,0
15321.0,"Cecil, PA",2022-07,4,-4,0
15321.0,"Cecil, PA",2022-08,3,-3,0
15321.0,"Cecil, PA",2022-09,2,-2,0
15321.0,"Cecil, PA",2022-10,1,-1,0
15321.0,"Cecil, PA",2022-11,0,0,1
15321.0,"Cecil, PA",2022-12,-1,1,0
15322.0,"Clarksville, PA",2022-01,10,-10,0
15322.0,"Clarksville, PA",2022-02,9,-9,0
15322.0,"Clarksville, PA",2022-03,8,-8,0
15322.0,"Clarksville, PA",2022-04,7,-7,0
15322.0,"Clarksville, PA",2022-05,6,-6,0
15322.0,"Clarksville, PA",2022-06,5,-5,0
15322.0,"Clarksville, PA",2022-07,4,-4,0
15322.0,"Clarksville, PA",2022-08,3,-3,0
15322.0,"Clarksville, PA",2022-09,2,-2,0
15322.0,"Clarksville, PA",2022-10,1,-1,0
15322.0,"Clarksville, PA",2022-11,0,0,1
15322.0,"Clarksville, PA",2022-12,-1,1,0
15323.0,"Claysville, PA",2022-01,10,-10,0
15323.0,"Claysville, PA",2022-02,9,-9,0
15323.0,"Claysville, PA",2022-03,8,-8,0
15323.0,"Claysville, PA",2022-04,7,-7,0
15323.0,"Claysville, PA",2022-05,6,-6,0
15323.0,"Claysville, PA",2022-06,5,-5,0
15323.0,"Claysville, PA",2022-07,4,-4,0
15323.0,"Claysville, PA",2022-08,3,-3,0
15323.0,"Claysville, PA",2022-09,2,-2,0
15323.0,"Claysville, PA",2022-10,1,-1,0
15323.0,"Claysville, PA",2022-11,0,0,1
15323.0,"Claysville, PA",2022-12,-1,1,0
15324.0,"Cokeburg, PA",2022-01,10,-10,0
15324.0,"Cokeburg, PA",2022-02,9,-9,0
15324.0,"Cokeburg, PA",2022-03,8,-8,0
15324.0,"Cokeburg, PA",2022-04,7,-7,0
15324.0,"Cokeburg, PA",2022-05,6,-6,0
15324.0,"Cokeburg, PA",2022-06,5,-5,0
15324.0,"Cokeburg, PA",2022-07,4,-4,0
15324.0,"Cokeburg, PA",2022-08,3,-3,0
15324.0,"Cokeburg, PA",2022-09,2,-2,0
15324.0,"Cokeburg, PA",2022-10,1,-1,0
15324.0,"Cokeburg, PA",2022-11,0,0,1
15324.0,"Cokeburg, PA",2022-12,-1,1,0
15325.0,"Crucible, PA",2022-01,10,-10,0
15325.0,"Crucible, PA",2022-02,9,-9,0
15325.0,"Crucible, PA",2022-03,8,-8,0
15325.0,"Crucible, PA",2022-04,7,-7,0
15325.0,"Crucible, PA",2022-05,6,-6,0
15325.0,"Crucible, PA",2022-06,5,-5,0
15325.0,"Crucible, PA",2022-07,4,-4,0
15325.0,"Crucible, PA",2022-08,3,-3,0
15325.0,"Crucible, PA",2022-09,2,-2,0
15325.0,"Crucible, PA",2022-10,1,-1,0
15325.0,"Crucible, PA",2022-11,0,0,1
15325.0,"Crucible, PA",2022-12,-1,1,0
15327.0,"Dilliner, PA",2022-01,10,-10,0
15327.0,"Dilliner, PA",2022-02,9,-9,0
15327.0,"Dilliner, PA",2022-03,8,-8,0
15327.0,"Dilliner, PA",2022-04,7,-7,0
15327.0,"Dilliner, PA",2022-05,6,-6,0
15327.0,"Dilliner, PA",2022-06,5,-5,0
15327.0,"Dilliner, PA",2022-07,4,-4,0
15327.0,"Dilliner, PA",2022-08,3,-3,0
15327.0,"Dilliner, PA",2022-09,2,-2,0
15327.0,"Dilliner, PA",2022-10,1,-1,0
15327.0,"Dilliner, PA",2022-11,0,0,1
15327.0,"Dilliner, PA",2022-12,-1,1,0
15329.0,"Prosperity, PA",2022-01,10,-10,0
15329.0,"Prosperity, PA",2022-02,9,-9,0
15329.0,"Prosperity, PA",2022-03,8,-8,0
15329.0,"Prosperity, PA",2022-04,7,-7,0
15329.0,"Prosperity, PA",2022-05,6,-6,0
15329.0,"Prosperity, PA",2022-06,5,-5,0
15329.0,"Prosperity, PA",2022-07,4,-4,0
15329.0,"Prosperity, PA",2022-08,3,-3,0
15329.0,"Prosperity, PA",2022-09,2,-2,0
15329.0,"Prosperity, PA",2022-10,1,-1,0
15329.0,"Prosperity, PA",2022-11,0,0,1
15329.0,"Prosperity, PA",2022-12,-1,1,0
15330.0,"Eighty Four, PA",2022-01,10,-10,0
15330.0,"Eighty Four, PA",2022-02,9,-9,0
15330.0,"Eighty Four, PA",2022-03,8,-8,0
15330.0,"Eighty Four, PA",2022-04,7,-7,0
15330.0,"Eighty Four, PA",2022-05,6,-6,0
15330.0,"Eighty Four, PA",2022-06,5,-5,0
15330.0,"Eighty Four, PA",2022-07,4,-4,0
15330.0,"Eighty Four, PA",2022-08,3,-3,0
15330.0,"Eighty Four, PA",2022-09,2,-2,0
15330.0,"Eighty Four, PA",2022-10,1,-1,0
15330.0,"Eighty Four, PA",2022-11,0,0,1
15330.0,"Eighty Four, PA",2022-12,-1,1,0
15331.0,"Ellsworth, PA",2022-01,10,-10,0
15331.0,"Ellsworth, PA",2022-02,9,-9,0
15331.0,"Ellsworth, PA",2022-03,8,-8,0
15331.0,"Ellsworth, PA",2022-04,7,-7,0
15331.0,"Ellsworth, PA",2022-05,6,-6,0
15331.0,"Ellsworth, PA",2022-06,5,-5,0
15331.0,"Ellsworth, PA",2022-07,4,-4,0
15331.0,"Ellsworth, PA",2022-08,3,-3,0
15331.0,"Ellsworth, PA",2022-09,2,-2,0
15331.0,"Ellsworth, PA",2022-10,1,-1,0
15331.0,"Ellsworth, PA",2022-11,0,0,1
15331.0,"Ellsworth, PA",2022-12,-1,1,0
15332.0,"Finleyville, PA",2022-01,10,-10,0
15332.0,"Finleyville, PA",2022-02,9,-9,0
15332.0,"Finleyville, PA",2022-03,8,-8,0
15332.0,"Finleyville, PA",2022-04,7,-7,0
15332.0,"Finleyville, PA",2022-05,6,-6,0
15332.0,"Finleyville, PA",2022-06,5,-5,0
15332.0,"Finleyville, PA",2022-07,4,-4,0
15332.0,"Finleyville, PA",2022-08,3,-3,0
15332.0,"Finleyville, PA",2022-09,2,-2,0
15332.0,"Finleyville, PA",2022-10,1,-1,0
15332.0,"Finleyville, PA",2022-11,0,0,1
15332.0,"Finleyville, PA",2022-12,-1,1,0
15333.0,"Fredericktown, PA",2022-01,10,-10,0
15333.0,"Fredericktown, PA",2022-02,9,-9,0
15333.0,"Fredericktown, PA",2022-03,8,-8,0
15333.0,"Fredericktown, PA",2022-04,7,-7,0
15333.0,"Fredericktown, PA",2022-05,6,-6,0
15333.0,"Fredericktown, PA",2022-06,5,-5,0
15333.0,"Fredericktown, PA",2022-07,4,-4,0
15333.0,"Fredericktown, PA",2022-08,3,-3,0
15333.0,"Fredericktown, PA",2022-09,2,-2,0
15333.0,"Fredericktown, PA",2022-10,1,-1,0
15333.0,"Fredericktown, PA",2022-11,0,0,1
15333.0,"Fredericktown, PA",2022-12,-1,1,0
15334.0,"Garards Fort, PA",2022-01,10,-10,0
15334.0,"Garards Fort, PA",2022-02,9,-9,0
15334.0,"Garards Fort, PA",2022-03,8,-8,0
15334.0,"Garards Fort, PA",2022-04,7,-7,0
15334.0,"Garards Fort, PA",2022-05,6,-6,0
15334.0,"Garards Fort, PA",2022-06,5,-5,0
15334.0,"Garards Fort, PA",2022-07,4,-4,0
15334.0,"Garards Fort, PA",2022-08,3,-3,0
15334.0,"Garards Fort, PA",2022-09,2,-2,0
15334.0,"Garards Fort, PA",2022-10,1,-1,0
15334.0,"Garards Fort, PA",2022-11,0,0,1
15334.0,"Garards Fort, PA",2022-12,-1,1,0
15337.0,"Graysville, PA",2022-01,10,-10,0
15337.0,"Graysville, PA",2022-02,9,-9,0
15337.0,"Graysville, PA",2022-03,8,-8,0
15337.0,"Graysville, PA",2022-04,7,-7,0
15337.0,"Graysville, PA",2022-05,6,-6,0
15337.0,"Graysville, PA",2022-06,5,-5,0
15337.0,"Graysville, PA",2022-07,4,-4,0
15337.0,"Graysville, PA",2022-08,3,-3,0
15337.0,"Graysville, PA",2022-09,2,-2,0
15337.0,"Graysville, PA",2022-10,1,-1,0
15337.0,"Graysville, PA",2022-11,0,0,1
15337.0,"Graysville, PA",2022-12,-1,1,0
15338.0,"Greensboro, PA",2022-01,10,-10,0
15338.0,"Greensboro, PA",2022-02,9,-9,0
15338.0,"Greensboro, PA",2022-03,8,-8,0
15338.0,"Greensboro, PA",2022-04,7,-7,0
15338.0,"Greensboro, PA",2022-05,6,-6,0
15338.0,"Greensboro, PA",2022-06,5,-5,0
15338.0,"Greensboro, PA",2022-07,4,-4,0
15338.0,"Greensboro, PA",2022-08,3,-3,0
15338.0,"Greensboro, PA",2022-09,2,-2,0
15338.0,"Greensboro, PA",2022-10,1,-1,0
15338.0,"Greensboro, PA",2022-11,0,0,1
15338.0,"Greensboro, PA",2022-12,-1,1,0
15340.0,"Hickory, PA",2022-01,10,-10,0
15340.0,"Hickory, PA",2022-02,9,-9,0
15340.0,"Hickory, PA",2022-03,8,-8,0
15340.0,"Hickory, PA",2022-04,7,-7,0
15340.0,"Hickory, PA",2022-05,6,-6,0
15340.0,"Hickory, PA",2022-06,5,-5,0
15340.0,"Hickory, PA",2022-07,4,-4,0
15340.0,"Hickory, PA",2022-08,3,-3,0
15340.0,"Hickory, PA",2022-09,2,-2,0
15340.0,"Hickory, PA",2022-10,1,-1,0
15340.0,"Hickory, PA",2022-11,0,0,1
15340.0,"Hickory, PA",2022-12,-1,1,0
15341.0,"Holbrook, PA",2022-01,10,-10,0
15341.0,"Holbrook, PA",2022-02,9,-9,0
15341.0,"Holbrook, PA",2022-03,8,-8,0
15341.0,"Holbrook, PA",2022-04,7,-7,0
15341.0,"Holbrook, PA",2022-05,6,-6,0
15341.0,"Holbrook, PA",2022-06,5,-5,0
15341.0,"Holbrook, PA",2022-07,4,-4,0
15341.0,"Holbrook, PA",2022-08,3,-3,0
15341.0,"Holbrook, PA",2022-09,2,-2,0
15341.0,"Holbrook, PA",2022-10,1,-1,0
15341.0,"Holbrook, PA",2022-11,0,0,1
15341.0,"Holbrook, PA",2022-12,-1,1,0
15342.0,"Houston, PA",2022-01,10,-10,0
15342.0,"Houston, PA",2022-02,9,-9,0
15342.0,"Houston, PA",2022-03,8,-8,0
15342.0,"Houston, PA",2022-04,7,-7,0
15342.0,"Houston, PA",2022-05,6,-6,0
15342.0,"Houston, PA",2022-06,5,-5,0
15342.0,"Houston, PA",2022-07,4,-4,0
15342.0,"Houston, PA",2022-08,3,-3,0
15342.0,"Houston, PA",2022-09,2,-2,0
15342.0,"Houston, PA",2022-10,1,-1,0
15342.0,"Houston, PA",2022-11,0,0,1
15342.0,"Houston, PA",2022-12,-1,1,0
15344.0,"Jefferson, PA",2022-01,10,-10,0
15344.0,"Jefferson, PA",2022-02,9,-9,0
15344.0,"Jefferson, PA",2022-03,8,-8,0
15344.0,"Jefferson, PA",2022-04,7,-7,0
15344.0,"Jefferson, PA",2022-05,6,-6,0
15344.0,"Jefferson, PA",2022-06,5,-5,0
15344.0,"Jefferson, PA",2022-07,4,-4,0
15344.0,"Jefferson, PA",2022-08,3,-3,0
15344.0,"Jefferson, PA",2022-09,2,-2,0
15344.0,"Jefferson, PA",2022-10,1,-1,0
15344.0,"Jefferson, PA",2022-11,0,0,1
15344.0,"Jefferson, PA",2022-12,-1,1,0
15345.0,"Marianna, PA",2022-01,10,-10,0
15345.0,"Marianna, PA",2022-02,9,-9,0
15345.0,"Marianna, PA",2022-03,8,-8,0
15345.0,"Marianna, PA",2022-04,7,-7,0
15345.0,"Marianna, PA",2022-05,6,-6,0
15345.0,"Marianna, PA",2022-06,5,-5,0
15345.0,"Marianna, PA",2022-07,4,-4,0
15345.0,"Marianna, PA",2022-08,3,-3,0
15345.0,"Marianna, PA",2022-09,2,-2,0
15345.0,"Marianna, PA",2022-10,1,-1,0
15345.0,"Marianna, PA",2022-11,0,0,1
15345.0,"Marianna, PA",2022-12,-1,1,0
15346.0,"Mather, PA",2022-01,10,-10,0
15346.0,"Mather, PA",2022-02,9,-9,0
15346.0,"Mather, PA",2022-03,8,-8,0
15346.0,"Mather, PA",2022-04,7,-7,0
15346.0,"Mather, PA",2022-05,6,-6,0
15346.0,"Mather, PA",2022-06,5,-5,0
15346.0,"Mather, PA",2022-07,4,-4,0
15346.0,"Mather, PA",2022-08,3,-3,0
15346.0,"Mather, PA",2022-09,2,-2,0
15346.0,"Mather, PA",2022-10,1,-1,0
15346.0,"Mather, PA",2022-11,0,0,1
15346.0,"Mather, PA",2022-12,-1,1,0
15347.0,"Meadow Lands, PA",2022-01,10,-10,0
15347.0,"Meadow Lands, PA",2022-02,9,-9,0
15347.0,"Meadow Lands, PA",2022-03,8,-8,0
15347.0,"Meadow Lands, PA",2022-04,7,-7,0
15347.0,"Meadow Lands, PA",2022-05,6,-6,0
15347.0,"Meadow Lands, PA",2022-06,5,-5,0
15347.0,"Meadow Lands, PA",2022-07,4,-4,0
15347.0,"Meadow Lands, PA",2022-08,3,-3,0
15347.0,"Meadow Lands, PA",2022-09,2,-2,0
15347.0,"Meadow Lands, PA",2022-10,1,-1,0
15347.0,"Meadow Lands, PA",2022-11,0,0,1
15347.0,"Meadow Lands, PA",2022-12,-1,1,0
15348.0,"Millsboro, PA",2022-01,10,-10,0
15348.0,"Millsboro, PA",2022-02,9,-9,0
15348.0,"Millsboro, PA",2022-03,8,-8,0
15348.0,"Millsboro, PA",2022-04,7,-7,0
15348.0,"Millsboro, PA",2022-05,6,-6,0
15348.0,"Millsboro, PA",2022-06,5,-5,0
15348.0,"Millsboro, PA",2022-07,4,-4,0
15348.0,"Millsboro, PA",2022-08,3,-3,0
15348.0,"Millsboro, PA",2022-09,2,-2,0
15348.0,"Millsboro, PA",2022-10,1,-1,0
15348.0,"Millsboro, PA",2022-11,0,0,1
15348.0,"Millsboro, PA",2022-12,-1,1,0
15349.0,"Mount Morris, PA",2022-01,10,-10,0
15349.0,"Mount Morris, PA",2022-02,9,-9,0
15349.0,"Mount Morris, PA",2022-03,8,-8,0
15349.0,"Mount Morris, PA",2022-04,7,-7,0
15349.0,"Mount Morris, PA",2022-05,6,-6,0
15349.0,"Mount Morris, PA",2022-06,5,-5,0
15349.0,"Mount Morris, PA",2022-07,4,-4,0
15349.0,"Mount Morris, PA",2022-08,3,-3,0
15349.0,"Mount Morris, PA",2022-09,2,-2,0
15349.0,"Mount Morris, PA",2022-10,1,-1,0
15349.0,"Mount Morris, PA",2022-11,0,0,1
15349.0,"Mount Morris, PA",2022-12,-1,1,0
15350.0,"Muse, PA",2022-01,10,-10,0
15350.0,"Muse, PA",2022-02,9,-9,0
15350.0,"Muse, PA",2022-03,8,-8,0
15350.0,"Muse, PA",2022-04,7,-7,0
15350.0,"Muse, PA",2022-05,6,-6,0
15350.0,"Muse, PA",2022-06,5,-5,0
15350.0,"Muse, PA",2022-07,4,-4,0
15350.0,"Muse, PA",2022-08,3,-3,0
15350.0,"Muse, PA",2022-09,2,-2,0
15350.0,"Muse, PA",2022-10,1,-1,0
15350.0,"Muse, PA",2022-11,0,0,1
15350.0,"Muse, PA",2022-12,-1,1,0
15351.0,"Nemacolin, PA",2022-01,10,-10,0
15351.0,"Nemacolin, PA",2022-02,9,-9,0
15351.0,"Nemacolin, PA",2022-03,8,-8,0
15351.0,"Nemacolin, PA",2022-04,7,-7,0
15351.0,"Nemacolin, PA",2022-05,6,-6,0
15351.0,"Nemacolin, PA",2022-06,5,-5,0
15351.0,"Nemacolin, PA",2022-07,4,-4,0
15351.0,"Nemacolin, PA",2022-08,3,-3,0
15351.0,"Nemacolin, PA",2022-09,2,-2,0
15351.0,"Nemacolin, PA",2022-10,1,-1,0
15351.0,"Nemacolin, PA",2022-11,0,0,1
15351.0,"Nemacolin, PA",2022-12,-1,1,0
15352.0,"New Freeport, PA",2022-01,10,-10,0
15352.0,"New Freeport, PA",2022-02,9,-9,0
15352.0,"New Freeport, PA",2022-03,8,-8,0
15352.0,"New Freeport, PA",2022-04,7,-7,0
15352.0,"New Freeport, PA",2022-05,6,-6,0
15352.0,"New Freeport, PA",2022-06,5,-5,0
15352.0,"New Freeport, PA",2022-07,4,-4,0
15352.0,"New Freeport, PA",2022-08,3,-3,0
15352.0,"New Freeport, PA",2022-09,2,-2,0
15352.0,"New Freeport, PA",2022-10,1,-1,0
15352.0,"New Freeport, PA",2022-11,0,0,1
15352.0,"New Freeport, PA",2022-12,-1,1,0
15353.0,"Nineveh, PA",2022-01,10,-10,0
15353.0,"Nineveh, PA",2022-02,9,-9,0
15353.0,"Nineveh, PA",2022-03,8,-8,0
15353.0,"Nineveh, PA",2022-04,7,-7,0
15353.0,"Nineveh, PA",2022-05,6,-6,0
15353.0,"Nineveh, PA",2022-06,5,-5,0
15353.0,"Nineveh, PA",2022-07,4,-4,0
15353.0,"Nineveh, PA",2022-08,3,-3,0
15353.0,"Nineveh, PA",2022-09,2,-2,0
15353.0,"Nineveh, PA",2022-10,1,-1,0
15353.0,"Nineveh, PA",2022-11,0,0,1
15353.0,"Nineveh, PA",2022-12,-1,1,0
15357.0,"Rices Landing, PA",2022-01,10,-10,0
15357.0,"Rices Landing, PA",2022-02,9,-9,0
15357.0,"Rices Landing, PA",2022-03,8,-8,0
15357.0,"Rices Landing, PA",2022-04,7,-7,0
15357.0,"Rices Landing, PA",2022-05,6,-6,0
15357.0,"Rices Landing, PA",2022-06,5,-5,0
15357.0,"Rices Landing, PA",2022-07,4,-4,0
15357.0,"Rices Landing, PA",2022-08,3,-3,0
15357.0,"Rices Landing, PA",2022-09,2,-2,0
15357.0,"Rices Landing, PA",2022-10,1,-1,0
15357.0,"Rices Landing, PA",2022-11,0,0,1
15357.0,"Rices Landing, PA",2022-12,-1,1,0
15358.0,"Richeyville, PA",2022-01,10,-10,0
15358.0,"Richeyville, PA",2022-02,9,-9,0
15358.0,"Richeyville, PA",2022-03,8,-8,0
15358.0,"Richeyville, PA",2022-04,7,-7,0
15358.0,"Richeyville, PA",2022-05,6,-6,0
15358.0,"Richeyville, PA",2022-06,5,-5,0
15358.0,"Richeyville, PA",2022-07,4,-4,0
15358.0,"Richeyville, PA",2022-08,3,-3,0
15358.0,"Richeyville, PA",2022-09,2,-2,0
15358.0,"Richeyville, PA",2022-10,1,-1,0
15358.0,"Richeyville, PA",2022-11,0,0,1
15358.0,"Richeyville, PA",2022-12,-1,1,0
15359.0,"Rogersville, PA",2022-01,10,-10,0
15359.0,"Rogersville, PA",2022-02,9,-9,0
15359.0,"Rogersville, PA",2022-03,8,-8,0
15359.0,"Rogersville, PA",2022-04,7,-7,0
15359.0,"Rogersville, PA",2022-05,6,-6,0
15359.0,"Rogersville, PA",2022-06,5,-5,0
15359.0,"Rogersville, PA",2022-07,4,-4,0
15359.0,"Rogersville, PA",2022-08,3,-3,0
15359.0,"Rogersville, PA",2022-09,2,-2,0
15359.0,"Rogersville, PA",2022-10,1,-1,0
15359.0,"Rogersville, PA",2022-11,0,0,1
15359.0,"Rogersville, PA",2022-12,-1,1,0
15360.0,"Scenery Hill, PA",2022-01,10,-10,0
15360.0,"Scenery Hill, PA",2022-02,9,-9,0
15360.0,"Scenery Hill, PA",2022-03,8,-8,0
15360.0,"Scenery Hill, PA",2022-04,7,-7,0
15360.0,"Scenery Hill, PA",2022-05,6,-6,0
15360.0,"Scenery Hill, PA",2022-06,5,-5,0
15360.0,"Scenery Hill, PA",2022-07,4,-4,0
15360.0,"Scenery Hill, PA",2022-08,3,-3,0
15360.0,"Scenery Hill, PA",2022-09,2,-2,0
15360.0,"Scenery Hill, PA",2022-10,1,-1,0
15360.0,"Scenery Hill, PA",2022-11,0,0,1
15360.0,"Scenery Hill, PA",2022-12,-1,1,0
15361.0,"Southview, PA",2022-01,10,-10,0
15361.0,"Southview, PA",2022-02,9,-9,0
15361.0,"Southview, PA",2022-03,8,-8,0
15361.0,"Southview, PA",2022-04,7,-7,0
15361.0,"Southview, PA",2022-05,6,-6,0
15361.0,"Southview, PA",2022-06,5,-5,0
15361.0,"Southview, PA",2022-07,4,-4,0
15361.0,"Southview, PA",2022-08,3,-3,0
15361.0,"Southview, PA",2022-09,2,-2,0
15361.0,"Southview, PA",2022-10,1,-1,0
15361.0,"Southview, PA",2022-11,0,0,1
15361.0,"Southview, PA",2022-12,-1,1,0
15362.0,"Spraggs, PA",2022-01,10,-10,0
15362.0,"Spraggs, PA",2022-02,9,-9,0
15362.0,"Spraggs, PA",2022-03,8,-8,0
15362.0,"Spraggs, PA",2022-04,7,-7,0
15362.0,"Spraggs, PA",2022-05,6,-6,0
15362.0,"Spraggs, PA",2022-06,5,-5,0
15362.0,"Spraggs, PA",2022-07,4,-4,0
15362.0,"Spraggs, PA",2022-08,3,-3,0
15362.0,"Spraggs, PA",2022-09,2,-2,0
15362.0,"Spraggs, PA",2022-10,1,-1,0
15362.0,"Spraggs, PA",2022-11,0,0,1
15362.0,"Spraggs, PA",2022-12,-1,1,0
15363.0,"Strabane, PA",2022-01,10,-10,0
15363.0,"Strabane, PA",2022-02,9,-9,0
15363.0,"Strabane, PA",2022-03,8,-8,0
15363.0,"Strabane, PA",2022-04,7,-7,0
15363.0,"Strabane, PA",2022-05,6,-6,0
15363.0,"Strabane, PA",2022-06,5,-5,0
15363.0,"Strabane, PA",2022-07,4,-4,0
15363.0,"Strabane, PA",2022-08,3,-3,0
15363.0,"Strabane, PA",2022-09,2,-2,0
15363.0,"Strabane, PA",2022-10,1,-1,0
15363.0,"Strabane, PA",2022-11,0,0,1
15363.0,"Strabane, PA",2022-12,-1,1,0
15364.0,"Sycamore, PA",2022-01,10,-10,0
15364.0,"Sycamore, PA",2022-02,9,-9,0
15364.0,"Sycamore, PA",2022-03,8,-8,0
15364.0,"Sycamore, PA",2022-04,7,-7,0
15364.0,"Sycamore, PA",2022-05,6,-6,0
15364.0,"Sycamore, PA",2022-06,5,-5,0
15364.0,"Sycamore, PA",2022-07,4,-4,0
15364.0,"Sycamore, PA",2022-08,3,-3,0
15364.0,"Sycamore, PA",2022-09,2,-2,0
15364.0,"Sycamore, PA",2022-10,1,-1,0
15364.0,"Sycamore, PA",2022-11,0,0,1
15364.0,"Sycamore, PA",2022-12,-1,1,0
15365.0,"Taylorstown, PA",2022-01,10,-10,0
15365.0,"Taylorstown, PA",2022-02,9,-9,0
15365.0,"Taylorstown, PA",2022-03,8,-8,0
15365.0,"Taylorstown, PA",2022-04,7,-7,0
15365.0,"Taylorstown, PA",2022-05,6,-6,0
15365.0,"Taylorstown, PA",2022-06,5,-5,0
15365.0,"Taylorstown, PA",2022-07,4,-4,0
15365.0,"Taylorstown, PA",2022-08,3,-3,0
15365.0,"Taylorstown, PA",2022-09,2,-2,0
15365.0,"Taylorstown, PA",2022-10,1,-1,0
15365.0,"Taylorstown, PA",2022-11,0,0,1
15365.0,"Taylorstown, PA",2022-12,-1,1,0
15366.0,"Van Voorhis, PA",2022-01,10,-10,0
15366.0,"Van Voorhis, PA",2022-02,9,-9,0
15366.0,"Van Voorhis, PA",2022-03,8,-8,0
15366.0,"Van Voorhis, PA",2022-04,7,-7,0
15366.0,"Van Voorhis, PA",2022-05,6,-6,0
15366.0,"Van Voorhis, PA",2022-06,5,-5,0
15366.0,"Van Voorhis, PA",2022-07,4,-4,0
15366.0,"Van Voorhis, PA",2022-08,3,-3,0
15366.0,"Van Voorhis, PA",2022-09,2,-2,0
15366.0,"Van Voorhis, PA",2022-10,1,-1,0
15366.0,"Van Voorhis, PA",2022-11,0,0,1
15366.0,"Van Voorhis, PA",2022-12,-1,1,0
15367.0,"Venetia, PA",2022-01,10,-10,0
15367.0,"Venetia, PA",2022-02,9,-9,0
15367.0,"Venetia, PA",2022-03,8,-8,0
15367.0,"Venetia, PA",2022-04,7,-7,0
15367.0,"Venetia, PA",2022-05,6,-6,0
15367.0,"Venetia, PA",2022-06,5,-5,0
15367.0,"Venetia, PA",2022-07,4,-4,0
15367.0,"Venetia, PA",2022-08,3,-3,0
15367.0,"Venetia, PA",2022-09,2,-2,0
15367.0,"Venetia, PA",2022-10,1,-1,0
15367.0,"Venetia, PA",2022-11,0,0,1
15367.0,"Venetia, PA",2022-12,-1,1,0
15368.0,"Vestaburg, PA",2022-01,10,-10,0
15368.0,"Vestaburg, PA",2022-02,9,-9,0
15368.0,"Vestaburg, PA",2022-03,8,-8,0
15368.0,"Vestaburg, PA",2022-04,7,-7,0
15368.0,"Vestaburg, PA",2022-05,6,-6,0
15368.0,"Vestaburg, PA",2022-06,5,-5,0
15368.0,"Vestaburg, PA",2022-07,4,-4,0
15368.0,"Vestaburg, PA",2022-08,3,-3,0
15368.0,"Vestaburg, PA",2022-09,2,-2,0
15368.0,"Vestaburg, PA",2022-10,1,-1,0
15368.0,"Vestaburg, PA",2022-11,0,0,1
15368.0,"Vestaburg, PA",2022-12,-1,1,0
15370.0,"Waynesburg, PA",2022-01,10,-10,0
15370.0,"Waynesburg, PA",2022-02,9,-9,0
15370.0,"Waynesburg, PA",2022-03,8,-8,0
15370.0,"Waynesburg, PA",2022-04,7,-7,0
15370.0,"Waynesburg, PA",2022-05,6,-6,0
15370.0,"Waynesburg, PA",2022-06,5,-5,0
15370.0,"Waynesburg, PA",2022-07,4,-4,0
15370.0,"Waynesburg, PA",2022-08,3,-3,0
15370.0,"Waynesburg, PA",2022-09,2,-2,0
15370.0,"Waynesburg, PA",2022-10,1,-1,0
15370.0,"Waynesburg, PA",2022-11,0,0,1
15370.0,"Waynesburg, PA",2022-12,-1,1,0
15376.0,"West Alexander, PA",2022-01,10,-10,0
15376.0,"West Alexander, PA",2022-02,9,-9,0
15376.0,"West Alexander, PA",2022-03,8,-8,0
15376.0,"West Alexander, PA",2022-04,7,-7,0
15376.0,"West Alexander, PA",2022-05,6,-6,0
15376.0,"West Alexander, PA",2022-06,5,-5,0
15376.0,"West Alexander, PA",2022-07,4,-4,0
15376.0,"West Alexander, PA",2022-08,3,-3,0
15376.0,"West Alexander, PA",2022-09,2,-2,0
15376.0,"West Alexander, PA",2022-10,1,-1,0
15376.0,"West Alexander, PA",2022-11,0,0,1
15376.0,"West Alexander, PA",2022-12,-1,1,0
15377.0,"West Finley, PA",2022-01,10,-10,0
15377.0,"West Finley, PA",2022-02,9,-9,0
15377.0,"West Finley, PA",2022-03,8,-8,0
15377.0,"West Finley, PA",2022-04,7,-7,0
15377.0,"West Finley, PA",2022-05,6,-6,0
15377.0,"West Finley, PA",2022-06,5,-5,0
15377.0,"West Finley, PA",2022-07,4,-4,0
15377.0,"West Finley, PA",2022-08,3,-3,0
15377.0,"West Finley, PA",2022-09,2,-2,0
15377.0,"West Finley, PA",2022-10,1,-1,0
15377.0,"West Finley, PA",2022-11,0,0,1
15377.0,"West Finley, PA",2022-12,-1,1,0
15378.0,"Westland, PA",2022-01,10,-10,0
15378.0,"Westland, PA",2022-02,9,-9,0
15378.0,"Westland, PA",2022-03,8,-8,0
15378.0,"Westland, PA",2022-04,7,-7,0
15378.0,"Westland, PA",2022-05,6,-6,0
15378.0,"Westland, PA",2022-06,5,-5,0
15378.0,"Westland, PA",2022-07,4,-4,0
15378.0,"Westland, PA",2022-08,3,-3,0
15378.0,"Westland, PA",2022-09,2,-2,0
15378.0,"Westland, PA",2022-10,1,-1,0
15378.0,"Westland, PA",2022-11,0,0,1
15378.0,"Westland, PA",2022-12,-1,1,0
15379.0,"West Middletown, PA",2022-01,10,-10,0
15379.0,"West Middletown, PA",2022-02,9,-9,0
15379.0,"West Middletown, PA",2022-03,8,-8,0
15379.0,"West Middletown, PA",2022-04,7,-7,0
15379.0,"West Middletown, PA",2022-05,6,-6,0
15379.0,"West Middletown, PA",2022-06,5,-5,0
15379.0,"West Middletown, PA",2022-07,4,-4,0
15379.0,"West Middletown, PA",2022-08,3,-3,0
15379.0,"West Middletown, PA",2022-09,2,-2,0
15379.0,"West Middletown, PA",2022-10,1,-1,0
15379.0,"West Middletown, PA",2022-11,0,0,1
15379.0,"West Middletown, PA",2022-12,-1,1,0
15380.0,"Wind Ridge, PA",2022-01,10,-10,0
15380.0,"Wind Ridge, PA",2022-02,9,-9,0
15380.0,"Wind Ridge, PA",2022-03,8,-8,0
15380.0,"Wind Ridge, PA",2022-04,7,-7,0
15380.0,"Wind Ridge, PA",2022-05,6,-6,0
15380.0,"Wind Ridge, PA",2022-06,5,-5,0
15380.0,"Wind Ridge, PA",2022-07,4,-4,0
15380.0,"Wind Ridge, PA",2022-08,3,-3,0
15380.0,"Wind Ridge, PA",2022-09,2,-2,0
15380.0,"Wind Ridge, PA",2022-10,1,-1,0
15380.0,"Wind Ridge, PA",2022-11,0,0,1
15380.0,"Wind Ridge, PA",2022-12,-1,1,0
15401.0,"Uniontown, PA",2022-01,10,-10,0
15401.0,"Uniontown, PA",2022-02,9,-9,0
15401.0,"Uniontown, PA",2022-03,8,-8,0
15401.0,"Uniontown, PA",2022-04,7,-7,0
15401.0,"Uniontown, PA",2022-05,6,-6,0
15401.0,"Uniontown, PA",2022-06,5,-5,0
15401.0,"Uniontown, PA",2022-07,4,-4,0
15401.0,"Uniontown, PA",2022-08,3,-3,0
15401.0,"Uniontown, PA",2022-09,2,-2,0
15401.0,"Uniontown, PA",2022-10,1,-1,0
15401.0,"Uniontown, PA",2022-11,0,0,1
15401.0,"Uniontown, PA",2022-12,-1,1,0
15410.0,"Adah, PA",2022-01,10,-10,0
15410.0,"Adah, PA",2022-02,9,-9,0
15410.0,"Adah, PA",2022-03,8,-8,0
15410.0,"Adah, PA",2022-04,7,-7,0
15410.0,"Adah, PA",2022-05,6,-6,0
15410.0,"Adah, PA",2022-06,5,-5,0
15410.0,"Adah, PA",2022-07,4,-4,0
15410.0,"Adah, PA",2022-08,3,-3,0
15410.0,"Adah, PA",2022-09,2,-2,0
15410.0,"Adah, PA",2022-10,1,-1,0
15410.0,"Adah, PA",2022-11,0,0,1
15410.0,"Adah, PA",2022-12,-1,1,0
15411.0,"Addison, PA",2022-01,10,-10,0
15411.0,"Addison, PA",2022-02,9,-9,0
15411.0,"Addison, PA",2022-03,8,-8,0
15411.0,"Addison, PA",2022-04,7,-7,0
15411.0,"Addison, PA",2022-05,6,-6,0
15411.0,"Addison, PA",2022-06,5,-5,0
15411.0,"Addison, PA",2022-07,4,-4,0
15411.0,"Addison, PA",2022-08,3,-3,0
15411.0,"Addison, PA",2022-09,2,-2,0
15411.0,"Addison, PA",2022-10,1,-1,0
15411.0,"Addison, PA",2022-11,0,0,1
15411.0,"Addison, PA",2022-12,-1,1,0
15412.0,"Allenport, PA",2022-01,10,-10,0
15412.0,"Allenport, PA",2022-02,9,-9,0
15412.0,"Allenport, PA",2022-03,8,-8,0
15412.0,"Allenport, PA",2022-04,7,-7,0
15412.0,"Allenport, PA",2022-05,6,-6,0
15412.0,"Allenport, PA",2022-06,5,-5,0
15412.0,"Allenport, PA",2022-07,4,-4,0
15412.0,"Allenport, PA",2022-08,3,-3,0
15412.0,"Allenport, PA",2022-09,2,-2,0
15412.0,"Allenport, PA",2022-10,1,-1,0
15412.0,"Allenport, PA",2022-11,0,0,1
15412.0,"Allenport, PA",2022-12,-1,1,0
15413.0,"Allison, PA",2022-01,10,-10,0
15413.0,"Allison, PA",2022-02,9,-9,0
15413.0,"Allison, PA",2022-03,8,-8,0
15413.0,"Allison, PA",2022-04,7,-7,0
15413.0,"Allison, PA",2022-05,6,-6,0
15413.0,"Allison, PA",2022-06,5,-5,0
15413.0,"Allison, PA",2022-07,4,-4,0
15413.0,"Allison, PA",2022-08,3,-3,0
15413.0,"Allison, PA",2022-09,2,-2,0
15413.0,"Allison, PA",2022-10,1,-1,0
15413.0,"Allison, PA",2022-11,0,0,1
15413.0,"Allison, PA",2022-12,-1,1,0
15416.0,"Brownfield, PA",2022-01,10,-10,0
15416.0,"Brownfield, PA",2022-02,9,-9,0
15416.0,"Brownfield, PA",2022-03,8,-8,0
15416.0,"Brownfield, PA",2022-04,7,-7,0
15416.0,"Brownfield, PA",2022-05,6,-6,0
15416.0,"Brownfield, PA",2022-06,5,-5,0
15416.0,"Brownfield, PA",2022-07,4,-4,0
15416.0,"Brownfield, PA",2022-08,3,-3,0
15416.0,"Brownfield, PA",2022-09,2,-2,0
15416.0,"Brownfield, PA",2022-10,1,-1,0
15416.0,"Brownfield, PA",2022-11,0,0,1
15416.0,"Brownfield, PA",2022-12,-1,1,0
15417.0,"Brownsville, PA",2022-01,10,-10,0
15417.0,"Brownsville, PA",2022-02,9,-9,0
15417.0,"Brownsville, PA",2022-03,8,-8,0
15417.0,"Brownsville, PA",2022-04,7,-7,0
15417.0,"Brownsville, PA",2022-05,6,-6,0
15417.0,"Brownsville, PA",2022-06,5,-5,0
15417.0,"Brownsville, PA",2022-07,4,-4,0
15417.0,"Brownsville, PA",2022-08,3,-3,0
15417.0,"Brownsville, PA",2022-09,2,-2,0
15417.0,"Brownsville, PA",2022-10,1,-1,0
15417.0,"Brownsville, PA",2022-11,0,0,1
15417.0,"Brownsville, PA",2022-12,-1,1,0
15419.0,"California, PA",2022-01,10,-10,0
15419.0,"California, PA",2022-02,9,-9,0
15419.0,"California, PA",2022-03,8,-8,0
15419.0,"California, PA",2022-04,7,-7,0
15419.0,"California, PA",2022-05,6,-6,0
15419.0,"California, PA",2022-06,5,-5,0
15419.0,"California, PA",2022-07,4,-4,0
15419.0,"California, PA",2022-08,3,-3,0
15419.0,"California, PA",2022-09,2,-2,0
15419.0,"California, PA",2022-10,1,-1,0
15419.0,"California, PA",2022-11,0,0,1
15419.0,"California, PA",2022-12,-1,1,0
15420.0,"Cardale, PA",2022-01,10,-10,0
15420.0,"Cardale, PA",2022-02,9,-9,0
15420.0,"Cardale, PA",2022-03,8,-8,0
15420.0,"Cardale, PA",2022-04,7,-7,0
15420.0,"Cardale, PA",2022-05,6,-6,0
15420.0,"Cardale, PA",2022-06,5,-5,0
15420.0,"Cardale, PA",2022-07,4,-4,0
15420.0,"Cardale, PA",2022-08,3,-3,0
15420.0,"Cardale, PA",2022-09,2,-2,0
15420.0,"Cardale, PA",2022-10,1,-1,0
15420.0,"Cardale, PA",2022-11,0,0,1
15420.0,"Cardale, PA",2022-12,-1,1,0
15421.0,"Chalk Hill, PA",2022-01,10,-10,0
15421.0,"Chalk Hill, PA",2022-02,9,-9,0
15421.0,"Chalk Hill, PA",2022-03,8,-8,0
15421.0,"Chalk Hill, PA",2022-04,7,-7,0
15421.0,"Chalk Hill, PA",2022-05,6,-6,0
15421.0,"Chalk Hill, PA",2022-06,5,-5,0
15421.0,"Chalk Hill, PA",2022-07,4,-4,0
15421.0,"Chalk Hill, PA",2022-08,3,-3,0
15421.0,"Chalk Hill, PA",2022-09,2,-2,0
15421.0,"Chalk Hill, PA",2022-10,1,-1,0
15421.0,"Chalk Hill, PA",2022-11,0,0,1
15421.0,"Chalk Hill, PA",2022-12,-1,1,0
15422.0,"Chestnut Ridge, PA",2022-01,10,-10,0
15422.0,"Chestnut Ridge, PA",2022-02,9,-9,0
15422.0,"Chestnut Ridge, PA",2022-03,8,-8,0
15422.0,"Chestnut Ridge, PA",2022-04,7,-7,0
15422.0,"Chestnut Ridge, PA",2022-05,6,-6,0
15422.0,"Chestnut Ridge, PA",2022-06,5,-5,0
15422.0,"Chestnut Ridge, PA",2022-07,4,-4,0
15422.0,"Chestnut Ridge, PA",2022-08,3,-3,0
15422.0,"Chestnut Ridge, PA",2022-09,2,-2,0
15422.0,"Chestnut Ridge, PA",2022-10,1,-1,0
15422.0,"Chestnut Ridge, PA",2022-11,0,0,1
15422.0,"Chestnut Ridge, PA",2022-12,-1,1,0
15423.0,"Coal Center, PA",2022-01,10,-10,0
15423.0,"Coal Center, PA",2022-02,9,-9,0
15423.0,"Coal Center, PA",2022-03,8,-8,0
15423.0,"Coal Center, PA",2022-04,7,-7,0
15423.0,"Coal Center, PA",2022-05,6,-6,0
15423.0,"Coal Center, PA",2022-06,5,-5,0
15423.0,"Coal Center, PA",2022-07,4,-4,0
15423.0,"Coal Center, PA",2022-08,3,-3,0
15423.0,"Coal Center, PA",2022-09,2,-2,0
15423.0,"Coal Center, PA",2022-10,1,-1,0
15423.0,"Coal Center, PA",2022-11,0,0,1
15423.0,"Coal Center, PA",2022-12,-1,1,0
15424.0,"Confluence, PA",2022-01,10,-10,0
15424.0,"Confluence, PA",2022-02,9,-9,0
15424.0,"Confluence, PA",2022-03,8,-8,0
15424.0,"Confluence, PA",2022-04,7,-7,0
15424.0,"Confluence, PA",2022-05,6,-6,0
15424.0,"Confluence, PA",2022-06,5,-5,0
15424.0,"Confluence, PA",2022-07,4,-4,0
15424.0,"Confluence, PA",2022-08,3,-3,0
15424.0,"Confluence, PA",2022-09,2,-2,0
15424.0,"Confluence, PA",2022-10,1,-1,0
15424.0,"Confluence, PA",2022-11,0,0,1
15424.0,"Confluence, PA",2022-12,-1,1,0
15425.0,"Connellsville, PA",2022-01,10,-10,0
15425.0,"Connellsville, PA",2022-02,9,-9,0
15425.0,"Connellsville, PA",2022-03,8,-8,0
15425.0,"Connellsville, PA",2022-04,7,-7,0
15425.0,"Connellsville, PA",2022-05,6,-6,0
15425.0,"Connellsville, PA",2022-06,5,-5,0
15425.0,"Connellsville, PA",2022-07,4,-4,0
15425.0,"Connellsville, PA",2022-08,3,-3,0
15425.0,"Connellsville, PA",2022-09,2,-2,0
15425.0,"Connellsville, PA",2022-10,1,-1,0
15425.0,"Connellsville, PA",2022-11,0,0,1
15425.0,"Connellsville, PA",2022-12,-1,1,0
15427.0,"Daisytown, PA",2022-01,10,-10,0
15427.0,"Daisytown, PA",2022-02,9,-9,0
15427.0,"Daisytown, PA",2022-03,8,-8,0
15427.0,"Daisytown, PA",2022-04,7,-7,0
15427.0,"Daisytown, PA",2022-05,6,-6,0
15427.0,"Daisytown, PA",2022-06,5,-5,0
15427.0,"Daisytown, PA",2022-07,4,-4,0
15427.0,"Daisytown, PA",2022-08,3,-3,0
15427.0,"Daisytown, PA",2022-09,2,-2,0
15427.0,"Daisytown, PA",2022-10,1,-1,0
15427.0,"Daisytown, PA",2022-11,0,0,1
15427.0,"Daisytown, PA",2022-12,-1,1,0
15428.0,"Dawson, PA",2022-01,10,-10,0
15428.0,"Dawson, PA",2022-02,9,-9,0
15428.0,"Dawson, PA",2022-03,8,-8,0
15428.0,"Dawson, PA",2022-04,7,-7,0
15428.0,"Dawson, PA",2022-05,6,-6,0
15428.0,"Dawson, PA",2022-06,5,-5,0
15428.0,"Dawson, PA",2022-07,4,-4,0
15428.0,"Dawson, PA",2022-08,3,-3,0
15428.0,"Dawson, PA",2022-09,2,-2,0
15428.0,"Dawson, PA",2022-10,1,-1,0
15428.0,"Dawson, PA",2022-11,0,0,1
15428.0,"Dawson, PA",2022-12,-1,1,0
15429.0,"Denbo, PA",2022-01,10,-10,0
15429.0,"Denbo, PA",2022-02,9,-9,0
15429.0,"Denbo, PA",2022-03,8,-8,0
15429.0,"Denbo, PA",2022-04,7,-7,0
15429.0,"Denbo, PA",2022-05,6,-6,0
15429.0,"Denbo, PA",2022-06,5,-5,0
15429.0,"Denbo, PA",2022-07,4,-4,0
15429.0,"Denbo, PA",2022-08,3,-3,0
15429.0,"Denbo, PA",2022-09,2,-2,0
15429.0,"Denbo, PA",2022-10,1,-1,0
15429.0,"Denbo, PA",2022-11,0,0,1
15429.0,"Denbo, PA",2022-12,-1,1,0
15430.0,"Dickerson Run, PA",2022-01,10,-10,0
15430.0,"Dickerson Run, PA",2022-02,9,-9,0
15430.0,"Dickerson Run, PA",2022-03,8,-8,0
15430.0,"Dickerson Run, PA",2022-04,7,-7,0
15430.0,"Dickerson Run, PA",2022-05,6,-6,0
15430.0,"Dickerson Run, PA",2022-06,5,-5,0
15430.0,"Dickerson Run, PA",2022-07,4,-4,0
15430.0,"Dickerson Run, PA",2022-08,3,-3,0
15430.0,"Dickerson Run, PA",2022-09,2,-2,0
15430.0,"Dickerson Run, PA",2022-10,1,-1,0
15430.0,"Dickerson Run, PA",2022-11,0,0,1
15430.0,"Dickerson Run, PA",2022-12,-1,1,0
15431.0,"Dunbar, PA",2022-01,10,-10,0
15431.0,"Dunbar, PA",2022-02,9,-9,0
15431.0,"Dunbar, PA",2022-03,8,-8,0
15431.0,"Dunbar, PA",2022-04,7,-7,0
15431.0,"Dunbar, PA",2022-05,6,-6,0
15431.0,"Dunbar, PA",2022-06,5,-5,0
15431.0,"Dunbar, PA",2022-07,4,-4,0
15431.0,"Dunbar, PA",2022-08,3,-3,0
15431.0,"Dunbar, PA",2022-09,2,-2,0
15431.0,"Dunbar, PA",2022-10,1,-1,0
15431.0,"Dunbar, PA",2022-11,0,0,1
15431.0,"Dunbar, PA",2022-12,-1,1,0
15432.0,"Dunlevy, PA",2022-01,10,-10,0
15432.0,"Dunlevy, PA",2022-02,9,-9,0
15432.0,"Dunlevy, PA",2022-03,8,-8,0
15432.0,"Dunlevy, PA",2022-04,7,-7,0
15432.0,"Dunlevy, PA",2022-05,6,-6,0
15432.0,"Dunlevy, PA",2022-06,5,-5,0
15432.0,"Dunlevy, PA",2022-07,4,-4,0
15432.0,"Dunlevy, PA",2022-08,3,-3,0
15432.0,"Dunlevy, PA",2022-09,2,-2,0
15432.0,"Dunlevy, PA",2022-10,1,-1,0
15432.0,"Dunlevy, PA",2022-11,0,0,1
15432.0,"Dunlevy, PA",2022-12,-1,1,0
15433.0,"East Millsboro, PA",2022-01,10,-10,0
15433.0,"East Millsboro, PA",2022-02,9,-9,0
15433.0,"East Millsboro, PA",2022-03,8,-8,0
15433.0,"East Millsboro, PA",2022-04,7,-7,0
15433.0,"East Millsboro, PA",2022-05,6,-6,0
15433.0,"East Millsboro, PA",2022-06,5,-5,0
15433.0,"East Millsboro, PA",2022-07,4,-4,0
15433.0,"East Millsboro, PA",2022-08,3,-3,0
15433.0,"East Millsboro, PA",2022-09,2,-2,0
15433.0,"East Millsboro, PA",2022-10,1,-1,0
15433.0,"East Millsboro, PA",2022-11,0,0,1
15433.0,"East Millsboro, PA",2022-12,-1,1,0
15434.0,"Elco, PA",2022-01,10,-10,0
15434.0,"Elco, PA",2022-02,9,-9,0
15434.0,"Elco, PA",2022-03,8,-8,0
15434.0,"Elco, PA",2022-04,7,-7,0
15434.0,"Elco, PA",2022-05,6,-6,0
15434.0,"Elco, PA",2022-06,5,-5,0
15434.0,"Elco, PA",2022-07,4,-4,0
15434.0,"Elco, PA",2022-08,3,-3,0
15434.0,"Elco, PA",2022-09,2,-2,0
15434.0,"Elco, PA",2022-10,1,-1,0
15434.0,"Elco, PA",2022-11,0,0,1
15434.0,"Elco, PA",2022-12,-1,1,0
15435.0,"Fairbank, PA",2022-01,10,-10,0
15435.0,"Fairbank, PA",2022-02,9,-9,0
15435.0,"Fairbank, PA",2022-03,8,-8,0
15435.0,"Fairbank, PA",2022-04,7,-7,0
15435.0,"Fairbank, PA",2022-05,6,-6,0
15435.0,"Fairbank, PA",2022-06,5,-5,0
15435.0,"Fairbank, PA",2022-07,4,-4,0
15435.0,"Fairbank, PA",2022-08,3,-3,0
15435.0,"Fairbank, PA",2022-09,2,-2,0
15435.0,"Fairbank, PA",2022-10,1,-1,0
15435.0,"Fairbank, PA",2022-11,0,0,1
15435.0,"Fairbank, PA",2022-12,-1,1,0
15436.0,"Fairchance, PA",2022-01,10,-10,0
15436.0,"Fairchance, PA",2022-02,9,-9,0
15436.0,"Fairchance, PA",2022-03,8,-8,0
15436.0,"Fairchance, PA",2022-04,7,-7,0
15436.0,"Fairchance, PA",2022-05,6,-6,0
15436.0,"Fairchance, PA",2022-06,5,-5,0
15436.0,"Fairchance, PA",2022-07,4,-4,0
15436.0,"Fairchance, PA",2022-08,3,-3,0
15436.0,"Fairchance, PA",2022-09,2,-2,0
15436.0,"Fairchance, PA",2022-10,1,-1,0
15436.0,"Fairchance, PA",2022-11,0,0,1
15436.0,"Fairchance, PA",2022-12,-1,1,0
15437.0,"Farmington, PA",2022-01,10,-10,0
15437.0,"Farmington, PA",2022-02,9,-9,0
15437.0,"Farmington, PA",2022-03,8,-8,0
15437.0,"Farmington, PA",2022-04,7,-7,0
15437.0,"Farmington, PA",2022-05,6,-6,0
15437.0,"Farmington, PA",2022-06,5,-5,0
15437.0,"Farmington, PA",2022-07,4,-4,0
15437.0,"Farmington, PA",2022-08,3,-3,0
15437.0,"Farmington, PA",2022-09,2,-2,0
15437.0,"Farmington, PA",2022-10,1,-1,0
15437.0,"Farmington, PA",2022-11,0,0,1
15437.0,"Farmington, PA",2022-12,-1,1,0
15438.0,"Fayette City, PA",2022-01,10,-10,0
15438.0,"Fayette City, PA",2022-02,9,-9,0
15438.0,"Fayette City, PA",2022-03,8,-8,0
15438.0,"Fayette City, PA",2022-04,7,-7,0
15438.0,"Fayette City, PA",2022-05,6,-6,0
15438.0,"Fayette City, PA",2022-06,5,-5,0
15438.0,"Fayette City, PA",2022-07,4,-4,0
15438.0,"Fayette City, PA",2022-08,3,-3,0
15438.0,"Fayette City, PA",2022-09,2,-2,0
15438.0,"Fayette City, PA",2022-10,1,-1,0
15438.0,"Fayette City, PA",2022-11,0,0,1
15438.0,"Fayette City, PA",2022-12,-1,1,0
15440.0,"Gibbon Glade, PA",2022-01,10,-10,0
15440.0,"Gibbon Glade, PA",2022-02,9,-9,0
15440.0,"Gibbon Glade, PA",2022-03,8,-8,0
15440.0,"Gibbon Glade, PA",2022-04,7,-7,0
15440.0,"Gibbon Glade, PA",2022-05,6,-6,0
15440.0,"Gibbon Glade, PA",2022-06,5,-5,0
15440.0,"Gibbon Glade, PA",2022-07,4,-4,0
15440.0,"Gibbon Glade, PA",2022-08,3,-3,0
15440.0,"Gibbon Glade, PA",2022-09,2,-2,0
15440.0,"Gibbon Glade, PA",2022-10,1,-1,0
15440.0,"Gibbon Glade, PA",2022-11,0,0,1
15440.0,"Gibbon Glade, PA",2022-12,-1,1,0
15442.0,"Grindstone, PA",2022-01,10,-10,0
15442.0,"Grindstone, PA",2022-02,9,-9,0
15442.0,"Grindstone, PA",2022-03,8,-8,0
15442.0,"Grindstone, PA",2022-04,7,-7,0
15442.0,"Grindstone, PA",2022-05,6,-6,0
15442.0,"Grindstone, PA",2022-06,5,-5,0
15442.0,"Grindstone, PA",2022-07,4,-4,0
15442.0,"Grindstone, PA",2022-08,3,-3,0
15442.0,"Grindstone, PA",2022-09,2,-2,0
15442.0,"Grindstone, PA",2022-10,1,-1,0
15442.0,"Grindstone, PA",2022-11,0,0,1
15442.0,"Grindstone, PA",2022-12,-1,1,0
15443.0,"Hibbs, PA",2022-01,10,-10,0
15443.0,"Hibbs, PA",2022-02,9,-9,0
15443.0,"Hibbs, PA",2022-03,8,-8,0
15443.0,"Hibbs, PA",2022-04,7,-7,0
15443.0,"Hibbs, PA",2022-05,6,-6,0
15443.0,"Hibbs, PA",2022-06,5,-5,0
15443.0,"Hibbs, PA",2022-07,4,-4,0
15443.0,"Hibbs, PA",2022-08,3,-3,0
15443.0,"Hibbs, PA",2022-09,2,-2,0
15443.0,"Hibbs, PA",2022-10,1,-1,0
15443.0,"Hibbs, PA",2022-11,0,0,1
15443.0,"Hibbs, PA",2022-12,-1,1,0
15444.0,"Hiller, PA",2022-01,10,-10,0
15444.0,"Hiller, PA",2022-02,9,-9,0
15444.0,"Hiller, PA",2022-03,8,-8,0
15444.0,"Hiller, PA",2022-04,7,-7,0
15444.0,"Hiller, PA",2022-05,6,-6,0
15444.0,"Hiller, PA",2022-06,5,-5,0
15444.0,"Hiller, PA",2022-07,4,-4,0
15444.0,"Hiller, PA",2022-08,3,-3,0
15444.0,"Hiller, PA",2022-09,2,-2,0
15444.0,"Hiller, PA",2022-10,1,-1,0
15444.0,"Hiller, PA",2022-11,0,0,1
15444.0,"Hiller, PA",2022-12,-1,1,0
15445.0,"Hopwood, PA",2022-01,10,-10,0
15445.0,"Hopwood, PA",2022-02,9,-9,0
15445.0,"Hopwood, PA",2022-03,8,-8,0
15445.0,"Hopwood, PA",2022-04,7,-7,0
15445.0,"Hopwood, PA",2022-05,6,-6,0
15445.0,"Hopwood, PA",2022-06,5,-5,0
15445.0,"Hopwood, PA",2022-07,4,-4,0
15445.0,"Hopwood, PA",2022-08,3,-3,0
15445.0,"Hopwood, PA",2022-09,2,-2,0
15445.0,"Hopwood, PA",2022-10,1,-1,0
15445.0,"Hopwood, PA",2022-11,0,0,1
15445.0,"Hopwood, PA",2022-12,-1,1,0
15446.0,"Indian Head, PA",2022-01,10,-10,0
15446.0,"Indian Head, PA",2022-02,9,-9,0
15446.0,"Indian Head, PA",2022-03,8,-8,0
15446.0,"Indian Head, PA",2022-04,7,-7,0
15446.0,"Indian Head, PA",2022-05,6,-6,0
15446.0,"Indian Head, PA",2022-06,5,-5,0
15446.0,"Indian Head, PA",2022-07,4,-4,0
15446.0,"Indian Head, PA",2022-08,3,-3,0
15446.0,"Indian Head, PA",2022-09,2,-2,0
15446.0,"Indian Head, PA",2022-10,1,-1,0
15446.0,"Indian Head, PA",2022-11,0,0,1
15446.0,"Indian Head, PA",2022-12,-1,1,0
15447.0,"Isabella, PA",2022-01,10,-10,0
15447.0,"Isabella, PA",2022-02,9,-9,0
15447.0,"Isabella, PA",2022-03,8,-8,0
15447.0,"Isabella, PA",2022-04,7,-7,0
15447.0,"Isabella, PA",2022-05,6,-6,0
15447.0,"Isabella, PA",2022-06,5,-5,0
15447.0,"Isabella, PA",2022-07,4,-4,0
15447.0,"Isabella, PA",2022-08,3,-3,0
15447.0,"Isabella, PA",2022-09,2,-2,0
15447.0,"Isabella, PA",2022-10,1,-1,0
15447.0,"Isabella, PA",2022-11,0,0,1
15447.0,"Isabella, PA",2022-12,-1,1,0
15448.0,"Jacobs Creek, PA",2022-01,10,-10,0
15448.0,"Jacobs Creek, PA",2022-02,9,-9,0
15448.0,"Jacobs Creek, PA",2022-03,8,-8,0
15448.0,"Jacobs Creek, PA",2022-04,7,-7,0
15448.0,"Jacobs Creek, PA",2022-05,6,-6,0
15448.0,"Jacobs Creek, PA",2022-06,5,-5,0
15448.0,"Jacobs Creek, PA",2022-07,4,-4,0
15448.0,"Jacobs Creek, PA",2022-08,3,-3,0
15448.0,"Jacobs Creek, PA",2022-09,2,-2,0
15448.0,"Jacobs Creek, PA",2022-10,1,-1,0
15448.0,"Jacobs Creek, PA",2022-11,0,0,1
15448.0,"Jacobs Creek, PA",2022-12,-1,1,0
15449.0,"Keisterville, PA",2022-01,10,-10,0
15449.0,"Keisterville, PA",2022-02,9,-9,0
15449.0,"Keisterville, PA",2022-03,8,-8,0
15449.0,"Keisterville, PA",2022-04,7,-7,0
15449.0,"Keisterville, PA",2022-05,6,-6,0
15449.0,"Keisterville, PA",2022-06,5,-5,0
15449.0,"Keisterville, PA",2022-07,4,-4,0
15449.0,"Keisterville, PA",2022-08,3,-3,0
15449.0,"Keisterville, PA",2022-09,2,-2,0
15449.0,"Keisterville, PA",2022-10,1,-1,0
15449.0,"Keisterville, PA",2022-11,0,0,1
15449.0,"Keisterville, PA",2022-12,-1,1,0
15450.0,"La Belle, PA",2022-01,10,-10,0
15450.0,"La Belle, PA",2022-02,9,-9,0
15450.0,"La Belle, PA",2022-03,8,-8,0
15450.0,"La Belle, PA",2022-04,7,-7,0
15450.0,"La Belle, PA",2022-05,6,-6,0
15450.0,"La Belle, PA",2022-06,5,-5,0
15450.0,"La Belle, PA",2022-07,4,-4,0
15450.0,"La Belle, PA",2022-08,3,-3,0
15450.0,"La Belle, PA",2022-09,2,-2,0
15450.0,"La Belle, PA",2022-10,1,-1,0
15450.0,"La Belle, PA",2022-11,0,0,1
15450.0,"La Belle, PA",2022-12,-1,1,0
15451.0,"Lake Lynn, PA",2022-01,10,-10,0
15451.0,"Lake Lynn, PA",2022-02,9,-9,0
15451.0,"Lake Lynn, PA",2022-03,8,-8,0
15451.0,"Lake Lynn, PA",2022-04,7,-7,0
15451.0,"Lake Lynn, PA",2022-05,6,-6,0
15451.0,"Lake Lynn, PA",2022-06,5,-5,0
15451.0,"Lake Lynn, PA",2022-07,4,-4,0
15451.0,"Lake Lynn, PA",2022-08,3,-3,0
15451.0,"Lake Lynn, PA",2022-09,2,-2,0
15451.0,"Lake Lynn, PA",2022-10,1,-1,0
15451.0,"Lake Lynn, PA",2022-11,0,0,1
15451.0,"Lake Lynn, PA",2022-12,-1,1,0
15454.0,"Leckrone, PA",2022-01,10,-10,0
15454.0,"Leckrone, PA",2022-02,9,-9,0
15454.0,"Leckrone, PA",2022-03,8,-8,0
15454.0,"Leckrone, PA",2022-04,7,-7,0
15454.0,"Leckrone, PA",2022-05,6,-6,0
15454.0,"Leckrone, PA",2022-06,5,-5,0
15454.0,"Leckrone, PA",2022-07,4,-4,0
15454.0,"Leckrone, PA",2022-08,3,-3,0
15454.0,"Leckrone, PA",2022-09,2,-2,0
15454.0,"Leckrone, PA",2022-10,1,-1,0
15454.0,"Leckrone, PA",2022-11,0,0,1
15454.0,"Leckrone, PA",2022-12,-1,1,0
15455.0,"Leisenring, PA",2022-01,10,-10,0
15455.0,"Leisenring, PA",2022-02,9,-9,0
15455.0,"Leisenring, PA",2022-03,8,-8,0
15455.0,"Leisenring, PA",2022-04,7,-7,0
15455.0,"Leisenring, PA",2022-05,6,-6,0
15455.0,"Leisenring, PA",2022-06,5,-5,0
15455.0,"Leisenring, PA",2022-07,4,-4,0
15455.0,"Leisenring, PA",2022-08,3,-3,0
15455.0,"Leisenring, PA",2022-09,2,-2,0
15455.0,"Leisenring, PA",2022-10,1,-1,0
15455.0,"Leisenring, PA",2022-11,0,0,1
15455.0,"Leisenring, PA",2022-12,-1,1,0
15456.0,"Lemont Furnace, PA",2022-01,10,-10,0
15456.0,"Lemont Furnace, PA",2022-02,9,-9,0
15456.0,"Lemont Furnace, PA",2022-03,8,-8,0
15456.0,"Lemont Furnace, PA",2022-04,7,-7,0
15456.0,"Lemont Furnace, PA",2022-05,6,-6,0
15456.0,"Lemont Furnace, PA",2022-06,5,-5,0
15456.0,"Lemont Furnace, PA",2022-07,4,-4,0
15456.0,"Lemont Furnace, PA",2022-08,3,-3,0
15456.0,"Lemont Furnace, PA",2022-09,2,-2,0
15456.0,"Lemont Furnace, PA",2022-10,1,-1,0
15456.0,"Lemont Furnace, PA",2022-11,0,0,1
15456.0,"Lemont Furnace, PA",2022-12,-1,1,0
15458.0,"McClellandtown, PA",2022-01,10,-10,0
15458.0,"McClellandtown, PA",2022-02,9,-9,0
15458.0,"McClellandtown, PA",2022-03,8,-8,0
15458.0,"McClellandtown, PA",2022-04,7,-7,0
15458.0,"McClellandtown, PA",2022-05,6,-6,0
15458.0,"McClellandtown, PA",2022-06,5,-5,0
15458.0,"McClellandtown, PA",2022-07,4,-4,0
15458.0,"McClellandtown, PA",2022-08,3,-3,0
15458.0,"McClellandtown, PA",2022-09,2,-2,0
15458.0,"McClellandtown, PA",2022-10,1,-1,0
15458.0,"McClellandtown, PA",2022-11,0,0,1
15458.0,"McClellandtown, PA",2022-12,-1,1,0
15459.0,"Markleysburg, PA",2022-01,10,-10,0
15459.0,"Markleysburg, PA",2022-02,9,-9,0
15459.0,"Markleysburg, PA",2022-03,8,-8,0
15459.0,"Markleysburg, PA",2022-04,7,-7,0
15459.0,"Markleysburg, PA",2022-05,6,-6,0
15459.0,"Markleysburg, PA",2022-06,5,-5,0
15459.0,"Markleysburg, PA",2022-07,4,-4,0
15459.0,"Markleysburg, PA",2022-08,3,-3,0
15459.0,"Markleysburg, PA",2022-09,2,-2,0
15459.0,"Markleysburg, PA",2022-10,1,-1,0
15459.0,"Markleysburg, PA",2022-11,0,0,1
15459.0,"Markleysburg, PA",2022-12,-1,1,0
15460.0,"Martin, PA",2022-01,10,-10,0
15460.0,"Martin, PA",2022-02,9,-9,0
15460.0,"Martin, PA",2022-03,8,-8,0
15460.0,"Martin, PA",2022-04,7,-7,0
15460.0,"Martin, PA",2022-05,6,-6,0
15460.0,"Martin, PA",2022-06,5,-5,0
15460.0,"Martin, PA",2022-07,4,-4,0
15460.0,"Martin, PA",2022-08,3,-3,0
15460.0,"Martin, PA",2022-09,2,-2,0
15460.0,"Martin, PA",2022-10,1,-1,0
15460.0,"Martin, PA",2022-11,0,0,1
15460.0,"Martin, PA",2022-12,-1,1,0
15461.0,"Masontown, PA",2022-01,10,-10,0
15461.0,"Masontown, PA",2022-02,9,-9,0
15461.0,"Masontown, PA",2022-03,8,-8,0
15461.0,"Masontown, PA",2022-04,7,-7,0
15461.0,"Masontown, PA",2022-05,6,-6,0
15461.0,"Masontown, PA",2022-06,5,-5,0
15461.0,"Masontown, PA",2022-07,4,-4,0
15461.0,"Masontown, PA",2022-08,3,-3,0
15461.0,"Masontown, PA",2022-09,2,-2,0
15461.0,"Masontown, PA",2022-10,1,-1,0
15461.0,"Masontown, PA",2022-11,0,0,1
15461.0,"Masontown, PA",2022-12,-1,1,0
15462.0,"Melcroft, PA",2022-01,10,-10,0
15462.0,"Melcroft, PA",2022-02,9,-9,0
15462.0,"Melcroft, PA",2022-03,8,-8,0
15462.0,"Melcroft, PA",2022-04,7,-7,0
15462.0,"Melcroft, PA",2022-05,6,-6,0
15462.0,"Melcroft, PA",2022-06,5,-5,0
15462.0,"Melcroft, PA",2022-07,4,-4,0
15462.0,"Melcroft, PA",2022-08,3,-3,0
15462.0,"Melcroft, PA",2022-09,2,-2,0
15462.0,"Melcroft, PA",2022-10,1,-1,0
15462.0,"Melcroft, PA",2022-11,0,0,1
15462.0,"Melcroft, PA",2022-12,-1,1,0
15463.0,"Merrittstown, PA",2022-01,10,-10,0
15463.0,"Merrittstown, PA",2022-02,9,-9,0
15463.0,"Merrittstown, PA",2022-03,8,-8,0
15463.0,"Merrittstown, PA",2022-04,7,-7,0
15463.0,"Merrittstown, PA",2022-05,6,-6,0
15463.0,"Merrittstown, PA",2022-06,5,-5,0
15463.0,"Merrittstown, PA",2022-07,4,-4,0
15463.0,"Merrittstown, PA",2022-08,3,-3,0
15463.0,"Merrittstown, PA",2022-09,2,-2,0
15463.0,"Merrittstown, PA",2022-10,1,-1,0
15463.0,"Merrittstown, PA",2022-11,0,0,1
15463.0,"Merrittstown, PA",2022-12,-1,1,0
15464.0,"Mill Run, PA",2022-01,10,-10,0
15464.0,"Mill Run, PA",2022-02,9,-9,0
15464.0,"Mill Run, PA",2022-03,8,-8,0
15464.0,"Mill Run, PA",2022-04,7,-7,0
15464.0,"Mill Run, PA",2022-05,6,-6,0
15464.0,"Mill Run, PA",2022-06,5,-5,0
15464.0,"Mill Run, PA",2022-07,4,-4,0
15464.0,"Mill Run, PA",2022-08,3,-3,0
15464.0,"Mill Run, PA",2022-09,2,-2,0
15464.0,"Mill Run, PA",2022-10,1,-1,0
15464.0,"Mill Run, PA",2022-11,0,0,1
15464.0,"Mill Run, PA",2022-12,-1,1,0
15465.0,"Mount Braddock, PA",2022-01,10,-10,0
15465.0,"Mount Braddock, PA",2022-02,9,-9,0
15465.0,"Mount Braddock, PA",2022-03,8,-8,0
15465.0,"Mount Braddock, PA",2022-04,7,-7,0
15465.0,"Mount Braddock, PA",2022-05,6,-6,0
15465.0,"Mount Braddock, PA",2022-06,5,-5,0
15465.0,"Mount Braddock, PA",2022-07,4,-4,0
15465.0,"Mount Braddock, PA",2022-08,3,-3,0
15465.0,"Mount Braddock, PA",2022-09,2,-2,0
15465.0,"Mount Braddock, PA",2022-10,1,-1,0
15465.0,"Mount Braddock, PA",2022-11,0,0,1
15465.0,"Mount Braddock, PA",2022-12,-1,1,0
15466.0,"Newell, PA",2022-01,10,-10,0
15466.0,"Newell, PA",2022-02,9,-9,0
15466.0,"Newell, PA",2022-03,8,-8,0
15466.0,"Newell, PA",2022-04,7,-7,0
15466.0,"Newell, PA",2022-05,6,-6,0
15466.0,"Newell, PA",2022-06,5,-5,0
15466.0,"Newell, PA",2022-07,4,-4,0
15466.0,"Newell, PA",2022-08,3,-3,0
15466.0,"Newell, PA",2022-09,2,-2,0
15466.0,"Newell, PA",2022-10,1,-1,0
15466.0,"Newell, PA",2022-11,0,0,1
15466.0,"Newell, PA",2022-12,-1,1,0
15467.0,"New Geneva, PA",2022-01,10,-10,0
15467.0,"New Geneva, PA",2022-02,9,-9,0
15467.0,"New Geneva, PA",2022-03,8,-8,0
15467.0,"New Geneva, PA",2022-04,7,-7,0
15467.0,"New Geneva, PA",2022-05,6,-6,0
15467.0,"New Geneva, PA",2022-06,5,-5,0
15467.0,"New Geneva, PA",2022-07,4,-4,0
15467.0,"New Geneva, PA",2022-08,3,-3,0
15467.0,"New Geneva, PA",2022-09,2,-2,0
15467.0,"New Geneva, PA",2022-10,1,-1,0
15467.0,"New Geneva, PA",2022-11,0,0,1
15467.0,"New Geneva, PA",2022-12,-1,1,0
15468.0,"New Salem, PA",2022-01,10,-10,0
15468.0,"New Salem, PA",2022-02,9,-9,0
15468.0,"New Salem, PA",2022-03,8,-8,0
15468.0,"New Salem, PA",2022-04,7,-7,0
15468.0,"New Salem, PA",2022-05,6,-6,0
15468.0,"New Salem, PA",2022-06,5,-5,0
15468.0,"New Salem, PA",2022-07,4,-4,0
15468.0,"New Salem, PA",2022-08,3,-3,0
15468.0,"New Salem, PA",2022-09,2,-2,0
15468.0,"New Salem, PA",2022-10,1,-1,0
15468.0,"New Salem, PA",2022-11,0,0,1
15468.0,"New Salem, PA",2022-12,-1,1,0
15469.0,"Normalville, PA",2022-01,10,-10,0
15469.0,"Normalville, PA",2022-02,9,-9,0
15469.0,"Normalville, PA",2022-03,8,-8,0
15469.0,"Normalville, PA",2022-04,7,-7,0
15469.0,"Normalville, PA",2022-05,6,-6,0
15469.0,"Normalville, PA",2022-06,5,-5,0
15469.0,"Normalville, PA",2022-07,4,-4,0
15469.0,"Normalville, PA",2022-08,3,-3,0
15469.0,"Normalville, PA",2022-09,2,-2,0
15469.0,"Normalville, PA",2022-10,1,-1,0
15469.0,"Normalville, PA",2022-11,0,0,1
15469.0,"Normalville, PA",2022-12,-1,1,0
15470.0,"Ohiopyle, PA",2022-01,10,-10,0
15470.0,"Ohiopyle, PA",2022-02,9,-9,0
15470.0,"Ohiopyle, PA",2022-03,8,-8,0
15470.0,"Ohiopyle, PA",2022-04,7,-7,0
15470.0,"Ohiopyle, PA",2022-05,6,-6,0
15470.0,"Ohiopyle, PA",2022-06,5,-5,0
15470.0,"Ohiopyle, PA",2022-07,4,-4,0
15470.0,"Ohiopyle, PA",2022-08,3,-3,0
15470.0,"Ohiopyle, PA",2022-09,2,-2,0
15470.0,"Ohiopyle, PA",2022-10,1,-1,0
15470.0,"Ohiopyle, PA",2022-11,0,0,1
15470.0,"Ohiopyle, PA",2022-12,-1,1,0
15472.0,"Oliver, PA",2022-01,10,-10,0
15472.0,"Oliver, PA",2022-02,9,-9,0
15472.0,"Oliver, PA",2022-03,8,-8,0
15472.0,"Oliver, PA",2022-04,7,-7,0
15472.0,"Oliver, PA",2022-05,6,-6,0
15472.0,"Oliver, PA",2022-06,5,-5,0
15472.0,"Oliver, PA",2022-07,4,-4,0
15472.0,"Oliver, PA",2022-08,3,-3,0
15472.0,"Oliver, PA",2022-09,2,-2,0
15472.0,"Oliver, PA",2022-10,1,-1,0
15472.0,"Oliver, PA",2022-11,0,0,1
15472.0,"Oliver, PA",2022-12,-1,1,0
15473.0,"Perryopolis, PA",2022-01,10,-10,0
15473.0,"Perryopolis, PA",2022-02,9,-9,0
15473.0,"Perryopolis, PA",2022-03,8,-8,0
15473.0,"Perryopolis, PA",2022-04,7,-7,0
15473.0,"Perryopolis, PA",2022-05,6,-6,0
15473.0,"Perryopolis, PA",2022-06,5,-5,0
15473.0,"Perryopolis, PA",2022-07,4,-4,0
15473.0,"Perryopolis, PA",2022-08,3,-3,0
15473.0,"Perryopolis, PA",2022-09,2,-2,0
15473.0,"Perryopolis, PA",2022-10,1,-1,0
15473.0,"Perryopolis, PA",2022-11,0,0,1
15473.0,"Perryopolis, PA",2022-12,-1,1,0
15474.0,"Point Marion, PA",2022-01,10,-10,0
15474.0,"Point Marion, PA",2022-02,9,-9,0
15474.0,"Point Marion, PA",2022-03,8,-8,0
15474.0,"Point Marion, PA",2022-04,7,-7,0
15474.0,"Point Marion, PA",2022-05,6,-6,0
15474.0,"Point Marion, PA",2022-06,5,-5,0
15474.0,"Point Marion, PA",2022-07,4,-4,0
15474.0,"Point Marion, PA",2022-08,3,-3,0
15474.0,"Point Marion, PA",2022-09,2,-2,0
15474.0,"Point Marion, PA",2022-10,1,-1,0
15474.0,"Point Marion, PA",2022-11,0,0,1
15474.0,"Point Marion, PA",2022-12,-1,1,0
15475.0,"Republic, PA",2022-01,10,-10,0
15475.0,"Republic, PA",2022-02,9,-9,0
15475.0,"Republic, PA",2022-03,8,-8,0
15475.0,"Republic, PA",2022-04,7,-7,0
15475.0,"Republic, PA",2022-05,6,-6,0
15475.0,"Republic, PA",2022-06,5,-5,0
15475.0,"Republic, PA",2022-07,4,-4,0
15475.0,"Republic, PA",2022-08,3,-3,0
15475.0,"Republic, PA",2022-09,2,-2,0
15475.0,"Republic, PA",2022-10,1,-1,0
15475.0,"Republic, PA",2022-11,0,0,1
15475.0,"Republic, PA",2022-12,-1,1,0
15476.0,"Ronco, PA",2022-01,10,-10,0
15476.0,"Ronco, PA",2022-02,9,-9,0
15476.0,"Ronco, PA",2022-03,8,-8,0
15476.0,"Ronco, PA",2022-04,7,-7,0
15476.0,"Ronco, PA",2022-05,6,-6,0
15476.0,"Ronco, PA",2022-06,5,-5,0
15476.0,"Ronco, PA",2022-07,4,-4,0
15476.0,"Ronco, PA",2022-08,3,-3,0
15476.0,"Ronco, PA",2022-09,2,-2,0
15476.0,"Ronco, PA",2022-10,1,-1,0
15476.0,"Ronco, PA",2022-11,0,0,1
15476.0,"Ronco, PA",2022-12,-1,1,0
15477.0,"Roscoe, PA",2022-01,10,-10,0
15477.0,"Roscoe, PA",2022-02,9,-9,0
15477.0,"Roscoe, PA",2022-03,8,-8,0
15477.0,"Roscoe, PA",2022-04,7,-7,0
15477.0,"Roscoe, PA",2022-05,6,-6,0
15477.0,"Roscoe, PA",2022-06,5,-5,0
15477.0,"Roscoe, PA",2022-07,4,-4,0
15477.0,"Roscoe, PA",2022-08,3,-3,0
15477.0,"Roscoe, PA",2022-09,2,-2,0
15477.0,"Roscoe, PA",2022-10,1,-1,0
15477.0,"Roscoe, PA",2022-11,0,0,1
15477.0,"Roscoe, PA",2022-12,-1,1,0
15478.0,"Smithfield, PA",2022-01,10,-10,0
15478.0,"Smithfield, PA",2022-02,9,-9,0
15478.0,"Smithfield, PA",2022-03,8,-8,0
15478.0,"Smithfield, PA",2022-04,7,-7,0
15478.0,"Smithfield, PA",2022-05,6,-6,0
15478.0,"Smithfield, PA",2022-06,5,-5,0
15478.0,"Smithfield, PA",2022-07,4,-4,0
15478.0,"Smithfield, PA",2022-08,3,-3,0
15478.0,"Smithfield, PA",2022-09,2,-2,0
15478.0,"Smithfield, PA",2022-10,1,-1,0
15478.0,"Smithfield, PA",2022-11,0,0,1
15478.0,"Smithfield, PA",2022-12,-1,1,0
15479.0,"Smithton, PA",2022-01,10,-10,0
15479.0,"Smithton, PA",2022-02,9,-9,0
15479.0,"Smithton, PA",2022-03,8,-8,0
15479.0,"Smithton, PA",2022-04,7,-7,0
15479.0,"Smithton, PA",2022-05,6,-6,0
15479.0,"Smithton, PA",2022-06,5,-5,0
15479.0,"Smithton, PA",2022-07,4,-4,0
15479.0,"Smithton, PA",2022-08,3,-3,0
15479.0,"Smithton, PA",2022-09,2,-2,0
15479.0,"Smithton, PA",2022-10,1,-1,0
15479.0,"Smithton, PA",2022-11,0,0,1
15479.0,"Smithton, PA",2022-12,-1,1,0
15480.0,"Smock, PA",2022-01,10,-10,0
15480.0,"Smock, PA",2022-02,9,-9,0
15480.0,"Smock, PA",2022-03,8,-8,0
15480.0,"Smock, PA",2022-04,7,-7,0
15480.0,"Smock, PA",2022-05,6,-6,0
15480.0,"Smock, PA",2022-06,5,-5,0
15480.0,"Smock, PA",2022-07,4,-4,0
15480.0,"Smock, PA",2022-08,3,-3,0
15480.0,"Smock, PA",2022-09,2,-2,0
15480.0,"Smock, PA",2022-10,1,-1,0
15480.0,"Smock, PA",2022-11,0,0,1
15480.0,"Smock, PA",2022-12,-1,1,0
15482.0,"Star Junction, PA",2022-01,10,-10,0
15482.0,"Star Junction, PA",2022-02,9,-9,0
15482.0,"Star Junction, PA",2022-03,8,-8,0
15482.0,"Star Junction, PA",2022-04,7,-7,0
15482.0,"Star Junction, PA",2022-05,6,-6,0
15482.0,"Star Junction, PA",2022-06,5,-5,0
15482.0,"Star Junction, PA",2022-07,4,-4,0
15482.0,"Star Junction, PA",2022-08,3,-3,0
15482.0,"Star Junction, PA",2022-09,2,-2,0
15482.0,"Star Junction, PA",2022-10,1,-1,0
15482.0,"Star Junction, PA",2022-11,0,0,1
15482.0,"Star Junction, PA",2022-12,-1,1,0
15483.0,"Stockdale, PA",2022-01,10,-10,0
15483.0,"Stockdale, PA",2022-02,9,-9,0
15483.0,"Stockdale, PA",2022-03,8,-8,0
15483.0,"Stockdale, PA",2022-04,7,-7,0
15483.0,"Stockdale, PA",2022-05,6,-6,0
15483.0,"Stockdale, PA",2022-06,5,-5,0
15483.0,"Stockdale, PA",2022-07,4,-4,0
15483.0,"Stockdale, PA",2022-08,3,-3,0
15483.0,"Stockdale, PA",2022-09,2,-2,0
15483.0,"Stockdale, PA",2022-10,1,-1,0
15483.0,"Stockdale, PA",2022-11,0,0,1
15483.0,"Stockdale, PA",2022-12,-1,1,0
15484.0,"Uledi, PA",2022-01,10,-10,0
15484.0,"Uledi, PA",2022-02,9,-9,0
15484.0,"Uledi, PA",2022-03,8,-8,0
15484.0,"Uledi, PA",2022-04,7,-7,0
15484.0,"Uledi, PA",2022-05,6,-6,0
15484.0,"Uledi, PA",2022-06,5,-5,0
15484.0,"Uledi, PA",2022-07,4,-4,0
15484.0,"Uledi, PA",2022-08,3,-3,0
15484.0,"Uledi, PA",2022-09,2,-2,0
15484.0,"Uledi, PA",2022-10,1,-1,0
15484.0,"Uledi, PA",2022-11,0,0,1
15484.0,"Uledi, PA",2022-12,-1,1,0
15486.0,"Vanderbilt, PA",2022-01,10,-10,0
15486.0,"Vanderbilt, PA",2022-02,9,-9,0
15486.0,"Vanderbilt, PA",2022-03,8,-8,0
15486.0,"Vanderbilt, PA",2022-04,7,-7,0
15486.0,"Vanderbilt, PA",2022-05,6,-6,0
15486.0,"Vanderbilt, PA",2022-06,5,-5,0
15486.0,"Vanderbilt, PA",2022-07,4,-4,0
15486.0,"Vanderbilt, PA",2022-08,3,-3,0
15486.0,"Vanderbilt, PA",2022-09,2,-2,0
15486.0,"Vanderbilt, PA",2022-10,1,-1,0
15486.0,"Vanderbilt, PA",2022-11,0,0,1
15486.0,"Vanderbilt, PA",2022-12,-1,1,0
15488.0,"Waltersburg, PA",2022-01,10,-10,0
15488.0,"Waltersburg, PA",2022-02,9,-9,0
15488.0,"Waltersburg, PA",2022-03,8,-8,0
15488.0,"Waltersburg, PA",2022-04,7,-7,0
15488.0,"Waltersburg, PA",2022-05,6,-6,0
15488.0,"Waltersburg, PA",2022-06,5,-5,0
15488.0,"Waltersburg, PA",2022-07,4,-4,0
15488.0,"Waltersburg, PA",2022-08,3,-3,0
15488.0,"Waltersburg, PA",2022-09,2,-2,0
15488.0,"Waltersburg, PA",2022-10,1,-1,0
15488.0,"Waltersburg, PA",2022-11,0,0,1
15488.0,"Waltersburg, PA",2022-12,-1,1,0
15489.0,"West Leisenring, PA",2022-01,10,-10,0
15489.0,"West Leisenring, PA",2022-02,9,-9,0
15489.0,"West Leisenring, PA",2022-03,8,-8,0
15489.0,"West Leisenring, PA",2022-04,7,-7,0
15489.0,"West Leisenring, PA",2022-05,6,-6,0
15489.0,"West Leisenring, PA",2022-06,5,-5,0
15489.0,"West Leisenring, PA",2022-07,4,-4,0
15489.0,"West Leisenring, PA",2022-08,3,-3,0
15489.0,"West Leisenring, PA",2022-09,2,-2,0
15489.0,"West Leisenring, PA",2022-10,1,-1,0
15489.0,"West Leisenring, PA",2022-11,0,0,1
15489.0,"West Leisenring, PA",2022-12,-1,1,0
15490.0,"White, PA",2022-01,10,-10,0
15490.0,"White, PA",2022-02,9,-9,0
15490.0,"White, PA",2022-03,8,-8,0
15490.0,"White, PA",2022-04,7,-7,0
15490.0,"White, PA",2022-05,6,-6,0
15490.0,"White, PA",2022-06,5,-5,0
15490.0,"White, PA",2022-07,4,-4,0
15490.0,"White, PA",2022-08,3,-3,0
15490.0,"White, PA",2022-09,2,-2,0
15490.0,"White, PA",2022-10,1,-1,0
15490.0,"White, PA",2022-11,0,0,1
15490.0,"White, PA",2022-12,-1,1,0
15492.0,"Wickhaven, PA",2022-01,10,-10,0
15492.0,"Wickhaven, PA",2022-02,9,-9,0
15492.0,"Wickhaven, PA",2022-03,8,-8,0
15492.0,"Wickhaven, PA",2022-04,7,-7,0
15492.0,"Wickhaven, PA",2022-05,6,-6,0
15492.0,"Wickhaven, PA",2022-06,5,-5,0
15492.0,"Wickhaven, PA",2022-07,4,-4,0
15492.0,"Wickhaven, PA",2022-08,3,-3,0
15492.0,"Wickhaven, PA",2022-09,2,-2,0
15492.0,"Wickhaven, PA",2022-10,1,-1,0
15492.0,"Wickhaven, PA",2022-11,0,0,1
15492.0,"Wickhaven, PA",2022-12,-1,1,0
15501.0,"Somerset, PA",2022-01,10,-10,0
15501.0,"Somerset, PA",2022-02,9,-9,0
15501.0,"Somerset, PA",2022-03,8,-8,0
15501.0,"Somerset, PA",2022-04,7,-7,0
15501.0,"Somerset, PA",2022-05,6,-6,0
15501.0,"Somerset, PA",2022-06,5,-5,0
15501.0,"Somerset, PA",2022-07,4,-4,0
15501.0,"Somerset, PA",2022-08,3,-3,0
15501.0,"Somerset, PA",2022-09,2,-2,0
15501.0,"Somerset, PA",2022-10,1,-1,0
15501.0,"Somerset, PA",2022-11,0,0,1
15501.0,"Somerset, PA",2022-12,-1,1,0
15502.0,"Hidden Valley, PA",2022-01,10,-10,0
15502.0,"Hidden Valley, PA",2022-02,9,-9,0
15502.0,"Hidden Valley, PA",2022-03,8,-8,0
15502.0,"Hidden Valley, PA",2022-04,7,-7,0
15502.0,"Hidden Valley, PA",2022-05,6,-6,0
15502.0,"Hidden Valley, PA",2022-06,5,-5,0
15502.0,"Hidden Valley, PA",2022-07,4,-4,0
15502.0,"Hidden Valley, PA",2022-08,3,-3,0
15502.0,"Hidden Valley, PA",2022-09,2,-2,0
15502.0,"Hidden Valley, PA",2022-10,1,-1,0
15502.0,"Hidden Valley, PA",2022-11,0,0,1
15502.0,"Hidden Valley, PA",2022-12,-1,1,0
15510.0,"Somerset, PA",2022-01,10,-10,0
15510.0,"Somerset, PA",2022-02,9,-9,0
15510.0,"Somerset, PA",2022-03,8,-8,0
15510.0,"Somerset, PA",2022-04,7,-7,0
15510.0,"Somerset, PA",2022-05,6,-6,0
15510.0,"Somerset, PA",2022-06,5,-5,0
15510.0,"Somerset, PA",2022-07,4,-4,0
15510.0,"Somerset, PA",2022-08,3,-3,0
15510.0,"Somerset, PA",2022-09,2,-2,0
15510.0,"Somerset, PA",2022-10,1,-1,0
15510.0,"Somerset, PA",2022-11,0,0,1
15510.0,"Somerset, PA",2022-12,-1,1,0
15520.0,"Acosta, PA",2022-01,10,-10,0
15520.0,"Acosta, PA",2022-02,9,-9,0
15520.0,"Acosta, PA",2022-03,8,-8,0
15520.0,"Acosta, PA",2022-04,7,-7,0
15520.0,"Acosta, PA",2022-05,6,-6,0
15520.0,"Acosta, PA",2022-06,5,-5,0
15520.0,"Acosta, PA",2022-07,4,-4,0
15520.0,"Acosta, PA",2022-08,3,-3,0
15520.0,"Acosta, PA",2022-09,2,-2,0
15520.0,"Acosta, PA",2022-10,1,-1,0
15520.0,"Acosta, PA",2022-11,0,0,1
15520.0,"Acosta, PA",2022-12,-1,1,0
15521.0,"Alum Bank, PA",2022-01,10,-10,0
15521.0,"Alum Bank, PA",2022-02,9,-9,0
15521.0,"Alum Bank, PA",2022-03,8,-8,0
15521.0,"Alum Bank, PA",2022-04,7,-7,0
15521.0,"Alum Bank, PA",2022-05,6,-6,0
15521.0,"Alum Bank, PA",2022-06,5,-5,0
15521.0,"Alum Bank, PA",2022-07,4,-4,0
15521.0,"Alum Bank, PA",2022-08,3,-3,0
15521.0,"Alum Bank, PA",2022-09,2,-2,0
15521.0,"Alum Bank, PA",2022-10,1,-1,0
15521.0,"Alum Bank, PA",2022-11,0,0,1
15521.0,"Alum Bank, PA",2022-12,-1,1,0
15522.0,"Bedford, PA",2022-01,10,-10,0
15522.0,"Bedford, PA",2022-02,9,-9,0
15522.0,"Bedford, PA",2022-03,8,-8,0
15522.0,"Bedford, PA",2022-04,7,-7,0
15522.0,"Bedford, PA",2022-05,6,-6,0
15522.0,"Bedford, PA",2022-06,5,-5,0
15522.0,"Bedford, PA",2022-07,4,-4,0
15522.0,"Bedford, PA",2022-08,3,-3,0
15522.0,"Bedford, PA",2022-09,2,-2,0
15522.0,"Bedford, PA",2022-10,1,-1,0
15522.0,"Bedford, PA",2022-11,0,0,1
15522.0,"Bedford, PA",2022-12,-1,1,0
15530.0,"Berlin, PA",2022-01,10,-10,0
15530.0,"Berlin, PA",2022-02,9,-9,0
15530.0,"Berlin, PA",2022-03,8,-8,0
15530.0,"Berlin, PA",2022-04,7,-7,0
15530.0,"Berlin, PA",2022-05,6,-6,0
15530.0,"Berlin, PA",2022-06,5,-5,0
15530.0,"Berlin, PA",2022-07,4,-4,0
15530.0,"Berlin, PA",2022-08,3,-3,0
15530.0,"Berlin, PA",2022-09,2,-2,0
15530.0,"Berlin, PA",2022-10,1,-1,0
15530.0,"Berlin, PA",2022-11,0,0,1
15530.0,"Berlin, PA",2022-12,-1,1,0
15531.0,"Boswell, PA",2022-01,10,-10,0
15531.0,"Boswell, PA",2022-02,9,-9,0
15531.0,"Boswell, PA",2022-03,8,-8,0
15531.0,"Boswell, PA",2022-04,7,-7,0
15531.0,"Boswell, PA",2022-05,6,-6,0
15531.0,"Boswell, PA",2022-06,5,-5,0
15531.0,"Boswell, PA",2022-07,4,-4,0
15531.0,"Boswell, PA",2022-08,3,-3,0
15531.0,"Boswell, PA",2022-09,2,-2,0
15531.0,"Boswell, PA",2022-10,1,-1,0
15531.0,"Boswell, PA",2022-11,0,0,1
15531.0,"Boswell, PA",2022-12,-1,1,0
15532.0,"Boynton, PA",2022-01,10,-10,0
15532.0,"Boynton, PA",2022-02,9,-9,0
15532.0,"Boynton, PA",2022-03,8,-8,0
15532.0,"Boynton, PA",2022-04,7,-7,0
15532.0,"Boynton, PA",2022-05,6,-6,0
15532.0,"Boynton, PA",2022-06,5,-5,0
15532.0,"Boynton, PA",2022-07,4,-4,0
15532.0,"Boynton, PA",2022-08,3,-3,0
15532.0,"Boynton, PA",2022-09,2,-2,0
15532.0,"Boynton, PA",2022-10,1,-1,0
15532.0,"Boynton, PA",2022-11,0,0,1
15532.0,"Boynton, PA",2022-12,-1,1,0
15533.0,"Breezewood, PA",2022-01,10,-10,0
15533.0,"Breezewood, PA",2022-02,9,-9,0
15533.0,"Breezewood, PA",2022-03,8,-8,0
15533.0,"Breezewood, PA",2022-04,7,-7,0
15533.0,"Breezewood, PA",2022-05,6,-6,0
15533.0,"Breezewood, PA",2022-06,5,-5,0
15533.0,"Breezewood, PA",2022-07,4,-4,0
15533.0,"Breezewood, PA",2022-08,3,-3,0
15533.0,"Breezewood, PA",2022-09,2,-2,0
15533.0,"Breezewood, PA",2022-10,1,-1,0
15533.0,"Breezewood, PA",2022-11,0,0,1
15533.0,"Breezewood, PA",2022-12,-1,1,0
15534.0,"Buffalo Mills, PA",2022-01,10,-10,0
15534.0,"Buffalo Mills, PA",2022-02,9,-9,0
15534.0,"Buffalo Mills, PA",2022-03,8,-8,0
15534.0,"Buffalo Mills, PA",2022-04,7,-7,0
15534.0,"Buffalo Mills, PA",2022-05,6,-6,0
15534.0,"Buffalo Mills, PA",2022-06,5,-5,0
15534.0,"Buffalo Mills, PA",2022-07,4,-4,0
15534.0,"Buffalo Mills, PA",2022-08,3,-3,0
15534.0,"Buffalo Mills, PA",2022-09,2,-2,0
15534.0,"Buffalo Mills, PA",2022-10,1,-1,0
15534.0,"Buffalo Mills, PA",2022-11,0,0,1
15534.0,"Buffalo Mills, PA",2022-12,-1,1,0
15535.0,"Clearville, PA",2022-01,10,-10,0
15535.0,"Clearville, PA",2022-02,9,-9,0
15535.0,"Clearville, PA",2022-03,8,-8,0
15535.0,"Clearville, PA",2022-04,7,-7,0
15535.0,"Clearville, PA",2022-05,6,-6,0
15535.0,"Clearville, PA",2022-06,5,-5,0
15535.0,"Clearville, PA",2022-07,4,-4,0
15535.0,"Clearville, PA",2022-08,3,-3,0
15535.0,"Clearville, PA",2022-09,2,-2,0
15535.0,"Clearville, PA",2022-10,1,-1,0
15535.0,"Clearville, PA",2022-11,0,0,1
15535.0,"Clearville, PA",2022-12,-1,1,0
15536.0,"Crystal Spring, PA",2022-01,10,-10,0
15536.0,"Crystal Spring, PA",2022-02,9,-9,0
15536.0,"Crystal Spring, PA",2022-03,8,-8,0
15536.0,"Crystal Spring, PA",2022-04,7,-7,0
15536.0,"Crystal Spring, PA",2022-05,6,-6,0
15536.0,"Crystal Spring, PA",2022-06,5,-5,0
15536.0,"Crystal Spring, PA",2022-07,4,-4,0
15536.0,"Crystal Spring, PA",2022-08,3,-3,0
15536.0,"Crystal Spring, PA",2022-09,2,-2,0
15536.0,"Crystal Spring, PA",2022-10,1,-1,0
15536.0,"Crystal Spring, PA",2022-11,0,0,1
15536.0,"Crystal Spring, PA",2022-12,-1,1,0
15537.0,"Everett, PA",2022-01,10,-10,0
15537.0,"Everett, PA",2022-02,9,-9,0
15537.0,"Everett, PA",2022-03,8,-8,0
15537.0,"Everett, PA",2022-04,7,-7,0
15537.0,"Everett, PA",2022-05,6,-6,0
15537.0,"Everett, PA",2022-06,5,-5,0
15537.0,"Everett, PA",2022-07,4,-4,0
15537.0,"Everett, PA",2022-08,3,-3,0
15537.0,"Everett, PA",2022-09,2,-2,0
15537.0,"Everett, PA",2022-10,1,-1,0
15537.0,"Everett, PA",2022-11,0,0,1
15537.0,"Everett, PA",2022-12,-1,1,0
15538.0,"Fairhope, PA",2022-01,10,-10,0
15538.0,"Fairhope, PA",2022-02,9,-9,0
15538.0,"Fairhope, PA",2022-03,8,-8,0
15538.0,"Fairhope, PA",2022-04,7,-7,0
15538.0,"Fairhope, PA",2022-05,6,-6,0
15538.0,"Fairhope, PA",2022-06,5,-5,0
15538.0,"Fairhope, PA",2022-07,4,-4,0
15538.0,"Fairhope, PA",2022-08,3,-3,0
15538.0,"Fairhope, PA",2022-09,2,-2,0
15538.0,"Fairhope, PA",2022-10,1,-1,0
15538.0,"Fairhope, PA",2022-11,0,0,1
15538.0,"Fairhope, PA",2022-12,-1,1,0
15539.0,"Fishertown, PA",2022-01,10,-10,0
15539.0,"Fishertown, PA",2022-02,9,-9,0
15539.0,"Fishertown, PA",2022-03,8,-8,0
15539.0,"Fishertown, PA",2022-04,7,-7,0
15539.0,"Fishertown, PA",2022-05,6,-6,0
15539.0,"Fishertown, PA",2022-06,5,-5,0
15539.0,"Fishertown, PA",2022-07,4,-4,0
15539.0,"Fishertown, PA",2022-08,3,-3,0
15539.0,"Fishertown, PA",2022-09,2,-2,0
15539.0,"Fishertown, PA",2022-10,1,-1,0
15539.0,"Fishertown, PA",2022-11,0,0,1
15539.0,"Fishertown, PA",2022-12,-1,1,0
15540.0,"Fort Hill, PA",2022-01,10,-10,0
15540.0,"Fort Hill, PA",2022-02,9,-9,0
15540.0,"Fort Hill, PA",2022-03,8,-8,0
15540.0,"Fort Hill, PA",2022-04,7,-7,0
15540.0,"Fort Hill, PA",2022-05,6,-6,0
15540.0,"Fort Hill, PA",2022-06,5,-5,0
15540.0,"Fort Hill, PA",2022-07,4,-4,0
15540.0,"Fort Hill, PA",2022-08,3,-3,0
15540.0,"Fort Hill, PA",2022-09,2,-2,0
15540.0,"Fort Hill, PA",2022-10,1,-1,0
15540.0,"Fort Hill, PA",2022-11,0,0,1
15540.0,"Fort Hill, PA",2022-12,-1,1,0
15541.0,"Friedens, PA",2022-01,10,-10,0
15541.0,"Friedens, PA",2022-02,9,-9,0
15541.0,"Friedens, PA",2022-03,8,-8,0
15541.0,"Friedens, PA",2022-04,7,-7,0
15541.0,"Friedens, PA",2022-05,6,-6,0
15541.0,"Friedens, PA",2022-06,5,-5,0
15541.0,"Friedens, PA",2022-07,4,-4,0
15541.0,"Friedens, PA",2022-08,3,-3,0
15541.0,"Friedens, PA",2022-09,2,-2,0
15541.0,"Friedens, PA",2022-10,1,-1,0
15541.0,"Friedens, PA",2022-11,0,0,1
15541.0,"Friedens, PA",2022-12,-1,1,0
15542.0,"Garrett, PA",2022-01,10,-10,0
15542.0,"Garrett, PA",2022-02,9,-9,0
15542.0,"Garrett, PA",2022-03,8,-8,0
15542.0,"Garrett, PA",2022-04,7,-7,0
15542.0,"Garrett, PA",2022-05,6,-6,0
15542.0,"Garrett, PA",2022-06,5,-5,0
15542.0,"Garrett, PA",2022-07,4,-4,0
15542.0,"Garrett, PA",2022-08,3,-3,0
15542.0,"Garrett, PA",2022-09,2,-2,0
15542.0,"Garrett, PA",2022-10,1,-1,0
15542.0,"Garrett, PA",2022-11,0,0,1
15542.0,"Garrett, PA",2022-12,-1,1,0
15544.0,"Gray, PA",2022-01,10,-10,0
15544.0,"Gray, PA",2022-02,9,-9,0
15544.0,"Gray, PA",2022-03,8,-8,0
15544.0,"Gray, PA",2022-04,7,-7,0
15544.0,"Gray, PA",2022-05,6,-6,0
15544.0,"Gray, PA",2022-06,5,-5,0
15544.0,"Gray, PA",2022-07,4,-4,0
15544.0,"Gray, PA",2022-08,3,-3,0
15544.0,"Gray, PA",2022-09,2,-2,0
15544.0,"Gray, PA",2022-10,1,-1,0
15544.0,"Gray, PA",2022-11,0,0,1
15544.0,"Gray, PA",2022-12,-1,1,0
15545.0,"Hyndman, PA",2022-01,10,-10,0
15545.0,"Hyndman, PA",2022-02,9,-9,0
15545.0,"Hyndman, PA",2022-03,8,-8,0
15545.0,"Hyndman, PA",2022-04,7,-7,0
15545.0,"Hyndman, PA",2022-05,6,-6,0
15545.0,"Hyndman, PA",2022-06,5,-5,0
15545.0,"Hyndman, PA",2022-07,4,-4,0
15545.0,"Hyndman, PA",2022-08,3,-3,0
15545.0,"Hyndman, PA",2022-09,2,-2,0
15545.0,"Hyndman, PA",2022-10,1,-1,0
15545.0,"Hyndman, PA",2022-11,0,0,1
15545.0,"Hyndman, PA",2022-12,-1,1,0
15546.0,"Jenners, PA",2022-01,10,-10,0
15546.0,"Jenners, PA",2022-02,9,-9,0
15546.0,"Jenners, PA",2022-03,8,-8,0
15546.0,"Jenners, PA",2022-04,7,-7,0
15546.0,"Jenners, PA",2022-05,6,-6,0
15546.0,"Jenners, PA",2022-06,5,-5,0
15546.0,"Jenners, PA",2022-07,4,-4,0
15546.0,"Jenners, PA",2022-08,3,-3,0
15546.0,"Jenners, PA",2022-09,2,-2,0
15546.0,"Jenners, PA",2022-10,1,-1,0
15546.0,"Jenners, PA",2022-11,0,0,1
15546.0,"Jenners, PA",2022-12,-1,1,0
15547.0,"Jennerstown, PA",2022-01,10,-10,0
15547.0,"Jennerstown, PA",2022-02,9,-9,0
15547.0,"Jennerstown, PA",2022-03,8,-8,0
15547.0,"Jennerstown, PA",2022-04,7,-7,0
15547.0,"Jennerstown, PA",2022-05,6,-6,0
15547.0,"Jennerstown, PA",2022-06,5,-5,0
15547.0,"Jennerstown, PA",2022-07,4,-4,0
15547.0,"Jennerstown, PA",2022-08,3,-3,0
15547.0,"Jennerstown, PA",2022-09,2,-2,0
15547.0,"Jennerstown, PA",2022-10,1,-1,0
15547.0,"Jennerstown, PA",2022-11,0,0,1
15547.0,"Jennerstown, PA",2022-12,-1,1,0
15550.0,"Manns Choice, PA",2022-01,10,-10,0
15550.0,"Manns Choice, PA",2022-02,9,-9,0
15550.0,"Manns Choice, PA",2022-03,8,-8,0
15550.0,"Manns Choice, PA",2022-04,7,-7,0
15550.0,"Manns Choice, PA",2022-05,6,-6,0
15550.0,"Manns Choice, PA",2022-06,5,-5,0
15550.0,"Manns Choice, PA",2022-07,4,-4,0
15550.0,"Manns Choice, PA",2022-08,3,-3,0
15550.0,"Manns Choice, PA",2022-09,2,-2,0
15550.0,"Manns Choice, PA",2022-10,1,-1,0
15550.0,"Manns Choice, PA",2022-11,0,0,1
15550.0,"Manns Choice, PA",2022-12,-1,1,0
15551.0,"Markleton, PA",2022-01,10,-10,0
15551.0,"Markleton, PA",2022-02,9,-9,0
15551.0,"Markleton, PA",2022-03,8,-8,0
15551.0,"Markleton, PA",2022-04,7,-7,0
15551.0,"Markleton, PA",2022-05,6,-6,0
15551.0,"Markleton, PA",2022-06,5,-5,0
15551.0,"Markleton, PA",2022-07,4,-4,0
15551.0,"Markleton, PA",2022-08,3,-3,0
15551.0,"Markleton, PA",2022-09,2,-2,0
15551.0,"Markleton, PA",2022-10,1,-1,0
15551.0,"Markleton, PA",2022-11,0,0,1
15551.0,"Markleton, PA",2022-12,-1,1,0
15552.0,"Meyersdale, PA",2022-01,10,-10,0
15552.0,"Meyersdale, PA",2022-02,9,-9,0
15552.0,"Meyersdale, PA",2022-03,8,-8,0
15552.0,"Meyersdale, PA",2022-04,7,-7,0
15552.0,"Meyersdale, PA",2022-05,6,-6,0
15552.0,"Meyersdale, PA",2022-06,5,-5,0
15552.0,"Meyersdale, PA",2022-07,4,-4,0
15552.0,"Meyersdale, PA",2022-08,3,-3,0
15552.0,"Meyersdale, PA",2022-09,2,-2,0
15552.0,"Meyersdale, PA",2022-10,1,-1,0
15552.0,"Meyersdale, PA",2022-11,0,0,1
15552.0,"Meyersdale, PA",2022-12,-1,1,0
15554.0,"New Paris, PA",2022-01,10,-10,0
15554.0,"New Paris, PA",2022-02,9,-9,0
15554.0,"New Paris, PA",2022-03,8,-8,0
15554.0,"New Paris, PA",2022-04,7,-7,0
15554.0,"New Paris, PA",2022-05,6,-6,0
15554.0,"New Paris, PA",2022-06,5,-5,0
15554.0,"New Paris, PA",2022-07,4,-4,0
15554.0,"New Paris, PA",2022-08,3,-3,0
15554.0,"New Paris, PA",2022-09,2,-2,0
15554.0,"New Paris, PA",2022-10,1,-1,0
15554.0,"New Paris, PA",2022-11,0,0,1
15554.0,"New Paris, PA",2022-12,-1,1,0
15555.0,"Quecreek, PA",2022-01,10,-10,0
15555.0,"Quecreek, PA",2022-02,9,-9,0
15555.0,"Quecreek, PA",2022-03,8,-8,0
15555.0,"Quecreek, PA",2022-04,7,-7,0
15555.0,"Quecreek, PA",2022-05,6,-6,0
15555.0,"Quecreek, PA",2022-06,5,-5,0
15555.0,"Quecreek, PA",2022-07,4,-4,0
15555.0,"Quecreek, PA",2022-08,3,-3,0
15555.0,"Quecreek, PA",2022-09,2,-2,0
15555.0,"Quecreek, PA",2022-10,1,-1,0
15555.0,"Quecreek, PA",2022-11,0,0,1
15555.0,"Quecreek, PA",2022-12,-1,1,0
15557.0,"Rockwood, PA",2022-01,10,-10,0
15557.0,"Rockwood, PA",2022-02,9,-9,0
15557.0,"Rockwood, PA",2022-03,8,-8,0
15557.0,"Rockwood, PA",2022-04,7,-7,0
15557.0,"Rockwood, PA",2022-05,6,-6,0
15557.0,"Rockwood, PA",2022-06,5,-5,0
15557.0,"Rockwood, PA",2022-07,4,-4,0
15557.0,"Rockwood, PA",2022-08,3,-3,0
15557.0,"Rockwood, PA",2022-09,2,-2,0
15557.0,"Rockwood, PA",2022-10,1,-1,0
15557.0,"Rockwood, PA",2022-11,0,0,1
15557.0,"Rockwood, PA",2022-12,-1,1,0
15558.0,"Salisbury, PA",2022-01,10,-10,0
15558.0,"Salisbury, PA",2022-02,9,-9,0
15558.0,"Salisbury, PA",2022-03,8,-8,0
15558.0,"Salisbury, PA",2022-04,7,-7,0
15558.0,"Salisbury, PA",2022-05,6,-6,0
15558.0,"Salisbury, PA",2022-06,5,-5,0
15558.0,"Salisbury, PA",2022-07,4,-4,0
15558.0,"Salisbury, PA",2022-08,3,-3,0
15558.0,"Salisbury, PA",2022-09,2,-2,0
15558.0,"Salisbury, PA",2022-10,1,-1,0
15558.0,"Salisbury, PA",2022-11,0,0,1
15558.0,"Salisbury, PA",2022-12,-1,1,0
15559.0,"Schellsburg, PA",2022-01,10,-10,0
15559.0,"Schellsburg, PA",2022-02,9,-9,0
15559.0,"Schellsburg, PA",2022-03,8,-8,0
15559.0,"Schellsburg, PA",2022-04,7,-7,0
15559.0,"Schellsburg, PA",2022-05,6,-6,0
15559.0,"Schellsburg, PA",2022-06,5,-5,0
15559.0,"Schellsburg, PA",2022-07,4,-4,0
15559.0,"Schellsburg, PA",2022-08,3,-3,0
15559.0,"Schellsburg, PA",2022-09,2,-2,0
15559.0,"Schellsburg, PA",2022-10,1,-1,0
15559.0,"Schellsburg, PA",2022-11,0,0,1
15559.0,"Schellsburg, PA",2022-12,-1,1,0
15560.0,"Shanksville, PA",2022-01,10,-10,0
15560.0,"Shanksville, PA",2022-02,9,-9,0
15560.0,"Shanksville, PA",2022-03,8,-8,0
15560.0,"Shanksville, PA",2022-04,7,-7,0
15560.0,"Shanksville, PA",2022-05,6,-6,0
15560.0,"Shanksville, PA",2022-06,5,-5,0
15560.0,"Shanksville, PA",2022-07,4,-4,0
15560.0,"Shanksville, PA",2022-08,3,-3,0
15560.0,"Shanksville, PA",2022-09,2,-2,0
15560.0,"Shanksville, PA",2022-10,1,-1,0
15560.0,"Shanksville, PA",2022-11,0,0,1
15560.0,"Shanksville, PA",2022-12,-1,1,0
15561.0,"Sipesville, PA",2022-01,10,-10,0
15561.0,"Sipesville, PA",2022-02,9,-9,0
15561.0,"Sipesville, PA",2022-03,8,-8,0
15561.0,"Sipesville, PA",2022-04,7,-7,0
15561.0,"Sipesville, PA",2022-05,6,-6,0
15561.0,"Sipesville, PA",2022-06,5,-5,0
15561.0,"Sipesville, PA",2022-07,4,-4,0
15561.0,"Sipesville, PA",2022-08,3,-3,0
15561.0,"Sipesville, PA",2022-09,2,-2,0
15561.0,"Sipesville, PA",2022-10,1,-1,0
15561.0,"Sipesville, PA",2022-11,0,0,1
15561.0,"Sipesville, PA",2022-12,-1,1,0
15562.0,"Springs, PA",2022-01,10,-10,0
15562.0,"Springs, PA",2022-02,9,-9,0
15562.0,"Springs, PA",2022-03,8,-8,0
15562.0,"Springs, PA",2022-04,7,-7,0
15562.0,"Springs, PA",2022-05,6,-6,0
15562.0,"Springs, PA",2022-06,5,-5,0
15562.0,"Springs, PA",2022-07,4,-4,0
15562.0,"Springs, PA",2022-08,3,-3,0
15562.0,"Springs, PA",2022-09,2,-2,0
15562.0,"Springs, PA",2022-10,1,-1,0
15562.0,"Springs, PA",2022-11,0,0,1
15562.0,"Springs, PA",2022-12,-1,1,0
15563.0,"Stoystown, PA",2022-01,10,-10,0
15563.0,"Stoystown, PA",2022-02,9,-9,0
15563.0,"Stoystown, PA",2022-03,8,-8,0
15563.0,"Stoystown, PA",2022-04,7,-7,0
15563.0,"Stoystown, PA",2022-05,6,-6,0
15563.0,"Stoystown, PA",2022-06,5,-5,0
15563.0,"Stoystown, PA",2022-07,4,-4,0
15563.0,"Stoystown, PA",2022-08,3,-3,0
15563.0,"Stoystown, PA",2022-09,2,-2,0
15563.0,"Stoystown, PA",2022-10,1,-1,0
15563.0,"Stoystown, PA",2022-11,0,0,1
15563.0,"Stoystown, PA",2022-12,-1,1,0
15564.0,"Wellersburg, PA",2022-01,10,-10,0
15564.0,"Wellersburg, PA",2022-02,9,-9,0
15564.0,"Wellersburg, PA",2022-03,8,-8,0
15564.0,"Wellersburg, PA",2022-04,7,-7,0
15564.0,"Wellersburg, PA",2022-05,6,-6,0
15564.0,"Wellersburg, PA",2022-06,5,-5,0
15564.0,"Wellersburg, PA",2022-07,4,-4,0
15564.0,"Wellersburg, PA",2022-08,3,-3,0
15564.0,"Wellersburg, PA",2022-09,2,-2,0
15564.0,"Wellersburg, PA",2022-10,1,-1,0
15564.0,"Wellersburg, PA",2022-11,0,0,1
15564.0,"Wellersburg, PA",2022-12,-1,1,0
15565.0,"West Salisbury, PA",2022-01,10,-10,0
15565.0,"West Salisbury, PA",2022-02,9,-9,0
15565.0,"West Salisbury, PA",2022-03,8,-8,0
15565.0,"West Salisbury, PA",2022-04,7,-7,0
15565.0,"West Salisbury, PA",2022-05,6,-6,0
15565.0,"West Salisbury, PA",2022-06,5,-5,0
15565.0,"West Salisbury, PA",2022-07,4,-4,0
15565.0,"West Salisbury, PA",2022-08,3,-3,0
15565.0,"West Salisbury, PA",2022-09,2,-2,0
15565.0,"West Salisbury, PA",2022-10,1,-1,0
15565.0,"West Salisbury, PA",2022-11,0,0,1
15565.0,"West Salisbury, PA",2022-12,-1,1,0
15601.0,"Greensburg, PA",2022-01,10,-10,0
15601.0,"Greensburg, PA",2022-02,9,-9,0
15601.0,"Greensburg, PA",2022-03,8,-8,0
15601.0,"Greensburg, PA",2022-04,7,-7,0
15601.0,"Greensburg, PA",2022-05,6,-6,0
15601.0,"Greensburg, PA",2022-06,5,-5,0
15601.0,"Greensburg, PA",2022-07,4,-4,0
15601.0,"Greensburg, PA",2022-08,3,-3,0
15601.0,"Greensburg, PA",2022-09,2,-2,0
15601.0,"Greensburg, PA",2022-10,1,-1,0
15601.0,"Greensburg, PA",2022-11,0,0,1
15601.0,"Greensburg, PA",2022-12,-1,1,0
15610.0,"Acme, PA",2022-01,10,-10,0
15610.0,"Acme, PA",2022-02,9,-9,0
15610.0,"Acme, PA",2022-03,8,-8,0
15610.0,"Acme, PA",2022-04,7,-7,0
15610.0,"Acme, PA",2022-05,6,-6,0
15610.0,"Acme, PA",2022-06,5,-5,0
15610.0,"Acme, PA",2022-07,4,-4,0
15610.0,"Acme, PA",2022-08,3,-3,0
15610.0,"Acme, PA",2022-09,2,-2,0
15610.0,"Acme, PA",2022-10,1,-1,0
15610.0,"Acme, PA",2022-11,0,0,1
15610.0,"Acme, PA",2022-12,-1,1,0
15611.0,"Adamsburg, PA",2022-01,10,-10,0
15611.0,"Adamsburg, PA",2022-02,9,-9,0
15611.0,"Adamsburg, PA",2022-03,8,-8,0
15611.0,"Adamsburg, PA",2022-04,7,-7,0
15611.0,"Adamsburg, PA",2022-05,6,-6,0
15611.0,"Adamsburg, PA",2022-06,5,-5,0
15611.0,"Adamsburg, PA",2022-07,4,-4,0
15611.0,"Adamsburg, PA",2022-08,3,-3,0
15611.0,"Adamsburg, PA",2022-09,2,-2,0
15611.0,"Adamsburg, PA",2022-10,1,-1,0
15611.0,"Adamsburg, PA",2022-11,0,0,1
15611.0,"Adamsburg, PA",2022-12,-1,1,0
15612.0,"Alverton, PA",2022-01,10,-10,0
15612.0,"Alverton, PA",2022-02,9,-9,0
15612.0,"Alverton, PA",2022-03,8,-8,0
15612.0,"Alverton, PA",2022-04,7,-7,0
15612.0,"Alverton, PA",2022-05,6,-6,0
15612.0,"Alverton, PA",2022-06,5,-5,0
15612.0,"Alverton, PA",2022-07,4,-4,0
15612.0,"Alverton, PA",2022-08,3,-3,0
15612.0,"Alverton, PA",2022-09,2,-2,0
15612.0,"Alverton, PA",2022-10,1,-1,0
15612.0,"Alverton, PA",2022-11,0,0,1
15612.0,"Alverton, PA",2022-12,-1,1,0
15613.0,"Apollo, PA",2022-01,10,-10,0
15613.0,"Apollo, PA",2022-02,9,-9,0
15613.0,"Apollo, PA",2022-03,8,-8,0
15613.0,"Apollo, PA",2022-04,7,-7,0
15613.0,"Apollo, PA",2022-05,6,-6,0
15613.0,"Apollo, PA",2022-06,5,-5,0
15613.0,"Apollo, PA",2022-07,4,-4,0
15613.0,"Apollo, PA",2022-08,3,-3,0
15613.0,"Apollo, PA",2022-09,2,-2,0
15613.0,"Apollo, PA",2022-10,1,-1,0
15613.0,"Apollo, PA",2022-11,0,0,1
15613.0,"Apollo, PA",2022-12,-1,1,0
15615.0,"Ardara, PA",2022-01,10,-10,0
15615.0,"Ardara, PA",2022-02,9,-9,0
15615.0,"Ardara, PA",2022-03,8,-8,0
15615.0,"Ardara, PA",2022-04,7,-7,0
15615.0,"Ardara, PA",2022-05,6,-6,0
15615.0,"Ardara, PA",2022-06,5,-5,0
15615.0,"Ardara, PA",2022-07,4,-4,0
15615.0,"Ardara, PA",2022-08,3,-3,0
15615.0,"Ardara, PA",2022-09,2,-2,0
15615.0,"Ardara, PA",2022-10,1,-1,0
15615.0,"Ardara, PA",2022-11,0,0,1
15615.0,"Ardara, PA",2022-12,-1,1,0
15616.0,"Armbrust, PA",2022-01,10,-10,0
15616.0,"Armbrust, PA",2022-02,9,-9,0
15616.0,"Armbrust, PA",2022-03,8,-8,0
15616.0,"Armbrust, PA",2022-04,7,-7,0
15616.0,"Armbrust, PA",2022-05,6,-6,0
15616.0,"Armbrust, PA",2022-06,5,-5,0
15616.0,"Armbrust, PA",2022-07,4,-4,0
15616.0,"Armbrust, PA",2022-08,3,-3,0
15616.0,"Armbrust, PA",2022-09,2,-2,0
15616.0,"Armbrust, PA",2022-10,1,-1,0
15616.0,"Armbrust, PA",2022-11,0,0,1
15616.0,"Armbrust, PA",2022-12,-1,1,0
15617.0,"Arona, PA",2022-01,10,-10,0
15617.0,"Arona, PA",2022-02,9,-9,0
15617.0,"Arona, PA",2022-03,8,-8,0
15617.0,"Arona, PA",2022-04,7,-7,0
15617.0,"Arona, PA",2022-05,6,-6,0
15617.0,"Arona, PA",2022-06,5,-5,0
15617.0,"Arona, PA",2022-07,4,-4,0
15617.0,"Arona, PA",2022-08,3,-3,0
15617.0,"Arona, PA",2022-09,2,-2,0
15617.0,"Arona, PA",2022-10,1,-1,0
15617.0,"Arona, PA",2022-11,0,0,1
15617.0,"Arona, PA",2022-12,-1,1,0
15618.0,"Avonmore, PA",2022-01,10,-10,0
15618.0,"Avonmore, PA",2022-02,9,-9,0
15618.0,"Avonmore, PA",2022-03,8,-8,0
15618.0,"Avonmore, PA",2022-04,7,-7,0
15618.0,"Avonmore, PA",2022-05,6,-6,0
15618.0,"Avonmore, PA",2022-06,5,-5,0
15618.0,"Avonmore, PA",2022-07,4,-4,0
15618.0,"Avonmore, PA",2022-08,3,-3,0
15618.0,"Avonmore, PA",2022-09,2,-2,0
15618.0,"Avonmore, PA",2022-10,1,-1,0
15618.0,"Avonmore, PA",2022-11,0,0,1
15618.0,"Avonmore, PA",2022-12,-1,1,0
15619.0,"Bovard, PA",2022-01,10,-10,0
15619.0,"Bovard, PA",2022-02,9,-9,0
15619.0,"Bovard, PA",2022-03,8,-8,0
15619.0,"Bovard, PA",2022-04,7,-7,0
15619.0,"Bovard, PA",2022-05,6,-6,0
15619.0,"Bovard, PA",2022-06,5,-5,0
15619.0,"Bovard, PA",2022-07,4,-4,0
15619.0,"Bovard, PA",2022-08,3,-3,0
15619.0,"Bovard, PA",2022-09,2,-2,0
15619.0,"Bovard, PA",2022-10,1,-1,0
15619.0,"Bovard, PA",2022-11,0,0,1
15619.0,"Bovard, PA",2022-12,-1,1,0
15620.0,"Bradenville, PA",2022-01,10,-10,0
15620.0,"Bradenville, PA",2022-02,9,-9,0
15620.0,"Bradenville, PA",2022-03,8,-8,0
15620.0,"Bradenville, PA",2022-04,7,-7,0
15620.0,"Bradenville, PA",2022-05,6,-6,0
15620.0,"Bradenville, PA",2022-06,5,-5,0
15620.0,"Bradenville, PA",2022-07,4,-4,0
15620.0,"Bradenville, PA",2022-08,3,-3,0
15620.0,"Bradenville, PA",2022-09,2,-2,0
15620.0,"Bradenville, PA",2022-10,1,-1,0
15620.0,"Bradenville, PA",2022-11,0,0,1
15620.0,"Bradenville, PA",2022-12,-1,1,0
15622.0,"Champion, PA",2022-01,10,-10,0
15622.0,"Champion, PA",2022-02,9,-9,0
15622.0,"Champion, PA",2022-03,8,-8,0
15622.0,"Champion, PA",2022-04,7,-7,0
15622.0,"Champion, PA",2022-05,6,-6,0
15622.0,"Champion, PA",2022-06,5,-5,0
15622.0,"Champion, PA",2022-07,4,-4,0
15622.0,"Champion, PA",2022-08,3,-3,0
15622.0,"Champion, PA",2022-09,2,-2,0
15622.0,"Champion, PA",2022-10,1,-1,0
15622.0,"Champion, PA",2022-11,0,0,1
15622.0,"Champion, PA",2022-12,-1,1,0
15623.0,"Claridge, PA",2022-01,10,-10,0
15623.0,"Claridge, PA",2022-02,9,-9,0
15623.0,"Claridge, PA",2022-03,8,-8,0
15623.0,"Claridge, PA",2022-04,7,-7,0
15623.0,"Claridge, PA",2022-05,6,-6,0
15623.0,"Claridge, PA",2022-06,5,-5,0
15623.0,"Claridge, PA",2022-07,4,-4,0
15623.0,"Claridge, PA",2022-08,3,-3,0
15623.0,"Claridge, PA",2022-09,2,-2,0
15623.0,"Claridge, PA",2022-10,1,-1,0
15623.0,"Claridge, PA",2022-11,0,0,1
15623.0,"Claridge, PA",2022-12,-1,1,0
15624.0,"Crabtree, PA",2022-01,10,-10,0
15624.0,"Crabtree, PA",2022-02,9,-9,0
15624.0,"Crabtree, PA",2022-03,8,-8,0
15624.0,"Crabtree, PA",2022-04,7,-7,0
15624.0,"Crabtree, PA",2022-05,6,-6,0
15624.0,"Crabtree, PA",2022-06,5,-5,0
15624.0,"Crabtree, PA",2022-07,4,-4,0
15624.0,"Crabtree, PA",2022-08,3,-3,0
15624.0,"Crabtree, PA",2022-09,2,-2,0
15624.0,"Crabtree, PA",2022-10,1,-1,0
15624.0,"Crabtree, PA",2022-11,0,0,1
15624.0,"Crabtree, PA",2022-12,-1,1,0
15625.0,"Darragh, PA",2022-01,10,-10,0
15625.0,"Darragh, PA",2022-02,9,-9,0
15625.0,"Darragh, PA",2022-03,8,-8,0
15625.0,"Darragh, PA",2022-04,7,-7,0
15625.0,"Darragh, PA",2022-05,6,-6,0
15625.0,"Darragh, PA",2022-06,5,-5,0
15625.0,"Darragh, PA",2022-07,4,-4,0
15625.0,"Darragh, PA",2022-08,3,-3,0
15625.0,"Darragh, PA",2022-09,2,-2,0
15625.0,"Darragh, PA",2022-10,1,-1,0
15625.0,"Darragh, PA",2022-11,0,0,1
15625.0,"Darragh, PA",2022-12,-1,1,0
15626.0,"Delmont, PA",2022-01,10,-10,0
15626.0,"Delmont, PA",2022-02,9,-9,0
15626.0,"Delmont, PA",2022-03,8,-8,0
15626.0,"Delmont, PA",2022-04,7,-7,0
15626.0,"Delmont, PA",2022-05,6,-6,0
15626.0,"Delmont, PA",2022-06,5,-5,0
15626.0,"Delmont, PA",2022-07,4,-4,0
15626.0,"Delmont, PA",2022-08,3,-3,0
15626.0,"Delmont, PA",2022-09,2,-2,0
15626.0,"Delmont, PA",2022-10,1,-1,0
15626.0,"Delmont, PA",2022-11,0,0,1
15626.0,"Delmont, PA",2022-12,-1,1,0
15627.0,"Derry, PA",2022-01,10,-10,0
15627.0,"Derry, PA",2022-02,9,-9,0
15627.0,"Derry, PA",2022-03,8,-8,0
15627.0,"Derry, PA",2022-04,7,-7,0
15627.0,"Derry, PA",2022-05,6,-6,0
15627.0,"Derry, PA",2022-06,5,-5,0
15627.0,"Derry, PA",2022-07,4,-4,0
15627.0,"Derry, PA",2022-08,3,-3,0
15627.0,"Derry, PA",2022-09,2,-2,0
15627.0,"Derry, PA",2022-10,1,-1,0
15627.0,"Derry, PA",2022-11,0,0,1
15627.0,"Derry, PA",2022-12,-1,1,0
15628.0,"Donegal, PA",2022-01,10,-10,0
15628.0,"Donegal, PA",2022-02,9,-9,0
15628.0,"Donegal, PA",2022-03,8,-8,0
15628.0,"Donegal, PA",2022-04,7,-7,0
15628.0,"Donegal, PA",2022-05,6,-6,0
15628.0,"Donegal, PA",2022-06,5,-5,0
15628.0,"Donegal, PA",2022-07,4,-4,0
15628.0,"Donegal, PA",2022-08,3,-3,0
15628.0,"Donegal, PA",2022-09,2,-2,0
15628.0,"Donegal, PA",2022-10,1,-1,0
15628.0,"Donegal, PA",2022-11,0,0,1
15628.0,"Donegal, PA",2022-12,-1,1,0
15629.0,"East Vandergrift, PA",2022-01,10,-10,0
15629.0,"East Vandergrift, PA",2022-02,9,-9,0
15629.0,"East Vandergrift, PA",2022-03,8,-8,0
15629.0,"East Vandergrift, PA",2022-04,7,-7,0
15629.0,"East Vandergrift, PA",2022-05,6,-6,0
15629.0,"East Vandergrift, PA",2022-06,5,-5,0
15629.0,"East Vandergrift, PA",2022-07,4,-4,0
15629.0,"East Vandergrift, PA",2022-08,3,-3,0
15629.0,"East Vandergrift, PA",2022-09,2,-2,0
15629.0,"East Vandergrift, PA",2022-10,1,-1,0
15629.0,"East Vandergrift, PA",2022-11,0,0,1
15629.0,"East Vandergrift, PA",2022-12,-1,1,0
15631.0,"Everson, PA",2022-01,10,-10,0
15631.0,"Everson, PA",2022-02,9,-9,0
15631.0,"Everson, PA",2022-03,8,-8,0
15631.0,"Everson, PA",2022-04,7,-7,0
15631.0,"Everson, PA",2022-05,6,-6,0
15631.0,"Everson, PA",2022-06,5,-5,0
15631.0,"Everson, PA",2022-07,4,-4,0
15631.0,"Everson, PA",2022-08,3,-3,0
15631.0,"Everson, PA",2022-09,2,-2,0
15631.0,"Everson, PA",2022-10,1,-1,0
15631.0,"Everson, PA",2022-11,0,0,1
15631.0,"Everson, PA",2022-12,-1,1,0
15632.0,"Export, PA",2022-01,10,-10,0
15632.0,"Export, PA",2022-02,9,-9,0
15632.0,"Export, PA",2022-03,8,-8,0
15632.0,"Export, PA",2022-04,7,-7,0
15632.0,"Export, PA",2022-05,6,-6,0
15632.0,"Export, PA",2022-06,5,-5,0
15632.0,"Export, PA",2022-07,4,-4,0
15632.0,"Export, PA",2022-08,3,-3,0
15632.0,"Export, PA",2022-09,2,-2,0
15632.0,"Export, PA",2022-10,1,-1,0
15632.0,"Export, PA",2022-11,0,0,1
15632.0,"Export, PA",2022-12,-1,1,0
15633.0,"Forbes Road, PA",2022-01,10,-10,0
15633.0,"Forbes Road, PA",2022-02,9,-9,0
15633.0,"Forbes Road, PA",2022-03,8,-8,0
15633.0,"Forbes Road, PA",2022-04,7,-7,0
15633.0,"Forbes Road, PA",2022-05,6,-6,0
15633.0,"Forbes Road, PA",2022-06,5,-5,0
15633.0,"Forbes Road, PA",2022-07,4,-4,0
15633.0,"Forbes Road, PA",2022-08,3,-3,0
15633.0,"Forbes Road, PA",2022-09,2,-2,0
15633.0,"Forbes Road, PA",2022-10,1,-1,0
15633.0,"Forbes Road, PA",2022-11,0,0,1
15633.0,"Forbes Road, PA",2022-12,-1,1,0
15634.0,"Grapeville, PA",2022-01,10,-10,0
15634.0,"Grapeville, PA",2022-02,9,-9,0
15634.0,"Grapeville, PA",2022-03,8,-8,0
15634.0,"Grapeville, PA",2022-04,7,-7,0
15634.0,"Grapeville, PA",2022-05,6,-6,0
15634.0,"Grapeville, PA",2022-06,5,-5,0
15634.0,"Grapeville, PA",2022-07,4,-4,0
15634.0,"Grapeville, PA",2022-08,3,-3,0
15634.0,"Grapeville, PA",2022-09,2,-2,0
15634.0,"Grapeville, PA",2022-10,1,-1,0
15634.0,"Grapeville, PA",2022-11,0,0,1
15634.0,"Grapeville, PA",2022-12,-1,1,0
15635.0,"Hannastown, PA",2022-01,10,-10,0
15635.0,"Hannastown, PA",2022-02,9,-9,0
15635.0,"Hannastown, PA",2022-03,8,-8,0
15635.0,"Hannastown, PA",2022-04,7,-7,0
15635.0,"Hannastown, PA",2022-05,6,-6,0
15635.0,"Hannastown, PA",2022-06,5,-5,0
15635.0,"Hannastown, PA",2022-07,4,-4,0
15635.0,"Hannastown, PA",2022-08,3,-3,0
15635.0,"Hannastown, PA",2022-09,2,-2,0
15635.0,"Hannastown, PA",2022-10,1,-1,0
15635.0,"Hannastown, PA",2022-11,0,0,1
15635.0,"Hannastown, PA",2022-12,-1,1,0
15636.0,"Harrison City, PA",2022-01,10,-10,0
15636.0,"Harrison City, PA",2022-02,9,-9,0
15636.0,"Harrison City, PA",2022-03,8,-8,0
15636.0,"Harrison City, PA",2022-04,7,-7,0
15636.0,"Harrison City, PA",2022-05,6,-6,0
15636.0,"Harrison City, PA",2022-06,5,-5,0
15636.0,"Harrison City, PA",2022-07,4,-4,0
15636.0,"Harrison City, PA",2022-08,3,-3,0
15636.0,"Harrison City, PA",2022-09,2,-2,0
15636.0,"Harrison City, PA",2022-10,1,-1,0
15636.0,"Harrison City, PA",2022-11,0,0,1
15636.0,"Harrison City, PA",2022-12,-1,1,0
15637.0,"Herminie, PA",2022-01,10,-10,0
15637.0,"Herminie, PA",2022-02,9,-9,0
15637.0,"Herminie, PA",2022-03,8,-8,0
15637.0,"Herminie, PA",2022-04,7,-7,0
15637.0,"Herminie, PA",2022-05,6,-6,0
15637.0,"Herminie, PA",2022-06,5,-5,0
15637.0,"Herminie, PA",2022-07,4,-4,0
15637.0,"Herminie, PA",2022-08,3,-3,0
15637.0,"Herminie, PA",2022-09,2,-2,0
15637.0,"Herminie, PA",2022-10,1,-1,0
15637.0,"Herminie, PA",2022-11,0,0,1
15637.0,"Herminie, PA",2022-12,-1,1,0
15638.0,"Hostetter, PA",2022-01,10,-10,0
15638.0,"Hostetter, PA",2022-02,9,-9,0
15638.0,"Hostetter, PA",2022-03,8,-8,0
15638.0,"Hostetter, PA",2022-04,7,-7,0
15638.0,"Hostetter, PA",2022-05,6,-6,0
15638.0,"Hostetter, PA",2022-06,5,-5,0
15638.0,"Hostetter, PA",2022-07,4,-4,0
15638.0,"Hostetter, PA",2022-08,3,-3,0
15638.0,"Hostetter, PA",2022-09,2,-2,0
15638.0,"Hostetter, PA",2022-10,1,-1,0
15638.0,"Hostetter, PA",2022-11,0,0,1
15638.0,"Hostetter, PA",2022-12,-1,1,0
15639.0,"Hunker, PA",2022-01,10,-10,0
15639.0,"Hunker, PA",2022-02,9,-9,0
15639.0,"Hunker, PA",2022-03,8,-8,0
15639.0,"Hunker, PA",2022-04,7,-7,0
15639.0,"Hunker, PA",2022-05,6,-6,0
15639.0,"Hunker, PA",2022-06,5,-5,0
15639.0,"Hunker, PA",2022-07,4,-4,0
15639.0,"Hunker, PA",2022-08,3,-3,0
15639.0,"Hunker, PA",2022-09,2,-2,0
15639.0,"Hunker, PA",2022-10,1,-1,0
15639.0,"Hunker, PA",2022-11,0,0,1
15639.0,"Hunker, PA",2022-12,-1,1,0
15640.0,"Hutchinson, PA",2022-01,10,-10,0
15640.0,"Hutchinson, PA",2022-02,9,-9,0
15640.0,"Hutchinson, PA",2022-03,8,-8,0
15640.0,"Hutchinson, PA",2022-04,7,-7,0
15640.0,"Hutchinson, PA",2022-05,6,-6,0
15640.0,"Hutchinson, PA",2022-06,5,-5,0
15640.0,"Hutchinson, PA",2022-07,4,-4,0
15640.0,"Hutchinson, PA",2022-08,3,-3,0
15640.0,"Hutchinson, PA",2022-09,2,-2,0
15640.0,"Hutchinson, PA",2022-10,1,-1,0
15640.0,"Hutchinson, PA",2022-11,0,0,1
15640.0,"Hutchinson, PA",2022-12,-1,1,0
15641.0,"Hyde Park, PA",2022-01,10,-10,0
15641.0,"Hyde Park, PA",2022-02,9,-9,0
15641.0,"Hyde Park, PA",2022-03,8,-8,0
15641.0,"Hyde Park, PA",2022-04,7,-7,0
15641.0,"Hyde Park, PA",2022-05,6,-6,0
15641.0,"Hyde Park, PA",2022-06,5,-5,0
15641.0,"Hyde Park, PA",2022-07,4,-4,0
15641.0,"Hyde Park, PA",2022-08,3,-3,0
15641.0,"Hyde Park, PA",2022-09,2,-2,0
15641.0,"Hyde Park, PA",2022-10,1,-1,0
15641.0,"Hyde Park, PA",2022-11,0,0,1
15641.0,"Hyde Park, PA",2022-12,-1,1,0
15642.0,"Irwin, PA",2022-01,10,-10,0
15642.0,"Irwin, PA",2022-02,9,-9,0
15642.0,"Irwin, PA",2022-03,8,-8,0
15642.0,"Irwin, PA",2022-04,7,-7,0
15642.0,"Irwin, PA",2022-05,6,-6,0
15642.0,"Irwin, PA",2022-06,5,-5,0
15642.0,"Irwin, PA",2022-07,4,-4,0
15642.0,"Irwin, PA",2022-08,3,-3,0
15642.0,"Irwin, PA",2022-09,2,-2,0
15642.0,"Irwin, PA",2022-10,1,-1,0
15642.0,"Irwin, PA",2022-11,0,0,1
15642.0,"Irwin, PA",2022-12,-1,1,0
15644.0,"Jeannette, PA",2022-01,10,-10,0
15644.0,"Jeannette, PA",2022-02,9,-9,0
15644.0,"Jeannette, PA",2022-03,8,-8,0
15644.0,"Jeannette, PA",2022-04,7,-7,0
15644.0,"Jeannette, PA",2022-05,6,-6,0
15644.0,"Jeannette, PA",2022-06,5,-5,0
15644.0,"Jeannette, PA",2022-07,4,-4,0
15644.0,"Jeannette, PA",2022-08,3,-3,0
15644.0,"Jeannette, PA",2022-09,2,-2,0
15644.0,"Jeannette, PA",2022-10,1,-1,0
15644.0,"Jeannette, PA",2022-11,0,0,1
15644.0,"Jeannette, PA",2022-12,-1,1,0
15646.0,"Jones Mills, PA",2022-01,10,-10,0
15646.0,"Jones Mills, PA",2022-02,9,-9,0
15646.0,"Jones Mills, PA",2022-03,8,-8,0
15646.0,"Jones Mills, PA",2022-04,7,-7,0
15646.0,"Jones Mills, PA",2022-05,6,-6,0
15646.0,"Jones Mills, PA",2022-06,5,-5,0
15646.0,"Jones Mills, PA",2022-07,4,-4,0
15646.0,"Jones Mills, PA",2022-08,3,-3,0
15646.0,"Jones Mills, PA",2022-09,2,-2,0
15646.0,"Jones Mills, PA",2022-10,1,-1,0
15646.0,"Jones Mills, PA",2022-11,0,0,1
15646.0,"Jones Mills, PA",2022-12,-1,1,0
15647.0,"Larimer, PA",2022-01,10,-10,0
15647.0,"Larimer, PA",2022-02,9,-9,0
15647.0,"Larimer, PA",2022-03,8,-8,0
15647.0,"Larimer, PA",2022-04,7,-7,0
15647.0,"Larimer, PA",2022-05,6,-6,0
15647.0,"Larimer, PA",2022-06,5,-5,0
15647.0,"Larimer, PA",2022-07,4,-4,0
15647.0,"Larimer, PA",2022-08,3,-3,0
15647.0,"Larimer, PA",2022-09,2,-2,0
15647.0,"Larimer, PA",2022-10,1,-1,0
15647.0,"Larimer, PA",2022-11,0,0,1
15647.0,"Larimer, PA",2022-12,-1,1,0
15650.0,"Latrobe, PA",2022-01,10,-10,0
15650.0,"Latrobe, PA",2022-02,9,-9,0
15650.0,"Latrobe, PA",2022-03,8,-8,0
15650.0,"Latrobe, PA",2022-04,7,-7,0
15650.0,"Latrobe, PA",2022-05,6,-6,0
15650.0,"Latrobe, PA",2022-06,5,-5,0
15650.0,"Latrobe, PA",2022-07,4,-4,0
15650.0,"Latrobe, PA",2022-08,3,-3,0
15650.0,"Latrobe, PA",2022-09,2,-2,0
15650.0,"Latrobe, PA",2022-10,1,-1,0
15650.0,"Latrobe, PA",2022-11,0,0,1
15650.0,"Latrobe, PA",2022-12,-1,1,0
15655.0,"Laughlintown, PA",2022-01,10,-10,0
15655.0,"Laughlintown, PA",2022-02,9,-9,0
15655.0,"Laughlintown, PA",2022-03,8,-8,0
15655.0,"Laughlintown, PA",2022-04,7,-7,0
15655.0,"Laughlintown, PA",2022-05,6,-6,0
15655.0,"Laughlintown, PA",2022-06,5,-5,0
15655.0,"Laughlintown, PA",2022-07,4,-4,0
15655.0,"Laughlintown, PA",2022-08,3,-3,0
15655.0,"Laughlintown, PA",2022-09,2,-2,0
15655.0,"Laughlintown, PA",2022-10,1,-1,0
15655.0,"Laughlintown, PA",2022-11,0,0,1
15655.0,"Laughlintown, PA",2022-12,-1,1,0
15656.0,"Leechburg, PA",2022-01,10,-10,0
15656.0,"Leechburg, PA",2022-02,9,-9,0
15656.0,"Leechburg, PA",2022-03,8,-8,0
15656.0,"Leechburg, PA",2022-04,7,-7,0
15656.0,"Leechburg, PA",2022-05,6,-6,0
15656.0,"Leechburg, PA",2022-06,5,-5,0
15656.0,"Leechburg, PA",2022-07,4,-4,0
15656.0,"Leechburg, PA",2022-08,3,-3,0
15656.0,"Leechburg, PA",2022-09,2,-2,0
15656.0,"Leechburg, PA",2022-10,1,-1,0
15656.0,"Leechburg, PA",2022-11,0,0,1
15656.0,"Leechburg, PA",2022-12,-1,1,0
15658.0,"Ligonier, PA",2022-01,10,-10,0
15658.0,"Ligonier, PA",2022-02,9,-9,0
15658.0,"Ligonier, PA",2022-03,8,-8,0
15658.0,"Ligonier, PA",2022-04,7,-7,0
15658.0,"Ligonier, PA",2022-05,6,-6,0
15658.0,"Ligonier, PA",2022-06,5,-5,0
15658.0,"Ligonier, PA",2022-07,4,-4,0
15658.0,"Ligonier, PA",2022-08,3,-3,0
15658.0,"Ligonier, PA",2022-09,2,-2,0
15658.0,"Ligonier, PA",2022-10,1,-1,0
15658.0,"Ligonier, PA",2022-11,0,0,1
15658.0,"Ligonier, PA",2022-12,-1,1,0
15660.0,"Lowber, PA",2022-01,10,-10,0
15660.0,"Lowber, PA",2022-02,9,-9,0
15660.0,"Lowber, PA",2022-03,8,-8,0
15660.0,"Lowber, PA",2022-04,7,-7,0
15660.0,"Lowber, PA",2022-05,6,-6,0
15660.0,"Lowber, PA",2022-06,5,-5,0
15660.0,"Lowber, PA",2022-07,4,-4,0
15660.0,"Lowber, PA",2022-08,3,-3,0
15660.0,"Lowber, PA",2022-09,2,-2,0
15660.0,"Lowber, PA",2022-10,1,-1,0
15660.0,"Lowber, PA",2022-11,0,0,1
15660.0,"Lowber, PA",2022-12,-1,1,0
15661.0,"Loyalhanna, PA",2022-01,10,-10,0
15661.0,"Loyalhanna, PA",2022-02,9,-9,0
15661.0,"Loyalhanna, PA",2022-03,8,-8,0
15661.0,"Loyalhanna, PA",2022-04,7,-7,0
15661.0,"Loyalhanna, PA",2022-05,6,-6,0
15661.0,"Loyalhanna, PA",2022-06,5,-5,0
15661.0,"Loyalhanna, PA",2022-07,4,-4,0
15661.0,"Loyalhanna, PA",2022-08,3,-3,0
15661.0,"Loyalhanna, PA",2022-09,2,-2,0
15661.0,"Loyalhanna, PA",2022-10,1,-1,0
15661.0,"Loyalhanna, PA",2022-11,0,0,1
15661.0,"Loyalhanna, PA",2022-12,-1,1,0
15662.0,"Luxor, PA",2022-01,10,-10,0
15662.0,"Luxor, PA",2022-02,9,-9,0
15662.0,"Luxor, PA",2022-03,8,-8,0
15662.0,"Luxor, PA",2022-04,7,-7,0
15662.0,"Luxor, PA",2022-05,6,-6,0
15662.0,"Luxor, PA",2022-06,5,-5,0
15662.0,"Luxor, PA",2022-07,4,-4,0
15662.0,"Luxor, PA",2022-08,3,-3,0
15662.0,"Luxor, PA",2022-09,2,-2,0
15662.0,"Luxor, PA",2022-10,1,-1,0
15662.0,"Luxor, PA",2022-11,0,0,1
15662.0,"Luxor, PA",2022-12,-1,1,0
15663.0,"Madison, PA",2022-01,10,-10,0
15663.0,"Madison, PA",2022-02,9,-9,0
15663.0,"Madison, PA",2022-03,8,-8,0
15663.0,"Madison, PA",2022-04,7,-7,0
15663.0,"Madison, PA",2022-05,6,-6,0
15663.0,"Madison, PA",2022-06,5,-5,0
15663.0,"Madison, PA",2022-07,4,-4,0
15663.0,"Madison, PA",2022-08,3,-3,0
15663.0,"Madison, PA",2022-09,2,-2,0
15663.0,"Madison, PA",2022-10,1,-1,0
15663.0,"Madison, PA",2022-11,0,0,1
15663.0,"Madison, PA",2022-12,-1,1,0
15665.0,"Manor, PA",2022-01,10,-10,0
15665.0,"Manor, PA",2022-02,9,-9,0
15665.0,"Manor, PA",2022-03,8,-8,0
15665.0,"Manor, PA",2022-04,7,-7,0
15665.0,"Manor, PA",2022-05,6,-6,0
15665.0,"Manor, PA",2022-06,5,-5,0
15665.0,"Manor, PA",2022-07,4,-4,0
15665.0,"Manor, PA",2022-08,3,-3,0
15665.0,"Manor, PA",2022-09,2,-2,0
15665.0,"Manor, PA",2022-10,1,-1,0
15665.0,"Manor, PA",2022-11,0,0,1
15665.0,"Manor, PA",2022-12,-1,1,0
15666.0,"Mount Pleasant, PA",2022-01,10,-10,0
15666.0,"Mount Pleasant, PA",2022-02,9,-9,0
15666.0,"Mount Pleasant, PA",2022-03,8,-8,0
15666.0,"Mount Pleasant, PA",2022-04,7,-7,0
15666.0,"Mount Pleasant, PA",2022-05,6,-6,0
15666.0,"Mount Pleasant, PA",2022-06,5,-5,0
15666.0,"Mount Pleasant, PA",2022-07,4,-4,0
15666.0,"Mount Pleasant, PA",2022-08,3,-3,0
15666.0,"Mount Pleasant, PA",2022-09,2,-2,0
15666.0,"Mount Pleasant, PA",2022-10,1,-1,0
15666.0,"Mount Pleasant, PA",2022-11,0,0,1
15666.0,"Mount Pleasant, PA",2022-12,-1,1,0
15668.0,"Murrysville, PA",2022-01,10,-10,0
15668.0,"Murrysville, PA",2022-02,9,-9,0
15668.0,"Murrysville, PA",2022-03,8,-8,0
15668.0,"Murrysville, PA",2022-04,7,-7,0
15668.0,"Murrysville, PA",2022-05,6,-6,0
15668.0,"Murrysville, PA",2022-06,5,-5,0
15668.0,"Murrysville, PA",2022-07,4,-4,0
15668.0,"Murrysville, PA",2022-08,3,-3,0
15668.0,"Murrysville, PA",2022-09,2,-2,0
15668.0,"Murrysville, PA",2022-10,1,-1,0
15668.0,"Murrysville, PA",2022-11,0,0,1
15668.0,"Murrysville, PA",2022-12,-1,1,0
15670.0,"New Alexandria, PA",2022-01,10,-10,0
15670.0,"New Alexandria, PA",2022-02,9,-9,0
15670.0,"New Alexandria, PA",2022-03,8,-8,0
15670.0,"New Alexandria, PA",2022-04,7,-7,0
15670.0,"New Alexandria, PA",2022-05,6,-6,0
15670.0,"New Alexandria, PA",2022-06,5,-5,0
15670.0,"New Alexandria, PA",2022-07,4,-4,0
15670.0,"New Alexandria, PA",2022-08,3,-3,0
15670.0,"New Alexandria, PA",2022-09,2,-2,0
15670.0,"New Alexandria, PA",2022-10,1,-1,0
15670.0,"New Alexandria, PA",2022-11,0,0,1
15670.0,"New Alexandria, PA",2022-12,-1,1,0
15671.0,"New Derry, PA",2022-01,10,-10,0
15671.0,"New Derry, PA",2022-02,9,-9,0
15671.0,"New Derry, PA",2022-03,8,-8,0
15671.0,"New Derry, PA",2022-04,7,-7,0
15671.0,"New Derry, PA",2022-05,6,-6,0
15671.0,"New Derry, PA",2022-06,5,-5,0
15671.0,"New Derry, PA",2022-07,4,-4,0
15671.0,"New Derry, PA",2022-08,3,-3,0
15671.0,"New Derry, PA",2022-09,2,-2,0
15671.0,"New Derry, PA",2022-10,1,-1,0
15671.0,"New Derry, PA",2022-11,0,0,1
15671.0,"New Derry, PA",2022-12,-1,1,0
15672.0,"New Stanton, PA",2022-01,10,-10,0
15672.0,"New Stanton, PA",2022-02,9,-9,0
15672.0,"New Stanton, PA",2022-03,8,-8,0
15672.0,"New Stanton, PA",2022-04,7,-7,0
15672.0,"New Stanton, PA",2022-05,6,-6,0
15672.0,"New Stanton, PA",2022-06,5,-5,0
15672.0,"New Stanton, PA",2022-07,4,-4,0
15672.0,"New Stanton, PA",2022-08,3,-3,0
15672.0,"New Stanton, PA",2022-09,2,-2,0
15672.0,"New Stanton, PA",2022-10,1,-1,0
15672.0,"New Stanton, PA",2022-11,0,0,1
15672.0,"New Stanton, PA",2022-12,-1,1,0
15673.0,"North Apollo, PA",2022-01,10,-10,0
15673.0,"North Apollo, PA",2022-02,9,-9,0
15673.0,"North Apollo, PA",2022-03,8,-8,0
15673.0,"North Apollo, PA",2022-04,7,-7,0
15673.0,"North Apollo, PA",2022-05,6,-6,0
15673.0,"North Apollo, PA",2022-06,5,-5,0
15673.0,"North Apollo, PA",2022-07,4,-4,0
15673.0,"North Apollo, PA",2022-08,3,-3,0
15673.0,"North Apollo, PA",2022-09,2,-2,0
15673.0,"North Apollo, PA",2022-10,1,-1,0
15673.0,"North Apollo, PA",2022-11,0,0,1
15673.0,"North Apollo, PA",2022-12,-1,1,0
15674.0,"Norvelt, PA",2022-01,10,-10,0
15674.0,"Norvelt, PA",2022-02,9,-9,0
15674.0,"Norvelt, PA",2022-03,8,-8,0
15674.0,"Norvelt, PA",2022-04,7,-7,0
15674.0,"Norvelt, PA",2022-05,6,-6,0
15674.0,"Norvelt, PA",2022-06,5,-5,0
15674.0,"Norvelt, PA",2022-07,4,-4,0
15674.0,"Norvelt, PA",2022-08,3,-3,0
15674.0,"Norvelt, PA",2022-09,2,-2,0
15674.0,"Norvelt, PA",2022-10,1,-1,0
15674.0,"Norvelt, PA",2022-11,0,0,1
15674.0,"Norvelt, PA",2022-12,-1,1,0
15675.0,"Penn, PA",2022-01,10,-10,0
15675.0,"Penn, PA",2022-02,9,-9,0
15675.0,"Penn, PA",2022-03,8,-8,0
15675.0,"Penn, PA",2022-04,7,-7,0
15675.0,"Penn, PA",2022-05,6,-6,0
15675.0,"Penn, PA",2022-06,5,-5,0
15675.0,"Penn, PA",2022-07,4,-4,0
15675.0,"Penn, PA",2022-08,3,-3,0
15675.0,"Penn, PA",2022-09,2,-2,0
15675.0,"Penn, PA",2022-10,1,-1,0
15675.0,"Penn, PA",2022-11,0,0,1
15675.0,"Penn, PA",2022-12,-1,1,0
15676.0,"Pleasant Unity, PA",2022-01,10,-10,0
15676.0,"Pleasant Unity, PA",2022-02,9,-9,0
15676.0,"Pleasant Unity, PA",2022-03,8,-8,0
15676.0,"Pleasant Unity, PA",2022-04,7,-7,0
15676.0,"Pleasant Unity, PA",2022-05,6,-6,0
15676.0,"Pleasant Unity, PA",2022-06,5,-5,0
15676.0,"Pleasant Unity, PA",2022-07,4,-4,0
15676.0,"Pleasant Unity, PA",2022-08,3,-3,0
15676.0,"Pleasant Unity, PA",2022-09,2,-2,0
15676.0,"Pleasant Unity, PA",2022-10,1,-1,0
15676.0,"Pleasant Unity, PA",2022-11,0,0,1
15676.0,"Pleasant Unity, PA",2022-12,-1,1,0
15677.0,"Rector, PA",2022-01,10,-10,0
15677.0,"Rector, PA",2022-02,9,-9,0
15677.0,"Rector, PA",2022-03,8,-8,0
15677.0,"Rector, PA",2022-04,7,-7,0
15677.0,"Rector, PA",2022-05,6,-6,0
15677.0,"Rector, PA",2022-06,5,-5,0
15677.0,"Rector, PA",2022-07,4,-4,0
15677.0,"Rector, PA",2022-08,3,-3,0
15677.0,"Rector, PA",2022-09,2,-2,0
15677.0,"Rector, PA",2022-10,1,-1,0
15677.0,"Rector, PA",2022-11,0,0,1
15677.0,"Rector, PA",2022-12,-1,1,0
15678.0,"Rillton, PA",2022-01,10,-10,0
15678.0,"Rillton, PA",2022-02,9,-9,0
15678.0,"Rillton, PA",2022-03,8,-8,0
15678.0,"Rillton, PA",2022-04,7,-7,0
15678.0,"Rillton, PA",2022-05,6,-6,0
15678.0,"Rillton, PA",2022-06,5,-5,0
15678.0,"Rillton, PA",2022-07,4,-4,0
15678.0,"Rillton, PA",2022-08,3,-3,0
15678.0,"Rillton, PA",2022-09,2,-2,0
15678.0,"Rillton, PA",2022-10,1,-1,0
15678.0,"Rillton, PA",2022-11,0,0,1
15678.0,"Rillton, PA",2022-12,-1,1,0
15679.0,"Ruffs Dale, PA",2022-01,10,-10,0
15679.0,"Ruffs Dale, PA",2022-02,9,-9,0
15679.0,"Ruffs Dale, PA",2022-03,8,-8,0
15679.0,"Ruffs Dale, PA",2022-04,7,-7,0
15679.0,"Ruffs Dale, PA",2022-05,6,-6,0
15679.0,"Ruffs Dale, PA",2022-06,5,-5,0
15679.0,"Ruffs Dale, PA",2022-07,4,-4,0
15679.0,"Ruffs Dale, PA",2022-08,3,-3,0
15679.0,"Ruffs Dale, PA",2022-09,2,-2,0
15679.0,"Ruffs Dale, PA",2022-10,1,-1,0
15679.0,"Ruffs Dale, PA",2022-11,0,0,1
15679.0,"Ruffs Dale, PA",2022-12,-1,1,0
15680.0,"Salina, PA",2022-01,10,-10,0
15680.0,"Salina, PA",2022-02,9,-9,0
15680.0,"Salina, PA",2022-03,8,-8,0
15680.0,"Salina, PA",2022-04,7,-7,0
15680.0,"Salina, PA",2022-05,6,-6,0
15680.0,"Salina, PA",2022-06,5,-5,0
15680.0,"Salina, PA",2022-07,4,-4,0
15680.0,"Salina, PA",2022-08,3,-3,0
15680.0,"Salina, PA",2022-09,2,-2,0
15680.0,"Salina, PA",2022-10,1,-1,0
15680.0,"Salina, PA",2022-11,0,0,1
15680.0,"Salina, PA",2022-12,-1,1,0
15681.0,"Saltsburg, PA",2022-01,10,-10,0
15681.0,"Saltsburg, PA",2022-02,9,-9,0
15681.0,"Saltsburg, PA",2022-03,8,-8,0
15681.0,"Saltsburg, PA",2022-04,7,-7,0
15681.0,"Saltsburg, PA",2022-05,6,-6,0
15681.0,"Saltsburg, PA",2022-06,5,-5,0
15681.0,"Saltsburg, PA",2022-07,4,-4,0
15681.0,"Saltsburg, PA",2022-08,3,-3,0
15681.0,"Saltsburg, PA",2022-09,2,-2,0
15681.0,"Saltsburg, PA",2022-10,1,-1,0
15681.0,"Saltsburg, PA",2022-11,0,0,1
15681.0,"Saltsburg, PA",2022-12,-1,1,0
15682.0,"Schenley, PA",2022-01,10,-10,0
15682.0,"Schenley, PA",2022-02,9,-9,0
15682.0,"Schenley, PA",2022-03,8,-8,0
15682.0,"Schenley, PA",2022-04,7,-7,0
15682.0,"Schenley, PA",2022-05,6,-6,0
15682.0,"Schenley, PA",2022-06,5,-5,0
15682.0,"Schenley, PA",2022-07,4,-4,0
15682.0,"Schenley, PA",2022-08,3,-3,0
15682.0,"Schenley, PA",2022-09,2,-2,0
15682.0,"Schenley, PA",2022-10,1,-1,0
15682.0,"Schenley, PA",2022-11,0,0,1
15682.0,"Schenley, PA",2022-12,-1,1,0
15683.0,"Scottdale, PA",2022-01,10,-10,0
15683.0,"Scottdale, PA",2022-02,9,-9,0
15683.0,"Scottdale, PA",2022-03,8,-8,0
15683.0,"Scottdale, PA",2022-04,7,-7,0
15683.0,"Scottdale, PA",2022-05,6,-6,0
15683.0,"Scottdale, PA",2022-06,5,-5,0
15683.0,"Scottdale, PA",2022-07,4,-4,0
15683.0,"Scottdale, PA",2022-08,3,-3,0
15683.0,"Scottdale, PA",2022-09,2,-2,0
15683.0,"Scottdale, PA",2022-10,1,-1,0
15683.0,"Scottdale, PA",2022-11,0,0,1
15683.0,"Scottdale, PA",2022-12,-1,1,0
15684.0,"Slickville, PA",2022-01,10,-10,0
15684.0,"Slickville, PA",2022-02,9,-9,0
15684.0,"Slickville, PA",2022-03,8,-8,0
15684.0,"Slickville, PA",2022-04,7,-7,0
15684.0,"Slickville, PA",2022-05,6,-6,0
15684.0,"Slickville, PA",2022-06,5,-5,0
15684.0,"Slickville, PA",2022-07,4,-4,0
15684.0,"Slickville, PA",2022-08,3,-3,0
15684.0,"Slickville, PA",2022-09,2,-2,0
15684.0,"Slickville, PA",2022-10,1,-1,0
15684.0,"Slickville, PA",2022-11,0,0,1
15684.0,"Slickville, PA",2022-12,-1,1,0
15686.0,"Spring Church, PA",2022-01,10,-10,0
15686.0,"Spring Church, PA",2022-02,9,-9,0
15686.0,"Spring Church, PA",2022-03,8,-8,0
15686.0,"Spring Church, PA",2022-04,7,-7,0
15686.0,"Spring Church, PA",2022-05,6,-6,0
15686.0,"Spring Church, PA",2022-06,5,-5,0
15686.0,"Spring Church, PA",2022-07,4,-4,0
15686.0,"Spring Church, PA",2022-08,3,-3,0
15686.0,"Spring Church, PA",2022-09,2,-2,0
15686.0,"Spring Church, PA",2022-10,1,-1,0
15686.0,"Spring Church, PA",2022-11,0,0,1
15686.0,"Spring Church, PA",2022-12,-1,1,0
15687.0,"Stahlstown, PA",2022-01,10,-10,0
15687.0,"Stahlstown, PA",2022-02,9,-9,0
15687.0,"Stahlstown, PA",2022-03,8,-8,0
15687.0,"Stahlstown, PA",2022-04,7,-7,0
15687.0,"Stahlstown, PA",2022-05,6,-6,0
15687.0,"Stahlstown, PA",2022-06,5,-5,0
15687.0,"Stahlstown, PA",2022-07,4,-4,0
15687.0,"Stahlstown, PA",2022-08,3,-3,0
15687.0,"Stahlstown, PA",2022-09,2,-2,0
15687.0,"Stahlstown, PA",2022-10,1,-1,0
15687.0,"Stahlstown, PA",2022-11,0,0,1
15687.0,"Stahlstown, PA",2022-12,-1,1,0
15688.0,"Tarrs, PA",2022-01,10,-10,0
15688.0,"Tarrs, PA",2022-02,9,-9,0
15688.0,"Tarrs, PA",2022-03,8,-8,0
15688.0,"Tarrs, PA",2022-04,7,-7,0
15688.0,"Tarrs, PA",2022-05,6,-6,0
15688.0,"Tarrs, PA",2022-06,5,-5,0
15688.0,"Tarrs, PA",2022-07,4,-4,0
15688.0,"Tarrs, PA",2022-08,3,-3,0
15688.0,"Tarrs, PA",2022-09,2,-2,0
15688.0,"Tarrs, PA",2022-10,1,-1,0
15688.0,"Tarrs, PA",2022-11,0,0,1
15688.0,"Tarrs, PA",2022-12,-1,1,0
15689.0,"United, PA",2022-01,10,-10,0
15689.0,"United, PA",2022-02,9,-9,0
15689.0,"United, PA",2022-03,8,-8,0
15689.0,"United, PA",2022-04,7,-7,0
15689.0,"United, PA",2022-05,6,-6,0
15689.0,"United, PA",2022-06,5,-5,0
15689.0,"United, PA",2022-07,4,-4,0
15689.0,"United, PA",2022-08,3,-3,0
15689.0,"United, PA",2022-09,2,-2,0
15689.0,"United, PA",2022-10,1,-1,0
15689.0,"United, PA",2022-11,0,0,1
15689.0,"United, PA",2022-12,-1,1,0
15690.0,"Vandergrift, PA",2022-01,10,-10,0
15690.0,"Vandergrift, PA",2022-02,9,-9,0
15690.0,"Vandergrift, PA",2022-03,8,-8,0
15690.0,"Vandergrift, PA",2022-04,7,-7,0
15690.0,"Vandergrift, PA",2022-05,6,-6,0
15690.0,"Vandergrift, PA",2022-06,5,-5,0
15690.0,"Vandergrift, PA",2022-07,4,-4,0
15690.0,"Vandergrift, PA",2022-08,3,-3,0
15690.0,"Vandergrift, PA",2022-09,2,-2,0
15690.0,"Vandergrift, PA",2022-10,1,-1,0
15690.0,"Vandergrift, PA",2022-11,0,0,1
15690.0,"Vandergrift, PA",2022-12,-1,1,0
15691.0,"Wendel, PA",2022-01,10,-10,0
15691.0,"Wendel, PA",2022-02,9,-9,0
15691.0,"Wendel, PA",2022-03,8,-8,0
15691.0,"Wendel, PA",2022-04,7,-7,0
15691.0,"Wendel, PA",2022-05,6,-6,0
15691.0,"Wendel, PA",2022-06,5,-5,0
15691.0,"Wendel, PA",2022-07,4,-4,0
15691.0,"Wendel, PA",2022-08,3,-3,0
15691.0,"Wendel, PA",2022-09,2,-2,0
15691.0,"Wendel, PA",2022-10,1,-1,0
15691.0,"Wendel, PA",2022-11,0,0,1
15691.0,"Wendel, PA",2022-12,-1,1,0
15692.0,"Westmoreland City, PA",2022-01,10,-10,0
15692.0,"Westmoreland City, PA",2022-02,9,-9,0
15692.0,"Westmoreland City, PA",2022-03,8,-8,0
15692.0,"Westmoreland City, PA",2022-04,7,-7,0
15692.0,"Westmoreland City, PA",2022-05,6,-6,0
15692.0,"Westmoreland City, PA",2022-06,5,-5,0
15692.0,"Westmoreland City, PA",2022-07,4,-4,0
15692.0,"Westmoreland City, PA",2022-08,3,-3,0
15692.0,"Westmoreland City, PA",2022-09,2,-2,0
15692.0,"Westmoreland City, PA",2022-10,1,-1,0
15692.0,"Westmoreland City, PA",2022-11,0,0,1
15692.0,"Westmoreland City, PA",2022-12,-1,1,0
15693.0,"Whitney, PA",2022-01,10,-10,0
15693.0,"Whitney, PA",2022-02,9,-9,0
15693.0,"Whitney, PA",2022-03,8,-8,0
15693.0,"Whitney, PA",2022-04,7,-7,0
15693.0,"Whitney, PA",2022-05,6,-6,0
15693.0,"Whitney, PA",2022-06,5,-5,0
15693.0,"Whitney, PA",2022-07,4,-4,0
15693.0,"Whitney, PA",2022-08,3,-3,0
15693.0,"Whitney, PA",2022-09,2,-2,0
15693.0,"Whitney, PA",2022-10,1,-1,0
15693.0,"Whitney, PA",2022-11,0,0,1
15693.0,"Whitney, PA",2022-12,-1,1,0
15695.0,"Wyano, PA",2022-01,10,-10,0
15695.0,"Wyano, PA",2022-02,9,-9,0
15695.0,"Wyano, PA",2022-03,8,-8,0
15695.0,"Wyano, PA",2022-04,7,-7,0
15695.0,"Wyano, PA",2022-05,6,-6,0
15695.0,"Wyano, PA",2022-06,5,-5,0
15695.0,"Wyano, PA",2022-07,4,-4,0
15695.0,"Wyano, PA",2022-08,3,-3,0
15695.0,"Wyano, PA",2022-09,2,-2,0
15695.0,"Wyano, PA",2022-10,1,-1,0
15695.0,"Wyano, PA",2022-11,0,0,1
15695.0,"Wyano, PA",2022-12,-1,1,0
15696.0,"Youngstown, PA",2022-01,10,-10,0
15696.0,"Youngstown, PA",2022-02,9,-9,0
15696.0,"Youngstown, PA",2022-03,8,-8,0
15696.0,"Youngstown, PA",2022-04,7,-7,0
15696.0,"Youngstown, PA",2022-05,6,-6,0
15696.0,"Youngstown, PA",2022-06,5,-5,0
15696.0,"Youngstown, PA",2022-07,4,-4,0
15696.0,"Youngstown, PA",2022-08,3,-3,0
15696.0,"Youngstown, PA",2022-09,2,-2,0
15696.0,"Youngstown, PA",2022-10,1,-1,0
15696.0,"Youngstown, PA",2022-11,0,0,1
15696.0,"Youngstown, PA",2022-12,-1,1,0
15697.0,"Youngwood, PA",2022-01,10,-10,0
15697.0,"Youngwood, PA",2022-02,9,-9,0
15697.0,"Youngwood, PA",2022-03,8,-8,0
15697.0,"Youngwood, PA",2022-04,7,-7,0
15697.0,"Youngwood, PA",2022-05,6,-6,0
15697.0,"Youngwood, PA",2022-06,5,-5,0
15697.0,"Youngwood, PA",2022-07,4,-4,0
15697.0,"Youngwood, PA",2022-08,3,-3,0
15697.0,"Youngwood, PA",2022-09,2,-2,0
15697.0,"Youngwood, PA",2022-10,1,-1,0
15697.0,"Youngwood, PA",2022-11,0,0,1
15697.0,"Youngwood, PA",2022-12,-1,1,0
15698.0,"Yukon, PA",2022-01,10,-10,0
15698.0,"Yukon, PA",2022-02,9,-9,0
15698.0,"Yukon, PA",2022-03,8,-8,0
15698.0,"Yukon, PA",2022-04,7,-7,0
15698.0,"Yukon, PA",2022-05,6,-6,0
15698.0,"Yukon, PA",2022-06,5,-5,0
15698.0,"Yukon, PA",2022-07,4,-4,0
15698.0,"Yukon, PA",2022-08,3,-3,0
15698.0,"Yukon, PA",2022-09,2,-2,0
15698.0,"Yukon, PA",2022-10,1,-1,0
15698.0,"Yukon, PA",2022-11,0,0,1
15698.0,"Yukon, PA",2022-12,-1,1,0
15701.0,"Indiana, PA",2022-01,10,-10,0
15701.0,"Indiana, PA",2022-02,9,-9,0
15701.0,"Indiana, PA",2022-03,8,-8,0
15701.0,"Indiana, PA",2022-04,7,-7,0
15701.0,"Indiana, PA",2022-05,6,-6,0
15701.0,"Indiana, PA",2022-06,5,-5,0
15701.0,"Indiana, PA",2022-07,4,-4,0
15701.0,"Indiana, PA",2022-08,3,-3,0
15701.0,"Indiana, PA",2022-09,2,-2,0
15701.0,"Indiana, PA",2022-10,1,-1,0
15701.0,"Indiana, PA",2022-11,0,0,1
15701.0,"Indiana, PA",2022-12,-1,1,0
15705.0,"Indiana, PA",2022-01,10,-10,0
15705.0,"Indiana, PA",2022-02,9,-9,0
15705.0,"Indiana, PA",2022-03,8,-8,0
15705.0,"Indiana, PA",2022-04,7,-7,0
15705.0,"Indiana, PA",2022-05,6,-6,0
15705.0,"Indiana, PA",2022-06,5,-5,0
15705.0,"Indiana, PA",2022-07,4,-4,0
15705.0,"Indiana, PA",2022-08,3,-3,0
15705.0,"Indiana, PA",2022-09,2,-2,0
15705.0,"Indiana, PA",2022-10,1,-1,0
15705.0,"Indiana, PA",2022-11,0,0,1
15705.0,"Indiana, PA",2022-12,-1,1,0
15710.0,"Alverda, PA",2022-01,10,-10,0
15710.0,"Alverda, PA",2022-02,9,-9,0
15710.0,"Alverda, PA",2022-03,8,-8,0
15710.0,"Alverda, PA",2022-04,7,-7,0
15710.0,"Alverda, PA",2022-05,6,-6,0
15710.0,"Alverda, PA",2022-06,5,-5,0
15710.0,"Alverda, PA",2022-07,4,-4,0
15710.0,"Alverda, PA",2022-08,3,-3,0
15710.0,"Alverda, PA",2022-09,2,-2,0
15710.0,"Alverda, PA",2022-10,1,-1,0
15710.0,"Alverda, PA",2022-11,0,0,1
15710.0,"Alverda, PA",2022-12,-1,1,0
15711.0,"Anita, PA",2022-01,10,-10,0
15711.0,"Anita, PA",2022-02,9,-9,0
15711.0,"Anita, PA",2022-03,8,-8,0
15711.0,"Anita, PA",2022-04,7,-7,0
15711.0,"Anita, PA",2022-05,6,-6,0
15711.0,"Anita, PA",2022-06,5,-5,0
15711.0,"Anita, PA",2022-07,4,-4,0
15711.0,"Anita, PA",2022-08,3,-3,0
15711.0,"Anita, PA",2022-09,2,-2,0
15711.0,"Anita, PA",2022-10,1,-1,0
15711.0,"Anita, PA",2022-11,0,0,1
15711.0,"Anita, PA",2022-12,-1,1,0
15712.0,"Arcadia, PA",2022-01,10,-10,0
15712.0,"Arcadia, PA",2022-02,9,-9,0
15712.0,"Arcadia, PA",2022-03,8,-8,0
15712.0,"Arcadia, PA",2022-04,7,-7,0
15712.0,"Arcadia, PA",2022-05,6,-6,0
15712.0,"Arcadia, PA",2022-06,5,-5,0
15712.0,"Arcadia, PA",2022-07,4,-4,0
15712.0,"Arcadia, PA",2022-08,3,-3,0
15712.0,"Arcadia, PA",2022-09,2,-2,0
15712.0,"Arcadia, PA",2022-10,1,-1,0
15712.0,"Arcadia, PA",2022-11,0,0,1
15712.0,"Arcadia, PA",2022-12,-1,1,0
15713.0,"Aultman, PA",2022-01,10,-10,0
15713.0,"Aultman, PA",2022-02,9,-9,0
15713.0,"Aultman, PA",2022-03,8,-8,0
15713.0,"Aultman, PA",2022-04,7,-7,0
15713.0,"Aultman, PA",2022-05,6,-6,0
15713.0,"Aultman, PA",2022-06,5,-5,0
15713.0,"Aultman, PA",2022-07,4,-4,0
15713.0,"Aultman, PA",2022-08,3,-3,0
15713.0,"Aultman, PA",2022-09,2,-2,0
15713.0,"Aultman, PA",2022-10,1,-1,0
15713.0,"Aultman, PA",2022-11,0,0,1
15713.0,"Aultman, PA",2022-12,-1,1,0
15714.0,"Barnesboro, PA",2022-01,10,-10,0
15714.0,"Barnesboro, PA",2022-02,9,-9,0
15714.0,"Barnesboro, PA",2022-03,8,-8,0
15714.0,"Barnesboro, PA",2022-04,7,-7,0
15714.0,"Barnesboro, PA",2022-05,6,-6,0
15714.0,"Barnesboro, PA",2022-06,5,-5,0
15714.0,"Barnesboro, PA",2022-07,4,-4,0
15714.0,"Barnesboro, PA",2022-08,3,-3,0
15714.0,"Barnesboro, PA",2022-09,2,-2,0
15714.0,"Barnesboro, PA",2022-10,1,-1,0
15714.0,"Barnesboro, PA",2022-11,0,0,1
15714.0,"Barnesboro, PA",2022-12,-1,1,0
15715.0,"Big Run, PA",2022-01,10,-10,0
15715.0,"Big Run, PA",2022-02,9,-9,0
15715.0,"Big Run, PA",2022-03,8,-8,0
15715.0,"Big Run, PA",2022-04,7,-7,0
15715.0,"Big Run, PA",2022-05,6,-6,0
15715.0,"Big Run, PA",2022-06,5,-5,0
15715.0,"Big Run, PA",2022-07,4,-4,0
15715.0,"Big Run, PA",2022-08,3,-3,0
15715.0,"Big Run, PA",2022-09,2,-2,0
15715.0,"Big Run, PA",2022-10,1,-1,0
15715.0,"Big Run, PA",2022-11,0,0,1
15715.0,"Big Run, PA",2022-12,-1,1,0
15716.0,"Black Lick, PA",2022-01,10,-10,0
15716.0,"Black Lick, PA",2022-02,9,-9,0
15716.0,"Black Lick, PA",2022-03,8,-8,0
15716.0,"Black Lick, PA",2022-04,7,-7,0
15716.0,"Black Lick, PA",2022-05,6,-6,0
15716.0,"Black Lick, PA",2022-06,5,-5,0
15716.0,"Black Lick, PA",2022-07,4,-4,0
15716.0,"Black Lick, PA",2022-08,3,-3,0
15716.0,"Black Lick, PA",2022-09,2,-2,0
15716.0,"Black Lick, PA",2022-10,1,-1,0
15716.0,"Black Lick, PA",2022-11,0,0,1
15716.0,"Black Lick, PA",2022-12,-1,1,0
15717.0,"Blairsville, PA",2022-01,10,-10,0
15717.0,"Blairsville, PA",2022-02,9,-9,0
15717.0,"Blairsville, PA",2022-03,8,-8,0
15717.0,"Blairsville, PA",2022-04,7,-7,0
15717.0,"Blairsville, PA",2022-05,6,-6,0
15717.0,"Blairsville, PA",2022-06,5,-5,0
15717.0,"Blairsville, PA",2022-07,4,-4,0
15717.0,"Blairsville, PA",2022-08,3,-3,0
15717.0,"Blairsville, PA",2022-09,2,-2,0
15717.0,"Blairsville, PA",2022-10,1,-1,0
15717.0,"Blairsville, PA",2022-11,0,0,1
15717.0,"Blairsville, PA",2022-12,-1,1,0
15720.0,"Brush Valley, PA",2022-01,10,-10,0
15720.0,"Brush Valley, PA",2022-02,9,-9,0
15720.0,"Brush Valley, PA",2022-03,8,-8,0
15720.0,"Brush Valley, PA",2022-04,7,-7,0
15720.0,"Brush Valley, PA",2022-05,6,-6,0
15720.0,"Brush Valley, PA",2022-06,5,-5,0
15720.0,"Brush Valley, PA",2022-07,4,-4,0
15720.0,"Brush Valley, PA",2022-08,3,-3,0
15720.0,"Brush Valley, PA",2022-09,2,-2,0
15720.0,"Brush Valley, PA",2022-10,1,-1,0
15720.0,"Brush Valley, PA",2022-11,0,0,1
15720.0,"Brush Valley, PA",2022-12,-1,1,0
15721.0,"Burnside, PA",2022-01,10,-10,0
15721.0,"Burnside, PA",2022-02,9,-9,0
15721.0,"Burnside, PA",2022-03,8,-8,0
15721.0,"Burnside, PA",2022-04,7,-7,0
15721.0,"Burnside, PA",2022-05,6,-6,0
15721.0,"Burnside, PA",2022-06,5,-5,0
15721.0,"Burnside, PA",2022-07,4,-4,0
15721.0,"Burnside, PA",2022-08,3,-3,0
15721.0,"Burnside, PA",2022-09,2,-2,0
15721.0,"Burnside, PA",2022-10,1,-1,0
15721.0,"Burnside, PA",2022-11,0,0,1
15721.0,"Burnside, PA",2022-12,-1,1,0
15722.0,"Carrolltown, PA",2022-01,10,-10,0
15722.0,"Carrolltown, PA",2022-02,9,-9,0
15722.0,"Carrolltown, PA",2022-03,8,-8,0
15722.0,"Carrolltown, PA",2022-04,7,-7,0
15722.0,"Carrolltown, PA",2022-05,6,-6,0
15722.0,"Carrolltown, PA",2022-06,5,-5,0
15722.0,"Carrolltown, PA",2022-07,4,-4,0
15722.0,"Carrolltown, PA",2022-08,3,-3,0
15722.0,"Carrolltown, PA",2022-09,2,-2,0
15722.0,"Carrolltown, PA",2022-10,1,-1,0
15722.0,"Carrolltown, PA",2022-11,0,0,1
15722.0,"Carrolltown, PA",2022-12,-1,1,0
15723.0,"Chambersville, PA",2022-01,10,-10,0
15723.0,"Chambersville, PA",2022-02,9,-9,0
15723.0,"Chambersville, PA",2022-03,8,-8,0
15723.0,"Chambersville, PA",2022-04,7,-7,0
15723.0,"Chambersville, PA",2022-05,6,-6,0
15723.0,"Chambersville, PA",2022-06,5,-5,0
15723.0,"Chambersville, PA",2022-07,4,-4,0
15723.0,"Chambersville, PA",2022-08,3,-3,0
15723.0,"Chambersville, PA",2022-09,2,-2,0
15723.0,"Chambersville, PA",2022-10,1,-1,0
15723.0,"Chambersville, PA",2022-11,0,0,1
15723.0,"Chambersville, PA",2022-12,-1,1,0
15724.0,"Cherry Tree, PA",2022-01,10,-10,0
15724.0,"Cherry Tree, PA",2022-02,9,-9,0
15724.0,"Cherry Tree, PA",2022-03,8,-8,0
15724.0,"Cherry Tree, PA",2022-04,7,-7,0
15724.0,"Cherry Tree, PA",2022-05,6,-6,0
15724.0,"Cherry Tree, PA",2022-06,5,-5,0
15724.0,"Cherry Tree, PA",2022-07,4,-4,0
15724.0,"Cherry Tree, PA",2022-08,3,-3,0
15724.0,"Cherry Tree, PA",2022-09,2,-2,0
15724.0,"Cherry Tree, PA",2022-10,1,-1,0
15724.0,"Cherry Tree, PA",2022-11,0,0,1
15724.0,"Cherry Tree, PA",2022-12,-1,1,0
15725.0,"Clarksburg, PA",2022-01,10,-10,0
15725.0,"Clarksburg, PA",2022-02,9,-9,0
15725.0,"Clarksburg, PA",2022-03,8,-8,0
15725.0,"Clarksburg, PA",2022-04,7,-7,0
15725.0,"Clarksburg, PA",2022-05,6,-6,0
15725.0,"Clarksburg, PA",2022-06,5,-5,0
15725.0,"Clarksburg, PA",2022-07,4,-4,0
15725.0,"Clarksburg, PA",2022-08,3,-3,0
15725.0,"Clarksburg, PA",2022-09,2,-2,0
15725.0,"Clarksburg, PA",2022-10,1,-1,0
15725.0,"Clarksburg, PA",2022-11,0,0,1
15725.0,"Clarksburg, PA",2022-12,-1,1,0
15727.0,"Clune, PA",2022-01,10,-10,0
15727.0,"Clune, PA",2022-02,9,-9,0
15727.0,"Clune, PA",2022-03,8,-8,0
15727.0,"Clune, PA",2022-04,7,-7,0
15727.0,"Clune, PA",2022-05,6,-6,0
15727.0,"Clune, PA",2022-06,5,-5,0
15727.0,"Clune, PA",2022-07,4,-4,0
15727.0,"Clune, PA",2022-08,3,-3,0
15727.0,"Clune, PA",2022-09,2,-2,0
15727.0,"Clune, PA",2022-10,1,-1,0
15727.0,"Clune, PA",2022-11,0,0,1
15727.0,"Clune, PA",2022-12,-1,1,0
15728.0,"Clymer, PA",2022-01,10,-10,0
15728.0,"Clymer, PA",2022-02,9,-9,0
15728.0,"Clymer, PA",2022-03,8,-8,0
15728.0,"Clymer, PA",2022-04,7,-7,0
15728.0,"Clymer, PA",2022-05,6,-6,0
15728.0,"Clymer, PA",2022-06,5,-5,0
15728.0,"Clymer, PA",2022-07,4,-4,0
15728.0,"Clymer, PA",2022-08,3,-3,0
15728.0,"Clymer, PA",2022-09,2,-2,0
15728.0,"Clymer, PA",2022-10,1,-1,0
15728.0,"Clymer, PA",2022-11,0,0,1
15728.0,"Clymer, PA",2022-12,-1,1,0
15729.0,"Commodore, PA",2022-01,10,-10,0
15729.0,"Commodore, PA",2022-02,9,-9,0
15729.0,"Commodore, PA",2022-03,8,-8,0
15729.0,"Commodore, PA",2022-04,7,-7,0
15729.0,"Commodore, PA",2022-05,6,-6,0
15729.0,"Commodore, PA",2022-06,5,-5,0
15729.0,"Commodore, PA",2022-07,4,-4,0
15729.0,"Commodore, PA",2022-08,3,-3,0
15729.0,"Commodore, PA",2022-09,2,-2,0
15729.0,"Commodore, PA",2022-10,1,-1,0
15729.0,"Commodore, PA",2022-11,0,0,1
15729.0,"Commodore, PA",2022-12,-1,1,0
15730.0,"Coolspring, PA",2022-01,10,-10,0
15730.0,"Coolspring, PA",2022-02,9,-9,0
15730.0,"Coolspring, PA",2022-03,8,-8,0
15730.0,"Coolspring, PA",2022-04,7,-7,0
15730.0,"Coolspring, PA",2022-05,6,-6,0
15730.0,"Coolspring, PA",2022-06,5,-5,0
15730.0,"Coolspring, PA",2022-07,4,-4,0
15730.0,"Coolspring, PA",2022-08,3,-3,0
15730.0,"Coolspring, PA",2022-09,2,-2,0
15730.0,"Coolspring, PA",2022-10,1,-1,0
15730.0,"Coolspring, PA",2022-11,0,0,1
15730.0,"Coolspring, PA",2022-12,-1,1,0
15731.0,"Coral, PA",2022-01,10,-10,0
15731.0,"Coral, PA",2022-02,9,-9,0
15731.0,"Coral, PA",2022-03,8,-8,0
15731.0,"Coral, PA",2022-04,7,-7,0
15731.0,"Coral, PA",2022-05,6,-6,0
15731.0,"Coral, PA",2022-06,5,-5,0
15731.0,"Coral, PA",2022-07,4,-4,0
15731.0,"Coral, PA",2022-08,3,-3,0
15731.0,"Coral, PA",2022-09,2,-2,0
15731.0,"Coral, PA",2022-10,1,-1,0
15731.0,"Coral, PA",2022-11,0,0,1
15731.0,"Coral, PA",2022-12,-1,1,0
15732.0,"Creekside, PA",2022-01,10,-10,0
15732.0,"Creekside, PA",2022-02,9,-9,0
15732.0,"Creekside, PA",2022-03,8,-8,0
15732.0,"Creekside, PA",2022-04,7,-7,0
15732.0,"Creekside, PA",2022-05,6,-6,0
15732.0,"Creekside, PA",2022-06,5,-5,0
15732.0,"Creekside, PA",2022-07,4,-4,0
15732.0,"Creekside, PA",2022-08,3,-3,0
15732.0,"Creekside, PA",2022-09,2,-2,0
15732.0,"Creekside, PA",2022-10,1,-1,0
15732.0,"Creekside, PA",2022-11,0,0,1
15732.0,"Creekside, PA",2022-12,-1,1,0
15733.0,"De Lancey, PA",2022-01,10,-10,0
15733.0,"De Lancey, PA",2022-02,9,-9,0
15733.0,"De Lancey, PA",2022-03,8,-8,0
15733.0,"De Lancey, PA",2022-04,7,-7,0
15733.0,"De Lancey, PA",2022-05,6,-6,0
15733.0,"De Lancey, PA",2022-06,5,-5,0
15733.0,"De Lancey, PA",2022-07,4,-4,0
15733.0,"De Lancey, PA",2022-08,3,-3,0
15733.0,"De Lancey, PA",2022-09,2,-2,0
15733.0,"De Lancey, PA",2022-10,1,-1,0
15733.0,"De Lancey, PA",2022-11,0,0,1
15733.0,"De Lancey, PA",2022-12,-1,1,0
15734.0,"Dixonville, PA",2022-01,10,-10,0
15734.0,"Dixonville, PA",2022-02,9,-9,0
15734.0,"Dixonville, PA",2022-03,8,-8,0
15734.0,"Dixonville, PA",2022-04,7,-7,0
15734.0,"Dixonville, PA",2022-05,6,-6,0
15734.0,"Dixonville, PA",2022-06,5,-5,0
15734.0,"Dixonville, PA",2022-07,4,-4,0
15734.0,"Dixonville, PA",2022-08,3,-3,0
15734.0,"Dixonville, PA",2022-09,2,-2,0
15734.0,"Dixonville, PA",2022-10,1,-1,0
15734.0,"Dixonville, PA",2022-11,0,0,1
15734.0,"Dixonville, PA",2022-12,-1,1,0
15736.0,"Elderton, PA",2022-01,10,-10,0
15736.0,"Elderton, PA",2022-02,9,-9,0
15736.0,"Elderton, PA",2022-03,8,-8,0
15736.0,"Elderton, PA",2022-04,7,-7,0
15736.0,"Elderton, PA",2022-05,6,-6,0
15736.0,"Elderton, PA",2022-06,5,-5,0
15736.0,"Elderton, PA",2022-07,4,-4,0
15736.0,"Elderton, PA",2022-08,3,-3,0
15736.0,"Elderton, PA",2022-09,2,-2,0
15736.0,"Elderton, PA",2022-10,1,-1,0
15736.0,"Elderton, PA",2022-11,0,0,1
15736.0,"Elderton, PA",2022-12,-1,1,0
15737.0,"Elmora, PA",2022-01,10,-10,0
15737.0,"Elmora, PA",2022-02,9,-9,0
15737.0,"Elmora, PA",2022-03,8,-8,0
15737.0,"Elmora, PA",2022-04,7,-7,0
15737.0,"Elmora, PA",2022-05,6,-6,0
15737.0,"Elmora, PA",2022-06,5,-5,0
15737.0,"Elmora, PA",2022-07,4,-4,0
15737.0,"Elmora, PA",2022-08,3,-3,0
15737.0,"Elmora, PA",2022-09,2,-2,0
15737.0,"Elmora, PA",2022-10,1,-1,0
15737.0,"Elmora, PA",2022-11,0,0,1
15737.0,"Elmora, PA",2022-12,-1,1,0
15738.0,"Emeigh, PA",2022-01,10,-10,0
15738.0,"Emeigh, PA",2022-02,9,-9,0
15738.0,"Emeigh, PA",2022-03,8,-8,0
15738.0,"Emeigh, PA",2022-04,7,-7,0
15738.0,"Emeigh, PA",2022-05,6,-6,0
15738.0,"Emeigh, PA",2022-06,5,-5,0
15738.0,"Emeigh, PA",2022-07,4,-4,0
15738.0,"Emeigh, PA",2022-08,3,-3,0
15738.0,"Emeigh, PA",2022-09,2,-2,0
15738.0,"Emeigh, PA",2022-10,1,-1,0
15738.0,"Emeigh, PA",2022-11,0,0,1
15738.0,"Emeigh, PA",2022-12,-1,1,0
15739.0,"Ernest, PA",2022-01,10,-10,0
15739.0,"Ernest, PA",2022-02,9,-9,0
15739.0,"Ernest, PA",2022-03,8,-8,0
15739.0,"Ernest, PA",2022-04,7,-7,0
15739.0,"Ernest, PA",2022-05,6,-6,0
15739.0,"Ernest, PA",2022-06,5,-5,0
15739.0,"Ernest, PA",2022-07,4,-4,0
15739.0,"Ernest, PA",2022-08,3,-3,0
15739.0,"Ernest, PA",2022-09,2,-2,0
15739.0,"Ernest, PA",2022-10,1,-1,0
15739.0,"Ernest, PA",2022-11,0,0,1
15739.0,"Ernest, PA",2022-12,-1,1,0
15741.0,"Gipsy, PA",2022-01,10,-10,0
15741.0,"Gipsy, PA",2022-02,9,-9,0
15741.0,"Gipsy, PA",2022-03,8,-8,0
15741.0,"Gipsy, PA",2022-04,7,-7,0
15741.0,"Gipsy, PA",2022-05,6,-6,0
15741.0,"Gipsy, PA",2022-06,5,-5,0
15741.0,"Gipsy, PA",2022-07,4,-4,0
15741.0,"Gipsy, PA",2022-08,3,-3,0
15741.0,"Gipsy, PA",2022-09,2,-2,0
15741.0,"Gipsy, PA",2022-10,1,-1,0
15741.0,"Gipsy, PA",2022-11,0,0,1
15741.0,"Gipsy, PA",2022-12,-1,1,0
15742.0,"Glen Campbell, PA",2022-01,10,-10,0
15742.0,"Glen Campbell, PA",2022-02,9,-9,0
15742.0,"Glen Campbell, PA",2022-03,8,-8,0
15742.0,"Glen Campbell, PA",2022-04,7,-7,0
15742.0,"Glen Campbell, PA",2022-05,6,-6,0
15742.0,"Glen Campbell, PA",2022-06,5,-5,0
15742.0,"Glen Campbell, PA",2022-07,4,-4,0
15742.0,"Glen Campbell, PA",2022-08,3,-3,0
15742.0,"Glen Campbell, PA",2022-09,2,-2,0
15742.0,"Glen Campbell, PA",2022-10,1,-1,0
15742.0,"Glen Campbell, PA",2022-11,0,0,1
15742.0,"Glen Campbell, PA",2022-12,-1,1,0
15744.0,"Hamilton, PA",2022-01,10,-10,0
15744.0,"Hamilton, PA",2022-02,9,-9,0
15744.0,"Hamilton, PA",2022-03,8,-8,0
15744.0,"Hamilton, PA",2022-04,7,-7,0
15744.0,"Hamilton, PA",2022-05,6,-6,0
15744.0,"Hamilton, PA",2022-06,5,-5,0
15744.0,"Hamilton, PA",2022-07,4,-4,0
15744.0,"Hamilton, PA",2022-08,3,-3,0
15744.0,"Hamilton, PA",2022-09,2,-2,0
15744.0,"Hamilton, PA",2022-10,1,-1,0
15744.0,"Hamilton, PA",2022-11,0,0,1
15744.0,"Hamilton, PA",2022-12,-1,1,0
15745.0,"Heilwood, PA",2022-01,10,-10,0
15745.0,"Heilwood, PA",2022-02,9,-9,0
15745.0,"Heilwood, PA",2022-03,8,-8,0
15745.0,"Heilwood, PA",2022-04,7,-7,0
15745.0,"Heilwood, PA",2022-05,6,-6,0
15745.0,"Heilwood, PA",2022-06,5,-5,0
15745.0,"Heilwood, PA",2022-07,4,-4,0
15745.0,"Heilwood, PA",2022-08,3,-3,0
15745.0,"Heilwood, PA",2022-09,2,-2,0
15745.0,"Heilwood, PA",2022-10,1,-1,0
15745.0,"Heilwood, PA",2022-11,0,0,1
15745.0,"Heilwood, PA",2022-12,-1,1,0
15746.0,"Hillsdale, PA",2022-01,10,-10,0
15746.0,"Hillsdale, PA",2022-02,9,-9,0
15746.0,"Hillsdale, PA",2022-03,8,-8,0
15746.0,"Hillsdale, PA",2022-04,7,-7,0
15746.0,"Hillsdale, PA",2022-05,6,-6,0
15746.0,"Hillsdale, PA",2022-06,5,-5,0
15746.0,"Hillsdale, PA",2022-07,4,-4,0
15746.0,"Hillsdale, PA",2022-08,3,-3,0
15746.0,"Hillsdale, PA",2022-09,2,-2,0
15746.0,"Hillsdale, PA",2022-10,1,-1,0
15746.0,"Hillsdale, PA",2022-11,0,0,1
15746.0,"Hillsdale, PA",2022-12,-1,1,0
15747.0,"Home, PA",2022-01,10,-10,0
15747.0,"Home, PA",2022-02,9,-9,0
15747.0,"Home, PA",2022-03,8,-8,0
15747.0,"Home, PA",2022-04,7,-7,0
15747.0,"Home, PA",2022-05,6,-6,0
15747.0,"Home, PA",2022-06,5,-5,0
15747.0,"Home, PA",2022-07,4,-4,0
15747.0,"Home, PA",2022-08,3,-3,0
15747.0,"Home, PA",2022-09,2,-2,0
15747.0,"Home, PA",2022-10,1,-1,0
15747.0,"Home, PA",2022-11,0,0,1
15747.0,"Home, PA",2022-12,-1,1,0
15748.0,"Homer City, PA",2022-01,10,-10,0
15748.0,"Homer City, PA",2022-02,9,-9,0
15748.0,"Homer City, PA",2022-03,8,-8,0
15748.0,"Homer City, PA",2022-04,7,-7,0
15748.0,"Homer City, PA",2022-05,6,-6,0
15748.0,"Homer City, PA",2022-06,5,-5,0
15748.0,"Homer City, PA",2022-07,4,-4,0
15748.0,"Homer City, PA",2022-08,3,-3,0
15748.0,"Homer City, PA",2022-09,2,-2,0
15748.0,"Homer City, PA",2022-10,1,-1,0
15748.0,"Homer City, PA",2022-11,0,0,1
15748.0,"Homer City, PA",2022-12,-1,1,0
15750.0,"Josephine, PA",2022-01,10,-10,0
15750.0,"Josephine, PA",2022-02,9,-9,0
15750.0,"Josephine, PA",2022-03,8,-8,0
15750.0,"Josephine, PA",2022-04,7,-7,0
15750.0,"Josephine, PA",2022-05,6,-6,0
15750.0,"Josephine, PA",2022-06,5,-5,0
15750.0,"Josephine, PA",2022-07,4,-4,0
15750.0,"Josephine, PA",2022-08,3,-3,0
15750.0,"Josephine, PA",2022-09,2,-2,0
15750.0,"Josephine, PA",2022-10,1,-1,0
15750.0,"Josephine, PA",2022-11,0,0,1
15750.0,"Josephine, PA",2022-12,-1,1,0
15752.0,"Kent, PA",2022-01,10,-10,0
15752.0,"Kent, PA",2022-02,9,-9,0
15752.0,"Kent, PA",2022-03,8,-8,0
15752.0,"Kent, PA",2022-04,7,-7,0
15752.0,"Kent, PA",2022-05,6,-6,0
15752.0,"Kent, PA",2022-06,5,-5,0
15752.0,"Kent, PA",2022-07,4,-4,0
15752.0,"Kent, PA",2022-08,3,-3,0
15752.0,"Kent, PA",2022-09,2,-2,0
15752.0,"Kent, PA",2022-10,1,-1,0
15752.0,"Kent, PA",2022-11,0,0,1
15752.0,"Kent, PA",2022-12,-1,1,0
15753.0,"La Jose, PA",2022-01,10,-10,0
15753.0,"La Jose, PA",2022-02,9,-9,0
15753.0,"La Jose, PA",2022-03,8,-8,0
15753.0,"La Jose, PA",2022-04,7,-7,0
15753.0,"La Jose, PA",2022-05,6,-6,0
15753.0,"La Jose, PA",2022-06,5,-5,0
15753.0,"La Jose, PA",2022-07,4,-4,0
15753.0,"La Jose, PA",2022-08,3,-3,0
15753.0,"La Jose, PA",2022-09,2,-2,0
15753.0,"La Jose, PA",2022-10,1,-1,0
15753.0,"La Jose, PA",2022-11,0,0,1
15753.0,"La Jose, PA",2022-12,-1,1,0
15754.0,"Lucernemines, PA",2022-01,10,-10,0
15754.0,"Lucernemines, PA",2022-02,9,-9,0
15754.0,"Lucernemines, PA",2022-03,8,-8,0
15754.0,"Lucernemines, PA",2022-04,7,-7,0
15754.0,"Lucernemines, PA",2022-05,6,-6,0
15754.0,"Lucernemines, PA",2022-06,5,-5,0
15754.0,"Lucernemines, PA",2022-07,4,-4,0
15754.0,"Lucernemines, PA",2022-08,3,-3,0
15754.0,"Lucernemines, PA",2022-09,2,-2,0
15754.0,"Lucernemines, PA",2022-10,1,-1,0
15754.0,"Lucernemines, PA",2022-11,0,0,1
15754.0,"Lucernemines, PA",2022-12,-1,1,0
15756.0,"McIntyre, PA",2022-01,10,-10,0
15756.0,"McIntyre, PA",2022-02,9,-9,0
15756.0,"McIntyre, PA",2022-03,8,-8,0
15756.0,"McIntyre, PA",2022-04,7,-7,0
15756.0,"McIntyre, PA",2022-05,6,-6,0
15756.0,"McIntyre, PA",2022-06,5,-5,0
15756.0,"McIntyre, PA",2022-07,4,-4,0
15756.0,"McIntyre, PA",2022-08,3,-3,0
15756.0,"McIntyre, PA",2022-09,2,-2,0
15756.0,"McIntyre, PA",2022-10,1,-1,0
15756.0,"McIntyre, PA",2022-11,0,0,1
15756.0,"McIntyre, PA",2022-12,-1,1,0
15757.0,"Mahaffey, PA",2022-01,10,-10,0
15757.0,"Mahaffey, PA",2022-02,9,-9,0
15757.0,"Mahaffey, PA",2022-03,8,-8,0
15757.0,"Mahaffey, PA",2022-04,7,-7,0
15757.0,"Mahaffey, PA",2022-05,6,-6,0
15757.0,"Mahaffey, PA",2022-06,5,-5,0
15757.0,"Mahaffey, PA",2022-07,4,-4,0
15757.0,"Mahaffey, PA",2022-08,3,-3,0
15757.0,"Mahaffey, PA",2022-09,2,-2,0
15757.0,"Mahaffey, PA",2022-10,1,-1,0
15757.0,"Mahaffey, PA",2022-11,0,0,1
15757.0,"Mahaffey, PA",2022-12,-1,1,0
15759.0,"Marion Center, PA",2022-01,10,-10,0
15759.0,"Marion Center, PA",2022-02,9,-9,0
15759.0,"Marion Center, PA",2022-03,8,-8,0
15759.0,"Marion Center, PA",2022-04,7,-7,0
15759.0,"Marion Center, PA",2022-05,6,-6,0
15759.0,"Marion Center, PA",2022-06,5,-5,0
15759.0,"Marion Center, PA",2022-07,4,-4,0
15759.0,"Marion Center, PA",2022-08,3,-3,0
15759.0,"Marion Center, PA",2022-09,2,-2,0
15759.0,"Marion Center, PA",2022-10,1,-1,0
15759.0,"Marion Center, PA",2022-11,0,0,1
15759.0,"Marion Center, PA",2022-12,-1,1,0
15760.0,"Marsteller, PA",2022-01,10,-10,0
15760.0,"Marsteller, PA",2022-02,9,-9,0
15760.0,"Marsteller, PA",2022-03,8,-8,0
15760.0,"Marsteller, PA",2022-04,7,-7,0
15760.0,"Marsteller, PA",2022-05,6,-6,0
15760.0,"Marsteller, PA",2022-06,5,-5,0
15760.0,"Marsteller, PA",2022-07,4,-4,0
15760.0,"Marsteller, PA",2022-08,3,-3,0
15760.0,"Marsteller, PA",2022-09,2,-2,0
15760.0,"Marsteller, PA",2022-10,1,-1,0
15760.0,"Marsteller, PA",2022-11,0,0,1
15760.0,"Marsteller, PA",2022-12,-1,1,0
15761.0,"Mentcle, PA",2022-01,10,-10,0
15761.0,"Mentcle, PA",2022-02,9,-9,0
15761.0,"Mentcle, PA",2022-03,8,-8,0
15761.0,"Mentcle, PA",2022-04,7,-7,0
15761.0,"Mentcle, PA",2022-05,6,-6,0
15761.0,"Mentcle, PA",2022-06,5,-5,0
15761.0,"Mentcle, PA",2022-07,4,-4,0
15761.0,"Mentcle, PA",2022-08,3,-3,0
15761.0,"Mentcle, PA",2022-09,2,-2,0
15761.0,"Mentcle, PA",2022-10,1,-1,0
15761.0,"Mentcle, PA",2022-11,0,0,1
15761.0,"Mentcle, PA",2022-12,-1,1,0
15762.0,"Nicktown, PA",2022-01,10,-10,0
15762.0,"Nicktown, PA",2022-02,9,-9,0
15762.0,"Nicktown, PA",2022-03,8,-8,0
15762.0,"Nicktown, PA",2022-04,7,-7,0
15762.0,"Nicktown, PA",2022-05,6,-6,0
15762.0,"Nicktown, PA",2022-06,5,-5,0
15762.0,"Nicktown, PA",2022-07,4,-4,0
15762.0,"Nicktown, PA",2022-08,3,-3,0
15762.0,"Nicktown, PA",2022-09,2,-2,0
15762.0,"Nicktown, PA",2022-10,1,-1,0
15762.0,"Nicktown, PA",2022-11,0,0,1
15762.0,"Nicktown, PA",2022-12,-1,1,0
15763.0,"Northpoint, PA",2022-01,10,-10,0
15763.0,"Northpoint, PA",2022-02,9,-9,0
15763.0,"Northpoint, PA",2022-03,8,-8,0
15763.0,"Northpoint, PA",2022-04,7,-7,0
15763.0,"Northpoint, PA",2022-05,6,-6,0
15763.0,"Northpoint, PA",2022-06,5,-5,0
15763.0,"Northpoint, PA",2022-07,4,-4,0
15763.0,"Northpoint, PA",2022-08,3,-3,0
15763.0,"Northpoint, PA",2022-09,2,-2,0
15763.0,"Northpoint, PA",2022-10,1,-1,0
15763.0,"Northpoint, PA",2022-11,0,0,1
15763.0,"Northpoint, PA",2022-12,-1,1,0
15764.0,"Oliveburg, PA",2022-01,10,-10,0
15764.0,"Oliveburg, PA",2022-02,9,-9,0
15764.0,"Oliveburg, PA",2022-03,8,-8,0
15764.0,"Oliveburg, PA",2022-04,7,-7,0
15764.0,"Oliveburg, PA",2022-05,6,-6,0
15764.0,"Oliveburg, PA",2022-06,5,-5,0
15764.0,"Oliveburg, PA",2022-07,4,-4,0
15764.0,"Oliveburg, PA",2022-08,3,-3,0
15764.0,"Oliveburg, PA",2022-09,2,-2,0
15764.0,"Oliveburg, PA",2022-10,1,-1,0
15764.0,"Oliveburg, PA",2022-11,0,0,1
15764.0,"Oliveburg, PA",2022-12,-1,1,0
15765.0,"Penn Run, PA",2022-01,10,-10,0
15765.0,"Penn Run, PA",2022-02,9,-9,0
15765.0,"Penn Run, PA",2022-03,8,-8,0
15765.0,"Penn Run, PA",2022-04,7,-7,0
15765.0,"Penn Run, PA",2022-05,6,-6,0
15765.0,"Penn Run, PA",2022-06,5,-5,0
15765.0,"Penn Run, PA",2022-07,4,-4,0
15765.0,"Penn Run, PA",2022-08,3,-3,0
15765.0,"Penn Run, PA",2022-09,2,-2,0
15765.0,"Penn Run, PA",2022-10,1,-1,0
15765.0,"Penn Run, PA",2022-11,0,0,1
15765.0,"Penn Run, PA",2022-12,-1,1,0
15767.0,"Punxsutawney, PA",2022-01,10,-10,0
15767.0,"Punxsutawney, PA",2022-02,9,-9,0
15767.0,"Punxsutawney, PA",2022-03,8,-8,0
15767.0,"Punxsutawney, PA",2022-04,7,-7,0
15767.0,"Punxsutawney, PA",2022-05,6,-6,0
15767.0,"Punxsutawney, PA",2022-06,5,-5,0
15767.0,"Punxsutawney, PA",2022-07,4,-4,0
15767.0,"Punxsutawney, PA",2022-08,3,-3,0
15767.0,"Punxsutawney, PA",2022-09,2,-2,0
15767.0,"Punxsutawney, PA",2022-10,1,-1,0
15767.0,"Punxsutawney, PA",2022-11,0,0,1
15767.0,"Punxsutawney, PA",2022-12,-1,1,0
15770.0,"Ringgold, PA",2022-01,10,-10,0
15770.0,"Ringgold, PA",2022-02,9,-9,0
15770.0,"Ringgold, PA",2022-03,8,-8,0
15770.0,"Ringgold, PA",2022-04,7,-7,0
15770.0,"Ringgold, PA",2022-05,6,-6,0
15770.0,"Ringgold, PA",2022-06,5,-5,0
15770.0,"Ringgold, PA",2022-07,4,-4,0
15770.0,"Ringgold, PA",2022-08,3,-3,0
15770.0,"Ringgold, PA",2022-09,2,-2,0
15770.0,"Ringgold, PA",2022-10,1,-1,0
15770.0,"Ringgold, PA",2022-11,0,0,1
15770.0,"Ringgold, PA",2022-12,-1,1,0
15771.0,"Rochester Mills, PA",2022-01,10,-10,0
15771.0,"Rochester Mills, PA",2022-02,9,-9,0
15771.0,"Rochester Mills, PA",2022-03,8,-8,0
15771.0,"Rochester Mills, PA",2022-04,7,-7,0
15771.0,"Rochester Mills, PA",2022-05,6,-6,0
15771.0,"Rochester Mills, PA",2022-06,5,-5,0
15771.0,"Rochester Mills, PA",2022-07,4,-4,0
15771.0,"Rochester Mills, PA",2022-08,3,-3,0
15771.0,"Rochester Mills, PA",2022-09,2,-2,0
15771.0,"Rochester Mills, PA",2022-10,1,-1,0
15771.0,"Rochester Mills, PA",2022-11,0,0,1
15771.0,"Rochester Mills, PA",2022-12,-1,1,0
15772.0,"Rossiter, PA",2022-01,10,-10,0
15772.0,"Rossiter, PA",2022-02,9,-9,0
15772.0,"Rossiter, PA",2022-03,8,-8,0
15772.0,"Rossiter, PA",2022-04,7,-7,0
15772.0,"Rossiter, PA",2022-05,6,-6,0
15772.0,"Rossiter, PA",2022-06,5,-5,0
15772.0,"Rossiter, PA",2022-07,4,-4,0
15772.0,"Rossiter, PA",2022-08,3,-3,0
15772.0,"Rossiter, PA",2022-09,2,-2,0
15772.0,"Rossiter, PA",2022-10,1,-1,0
15772.0,"Rossiter, PA",2022-11,0,0,1
15772.0,"Rossiter, PA",2022-12,-1,1,0
15773.0,"Saint Benedict, PA",2022-01,10,-10,0
15773.0,"Saint Benedict, PA",2022-02,9,-9,0
15773.0,"Saint Benedict, PA",2022-03,8,-8,0
15773.0,"Saint Benedict, PA",2022-04,7,-7,0
15773.0,"Saint Benedict, PA",2022-05,6,-6,0
15773.0,"Saint Benedict, PA",2022-06,5,-5,0
15773.0,"Saint Benedict, PA",2022-07,4,-4,0
15773.0,"Saint Benedict, PA",2022-08,3,-3,0
15773.0,"Saint Benedict, PA",2022-09,2,-2,0
15773.0,"Saint Benedict, PA",2022-10,1,-1,0
15773.0,"Saint Benedict, PA",2022-11,0,0,1
15773.0,"Saint Benedict, PA",2022-12,-1,1,0
15774.0,"Shelocta, PA",2022-01,10,-10,0
15774.0,"Shelocta, PA",2022-02,9,-9,0
15774.0,"Shelocta, PA",2022-03,8,-8,0
15774.0,"Shelocta, PA",2022-04,7,-7,0
15774.0,"Shelocta, PA",2022-05,6,-6,0
15774.0,"Shelocta, PA",2022-06,5,-5,0
15774.0,"Shelocta, PA",2022-07,4,-4,0
15774.0,"Shelocta, PA",2022-08,3,-3,0
15774.0,"Shelocta, PA",2022-09,2,-2,0
15774.0,"Shelocta, PA",2022-10,1,-1,0
15774.0,"Shelocta, PA",2022-11,0,0,1
15774.0,"Shelocta, PA",2022-12,-1,1,0
15775.0,"Spangler, PA",2022-01,10,-10,0
15775.0,"Spangler, PA",2022-02,9,-9,0
15775.0,"Spangler, PA",2022-03,8,-8,0
15775.0,"Spangler, PA",2022-04,7,-7,0
15775.0,"Spangler, PA",2022-05,6,-6,0
15775.0,"Spangler, PA",2022-06,5,-5,0
15775.0,"Spangler, PA",2022-07,4,-4,0
15775.0,"Spangler, PA",2022-08,3,-3,0
15775.0,"Spangler, PA",2022-09,2,-2,0
15775.0,"Spangler, PA",2022-10,1,-1,0
15775.0,"Spangler, PA",2022-11,0,0,1
15775.0,"Spangler, PA",2022-12,-1,1,0
15776.0,"Sprankle Mills, PA",2022-01,10,-10,0
15776.0,"Sprankle Mills, PA",2022-02,9,-9,0
15776.0,"Sprankle Mills, PA",2022-03,8,-8,0
15776.0,"Sprankle Mills, PA",2022-04,7,-7,0
15776.0,"Sprankle Mills, PA",2022-05,6,-6,0
15776.0,"Sprankle Mills, PA",2022-06,5,-5,0
15776.0,"Sprankle Mills, PA",2022-07,4,-4,0
15776.0,"Sprankle Mills, PA",2022-08,3,-3,0
15776.0,"Sprankle Mills, PA",2022-09,2,-2,0
15776.0,"Sprankle Mills, PA",2022-10,1,-1,0
15776.0,"Sprankle Mills, PA",2022-11,0,0,1
15776.0,"Sprankle Mills, PA",2022-12,-1,1,0
15777.0,"Starford, PA",2022-01,10,-10,0
15777.0,"Starford, PA",2022-02,9,-9,0
15777.0,"Starford, PA",2022-03,8,-8,0
15777.0,"Starford, PA",2022-04,7,-7,0
15777.0,"Starford, PA",2022-05,6,-6,0
15777.0,"Starford, PA",2022-06,5,-5,0
15777.0,"Starford, PA",2022-07,4,-4,0
15777.0,"Starford, PA",2022-08,3,-3,0
15777.0,"Starford, PA",2022-09,2,-2,0
15777.0,"Starford, PA",2022-10,1,-1,0
15777.0,"Starford, PA",2022-11,0,0,1
15777.0,"Starford, PA",2022-12,-1,1,0
15778.0,"Timblin, PA",2022-01,10,-10,0
15778.0,"Timblin, PA",2022-02,9,-9,0
15778.0,"Timblin, PA",2022-03,8,-8,0
15778.0,"Timblin, PA",2022-04,7,-7,0
15778.0,"Timblin, PA",2022-05,6,-6,0
15778.0,"Timblin, PA",2022-06,5,-5,0
15778.0,"Timblin, PA",2022-07,4,-4,0
15778.0,"Timblin, PA",2022-08,3,-3,0
15778.0,"Timblin, PA",2022-09,2,-2,0
15778.0,"Timblin, PA",2022-10,1,-1,0
15778.0,"Timblin, PA",2022-11,0,0,1
15778.0,"Timblin, PA",2022-12,-1,1,0
15779.0,"Torrance, PA",2022-01,10,-10,0
15779.0,"Torrance, PA",2022-02,9,-9,0
15779.0,"Torrance, PA",2022-03,8,-8,0
15779.0,"Torrance, PA",2022-04,7,-7,0
15779.0,"Torrance, PA",2022-05,6,-6,0
15779.0,"Torrance, PA",2022-06,5,-5,0
15779.0,"Torrance, PA",2022-07,4,-4,0
15779.0,"Torrance, PA",2022-08,3,-3,0
15779.0,"Torrance, PA",2022-09,2,-2,0
15779.0,"Torrance, PA",2022-10,1,-1,0
15779.0,"Torrance, PA",2022-11,0,0,1
15779.0,"Torrance, PA",2022-12,-1,1,0
15780.0,"Valier, PA",2022-01,10,-10,0
15780.0,"Valier, PA",2022-02,9,-9,0
15780.0,"Valier, PA",2022-03,8,-8,0
15780.0,"Valier, PA",2022-04,7,-7,0
15780.0,"Valier, PA",2022-05,6,-6,0
15780.0,"Valier, PA",2022-06,5,-5,0
15780.0,"Valier, PA",2022-07,4,-4,0
15780.0,"Valier, PA",2022-08,3,-3,0
15780.0,"Valier, PA",2022-09,2,-2,0
15780.0,"Valier, PA",2022-10,1,-1,0
15780.0,"Valier, PA",2022-11,0,0,1
15780.0,"Valier, PA",2022-12,-1,1,0
15781.0,"Walston, PA",2022-01,10,-10,0
15781.0,"Walston, PA",2022-02,9,-9,0
15781.0,"Walston, PA",2022-03,8,-8,0
15781.0,"Walston, PA",2022-04,7,-7,0
15781.0,"Walston, PA",2022-05,6,-6,0
15781.0,"Walston, PA",2022-06,5,-5,0
15781.0,"Walston, PA",2022-07,4,-4,0
15781.0,"Walston, PA",2022-08,3,-3,0
15781.0,"Walston, PA",2022-09,2,-2,0
15781.0,"Walston, PA",2022-10,1,-1,0
15781.0,"Walston, PA",2022-11,0,0,1
15781.0,"Walston, PA",2022-12,-1,1,0
15783.0,"West Lebanon, PA",2022-01,10,-10,0
15783.0,"West Lebanon, PA",2022-02,9,-9,0
15783.0,"West Lebanon, PA",2022-03,8,-8,0
15783.0,"West Lebanon, PA",2022-04,7,-7,0
15783.0,"West Lebanon, PA",2022-05,6,-6,0
15783.0,"West Lebanon, PA",2022-06,5,-5,0
15783.0,"West Lebanon, PA",2022-07,4,-4,0
15783.0,"West Lebanon, PA",2022-08,3,-3,0
15783.0,"West Lebanon, PA",2022-09,2,-2,0
15783.0,"West Lebanon, PA",2022-10,1,-1,0
15783.0,"West Lebanon, PA",2022-11,0,0,1
15783.0,"West Lebanon, PA",2022-12,-1,1,0
15784.0,"Worthville, PA",2022-01,10,-10,0
15784.0,"Worthville, PA",2022-02,9,-9,0
15784.0,"Worthville, PA",2022-03,8,-8,0
15784.0,"Worthville, PA",2022-04,7,-7,0
15784.0,"Worthville, PA",2022-05,6,-6,0
15784.0,"Worthville, PA",2022-06,5,-5,0
15784.0,"Worthville, PA",2022-07,4,-4,0
15784.0,"Worthville, PA",2022-08,3,-3,0
15784.0,"Worthville, PA",2022-09,2,-2,0
15784.0,"Worthville, PA",2022-10,1,-1,0
15784.0,"Worthville, PA",2022-11,0,0,1
15784.0,"Worthville, PA",2022-12,-1,1,0
15801.0,"Du Bois, PA",2022-01,10,-10,0
15801.0,"Du Bois, PA",2022-02,9,-9,0
15801.0,"Du Bois, PA",2022-03,8,-8,0
15801.0,"Du Bois, PA",2022-04,7,-7,0
15801.0,"Du Bois, PA",2022-05,6,-6,0
15801.0,"Du Bois, PA",2022-06,5,-5,0
15801.0,"Du Bois, PA",2022-07,4,-4,0
15801.0,"Du Bois, PA",2022-08,3,-3,0
15801.0,"Du Bois, PA",2022-09,2,-2,0
15801.0,"Du Bois, PA",2022-10,1,-1,0
15801.0,"Du Bois, PA",2022-11,0,0,1
15801.0,"Du Bois, PA",2022-12,-1,1,0
15821.0,"Benezett, PA",2022-01,10,-10,0
15821.0,"Benezett, PA",2022-02,9,-9,0
15821.0,"Benezett, PA",2022-03,8,-8,0
15821.0,"Benezett, PA",2022-04,7,-7,0
15821.0,"Benezett, PA",2022-05,6,-6,0
15821.0,"Benezett, PA",2022-06,5,-5,0
15821.0,"Benezett, PA",2022-07,4,-4,0
15821.0,"Benezett, PA",2022-08,3,-3,0
15821.0,"Benezett, PA",2022-09,2,-2,0
15821.0,"Benezett, PA",2022-10,1,-1,0
15821.0,"Benezett, PA",2022-11,0,0,1
15821.0,"Benezett, PA",2022-12,-1,1,0
15823.0,"Brockport, PA",2022-01,10,-10,0
15823.0,"Brockport, PA",2022-02,9,-9,0
15823.0,"Brockport, PA",2022-03,8,-8,0
15823.0,"Brockport, PA",2022-04,7,-7,0
15823.0,"Brockport, PA",2022-05,6,-6,0
15823.0,"Brockport, PA",2022-06,5,-5,0
15823.0,"Brockport, PA",2022-07,4,-4,0
15823.0,"Brockport, PA",2022-08,3,-3,0
15823.0,"Brockport, PA",2022-09,2,-2,0
15823.0,"Brockport, PA",2022-10,1,-1,0
15823.0,"Brockport, PA",2022-11,0,0,1
15823.0,"Brockport, PA",2022-12,-1,1,0
15824.0,"Brockway, PA",2022-01,10,-10,0
15824.0,"Brockway, PA",2022-02,9,-9,0
15824.0,"Brockway, PA",2022-03,8,-8,0
15824.0,"Brockway, PA",2022-04,7,-7,0
15824.0,"Brockway, PA",2022-05,6,-6,0
15824.0,"Brockway, PA",2022-06,5,-5,0
15824.0,"Brockway, PA",2022-07,4,-4,0
15824.0,"Brockway, PA",2022-08,3,-3,0
15824.0,"Brockway, PA",2022-09,2,-2,0
15824.0,"Brockway, PA",2022-10,1,-1,0
15824.0,"Brockway, PA",2022-11,0,0,1
15824.0,"Brockway, PA",2022-12,-1,1,0
15825.0,"Brookville, PA",2022-01,10,-10,0
15825.0,"Brookville, PA",2022-02,9,-9,0
15825.0,"Brookville, PA",2022-03,8,-8,0
15825.0,"Brookville, PA",2022-04,7,-7,0
15825.0,"Brookville, PA",2022-05,6,-6,0
15825.0,"Brookville, PA",2022-06,5,-5,0
15825.0,"Brookville, PA",2022-07,4,-4,0
15825.0,"Brookville, PA",2022-08,3,-3,0
15825.0,"Brookville, PA",2022-09,2,-2,0
15825.0,"Brookville, PA",2022-10,1,-1,0
15825.0,"Brookville, PA",2022-11,0,0,1
15825.0,"Brookville, PA",2022-12,-1,1,0
15827.0,"Byrnedale, PA",2022-01,10,-10,0
15827.0,"Byrnedale, PA",2022-02,9,-9,0
15827.0,"Byrnedale, PA",2022-03,8,-8,0
15827.0,"Byrnedale, PA",2022-04,7,-7,0
15827.0,"Byrnedale, PA",2022-05,6,-6,0
15827.0,"Byrnedale, PA",2022-06,5,-5,0
15827.0,"Byrnedale, PA",2022-07,4,-4,0
15827.0,"Byrnedale, PA",2022-08,3,-3,0
15827.0,"Byrnedale, PA",2022-09,2,-2,0
15827.0,"Byrnedale, PA",2022-10,1,-1,0
15827.0,"Byrnedale, PA",2022-11,0,0,1
15827.0,"Byrnedale, PA",2022-12,-1,1,0
15828.0,"Clarington, PA",2022-01,10,-10,0
15828.0,"Clarington, PA",2022-02,9,-9,0
15828.0,"Clarington, PA",2022-03,8,-8,0
15828.0,"Clarington, PA",2022-04,7,-7,0
15828.0,"Clarington, PA",2022-05,6,-6,0
15828.0,"Clarington, PA",2022-06,5,-5,0
15828.0,"Clarington, PA",2022-07,4,-4,0
15828.0,"Clarington, PA",2022-08,3,-3,0
15828.0,"Clarington, PA",2022-09,2,-2,0
15828.0,"Clarington, PA",2022-10,1,-1,0
15828.0,"Clarington, PA",2022-11,0,0,1
15828.0,"Clarington, PA",2022-12,-1,1,0
15829.0,"Corsica, PA",2022-01,10,-10,0
15829.0,"Corsica, PA",2022-02,9,-9,0
15829.0,"Corsica, PA",2022-03,8,-8,0
15829.0,"Corsica, PA",2022-04,7,-7,0
15829.0,"Corsica, PA",2022-05,6,-6,0
15829.0,"Corsica, PA",2022-06,5,-5,0
15829.0,"Corsica, PA",2022-07,4,-4,0
15829.0,"Corsica, PA",2022-08,3,-3,0
15829.0,"Corsica, PA",2022-09,2,-2,0
15829.0,"Corsica, PA",2022-10,1,-1,0
15829.0,"Corsica, PA",2022-11,0,0,1
15829.0,"Corsica, PA",2022-12,-1,1,0
15831.0,"Dagus Mines, PA",2022-01,10,-10,0
15831.0,"Dagus Mines, PA",2022-02,9,-9,0
15831.0,"Dagus Mines, PA",2022-03,8,-8,0
15831.0,"Dagus Mines, PA",2022-04,7,-7,0
15831.0,"Dagus Mines, PA",2022-05,6,-6,0
15831.0,"Dagus Mines, PA",2022-06,5,-5,0
15831.0,"Dagus Mines, PA",2022-07,4,-4,0
15831.0,"Dagus Mines, PA",2022-08,3,-3,0
15831.0,"Dagus Mines, PA",2022-09,2,-2,0
15831.0,"Dagus Mines, PA",2022-10,1,-1,0
15831.0,"Dagus Mines, PA",2022-11,0,0,1
15831.0,"Dagus Mines, PA",2022-12,-1,1,0
15832.0,"Driftwood, PA",2022-01,10,-10,0
15832.0,"Driftwood, PA",2022-02,9,-9,0
15832.0,"Driftwood, PA",2022-03,8,-8,0
15832.0,"Driftwood, PA",2022-04,7,-7,0
15832.0,"Driftwood, PA",2022-05,6,-6,0
15832.0,"Driftwood, PA",2022-06,5,-5,0
15832.0,"Driftwood, PA",2022-07,4,-4,0
15832.0,"Driftwood, PA",2022-08,3,-3,0
15832.0,"Driftwood, PA",2022-09,2,-2,0
15832.0,"Driftwood, PA",2022-10,1,-1,0
15832.0,"Driftwood, PA",2022-11,0,0,1
15832.0,"Driftwood, PA",2022-12,-1,1,0
15834.0,"Emporium, PA",2022-01,10,-10,0
15834.0,"Emporium, PA",2022-02,9,-9,0
15834.0,"Emporium, PA",2022-03,8,-8,0
15834.0,"Emporium, PA",2022-04,7,-7,0
15834.0,"Emporium, PA",2022-05,6,-6,0
15834.0,"Emporium, PA",2022-06,5,-5,0
15834.0,"Emporium, PA",2022-07,4,-4,0
15834.0,"Emporium, PA",2022-08,3,-3,0
15834.0,"Emporium, PA",2022-09,2,-2,0
15834.0,"Emporium, PA",2022-10,1,-1,0
15834.0,"Emporium, PA",2022-11,0,0,1
15834.0,"Emporium, PA",2022-12,-1,1,0
15840.0,"Falls Creek, PA",2022-01,10,-10,0
15840.0,"Falls Creek, PA",2022-02,9,-9,0
15840.0,"Falls Creek, PA",2022-03,8,-8,0
15840.0,"Falls Creek, PA",2022-04,7,-7,0
15840.0,"Falls Creek, PA",2022-05,6,-6,0
15840.0,"Falls Creek, PA",2022-06,5,-5,0
15840.0,"Falls Creek, PA",2022-07,4,-4,0
15840.0,"Falls Creek, PA",2022-08,3,-3,0
15840.0,"Falls Creek, PA",2022-09,2,-2,0
15840.0,"Falls Creek, PA",2022-10,1,-1,0
15840.0,"Falls Creek, PA",2022-11,0,0,1
15840.0,"Falls Creek, PA",2022-12,-1,1,0
15841.0,"Force, PA",2022-01,10,-10,0
15841.0,"Force, PA",2022-02,9,-9,0
15841.0,"Force, PA",2022-03,8,-8,0
15841.0,"Force, PA",2022-04,7,-7,0
15841.0,"Force, PA",2022-05,6,-6,0
15841.0,"Force, PA",2022-06,5,-5,0
15841.0,"Force, PA",2022-07,4,-4,0
15841.0,"Force, PA",2022-08,3,-3,0
15841.0,"Force, PA",2022-09,2,-2,0
15841.0,"Force, PA",2022-10,1,-1,0
15841.0,"Force, PA",2022-11,0,0,1
15841.0,"Force, PA",2022-12,-1,1,0
15845.0,"Johnsonburg, PA",2022-01,10,-10,0
15845.0,"Johnsonburg, PA",2022-02,9,-9,0
15845.0,"Johnsonburg, PA",2022-03,8,-8,0
15845.0,"Johnsonburg, PA",2022-04,7,-7,0
15845.0,"Johnsonburg, PA",2022-05,6,-6,0
15845.0,"Johnsonburg, PA",2022-06,5,-5,0
15845.0,"Johnsonburg, PA",2022-07,4,-4,0
15845.0,"Johnsonburg, PA",2022-08,3,-3,0
15845.0,"Johnsonburg, PA",2022-09,2,-2,0
15845.0,"Johnsonburg, PA",2022-10,1,-1,0
15845.0,"Johnsonburg, PA",2022-11,0,0,1
15845.0,"Johnsonburg, PA",2022-12,-1,1,0
15846.0,"Kersey, PA",2022-01,10,-10,0
15846.0,"Kersey, PA",2022-02,9,-9,0
15846.0,"Kersey, PA",2022-03,8,-8,0
15846.0,"Kersey, PA",2022-04,7,-7,0
15846.0,"Kersey, PA",2022-05,6,-6,0
15846.0,"Kersey, PA",2022-06,5,-5,0
15846.0,"Kersey, PA",2022-07,4,-4,0
15846.0,"Kersey, PA",2022-08,3,-3,0
15846.0,"Kersey, PA",2022-09,2,-2,0
15846.0,"Kersey, PA",2022-10,1,-1,0
15846.0,"Kersey, PA",2022-11,0,0,1
15846.0,"Kersey, PA",2022-12,-1,1,0
15847.0,"Knox Dale, PA",2022-01,10,-10,0
15847.0,"Knox Dale, PA",2022-02,9,-9,0
15847.0,"Knox Dale, PA",2022-03,8,-8,0
15847.0,"Knox Dale, PA",2022-04,7,-7,0
15847.0,"Knox Dale, PA",2022-05,6,-6,0
15847.0,"Knox Dale, PA",2022-06,5,-5,0
15847.0,"Knox Dale, PA",2022-07,4,-4,0
15847.0,"Knox Dale, PA",2022-08,3,-3,0
15847.0,"Knox Dale, PA",2022-09,2,-2,0
15847.0,"Knox Dale, PA",2022-10,1,-1,0
15847.0,"Knox Dale, PA",2022-11,0,0,1
15847.0,"Knox Dale, PA",2022-12,-1,1,0
15848.0,"Luthersburg, PA",2022-01,10,-10,0
15848.0,"Luthersburg, PA",2022-02,9,-9,0
15848.0,"Luthersburg, PA",2022-03,8,-8,0
15848.0,"Luthersburg, PA",2022-04,7,-7,0
15848.0,"Luthersburg, PA",2022-05,6,-6,0
15848.0,"Luthersburg, PA",2022-06,5,-5,0
15848.0,"Luthersburg, PA",2022-07,4,-4,0
15848.0,"Luthersburg, PA",2022-08,3,-3,0
15848.0,"Luthersburg, PA",2022-09,2,-2,0
15848.0,"Luthersburg, PA",2022-10,1,-1,0
15848.0,"Luthersburg, PA",2022-11,0,0,1
15848.0,"Luthersburg, PA",2022-12,-1,1,0
15849.0,"Penfield, PA",2022-01,10,-10,0
15849.0,"Penfield, PA",2022-02,9,-9,0
15849.0,"Penfield, PA",2022-03,8,-8,0
15849.0,"Penfield, PA",2022-04,7,-7,0
15849.0,"Penfield, PA",2022-05,6,-6,0
15849.0,"Penfield, PA",2022-06,5,-5,0
15849.0,"Penfield, PA",2022-07,4,-4,0
15849.0,"Penfield, PA",2022-08,3,-3,0
15849.0,"Penfield, PA",2022-09,2,-2,0
15849.0,"Penfield, PA",2022-10,1,-1,0
15849.0,"Penfield, PA",2022-11,0,0,1
15849.0,"Penfield, PA",2022-12,-1,1,0
15851.0,"Reynoldsville, PA",2022-01,10,-10,0
15851.0,"Reynoldsville, PA",2022-02,9,-9,0
15851.0,"Reynoldsville, PA",2022-03,8,-8,0
15851.0,"Reynoldsville, PA",2022-04,7,-7,0
15851.0,"Reynoldsville, PA",2022-05,6,-6,0
15851.0,"Reynoldsville, PA",2022-06,5,-5,0
15851.0,"Reynoldsville, PA",2022-07,4,-4,0
15851.0,"Reynoldsville, PA",2022-08,3,-3,0
15851.0,"Reynoldsville, PA",2022-09,2,-2,0
15851.0,"Reynoldsville, PA",2022-10,1,-1,0
15851.0,"Reynoldsville, PA",2022-11,0,0,1
15851.0,"Reynoldsville, PA",2022-12,-1,1,0
15853.0,"Ridgway, PA",2022-01,10,-10,0
15853.0,"Ridgway, PA",2022-02,9,-9,0
15853.0,"Ridgway, PA",2022-03,8,-8,0
15853.0,"Ridgway, PA",2022-04,7,-7,0
15853.0,"Ridgway, PA",2022-05,6,-6,0
15853.0,"Ridgway, PA",2022-06,5,-5,0
15853.0,"Ridgway, PA",2022-07,4,-4,0
15853.0,"Ridgway, PA",2022-08,3,-3,0
15853.0,"Ridgway, PA",2022-09,2,-2,0
15853.0,"Ridgway, PA",2022-10,1,-1,0
15853.0,"Ridgway, PA",2022-11,0,0,1
15853.0,"Ridgway, PA",2022-12,-1,1,0
15856.0,"Rockton, PA",2022-01,10,-10,0
15856.0,"Rockton, PA",2022-02,9,-9,0
15856.0,"Rockton, PA",2022-03,8,-8,0
15856.0,"Rockton, PA",2022-04,7,-7,0
15856.0,"Rockton, PA",2022-05,6,-6,0
15856.0,"Rockton, PA",2022-06,5,-5,0
15856.0,"Rockton, PA",2022-07,4,-4,0
15856.0,"Rockton, PA",2022-08,3,-3,0
15856.0,"Rockton, PA",2022-09,2,-2,0
15856.0,"Rockton, PA",2022-10,1,-1,0
15856.0,"Rockton, PA",2022-11,0,0,1
15856.0,"Rockton, PA",2022-12,-1,1,0
15857.0,"Saint Marys, PA",2022-01,10,-10,0
15857.0,"Saint Marys, PA",2022-02,9,-9,0
15857.0,"Saint Marys, PA",2022-03,8,-8,0
15857.0,"Saint Marys, PA",2022-04,7,-7,0
15857.0,"Saint Marys, PA",2022-05,6,-6,0
15857.0,"Saint Marys, PA",2022-06,5,-5,0
15857.0,"Saint Marys, PA",2022-07,4,-4,0
15857.0,"Saint Marys, PA",2022-08,3,-3,0
15857.0,"Saint Marys, PA",2022-09,2,-2,0
15857.0,"Saint Marys, PA",2022-10,1,-1,0
15857.0,"Saint Marys, PA",2022-11,0,0,1
15857.0,"Saint Marys, PA",2022-12,-1,1,0
15860.0,"Sigel, PA",2022-01,10,-10,0
15860.0,"Sigel, PA",2022-02,9,-9,0
15860.0,"Sigel, PA",2022-03,8,-8,0
15860.0,"Sigel, PA",2022-04,7,-7,0
15860.0,"Sigel, PA",2022-05,6,-6,0
15860.0,"Sigel, PA",2022-06,5,-5,0
15860.0,"Sigel, PA",2022-07,4,-4,0
15860.0,"Sigel, PA",2022-08,3,-3,0
15860.0,"Sigel, PA",2022-09,2,-2,0
15860.0,"Sigel, PA",2022-10,1,-1,0
15860.0,"Sigel, PA",2022-11,0,0,1
15860.0,"Sigel, PA",2022-12,-1,1,0
15861.0,"Sinnamahoning, PA",2022-01,10,-10,0
15861.0,"Sinnamahoning, PA",2022-02,9,-9,0
15861.0,"Sinnamahoning, PA",2022-03,8,-8,0
15861.0,"Sinnamahoning, PA",2022-04,7,-7,0
15861.0,"Sinnamahoning, PA",2022-05,6,-6,0
15861.0,"Sinnamahoning, PA",2022-06,5,-5,0
15861.0,"Sinnamahoning, PA",2022-07,4,-4,0
15861.0,"Sinnamahoning, PA",2022-08,3,-3,0
15861.0,"Sinnamahoning, PA",2022-09,2,-2,0
15861.0,"Sinnamahoning, PA",2022-10,1,-1,0
15861.0,"Sinnamahoning, PA",2022-11,0,0,1
15861.0,"Sinnamahoning, PA",2022-12,-1,1,0
15863.0,"Stump Creek, PA",2022-01,10,-10,0
15863.0,"Stump Creek, PA",2022-02,9,-9,0
15863.0,"Stump Creek, PA",2022-03,8,-8,0
15863.0,"Stump Creek, PA",2022-04,7,-7,0
15863.0,"Stump Creek, PA",2022-05,6,-6,0
15863.0,"Stump Creek, PA",2022-06,5,-5,0
15863.0,"Stump Creek, PA",2022-07,4,-4,0
15863.0,"Stump Creek, PA",2022-08,3,-3,0
15863.0,"Stump Creek, PA",2022-09,2,-2,0
15863.0,"Stump Creek, PA",2022-10,1,-1,0
15863.0,"Stump Creek, PA",2022-11,0,0,1
15863.0,"Stump Creek, PA",2022-12,-1,1,0
15864.0,"Summerville, PA",2022-01,10,-10,0
15864.0,"Summerville, PA",2022-02,9,-9,0
15864.0,"Summerville, PA",2022-03,8,-8,0
15864.0,"Summerville, PA",2022-04,7,-7,0
15864.0,"Summerville, PA",2022-05,6,-6,0
15864.0,"Summerville, PA",2022-06,5,-5,0
15864.0,"Summerville, PA",2022-07,4,-4,0
15864.0,"Summerville, PA",2022-08,3,-3,0
15864.0,"Summerville, PA",2022-09,2,-2,0
15864.0,"Summerville, PA",2022-10,1,-1,0
15864.0,"Summerville, PA",2022-11,0,0,1
15864.0,"Summerville, PA",2022-12,-1,1,0
15865.0,"Sykesville, PA",2022-01,10,-10,0
15865.0,"Sykesville, PA",2022-02,9,-9,0
15865.0,"Sykesville, PA",2022-03,8,-8,0
15865.0,"Sykesville, PA",2022-04,7,-7,0
15865.0,"Sykesville, PA",2022-05,6,-6,0
15865.0,"Sykesville, PA",2022-06,5,-5,0
15865.0,"Sykesville, PA",2022-07,4,-4,0
15865.0,"Sykesville, PA",2022-08,3,-3,0
15865.0,"Sykesville, PA",2022-09,2,-2,0
15865.0,"Sykesville, PA",2022-10,1,-1,0
15865.0,"Sykesville, PA",2022-11,0,0,1
15865.0,"Sykesville, PA",2022-12,-1,1,0
15866.0,"Troutville, PA",2022-01,10,-10,0
15866.0,"Troutville, PA",2022-02,9,-9,0
15866.0,"Troutville, PA",2022-03,8,-8,0
15866.0,"Troutville, PA",2022-04,7,-7,0
15866.0,"Troutville, PA",2022-05,6,-6,0
15866.0,"Troutville, PA",2022-06,5,-5,0
15866.0,"Troutville, PA",2022-07,4,-4,0
15866.0,"Troutville, PA",2022-08,3,-3,0
15866.0,"Troutville, PA",2022-09,2,-2,0
15866.0,"Troutville, PA",2022-10,1,-1,0
15866.0,"Troutville, PA",2022-11,0,0,1
15866.0,"Troutville, PA",2022-12,-1,1,0
15868.0,"Weedville, PA",2022-01,10,-10,0
15868.0,"Weedville, PA",2022-02,9,-9,0
15868.0,"Weedville, PA",2022-03,8,-8,0
15868.0,"Weedville, PA",2022-04,7,-7,0
15868.0,"Weedville, PA",2022-05,6,-6,0
15868.0,"Weedville, PA",2022-06,5,-5,0
15868.0,"Weedville, PA",2022-07,4,-4,0
15868.0,"Weedville, PA",2022-08,3,-3,0
15868.0,"Weedville, PA",2022-09,2,-2,0
15868.0,"Weedville, PA",2022-10,1,-1,0
15868.0,"Weedville, PA",2022-11,0,0,1
15868.0,"Weedville, PA",2022-12,-1,1,0
15870.0,"Wilcox, PA",2022-01,10,-10,0
15870.0,"Wilcox, PA",2022-02,9,-9,0
15870.0,"Wilcox, PA",2022-03,8,-8,0
15870.0,"Wilcox, PA",2022-04,7,-7,0
15870.0,"Wilcox, PA",2022-05,6,-6,0
15870.0,"Wilcox, PA",2022-06,5,-5,0
15870.0,"Wilcox, PA",2022-07,4,-4,0
15870.0,"Wilcox, PA",2022-08,3,-3,0
15870.0,"Wilcox, PA",2022-09,2,-2,0
15870.0,"Wilcox, PA",2022-10,1,-1,0
15870.0,"Wilcox, PA",2022-11,0,0,1
15870.0,"Wilcox, PA",2022-12,-1,1,0
15901.0,"Johnstown, PA",2022-01,10,-10,0
15901.0,"Johnstown, PA",2022-02,9,-9,0
15901.0,"Johnstown, PA",2022-03,8,-8,0
15901.0,"Johnstown, PA",2022-04,7,-7,0
15901.0,"Johnstown, PA",2022-05,6,-6,0
15901.0,"Johnstown, PA",2022-06,5,-5,0
15901.0,"Johnstown, PA",2022-07,4,-4,0
15901.0,"Johnstown, PA",2022-08,3,-3,0
15901.0,"Johnstown, PA",2022-09,2,-2,0
15901.0,"Johnstown, PA",2022-10,1,-1,0
15901.0,"Johnstown, PA",2022-11,0,0,1
15901.0,"Johnstown, PA",2022-12,-1,1,0
15902.0,"Johnstown, PA",2022-01,10,-10,0
15902.0,"Johnstown, PA",2022-02,9,-9,0
15902.0,"Johnstown, PA",2022-03,8,-8,0
15902.0,"Johnstown, PA",2022-04,7,-7,0
15902.0,"Johnstown, PA",2022-05,6,-6,0
15902.0,"Johnstown, PA",2022-06,5,-5,0
15902.0,"Johnstown, PA",2022-07,4,-4,0
15902.0,"Johnstown, PA",2022-08,3,-3,0
15902.0,"Johnstown, PA",2022-09,2,-2,0
15902.0,"Johnstown, PA",2022-10,1,-1,0
15902.0,"Johnstown, PA",2022-11,0,0,1
15902.0,"Johnstown, PA",2022-12,-1,1,0
15904.0,"Johnstown, PA",2022-01,10,-10,0
15904.0,"Johnstown, PA",2022-02,9,-9,0
15904.0,"Johnstown, PA",2022-03,8,-8,0
15904.0,"Johnstown, PA",2022-04,7,-7,0
15904.0,"Johnstown, PA",2022-05,6,-6,0
15904.0,"Johnstown, PA",2022-06,5,-5,0
15904.0,"Johnstown, PA",2022-07,4,-4,0
15904.0,"Johnstown, PA",2022-08,3,-3,0
15904.0,"Johnstown, PA",2022-09,2,-2,0
15904.0,"Johnstown, PA",2022-10,1,-1,0
15904.0,"Johnstown, PA",2022-11,0,0,1
15904.0,"Johnstown, PA",2022-12,-1,1,0
15905.0,"Johnstown, PA",2022-01,10,-10,0
15905.0,"Johnstown, PA",2022-02,9,-9,0
15905.0,"Johnstown, PA",2022-03,8,-8,0
15905.0,"Johnstown, PA",2022-04,7,-7,0
15905.0,"Johnstown, PA",2022-05,6,-6,0
15905.0,"Johnstown, PA",2022-06,5,-5,0
15905.0,"Johnstown, PA",2022-07,4,-4,0
15905.0,"Johnstown, PA",2022-08,3,-3,0
15905.0,"Johnstown, PA",2022-09,2,-2,0
15905.0,"Johnstown, PA",2022-10,1,-1,0
15905.0,"Johnstown, PA",2022-11,0,0,1
15905.0,"Johnstown, PA",2022-12,-1,1,0
15906.0,"Johnstown, PA",2022-01,10,-10,0
15906.0,"Johnstown, PA",2022-02,9,-9,0
15906.0,"Johnstown, PA",2022-03,8,-8,0
15906.0,"Johnstown, PA",2022-04,7,-7,0
15906.0,"Johnstown, PA",2022-05,6,-6,0
15906.0,"Johnstown, PA",2022-06,5,-5,0
15906.0,"Johnstown, PA",2022-07,4,-4,0
15906.0,"Johnstown, PA",2022-08,3,-3,0
15906.0,"Johnstown, PA",2022-09,2,-2,0
15906.0,"Johnstown, PA",2022-10,1,-1,0
15906.0,"Johnstown, PA",2022-11,0,0,1
15906.0,"Johnstown, PA",2022-12,-1,1,0
15909.0,"Johnstown, PA",2022-01,10,-10,0
15909.0,"Johnstown, PA",2022-02,9,-9,0
15909.0,"Johnstown, PA",2022-03,8,-8,0
15909.0,"Johnstown, PA",2022-04,7,-7,0
15909.0,"Johnstown, PA",2022-05,6,-6,0
15909.0,"Johnstown, PA",2022-06,5,-5,0
15909.0,"Johnstown, PA",2022-07,4,-4,0
15909.0,"Johnstown, PA",2022-08,3,-3,0
15909.0,"Johnstown, PA",2022-09,2,-2,0
15909.0,"Johnstown, PA",2022-10,1,-1,0
15909.0,"Johnstown, PA",2022-11,0,0,1
15909.0,"Johnstown, PA",2022-12,-1,1,0
15920.0,"Armagh, PA",2022-01,10,-10,0
15920.0,"Armagh, PA",2022-02,9,-9,0
15920.0,"Armagh, PA",2022-03,8,-8,0
15920.0,"Armagh, PA",2022-04,7,-7,0
15920.0,"Armagh, PA",2022-05,6,-6,0
15920.0,"Armagh, PA",2022-06,5,-5,0
15920.0,"Armagh, PA",2022-07,4,-4,0
15920.0,"Armagh, PA",2022-08,3,-3,0
15920.0,"Armagh, PA",2022-09,2,-2,0
15920.0,"Armagh, PA",2022-10,1,-1,0
15920.0,"Armagh, PA",2022-11,0,0,1
15920.0,"Armagh, PA",2022-12,-1,1,0
15921.0,"Beaverdale, PA",2022-01,10,-10,0
15921.0,"Beaverdale, PA",2022-02,9,-9,0
15921.0,"Beaverdale, PA",2022-03,8,-8,0
15921.0,"Beaverdale, PA",2022-04,7,-7,0
15921.0,"Beaverdale, PA",2022-05,6,-6,0
15921.0,"Beaverdale, PA",2022-06,5,-5,0
15921.0,"Beaverdale, PA",2022-07,4,-4,0
15921.0,"Beaverdale, PA",2022-08,3,-3,0
15921.0,"Beaverdale, PA",2022-09,2,-2,0
15921.0,"Beaverdale, PA",2022-10,1,-1,0
15921.0,"Beaverdale, PA",2022-11,0,0,1
15921.0,"Beaverdale, PA",2022-12,-1,1,0
15922.0,"Belsano, PA",2022-01,10,-10,0
15922.0,"Belsano, PA",2022-02,9,-9,0
15922.0,"Belsano, PA",2022-03,8,-8,0
15922.0,"Belsano, PA",2022-04,7,-7,0
15922.0,"Belsano, PA",2022-05,6,-6,0
15922.0,"Belsano, PA",2022-06,5,-5,0
15922.0,"Belsano, PA",2022-07,4,-4,0
15922.0,"Belsano, PA",2022-08,3,-3,0
15922.0,"Belsano, PA",2022-09,2,-2,0
15922.0,"Belsano, PA",2022-10,1,-1,0
15922.0,"Belsano, PA",2022-11,0,0,1
15922.0,"Belsano, PA",2022-12,-1,1,0
15923.0,"Bolivar, PA",2022-01,10,-10,0
15923.0,"Bolivar, PA",2022-02,9,-9,0
15923.0,"Bolivar, PA",2022-03,8,-8,0
15923.0,"Bolivar, PA",2022-04,7,-7,0
15923.0,"Bolivar, PA",2022-05,6,-6,0
15923.0,"Bolivar, PA",2022-06,5,-5,0
15923.0,"Bolivar, PA",2022-07,4,-4,0
15923.0,"Bolivar, PA",2022-08,3,-3,0
15923.0,"Bolivar, PA",2022-09,2,-2,0
15923.0,"Bolivar, PA",2022-10,1,-1,0
15923.0,"Bolivar, PA",2022-11,0,0,1
15923.0,"Bolivar, PA",2022-12,-1,1,0
15924.0,"Cairnbrook, PA",2022-01,10,-10,0
15924.0,"Cairnbrook, PA",2022-02,9,-9,0
15924.0,"Cairnbrook, PA",2022-03,8,-8,0
15924.0,"Cairnbrook, PA",2022-04,7,-7,0
15924.0,"Cairnbrook, PA",2022-05,6,-6,0
15924.0,"Cairnbrook, PA",2022-06,5,-5,0
15924.0,"Cairnbrook, PA",2022-07,4,-4,0
15924.0,"Cairnbrook, PA",2022-08,3,-3,0
15924.0,"Cairnbrook, PA",2022-09,2,-2,0
15924.0,"Cairnbrook, PA",2022-10,1,-1,0
15924.0,"Cairnbrook, PA",2022-11,0,0,1
15924.0,"Cairnbrook, PA",2022-12,-1,1,0
15925.0,"Cassandra, PA",2022-01,10,-10,0
15925.0,"Cassandra, PA",2022-02,9,-9,0
15925.0,"Cassandra, PA",2022-03,8,-8,0
15925.0,"Cassandra, PA",2022-04,7,-7,0
15925.0,"Cassandra, PA",2022-05,6,-6,0
15925.0,"Cassandra, PA",2022-06,5,-5,0
15925.0,"Cassandra, PA",2022-07,4,-4,0
15925.0,"Cassandra, PA",2022-08,3,-3,0
15925.0,"Cassandra, PA",2022-09,2,-2,0
15925.0,"Cassandra, PA",2022-10,1,-1,0
15925.0,"Cassandra, PA",2022-11,0,0,1
15925.0,"Cassandra, PA",2022-12,-1,1,0
15926.0,"Central City, PA",2022-01,10,-10,0
15926.0,"Central City, PA",2022-02,9,-9,0
15926.0,"Central City, PA",2022-03,8,-8,0
15926.0,"Central City, PA",2022-04,7,-7,0
15926.0,"Central City, PA",2022-05,6,-6,0
15926.0,"Central City, PA",2022-06,5,-5,0
15926.0,"Central City, PA",2022-07,4,-4,0
15926.0,"Central City, PA",2022-08,3,-3,0
15926.0,"Central City, PA",2022-09,2,-2,0
15926.0,"Central City, PA",2022-10,1,-1,0
15926.0,"Central City, PA",2022-11,0,0,1
15926.0,"Central City, PA",2022-12,-1,1,0
15927.0,"Colver, PA",2022-01,10,-10,0
15927.0,"Colver, PA",2022-02,9,-9,0
15927.0,"Colver, PA",2022-03,8,-8,0
15927.0,"Colver, PA",2022-04,7,-7,0
15927.0,"Colver, PA",2022-05,6,-6,0
15927.0,"Colver, PA",2022-06,5,-5,0
15927.0,"Colver, PA",2022-07,4,-4,0
15927.0,"Colver, PA",2022-08,3,-3,0
15927.0,"Colver, PA",2022-09,2,-2,0
15927.0,"Colver, PA",2022-10,1,-1,0
15927.0,"Colver, PA",2022-11,0,0,1
15927.0,"Colver, PA",2022-12,-1,1,0
15928.0,"Davidsville, PA",2022-01,10,-10,0
15928.0,"Davidsville, PA",2022-02,9,-9,0
15928.0,"Davidsville, PA",2022-03,8,-8,0
15928.0,"Davidsville, PA",2022-04,7,-7,0
15928.0,"Davidsville, PA",2022-05,6,-6,0
15928.0,"Davidsville, PA",2022-06,5,-5,0
15928.0,"Davidsville, PA",2022-07,4,-4,0
15928.0,"Davidsville, PA",2022-08,3,-3,0
15928.0,"Davidsville, PA",2022-09,2,-2,0
15928.0,"Davidsville, PA",2022-10,1,-1,0
15928.0,"Davidsville, PA",2022-11,0,0,1
15928.0,"Davidsville, PA",2022-12,-1,1,0
15929.0,"Dilltown, PA",2022-01,10,-10,0
15929.0,"Dilltown, PA",2022-02,9,-9,0
15929.0,"Dilltown, PA",2022-03,8,-8,0
15929.0,"Dilltown, PA",2022-04,7,-7,0
15929.0,"Dilltown, PA",2022-05,6,-6,0
15929.0,"Dilltown, PA",2022-06,5,-5,0
15929.0,"Dilltown, PA",2022-07,4,-4,0
15929.0,"Dilltown, PA",2022-08,3,-3,0
15929.0,"Dilltown, PA",2022-09,2,-2,0
15929.0,"Dilltown, PA",2022-10,1,-1,0
15929.0,"Dilltown, PA",2022-11,0,0,1
15929.0,"Dilltown, PA",2022-12,-1,1,0
15930.0,"Dunlo, PA",2022-01,10,-10,0
15930.0,"Dunlo, PA",2022-02,9,-9,0
15930.0,"Dunlo, PA",2022-03,8,-8,0
15930.0,"Dunlo, PA",2022-04,7,-7,0
15930.0,"Dunlo, PA",2022-05,6,-6,0
15930.0,"Dunlo, PA",2022-06,5,-5,0
15930.0,"Dunlo, PA",2022-07,4,-4,0
15930.0,"Dunlo, PA",2022-08,3,-3,0
15930.0,"Dunlo, PA",2022-09,2,-2,0
15930.0,"Dunlo, PA",2022-10,1,-1,0
15930.0,"Dunlo, PA",2022-11,0,0,1
15930.0,"Dunlo, PA",2022-12,-1,1,0
15931.0,"Ebensburg, PA",2022-01,10,-10,0
15931.0,"Ebensburg, PA",2022-02,9,-9,0
15931.0,"Ebensburg, PA",2022-03,8,-8,0
15931.0,"Ebensburg, PA",2022-04,7,-7,0
15931.0,"Ebensburg, PA",2022-05,6,-6,0
15931.0,"Ebensburg, PA",2022-06,5,-5,0
15931.0,"Ebensburg, PA",2022-07,4,-4,0
15931.0,"Ebensburg, PA",2022-08,3,-3,0
15931.0,"Ebensburg, PA",2022-09,2,-2,0
15931.0,"Ebensburg, PA",2022-10,1,-1,0
15931.0,"Ebensburg, PA",2022-11,0,0,1
15931.0,"Ebensburg, PA",2022-12,-1,1,0
15934.0,"Elton, PA",2022-01,10,-10,0
15934.0,"Elton, PA",2022-02,9,-9,0
15934.0,"Elton, PA",2022-03,8,-8,0
15934.0,"Elton, PA",2022-04,7,-7,0
15934.0,"Elton, PA",2022-05,6,-6,0
15934.0,"Elton, PA",2022-06,5,-5,0
15934.0,"Elton, PA",2022-07,4,-4,0
15934.0,"Elton, PA",2022-08,3,-3,0
15934.0,"Elton, PA",2022-09,2,-2,0
15934.0,"Elton, PA",2022-10,1,-1,0
15934.0,"Elton, PA",2022-11,0,0,1
15934.0,"Elton, PA",2022-12,-1,1,0
15935.0,"Hollsopple, PA",2022-01,10,-10,0
15935.0,"Hollsopple, PA",2022-02,9,-9,0
15935.0,"Hollsopple, PA",2022-03,8,-8,0
15935.0,"Hollsopple, PA",2022-04,7,-7,0
15935.0,"Hollsopple, PA",2022-05,6,-6,0
15935.0,"Hollsopple, PA",2022-06,5,-5,0
15935.0,"Hollsopple, PA",2022-07,4,-4,0
15935.0,"Hollsopple, PA",2022-08,3,-3,0
15935.0,"Hollsopple, PA",2022-09,2,-2,0
15935.0,"Hollsopple, PA",2022-10,1,-1,0
15935.0,"Hollsopple, PA",2022-11,0,0,1
15935.0,"Hollsopple, PA",2022-12,-1,1,0
15936.0,"Hooversville, PA",2022-01,10,-10,0
15936.0,"Hooversville, PA",2022-02,9,-9,0
15936.0,"Hooversville, PA",2022-03,8,-8,0
15936.0,"Hooversville, PA",2022-04,7,-7,0
15936.0,"Hooversville, PA",2022-05,6,-6,0
15936.0,"Hooversville, PA",2022-06,5,-5,0
15936.0,"Hooversville, PA",2022-07,4,-4,0
15936.0,"Hooversville, PA",2022-08,3,-3,0
15936.0,"Hooversville, PA",2022-09,2,-2,0
15936.0,"Hooversville, PA",2022-10,1,-1,0
15936.0,"Hooversville, PA",2022-11,0,0,1
15936.0,"Hooversville, PA",2022-12,-1,1,0
15937.0,"Jerome, PA",2022-01,10,-10,0
15937.0,"Jerome, PA",2022-02,9,-9,0
15937.0,"Jerome, PA",2022-03,8,-8,0
15937.0,"Jerome, PA",2022-04,7,-7,0
15937.0,"Jerome, PA",2022-05,6,-6,0
15937.0,"Jerome, PA",2022-06,5,-5,0
15937.0,"Jerome, PA",2022-07,4,-4,0
15937.0,"Jerome, PA",2022-08,3,-3,0
15937.0,"Jerome, PA",2022-09,2,-2,0
15937.0,"Jerome, PA",2022-10,1,-1,0
15937.0,"Jerome, PA",2022-11,0,0,1
15937.0,"Jerome, PA",2022-12,-1,1,0
15938.0,"Lilly, PA",2022-01,10,-10,0
15938.0,"Lilly, PA",2022-02,9,-9,0
15938.0,"Lilly, PA",2022-03,8,-8,0
15938.0,"Lilly, PA",2022-04,7,-7,0
15938.0,"Lilly, PA",2022-05,6,-6,0
15938.0,"Lilly, PA",2022-06,5,-5,0
15938.0,"Lilly, PA",2022-07,4,-4,0
15938.0,"Lilly, PA",2022-08,3,-3,0
15938.0,"Lilly, PA",2022-09,2,-2,0
15938.0,"Lilly, PA",2022-10,1,-1,0
15938.0,"Lilly, PA",2022-11,0,0,1
15938.0,"Lilly, PA",2022-12,-1,1,0
15940.0,"Loretto, PA",2022-01,10,-10,0
15940.0,"Loretto, PA",2022-02,9,-9,0
15940.0,"Loretto, PA",2022-03,8,-8,0
15940.0,"Loretto, PA",2022-04,7,-7,0
15940.0,"Loretto, PA",2022-05,6,-6,0
15940.0,"Loretto, PA",2022-06,5,-5,0
15940.0,"Loretto, PA",2022-07,4,-4,0
15940.0,"Loretto, PA",2022-08,3,-3,0
15940.0,"Loretto, PA",2022-09,2,-2,0
15940.0,"Loretto, PA",2022-10,1,-1,0
15940.0,"Loretto, PA",2022-11,0,0,1
15940.0,"Loretto, PA",2022-12,-1,1,0
15942.0,"Mineral Point, PA",2022-01,10,-10,0
15942.0,"Mineral Point, PA",2022-02,9,-9,0
15942.0,"Mineral Point, PA",2022-03,8,-8,0
15942.0,"Mineral Point, PA",2022-04,7,-7,0
15942.0,"Mineral Point, PA",2022-05,6,-6,0
15942.0,"Mineral Point, PA",2022-06,5,-5,0
15942.0,"Mineral Point, PA",2022-07,4,-4,0
15942.0,"Mineral Point, PA",2022-08,3,-3,0
15942.0,"Mineral Point, PA",2022-09,2,-2,0
15942.0,"Mineral Point, PA",2022-10,1,-1,0
15942.0,"Mineral Point, PA",2022-11,0,0,1
15942.0,"Mineral Point, PA",2022-12,-1,1,0
15943.0,"Nanty Glo, PA",2022-01,10,-10,0
15943.0,"Nanty Glo, PA",2022-02,9,-9,0
15943.0,"Nanty Glo, PA",2022-03,8,-8,0
15943.0,"Nanty Glo, PA",2022-04,7,-7,0
15943.0,"Nanty Glo, PA",2022-05,6,-6,0
15943.0,"Nanty Glo, PA",2022-06,5,-5,0
15943.0,"Nanty Glo, PA",2022-07,4,-4,0
15943.0,"Nanty Glo, PA",2022-08,3,-3,0
15943.0,"Nanty Glo, PA",2022-09,2,-2,0
15943.0,"Nanty Glo, PA",2022-10,1,-1,0
15943.0,"Nanty Glo, PA",2022-11,0,0,1
15943.0,"Nanty Glo, PA",2022-12,-1,1,0
15944.0,"New Florence, PA",2022-01,10,-10,0
15944.0,"New Florence, PA",2022-02,9,-9,0
15944.0,"New Florence, PA",2022-03,8,-8,0
15944.0,"New Florence, PA",2022-04,7,-7,0
15944.0,"New Florence, PA",2022-05,6,-6,0
15944.0,"New Florence, PA",2022-06,5,-5,0
15944.0,"New Florence, PA",2022-07,4,-4,0
15944.0,"New Florence, PA",2022-08,3,-3,0
15944.0,"New Florence, PA",2022-09,2,-2,0
15944.0,"New Florence, PA",2022-10,1,-1,0
15944.0,"New Florence, PA",2022-11,0,0,1
15944.0,"New Florence, PA",2022-12,-1,1,0
15945.0,"Parkhill, PA",2022-01,10,-10,0
15945.0,"Parkhill, PA",2022-02,9,-9,0
15945.0,"Parkhill, PA",2022-03,8,-8,0
15945.0,"Parkhill, PA",2022-04,7,-7,0
15945.0,"Parkhill, PA",2022-05,6,-6,0
15945.0,"Parkhill, PA",2022-06,5,-5,0
15945.0,"Parkhill, PA",2022-07,4,-4,0
15945.0,"Parkhill, PA",2022-08,3,-3,0
15945.0,"Parkhill, PA",2022-09,2,-2,0
15945.0,"Parkhill, PA",2022-10,1,-1,0
15945.0,"Parkhill, PA",2022-11,0,0,1
15945.0,"Parkhill, PA",2022-12,-1,1,0
15946.0,"Portage, PA",2022-01,10,-10,0
15946.0,"Portage, PA",2022-02,9,-9,0
15946.0,"Portage, PA",2022-03,8,-8,0
15946.0,"Portage, PA",2022-04,7,-7,0
15946.0,"Portage, PA",2022-05,6,-6,0
15946.0,"Portage, PA",2022-06,5,-5,0
15946.0,"Portage, PA",2022-07,4,-4,0
15946.0,"Portage, PA",2022-08,3,-3,0
15946.0,"Portage, PA",2022-09,2,-2,0
15946.0,"Portage, PA",2022-10,1,-1,0
15946.0,"Portage, PA",2022-11,0,0,1
15946.0,"Portage, PA",2022-12,-1,1,0
15948.0,"Revloc, PA",2022-01,10,-10,0
15948.0,"Revloc, PA",2022-02,9,-9,0
15948.0,"Revloc, PA",2022-03,8,-8,0
15948.0,"Revloc, PA",2022-04,7,-7,0
15948.0,"Revloc, PA",2022-05,6,-6,0
15948.0,"Revloc, PA",2022-06,5,-5,0
15948.0,"Revloc, PA",2022-07,4,-4,0
15948.0,"Revloc, PA",2022-08,3,-3,0
15948.0,"Revloc, PA",2022-09,2,-2,0
15948.0,"Revloc, PA",2022-10,1,-1,0
15948.0,"Revloc, PA",2022-11,0,0,1
15948.0,"Revloc, PA",2022-12,-1,1,0
15949.0,"Robinson, PA",2022-01,10,-10,0
15949.0,"Robinson, PA",2022-02,9,-9,0
15949.0,"Robinson, PA",2022-03,8,-8,0
15949.0,"Robinson, PA",2022-04,7,-7,0
15949.0,"Robinson, PA",2022-05,6,-6,0
15949.0,"Robinson, PA",2022-06,5,-5,0
15949.0,"Robinson, PA",2022-07,4,-4,0
15949.0,"Robinson, PA",2022-08,3,-3,0
15949.0,"Robinson, PA",2022-09,2,-2,0
15949.0,"Robinson, PA",2022-10,1,-1,0
15949.0,"Robinson, PA",2022-11,0,0,1
15949.0,"Robinson, PA",2022-12,-1,1,0
15951.0,"Saint Michael, PA",2022-01,10,-10,0
15951.0,"Saint Michael, PA",2022-02,9,-9,0
15951.0,"Saint Michael, PA",2022-03,8,-8,0
15951.0,"Saint Michael, PA",2022-04,7,-7,0
15951.0,"Saint Michael, PA",2022-05,6,-6,0
15951.0,"Saint Michael, PA",2022-06,5,-5,0
15951.0,"Saint Michael, PA",2022-07,4,-4,0
15951.0,"Saint Michael, PA",2022-08,3,-3,0
15951.0,"Saint Michael, PA",2022-09,2,-2,0
15951.0,"Saint Michael, PA",2022-10,1,-1,0
15951.0,"Saint Michael, PA",2022-11,0,0,1
15951.0,"Saint Michael, PA",2022-12,-1,1,0
15952.0,"Salix, PA",2022-01,10,-10,0
15952.0,"Salix, PA",2022-02,9,-9,0
15952.0,"Salix, PA",2022-03,8,-8,0
15952.0,"Salix, PA",2022-04,7,-7,0
15952.0,"Salix, PA",2022-05,6,-6,0
15952.0,"Salix, PA",2022-06,5,-5,0
15952.0,"Salix, PA",2022-07,4,-4,0
15952.0,"Salix, PA",2022-08,3,-3,0
15952.0,"Salix, PA",2022-09,2,-2,0
15952.0,"Salix, PA",2022-10,1,-1,0
15952.0,"Salix, PA",2022-11,0,0,1
15952.0,"Salix, PA",2022-12,-1,1,0
15953.0,"Seanor, PA",2022-01,10,-10,0
15953.0,"Seanor, PA",2022-02,9,-9,0
15953.0,"Seanor, PA",2022-03,8,-8,0
15953.0,"Seanor, PA",2022-04,7,-7,0
15953.0,"Seanor, PA",2022-05,6,-6,0
15953.0,"Seanor, PA",2022-06,5,-5,0
15953.0,"Seanor, PA",2022-07,4,-4,0
15953.0,"Seanor, PA",2022-08,3,-3,0
15953.0,"Seanor, PA",2022-09,2,-2,0
15953.0,"Seanor, PA",2022-10,1,-1,0
15953.0,"Seanor, PA",2022-11,0,0,1
15953.0,"Seanor, PA",2022-12,-1,1,0
15954.0,"Seward, PA",2022-01,10,-10,0
15954.0,"Seward, PA",2022-02,9,-9,0
15954.0,"Seward, PA",2022-03,8,-8,0
15954.0,"Seward, PA",2022-04,7,-7,0
15954.0,"Seward, PA",2022-05,6,-6,0
15954.0,"Seward, PA",2022-06,5,-5,0
15954.0,"Seward, PA",2022-07,4,-4,0
15954.0,"Seward, PA",2022-08,3,-3,0
15954.0,"Seward, PA",2022-09,2,-2,0
15954.0,"Seward, PA",2022-10,1,-1,0
15954.0,"Seward, PA",2022-11,0,0,1
15954.0,"Seward, PA",2022-12,-1,1,0
15955.0,"Sidman, PA",2022-01,10,-10,0
15955.0,"Sidman, PA",2022-02,9,-9,0
15955.0,"Sidman, PA",2022-03,8,-8,0
15955.0,"Sidman, PA",2022-04,7,-7,0
15955.0,"Sidman, PA",2022-05,6,-6,0
15955.0,"Sidman, PA",2022-06,5,-5,0
15955.0,"Sidman, PA",2022-07,4,-4,0
15955.0,"Sidman, PA",2022-08,3,-3,0
15955.0,"Sidman, PA",2022-09,2,-2,0
15955.0,"Sidman, PA",2022-10,1,-1,0
15955.0,"Sidman, PA",2022-11,0,0,1
15955.0,"Sidman, PA",2022-12,-1,1,0
15956.0,"South Fork, PA",2022-01,10,-10,0
15956.0,"South Fork, PA",2022-02,9,-9,0
15956.0,"South Fork, PA",2022-03,8,-8,0
15956.0,"South Fork, PA",2022-04,7,-7,0
15956.0,"South Fork, PA",2022-05,6,-6,0
15956.0,"South Fork, PA",2022-06,5,-5,0
15956.0,"South Fork, PA",2022-07,4,-4,0
15956.0,"South Fork, PA",2022-08,3,-3,0
15956.0,"South Fork, PA",2022-09,2,-2,0
15956.0,"South Fork, PA",2022-10,1,-1,0
15956.0,"South Fork, PA",2022-11,0,0,1
15956.0,"South Fork, PA",2022-12,-1,1,0
15957.0,"Strongstown, PA",2022-01,10,-10,0
15957.0,"Strongstown, PA",2022-02,9,-9,0
15957.0,"Strongstown, PA",2022-03,8,-8,0
15957.0,"Strongstown, PA",2022-04,7,-7,0
15957.0,"Strongstown, PA",2022-05,6,-6,0
15957.0,"Strongstown, PA",2022-06,5,-5,0
15957.0,"Strongstown, PA",2022-07,4,-4,0
15957.0,"Strongstown, PA",2022-08,3,-3,0
15957.0,"Strongstown, PA",2022-09,2,-2,0
15957.0,"Strongstown, PA",2022-10,1,-1,0
15957.0,"Strongstown, PA",2022-11,0,0,1
15957.0,"Strongstown, PA",2022-12,-1,1,0
15958.0,"Summerhill, PA",2022-01,10,-10,0
15958.0,"Summerhill, PA",2022-02,9,-9,0
15958.0,"Summerhill, PA",2022-03,8,-8,0
15958.0,"Summerhill, PA",2022-04,7,-7,0
15958.0,"Summerhill, PA",2022-05,6,-6,0
15958.0,"Summerhill, PA",2022-06,5,-5,0
15958.0,"Summerhill, PA",2022-07,4,-4,0
15958.0,"Summerhill, PA",2022-08,3,-3,0
15958.0,"Summerhill, PA",2022-09,2,-2,0
15958.0,"Summerhill, PA",2022-10,1,-1,0
15958.0,"Summerhill, PA",2022-11,0,0,1
15958.0,"Summerhill, PA",2022-12,-1,1,0
15960.0,"Twin Rocks, PA",2022-01,10,-10,0
15960.0,"Twin Rocks, PA",2022-02,9,-9,0
15960.0,"Twin Rocks, PA",2022-03,8,-8,0
15960.0,"Twin Rocks, PA",2022-04,7,-7,0
15960.0,"Twin Rocks, PA",2022-05,6,-6,0
15960.0,"Twin Rocks, PA",2022-06,5,-5,0
15960.0,"Twin Rocks, PA",2022-07,4,-4,0
15960.0,"Twin Rocks, PA",2022-08,3,-3,0
15960.0,"Twin Rocks, PA",2022-09,2,-2,0
15960.0,"Twin Rocks, PA",2022-10,1,-1,0
15960.0,"Twin Rocks, PA",2022-11,0,0,1
15960.0,"Twin Rocks, PA",2022-12,-1,1,0
15961.0,"Vintondale, PA",2022-01,10,-10,0
15961.0,"Vintondale, PA",2022-02,9,-9,0
15961.0,"Vintondale, PA",2022-03,8,-8,0
15961.0,"Vintondale, PA",2022-04,7,-7,0
15961.0,"Vintondale, PA",2022-05,6,-6,0
15961.0,"Vintondale, PA",2022-06,5,-5,0
15961.0,"Vintondale, PA",2022-07,4,-4,0
15961.0,"Vintondale, PA",2022-08,3,-3,0
15961.0,"Vintondale, PA",2022-09,2,-2,0
15961.0,"Vintondale, PA",2022-10,1,-1,0
15961.0,"Vintondale, PA",2022-11,0,0,1
15961.0,"Vintondale, PA",2022-12,-1,1,0
15962.0,"Wilmore, PA",2022-01,10,-10,0
15962.0,"Wilmore, PA",2022-02,9,-9,0
15962.0,"Wilmore, PA",2022-03,8,-8,0
15962.0,"Wilmore, PA",2022-04,7,-7,0
15962.0,"Wilmore, PA",2022-05,6,-6,0
15962.0,"Wilmore, PA",2022-06,5,-5,0
15962.0,"Wilmore, PA",2022-07,4,-4,0
15962.0,"Wilmore, PA",2022-08,3,-3,0
15962.0,"Wilmore, PA",2022-09,2,-2,0
15962.0,"Wilmore, PA",2022-10,1,-1,0
15962.0,"Wilmore, PA",2022-11,0,0,1
15962.0,"Wilmore, PA",2022-12,-1,1,0
15963.0,"Windber, PA",2022-01,10,-10,0
15963.0,"Windber, PA",2022-02,9,-9,0
15963.0,"Windber, PA",2022-03,8,-8,0
15963.0,"Windber, PA",2022-04,7,-7,0
15963.0,"Windber, PA",2022-05,6,-6,0
15963.0,"Windber, PA",2022-06,5,-5,0
15963.0,"Windber, PA",2022-07,4,-4,0
15963.0,"Windber, PA",2022-08,3,-3,0
15963.0,"Windber, PA",2022-09,2,-2,0
15963.0,"Windber, PA",2022-10,1,-1,0
15963.0,"Windber, PA",2022-11,0,0,1
15963.0,"Windber, PA",2022-12,-1,1,0
16001.0,"Butler, PA",2022-01,10,-10,0
16001.0,"Butler, PA",2022-02,9,-9,0
16001.0,"Butler, PA",2022-03,8,-8,0
16001.0,"Butler, PA",2022-04,7,-7,0
16001.0,"Butler, PA",2022-05,6,-6,0
16001.0,"Butler, PA",2022-06,5,-5,0
16001.0,"Butler, PA",2022-07,4,-4,0
16001.0,"Butler, PA",2022-08,3,-3,0
16001.0,"Butler, PA",2022-09,2,-2,0
16001.0,"Butler, PA",2022-10,1,-1,0
16001.0,"Butler, PA",2022-11,0,0,1
16001.0,"Butler, PA",2022-12,-1,1,0
16002.0,"Butler, PA",2022-01,10,-10,0
16002.0,"Butler, PA",2022-02,9,-9,0
16002.0,"Butler, PA",2022-03,8,-8,0
16002.0,"Butler, PA",2022-04,7,-7,0
16002.0,"Butler, PA",2022-05,6,-6,0
16002.0,"Butler, PA",2022-06,5,-5,0
16002.0,"Butler, PA",2022-07,4,-4,0
16002.0,"Butler, PA",2022-08,3,-3,0
16002.0,"Butler, PA",2022-09,2,-2,0
16002.0,"Butler, PA",2022-10,1,-1,0
16002.0,"Butler, PA",2022-11,0,0,1
16002.0,"Butler, PA",2022-12,-1,1,0
16020.0,"Boyers, PA",2022-01,10,-10,0
16020.0,"Boyers, PA",2022-02,9,-9,0
16020.0,"Boyers, PA",2022-03,8,-8,0
16020.0,"Boyers, PA",2022-04,7,-7,0
16020.0,"Boyers, PA",2022-05,6,-6,0
16020.0,"Boyers, PA",2022-06,5,-5,0
16020.0,"Boyers, PA",2022-07,4,-4,0
16020.0,"Boyers, PA",2022-08,3,-3,0
16020.0,"Boyers, PA",2022-09,2,-2,0
16020.0,"Boyers, PA",2022-10,1,-1,0
16020.0,"Boyers, PA",2022-11,0,0,1
16020.0,"Boyers, PA",2022-12,-1,1,0
16022.0,"Bruin, PA",2022-01,10,-10,0
16022.0,"Bruin, PA",2022-02,9,-9,0
16022.0,"Bruin, PA",2022-03,8,-8,0
16022.0,"Bruin, PA",2022-04,7,-7,0
16022.0,"Bruin, PA",2022-05,6,-6,0
16022.0,"Bruin, PA",2022-06,5,-5,0
16022.0,"Bruin, PA",2022-07,4,-4,0
16022.0,"Bruin, PA",2022-08,3,-3,0
16022.0,"Bruin, PA",2022-09,2,-2,0
16022.0,"Bruin, PA",2022-10,1,-1,0
16022.0,"Bruin, PA",2022-11,0,0,1
16022.0,"Bruin, PA",2022-12,-1,1,0
16023.0,"Cabot, PA",2022-01,10,-10,0
16023.0,"Cabot, PA",2022-02,9,-9,0
16023.0,"Cabot, PA",2022-03,8,-8,0
16023.0,"Cabot, PA",2022-04,7,-7,0
16023.0,"Cabot, PA",2022-05,6,-6,0
16023.0,"Cabot, PA",2022-06,5,-5,0
16023.0,"Cabot, PA",2022-07,4,-4,0
16023.0,"Cabot, PA",2022-08,3,-3,0
16023.0,"Cabot, PA",2022-09,2,-2,0
16023.0,"Cabot, PA",2022-10,1,-1,0
16023.0,"Cabot, PA",2022-11,0,0,1
16023.0,"Cabot, PA",2022-12,-1,1,0
16024.0,"Callery, PA",2022-01,10,-10,0
16024.0,"Callery, PA",2022-02,9,-9,0
16024.0,"Callery, PA",2022-03,8,-8,0
16024.0,"Callery, PA",2022-04,7,-7,0
16024.0,"Callery, PA",2022-05,6,-6,0
16024.0,"Callery, PA",2022-06,5,-5,0
16024.0,"Callery, PA",2022-07,4,-4,0
16024.0,"Callery, PA",2022-08,3,-3,0
16024.0,"Callery, PA",2022-09,2,-2,0
16024.0,"Callery, PA",2022-10,1,-1,0
16024.0,"Callery, PA",2022-11,0,0,1
16024.0,"Callery, PA",2022-12,-1,1,0
16025.0,"Chicora, PA",2022-01,10,-10,0
16025.0,"Chicora, PA",2022-02,9,-9,0
16025.0,"Chicora, PA",2022-03,8,-8,0
16025.0,"Chicora, PA",2022-04,7,-7,0
16025.0,"Chicora, PA",2022-05,6,-6,0
16025.0,"Chicora, PA",2022-06,5,-5,0
16025.0,"Chicora, PA",2022-07,4,-4,0
16025.0,"Chicora, PA",2022-08,3,-3,0
16025.0,"Chicora, PA",2022-09,2,-2,0
16025.0,"Chicora, PA",2022-10,1,-1,0
16025.0,"Chicora, PA",2022-11,0,0,1
16025.0,"Chicora, PA",2022-12,-1,1,0
16027.0,"Connoquenessing, PA",2022-01,10,-10,0
16027.0,"Connoquenessing, PA",2022-02,9,-9,0
16027.0,"Connoquenessing, PA",2022-03,8,-8,0
16027.0,"Connoquenessing, PA",2022-04,7,-7,0
16027.0,"Connoquenessing, PA",2022-05,6,-6,0
16027.0,"Connoquenessing, PA",2022-06,5,-5,0
16027.0,"Connoquenessing, PA",2022-07,4,-4,0
16027.0,"Connoquenessing, PA",2022-08,3,-3,0
16027.0,"Connoquenessing, PA",2022-09,2,-2,0
16027.0,"Connoquenessing, PA",2022-10,1,-1,0
16027.0,"Connoquenessing, PA",2022-11,0,0,1
16027.0,"Connoquenessing, PA",2022-12,-1,1,0
16028.0,"East Brady, PA",2022-01,10,-10,0
16028.0,"East Brady, PA",2022-02,9,-9,0
16028.0,"East Brady, PA",2022-03,8,-8,0
16028.0,"East Brady, PA",2022-04,7,-7,0
16028.0,"East Brady, PA",2022-05,6,-6,0
16028.0,"East Brady, PA",2022-06,5,-5,0
16028.0,"East Brady, PA",2022-07,4,-4,0
16028.0,"East Brady, PA",2022-08,3,-3,0
16028.0,"East Brady, PA",2022-09,2,-2,0
16028.0,"East Brady, PA",2022-10,1,-1,0
16028.0,"East Brady, PA",2022-11,0,0,1
16028.0,"East Brady, PA",2022-12,-1,1,0
16029.0,"East Butler, PA",2022-01,10,-10,0
16029.0,"East Butler, PA",2022-02,9,-9,0
16029.0,"East Butler, PA",2022-03,8,-8,0
16029.0,"East Butler, PA",2022-04,7,-7,0
16029.0,"East Butler, PA",2022-05,6,-6,0
16029.0,"East Butler, PA",2022-06,5,-5,0
16029.0,"East Butler, PA",2022-07,4,-4,0
16029.0,"East Butler, PA",2022-08,3,-3,0
16029.0,"East Butler, PA",2022-09,2,-2,0
16029.0,"East Butler, PA",2022-10,1,-1,0
16029.0,"East Butler, PA",2022-11,0,0,1
16029.0,"East Butler, PA",2022-12,-1,1,0
16030.0,"Eau Claire, PA",2022-01,10,-10,0
16030.0,"Eau Claire, PA",2022-02,9,-9,0
16030.0,"Eau Claire, PA",2022-03,8,-8,0
16030.0,"Eau Claire, PA",2022-04,7,-7,0
16030.0,"Eau Claire, PA",2022-05,6,-6,0
16030.0,"Eau Claire, PA",2022-06,5,-5,0
16030.0,"Eau Claire, PA",2022-07,4,-4,0
16030.0,"Eau Claire, PA",2022-08,3,-3,0
16030.0,"Eau Claire, PA",2022-09,2,-2,0
16030.0,"Eau Claire, PA",2022-10,1,-1,0
16030.0,"Eau Claire, PA",2022-11,0,0,1
16030.0,"Eau Claire, PA",2022-12,-1,1,0
16033.0,"Evans City, PA",2022-01,10,-10,0
16033.0,"Evans City, PA",2022-02,9,-9,0
16033.0,"Evans City, PA",2022-03,8,-8,0
16033.0,"Evans City, PA",2022-04,7,-7,0
16033.0,"Evans City, PA",2022-05,6,-6,0
16033.0,"Evans City, PA",2022-06,5,-5,0
16033.0,"Evans City, PA",2022-07,4,-4,0
16033.0,"Evans City, PA",2022-08,3,-3,0
16033.0,"Evans City, PA",2022-09,2,-2,0
16033.0,"Evans City, PA",2022-10,1,-1,0
16033.0,"Evans City, PA",2022-11,0,0,1
16033.0,"Evans City, PA",2022-12,-1,1,0
16034.0,"Fenelton, PA",2022-01,10,-10,0
16034.0,"Fenelton, PA",2022-02,9,-9,0
16034.0,"Fenelton, PA",2022-03,8,-8,0
16034.0,"Fenelton, PA",2022-04,7,-7,0
16034.0,"Fenelton, PA",2022-05,6,-6,0
16034.0,"Fenelton, PA",2022-06,5,-5,0
16034.0,"Fenelton, PA",2022-07,4,-4,0
16034.0,"Fenelton, PA",2022-08,3,-3,0
16034.0,"Fenelton, PA",2022-09,2,-2,0
16034.0,"Fenelton, PA",2022-10,1,-1,0
16034.0,"Fenelton, PA",2022-11,0,0,1
16034.0,"Fenelton, PA",2022-12,-1,1,0
16035.0,"Forestville, PA",2022-01,10,-10,0
16035.0,"Forestville, PA",2022-02,9,-9,0
16035.0,"Forestville, PA",2022-03,8,-8,0
16035.0,"Forestville, PA",2022-04,7,-7,0
16035.0,"Forestville, PA",2022-05,6,-6,0
16035.0,"Forestville, PA",2022-06,5,-5,0
16035.0,"Forestville, PA",2022-07,4,-4,0
16035.0,"Forestville, PA",2022-08,3,-3,0
16035.0,"Forestville, PA",2022-09,2,-2,0
16035.0,"Forestville, PA",2022-10,1,-1,0
16035.0,"Forestville, PA",2022-11,0,0,1
16035.0,"Forestville, PA",2022-12,-1,1,0
16036.0,"Foxburg, PA",2022-01,10,-10,0
16036.0,"Foxburg, PA",2022-02,9,-9,0
16036.0,"Foxburg, PA",2022-03,8,-8,0
16036.0,"Foxburg, PA",2022-04,7,-7,0
16036.0,"Foxburg, PA",2022-05,6,-6,0
16036.0,"Foxburg, PA",2022-06,5,-5,0
16036.0,"Foxburg, PA",2022-07,4,-4,0
16036.0,"Foxburg, PA",2022-08,3,-3,0
16036.0,"Foxburg, PA",2022-09,2,-2,0
16036.0,"Foxburg, PA",2022-10,1,-1,0
16036.0,"Foxburg, PA",2022-11,0,0,1
16036.0,"Foxburg, PA",2022-12,-1,1,0
16037.0,"Harmony, PA",2022-01,10,-10,0
16037.0,"Harmony, PA",2022-02,9,-9,0
16037.0,"Harmony, PA",2022-03,8,-8,0
16037.0,"Harmony, PA",2022-04,7,-7,0
16037.0,"Harmony, PA",2022-05,6,-6,0
16037.0,"Harmony, PA",2022-06,5,-5,0
16037.0,"Harmony, PA",2022-07,4,-4,0
16037.0,"Harmony, PA",2022-08,3,-3,0
16037.0,"Harmony, PA",2022-09,2,-2,0
16037.0,"Harmony, PA",2022-10,1,-1,0
16037.0,"Harmony, PA",2022-11,0,0,1
16037.0,"Harmony, PA",2022-12,-1,1,0
16038.0,"Harrisville, PA",2022-01,10,-10,0
16038.0,"Harrisville, PA",2022-02,9,-9,0
16038.0,"Harrisville, PA",2022-03,8,-8,0
16038.0,"Harrisville, PA",2022-04,7,-7,0
16038.0,"Harrisville, PA",2022-05,6,-6,0
16038.0,"Harrisville, PA",2022-06,5,-5,0
16038.0,"Harrisville, PA",2022-07,4,-4,0
16038.0,"Harrisville, PA",2022-08,3,-3,0
16038.0,"Harrisville, PA",2022-09,2,-2,0
16038.0,"Harrisville, PA",2022-10,1,-1,0
16038.0,"Harrisville, PA",2022-11,0,0,1
16038.0,"Harrisville, PA",2022-12,-1,1,0
16040.0,"Hilliards, PA",2022-01,10,-10,0
16040.0,"Hilliards, PA",2022-02,9,-9,0
16040.0,"Hilliards, PA",2022-03,8,-8,0
16040.0,"Hilliards, PA",2022-04,7,-7,0
16040.0,"Hilliards, PA",2022-05,6,-6,0
16040.0,"Hilliards, PA",2022-06,5,-5,0
16040.0,"Hilliards, PA",2022-07,4,-4,0
16040.0,"Hilliards, PA",2022-08,3,-3,0
16040.0,"Hilliards, PA",2022-09,2,-2,0
16040.0,"Hilliards, PA",2022-10,1,-1,0
16040.0,"Hilliards, PA",2022-11,0,0,1
16040.0,"Hilliards, PA",2022-12,-1,1,0
16041.0,"Karns City, PA",2022-01,10,-10,0
16041.0,"Karns City, PA",2022-02,9,-9,0
16041.0,"Karns City, PA",2022-03,8,-8,0
16041.0,"Karns City, PA",2022-04,7,-7,0
16041.0,"Karns City, PA",2022-05,6,-6,0
16041.0,"Karns City, PA",2022-06,5,-5,0
16041.0,"Karns City, PA",2022-07,4,-4,0
16041.0,"Karns City, PA",2022-08,3,-3,0
16041.0,"Karns City, PA",2022-09,2,-2,0
16041.0,"Karns City, PA",2022-10,1,-1,0
16041.0,"Karns City, PA",2022-11,0,0,1
16041.0,"Karns City, PA",2022-12,-1,1,0
16045.0,"Lyndora, PA",2022-01,10,-10,0
16045.0,"Lyndora, PA",2022-02,9,-9,0
16045.0,"Lyndora, PA",2022-03,8,-8,0
16045.0,"Lyndora, PA",2022-04,7,-7,0
16045.0,"Lyndora, PA",2022-05,6,-6,0
16045.0,"Lyndora, PA",2022-06,5,-5,0
16045.0,"Lyndora, PA",2022-07,4,-4,0
16045.0,"Lyndora, PA",2022-08,3,-3,0
16045.0,"Lyndora, PA",2022-09,2,-2,0
16045.0,"Lyndora, PA",2022-10,1,-1,0
16045.0,"Lyndora, PA",2022-11,0,0,1
16045.0,"Lyndora, PA",2022-12,-1,1,0
16046.0,"Mars, PA",2022-01,10,-10,0
16046.0,"Mars, PA",2022-02,9,-9,0
16046.0,"Mars, PA",2022-03,8,-8,0
16046.0,"Mars, PA",2022-04,7,-7,0
16046.0,"Mars, PA",2022-05,6,-6,0
16046.0,"Mars, PA",2022-06,5,-5,0
16046.0,"Mars, PA",2022-07,4,-4,0
16046.0,"Mars, PA",2022-08,3,-3,0
16046.0,"Mars, PA",2022-09,2,-2,0
16046.0,"Mars, PA",2022-10,1,-1,0
16046.0,"Mars, PA",2022-11,0,0,1
16046.0,"Mars, PA",2022-12,-1,1,0
16048.0,"North Washington, PA",2022-01,10,-10,0
16048.0,"North Washington, PA",2022-02,9,-9,0
16048.0,"North Washington, PA",2022-03,8,-8,0
16048.0,"North Washington, PA",2022-04,7,-7,0
16048.0,"North Washington, PA",2022-05,6,-6,0
16048.0,"North Washington, PA",2022-06,5,-5,0
16048.0,"North Washington, PA",2022-07,4,-4,0
16048.0,"North Washington, PA",2022-08,3,-3,0
16048.0,"North Washington, PA",2022-09,2,-2,0
16048.0,"North Washington, PA",2022-10,1,-1,0
16048.0,"North Washington, PA",2022-11,0,0,1
16048.0,"North Washington, PA",2022-12,-1,1,0
16049.0,"Parker, PA",2022-01,10,-10,0
16049.0,"Parker, PA",2022-02,9,-9,0
16049.0,"Parker, PA",2022-03,8,-8,0
16049.0,"Parker, PA",2022-04,7,-7,0
16049.0,"Parker, PA",2022-05,6,-6,0
16049.0,"Parker, PA",2022-06,5,-5,0
16049.0,"Parker, PA",2022-07,4,-4,0
16049.0,"Parker, PA",2022-08,3,-3,0
16049.0,"Parker, PA",2022-09,2,-2,0
16049.0,"Parker, PA",2022-10,1,-1,0
16049.0,"Parker, PA",2022-11,0,0,1
16049.0,"Parker, PA",2022-12,-1,1,0
16050.0,"Petrolia, PA",2022-01,10,-10,0
16050.0,"Petrolia, PA",2022-02,9,-9,0
16050.0,"Petrolia, PA",2022-03,8,-8,0
16050.0,"Petrolia, PA",2022-04,7,-7,0
16050.0,"Petrolia, PA",2022-05,6,-6,0
16050.0,"Petrolia, PA",2022-06,5,-5,0
16050.0,"Petrolia, PA",2022-07,4,-4,0
16050.0,"Petrolia, PA",2022-08,3,-3,0
16050.0,"Petrolia, PA",2022-09,2,-2,0
16050.0,"Petrolia, PA",2022-10,1,-1,0
16050.0,"Petrolia, PA",2022-11,0,0,1
16050.0,"Petrolia, PA",2022-12,-1,1,0
16051.0,"Portersville, PA",2022-01,10,-10,0
16051.0,"Portersville, PA",2022-02,9,-9,0
16051.0,"Portersville, PA",2022-03,8,-8,0
16051.0,"Portersville, PA",2022-04,7,-7,0
16051.0,"Portersville, PA",2022-05,6,-6,0
16051.0,"Portersville, PA",2022-06,5,-5,0
16051.0,"Portersville, PA",2022-07,4,-4,0
16051.0,"Portersville, PA",2022-08,3,-3,0
16051.0,"Portersville, PA",2022-09,2,-2,0
16051.0,"Portersville, PA",2022-10,1,-1,0
16051.0,"Portersville, PA",2022-11,0,0,1
16051.0,"Portersville, PA",2022-12,-1,1,0
16052.0,"Prospect, PA",2022-01,10,-10,0
16052.0,"Prospect, PA",2022-02,9,-9,0
16052.0,"Prospect, PA",2022-03,8,-8,0
16052.0,"Prospect, PA",2022-04,7,-7,0
16052.0,"Prospect, PA",2022-05,6,-6,0
16052.0,"Prospect, PA",2022-06,5,-5,0
16052.0,"Prospect, PA",2022-07,4,-4,0
16052.0,"Prospect, PA",2022-08,3,-3,0
16052.0,"Prospect, PA",2022-09,2,-2,0
16052.0,"Prospect, PA",2022-10,1,-1,0
16052.0,"Prospect, PA",2022-11,0,0,1
16052.0,"Prospect, PA",2022-12,-1,1,0
16053.0,"Renfrew, PA",2022-01,10,-10,0
16053.0,"Renfrew, PA",2022-02,9,-9,0
16053.0,"Renfrew, PA",2022-03,8,-8,0
16053.0,"Renfrew, PA",2022-04,7,-7,0
16053.0,"Renfrew, PA",2022-05,6,-6,0
16053.0,"Renfrew, PA",2022-06,5,-5,0
16053.0,"Renfrew, PA",2022-07,4,-4,0
16053.0,"Renfrew, PA",2022-08,3,-3,0
16053.0,"Renfrew, PA",2022-09,2,-2,0
16053.0,"Renfrew, PA",2022-10,1,-1,0
16053.0,"Renfrew, PA",2022-11,0,0,1
16053.0,"Renfrew, PA",2022-12,-1,1,0
16054.0,"Saint Petersburg, PA",2022-01,10,-10,0
16054.0,"Saint Petersburg, PA",2022-02,9,-9,0
16054.0,"Saint Petersburg, PA",2022-03,8,-8,0
16054.0,"Saint Petersburg, PA",2022-04,7,-7,0
16054.0,"Saint Petersburg, PA",2022-05,6,-6,0
16054.0,"Saint Petersburg, PA",2022-06,5,-5,0
16054.0,"Saint Petersburg, PA",2022-07,4,-4,0
16054.0,"Saint Petersburg, PA",2022-08,3,-3,0
16054.0,"Saint Petersburg, PA",2022-09,2,-2,0
16054.0,"Saint Petersburg, PA",2022-10,1,-1,0
16054.0,"Saint Petersburg, PA",2022-11,0,0,1
16054.0,"Saint Petersburg, PA",2022-12,-1,1,0
16055.0,"Sarver, PA",2022-01,10,-10,0
16055.0,"Sarver, PA",2022-02,9,-9,0
16055.0,"Sarver, PA",2022-03,8,-8,0
16055.0,"Sarver, PA",2022-04,7,-7,0
16055.0,"Sarver, PA",2022-05,6,-6,0
16055.0,"Sarver, PA",2022-06,5,-5,0
16055.0,"Sarver, PA",2022-07,4,-4,0
16055.0,"Sarver, PA",2022-08,3,-3,0
16055.0,"Sarver, PA",2022-09,2,-2,0
16055.0,"Sarver, PA",2022-10,1,-1,0
16055.0,"Sarver, PA",2022-11,0,0,1
16055.0,"Sarver, PA",2022-12,-1,1,0
16056.0,"Saxonburg, PA",2022-01,10,-10,0
16056.0,"Saxonburg, PA",2022-02,9,-9,0
16056.0,"Saxonburg, PA",2022-03,8,-8,0
16056.0,"Saxonburg, PA",2022-04,7,-7,0
16056.0,"Saxonburg, PA",2022-05,6,-6,0
16056.0,"Saxonburg, PA",2022-06,5,-5,0
16056.0,"Saxonburg, PA",2022-07,4,-4,0
16056.0,"Saxonburg, PA",2022-08,3,-3,0
16056.0,"Saxonburg, PA",2022-09,2,-2,0
16056.0,"Saxonburg, PA",2022-10,1,-1,0
16056.0,"Saxonburg, PA",2022-11,0,0,1
16056.0,"Saxonburg, PA",2022-12,-1,1,0
16057.0,"Slippery Rock, PA",2022-01,10,-10,0
16057.0,"Slippery Rock, PA",2022-02,9,-9,0
16057.0,"Slippery Rock, PA",2022-03,8,-8,0
16057.0,"Slippery Rock, PA",2022-04,7,-7,0
16057.0,"Slippery Rock, PA",2022-05,6,-6,0
16057.0,"Slippery Rock, PA",2022-06,5,-5,0
16057.0,"Slippery Rock, PA",2022-07,4,-4,0
16057.0,"Slippery Rock, PA",2022-08,3,-3,0
16057.0,"Slippery Rock, PA",2022-09,2,-2,0
16057.0,"Slippery Rock, PA",2022-10,1,-1,0
16057.0,"Slippery Rock, PA",2022-11,0,0,1
16057.0,"Slippery Rock, PA",2022-12,-1,1,0
16059.0,"Valencia, PA",2022-01,10,-10,0
16059.0,"Valencia, PA",2022-02,9,-9,0
16059.0,"Valencia, PA",2022-03,8,-8,0
16059.0,"Valencia, PA",2022-04,7,-7,0
16059.0,"Valencia, PA",2022-05,6,-6,0
16059.0,"Valencia, PA",2022-06,5,-5,0
16059.0,"Valencia, PA",2022-07,4,-4,0
16059.0,"Valencia, PA",2022-08,3,-3,0
16059.0,"Valencia, PA",2022-09,2,-2,0
16059.0,"Valencia, PA",2022-10,1,-1,0
16059.0,"Valencia, PA",2022-11,0,0,1
16059.0,"Valencia, PA",2022-12,-1,1,0
16061.0,"West Sunbury, PA",2022-01,10,-10,0
16061.0,"West Sunbury, PA",2022-02,9,-9,0
16061.0,"West Sunbury, PA",2022-03,8,-8,0
16061.0,"West Sunbury, PA",2022-04,7,-7,0
16061.0,"West Sunbury, PA",2022-05,6,-6,0
16061.0,"West Sunbury, PA",2022-06,5,-5,0
16061.0,"West Sunbury, PA",2022-07,4,-4,0
16061.0,"West Sunbury, PA",2022-08,3,-3,0
16061.0,"West Sunbury, PA",2022-09,2,-2,0
16061.0,"West Sunbury, PA",2022-10,1,-1,0
16061.0,"West Sunbury, PA",2022-11,0,0,1
16061.0,"West Sunbury, PA",2022-12,-1,1,0
16063.0,"Zelienople, PA",2022-01,10,-10,0
16063.0,"Zelienople, PA",2022-02,9,-9,0
16063.0,"Zelienople, PA",2022-03,8,-8,0
16063.0,"Zelienople, PA",2022-04,7,-7,0
16063.0,"Zelienople, PA",2022-05,6,-6,0
16063.0,"Zelienople, PA",2022-06,5,-5,0
16063.0,"Zelienople, PA",2022-07,4,-4,0
16063.0,"Zelienople, PA",2022-08,3,-3,0
16063.0,"Zelienople, PA",2022-09,2,-2,0
16063.0,"Zelienople, PA",2022-10,1,-1,0
16063.0,"Zelienople, PA",2022-11,0,0,1
16063.0,"Zelienople, PA",2022-12,-1,1,0
16066.0,"Cranberry Twp, PA",2022-01,10,-10,0
16066.0,"Cranberry Twp, PA",2022-02,9,-9,0
16066.0,"Cranberry Twp, PA",2022-03,8,-8,0
16066.0,"Cranberry Twp, PA",2022-04,7,-7,0
16066.0,"Cranberry Twp, PA",2022-05,6,-6,0
16066.0,"Cranberry Twp, PA",2022-06,5,-5,0
16066.0,"Cranberry Twp, PA",2022-07,4,-4,0
16066.0,"Cranberry Twp, PA",2022-08,3,-3,0
16066.0,"Cranberry Twp, PA",2022-09,2,-2,0
16066.0,"Cranberry Twp, PA",2022-10,1,-1,0
16066.0,"Cranberry Twp, PA",2022-11,0,0,1
16066.0,"Cranberry Twp, PA",2022-12,-1,1,0
16101.0,"New Castle, PA",2022-01,10,-10,0
16101.0,"New Castle, PA",2022-02,9,-9,0
16101.0,"New Castle, PA",2022-03,8,-8,0
16101.0,"New Castle, PA",2022-04,7,-7,0
16101.0,"New Castle, PA",2022-05,6,-6,0
16101.0,"New Castle, PA",2022-06,5,-5,0
16101.0,"New Castle, PA",2022-07,4,-4,0
16101.0,"New Castle, PA",2022-08,3,-3,0
16101.0,"New Castle, PA",2022-09,2,-2,0
16101.0,"New Castle, PA",2022-10,1,-1,0
16101.0,"New Castle, PA",2022-11,0,0,1
16101.0,"New Castle, PA",2022-12,-1,1,0
16102.0,"New Castle, PA",2022-01,10,-10,0
16102.0,"New Castle, PA",2022-02,9,-9,0
16102.0,"New Castle, PA",2022-03,8,-8,0
16102.0,"New Castle, PA",2022-04,7,-7,0
16102.0,"New Castle, PA",2022-05,6,-6,0
16102.0,"New Castle, PA",2022-06,5,-5,0
16102.0,"New Castle, PA",2022-07,4,-4,0
16102.0,"New Castle, PA",2022-08,3,-3,0
16102.0,"New Castle, PA",2022-09,2,-2,0
16102.0,"New Castle, PA",2022-10,1,-1,0
16102.0,"New Castle, PA",2022-11,0,0,1
16102.0,"New Castle, PA",2022-12,-1,1,0
16105.0,"New Castle, PA",2022-01,10,-10,0
16105.0,"New Castle, PA",2022-02,9,-9,0
16105.0,"New Castle, PA",2022-03,8,-8,0
16105.0,"New Castle, PA",2022-04,7,-7,0
16105.0,"New Castle, PA",2022-05,6,-6,0
16105.0,"New Castle, PA",2022-06,5,-5,0
16105.0,"New Castle, PA",2022-07,4,-4,0
16105.0,"New Castle, PA",2022-08,3,-3,0
16105.0,"New Castle, PA",2022-09,2,-2,0
16105.0,"New Castle, PA",2022-10,1,-1,0
16105.0,"New Castle, PA",2022-11,0,0,1
16105.0,"New Castle, PA",2022-12,-1,1,0
16110.0,"Adamsville, PA",2022-01,10,-10,0
16110.0,"Adamsville, PA",2022-02,9,-9,0
16110.0,"Adamsville, PA",2022-03,8,-8,0
16110.0,"Adamsville, PA",2022-04,7,-7,0
16110.0,"Adamsville, PA",2022-05,6,-6,0
16110.0,"Adamsville, PA",2022-06,5,-5,0
16110.0,"Adamsville, PA",2022-07,4,-4,0
16110.0,"Adamsville, PA",2022-08,3,-3,0
16110.0,"Adamsville, PA",2022-09,2,-2,0
16110.0,"Adamsville, PA",2022-10,1,-1,0
16110.0,"Adamsville, PA",2022-11,0,0,1
16110.0,"Adamsville, PA",2022-12,-1,1,0
16111.0,"Atlantic, PA",2022-01,10,-10,0
16111.0,"Atlantic, PA",2022-02,9,-9,0
16111.0,"Atlantic, PA",2022-03,8,-8,0
16111.0,"Atlantic, PA",2022-04,7,-7,0
16111.0,"Atlantic, PA",2022-05,6,-6,0
16111.0,"Atlantic, PA",2022-06,5,-5,0
16111.0,"Atlantic, PA",2022-07,4,-4,0
16111.0,"Atlantic, PA",2022-08,3,-3,0
16111.0,"Atlantic, PA",2022-09,2,-2,0
16111.0,"Atlantic, PA",2022-10,1,-1,0
16111.0,"Atlantic, PA",2022-11,0,0,1
16111.0,"Atlantic, PA",2022-12,-1,1,0
16112.0,"Bessemer, PA",2022-01,10,-10,0
16112.0,"Bessemer, PA",2022-02,9,-9,0
16112.0,"Bessemer, PA",2022-03,8,-8,0
16112.0,"Bessemer, PA",2022-04,7,-7,0
16112.0,"Bessemer, PA",2022-05,6,-6,0
16112.0,"Bessemer, PA",2022-06,5,-5,0
16112.0,"Bessemer, PA",2022-07,4,-4,0
16112.0,"Bessemer, PA",2022-08,3,-3,0
16112.0,"Bessemer, PA",2022-09,2,-2,0
16112.0,"Bessemer, PA",2022-10,1,-1,0
16112.0,"Bessemer, PA",2022-11,0,0,1
16112.0,"Bessemer, PA",2022-12,-1,1,0
16113.0,"Clark, PA",2022-01,10,-10,0
16113.0,"Clark, PA",2022-02,9,-9,0
16113.0,"Clark, PA",2022-03,8,-8,0
16113.0,"Clark, PA",2022-04,7,-7,0
16113.0,"Clark, PA",2022-05,6,-6,0
16113.0,"Clark, PA",2022-06,5,-5,0
16113.0,"Clark, PA",2022-07,4,-4,0
16113.0,"Clark, PA",2022-08,3,-3,0
16113.0,"Clark, PA",2022-09,2,-2,0
16113.0,"Clark, PA",2022-10,1,-1,0
16113.0,"Clark, PA",2022-11,0,0,1
16113.0,"Clark, PA",2022-12,-1,1,0
16114.0,"Clarks Mills, PA",2022-01,10,-10,0
16114.0,"Clarks Mills, PA",2022-02,9,-9,0
16114.0,"Clarks Mills, PA",2022-03,8,-8,0
16114.0,"Clarks Mills, PA",2022-04,7,-7,0
16114.0,"Clarks Mills, PA",2022-05,6,-6,0
16114.0,"Clarks Mills, PA",2022-06,5,-5,0
16114.0,"Clarks Mills, PA",2022-07,4,-4,0
16114.0,"Clarks Mills, PA",2022-08,3,-3,0
16114.0,"Clarks Mills, PA",2022-09,2,-2,0
16114.0,"Clarks Mills, PA",2022-10,1,-1,0
16114.0,"Clarks Mills, PA",2022-11,0,0,1
16114.0,"Clarks Mills, PA",2022-12,-1,1,0
16115.0,"Darlington, PA",2022-01,10,-10,0
16115.0,"Darlington, PA",2022-02,9,-9,0
16115.0,"Darlington, PA",2022-03,8,-8,0
16115.0,"Darlington, PA",2022-04,7,-7,0
16115.0,"Darlington, PA",2022-05,6,-6,0
16115.0,"Darlington, PA",2022-06,5,-5,0
16115.0,"Darlington, PA",2022-07,4,-4,0
16115.0,"Darlington, PA",2022-08,3,-3,0
16115.0,"Darlington, PA",2022-09,2,-2,0
16115.0,"Darlington, PA",2022-10,1,-1,0
16115.0,"Darlington, PA",2022-11,0,0,1
16115.0,"Darlington, PA",2022-12,-1,1,0
16116.0,"Edinburg, PA",2022-01,10,-10,0
16116.0,"Edinburg, PA",2022-02,9,-9,0
16116.0,"Edinburg, PA",2022-03,8,-8,0
16116.0,"Edinburg, PA",2022-04,7,-7,0
16116.0,"Edinburg, PA",2022-05,6,-6,0
16116.0,"Edinburg, PA",2022-06,5,-5,0
16116.0,"Edinburg, PA",2022-07,4,-4,0
16116.0,"Edinburg, PA",2022-08,3,-3,0
16116.0,"Edinburg, PA",2022-09,2,-2,0
16116.0,"Edinburg, PA",2022-10,1,-1,0
16116.0,"Edinburg, PA",2022-11,0,0,1
16116.0,"Edinburg, PA",2022-12,-1,1,0
16117.0,"Ellwood City, PA",2022-01,10,-10,0
16117.0,"Ellwood City, PA",2022-02,9,-9,0
16117.0,"Ellwood City, PA",2022-03,8,-8,0
16117.0,"Ellwood City, PA",2022-04,7,-7,0
16117.0,"Ellwood City, PA",2022-05,6,-6,0
16117.0,"Ellwood City, PA",2022-06,5,-5,0
16117.0,"Ellwood City, PA",2022-07,4,-4,0
16117.0,"Ellwood City, PA",2022-08,3,-3,0
16117.0,"Ellwood City, PA",2022-09,2,-2,0
16117.0,"Ellwood City, PA",2022-10,1,-1,0
16117.0,"Ellwood City, PA",2022-11,0,0,1
16117.0,"Ellwood City, PA",2022-12,-1,1,0
16120.0,"Enon Valley, PA",2022-01,10,-10,0
16120.0,"Enon Valley, PA",2022-02,9,-9,0
16120.0,"Enon Valley, PA",2022-03,8,-8,0
16120.0,"Enon Valley, PA",2022-04,7,-7,0
16120.0,"Enon Valley, PA",2022-05,6,-6,0
16120.0,"Enon Valley, PA",2022-06,5,-5,0
16120.0,"Enon Valley, PA",2022-07,4,-4,0
16120.0,"Enon Valley, PA",2022-08,3,-3,0
16120.0,"Enon Valley, PA",2022-09,2,-2,0
16120.0,"Enon Valley, PA",2022-10,1,-1,0
16120.0,"Enon Valley, PA",2022-11,0,0,1
16120.0,"Enon Valley, PA",2022-12,-1,1,0
16121.0,"Farrell, PA",2022-01,10,-10,0
16121.0,"Farrell, PA",2022-02,9,-9,0
16121.0,"Farrell, PA",2022-03,8,-8,0
16121.0,"Farrell, PA",2022-04,7,-7,0
16121.0,"Farrell, PA",2022-05,6,-6,0
16121.0,"Farrell, PA",2022-06,5,-5,0
16121.0,"Farrell, PA",2022-07,4,-4,0
16121.0,"Farrell, PA",2022-08,3,-3,0
16121.0,"Farrell, PA",2022-09,2,-2,0
16121.0,"Farrell, PA",2022-10,1,-1,0
16121.0,"Farrell, PA",2022-11,0,0,1
16121.0,"Farrell, PA",2022-12,-1,1,0
16123.0,"Fombell, PA",2022-01,10,-10,0
16123.0,"Fombell, PA",2022-02,9,-9,0
16123.0,"Fombell, PA",2022-03,8,-8,0
16123.0,"Fombell, PA",2022-04,7,-7,0
16123.0,"Fombell, PA",2022-05,6,-6,0
16123.0,"Fombell, PA",2022-06,5,-5,0
16123.0,"Fombell, PA",2022-07,4,-4,0
16123.0,"Fombell, PA",2022-08,3,-3,0
16123.0,"Fombell, PA",2022-09,2,-2,0
16123.0,"Fombell, PA",2022-10,1,-1,0
16123.0,"Fombell, PA",2022-11,0,0,1
16123.0,"Fombell, PA",2022-12,-1,1,0
16124.0,"Fredonia, PA",2022-01,10,-10,0
16124.0,"Fredonia, PA",2022-02,9,-9,0
16124.0,"Fredonia, PA",2022-03,8,-8,0
16124.0,"Fredonia, PA",2022-04,7,-7,0
16124.0,"Fredonia, PA",2022-05,6,-6,0
16124.0,"Fredonia, PA",2022-06,5,-5,0
16124.0,"Fredonia, PA",2022-07,4,-4,0
16124.0,"Fredonia, PA",2022-08,3,-3,0
16124.0,"Fredonia, PA",2022-09,2,-2,0
16124.0,"Fredonia, PA",2022-10,1,-1,0
16124.0,"Fredonia, PA",2022-11,0,0,1
16124.0,"Fredonia, PA",2022-12,-1,1,0
16125.0,"Greenville, PA",2022-01,10,-10,0
16125.0,"Greenville, PA",2022-02,9,-9,0
16125.0,"Greenville, PA",2022-03,8,-8,0
16125.0,"Greenville, PA",2022-04,7,-7,0
16125.0,"Greenville, PA",2022-05,6,-6,0
16125.0,"Greenville, PA",2022-06,5,-5,0
16125.0,"Greenville, PA",2022-07,4,-4,0
16125.0,"Greenville, PA",2022-08,3,-3,0
16125.0,"Greenville, PA",2022-09,2,-2,0
16125.0,"Greenville, PA",2022-10,1,-1,0
16125.0,"Greenville, PA",2022-11,0,0,1
16125.0,"Greenville, PA",2022-12,-1,1,0
16127.0,"Grove City, PA",2022-01,10,-10,0
16127.0,"Grove City, PA",2022-02,9,-9,0
16127.0,"Grove City, PA",2022-03,8,-8,0
16127.0,"Grove City, PA",2022-04,7,-7,0
16127.0,"Grove City, PA",2022-05,6,-6,0
16127.0,"Grove City, PA",2022-06,5,-5,0
16127.0,"Grove City, PA",2022-07,4,-4,0
16127.0,"Grove City, PA",2022-08,3,-3,0
16127.0,"Grove City, PA",2022-09,2,-2,0
16127.0,"Grove City, PA",2022-10,1,-1,0
16127.0,"Grove City, PA",2022-11,0,0,1
16127.0,"Grove City, PA",2022-12,-1,1,0
16130.0,"Hadley, PA",2022-01,10,-10,0
16130.0,"Hadley, PA",2022-02,9,-9,0
16130.0,"Hadley, PA",2022-03,8,-8,0
16130.0,"Hadley, PA",2022-04,7,-7,0
16130.0,"Hadley, PA",2022-05,6,-6,0
16130.0,"Hadley, PA",2022-06,5,-5,0
16130.0,"Hadley, PA",2022-07,4,-4,0
16130.0,"Hadley, PA",2022-08,3,-3,0
16130.0,"Hadley, PA",2022-09,2,-2,0
16130.0,"Hadley, PA",2022-10,1,-1,0
16130.0,"Hadley, PA",2022-11,0,0,1
16130.0,"Hadley, PA",2022-12,-1,1,0
16131.0,"Hartstown, PA",2022-01,10,-10,0
16131.0,"Hartstown, PA",2022-02,9,-9,0
16131.0,"Hartstown, PA",2022-03,8,-8,0
16131.0,"Hartstown, PA",2022-04,7,-7,0
16131.0,"Hartstown, PA",2022-05,6,-6,0
16131.0,"Hartstown, PA",2022-06,5,-5,0
16131.0,"Hartstown, PA",2022-07,4,-4,0
16131.0,"Hartstown, PA",2022-08,3,-3,0
16131.0,"Hartstown, PA",2022-09,2,-2,0
16131.0,"Hartstown, PA",2022-10,1,-1,0
16131.0,"Hartstown, PA",2022-11,0,0,1
16131.0,"Hartstown, PA",2022-12,-1,1,0
16132.0,"Hillsville, PA",2022-01,10,-10,0
16132.0,"Hillsville, PA",2022-02,9,-9,0
16132.0,"Hillsville, PA",2022-03,8,-8,0
16132.0,"Hillsville, PA",2022-04,7,-7,0
16132.0,"Hillsville, PA",2022-05,6,-6,0
16132.0,"Hillsville, PA",2022-06,5,-5,0
16132.0,"Hillsville, PA",2022-07,4,-4,0
16132.0,"Hillsville, PA",2022-08,3,-3,0
16132.0,"Hillsville, PA",2022-09,2,-2,0
16132.0,"Hillsville, PA",2022-10,1,-1,0
16132.0,"Hillsville, PA",2022-11,0,0,1
16132.0,"Hillsville, PA",2022-12,-1,1,0
16133.0,"Jackson Center, PA",2022-01,10,-10,0
16133.0,"Jackson Center, PA",2022-02,9,-9,0
16133.0,"Jackson Center, PA",2022-03,8,-8,0
16133.0,"Jackson Center, PA",2022-04,7,-7,0
16133.0,"Jackson Center, PA",2022-05,6,-6,0
16133.0,"Jackson Center, PA",2022-06,5,-5,0
16133.0,"Jackson Center, PA",2022-07,4,-4,0
16133.0,"Jackson Center, PA",2022-08,3,-3,0
16133.0,"Jackson Center, PA",2022-09,2,-2,0
16133.0,"Jackson Center, PA",2022-10,1,-1,0
16133.0,"Jackson Center, PA",2022-11,0,0,1
16133.0,"Jackson Center, PA",2022-12,-1,1,0
16134.0,"Jamestown, PA",2022-01,10,-10,0
16134.0,"Jamestown, PA",2022-02,9,-9,0
16134.0,"Jamestown, PA",2022-03,8,-8,0
16134.0,"Jamestown, PA",2022-04,7,-7,0
16134.0,"Jamestown, PA",2022-05,6,-6,0
16134.0,"Jamestown, PA",2022-06,5,-5,0
16134.0,"Jamestown, PA",2022-07,4,-4,0
16134.0,"Jamestown, PA",2022-08,3,-3,0
16134.0,"Jamestown, PA",2022-09,2,-2,0
16134.0,"Jamestown, PA",2022-10,1,-1,0
16134.0,"Jamestown, PA",2022-11,0,0,1
16134.0,"Jamestown, PA",2022-12,-1,1,0
16136.0,"Koppel, PA",2022-01,10,-10,0
16136.0,"Koppel, PA",2022-02,9,-9,0
16136.0,"Koppel, PA",2022-03,8,-8,0
16136.0,"Koppel, PA",2022-04,7,-7,0
16136.0,"Koppel, PA",2022-05,6,-6,0
16136.0,"Koppel, PA",2022-06,5,-5,0
16136.0,"Koppel, PA",2022-07,4,-4,0
16136.0,"Koppel, PA",2022-08,3,-3,0
16136.0,"Koppel, PA",2022-09,2,-2,0
16136.0,"Koppel, PA",2022-10,1,-1,0
16136.0,"Koppel, PA",2022-11,0,0,1
16136.0,"Koppel, PA",2022-12,-1,1,0
16137.0,"Mercer, PA",2022-01,10,-10,0
16137.0,"Mercer, PA",2022-02,9,-9,0
16137.0,"Mercer, PA",2022-03,8,-8,0
16137.0,"Mercer, PA",2022-04,7,-7,0
16137.0,"Mercer, PA",2022-05,6,-6,0
16137.0,"Mercer, PA",2022-06,5,-5,0
16137.0,"Mercer, PA",2022-07,4,-4,0
16137.0,"Mercer, PA",2022-08,3,-3,0
16137.0,"Mercer, PA",2022-09,2,-2,0
16137.0,"Mercer, PA",2022-10,1,-1,0
16137.0,"Mercer, PA",2022-11,0,0,1
16137.0,"Mercer, PA",2022-12,-1,1,0
16140.0,"New Bedford, PA",2022-01,10,-10,0
16140.0,"New Bedford, PA",2022-02,9,-9,0
16140.0,"New Bedford, PA",2022-03,8,-8,0
16140.0,"New Bedford, PA",2022-04,7,-7,0
16140.0,"New Bedford, PA",2022-05,6,-6,0
16140.0,"New Bedford, PA",2022-06,5,-5,0
16140.0,"New Bedford, PA",2022-07,4,-4,0
16140.0,"New Bedford, PA",2022-08,3,-3,0
16140.0,"New Bedford, PA",2022-09,2,-2,0
16140.0,"New Bedford, PA",2022-10,1,-1,0
16140.0,"New Bedford, PA",2022-11,0,0,1
16140.0,"New Bedford, PA",2022-12,-1,1,0
16141.0,"New Galilee, PA",2022-01,10,-10,0
16141.0,"New Galilee, PA",2022-02,9,-9,0
16141.0,"New Galilee, PA",2022-03,8,-8,0
16141.0,"New Galilee, PA",2022-04,7,-7,0
16141.0,"New Galilee, PA",2022-05,6,-6,0
16141.0,"New Galilee, PA",2022-06,5,-5,0
16141.0,"New Galilee, PA",2022-07,4,-4,0
16141.0,"New Galilee, PA",2022-08,3,-3,0
16141.0,"New Galilee, PA",2022-09,2,-2,0
16141.0,"New Galilee, PA",2022-10,1,-1,0
16141.0,"New Galilee, PA",2022-11,0,0,1
16141.0,"New Galilee, PA",2022-12,-1,1,0
16142.0,"New Wilmington, PA",2022-01,10,-10,0
16142.0,"New Wilmington, PA",2022-02,9,-9,0
16142.0,"New Wilmington, PA",2022-03,8,-8,0
16142.0,"New Wilmington, PA",2022-04,7,-7,0
16142.0,"New Wilmington, PA",2022-05,6,-6,0
16142.0,"New Wilmington, PA",2022-06,5,-5,0
16142.0,"New Wilmington, PA",2022-07,4,-4,0
16142.0,"New Wilmington, PA",2022-08,3,-3,0
16142.0,"New Wilmington, PA",2022-09,2,-2,0
16142.0,"New Wilmington, PA",2022-10,1,-1,0
16142.0,"New Wilmington, PA",2022-11,0,0,1
16142.0,"New Wilmington, PA",2022-12,-1,1,0
16143.0,"Pulaski, PA",2022-01,10,-10,0
16143.0,"Pulaski, PA",2022-02,9,-9,0
16143.0,"Pulaski, PA",2022-03,8,-8,0
16143.0,"Pulaski, PA",2022-04,7,-7,0
16143.0,"Pulaski, PA",2022-05,6,-6,0
16143.0,"Pulaski, PA",2022-06,5,-5,0
16143.0,"Pulaski, PA",2022-07,4,-4,0
16143.0,"Pulaski, PA",2022-08,3,-3,0
16143.0,"Pulaski, PA",2022-09,2,-2,0
16143.0,"Pulaski, PA",2022-10,1,-1,0
16143.0,"Pulaski, PA",2022-11,0,0,1
16143.0,"Pulaski, PA",2022-12,-1,1,0
16145.0,"Sandy Lake, PA",2022-01,10,-10,0
16145.0,"Sandy Lake, PA",2022-02,9,-9,0
16145.0,"Sandy Lake, PA",2022-03,8,-8,0
16145.0,"Sandy Lake, PA",2022-04,7,-7,0
16145.0,"Sandy Lake, PA",2022-05,6,-6,0
16145.0,"Sandy Lake, PA",2022-06,5,-5,0
16145.0,"Sandy Lake, PA",2022-07,4,-4,0
16145.0,"Sandy Lake, PA",2022-08,3,-3,0
16145.0,"Sandy Lake, PA",2022-09,2,-2,0
16145.0,"Sandy Lake, PA",2022-10,1,-1,0
16145.0,"Sandy Lake, PA",2022-11,0,0,1
16145.0,"Sandy Lake, PA",2022-12,-1,1,0
16146.0,"Sharon, PA",2022-01,10,-10,0
16146.0,"Sharon, PA",2022-02,9,-9,0
16146.0,"Sharon, PA",2022-03,8,-8,0
16146.0,"Sharon, PA",2022-04,7,-7,0
16146.0,"Sharon, PA",2022-05,6,-6,0
16146.0,"Sharon, PA",2022-06,5,-5,0
16146.0,"Sharon, PA",2022-07,4,-4,0
16146.0,"Sharon, PA",2022-08,3,-3,0
16146.0,"Sharon, PA",2022-09,2,-2,0
16146.0,"Sharon, PA",2022-10,1,-1,0
16146.0,"Sharon, PA",2022-11,0,0,1
16146.0,"Sharon, PA",2022-12,-1,1,0
16148.0,"Hermitage, PA",2022-01,10,-10,0
16148.0,"Hermitage, PA",2022-02,9,-9,0
16148.0,"Hermitage, PA",2022-03,8,-8,0
16148.0,"Hermitage, PA",2022-04,7,-7,0
16148.0,"Hermitage, PA",2022-05,6,-6,0
16148.0,"Hermitage, PA",2022-06,5,-5,0
16148.0,"Hermitage, PA",2022-07,4,-4,0
16148.0,"Hermitage, PA",2022-08,3,-3,0
16148.0,"Hermitage, PA",2022-09,2,-2,0
16148.0,"Hermitage, PA",2022-10,1,-1,0
16148.0,"Hermitage, PA",2022-11,0,0,1
16148.0,"Hermitage, PA",2022-12,-1,1,0
16150.0,"Sharpsville, PA",2022-01,10,-10,0
16150.0,"Sharpsville, PA",2022-02,9,-9,0
16150.0,"Sharpsville, PA",2022-03,8,-8,0
16150.0,"Sharpsville, PA",2022-04,7,-7,0
16150.0,"Sharpsville, PA",2022-05,6,-6,0
16150.0,"Sharpsville, PA",2022-06,5,-5,0
16150.0,"Sharpsville, PA",2022-07,4,-4,0
16150.0,"Sharpsville, PA",2022-08,3,-3,0
16150.0,"Sharpsville, PA",2022-09,2,-2,0
16150.0,"Sharpsville, PA",2022-10,1,-1,0
16150.0,"Sharpsville, PA",2022-11,0,0,1
16150.0,"Sharpsville, PA",2022-12,-1,1,0
16151.0,"Sheakleyville, PA",2022-01,10,-10,0
16151.0,"Sheakleyville, PA",2022-02,9,-9,0
16151.0,"Sheakleyville, PA",2022-03,8,-8,0
16151.0,"Sheakleyville, PA",2022-04,7,-7,0
16151.0,"Sheakleyville, PA",2022-05,6,-6,0
16151.0,"Sheakleyville, PA",2022-06,5,-5,0
16151.0,"Sheakleyville, PA",2022-07,4,-4,0
16151.0,"Sheakleyville, PA",2022-08,3,-3,0
16151.0,"Sheakleyville, PA",2022-09,2,-2,0
16151.0,"Sheakleyville, PA",2022-10,1,-1,0
16151.0,"Sheakleyville, PA",2022-11,0,0,1
16151.0,"Sheakleyville, PA",2022-12,-1,1,0
16153.0,"Stoneboro, PA",2022-01,10,-10,0
16153.0,"Stoneboro, PA",2022-02,9,-9,0
16153.0,"Stoneboro, PA",2022-03,8,-8,0
16153.0,"Stoneboro, PA",2022-04,7,-7,0
16153.0,"Stoneboro, PA",2022-05,6,-6,0
16153.0,"Stoneboro, PA",2022-06,5,-5,0
16153.0,"Stoneboro, PA",2022-07,4,-4,0
16153.0,"Stoneboro, PA",2022-08,3,-3,0
16153.0,"Stoneboro, PA",2022-09,2,-2,0
16153.0,"Stoneboro, PA",2022-10,1,-1,0
16153.0,"Stoneboro, PA",2022-11,0,0,1
16153.0,"Stoneboro, PA",2022-12,-1,1,0
16154.0,"Transfer, PA",2022-01,10,-10,0
16154.0,"Transfer, PA",2022-02,9,-9,0
16154.0,"Transfer, PA",2022-03,8,-8,0
16154.0,"Transfer, PA",2022-04,7,-7,0
16154.0,"Transfer, PA",2022-05,6,-6,0
16154.0,"Transfer, PA",2022-06,5,-5,0
16154.0,"Transfer, PA",2022-07,4,-4,0
16154.0,"Transfer, PA",2022-08,3,-3,0
16154.0,"Transfer, PA",2022-09,2,-2,0
16154.0,"Transfer, PA",2022-10,1,-1,0
16154.0,"Transfer, PA",2022-11,0,0,1
16154.0,"Transfer, PA",2022-12,-1,1,0
16155.0,"Villa Maria, PA",2022-01,10,-10,0
16155.0,"Villa Maria, PA",2022-02,9,-9,0
16155.0,"Villa Maria, PA",2022-03,8,-8,0
16155.0,"Villa Maria, PA",2022-04,7,-7,0
16155.0,"Villa Maria, PA",2022-05,6,-6,0
16155.0,"Villa Maria, PA",2022-06,5,-5,0
16155.0,"Villa Maria, PA",2022-07,4,-4,0
16155.0,"Villa Maria, PA",2022-08,3,-3,0
16155.0,"Villa Maria, PA",2022-09,2,-2,0
16155.0,"Villa Maria, PA",2022-10,1,-1,0
16155.0,"Villa Maria, PA",2022-11,0,0,1
16155.0,"Villa Maria, PA",2022-12,-1,1,0
16156.0,"Volant, PA",2022-01,10,-10,0
16156.0,"Volant, PA",2022-02,9,-9,0
16156.0,"Volant, PA",2022-03,8,-8,0
16156.0,"Volant, PA",2022-04,7,-7,0
16156.0,"Volant, PA",2022-05,6,-6,0
16156.0,"Volant, PA",2022-06,5,-5,0
16156.0,"Volant, PA",2022-07,4,-4,0
16156.0,"Volant, PA",2022-08,3,-3,0
16156.0,"Volant, PA",2022-09,2,-2,0
16156.0,"Volant, PA",2022-10,1,-1,0
16156.0,"Volant, PA",2022-11,0,0,1
16156.0,"Volant, PA",2022-12,-1,1,0
16157.0,"Wampum, PA",2022-01,10,-10,0
16157.0,"Wampum, PA",2022-02,9,-9,0
16157.0,"Wampum, PA",2022-03,8,-8,0
16157.0,"Wampum, PA",2022-04,7,-7,0
16157.0,"Wampum, PA",2022-05,6,-6,0
16157.0,"Wampum, PA",2022-06,5,-5,0
16157.0,"Wampum, PA",2022-07,4,-4,0
16157.0,"Wampum, PA",2022-08,3,-3,0
16157.0,"Wampum, PA",2022-09,2,-2,0
16157.0,"Wampum, PA",2022-10,1,-1,0
16157.0,"Wampum, PA",2022-11,0,0,1
16157.0,"Wampum, PA",2022-12,-1,1,0
16159.0,"West Middlesex, PA",2022-01,10,-10,0
16159.0,"West Middlesex, PA",2022-02,9,-9,0
16159.0,"West Middlesex, PA",2022-03,8,-8,0
16159.0,"West Middlesex, PA",2022-04,7,-7,0
16159.0,"West Middlesex, PA",2022-05,6,-6,0
16159.0,"West Middlesex, PA",2022-06,5,-5,0
16159.0,"West Middlesex, PA",2022-07,4,-4,0
16159.0,"West Middlesex, PA",2022-08,3,-3,0
16159.0,"West Middlesex, PA",2022-09,2,-2,0
16159.0,"West Middlesex, PA",2022-10,1,-1,0
16159.0,"West Middlesex, PA",2022-11,0,0,1
16159.0,"West Middlesex, PA",2022-12,-1,1,0
16160.0,"West Pittsburg, PA",2022-01,10,-10,0
16160.0,"West Pittsburg, PA",2022-02,9,-9,0
16160.0,"West Pittsburg, PA",2022-03,8,-8,0
16160.0,"West Pittsburg, PA",2022-04,7,-7,0
16160.0,"West Pittsburg, PA",2022-05,6,-6,0
16160.0,"West Pittsburg, PA",2022-06,5,-5,0
16160.0,"West Pittsburg, PA",2022-07,4,-4,0
16160.0,"West Pittsburg, PA",2022-08,3,-3,0
16160.0,"West Pittsburg, PA",2022-09,2,-2,0
16160.0,"West Pittsburg, PA",2022-10,1,-1,0
16160.0,"West Pittsburg, PA",2022-11,0,0,1
16160.0,"West Pittsburg, PA",2022-12,-1,1,0
16161.0,"Wheatland, PA",2022-01,10,-10,0
16161.0,"Wheatland, PA",2022-02,9,-9,0
16161.0,"Wheatland, PA",2022-03,8,-8,0
16161.0,"Wheatland, PA",2022-04,7,-7,0
16161.0,"Wheatland, PA",2022-05,6,-6,0
16161.0,"Wheatland, PA",2022-06,5,-5,0
16161.0,"Wheatland, PA",2022-07,4,-4,0
16161.0,"Wheatland, PA",2022-08,3,-3,0
16161.0,"Wheatland, PA",2022-09,2,-2,0
16161.0,"Wheatland, PA",2022-10,1,-1,0
16161.0,"Wheatland, PA",2022-11,0,0,1
16161.0,"Wheatland, PA",2022-12,-1,1,0
16172.0,"New Wilmington, PA",2022-01,10,-10,0
16172.0,"New Wilmington, PA",2022-02,9,-9,0
16172.0,"New Wilmington, PA",2022-03,8,-8,0
16172.0,"New Wilmington, PA",2022-04,7,-7,0
16172.0,"New Wilmington, PA",2022-05,6,-6,0
16172.0,"New Wilmington, PA",2022-06,5,-5,0
16172.0,"New Wilmington, PA",2022-07,4,-4,0
16172.0,"New Wilmington, PA",2022-08,3,-3,0
16172.0,"New Wilmington, PA",2022-09,2,-2,0
16172.0,"New Wilmington, PA",2022-10,1,-1,0
16172.0,"New Wilmington, PA",2022-11,0,0,1
16172.0,"New Wilmington, PA",2022-12,-1,1,0
16201.0,"Kittanning, PA",2022-01,10,-10,0
16201.0,"Kittanning, PA",2022-02,9,-9,0
16201.0,"Kittanning, PA",2022-03,8,-8,0
16201.0,"Kittanning, PA",2022-04,7,-7,0
16201.0,"Kittanning, PA",2022-05,6,-6,0
16201.0,"Kittanning, PA",2022-06,5,-5,0
16201.0,"Kittanning, PA",2022-07,4,-4,0
16201.0,"Kittanning, PA",2022-08,3,-3,0
16201.0,"Kittanning, PA",2022-09,2,-2,0
16201.0,"Kittanning, PA",2022-10,1,-1,0
16201.0,"Kittanning, PA",2022-11,0,0,1
16201.0,"Kittanning, PA",2022-12,-1,1,0
16210.0,"Adrian, PA",2022-01,10,-10,0
16210.0,"Adrian, PA",2022-02,9,-9,0
16210.0,"Adrian, PA",2022-03,8,-8,0
16210.0,"Adrian, PA",2022-04,7,-7,0
16210.0,"Adrian, PA",2022-05,6,-6,0
16210.0,"Adrian, PA",2022-06,5,-5,0
16210.0,"Adrian, PA",2022-07,4,-4,0
16210.0,"Adrian, PA",2022-08,3,-3,0
16210.0,"Adrian, PA",2022-09,2,-2,0
16210.0,"Adrian, PA",2022-10,1,-1,0
16210.0,"Adrian, PA",2022-11,0,0,1
16210.0,"Adrian, PA",2022-12,-1,1,0
16211.0,"Beyer, PA",2022-01,10,-10,0
16211.0,"Beyer, PA",2022-02,9,-9,0
16211.0,"Beyer, PA",2022-03,8,-8,0
16211.0,"Beyer, PA",2022-04,7,-7,0
16211.0,"Beyer, PA",2022-05,6,-6,0
16211.0,"Beyer, PA",2022-06,5,-5,0
16211.0,"Beyer, PA",2022-07,4,-4,0
16211.0,"Beyer, PA",2022-08,3,-3,0
16211.0,"Beyer, PA",2022-09,2,-2,0
16211.0,"Beyer, PA",2022-10,1,-1,0
16211.0,"Beyer, PA",2022-11,0,0,1
16211.0,"Beyer, PA",2022-12,-1,1,0
16212.0,"Cadogan, PA",2022-01,10,-10,0
16212.0,"Cadogan, PA",2022-02,9,-9,0
16212.0,"Cadogan, PA",2022-03,8,-8,0
16212.0,"Cadogan, PA",2022-04,7,-7,0
16212.0,"Cadogan, PA",2022-05,6,-6,0
16212.0,"Cadogan, PA",2022-06,5,-5,0
16212.0,"Cadogan, PA",2022-07,4,-4,0
16212.0,"Cadogan, PA",2022-08,3,-3,0
16212.0,"Cadogan, PA",2022-09,2,-2,0
16212.0,"Cadogan, PA",2022-10,1,-1,0
16212.0,"Cadogan, PA",2022-11,0,0,1
16212.0,"Cadogan, PA",2022-12,-1,1,0
16213.0,"Callensburg, PA",2022-01,10,-10,0
16213.0,"Callensburg, PA",2022-02,9,-9,0
16213.0,"Callensburg, PA",2022-03,8,-8,0
16213.0,"Callensburg, PA",2022-04,7,-7,0
16213.0,"Callensburg, PA",2022-05,6,-6,0
16213.0,"Callensburg, PA",2022-06,5,-5,0
16213.0,"Callensburg, PA",2022-07,4,-4,0
16213.0,"Callensburg, PA",2022-08,3,-3,0
16213.0,"Callensburg, PA",2022-09,2,-2,0
16213.0,"Callensburg, PA",2022-10,1,-1,0
16213.0,"Callensburg, PA",2022-11,0,0,1
16213.0,"Callensburg, PA",2022-12,-1,1,0
16214.0,"Clarion, PA",2022-01,10,-10,0
16214.0,"Clarion, PA",2022-02,9,-9,0
16214.0,"Clarion, PA",2022-03,8,-8,0
16214.0,"Clarion, PA",2022-04,7,-7,0
16214.0,"Clarion, PA",2022-05,6,-6,0
16214.0,"Clarion, PA",2022-06,5,-5,0
16214.0,"Clarion, PA",2022-07,4,-4,0
16214.0,"Clarion, PA",2022-08,3,-3,0
16214.0,"Clarion, PA",2022-09,2,-2,0
16214.0,"Clarion, PA",2022-10,1,-1,0
16214.0,"Clarion, PA",2022-11,0,0,1
16214.0,"Clarion, PA",2022-12,-1,1,0
16217.0,"Cooksburg, PA",2022-01,10,-10,0
16217.0,"Cooksburg, PA",2022-02,9,-9,0
16217.0,"Cooksburg, PA",2022-03,8,-8,0
16217.0,"Cooksburg, PA",2022-04,7,-7,0
16217.0,"Cooksburg, PA",2022-05,6,-6,0
16217.0,"Cooksburg, PA",2022-06,5,-5,0
16217.0,"Cooksburg, PA",2022-07,4,-4,0
16217.0,"Cooksburg, PA",2022-08,3,-3,0
16217.0,"Cooksburg, PA",2022-09,2,-2,0
16217.0,"Cooksburg, PA",2022-10,1,-1,0
16217.0,"Cooksburg, PA",2022-11,0,0,1
16217.0,"Cooksburg, PA",2022-12,-1,1,0
16218.0,"Cowansville, PA",2022-01,10,-10,0
16218.0,"Cowansville, PA",2022-02,9,-9,0
16218.0,"Cowansville, PA",2022-03,8,-8,0
16218.0,"Cowansville, PA",2022-04,7,-7,0
16218.0,"Cowansville, PA",2022-05,6,-6,0
16218.0,"Cowansville, PA",2022-06,5,-5,0
16218.0,"Cowansville, PA",2022-07,4,-4,0
16218.0,"Cowansville, PA",2022-08,3,-3,0
16218.0,"Cowansville, PA",2022-09,2,-2,0
16218.0,"Cowansville, PA",2022-10,1,-1,0
16218.0,"Cowansville, PA",2022-11,0,0,1
16218.0,"Cowansville, PA",2022-12,-1,1,0
16220.0,"Crown, PA",2022-01,10,-10,0
16220.0,"Crown, PA",2022-02,9,-9,0
16220.0,"Crown, PA",2022-03,8,-8,0
16220.0,"Crown, PA",2022-04,7,-7,0
16220.0,"Crown, PA",2022-05,6,-6,0
16220.0,"Crown, PA",2022-06,5,-5,0
16220.0,"Crown, PA",2022-07,4,-4,0
16220.0,"Crown, PA",2022-08,3,-3,0
16220.0,"Crown, PA",2022-09,2,-2,0
16220.0,"Crown, PA",2022-10,1,-1,0
16220.0,"Crown, PA",2022-11,0,0,1
16220.0,"Crown, PA",2022-12,-1,1,0
16222.0,"Dayton, PA",2022-01,10,-10,0
16222.0,"Dayton, PA",2022-02,9,-9,0
16222.0,"Dayton, PA",2022-03,8,-8,0
16222.0,"Dayton, PA",2022-04,7,-7,0
16222.0,"Dayton, PA",2022-05,6,-6,0
16222.0,"Dayton, PA",2022-06,5,-5,0
16222.0,"Dayton, PA",2022-07,4,-4,0
16222.0,"Dayton, PA",2022-08,3,-3,0
16222.0,"Dayton, PA",2022-09,2,-2,0
16222.0,"Dayton, PA",2022-10,1,-1,0
16222.0,"Dayton, PA",2022-11,0,0,1
16222.0,"Dayton, PA",2022-12,-1,1,0
16223.0,"Distant, PA",2022-01,10,-10,0
16223.0,"Distant, PA",2022-02,9,-9,0
16223.0,"Distant, PA",2022-03,8,-8,0
16223.0,"Distant, PA",2022-04,7,-7,0
16223.0,"Distant, PA",2022-05,6,-6,0
16223.0,"Distant, PA",2022-06,5,-5,0
16223.0,"Distant, PA",2022-07,4,-4,0
16223.0,"Distant, PA",2022-08,3,-3,0
16223.0,"Distant, PA",2022-09,2,-2,0
16223.0,"Distant, PA",2022-10,1,-1,0
16223.0,"Distant, PA",2022-11,0,0,1
16223.0,"Distant, PA",2022-12,-1,1,0
16224.0,"Fairmount City, PA",2022-01,10,-10,0
16224.0,"Fairmount City, PA",2022-02,9,-9,0
16224.0,"Fairmount City, PA",2022-03,8,-8,0
16224.0,"Fairmount City, PA",2022-04,7,-7,0
16224.0,"Fairmount City, PA",2022-05,6,-6,0
16224.0,"Fairmount City, PA",2022-06,5,-5,0
16224.0,"Fairmount City, PA",2022-07,4,-4,0
16224.0,"Fairmount City, PA",2022-08,3,-3,0
16224.0,"Fairmount City, PA",2022-09,2,-2,0
16224.0,"Fairmount City, PA",2022-10,1,-1,0
16224.0,"Fairmount City, PA",2022-11,0,0,1
16224.0,"Fairmount City, PA",2022-12,-1,1,0
16226.0,"Ford City, PA",2022-01,10,-10,0
16226.0,"Ford City, PA",2022-02,9,-9,0
16226.0,"Ford City, PA",2022-03,8,-8,0
16226.0,"Ford City, PA",2022-04,7,-7,0
16226.0,"Ford City, PA",2022-05,6,-6,0
16226.0,"Ford City, PA",2022-06,5,-5,0
16226.0,"Ford City, PA",2022-07,4,-4,0
16226.0,"Ford City, PA",2022-08,3,-3,0
16226.0,"Ford City, PA",2022-09,2,-2,0
16226.0,"Ford City, PA",2022-10,1,-1,0
16226.0,"Ford City, PA",2022-11,0,0,1
16226.0,"Ford City, PA",2022-12,-1,1,0
16228.0,"Ford Cliff, PA",2022-01,10,-10,0
16228.0,"Ford Cliff, PA",2022-02,9,-9,0
16228.0,"Ford Cliff, PA",2022-03,8,-8,0
16228.0,"Ford Cliff, PA",2022-04,7,-7,0
16228.0,"Ford Cliff, PA",2022-05,6,-6,0
16228.0,"Ford Cliff, PA",2022-06,5,-5,0
16228.0,"Ford Cliff, PA",2022-07,4,-4,0
16228.0,"Ford Cliff, PA",2022-08,3,-3,0
16228.0,"Ford Cliff, PA",2022-09,2,-2,0
16228.0,"Ford Cliff, PA",2022-10,1,-1,0
16228.0,"Ford Cliff, PA",2022-11,0,0,1
16228.0,"Ford Cliff, PA",2022-12,-1,1,0
16229.0,"Freeport, PA",2022-01,10,-10,0
16229.0,"Freeport, PA",2022-02,9,-9,0
16229.0,"Freeport, PA",2022-03,8,-8,0
16229.0,"Freeport, PA",2022-04,7,-7,0
16229.0,"Freeport, PA",2022-05,6,-6,0
16229.0,"Freeport, PA",2022-06,5,-5,0
16229.0,"Freeport, PA",2022-07,4,-4,0
16229.0,"Freeport, PA",2022-08,3,-3,0
16229.0,"Freeport, PA",2022-09,2,-2,0
16229.0,"Freeport, PA",2022-10,1,-1,0
16229.0,"Freeport, PA",2022-11,0,0,1
16229.0,"Freeport, PA",2022-12,-1,1,0
16230.0,"Hawthorn, PA",2022-01,10,-10,0
16230.0,"Hawthorn, PA",2022-02,9,-9,0
16230.0,"Hawthorn, PA",2022-03,8,-8,0
16230.0,"Hawthorn, PA",2022-04,7,-7,0
16230.0,"Hawthorn, PA",2022-05,6,-6,0
16230.0,"Hawthorn, PA",2022-06,5,-5,0
16230.0,"Hawthorn, PA",2022-07,4,-4,0
16230.0,"Hawthorn, PA",2022-08,3,-3,0
16230.0,"Hawthorn, PA",2022-09,2,-2,0
16230.0,"Hawthorn, PA",2022-10,1,-1,0
16230.0,"Hawthorn, PA",2022-11,0,0,1
16230.0,"Hawthorn, PA",2022-12,-1,1,0
16232.0,"Knox, PA",2022-01,10,-10,0
16232.0,"Knox, PA",2022-02,9,-9,0
16232.0,"Knox, PA",2022-03,8,-8,0
16232.0,"Knox, PA",2022-04,7,-7,0
16232.0,"Knox, PA",2022-05,6,-6,0
16232.0,"Knox, PA",2022-06,5,-5,0
16232.0,"Knox, PA",2022-07,4,-4,0
16232.0,"Knox, PA",2022-08,3,-3,0
16232.0,"Knox, PA",2022-09,2,-2,0
16232.0,"Knox, PA",2022-10,1,-1,0
16232.0,"Knox, PA",2022-11,0,0,1
16232.0,"Knox, PA",2022-12,-1,1,0
16233.0,"Leeper, PA",2022-01,10,-10,0
16233.0,"Leeper, PA",2022-02,9,-9,0
16233.0,"Leeper, PA",2022-03,8,-8,0
16233.0,"Leeper, PA",2022-04,7,-7,0
16233.0,"Leeper, PA",2022-05,6,-6,0
16233.0,"Leeper, PA",2022-06,5,-5,0
16233.0,"Leeper, PA",2022-07,4,-4,0
16233.0,"Leeper, PA",2022-08,3,-3,0
16233.0,"Leeper, PA",2022-09,2,-2,0
16233.0,"Leeper, PA",2022-10,1,-1,0
16233.0,"Leeper, PA",2022-11,0,0,1
16233.0,"Leeper, PA",2022-12,-1,1,0
16235.0,"Lucinda, PA",2022-01,10,-10,0
16235.0,"Lucinda, PA",2022-02,9,-9,0
16235.0,"Lucinda, PA",2022-03,8,-8,0
16235.0,"Lucinda, PA",2022-04,7,-7,0
16235.0,"Lucinda, PA",2022-05,6,-6,0
16235.0,"Lucinda, PA",2022-06,5,-5,0
16235.0,"Lucinda, PA",2022-07,4,-4,0
16235.0,"Lucinda, PA",2022-08,3,-3,0
16235.0,"Lucinda, PA",2022-09,2,-2,0
16235.0,"Lucinda, PA",2022-10,1,-1,0
16235.0,"Lucinda, PA",2022-11,0,0,1
16235.0,"Lucinda, PA",2022-12,-1,1,0
16236.0,"McGrann, PA",2022-01,10,-10,0
16236.0,"McGrann, PA",2022-02,9,-9,0
16236.0,"McGrann, PA",2022-03,8,-8,0
16236.0,"McGrann, PA",2022-04,7,-7,0
16236.0,"McGrann, PA",2022-05,6,-6,0
16236.0,"McGrann, PA",2022-06,5,-5,0
16236.0,"McGrann, PA",2022-07,4,-4,0
16236.0,"McGrann, PA",2022-08,3,-3,0
16236.0,"McGrann, PA",2022-09,2,-2,0
16236.0,"McGrann, PA",2022-10,1,-1,0
16236.0,"McGrann, PA",2022-11,0,0,1
16236.0,"McGrann, PA",2022-12,-1,1,0
16238.0,"Manorville, PA",2022-01,10,-10,0
16238.0,"Manorville, PA",2022-02,9,-9,0
16238.0,"Manorville, PA",2022-03,8,-8,0
16238.0,"Manorville, PA",2022-04,7,-7,0
16238.0,"Manorville, PA",2022-05,6,-6,0
16238.0,"Manorville, PA",2022-06,5,-5,0
16238.0,"Manorville, PA",2022-07,4,-4,0
16238.0,"Manorville, PA",2022-08,3,-3,0
16238.0,"Manorville, PA",2022-09,2,-2,0
16238.0,"Manorville, PA",2022-10,1,-1,0
16238.0,"Manorville, PA",2022-11,0,0,1
16238.0,"Manorville, PA",2022-12,-1,1,0
16239.0,"Marienville, PA",2022-01,10,-10,0
16239.0,"Marienville, PA",2022-02,9,-9,0
16239.0,"Marienville, PA",2022-03,8,-8,0
16239.0,"Marienville, PA",2022-04,7,-7,0
16239.0,"Marienville, PA",2022-05,6,-6,0
16239.0,"Marienville, PA",2022-06,5,-5,0
16239.0,"Marienville, PA",2022-07,4,-4,0
16239.0,"Marienville, PA",2022-08,3,-3,0
16239.0,"Marienville, PA",2022-09,2,-2,0
16239.0,"Marienville, PA",2022-10,1,-1,0
16239.0,"Marienville, PA",2022-11,0,0,1
16239.0,"Marienville, PA",2022-12,-1,1,0
16240.0,"Mayport, PA",2022-01,10,-10,0
16240.0,"Mayport, PA",2022-02,9,-9,0
16240.0,"Mayport, PA",2022-03,8,-8,0
16240.0,"Mayport, PA",2022-04,7,-7,0
16240.0,"Mayport, PA",2022-05,6,-6,0
16240.0,"Mayport, PA",2022-06,5,-5,0
16240.0,"Mayport, PA",2022-07,4,-4,0
16240.0,"Mayport, PA",2022-08,3,-3,0
16240.0,"Mayport, PA",2022-09,2,-2,0
16240.0,"Mayport, PA",2022-10,1,-1,0
16240.0,"Mayport, PA",2022-11,0,0,1
16240.0,"Mayport, PA",2022-12,-1,1,0
16242.0,"New Bethlehem, PA",2022-01,10,-10,0
16242.0,"New Bethlehem, PA",2022-02,9,-9,0
16242.0,"New Bethlehem, PA",2022-03,8,-8,0
16242.0,"New Bethlehem, PA",2022-04,7,-7,0
16242.0,"New Bethlehem, PA",2022-05,6,-6,0
16242.0,"New Bethlehem, PA",2022-06,5,-5,0
16242.0,"New Bethlehem, PA",2022-07,4,-4,0
16242.0,"New Bethlehem, PA",2022-08,3,-3,0
16242.0,"New Bethlehem, PA",2022-09,2,-2,0
16242.0,"New Bethlehem, PA",2022-10,1,-1,0
16242.0,"New Bethlehem, PA",2022-11,0,0,1
16242.0,"New Bethlehem, PA",2022-12,-1,1,0
16244.0,"Nu Mine, PA",2022-01,10,-10,0
16244.0,"Nu Mine, PA",2022-02,9,-9,0
16244.0,"Nu Mine, PA",2022-03,8,-8,0
16244.0,"Nu Mine, PA",2022-04,7,-7,0
16244.0,"Nu Mine, PA",2022-05,6,-6,0
16244.0,"Nu Mine, PA",2022-06,5,-5,0
16244.0,"Nu Mine, PA",2022-07,4,-4,0
16244.0,"Nu Mine, PA",2022-08,3,-3,0
16244.0,"Nu Mine, PA",2022-09,2,-2,0
16244.0,"Nu Mine, PA",2022-10,1,-1,0
16244.0,"Nu Mine, PA",2022-11,0,0,1
16244.0,"Nu Mine, PA",2022-12,-1,1,0
16245.0,"Oak Ridge, PA",2022-01,10,-10,0
16245.0,"Oak Ridge, PA",2022-02,9,-9,0
16245.0,"Oak Ridge, PA",2022-03,8,-8,0
16245.0,"Oak Ridge, PA",2022-04,7,-7,0
16245.0,"Oak Ridge, PA",2022-05,6,-6,0
16245.0,"Oak Ridge, PA",2022-06,5,-5,0
16245.0,"Oak Ridge, PA",2022-07,4,-4,0
16245.0,"Oak Ridge, PA",2022-08,3,-3,0
16245.0,"Oak Ridge, PA",2022-09,2,-2,0
16245.0,"Oak Ridge, PA",2022-10,1,-1,0
16245.0,"Oak Ridge, PA",2022-11,0,0,1
16245.0,"Oak Ridge, PA",2022-12,-1,1,0
16246.0,"Plumville, PA",2022-01,10,-10,0
16246.0,"Plumville, PA",2022-02,9,-9,0
16246.0,"Plumville, PA",2022-03,8,-8,0
16246.0,"Plumville, PA",2022-04,7,-7,0
16246.0,"Plumville, PA",2022-05,6,-6,0
16246.0,"Plumville, PA",2022-06,5,-5,0
16246.0,"Plumville, PA",2022-07,4,-4,0
16246.0,"Plumville, PA",2022-08,3,-3,0
16246.0,"Plumville, PA",2022-09,2,-2,0
16246.0,"Plumville, PA",2022-10,1,-1,0
16246.0,"Plumville, PA",2022-11,0,0,1
16246.0,"Plumville, PA",2022-12,-1,1,0
16248.0,"Rimersburg, PA",2022-01,10,-10,0
16248.0,"Rimersburg, PA",2022-02,9,-9,0
16248.0,"Rimersburg, PA",2022-03,8,-8,0
16248.0,"Rimersburg, PA",2022-04,7,-7,0
16248.0,"Rimersburg, PA",2022-05,6,-6,0
16248.0,"Rimersburg, PA",2022-06,5,-5,0
16248.0,"Rimersburg, PA",2022-07,4,-4,0
16248.0,"Rimersburg, PA",2022-08,3,-3,0
16248.0,"Rimersburg, PA",2022-09,2,-2,0
16248.0,"Rimersburg, PA",2022-10,1,-1,0
16248.0,"Rimersburg, PA",2022-11,0,0,1
16248.0,"Rimersburg, PA",2022-12,-1,1,0
16249.0,"Rural Valley, PA",2022-01,10,-10,0
16249.0,"Rural Valley, PA",2022-02,9,-9,0
16249.0,"Rural Valley, PA",2022-03,8,-8,0
16249.0,"Rural Valley, PA",2022-04,7,-7,0
16249.0,"Rural Valley, PA",2022-05,6,-6,0
16249.0,"Rural Valley, PA",2022-06,5,-5,0
16249.0,"Rural Valley, PA",2022-07,4,-4,0
16249.0,"Rural Valley, PA",2022-08,3,-3,0
16249.0,"Rural Valley, PA",2022-09,2,-2,0
16249.0,"Rural Valley, PA",2022-10,1,-1,0
16249.0,"Rural Valley, PA",2022-11,0,0,1
16249.0,"Rural Valley, PA",2022-12,-1,1,0
16250.0,"Sagamore, PA",2022-01,10,-10,0
16250.0,"Sagamore, PA",2022-02,9,-9,0
16250.0,"Sagamore, PA",2022-03,8,-8,0
16250.0,"Sagamore, PA",2022-04,7,-7,0
16250.0,"Sagamore, PA",2022-05,6,-6,0
16250.0,"Sagamore, PA",2022-06,5,-5,0
16250.0,"Sagamore, PA",2022-07,4,-4,0
16250.0,"Sagamore, PA",2022-08,3,-3,0
16250.0,"Sagamore, PA",2022-09,2,-2,0
16250.0,"Sagamore, PA",2022-10,1,-1,0
16250.0,"Sagamore, PA",2022-11,0,0,1
16250.0,"Sagamore, PA",2022-12,-1,1,0
16253.0,"Seminole, PA",2022-01,10,-10,0
16253.0,"Seminole, PA",2022-02,9,-9,0
16253.0,"Seminole, PA",2022-03,8,-8,0
16253.0,"Seminole, PA",2022-04,7,-7,0
16253.0,"Seminole, PA",2022-05,6,-6,0
16253.0,"Seminole, PA",2022-06,5,-5,0
16253.0,"Seminole, PA",2022-07,4,-4,0
16253.0,"Seminole, PA",2022-08,3,-3,0
16253.0,"Seminole, PA",2022-09,2,-2,0
16253.0,"Seminole, PA",2022-10,1,-1,0
16253.0,"Seminole, PA",2022-11,0,0,1
16253.0,"Seminole, PA",2022-12,-1,1,0
16254.0,"Shippenville, PA",2022-01,10,-10,0
16254.0,"Shippenville, PA",2022-02,9,-9,0
16254.0,"Shippenville, PA",2022-03,8,-8,0
16254.0,"Shippenville, PA",2022-04,7,-7,0
16254.0,"Shippenville, PA",2022-05,6,-6,0
16254.0,"Shippenville, PA",2022-06,5,-5,0
16254.0,"Shippenville, PA",2022-07,4,-4,0
16254.0,"Shippenville, PA",2022-08,3,-3,0
16254.0,"Shippenville, PA",2022-09,2,-2,0
16254.0,"Shippenville, PA",2022-10,1,-1,0
16254.0,"Shippenville, PA",2022-11,0,0,1
16254.0,"Shippenville, PA",2022-12,-1,1,0
16255.0,"Sligo, PA",2022-01,10,-10,0
16255.0,"Sligo, PA",2022-02,9,-9,0
16255.0,"Sligo, PA",2022-03,8,-8,0
16255.0,"Sligo, PA",2022-04,7,-7,0
16255.0,"Sligo, PA",2022-05,6,-6,0
16255.0,"Sligo, PA",2022-06,5,-5,0
16255.0,"Sligo, PA",2022-07,4,-4,0
16255.0,"Sligo, PA",2022-08,3,-3,0
16255.0,"Sligo, PA",2022-09,2,-2,0
16255.0,"Sligo, PA",2022-10,1,-1,0
16255.0,"Sligo, PA",2022-11,0,0,1
16255.0,"Sligo, PA",2022-12,-1,1,0
16256.0,"Smicksburg, PA",2022-01,10,-10,0
16256.0,"Smicksburg, PA",2022-02,9,-9,0
16256.0,"Smicksburg, PA",2022-03,8,-8,0
16256.0,"Smicksburg, PA",2022-04,7,-7,0
16256.0,"Smicksburg, PA",2022-05,6,-6,0
16256.0,"Smicksburg, PA",2022-06,5,-5,0
16256.0,"Smicksburg, PA",2022-07,4,-4,0
16256.0,"Smicksburg, PA",2022-08,3,-3,0
16256.0,"Smicksburg, PA",2022-09,2,-2,0
16256.0,"Smicksburg, PA",2022-10,1,-1,0
16256.0,"Smicksburg, PA",2022-11,0,0,1
16256.0,"Smicksburg, PA",2022-12,-1,1,0
16258.0,"Strattanville, PA",2022-01,10,-10,0
16258.0,"Strattanville, PA",2022-02,9,-9,0
16258.0,"Strattanville, PA",2022-03,8,-8,0
16258.0,"Strattanville, PA",2022-04,7,-7,0
16258.0,"Strattanville, PA",2022-05,6,-6,0
16258.0,"Strattanville, PA",2022-06,5,-5,0
16258.0,"Strattanville, PA",2022-07,4,-4,0
16258.0,"Strattanville, PA",2022-08,3,-3,0
16258.0,"Strattanville, PA",2022-09,2,-2,0
16258.0,"Strattanville, PA",2022-10,1,-1,0
16258.0,"Strattanville, PA",2022-11,0,0,1
16258.0,"Strattanville, PA",2022-12,-1,1,0
16259.0,"Templeton, PA",2022-01,10,-10,0
16259.0,"Templeton, PA",2022-02,9,-9,0
16259.0,"Templeton, PA",2022-03,8,-8,0
16259.0,"Templeton, PA",2022-04,7,-7,0
16259.0,"Templeton, PA",2022-05,6,-6,0
16259.0,"Templeton, PA",2022-06,5,-5,0
16259.0,"Templeton, PA",2022-07,4,-4,0
16259.0,"Templeton, PA",2022-08,3,-3,0
16259.0,"Templeton, PA",2022-09,2,-2,0
16259.0,"Templeton, PA",2022-10,1,-1,0
16259.0,"Templeton, PA",2022-11,0,0,1
16259.0,"Templeton, PA",2022-12,-1,1,0
16260.0,"Vowinckel, PA",2022-01,10,-10,0
16260.0,"Vowinckel, PA",2022-02,9,-9,0
16260.0,"Vowinckel, PA",2022-03,8,-8,0
16260.0,"Vowinckel, PA",2022-04,7,-7,0
16260.0,"Vowinckel, PA",2022-05,6,-6,0
16260.0,"Vowinckel, PA",2022-06,5,-5,0
16260.0,"Vowinckel, PA",2022-07,4,-4,0
16260.0,"Vowinckel, PA",2022-08,3,-3,0
16260.0,"Vowinckel, PA",2022-09,2,-2,0
16260.0,"Vowinckel, PA",2022-10,1,-1,0
16260.0,"Vowinckel, PA",2022-11,0,0,1
16260.0,"Vowinckel, PA",2022-12,-1,1,0
16262.0,"Worthington, PA",2022-01,10,-10,0
16262.0,"Worthington, PA",2022-02,9,-9,0
16262.0,"Worthington, PA",2022-03,8,-8,0
16262.0,"Worthington, PA",2022-04,7,-7,0
16262.0,"Worthington, PA",2022-05,6,-6,0
16262.0,"Worthington, PA",2022-06,5,-5,0
16262.0,"Worthington, PA",2022-07,4,-4,0
16262.0,"Worthington, PA",2022-08,3,-3,0
16262.0,"Worthington, PA",2022-09,2,-2,0
16262.0,"Worthington, PA",2022-10,1,-1,0
16262.0,"Worthington, PA",2022-11,0,0,1
16262.0,"Worthington, PA",2022-12,-1,1,0
16263.0,"Yatesboro, PA",2022-01,10,-10,0
16263.0,"Yatesboro, PA",2022-02,9,-9,0
16263.0,"Yatesboro, PA",2022-03,8,-8,0
16263.0,"Yatesboro, PA",2022-04,7,-7,0
16263.0,"Yatesboro, PA",2022-05,6,-6,0
16263.0,"Yatesboro, PA",2022-06,5,-5,0
16263.0,"Yatesboro, PA",2022-07,4,-4,0
16263.0,"Yatesboro, PA",2022-08,3,-3,0
16263.0,"Yatesboro, PA",2022-09,2,-2,0
16263.0,"Yatesboro, PA",2022-10,1,-1,0
16263.0,"Yatesboro, PA",2022-11,0,0,1
16263.0,"Yatesboro, PA",2022-12,-1,1,0
16301.0,"Oil City, PA",2022-01,10,-10,0
16301.0,"Oil City, PA",2022-02,9,-9,0
16301.0,"Oil City, PA",2022-03,8,-8,0
16301.0,"Oil City, PA",2022-04,7,-7,0
16301.0,"Oil City, PA",2022-05,6,-6,0
16301.0,"Oil City, PA",2022-06,5,-5,0
16301.0,"Oil City, PA",2022-07,4,-4,0
16301.0,"Oil City, PA",2022-08,3,-3,0
16301.0,"Oil City, PA",2022-09,2,-2,0
16301.0,"Oil City, PA",2022-10,1,-1,0
16301.0,"Oil City, PA",2022-11,0,0,1
16301.0,"Oil City, PA",2022-12,-1,1,0
16311.0,"Carlton, PA",2022-01,10,-10,0
16311.0,"Carlton, PA",2022-02,9,-9,0
16311.0,"Carlton, PA",2022-03,8,-8,0
16311.0,"Carlton, PA",2022-04,7,-7,0
16311.0,"Carlton, PA",2022-05,6,-6,0
16311.0,"Carlton, PA",2022-06,5,-5,0
16311.0,"Carlton, PA",2022-07,4,-4,0
16311.0,"Carlton, PA",2022-08,3,-3,0
16311.0,"Carlton, PA",2022-09,2,-2,0
16311.0,"Carlton, PA",2022-10,1,-1,0
16311.0,"Carlton, PA",2022-11,0,0,1
16311.0,"Carlton, PA",2022-12,-1,1,0
16312.0,"Chandlers Valley, PA",2022-01,10,-10,0
16312.0,"Chandlers Valley, PA",2022-02,9,-9,0
16312.0,"Chandlers Valley, PA",2022-03,8,-8,0
16312.0,"Chandlers Valley, PA",2022-04,7,-7,0
16312.0,"Chandlers Valley, PA",2022-05,6,-6,0
16312.0,"Chandlers Valley, PA",2022-06,5,-5,0
16312.0,"Chandlers Valley, PA",2022-07,4,-4,0
16312.0,"Chandlers Valley, PA",2022-08,3,-3,0
16312.0,"Chandlers Valley, PA",2022-09,2,-2,0
16312.0,"Chandlers Valley, PA",2022-10,1,-1,0
16312.0,"Chandlers Valley, PA",2022-11,0,0,1
16312.0,"Chandlers Valley, PA",2022-12,-1,1,0
16313.0,"Clarendon, PA",2022-01,10,-10,0
16313.0,"Clarendon, PA",2022-02,9,-9,0
16313.0,"Clarendon, PA",2022-03,8,-8,0
16313.0,"Clarendon, PA",2022-04,7,-7,0
16313.0,"Clarendon, PA",2022-05,6,-6,0
16313.0,"Clarendon, PA",2022-06,5,-5,0
16313.0,"Clarendon, PA",2022-07,4,-4,0
16313.0,"Clarendon, PA",2022-08,3,-3,0
16313.0,"Clarendon, PA",2022-09,2,-2,0
16313.0,"Clarendon, PA",2022-10,1,-1,0
16313.0,"Clarendon, PA",2022-11,0,0,1
16313.0,"Clarendon, PA",2022-12,-1,1,0
16314.0,"Cochranton, PA",2022-01,10,-10,0
16314.0,"Cochranton, PA",2022-02,9,-9,0
16314.0,"Cochranton, PA",2022-03,8,-8,0
16314.0,"Cochranton, PA",2022-04,7,-7,0
16314.0,"Cochranton, PA",2022-05,6,-6,0
16314.0,"Cochranton, PA",2022-06,5,-5,0
16314.0,"Cochranton, PA",2022-07,4,-4,0
16314.0,"Cochranton, PA",2022-08,3,-3,0
16314.0,"Cochranton, PA",2022-09,2,-2,0
16314.0,"Cochranton, PA",2022-10,1,-1,0
16314.0,"Cochranton, PA",2022-11,0,0,1
16314.0,"Cochranton, PA",2022-12,-1,1,0
16316.0,"Conneaut Lake, PA",2022-01,10,-10,0
16316.0,"Conneaut Lake, PA",2022-02,9,-9,0
16316.0,"Conneaut Lake, PA",2022-03,8,-8,0
16316.0,"Conneaut Lake, PA",2022-04,7,-7,0
16316.0,"Conneaut Lake, PA",2022-05,6,-6,0
16316.0,"Conneaut Lake, PA",2022-06,5,-5,0
16316.0,"Conneaut Lake, PA",2022-07,4,-4,0
16316.0,"Conneaut Lake, PA",2022-08,3,-3,0
16316.0,"Conneaut Lake, PA",2022-09,2,-2,0
16316.0,"Conneaut Lake, PA",2022-10,1,-1,0
16316.0,"Conneaut Lake, PA",2022-11,0,0,1
16316.0,"Conneaut Lake, PA",2022-12,-1,1,0
16317.0,"Cooperstown, PA",2022-01,10,-10,0
16317.0,"Cooperstown, PA",2022-02,9,-9,0
16317.0,"Cooperstown, PA",2022-03,8,-8,0
16317.0,"Cooperstown, PA",2022-04,7,-7,0
16317.0,"Cooperstown, PA",2022-05,6,-6,0
16317.0,"Cooperstown, PA",2022-06,5,-5,0
16317.0,"Cooperstown, PA",2022-07,4,-4,0
16317.0,"Cooperstown, PA",2022-08,3,-3,0
16317.0,"Cooperstown, PA",2022-09,2,-2,0
16317.0,"Cooperstown, PA",2022-10,1,-1,0
16317.0,"Cooperstown, PA",2022-11,0,0,1
16317.0,"Cooperstown, PA",2022-12,-1,1,0
16319.0,"Cranberry, PA",2022-01,10,-10,0
16319.0,"Cranberry, PA",2022-02,9,-9,0
16319.0,"Cranberry, PA",2022-03,8,-8,0
16319.0,"Cranberry, PA",2022-04,7,-7,0
16319.0,"Cranberry, PA",2022-05,6,-6,0
16319.0,"Cranberry, PA",2022-06,5,-5,0
16319.0,"Cranberry, PA",2022-07,4,-4,0
16319.0,"Cranberry, PA",2022-08,3,-3,0
16319.0,"Cranberry, PA",2022-09,2,-2,0
16319.0,"Cranberry, PA",2022-10,1,-1,0
16319.0,"Cranberry, PA",2022-11,0,0,1
16319.0,"Cranberry, PA",2022-12,-1,1,0
16321.0,"East Hickory, PA",2022-01,10,-10,0
16321.0,"East Hickory, PA",2022-02,9,-9,0
16321.0,"East Hickory, PA",2022-03,8,-8,0
16321.0,"East Hickory, PA",2022-04,7,-7,0
16321.0,"East Hickory, PA",2022-05,6,-6,0
16321.0,"East Hickory, PA",2022-06,5,-5,0
16321.0,"East Hickory, PA",2022-07,4,-4,0
16321.0,"East Hickory, PA",2022-08,3,-3,0
16321.0,"East Hickory, PA",2022-09,2,-2,0
16321.0,"East Hickory, PA",2022-10,1,-1,0
16321.0,"East Hickory, PA",2022-11,0,0,1
16321.0,"East Hickory, PA",2022-12,-1,1,0
16322.0,"Endeavor, PA",2022-01,10,-10,0
16322.0,"Endeavor, PA",2022-02,9,-9,0
16322.0,"Endeavor, PA",2022-03,8,-8,0
16322.0,"Endeavor, PA",2022-04,7,-7,0
16322.0,"Endeavor, PA",2022-05,6,-6,0
16322.0,"Endeavor, PA",2022-06,5,-5,0
16322.0,"Endeavor, PA",2022-07,4,-4,0
16322.0,"Endeavor, PA",2022-08,3,-3,0
16322.0,"Endeavor, PA",2022-09,2,-2,0
16322.0,"Endeavor, PA",2022-10,1,-1,0
16322.0,"Endeavor, PA",2022-11,0,0,1
16322.0,"Endeavor, PA",2022-12,-1,1,0
16323.0,"Franklin, PA",2022-01,10,-10,0
16323.0,"Franklin, PA",2022-02,9,-9,0
16323.0,"Franklin, PA",2022-03,8,-8,0
16323.0,"Franklin, PA",2022-04,7,-7,0
16323.0,"Franklin, PA",2022-05,6,-6,0
16323.0,"Franklin, PA",2022-06,5,-5,0
16323.0,"Franklin, PA",2022-07,4,-4,0
16323.0,"Franklin, PA",2022-08,3,-3,0
16323.0,"Franklin, PA",2022-09,2,-2,0
16323.0,"Franklin, PA",2022-10,1,-1,0
16323.0,"Franklin, PA",2022-11,0,0,1
16323.0,"Franklin, PA",2022-12,-1,1,0
16326.0,"Fryburg, PA",2022-01,10,-10,0
16326.0,"Fryburg, PA",2022-02,9,-9,0
16326.0,"Fryburg, PA",2022-03,8,-8,0
16326.0,"Fryburg, PA",2022-04,7,-7,0
16326.0,"Fryburg, PA",2022-05,6,-6,0
16326.0,"Fryburg, PA",2022-06,5,-5,0
16326.0,"Fryburg, PA",2022-07,4,-4,0
16326.0,"Fryburg, PA",2022-08,3,-3,0
16326.0,"Fryburg, PA",2022-09,2,-2,0
16326.0,"Fryburg, PA",2022-10,1,-1,0
16326.0,"Fryburg, PA",2022-11,0,0,1
16326.0,"Fryburg, PA",2022-12,-1,1,0
16327.0,"Guys Mills, PA",2022-01,10,-10,0
16327.0,"Guys Mills, PA",2022-02,9,-9,0
16327.0,"Guys Mills, PA",2022-03,8,-8,0
16327.0,"Guys Mills, PA",2022-04,7,-7,0
16327.0,"Guys Mills, PA",2022-05,6,-6,0
16327.0,"Guys Mills, PA",2022-06,5,-5,0
16327.0,"Guys Mills, PA",2022-07,4,-4,0
16327.0,"Guys Mills, PA",2022-08,3,-3,0
16327.0,"Guys Mills, PA",2022-09,2,-2,0
16327.0,"Guys Mills, PA",2022-10,1,-1,0
16327.0,"Guys Mills, PA",2022-11,0,0,1
16327.0,"Guys Mills, PA",2022-12,-1,1,0
16328.0,"Hydetown, PA",2022-01,10,-10,0
16328.0,"Hydetown, PA",2022-02,9,-9,0
16328.0,"Hydetown, PA",2022-03,8,-8,0
16328.0,"Hydetown, PA",2022-04,7,-7,0
16328.0,"Hydetown, PA",2022-05,6,-6,0
16328.0,"Hydetown, PA",2022-06,5,-5,0
16328.0,"Hydetown, PA",2022-07,4,-4,0
16328.0,"Hydetown, PA",2022-08,3,-3,0
16328.0,"Hydetown, PA",2022-09,2,-2,0
16328.0,"Hydetown, PA",2022-10,1,-1,0
16328.0,"Hydetown, PA",2022-11,0,0,1
16328.0,"Hydetown, PA",2022-12,-1,1,0
16329.0,"Irvine, PA",2022-01,10,-10,0
16329.0,"Irvine, PA",2022-02,9,-9,0
16329.0,"Irvine, PA",2022-03,8,-8,0
16329.0,"Irvine, PA",2022-04,7,-7,0
16329.0,"Irvine, PA",2022-05,6,-6,0
16329.0,"Irvine, PA",2022-06,5,-5,0
16329.0,"Irvine, PA",2022-07,4,-4,0
16329.0,"Irvine, PA",2022-08,3,-3,0
16329.0,"Irvine, PA",2022-09,2,-2,0
16329.0,"Irvine, PA",2022-10,1,-1,0
16329.0,"Irvine, PA",2022-11,0,0,1
16329.0,"Irvine, PA",2022-12,-1,1,0
16331.0,"Kossuth, PA",2022-01,10,-10,0
16331.0,"Kossuth, PA",2022-02,9,-9,0
16331.0,"Kossuth, PA",2022-03,8,-8,0
16331.0,"Kossuth, PA",2022-04,7,-7,0
16331.0,"Kossuth, PA",2022-05,6,-6,0
16331.0,"Kossuth, PA",2022-06,5,-5,0
16331.0,"Kossuth, PA",2022-07,4,-4,0
16331.0,"Kossuth, PA",2022-08,3,-3,0
16331.0,"Kossuth, PA",2022-09,2,-2,0
16331.0,"Kossuth, PA",2022-10,1,-1,0
16331.0,"Kossuth, PA",2022-11,0,0,1
16331.0,"Kossuth, PA",2022-12,-1,1,0
16332.0,"Lickingville, PA",2022-01,10,-10,0
16332.0,"Lickingville, PA",2022-02,9,-9,0
16332.0,"Lickingville, PA",2022-03,8,-8,0
16332.0,"Lickingville, PA",2022-04,7,-7,0
16332.0,"Lickingville, PA",2022-05,6,-6,0
16332.0,"Lickingville, PA",2022-06,5,-5,0
16332.0,"Lickingville, PA",2022-07,4,-4,0
16332.0,"Lickingville, PA",2022-08,3,-3,0
16332.0,"Lickingville, PA",2022-09,2,-2,0
16332.0,"Lickingville, PA",2022-10,1,-1,0
16332.0,"Lickingville, PA",2022-11,0,0,1
16332.0,"Lickingville, PA",2022-12,-1,1,0
16333.0,"Ludlow, PA",2022-01,10,-10,0
16333.0,"Ludlow, PA",2022-02,9,-9,0
16333.0,"Ludlow, PA",2022-03,8,-8,0
16333.0,"Ludlow, PA",2022-04,7,-7,0
16333.0,"Ludlow, PA",2022-05,6,-6,0
16333.0,"Ludlow, PA",2022-06,5,-5,0
16333.0,"Ludlow, PA",2022-07,4,-4,0
16333.0,"Ludlow, PA",2022-08,3,-3,0
16333.0,"Ludlow, PA",2022-09,2,-2,0
16333.0,"Ludlow, PA",2022-10,1,-1,0
16333.0,"Ludlow, PA",2022-11,0,0,1
16333.0,"Ludlow, PA",2022-12,-1,1,0
16334.0,"Marble, PA",2022-01,10,-10,0
16334.0,"Marble, PA",2022-02,9,-9,0
16334.0,"Marble, PA",2022-03,8,-8,0
16334.0,"Marble, PA",2022-04,7,-7,0
16334.0,"Marble, PA",2022-05,6,-6,0
16334.0,"Marble, PA",2022-06,5,-5,0
16334.0,"Marble, PA",2022-07,4,-4,0
16334.0,"Marble, PA",2022-08,3,-3,0
16334.0,"Marble, PA",2022-09,2,-2,0
16334.0,"Marble, PA",2022-10,1,-1,0
16334.0,"Marble, PA",2022-11,0,0,1
16334.0,"Marble, PA",2022-12,-1,1,0
16335.0,"Meadville, PA",2022-01,10,-10,0
16335.0,"Meadville, PA",2022-02,9,-9,0
16335.0,"Meadville, PA",2022-03,8,-8,0
16335.0,"Meadville, PA",2022-04,7,-7,0
16335.0,"Meadville, PA",2022-05,6,-6,0
16335.0,"Meadville, PA",2022-06,5,-5,0
16335.0,"Meadville, PA",2022-07,4,-4,0
16335.0,"Meadville, PA",2022-08,3,-3,0
16335.0,"Meadville, PA",2022-09,2,-2,0
16335.0,"Meadville, PA",2022-10,1,-1,0
16335.0,"Meadville, PA",2022-11,0,0,1
16335.0,"Meadville, PA",2022-12,-1,1,0
16340.0,"Pittsfield, PA",2022-01,10,-10,0
16340.0,"Pittsfield, PA",2022-02,9,-9,0
16340.0,"Pittsfield, PA",2022-03,8,-8,0
16340.0,"Pittsfield, PA",2022-04,7,-7,0
16340.0,"Pittsfield, PA",2022-05,6,-6,0
16340.0,"Pittsfield, PA",2022-06,5,-5,0
16340.0,"Pittsfield, PA",2022-07,4,-4,0
16340.0,"Pittsfield, PA",2022-08,3,-3,0
16340.0,"Pittsfield, PA",2022-09,2,-2,0
16340.0,"Pittsfield, PA",2022-10,1,-1,0
16340.0,"Pittsfield, PA",2022-11,0,0,1
16340.0,"Pittsfield, PA",2022-12,-1,1,0
16341.0,"Pleasantville, PA",2022-01,10,-10,0
16341.0,"Pleasantville, PA",2022-02,9,-9,0
16341.0,"Pleasantville, PA",2022-03,8,-8,0
16341.0,"Pleasantville, PA",2022-04,7,-7,0
16341.0,"Pleasantville, PA",2022-05,6,-6,0
16341.0,"Pleasantville, PA",2022-06,5,-5,0
16341.0,"Pleasantville, PA",2022-07,4,-4,0
16341.0,"Pleasantville, PA",2022-08,3,-3,0
16341.0,"Pleasantville, PA",2022-09,2,-2,0
16341.0,"Pleasantville, PA",2022-10,1,-1,0
16341.0,"Pleasantville, PA",2022-11,0,0,1
16341.0,"Pleasantville, PA",2022-12,-1,1,0
16342.0,"Polk, PA",2022-01,10,-10,0
16342.0,"Polk, PA",2022-02,9,-9,0
16342.0,"Polk, PA",2022-03,8,-8,0
16342.0,"Polk, PA",2022-04,7,-7,0
16342.0,"Polk, PA",2022-05,6,-6,0
16342.0,"Polk, PA",2022-06,5,-5,0
16342.0,"Polk, PA",2022-07,4,-4,0
16342.0,"Polk, PA",2022-08,3,-3,0
16342.0,"Polk, PA",2022-09,2,-2,0
16342.0,"Polk, PA",2022-10,1,-1,0
16342.0,"Polk, PA",2022-11,0,0,1
16342.0,"Polk, PA",2022-12,-1,1,0
16343.0,"Reno, PA",2022-01,10,-10,0
16343.0,"Reno, PA",2022-02,9,-9,0
16343.0,"Reno, PA",2022-03,8,-8,0
16343.0,"Reno, PA",2022-04,7,-7,0
16343.0,"Reno, PA",2022-05,6,-6,0
16343.0,"Reno, PA",2022-06,5,-5,0
16343.0,"Reno, PA",2022-07,4,-4,0
16343.0,"Reno, PA",2022-08,3,-3,0
16343.0,"Reno, PA",2022-09,2,-2,0
16343.0,"Reno, PA",2022-10,1,-1,0
16343.0,"Reno, PA",2022-11,0,0,1
16343.0,"Reno, PA",2022-12,-1,1,0
16344.0,"Rouseville, PA",2022-01,10,-10,0
16344.0,"Rouseville, PA",2022-02,9,-9,0
16344.0,"Rouseville, PA",2022-03,8,-8,0
16344.0,"Rouseville, PA",2022-04,7,-7,0
16344.0,"Rouseville, PA",2022-05,6,-6,0
16344.0,"Rouseville, PA",2022-06,5,-5,0
16344.0,"Rouseville, PA",2022-07,4,-4,0
16344.0,"Rouseville, PA",2022-08,3,-3,0
16344.0,"Rouseville, PA",2022-09,2,-2,0
16344.0,"Rouseville, PA",2022-10,1,-1,0
16344.0,"Rouseville, PA",2022-11,0,0,1
16344.0,"Rouseville, PA",2022-12,-1,1,0
16345.0,"Russell, PA",2022-01,10,-10,0
16345.0,"Russell, PA",2022-02,9,-9,0
16345.0,"Russell, PA",2022-03,8,-8,0
16345.0,"Russell, PA",2022-04,7,-7,0
16345.0,"Russell, PA",2022-05,6,-6,0
16345.0,"Russell, PA",2022-06,5,-5,0
16345.0,"Russell, PA",2022-07,4,-4,0
16345.0,"Russell, PA",2022-08,3,-3,0
16345.0,"Russell, PA",2022-09,2,-2,0
16345.0,"Russell, PA",2022-10,1,-1,0
16345.0,"Russell, PA",2022-11,0,0,1
16345.0,"Russell, PA",2022-12,-1,1,0
16346.0,"Seneca, PA",2022-01,10,-10,0
16346.0,"Seneca, PA",2022-02,9,-9,0
16346.0,"Seneca, PA",2022-03,8,-8,0
16346.0,"Seneca, PA",2022-04,7,-7,0
16346.0,"Seneca, PA",2022-05,6,-6,0
16346.0,"Seneca, PA",2022-06,5,-5,0
16346.0,"Seneca, PA",2022-07,4,-4,0
16346.0,"Seneca, PA",2022-08,3,-3,0
16346.0,"Seneca, PA",2022-09,2,-2,0
16346.0,"Seneca, PA",2022-10,1,-1,0
16346.0,"Seneca, PA",2022-11,0,0,1
16346.0,"Seneca, PA",2022-12,-1,1,0
16347.0,"Sheffield, PA",2022-01,10,-10,0
16347.0,"Sheffield, PA",2022-02,9,-9,0
16347.0,"Sheffield, PA",2022-03,8,-8,0
16347.0,"Sheffield, PA",2022-04,7,-7,0
16347.0,"Sheffield, PA",2022-05,6,-6,0
16347.0,"Sheffield, PA",2022-06,5,-5,0
16347.0,"Sheffield, PA",2022-07,4,-4,0
16347.0,"Sheffield, PA",2022-08,3,-3,0
16347.0,"Sheffield, PA",2022-09,2,-2,0
16347.0,"Sheffield, PA",2022-10,1,-1,0
16347.0,"Sheffield, PA",2022-11,0,0,1
16347.0,"Sheffield, PA",2022-12,-1,1,0
16350.0,"Sugar Grove, PA",2022-01,10,-10,0
16350.0,"Sugar Grove, PA",2022-02,9,-9,0
16350.0,"Sugar Grove, PA",2022-03,8,-8,0
16350.0,"Sugar Grove, PA",2022-04,7,-7,0
16350.0,"Sugar Grove, PA",2022-05,6,-6,0
16350.0,"Sugar Grove, PA",2022-06,5,-5,0
16350.0,"Sugar Grove, PA",2022-07,4,-4,0
16350.0,"Sugar Grove, PA",2022-08,3,-3,0
16350.0,"Sugar Grove, PA",2022-09,2,-2,0
16350.0,"Sugar Grove, PA",2022-10,1,-1,0
16350.0,"Sugar Grove, PA",2022-11,0,0,1
16350.0,"Sugar Grove, PA",2022-12,-1,1,0
16351.0,"Tidioute, PA",2022-01,10,-10,0
16351.0,"Tidioute, PA",2022-02,9,-9,0
16351.0,"Tidioute, PA",2022-03,8,-8,0
16351.0,"Tidioute, PA",2022-04,7,-7,0
16351.0,"Tidioute, PA",2022-05,6,-6,0
16351.0,"Tidioute, PA",2022-06,5,-5,0
16351.0,"Tidioute, PA",2022-07,4,-4,0
16351.0,"Tidioute, PA",2022-08,3,-3,0
16351.0,"Tidioute, PA",2022-09,2,-2,0
16351.0,"Tidioute, PA",2022-10,1,-1,0
16351.0,"Tidioute, PA",2022-11,0,0,1
16351.0,"Tidioute, PA",2022-12,-1,1,0
16352.0,"Tiona, PA",2022-01,10,-10,0
16352.0,"Tiona, PA",2022-02,9,-9,0
16352.0,"Tiona, PA",2022-03,8,-8,0
16352.0,"Tiona, PA",2022-04,7,-7,0
16352.0,"Tiona, PA",2022-05,6,-6,0
16352.0,"Tiona, PA",2022-06,5,-5,0
16352.0,"Tiona, PA",2022-07,4,-4,0
16352.0,"Tiona, PA",2022-08,3,-3,0
16352.0,"Tiona, PA",2022-09,2,-2,0
16352.0,"Tiona, PA",2022-10,1,-1,0
16352.0,"Tiona, PA",2022-11,0,0,1
16352.0,"Tiona, PA",2022-12,-1,1,0
16353.0,"Tionesta, PA",2022-01,10,-10,0
16353.0,"Tionesta, PA",2022-02,9,-9,0
16353.0,"Tionesta, PA",2022-03,8,-8,0
16353.0,"Tionesta, PA",2022-04,7,-7,0
16353.0,"Tionesta, PA",2022-05,6,-6,0
16353.0,"Tionesta, PA",2022-06,5,-5,0
16353.0,"Tionesta, PA",2022-07,4,-4,0
16353.0,"Tionesta, PA",2022-08,3,-3,0
16353.0,"Tionesta, PA",2022-09,2,-2,0
16353.0,"Tionesta, PA",2022-10,1,-1,0
16353.0,"Tionesta, PA",2022-11,0,0,1
16353.0,"Tionesta, PA",2022-12,-1,1,0
16354.0,"Titusville, PA",2022-01,10,-10,0
16354.0,"Titusville, PA",2022-02,9,-9,0
16354.0,"Titusville, PA",2022-03,8,-8,0
16354.0,"Titusville, PA",2022-04,7,-7,0
16354.0,"Titusville, PA",2022-05,6,-6,0
16354.0,"Titusville, PA",2022-06,5,-5,0
16354.0,"Titusville, PA",2022-07,4,-4,0
16354.0,"Titusville, PA",2022-08,3,-3,0
16354.0,"Titusville, PA",2022-09,2,-2,0
16354.0,"Titusville, PA",2022-10,1,-1,0
16354.0,"Titusville, PA",2022-11,0,0,1
16354.0,"Titusville, PA",2022-12,-1,1,0
16360.0,"Townville, PA",2022-01,10,-10,0
16360.0,"Townville, PA",2022-02,9,-9,0
16360.0,"Townville, PA",2022-03,8,-8,0
16360.0,"Townville, PA",2022-04,7,-7,0
16360.0,"Townville, PA",2022-05,6,-6,0
16360.0,"Townville, PA",2022-06,5,-5,0
16360.0,"Townville, PA",2022-07,4,-4,0
16360.0,"Townville, PA",2022-08,3,-3,0
16360.0,"Townville, PA",2022-09,2,-2,0
16360.0,"Townville, PA",2022-10,1,-1,0
16360.0,"Townville, PA",2022-11,0,0,1
16360.0,"Townville, PA",2022-12,-1,1,0
16361.0,"Tylersburg, PA",2022-01,10,-10,0
16361.0,"Tylersburg, PA",2022-02,9,-9,0
16361.0,"Tylersburg, PA",2022-03,8,-8,0
16361.0,"Tylersburg, PA",2022-04,7,-7,0
16361.0,"Tylersburg, PA",2022-05,6,-6,0
16361.0,"Tylersburg, PA",2022-06,5,-5,0
16361.0,"Tylersburg, PA",2022-07,4,-4,0
16361.0,"Tylersburg, PA",2022-08,3,-3,0
16361.0,"Tylersburg, PA",2022-09,2,-2,0
16361.0,"Tylersburg, PA",2022-10,1,-1,0
16361.0,"Tylersburg, PA",2022-11,0,0,1
16361.0,"Tylersburg, PA",2022-12,-1,1,0
16362.0,"Utica, PA",2022-01,10,-10,0
16362.0,"Utica, PA",2022-02,9,-9,0
16362.0,"Utica, PA",2022-03,8,-8,0
16362.0,"Utica, PA",2022-04,7,-7,0
16362.0,"Utica, PA",2022-05,6,-6,0
16362.0,"Utica, PA",2022-06,5,-5,0
16362.0,"Utica, PA",2022-07,4,-4,0
16362.0,"Utica, PA",2022-08,3,-3,0
16362.0,"Utica, PA",2022-09,2,-2,0
16362.0,"Utica, PA",2022-10,1,-1,0
16362.0,"Utica, PA",2022-11,0,0,1
16362.0,"Utica, PA",2022-12,-1,1,0
16364.0,"Venus, PA",2022-01,10,-10,0
16364.0,"Venus, PA",2022-02,9,-9,0
16364.0,"Venus, PA",2022-03,8,-8,0
16364.0,"Venus, PA",2022-04,7,-7,0
16364.0,"Venus, PA",2022-05,6,-6,0
16364.0,"Venus, PA",2022-06,5,-5,0
16364.0,"Venus, PA",2022-07,4,-4,0
16364.0,"Venus, PA",2022-08,3,-3,0
16364.0,"Venus, PA",2022-09,2,-2,0
16364.0,"Venus, PA",2022-10,1,-1,0
16364.0,"Venus, PA",2022-11,0,0,1
16364.0,"Venus, PA",2022-12,-1,1,0
16365.0,"Warren, PA",2022-01,10,-10,0
16365.0,"Warren, PA",2022-02,9,-9,0
16365.0,"Warren, PA",2022-03,8,-8,0
16365.0,"Warren, PA",2022-04,7,-7,0
16365.0,"Warren, PA",2022-05,6,-6,0
16365.0,"Warren, PA",2022-06,5,-5,0
16365.0,"Warren, PA",2022-07,4,-4,0
16365.0,"Warren, PA",2022-08,3,-3,0
16365.0,"Warren, PA",2022-09,2,-2,0
16365.0,"Warren, PA",2022-10,1,-1,0
16365.0,"Warren, PA",2022-11,0,0,1
16365.0,"Warren, PA",2022-12,-1,1,0
16370.0,"West Hickory, PA",2022-01,10,-10,0
16370.0,"West Hickory, PA",2022-02,9,-9,0
16370.0,"West Hickory, PA",2022-03,8,-8,0
16370.0,"West Hickory, PA",2022-04,7,-7,0
16370.0,"West Hickory, PA",2022-05,6,-6,0
16370.0,"West Hickory, PA",2022-06,5,-5,0
16370.0,"West Hickory, PA",2022-07,4,-4,0
16370.0,"West Hickory, PA",2022-08,3,-3,0
16370.0,"West Hickory, PA",2022-09,2,-2,0
16370.0,"West Hickory, PA",2022-10,1,-1,0
16370.0,"West Hickory, PA",2022-11,0,0,1
16370.0,"West Hickory, PA",2022-12,-1,1,0
16371.0,"Youngsville, PA",2022-01,10,-10,0
16371.0,"Youngsville, PA",2022-02,9,-9,0
16371.0,"Youngsville, PA",2022-03,8,-8,0
16371.0,"Youngsville, PA",2022-04,7,-7,0
16371.0,"Youngsville, PA",2022-05,6,-6,0
16371.0,"Youngsville, PA",2022-06,5,-5,0
16371.0,"Youngsville, PA",2022-07,4,-4,0
16371.0,"Youngsville, PA",2022-08,3,-3,0
16371.0,"Youngsville, PA",2022-09,2,-2,0
16371.0,"Youngsville, PA",2022-10,1,-1,0
16371.0,"Youngsville, PA",2022-11,0,0,1
16371.0,"Youngsville, PA",2022-12,-1,1,0
16372.0,"Clintonville, PA",2022-01,10,-10,0
16372.0,"Clintonville, PA",2022-02,9,-9,0
16372.0,"Clintonville, PA",2022-03,8,-8,0
16372.0,"Clintonville, PA",2022-04,7,-7,0
16372.0,"Clintonville, PA",2022-05,6,-6,0
16372.0,"Clintonville, PA",2022-06,5,-5,0
16372.0,"Clintonville, PA",2022-07,4,-4,0
16372.0,"Clintonville, PA",2022-08,3,-3,0
16372.0,"Clintonville, PA",2022-09,2,-2,0
16372.0,"Clintonville, PA",2022-10,1,-1,0
16372.0,"Clintonville, PA",2022-11,0,0,1
16372.0,"Clintonville, PA",2022-12,-1,1,0
16373.0,"Emlenton, PA",2022-01,10,-10,0
16373.0,"Emlenton, PA",2022-02,9,-9,0
16373.0,"Emlenton, PA",2022-03,8,-8,0
16373.0,"Emlenton, PA",2022-04,7,-7,0
16373.0,"Emlenton, PA",2022-05,6,-6,0
16373.0,"Emlenton, PA",2022-06,5,-5,0
16373.0,"Emlenton, PA",2022-07,4,-4,0
16373.0,"Emlenton, PA",2022-08,3,-3,0
16373.0,"Emlenton, PA",2022-09,2,-2,0
16373.0,"Emlenton, PA",2022-10,1,-1,0
16373.0,"Emlenton, PA",2022-11,0,0,1
16373.0,"Emlenton, PA",2022-12,-1,1,0
16374.0,"Kennerdell, PA",2022-01,10,-10,0
16374.0,"Kennerdell, PA",2022-02,9,-9,0
16374.0,"Kennerdell, PA",2022-03,8,-8,0
16374.0,"Kennerdell, PA",2022-04,7,-7,0
16374.0,"Kennerdell, PA",2022-05,6,-6,0
16374.0,"Kennerdell, PA",2022-06,5,-5,0
16374.0,"Kennerdell, PA",2022-07,4,-4,0
16374.0,"Kennerdell, PA",2022-08,3,-3,0
16374.0,"Kennerdell, PA",2022-09,2,-2,0
16374.0,"Kennerdell, PA",2022-10,1,-1,0
16374.0,"Kennerdell, PA",2022-11,0,0,1
16374.0,"Kennerdell, PA",2022-12,-1,1,0
16401.0,"Albion, PA",2022-01,10,-10,0
16401.0,"Albion, PA",2022-02,9,-9,0
16401.0,"Albion, PA",2022-03,8,-8,0
16401.0,"Albion, PA",2022-04,7,-7,0
16401.0,"Albion, PA",2022-05,6,-6,0
16401.0,"Albion, PA",2022-06,5,-5,0
16401.0,"Albion, PA",2022-07,4,-4,0
16401.0,"Albion, PA",2022-08,3,-3,0
16401.0,"Albion, PA",2022-09,2,-2,0
16401.0,"Albion, PA",2022-10,1,-1,0
16401.0,"Albion, PA",2022-11,0,0,1
16401.0,"Albion, PA",2022-12,-1,1,0
16402.0,"Bear Lake, PA",2022-01,10,-10,0
16402.0,"Bear Lake, PA",2022-02,9,-9,0
16402.0,"Bear Lake, PA",2022-03,8,-8,0
16402.0,"Bear Lake, PA",2022-04,7,-7,0
16402.0,"Bear Lake, PA",2022-05,6,-6,0
16402.0,"Bear Lake, PA",2022-06,5,-5,0
16402.0,"Bear Lake, PA",2022-07,4,-4,0
16402.0,"Bear Lake, PA",2022-08,3,-3,0
16402.0,"Bear Lake, PA",2022-09,2,-2,0
16402.0,"Bear Lake, PA",2022-10,1,-1,0
16402.0,"Bear Lake, PA",2022-11,0,0,1
16402.0,"Bear Lake, PA",2022-12,-1,1,0
16403.0,"Cambridge Springs, PA",2022-01,10,-10,0
16403.0,"Cambridge Springs, PA",2022-02,9,-9,0
16403.0,"Cambridge Springs, PA",2022-03,8,-8,0
16403.0,"Cambridge Springs, PA",2022-04,7,-7,0
16403.0,"Cambridge Springs, PA",2022-05,6,-6,0
16403.0,"Cambridge Springs, PA",2022-06,5,-5,0
16403.0,"Cambridge Springs, PA",2022-07,4,-4,0
16403.0,"Cambridge Springs, PA",2022-08,3,-3,0
16403.0,"Cambridge Springs, PA",2022-09,2,-2,0
16403.0,"Cambridge Springs, PA",2022-10,1,-1,0
16403.0,"Cambridge Springs, PA",2022-11,0,0,1
16403.0,"Cambridge Springs, PA",2022-12,-1,1,0
16404.0,"Centerville, PA",2022-01,10,-10,0
16404.0,"Centerville, PA",2022-02,9,-9,0
16404.0,"Centerville, PA",2022-03,8,-8,0
16404.0,"Centerville, PA",2022-04,7,-7,0
16404.0,"Centerville, PA",2022-05,6,-6,0
16404.0,"Centerville, PA",2022-06,5,-5,0
16404.0,"Centerville, PA",2022-07,4,-4,0
16404.0,"Centerville, PA",2022-08,3,-3,0
16404.0,"Centerville, PA",2022-09,2,-2,0
16404.0,"Centerville, PA",2022-10,1,-1,0
16404.0,"Centerville, PA",2022-11,0,0,1
16404.0,"Centerville, PA",2022-12,-1,1,0
16405.0,"Columbus, PA",2022-01,10,-10,0
16405.0,"Columbus, PA",2022-02,9,-9,0
16405.0,"Columbus, PA",2022-03,8,-8,0
16405.0,"Columbus, PA",2022-04,7,-7,0
16405.0,"Columbus, PA",2022-05,6,-6,0
16405.0,"Columbus, PA",2022-06,5,-5,0
16405.0,"Columbus, PA",2022-07,4,-4,0
16405.0,"Columbus, PA",2022-08,3,-3,0
16405.0,"Columbus, PA",2022-09,2,-2,0
16405.0,"Columbus, PA",2022-10,1,-1,0
16405.0,"Columbus, PA",2022-11,0,0,1
16405.0,"Columbus, PA",2022-12,-1,1,0
16406.0,"Conneautville, PA",2022-01,10,-10,0
16406.0,"Conneautville, PA",2022-02,9,-9,0
16406.0,"Conneautville, PA",2022-03,8,-8,0
16406.0,"Conneautville, PA",2022-04,7,-7,0
16406.0,"Conneautville, PA",2022-05,6,-6,0
16406.0,"Conneautville, PA",2022-06,5,-5,0
16406.0,"Conneautville, PA",2022-07,4,-4,0
16406.0,"Conneautville, PA",2022-08,3,-3,0
16406.0,"Conneautville, PA",2022-09,2,-2,0
16406.0,"Conneautville, PA",2022-10,1,-1,0
16406.0,"Conneautville, PA",2022-11,0,0,1
16406.0,"Conneautville, PA",2022-12,-1,1,0
16407.0,"Corry, PA",2022-01,10,-10,0
16407.0,"Corry, PA",2022-02,9,-9,0
16407.0,"Corry, PA",2022-03,8,-8,0
16407.0,"Corry, PA",2022-04,7,-7,0
16407.0,"Corry, PA",2022-05,6,-6,0
16407.0,"Corry, PA",2022-06,5,-5,0
16407.0,"Corry, PA",2022-07,4,-4,0
16407.0,"Corry, PA",2022-08,3,-3,0
16407.0,"Corry, PA",2022-09,2,-2,0
16407.0,"Corry, PA",2022-10,1,-1,0
16407.0,"Corry, PA",2022-11,0,0,1
16407.0,"Corry, PA",2022-12,-1,1,0
16410.0,"Cranesville, PA",2022-01,10,-10,0
16410.0,"Cranesville, PA",2022-02,9,-9,0
16410.0,"Cranesville, PA",2022-03,8,-8,0
16410.0,"Cranesville, PA",2022-04,7,-7,0
16410.0,"Cranesville, PA",2022-05,6,-6,0
16410.0,"Cranesville, PA",2022-06,5,-5,0
16410.0,"Cranesville, PA",2022-07,4,-4,0
16410.0,"Cranesville, PA",2022-08,3,-3,0
16410.0,"Cranesville, PA",2022-09,2,-2,0
16410.0,"Cranesville, PA",2022-10,1,-1,0
16410.0,"Cranesville, PA",2022-11,0,0,1
16410.0,"Cranesville, PA",2022-12,-1,1,0
16411.0,"East Springfield, PA",2022-01,10,-10,0
16411.0,"East Springfield, PA",2022-02,9,-9,0
16411.0,"East Springfield, PA",2022-03,8,-8,0
16411.0,"East Springfield, PA",2022-04,7,-7,0
16411.0,"East Springfield, PA",2022-05,6,-6,0
16411.0,"East Springfield, PA",2022-06,5,-5,0
16411.0,"East Springfield, PA",2022-07,4,-4,0
16411.0,"East Springfield, PA",2022-08,3,-3,0
16411.0,"East Springfield, PA",2022-09,2,-2,0
16411.0,"East Springfield, PA",2022-10,1,-1,0
16411.0,"East Springfield, PA",2022-11,0,0,1
16411.0,"East Springfield, PA",2022-12,-1,1,0
16412.0,"Edinboro, PA",2022-01,10,-10,0
16412.0,"Edinboro, PA",2022-02,9,-9,0
16412.0,"Edinboro, PA",2022-03,8,-8,0
16412.0,"Edinboro, PA",2022-04,7,-7,0
16412.0,"Edinboro, PA",2022-05,6,-6,0
16412.0,"Edinboro, PA",2022-06,5,-5,0
16412.0,"Edinboro, PA",2022-07,4,-4,0
16412.0,"Edinboro, PA",2022-08,3,-3,0
16412.0,"Edinboro, PA",2022-09,2,-2,0
16412.0,"Edinboro, PA",2022-10,1,-1,0
16412.0,"Edinboro, PA",2022-11,0,0,1
16412.0,"Edinboro, PA",2022-12,-1,1,0
16415.0,"Fairview, PA",2022-01,10,-10,0
16415.0,"Fairview, PA",2022-02,9,-9,0
16415.0,"Fairview, PA",2022-03,8,-8,0
16415.0,"Fairview, PA",2022-04,7,-7,0
16415.0,"Fairview, PA",2022-05,6,-6,0
16415.0,"Fairview, PA",2022-06,5,-5,0
16415.0,"Fairview, PA",2022-07,4,-4,0
16415.0,"Fairview, PA",2022-08,3,-3,0
16415.0,"Fairview, PA",2022-09,2,-2,0
16415.0,"Fairview, PA",2022-10,1,-1,0
16415.0,"Fairview, PA",2022-11,0,0,1
16415.0,"Fairview, PA",2022-12,-1,1,0
16416.0,"Garland, PA",2022-01,10,-10,0
16416.0,"Garland, PA",2022-02,9,-9,0
16416.0,"Garland, PA",2022-03,8,-8,0
16416.0,"Garland, PA",2022-04,7,-7,0
16416.0,"Garland, PA",2022-05,6,-6,0
16416.0,"Garland, PA",2022-06,5,-5,0
16416.0,"Garland, PA",2022-07,4,-4,0
16416.0,"Garland, PA",2022-08,3,-3,0
16416.0,"Garland, PA",2022-09,2,-2,0
16416.0,"Garland, PA",2022-10,1,-1,0
16416.0,"Garland, PA",2022-11,0,0,1
16416.0,"Garland, PA",2022-12,-1,1,0
16417.0,"Girard, PA",2022-01,10,-10,0
16417.0,"Girard, PA",2022-02,9,-9,0
16417.0,"Girard, PA",2022-03,8,-8,0
16417.0,"Girard, PA",2022-04,7,-7,0
16417.0,"Girard, PA",2022-05,6,-6,0
16417.0,"Girard, PA",2022-06,5,-5,0
16417.0,"Girard, PA",2022-07,4,-4,0
16417.0,"Girard, PA",2022-08,3,-3,0
16417.0,"Girard, PA",2022-09,2,-2,0
16417.0,"Girard, PA",2022-10,1,-1,0
16417.0,"Girard, PA",2022-11,0,0,1
16417.0,"Girard, PA",2022-12,-1,1,0
16420.0,"Grand Valley, PA",2022-01,10,-10,0
16420.0,"Grand Valley, PA",2022-02,9,-9,0
16420.0,"Grand Valley, PA",2022-03,8,-8,0
16420.0,"Grand Valley, PA",2022-04,7,-7,0
16420.0,"Grand Valley, PA",2022-05,6,-6,0
16420.0,"Grand Valley, PA",2022-06,5,-5,0
16420.0,"Grand Valley, PA",2022-07,4,-4,0
16420.0,"Grand Valley, PA",2022-08,3,-3,0
16420.0,"Grand Valley, PA",2022-09,2,-2,0
16420.0,"Grand Valley, PA",2022-10,1,-1,0
16420.0,"Grand Valley, PA",2022-11,0,0,1
16420.0,"Grand Valley, PA",2022-12,-1,1,0
16421.0,"Harborcreek, PA",2022-01,10,-10,0
16421.0,"Harborcreek, PA",2022-02,9,-9,0
16421.0,"Harborcreek, PA",2022-03,8,-8,0
16421.0,"Harborcreek, PA",2022-04,7,-7,0
16421.0,"Harborcreek, PA",2022-05,6,-6,0
16421.0,"Harborcreek, PA",2022-06,5,-5,0
16421.0,"Harborcreek, PA",2022-07,4,-4,0
16421.0,"Harborcreek, PA",2022-08,3,-3,0
16421.0,"Harborcreek, PA",2022-09,2,-2,0
16421.0,"Harborcreek, PA",2022-10,1,-1,0
16421.0,"Harborcreek, PA",2022-11,0,0,1
16421.0,"Harborcreek, PA",2022-12,-1,1,0
16422.0,"Harmonsburg, PA",2022-01,10,-10,0
16422.0,"Harmonsburg, PA",2022-02,9,-9,0
16422.0,"Harmonsburg, PA",2022-03,8,-8,0
16422.0,"Harmonsburg, PA",2022-04,7,-7,0
16422.0,"Harmonsburg, PA",2022-05,6,-6,0
16422.0,"Harmonsburg, PA",2022-06,5,-5,0
16422.0,"Harmonsburg, PA",2022-07,4,-4,0
16422.0,"Harmonsburg, PA",2022-08,3,-3,0
16422.0,"Harmonsburg, PA",2022-09,2,-2,0
16422.0,"Harmonsburg, PA",2022-10,1,-1,0
16422.0,"Harmonsburg, PA",2022-11,0,0,1
16422.0,"Harmonsburg, PA",2022-12,-1,1,0
16423.0,"Lake City, PA",2022-01,10,-10,0
16423.0,"Lake City, PA",2022-02,9,-9,0
16423.0,"Lake City, PA",2022-03,8,-8,0
16423.0,"Lake City, PA",2022-04,7,-7,0
16423.0,"Lake City, PA",2022-05,6,-6,0
16423.0,"Lake City, PA",2022-06,5,-5,0
16423.0,"Lake City, PA",2022-07,4,-4,0
16423.0,"Lake City, PA",2022-08,3,-3,0
16423.0,"Lake City, PA",2022-09,2,-2,0
16423.0,"Lake City, PA",2022-10,1,-1,0
16423.0,"Lake City, PA",2022-11,0,0,1
16423.0,"Lake City, PA",2022-12,-1,1,0
16424.0,"Linesville, PA",2022-01,10,-10,0
16424.0,"Linesville, PA",2022-02,9,-9,0
16424.0,"Linesville, PA",2022-03,8,-8,0
16424.0,"Linesville, PA",2022-04,7,-7,0
16424.0,"Linesville, PA",2022-05,6,-6,0
16424.0,"Linesville, PA",2022-06,5,-5,0
16424.0,"Linesville, PA",2022-07,4,-4,0
16424.0,"Linesville, PA",2022-08,3,-3,0
16424.0,"Linesville, PA",2022-09,2,-2,0
16424.0,"Linesville, PA",2022-10,1,-1,0
16424.0,"Linesville, PA",2022-11,0,0,1
16424.0,"Linesville, PA",2022-12,-1,1,0
16426.0,"McKean, PA",2022-01,10,-10,0
16426.0,"McKean, PA",2022-02,9,-9,0
16426.0,"McKean, PA",2022-03,8,-8,0
16426.0,"McKean, PA",2022-04,7,-7,0
16426.0,"McKean, PA",2022-05,6,-6,0
16426.0,"McKean, PA",2022-06,5,-5,0
16426.0,"McKean, PA",2022-07,4,-4,0
16426.0,"McKean, PA",2022-08,3,-3,0
16426.0,"McKean, PA",2022-09,2,-2,0
16426.0,"McKean, PA",2022-10,1,-1,0
16426.0,"McKean, PA",2022-11,0,0,1
16426.0,"McKean, PA",2022-12,-1,1,0
16427.0,"Mill Village, PA",2022-01,10,-10,0
16427.0,"Mill Village, PA",2022-02,9,-9,0
16427.0,"Mill Village, PA",2022-03,8,-8,0
16427.0,"Mill Village, PA",2022-04,7,-7,0
16427.0,"Mill Village, PA",2022-05,6,-6,0
16427.0,"Mill Village, PA",2022-06,5,-5,0
16427.0,"Mill Village, PA",2022-07,4,-4,0
16427.0,"Mill Village, PA",2022-08,3,-3,0
16427.0,"Mill Village, PA",2022-09,2,-2,0
16427.0,"Mill Village, PA",2022-10,1,-1,0
16427.0,"Mill Village, PA",2022-11,0,0,1
16427.0,"Mill Village, PA",2022-12,-1,1,0
16428.0,"North East, PA",2022-01,10,-10,0
16428.0,"North East, PA",2022-02,9,-9,0
16428.0,"North East, PA",2022-03,8,-8,0
16428.0,"North East, PA",2022-04,7,-7,0
16428.0,"North East, PA",2022-05,6,-6,0
16428.0,"North East, PA",2022-06,5,-5,0
16428.0,"North East, PA",2022-07,4,-4,0
16428.0,"North East, PA",2022-08,3,-3,0
16428.0,"North East, PA",2022-09,2,-2,0
16428.0,"North East, PA",2022-10,1,-1,0
16428.0,"North East, PA",2022-11,0,0,1
16428.0,"North East, PA",2022-12,-1,1,0
16430.0,"North Springfield, PA",2022-01,10,-10,0
16430.0,"North Springfield, PA",2022-02,9,-9,0
16430.0,"North Springfield, PA",2022-03,8,-8,0
16430.0,"North Springfield, PA",2022-04,7,-7,0
16430.0,"North Springfield, PA",2022-05,6,-6,0
16430.0,"North Springfield, PA",2022-06,5,-5,0
16430.0,"North Springfield, PA",2022-07,4,-4,0
16430.0,"North Springfield, PA",2022-08,3,-3,0
16430.0,"North Springfield, PA",2022-09,2,-2,0
16430.0,"North Springfield, PA",2022-10,1,-1,0
16430.0,"North Springfield, PA",2022-11,0,0,1
16430.0,"North Springfield, PA",2022-12,-1,1,0
16433.0,"Saegertown, PA",2022-01,10,-10,0
16433.0,"Saegertown, PA",2022-02,9,-9,0
16433.0,"Saegertown, PA",2022-03,8,-8,0
16433.0,"Saegertown, PA",2022-04,7,-7,0
16433.0,"Saegertown, PA",2022-05,6,-6,0
16433.0,"Saegertown, PA",2022-06,5,-5,0
16433.0,"Saegertown, PA",2022-07,4,-4,0
16433.0,"Saegertown, PA",2022-08,3,-3,0
16433.0,"Saegertown, PA",2022-09,2,-2,0
16433.0,"Saegertown, PA",2022-10,1,-1,0
16433.0,"Saegertown, PA",2022-11,0,0,1
16433.0,"Saegertown, PA",2022-12,-1,1,0
16434.0,"Spartansburg, PA",2022-01,10,-10,0
16434.0,"Spartansburg, PA",2022-02,9,-9,0
16434.0,"Spartansburg, PA",2022-03,8,-8,0
16434.0,"Spartansburg, PA",2022-04,7,-7,0
16434.0,"Spartansburg, PA",2022-05,6,-6,0
16434.0,"Spartansburg, PA",2022-06,5,-5,0
16434.0,"Spartansburg, PA",2022-07,4,-4,0
16434.0,"Spartansburg, PA",2022-08,3,-3,0
16434.0,"Spartansburg, PA",2022-09,2,-2,0
16434.0,"Spartansburg, PA",2022-10,1,-1,0
16434.0,"Spartansburg, PA",2022-11,0,0,1
16434.0,"Spartansburg, PA",2022-12,-1,1,0
16435.0,"Springboro, PA",2022-01,10,-10,0
16435.0,"Springboro, PA",2022-02,9,-9,0
16435.0,"Springboro, PA",2022-03,8,-8,0
16435.0,"Springboro, PA",2022-04,7,-7,0
16435.0,"Springboro, PA",2022-05,6,-6,0
16435.0,"Springboro, PA",2022-06,5,-5,0
16435.0,"Springboro, PA",2022-07,4,-4,0
16435.0,"Springboro, PA",2022-08,3,-3,0
16435.0,"Springboro, PA",2022-09,2,-2,0
16435.0,"Springboro, PA",2022-10,1,-1,0
16435.0,"Springboro, PA",2022-11,0,0,1
16435.0,"Springboro, PA",2022-12,-1,1,0
16436.0,"Spring Creek, PA",2022-01,10,-10,0
16436.0,"Spring Creek, PA",2022-02,9,-9,0
16436.0,"Spring Creek, PA",2022-03,8,-8,0
16436.0,"Spring Creek, PA",2022-04,7,-7,0
16436.0,"Spring Creek, PA",2022-05,6,-6,0
16436.0,"Spring Creek, PA",2022-06,5,-5,0
16436.0,"Spring Creek, PA",2022-07,4,-4,0
16436.0,"Spring Creek, PA",2022-08,3,-3,0
16436.0,"Spring Creek, PA",2022-09,2,-2,0
16436.0,"Spring Creek, PA",2022-10,1,-1,0
16436.0,"Spring Creek, PA",2022-11,0,0,1
16436.0,"Spring Creek, PA",2022-12,-1,1,0
16438.0,"Union City, PA",2022-01,10,-10,0
16438.0,"Union City, PA",2022-02,9,-9,0
16438.0,"Union City, PA",2022-03,8,-8,0
16438.0,"Union City, PA",2022-04,7,-7,0
16438.0,"Union City, PA",2022-05,6,-6,0
16438.0,"Union City, PA",2022-06,5,-5,0
16438.0,"Union City, PA",2022-07,4,-4,0
16438.0,"Union City, PA",2022-08,3,-3,0
16438.0,"Union City, PA",2022-09,2,-2,0
16438.0,"Union City, PA",2022-10,1,-1,0
16438.0,"Union City, PA",2022-11,0,0,1
16438.0,"Union City, PA",2022-12,-1,1,0
16440.0,"Venango, PA",2022-01,10,-10,0
16440.0,"Venango, PA",2022-02,9,-9,0
16440.0,"Venango, PA",2022-03,8,-8,0
16440.0,"Venango, PA",2022-04,7,-7,0
16440.0,"Venango, PA",2022-05,6,-6,0
16440.0,"Venango, PA",2022-06,5,-5,0
16440.0,"Venango, PA",2022-07,4,-4,0
16440.0,"Venango, PA",2022-08,3,-3,0
16440.0,"Venango, PA",2022-09,2,-2,0
16440.0,"Venango, PA",2022-10,1,-1,0
16440.0,"Venango, PA",2022-11,0,0,1
16440.0,"Venango, PA",2022-12,-1,1,0
16441.0,"Waterford, PA",2022-01,10,-10,0
16441.0,"Waterford, PA",2022-02,9,-9,0
16441.0,"Waterford, PA",2022-03,8,-8,0
16441.0,"Waterford, PA",2022-04,7,-7,0
16441.0,"Waterford, PA",2022-05,6,-6,0
16441.0,"Waterford, PA",2022-06,5,-5,0
16441.0,"Waterford, PA",2022-07,4,-4,0
16441.0,"Waterford, PA",2022-08,3,-3,0
16441.0,"Waterford, PA",2022-09,2,-2,0
16441.0,"Waterford, PA",2022-10,1,-1,0
16441.0,"Waterford, PA",2022-11,0,0,1
16441.0,"Waterford, PA",2022-12,-1,1,0
16442.0,"Wattsburg, PA",2022-01,10,-10,0
16442.0,"Wattsburg, PA",2022-02,9,-9,0
16442.0,"Wattsburg, PA",2022-03,8,-8,0
16442.0,"Wattsburg, PA",2022-04,7,-7,0
16442.0,"Wattsburg, PA",2022-05,6,-6,0
16442.0,"Wattsburg, PA",2022-06,5,-5,0
16442.0,"Wattsburg, PA",2022-07,4,-4,0
16442.0,"Wattsburg, PA",2022-08,3,-3,0
16442.0,"Wattsburg, PA",2022-09,2,-2,0
16442.0,"Wattsburg, PA",2022-10,1,-1,0
16442.0,"Wattsburg, PA",2022-11,0,0,1
16442.0,"Wattsburg, PA",2022-12,-1,1,0
16443.0,"West Springfield, PA",2022-01,10,-10,0
16443.0,"West Springfield, PA",2022-02,9,-9,0
16443.0,"West Springfield, PA",2022-03,8,-8,0
16443.0,"West Springfield, PA",2022-04,7,-7,0
16443.0,"West Springfield, PA",2022-05,6,-6,0
16443.0,"West Springfield, PA",2022-06,5,-5,0
16443.0,"West Springfield, PA",2022-07,4,-4,0
16443.0,"West Springfield, PA",2022-08,3,-3,0
16443.0,"West Springfield, PA",2022-09,2,-2,0
16443.0,"West Springfield, PA",2022-10,1,-1,0
16443.0,"West Springfield, PA",2022-11,0,0,1
16443.0,"West Springfield, PA",2022-12,-1,1,0
16444.0,"Edinboro, PA",2022-01,10,-10,0
16444.0,"Edinboro, PA",2022-02,9,-9,0
16444.0,"Edinboro, PA",2022-03,8,-8,0
16444.0,"Edinboro, PA",2022-04,7,-7,0
16444.0,"Edinboro, PA",2022-05,6,-6,0
16444.0,"Edinboro, PA",2022-06,5,-5,0
16444.0,"Edinboro, PA",2022-07,4,-4,0
16444.0,"Edinboro, PA",2022-08,3,-3,0
16444.0,"Edinboro, PA",2022-09,2,-2,0
16444.0,"Edinboro, PA",2022-10,1,-1,0
16444.0,"Edinboro, PA",2022-11,0,0,1
16444.0,"Edinboro, PA",2022-12,-1,1,0
16475.0,"Albion, PA",2022-01,10,-10,0
16475.0,"Albion, PA",2022-02,9,-9,0
16475.0,"Albion, PA",2022-03,8,-8,0
16475.0,"Albion, PA",2022-04,7,-7,0
16475.0,"Albion, PA",2022-05,6,-6,0
16475.0,"Albion, PA",2022-06,5,-5,0
16475.0,"Albion, PA",2022-07,4,-4,0
16475.0,"Albion, PA",2022-08,3,-3,0
16475.0,"Albion, PA",2022-09,2,-2,0
16475.0,"Albion, PA",2022-10,1,-1,0
16475.0,"Albion, PA",2022-11,0,0,1
16475.0,"Albion, PA",2022-12,-1,1,0
16501.0,"Erie, PA",2022-01,10,-10,0
16501.0,"Erie, PA",2022-02,9,-9,0
16501.0,"Erie, PA",2022-03,8,-8,0
16501.0,"Erie, PA",2022-04,7,-7,0
16501.0,"Erie, PA",2022-05,6,-6,0
16501.0,"Erie, PA",2022-06,5,-5,0
16501.0,"Erie, PA",2022-07,4,-4,0
16501.0,"Erie, PA",2022-08,3,-3,0
16501.0,"Erie, PA",2022-09,2,-2,0
16501.0,"Erie, PA",2022-10,1,-1,0
16501.0,"Erie, PA",2022-11,0,0,1
16501.0,"Erie, PA",2022-12,-1,1,0
16502.0,"Erie, PA",2022-01,10,-10,0
16502.0,"Erie, PA",2022-02,9,-9,0
16502.0,"Erie, PA",2022-03,8,-8,0
16502.0,"Erie, PA",2022-04,7,-7,0
16502.0,"Erie, PA",2022-05,6,-6,0
16502.0,"Erie, PA",2022-06,5,-5,0
16502.0,"Erie, PA",2022-07,4,-4,0
16502.0,"Erie, PA",2022-08,3,-3,0
16502.0,"Erie, PA",2022-09,2,-2,0
16502.0,"Erie, PA",2022-10,1,-1,0
16502.0,"Erie, PA",2022-11,0,0,1
16502.0,"Erie, PA",2022-12,-1,1,0
16503.0,"Erie, PA",2022-01,10,-10,0
16503.0,"Erie, PA",2022-02,9,-9,0
16503.0,"Erie, PA",2022-03,8,-8,0
16503.0,"Erie, PA",2022-04,7,-7,0
16503.0,"Erie, PA",2022-05,6,-6,0
16503.0,"Erie, PA",2022-06,5,-5,0
16503.0,"Erie, PA",2022-07,4,-4,0
16503.0,"Erie, PA",2022-08,3,-3,0
16503.0,"Erie, PA",2022-09,2,-2,0
16503.0,"Erie, PA",2022-10,1,-1,0
16503.0,"Erie, PA",2022-11,0,0,1
16503.0,"Erie, PA",2022-12,-1,1,0
16504.0,"Erie, PA",2022-01,10,-10,0
16504.0,"Erie, PA",2022-02,9,-9,0
16504.0,"Erie, PA",2022-03,8,-8,0
16504.0,"Erie, PA",2022-04,7,-7,0
16504.0,"Erie, PA",2022-05,6,-6,0
16504.0,"Erie, PA",2022-06,5,-5,0
16504.0,"Erie, PA",2022-07,4,-4,0
16504.0,"Erie, PA",2022-08,3,-3,0
16504.0,"Erie, PA",2022-09,2,-2,0
16504.0,"Erie, PA",2022-10,1,-1,0
16504.0,"Erie, PA",2022-11,0,0,1
16504.0,"Erie, PA",2022-12,-1,1,0
16505.0,"Erie, PA",2022-01,10,-10,0
16505.0,"Erie, PA",2022-02,9,-9,0
16505.0,"Erie, PA",2022-03,8,-8,0
16505.0,"Erie, PA",2022-04,7,-7,0
16505.0,"Erie, PA",2022-05,6,-6,0
16505.0,"Erie, PA",2022-06,5,-5,0
16505.0,"Erie, PA",2022-07,4,-4,0
16505.0,"Erie, PA",2022-08,3,-3,0
16505.0,"Erie, PA",2022-09,2,-2,0
16505.0,"Erie, PA",2022-10,1,-1,0
16505.0,"Erie, PA",2022-11,0,0,1
16505.0,"Erie, PA",2022-12,-1,1,0
16506.0,"Erie, PA",2022-01,10,-10,0
16506.0,"Erie, PA",2022-02,9,-9,0
16506.0,"Erie, PA",2022-03,8,-8,0
16506.0,"Erie, PA",2022-04,7,-7,0
16506.0,"Erie, PA",2022-05,6,-6,0
16506.0,"Erie, PA",2022-06,5,-5,0
16506.0,"Erie, PA",2022-07,4,-4,0
16506.0,"Erie, PA",2022-08,3,-3,0
16506.0,"Erie, PA",2022-09,2,-2,0
16506.0,"Erie, PA",2022-10,1,-1,0
16506.0,"Erie, PA",2022-11,0,0,1
16506.0,"Erie, PA",2022-12,-1,1,0
16507.0,"Erie, PA",2022-01,10,-10,0
16507.0,"Erie, PA",2022-02,9,-9,0
16507.0,"Erie, PA",2022-03,8,-8,0
16507.0,"Erie, PA",2022-04,7,-7,0
16507.0,"Erie, PA",2022-05,6,-6,0
16507.0,"Erie, PA",2022-06,5,-5,0
16507.0,"Erie, PA",2022-07,4,-4,0
16507.0,"Erie, PA",2022-08,3,-3,0
16507.0,"Erie, PA",2022-09,2,-2,0
16507.0,"Erie, PA",2022-10,1,-1,0
16507.0,"Erie, PA",2022-11,0,0,1
16507.0,"Erie, PA",2022-12,-1,1,0
16508.0,"Erie, PA",2022-01,10,-10,0
16508.0,"Erie, PA",2022-02,9,-9,0
16508.0,"Erie, PA",2022-03,8,-8,0
16508.0,"Erie, PA",2022-04,7,-7,0
16508.0,"Erie, PA",2022-05,6,-6,0
16508.0,"Erie, PA",2022-06,5,-5,0
16508.0,"Erie, PA",2022-07,4,-4,0
16508.0,"Erie, PA",2022-08,3,-3,0
16508.0,"Erie, PA",2022-09,2,-2,0
16508.0,"Erie, PA",2022-10,1,-1,0
16508.0,"Erie, PA",2022-11,0,0,1
16508.0,"Erie, PA",2022-12,-1,1,0
16509.0,"Erie, PA",2022-01,10,-10,0
16509.0,"Erie, PA",2022-02,9,-9,0
16509.0,"Erie, PA",2022-03,8,-8,0
16509.0,"Erie, PA",2022-04,7,-7,0
16509.0,"Erie, PA",2022-05,6,-6,0
16509.0,"Erie, PA",2022-06,5,-5,0
16509.0,"Erie, PA",2022-07,4,-4,0
16509.0,"Erie, PA",2022-08,3,-3,0
16509.0,"Erie, PA",2022-09,2,-2,0
16509.0,"Erie, PA",2022-10,1,-1,0
16509.0,"Erie, PA",2022-11,0,0,1
16509.0,"Erie, PA",2022-12,-1,1,0
16510.0,"Erie, PA",2022-01,10,-10,0
16510.0,"Erie, PA",2022-02,9,-9,0
16510.0,"Erie, PA",2022-03,8,-8,0
16510.0,"Erie, PA",2022-04,7,-7,0
16510.0,"Erie, PA",2022-05,6,-6,0
16510.0,"Erie, PA",2022-06,5,-5,0
16510.0,"Erie, PA",2022-07,4,-4,0
16510.0,"Erie, PA",2022-08,3,-3,0
16510.0,"Erie, PA",2022-09,2,-2,0
16510.0,"Erie, PA",2022-10,1,-1,0
16510.0,"Erie, PA",2022-11,0,0,1
16510.0,"Erie, PA",2022-12,-1,1,0
16511.0,"Erie, PA",2022-01,10,-10,0
16511.0,"Erie, PA",2022-02,9,-9,0
16511.0,"Erie, PA",2022-03,8,-8,0
16511.0,"Erie, PA",2022-04,7,-7,0
16511.0,"Erie, PA",2022-05,6,-6,0
16511.0,"Erie, PA",2022-06,5,-5,0
16511.0,"Erie, PA",2022-07,4,-4,0
16511.0,"Erie, PA",2022-08,3,-3,0
16511.0,"Erie, PA",2022-09,2,-2,0
16511.0,"Erie, PA",2022-10,1,-1,0
16511.0,"Erie, PA",2022-11,0,0,1
16511.0,"Erie, PA",2022-12,-1,1,0
16546.0,"Erie, PA",2022-01,10,-10,0
16546.0,"Erie, PA",2022-02,9,-9,0
16546.0,"Erie, PA",2022-03,8,-8,0
16546.0,"Erie, PA",2022-04,7,-7,0
16546.0,"Erie, PA",2022-05,6,-6,0
16546.0,"Erie, PA",2022-06,5,-5,0
16546.0,"Erie, PA",2022-07,4,-4,0
16546.0,"Erie, PA",2022-08,3,-3,0
16546.0,"Erie, PA",2022-09,2,-2,0
16546.0,"Erie, PA",2022-10,1,-1,0
16546.0,"Erie, PA",2022-11,0,0,1
16546.0,"Erie, PA",2022-12,-1,1,0
16550.0,"Erie, PA",2022-01,10,-10,0
16550.0,"Erie, PA",2022-02,9,-9,0
16550.0,"Erie, PA",2022-03,8,-8,0
16550.0,"Erie, PA",2022-04,7,-7,0
16550.0,"Erie, PA",2022-05,6,-6,0
16550.0,"Erie, PA",2022-06,5,-5,0
16550.0,"Erie, PA",2022-07,4,-4,0
16550.0,"Erie, PA",2022-08,3,-3,0
16550.0,"Erie, PA",2022-09,2,-2,0
16550.0,"Erie, PA",2022-10,1,-1,0
16550.0,"Erie, PA",2022-11,0,0,1
16550.0,"Erie, PA",2022-12,-1,1,0
16563.0,"Erie, PA",2022-01,10,-10,0
16563.0,"Erie, PA",2022-02,9,-9,0
16563.0,"Erie, PA",2022-03,8,-8,0
16563.0,"Erie, PA",2022-04,7,-7,0
16563.0,"Erie, PA",2022-05,6,-6,0
16563.0,"Erie, PA",2022-06,5,-5,0
16563.0,"Erie, PA",2022-07,4,-4,0
16563.0,"Erie, PA",2022-08,3,-3,0
16563.0,"Erie, PA",2022-09,2,-2,0
16563.0,"Erie, PA",2022-10,1,-1,0
16563.0,"Erie, PA",2022-11,0,0,1
16563.0,"Erie, PA",2022-12,-1,1,0
16601.0,"Altoona, PA",2022-01,10,-10,0
16601.0,"Altoona, PA",2022-02,9,-9,0
16601.0,"Altoona, PA",2022-03,8,-8,0
16601.0,"Altoona, PA",2022-04,7,-7,0
16601.0,"Altoona, PA",2022-05,6,-6,0
16601.0,"Altoona, PA",2022-06,5,-5,0
16601.0,"Altoona, PA",2022-07,4,-4,0
16601.0,"Altoona, PA",2022-08,3,-3,0
16601.0,"Altoona, PA",2022-09,2,-2,0
16601.0,"Altoona, PA",2022-10,1,-1,0
16601.0,"Altoona, PA",2022-11,0,0,1
16601.0,"Altoona, PA",2022-12,-1,1,0
16602.0,"Altoona, PA",2022-01,10,-10,0
16602.0,"Altoona, PA",2022-02,9,-9,0
16602.0,"Altoona, PA",2022-03,8,-8,0
16602.0,"Altoona, PA",2022-04,7,-7,0
16602.0,"Altoona, PA",2022-05,6,-6,0
16602.0,"Altoona, PA",2022-06,5,-5,0
16602.0,"Altoona, PA",2022-07,4,-4,0
16602.0,"Altoona, PA",2022-08,3,-3,0
16602.0,"Altoona, PA",2022-09,2,-2,0
16602.0,"Altoona, PA",2022-10,1,-1,0
16602.0,"Altoona, PA",2022-11,0,0,1
16602.0,"Altoona, PA",2022-12,-1,1,0
16611.0,"Alexandria, PA",2022-01,10,-10,0
16611.0,"Alexandria, PA",2022-02,9,-9,0
16611.0,"Alexandria, PA",2022-03,8,-8,0
16611.0,"Alexandria, PA",2022-04,7,-7,0
16611.0,"Alexandria, PA",2022-05,6,-6,0
16611.0,"Alexandria, PA",2022-06,5,-5,0
16611.0,"Alexandria, PA",2022-07,4,-4,0
16611.0,"Alexandria, PA",2022-08,3,-3,0
16611.0,"Alexandria, PA",2022-09,2,-2,0
16611.0,"Alexandria, PA",2022-10,1,-1,0
16611.0,"Alexandria, PA",2022-11,0,0,1
16611.0,"Alexandria, PA",2022-12,-1,1,0
16613.0,"Ashville, PA",2022-01,10,-10,0
16613.0,"Ashville, PA",2022-02,9,-9,0
16613.0,"Ashville, PA",2022-03,8,-8,0
16613.0,"Ashville, PA",2022-04,7,-7,0
16613.0,"Ashville, PA",2022-05,6,-6,0
16613.0,"Ashville, PA",2022-06,5,-5,0
16613.0,"Ashville, PA",2022-07,4,-4,0
16613.0,"Ashville, PA",2022-08,3,-3,0
16613.0,"Ashville, PA",2022-09,2,-2,0
16613.0,"Ashville, PA",2022-10,1,-1,0
16613.0,"Ashville, PA",2022-11,0,0,1
16613.0,"Ashville, PA",2022-12,-1,1,0
16616.0,"Beccaria, PA",2022-01,10,-10,0
16616.0,"Beccaria, PA",2022-02,9,-9,0
16616.0,"Beccaria, PA",2022-03,8,-8,0
16616.0,"Beccaria, PA",2022-04,7,-7,0
16616.0,"Beccaria, PA",2022-05,6,-6,0
16616.0,"Beccaria, PA",2022-06,5,-5,0
16616.0,"Beccaria, PA",2022-07,4,-4,0
16616.0,"Beccaria, PA",2022-08,3,-3,0
16616.0,"Beccaria, PA",2022-09,2,-2,0
16616.0,"Beccaria, PA",2022-10,1,-1,0
16616.0,"Beccaria, PA",2022-11,0,0,1
16616.0,"Beccaria, PA",2022-12,-1,1,0
16617.0,"Bellwood, PA",2022-01,10,-10,0
16617.0,"Bellwood, PA",2022-02,9,-9,0
16617.0,"Bellwood, PA",2022-03,8,-8,0
16617.0,"Bellwood, PA",2022-04,7,-7,0
16617.0,"Bellwood, PA",2022-05,6,-6,0
16617.0,"Bellwood, PA",2022-06,5,-5,0
16617.0,"Bellwood, PA",2022-07,4,-4,0
16617.0,"Bellwood, PA",2022-08,3,-3,0
16617.0,"Bellwood, PA",2022-09,2,-2,0
16617.0,"Bellwood, PA",2022-10,1,-1,0
16617.0,"Bellwood, PA",2022-11,0,0,1
16617.0,"Bellwood, PA",2022-12,-1,1,0
16619.0,"Blandburg, PA",2022-01,10,-10,0
16619.0,"Blandburg, PA",2022-02,9,-9,0
16619.0,"Blandburg, PA",2022-03,8,-8,0
16619.0,"Blandburg, PA",2022-04,7,-7,0
16619.0,"Blandburg, PA",2022-05,6,-6,0
16619.0,"Blandburg, PA",2022-06,5,-5,0
16619.0,"Blandburg, PA",2022-07,4,-4,0
16619.0,"Blandburg, PA",2022-08,3,-3,0
16619.0,"Blandburg, PA",2022-09,2,-2,0
16619.0,"Blandburg, PA",2022-10,1,-1,0
16619.0,"Blandburg, PA",2022-11,0,0,1
16619.0,"Blandburg, PA",2022-12,-1,1,0
16620.0,"Brisbin, PA",2022-01,10,-10,0
16620.0,"Brisbin, PA",2022-02,9,-9,0
16620.0,"Brisbin, PA",2022-03,8,-8,0
16620.0,"Brisbin, PA",2022-04,7,-7,0
16620.0,"Brisbin, PA",2022-05,6,-6,0
16620.0,"Brisbin, PA",2022-06,5,-5,0
16620.0,"Brisbin, PA",2022-07,4,-4,0
16620.0,"Brisbin, PA",2022-08,3,-3,0
16620.0,"Brisbin, PA",2022-09,2,-2,0
16620.0,"Brisbin, PA",2022-10,1,-1,0
16620.0,"Brisbin, PA",2022-11,0,0,1
16620.0,"Brisbin, PA",2022-12,-1,1,0
16621.0,"Broad Top, PA",2022-01,10,-10,0
16621.0,"Broad Top, PA",2022-02,9,-9,0
16621.0,"Broad Top, PA",2022-03,8,-8,0
16621.0,"Broad Top, PA",2022-04,7,-7,0
16621.0,"Broad Top, PA",2022-05,6,-6,0
16621.0,"Broad Top, PA",2022-06,5,-5,0
16621.0,"Broad Top, PA",2022-07,4,-4,0
16621.0,"Broad Top, PA",2022-08,3,-3,0
16621.0,"Broad Top, PA",2022-09,2,-2,0
16621.0,"Broad Top, PA",2022-10,1,-1,0
16621.0,"Broad Top, PA",2022-11,0,0,1
16621.0,"Broad Top, PA",2022-12,-1,1,0
16622.0,"Calvin, PA",2022-01,10,-10,0
16622.0,"Calvin, PA",2022-02,9,-9,0
16622.0,"Calvin, PA",2022-03,8,-8,0
16622.0,"Calvin, PA",2022-04,7,-7,0
16622.0,"Calvin, PA",2022-05,6,-6,0
16622.0,"Calvin, PA",2022-06,5,-5,0
16622.0,"Calvin, PA",2022-07,4,-4,0
16622.0,"Calvin, PA",2022-08,3,-3,0
16622.0,"Calvin, PA",2022-09,2,-2,0
16622.0,"Calvin, PA",2022-10,1,-1,0
16622.0,"Calvin, PA",2022-11,0,0,1
16622.0,"Calvin, PA",2022-12,-1,1,0
16623.0,"Cassville, PA",2022-01,10,-10,0
16623.0,"Cassville, PA",2022-02,9,-9,0
16623.0,"Cassville, PA",2022-03,8,-8,0
16623.0,"Cassville, PA",2022-04,7,-7,0
16623.0,"Cassville, PA",2022-05,6,-6,0
16623.0,"Cassville, PA",2022-06,5,-5,0
16623.0,"Cassville, PA",2022-07,4,-4,0
16623.0,"Cassville, PA",2022-08,3,-3,0
16623.0,"Cassville, PA",2022-09,2,-2,0
16623.0,"Cassville, PA",2022-10,1,-1,0
16623.0,"Cassville, PA",2022-11,0,0,1
16623.0,"Cassville, PA",2022-12,-1,1,0
16624.0,"Chest Springs, PA",2022-01,10,-10,0
16624.0,"Chest Springs, PA",2022-02,9,-9,0
16624.0,"Chest Springs, PA",2022-03,8,-8,0
16624.0,"Chest Springs, PA",2022-04,7,-7,0
16624.0,"Chest Springs, PA",2022-05,6,-6,0
16624.0,"Chest Springs, PA",2022-06,5,-5,0
16624.0,"Chest Springs, PA",2022-07,4,-4,0
16624.0,"Chest Springs, PA",2022-08,3,-3,0
16624.0,"Chest Springs, PA",2022-09,2,-2,0
16624.0,"Chest Springs, PA",2022-10,1,-1,0
16624.0,"Chest Springs, PA",2022-11,0,0,1
16624.0,"Chest Springs, PA",2022-12,-1,1,0
16625.0,"Claysburg, PA",2022-01,10,-10,0
16625.0,"Claysburg, PA",2022-02,9,-9,0
16625.0,"Claysburg, PA",2022-03,8,-8,0
16625.0,"Claysburg, PA",2022-04,7,-7,0
16625.0,"Claysburg, PA",2022-05,6,-6,0
16625.0,"Claysburg, PA",2022-06,5,-5,0
16625.0,"Claysburg, PA",2022-07,4,-4,0
16625.0,"Claysburg, PA",2022-08,3,-3,0
16625.0,"Claysburg, PA",2022-09,2,-2,0
16625.0,"Claysburg, PA",2022-10,1,-1,0
16625.0,"Claysburg, PA",2022-11,0,0,1
16625.0,"Claysburg, PA",2022-12,-1,1,0
16627.0,"Coalport, PA",2022-01,10,-10,0
16627.0,"Coalport, PA",2022-02,9,-9,0
16627.0,"Coalport, PA",2022-03,8,-8,0
16627.0,"Coalport, PA",2022-04,7,-7,0
16627.0,"Coalport, PA",2022-05,6,-6,0
16627.0,"Coalport, PA",2022-06,5,-5,0
16627.0,"Coalport, PA",2022-07,4,-4,0
16627.0,"Coalport, PA",2022-08,3,-3,0
16627.0,"Coalport, PA",2022-09,2,-2,0
16627.0,"Coalport, PA",2022-10,1,-1,0
16627.0,"Coalport, PA",2022-11,0,0,1
16627.0,"Coalport, PA",2022-12,-1,1,0
16630.0,"Cresson, PA",2022-01,10,-10,0
16630.0,"Cresson, PA",2022-02,9,-9,0
16630.0,"Cresson, PA",2022-03,8,-8,0
16630.0,"Cresson, PA",2022-04,7,-7,0
16630.0,"Cresson, PA",2022-05,6,-6,0
16630.0,"Cresson, PA",2022-06,5,-5,0
16630.0,"Cresson, PA",2022-07,4,-4,0
16630.0,"Cresson, PA",2022-08,3,-3,0
16630.0,"Cresson, PA",2022-09,2,-2,0
16630.0,"Cresson, PA",2022-10,1,-1,0
16630.0,"Cresson, PA",2022-11,0,0,1
16630.0,"Cresson, PA",2022-12,-1,1,0
16631.0,"Curryville, PA",2022-01,10,-10,0
16631.0,"Curryville, PA",2022-02,9,-9,0
16631.0,"Curryville, PA",2022-03,8,-8,0
16631.0,"Curryville, PA",2022-04,7,-7,0
16631.0,"Curryville, PA",2022-05,6,-6,0
16631.0,"Curryville, PA",2022-06,5,-5,0
16631.0,"Curryville, PA",2022-07,4,-4,0
16631.0,"Curryville, PA",2022-08,3,-3,0
16631.0,"Curryville, PA",2022-09,2,-2,0
16631.0,"Curryville, PA",2022-10,1,-1,0
16631.0,"Curryville, PA",2022-11,0,0,1
16631.0,"Curryville, PA",2022-12,-1,1,0
16633.0,"Defiance, PA",2022-01,10,-10,0
16633.0,"Defiance, PA",2022-02,9,-9,0
16633.0,"Defiance, PA",2022-03,8,-8,0
16633.0,"Defiance, PA",2022-04,7,-7,0
16633.0,"Defiance, PA",2022-05,6,-6,0
16633.0,"Defiance, PA",2022-06,5,-5,0
16633.0,"Defiance, PA",2022-07,4,-4,0
16633.0,"Defiance, PA",2022-08,3,-3,0
16633.0,"Defiance, PA",2022-09,2,-2,0
16633.0,"Defiance, PA",2022-10,1,-1,0
16633.0,"Defiance, PA",2022-11,0,0,1
16633.0,"Defiance, PA",2022-12,-1,1,0
16634.0,"Dudley, PA",2022-01,10,-10,0
16634.0,"Dudley, PA",2022-02,9,-9,0
16634.0,"Dudley, PA",2022-03,8,-8,0
16634.0,"Dudley, PA",2022-04,7,-7,0
16634.0,"Dudley, PA",2022-05,6,-6,0
16634.0,"Dudley, PA",2022-06,5,-5,0
16634.0,"Dudley, PA",2022-07,4,-4,0
16634.0,"Dudley, PA",2022-08,3,-3,0
16634.0,"Dudley, PA",2022-09,2,-2,0
16634.0,"Dudley, PA",2022-10,1,-1,0
16634.0,"Dudley, PA",2022-11,0,0,1
16634.0,"Dudley, PA",2022-12,-1,1,0
16635.0,"Duncansville, PA",2022-01,10,-10,0
16635.0,"Duncansville, PA",2022-02,9,-9,0
16635.0,"Duncansville, PA",2022-03,8,-8,0
16635.0,"Duncansville, PA",2022-04,7,-7,0
16635.0,"Duncansville, PA",2022-05,6,-6,0
16635.0,"Duncansville, PA",2022-06,5,-5,0
16635.0,"Duncansville, PA",2022-07,4,-4,0
16635.0,"Duncansville, PA",2022-08,3,-3,0
16635.0,"Duncansville, PA",2022-09,2,-2,0
16635.0,"Duncansville, PA",2022-10,1,-1,0
16635.0,"Duncansville, PA",2022-11,0,0,1
16635.0,"Duncansville, PA",2022-12,-1,1,0
16636.0,"Dysart, PA",2022-01,10,-10,0
16636.0,"Dysart, PA",2022-02,9,-9,0
16636.0,"Dysart, PA",2022-03,8,-8,0
16636.0,"Dysart, PA",2022-04,7,-7,0
16636.0,"Dysart, PA",2022-05,6,-6,0
16636.0,"Dysart, PA",2022-06,5,-5,0
16636.0,"Dysart, PA",2022-07,4,-4,0
16636.0,"Dysart, PA",2022-08,3,-3,0
16636.0,"Dysart, PA",2022-09,2,-2,0
16636.0,"Dysart, PA",2022-10,1,-1,0
16636.0,"Dysart, PA",2022-11,0,0,1
16636.0,"Dysart, PA",2022-12,-1,1,0
16637.0,"East Freedom, PA",2022-01,10,-10,0
16637.0,"East Freedom, PA",2022-02,9,-9,0
16637.0,"East Freedom, PA",2022-03,8,-8,0
16637.0,"East Freedom, PA",2022-04,7,-7,0
16637.0,"East Freedom, PA",2022-05,6,-6,0
16637.0,"East Freedom, PA",2022-06,5,-5,0
16637.0,"East Freedom, PA",2022-07,4,-4,0
16637.0,"East Freedom, PA",2022-08,3,-3,0
16637.0,"East Freedom, PA",2022-09,2,-2,0
16637.0,"East Freedom, PA",2022-10,1,-1,0
16637.0,"East Freedom, PA",2022-11,0,0,1
16637.0,"East Freedom, PA",2022-12,-1,1,0
16638.0,"Entriken, PA",2022-01,10,-10,0
16638.0,"Entriken, PA",2022-02,9,-9,0
16638.0,"Entriken, PA",2022-03,8,-8,0
16638.0,"Entriken, PA",2022-04,7,-7,0
16638.0,"Entriken, PA",2022-05,6,-6,0
16638.0,"Entriken, PA",2022-06,5,-5,0
16638.0,"Entriken, PA",2022-07,4,-4,0
16638.0,"Entriken, PA",2022-08,3,-3,0
16638.0,"Entriken, PA",2022-09,2,-2,0
16638.0,"Entriken, PA",2022-10,1,-1,0
16638.0,"Entriken, PA",2022-11,0,0,1
16638.0,"Entriken, PA",2022-12,-1,1,0
16639.0,"Fallentimber, PA",2022-01,10,-10,0
16639.0,"Fallentimber, PA",2022-02,9,-9,0
16639.0,"Fallentimber, PA",2022-03,8,-8,0
16639.0,"Fallentimber, PA",2022-04,7,-7,0
16639.0,"Fallentimber, PA",2022-05,6,-6,0
16639.0,"Fallentimber, PA",2022-06,5,-5,0
16639.0,"Fallentimber, PA",2022-07,4,-4,0
16639.0,"Fallentimber, PA",2022-08,3,-3,0
16639.0,"Fallentimber, PA",2022-09,2,-2,0
16639.0,"Fallentimber, PA",2022-10,1,-1,0
16639.0,"Fallentimber, PA",2022-11,0,0,1
16639.0,"Fallentimber, PA",2022-12,-1,1,0
16640.0,"Flinton, PA",2022-01,10,-10,0
16640.0,"Flinton, PA",2022-02,9,-9,0
16640.0,"Flinton, PA",2022-03,8,-8,0
16640.0,"Flinton, PA",2022-04,7,-7,0
16640.0,"Flinton, PA",2022-05,6,-6,0
16640.0,"Flinton, PA",2022-06,5,-5,0
16640.0,"Flinton, PA",2022-07,4,-4,0
16640.0,"Flinton, PA",2022-08,3,-3,0
16640.0,"Flinton, PA",2022-09,2,-2,0
16640.0,"Flinton, PA",2022-10,1,-1,0
16640.0,"Flinton, PA",2022-11,0,0,1
16640.0,"Flinton, PA",2022-12,-1,1,0
16641.0,"Gallitzin, PA",2022-01,10,-10,0
16641.0,"Gallitzin, PA",2022-02,9,-9,0
16641.0,"Gallitzin, PA",2022-03,8,-8,0
16641.0,"Gallitzin, PA",2022-04,7,-7,0
16641.0,"Gallitzin, PA",2022-05,6,-6,0
16641.0,"Gallitzin, PA",2022-06,5,-5,0
16641.0,"Gallitzin, PA",2022-07,4,-4,0
16641.0,"Gallitzin, PA",2022-08,3,-3,0
16641.0,"Gallitzin, PA",2022-09,2,-2,0
16641.0,"Gallitzin, PA",2022-10,1,-1,0
16641.0,"Gallitzin, PA",2022-11,0,0,1
16641.0,"Gallitzin, PA",2022-12,-1,1,0
16645.0,"Glen Hope, PA",2022-01,10,-10,0
16645.0,"Glen Hope, PA",2022-02,9,-9,0
16645.0,"Glen Hope, PA",2022-03,8,-8,0
16645.0,"Glen Hope, PA",2022-04,7,-7,0
16645.0,"Glen Hope, PA",2022-05,6,-6,0
16645.0,"Glen Hope, PA",2022-06,5,-5,0
16645.0,"Glen Hope, PA",2022-07,4,-4,0
16645.0,"Glen Hope, PA",2022-08,3,-3,0
16645.0,"Glen Hope, PA",2022-09,2,-2,0
16645.0,"Glen Hope, PA",2022-10,1,-1,0
16645.0,"Glen Hope, PA",2022-11,0,0,1
16645.0,"Glen Hope, PA",2022-12,-1,1,0
16646.0,"Hastings, PA",2022-01,10,-10,0
16646.0,"Hastings, PA",2022-02,9,-9,0
16646.0,"Hastings, PA",2022-03,8,-8,0
16646.0,"Hastings, PA",2022-04,7,-7,0
16646.0,"Hastings, PA",2022-05,6,-6,0
16646.0,"Hastings, PA",2022-06,5,-5,0
16646.0,"Hastings, PA",2022-07,4,-4,0
16646.0,"Hastings, PA",2022-08,3,-3,0
16646.0,"Hastings, PA",2022-09,2,-2,0
16646.0,"Hastings, PA",2022-10,1,-1,0
16646.0,"Hastings, PA",2022-11,0,0,1
16646.0,"Hastings, PA",2022-12,-1,1,0
16647.0,"Hesston, PA",2022-01,10,-10,0
16647.0,"Hesston, PA",2022-02,9,-9,0
16647.0,"Hesston, PA",2022-03,8,-8,0
16647.0,"Hesston, PA",2022-04,7,-7,0
16647.0,"Hesston, PA",2022-05,6,-6,0
16647.0,"Hesston, PA",2022-06,5,-5,0
16647.0,"Hesston, PA",2022-07,4,-4,0
16647.0,"Hesston, PA",2022-08,3,-3,0
16647.0,"Hesston, PA",2022-09,2,-2,0
16647.0,"Hesston, PA",2022-10,1,-1,0
16647.0,"Hesston, PA",2022-11,0,0,1
16647.0,"Hesston, PA",2022-12,-1,1,0
16648.0,"Hollidaysburg, PA",2022-01,10,-10,0
16648.0,"Hollidaysburg, PA",2022-02,9,-9,0
16648.0,"Hollidaysburg, PA",2022-03,8,-8,0
16648.0,"Hollidaysburg, PA",2022-04,7,-7,0
16648.0,"Hollidaysburg, PA",2022-05,6,-6,0
16648.0,"Hollidaysburg, PA",2022-06,5,-5,0
16648.0,"Hollidaysburg, PA",2022-07,4,-4,0
16648.0,"Hollidaysburg, PA",2022-08,3,-3,0
16648.0,"Hollidaysburg, PA",2022-09,2,-2,0
16648.0,"Hollidaysburg, PA",2022-10,1,-1,0
16648.0,"Hollidaysburg, PA",2022-11,0,0,1
16648.0,"Hollidaysburg, PA",2022-12,-1,1,0
16650.0,"Hopewell, PA",2022-01,10,-10,0
16650.0,"Hopewell, PA",2022-02,9,-9,0
16650.0,"Hopewell, PA",2022-03,8,-8,0
16650.0,"Hopewell, PA",2022-04,7,-7,0
16650.0,"Hopewell, PA",2022-05,6,-6,0
16650.0,"Hopewell, PA",2022-06,5,-5,0
16650.0,"Hopewell, PA",2022-07,4,-4,0
16650.0,"Hopewell, PA",2022-08,3,-3,0
16650.0,"Hopewell, PA",2022-09,2,-2,0
16650.0,"Hopewell, PA",2022-10,1,-1,0
16650.0,"Hopewell, PA",2022-11,0,0,1
16650.0,"Hopewell, PA",2022-12,-1,1,0
16651.0,"Houtzdale, PA",2022-01,10,-10,0
16651.0,"Houtzdale, PA",2022-02,9,-9,0
16651.0,"Houtzdale, PA",2022-03,8,-8,0
16651.0,"Houtzdale, PA",2022-04,7,-7,0
16651.0,"Houtzdale, PA",2022-05,6,-6,0
16651.0,"Houtzdale, PA",2022-06,5,-5,0
16651.0,"Houtzdale, PA",2022-07,4,-4,0
16651.0,"Houtzdale, PA",2022-08,3,-3,0
16651.0,"Houtzdale, PA",2022-09,2,-2,0
16651.0,"Houtzdale, PA",2022-10,1,-1,0
16651.0,"Houtzdale, PA",2022-11,0,0,1
16651.0,"Houtzdale, PA",2022-12,-1,1,0
16652.0,"Huntingdon, PA",2022-01,10,-10,0
16652.0,"Huntingdon, PA",2022-02,9,-9,0
16652.0,"Huntingdon, PA",2022-03,8,-8,0
16652.0,"Huntingdon, PA",2022-04,7,-7,0
16652.0,"Huntingdon, PA",2022-05,6,-6,0
16652.0,"Huntingdon, PA",2022-06,5,-5,0
16652.0,"Huntingdon, PA",2022-07,4,-4,0
16652.0,"Huntingdon, PA",2022-08,3,-3,0
16652.0,"Huntingdon, PA",2022-09,2,-2,0
16652.0,"Huntingdon, PA",2022-10,1,-1,0
16652.0,"Huntingdon, PA",2022-11,0,0,1
16652.0,"Huntingdon, PA",2022-12,-1,1,0
16654.0,"Huntingdon, PA",2022-01,10,-10,0
16654.0,"Huntingdon, PA",2022-02,9,-9,0
16654.0,"Huntingdon, PA",2022-03,8,-8,0
16654.0,"Huntingdon, PA",2022-04,7,-7,0
16654.0,"Huntingdon, PA",2022-05,6,-6,0
16654.0,"Huntingdon, PA",2022-06,5,-5,0
16654.0,"Huntingdon, PA",2022-07,4,-4,0
16654.0,"Huntingdon, PA",2022-08,3,-3,0
16654.0,"Huntingdon, PA",2022-09,2,-2,0
16654.0,"Huntingdon, PA",2022-10,1,-1,0
16654.0,"Huntingdon, PA",2022-11,0,0,1
16654.0,"Huntingdon, PA",2022-12,-1,1,0
16655.0,"Imler, PA",2022-01,10,-10,0
16655.0,"Imler, PA",2022-02,9,-9,0
16655.0,"Imler, PA",2022-03,8,-8,0
16655.0,"Imler, PA",2022-04,7,-7,0
16655.0,"Imler, PA",2022-05,6,-6,0
16655.0,"Imler, PA",2022-06,5,-5,0
16655.0,"Imler, PA",2022-07,4,-4,0
16655.0,"Imler, PA",2022-08,3,-3,0
16655.0,"Imler, PA",2022-09,2,-2,0
16655.0,"Imler, PA",2022-10,1,-1,0
16655.0,"Imler, PA",2022-11,0,0,1
16655.0,"Imler, PA",2022-12,-1,1,0
16656.0,"Irvona, PA",2022-01,10,-10,0
16656.0,"Irvona, PA",2022-02,9,-9,0
16656.0,"Irvona, PA",2022-03,8,-8,0
16656.0,"Irvona, PA",2022-04,7,-7,0
16656.0,"Irvona, PA",2022-05,6,-6,0
16656.0,"Irvona, PA",2022-06,5,-5,0
16656.0,"Irvona, PA",2022-07,4,-4,0
16656.0,"Irvona, PA",2022-08,3,-3,0
16656.0,"Irvona, PA",2022-09,2,-2,0
16656.0,"Irvona, PA",2022-10,1,-1,0
16656.0,"Irvona, PA",2022-11,0,0,1
16656.0,"Irvona, PA",2022-12,-1,1,0
16657.0,"James Creek, PA",2022-01,10,-10,0
16657.0,"James Creek, PA",2022-02,9,-9,0
16657.0,"James Creek, PA",2022-03,8,-8,0
16657.0,"James Creek, PA",2022-04,7,-7,0
16657.0,"James Creek, PA",2022-05,6,-6,0
16657.0,"James Creek, PA",2022-06,5,-5,0
16657.0,"James Creek, PA",2022-07,4,-4,0
16657.0,"James Creek, PA",2022-08,3,-3,0
16657.0,"James Creek, PA",2022-09,2,-2,0
16657.0,"James Creek, PA",2022-10,1,-1,0
16657.0,"James Creek, PA",2022-11,0,0,1
16657.0,"James Creek, PA",2022-12,-1,1,0
16659.0,"Loysburg, PA",2022-01,10,-10,0
16659.0,"Loysburg, PA",2022-02,9,-9,0
16659.0,"Loysburg, PA",2022-03,8,-8,0
16659.0,"Loysburg, PA",2022-04,7,-7,0
16659.0,"Loysburg, PA",2022-05,6,-6,0
16659.0,"Loysburg, PA",2022-06,5,-5,0
16659.0,"Loysburg, PA",2022-07,4,-4,0
16659.0,"Loysburg, PA",2022-08,3,-3,0
16659.0,"Loysburg, PA",2022-09,2,-2,0
16659.0,"Loysburg, PA",2022-10,1,-1,0
16659.0,"Loysburg, PA",2022-11,0,0,1
16659.0,"Loysburg, PA",2022-12,-1,1,0
16661.0,"Madera, PA",2022-01,10,-10,0
16661.0,"Madera, PA",2022-02,9,-9,0
16661.0,"Madera, PA",2022-03,8,-8,0
16661.0,"Madera, PA",2022-04,7,-7,0
16661.0,"Madera, PA",2022-05,6,-6,0
16661.0,"Madera, PA",2022-06,5,-5,0
16661.0,"Madera, PA",2022-07,4,-4,0
16661.0,"Madera, PA",2022-08,3,-3,0
16661.0,"Madera, PA",2022-09,2,-2,0
16661.0,"Madera, PA",2022-10,1,-1,0
16661.0,"Madera, PA",2022-11,0,0,1
16661.0,"Madera, PA",2022-12,-1,1,0
16662.0,"Martinsburg, PA",2022-01,10,-10,0
16662.0,"Martinsburg, PA",2022-02,9,-9,0
16662.0,"Martinsburg, PA",2022-03,8,-8,0
16662.0,"Martinsburg, PA",2022-04,7,-7,0
16662.0,"Martinsburg, PA",2022-05,6,-6,0
16662.0,"Martinsburg, PA",2022-06,5,-5,0
16662.0,"Martinsburg, PA",2022-07,4,-4,0
16662.0,"Martinsburg, PA",2022-08,3,-3,0
16662.0,"Martinsburg, PA",2022-09,2,-2,0
16662.0,"Martinsburg, PA",2022-10,1,-1,0
16662.0,"Martinsburg, PA",2022-11,0,0,1
16662.0,"Martinsburg, PA",2022-12,-1,1,0
16664.0,"New Enterprise, PA",2022-01,10,-10,0
16664.0,"New Enterprise, PA",2022-02,9,-9,0
16664.0,"New Enterprise, PA",2022-03,8,-8,0
16664.0,"New Enterprise, PA",2022-04,7,-7,0
16664.0,"New Enterprise, PA",2022-05,6,-6,0
16664.0,"New Enterprise, PA",2022-06,5,-5,0
16664.0,"New Enterprise, PA",2022-07,4,-4,0
16664.0,"New Enterprise, PA",2022-08,3,-3,0
16664.0,"New Enterprise, PA",2022-09,2,-2,0
16664.0,"New Enterprise, PA",2022-10,1,-1,0
16664.0,"New Enterprise, PA",2022-11,0,0,1
16664.0,"New Enterprise, PA",2022-12,-1,1,0
16665.0,"Newry, PA",2022-01,10,-10,0
16665.0,"Newry, PA",2022-02,9,-9,0
16665.0,"Newry, PA",2022-03,8,-8,0
16665.0,"Newry, PA",2022-04,7,-7,0
16665.0,"Newry, PA",2022-05,6,-6,0
16665.0,"Newry, PA",2022-06,5,-5,0
16665.0,"Newry, PA",2022-07,4,-4,0
16665.0,"Newry, PA",2022-08,3,-3,0
16665.0,"Newry, PA",2022-09,2,-2,0
16665.0,"Newry, PA",2022-10,1,-1,0
16665.0,"Newry, PA",2022-11,0,0,1
16665.0,"Newry, PA",2022-12,-1,1,0
16666.0,"Osceola Mills, PA",2022-01,10,-10,0
16666.0,"Osceola Mills, PA",2022-02,9,-9,0
16666.0,"Osceola Mills, PA",2022-03,8,-8,0
16666.0,"Osceola Mills, PA",2022-04,7,-7,0
16666.0,"Osceola Mills, PA",2022-05,6,-6,0
16666.0,"Osceola Mills, PA",2022-06,5,-5,0
16666.0,"Osceola Mills, PA",2022-07,4,-4,0
16666.0,"Osceola Mills, PA",2022-08,3,-3,0
16666.0,"Osceola Mills, PA",2022-09,2,-2,0
16666.0,"Osceola Mills, PA",2022-10,1,-1,0
16666.0,"Osceola Mills, PA",2022-11,0,0,1
16666.0,"Osceola Mills, PA",2022-12,-1,1,0
16667.0,"Osterburg, PA",2022-01,10,-10,0
16667.0,"Osterburg, PA",2022-02,9,-9,0
16667.0,"Osterburg, PA",2022-03,8,-8,0
16667.0,"Osterburg, PA",2022-04,7,-7,0
16667.0,"Osterburg, PA",2022-05,6,-6,0
16667.0,"Osterburg, PA",2022-06,5,-5,0
16667.0,"Osterburg, PA",2022-07,4,-4,0
16667.0,"Osterburg, PA",2022-08,3,-3,0
16667.0,"Osterburg, PA",2022-09,2,-2,0
16667.0,"Osterburg, PA",2022-10,1,-1,0
16667.0,"Osterburg, PA",2022-11,0,0,1
16667.0,"Osterburg, PA",2022-12,-1,1,0
16668.0,"Patton, PA",2022-01,10,-10,0
16668.0,"Patton, PA",2022-02,9,-9,0
16668.0,"Patton, PA",2022-03,8,-8,0
16668.0,"Patton, PA",2022-04,7,-7,0
16668.0,"Patton, PA",2022-05,6,-6,0
16668.0,"Patton, PA",2022-06,5,-5,0
16668.0,"Patton, PA",2022-07,4,-4,0
16668.0,"Patton, PA",2022-08,3,-3,0
16668.0,"Patton, PA",2022-09,2,-2,0
16668.0,"Patton, PA",2022-10,1,-1,0
16668.0,"Patton, PA",2022-11,0,0,1
16668.0,"Patton, PA",2022-12,-1,1,0
16669.0,"Petersburg, PA",2022-01,10,-10,0
16669.0,"Petersburg, PA",2022-02,9,-9,0
16669.0,"Petersburg, PA",2022-03,8,-8,0
16669.0,"Petersburg, PA",2022-04,7,-7,0
16669.0,"Petersburg, PA",2022-05,6,-6,0
16669.0,"Petersburg, PA",2022-06,5,-5,0
16669.0,"Petersburg, PA",2022-07,4,-4,0
16669.0,"Petersburg, PA",2022-08,3,-3,0
16669.0,"Petersburg, PA",2022-09,2,-2,0
16669.0,"Petersburg, PA",2022-10,1,-1,0
16669.0,"Petersburg, PA",2022-11,0,0,1
16669.0,"Petersburg, PA",2022-12,-1,1,0
16670.0,"Queen, PA",2022-01,10,-10,0
16670.0,"Queen, PA",2022-02,9,-9,0
16670.0,"Queen, PA",2022-03,8,-8,0
16670.0,"Queen, PA",2022-04,7,-7,0
16670.0,"Queen, PA",2022-05,6,-6,0
16670.0,"Queen, PA",2022-06,5,-5,0
16670.0,"Queen, PA",2022-07,4,-4,0
16670.0,"Queen, PA",2022-08,3,-3,0
16670.0,"Queen, PA",2022-09,2,-2,0
16670.0,"Queen, PA",2022-10,1,-1,0
16670.0,"Queen, PA",2022-11,0,0,1
16670.0,"Queen, PA",2022-12,-1,1,0
16671.0,"Ramey, PA",2022-01,10,-10,0
16671.0,"Ramey, PA",2022-02,9,-9,0
16671.0,"Ramey, PA",2022-03,8,-8,0
16671.0,"Ramey, PA",2022-04,7,-7,0
16671.0,"Ramey, PA",2022-05,6,-6,0
16671.0,"Ramey, PA",2022-06,5,-5,0
16671.0,"Ramey, PA",2022-07,4,-4,0
16671.0,"Ramey, PA",2022-08,3,-3,0
16671.0,"Ramey, PA",2022-09,2,-2,0
16671.0,"Ramey, PA",2022-10,1,-1,0
16671.0,"Ramey, PA",2022-11,0,0,1
16671.0,"Ramey, PA",2022-12,-1,1,0
16672.0,"Riddlesburg, PA",2022-01,10,-10,0
16672.0,"Riddlesburg, PA",2022-02,9,-9,0
16672.0,"Riddlesburg, PA",2022-03,8,-8,0
16672.0,"Riddlesburg, PA",2022-04,7,-7,0
16672.0,"Riddlesburg, PA",2022-05,6,-6,0
16672.0,"Riddlesburg, PA",2022-06,5,-5,0
16672.0,"Riddlesburg, PA",2022-07,4,-4,0
16672.0,"Riddlesburg, PA",2022-08,3,-3,0
16672.0,"Riddlesburg, PA",2022-09,2,-2,0
16672.0,"Riddlesburg, PA",2022-10,1,-1,0
16672.0,"Riddlesburg, PA",2022-11,0,0,1
16672.0,"Riddlesburg, PA",2022-12,-1,1,0
16673.0,"Roaring Spring, PA",2022-01,10,-10,0
16673.0,"Roaring Spring, PA",2022-02,9,-9,0
16673.0,"Roaring Spring, PA",2022-03,8,-8,0
16673.0,"Roaring Spring, PA",2022-04,7,-7,0
16673.0,"Roaring Spring, PA",2022-05,6,-6,0
16673.0,"Roaring Spring, PA",2022-06,5,-5,0
16673.0,"Roaring Spring, PA",2022-07,4,-4,0
16673.0,"Roaring Spring, PA",2022-08,3,-3,0
16673.0,"Roaring Spring, PA",2022-09,2,-2,0
16673.0,"Roaring Spring, PA",2022-10,1,-1,0
16673.0,"Roaring Spring, PA",2022-11,0,0,1
16673.0,"Roaring Spring, PA",2022-12,-1,1,0
16674.0,"Robertsdale, PA",2022-01,10,-10,0
16674.0,"Robertsdale, PA",2022-02,9,-9,0
16674.0,"Robertsdale, PA",2022-03,8,-8,0
16674.0,"Robertsdale, PA",2022-04,7,-7,0
16674.0,"Robertsdale, PA",2022-05,6,-6,0
16674.0,"Robertsdale, PA",2022-06,5,-5,0
16674.0,"Robertsdale, PA",2022-07,4,-4,0
16674.0,"Robertsdale, PA",2022-08,3,-3,0
16674.0,"Robertsdale, PA",2022-09,2,-2,0
16674.0,"Robertsdale, PA",2022-10,1,-1,0
16674.0,"Robertsdale, PA",2022-11,0,0,1
16674.0,"Robertsdale, PA",2022-12,-1,1,0
16675.0,"Saint Boniface, PA",2022-01,10,-10,0
16675.0,"Saint Boniface, PA",2022-02,9,-9,0
16675.0,"Saint Boniface, PA",2022-03,8,-8,0
16675.0,"Saint Boniface, PA",2022-04,7,-7,0
16675.0,"Saint Boniface, PA",2022-05,6,-6,0
16675.0,"Saint Boniface, PA",2022-06,5,-5,0
16675.0,"Saint Boniface, PA",2022-07,4,-4,0
16675.0,"Saint Boniface, PA",2022-08,3,-3,0
16675.0,"Saint Boniface, PA",2022-09,2,-2,0
16675.0,"Saint Boniface, PA",2022-10,1,-1,0
16675.0,"Saint Boniface, PA",2022-11,0,0,1
16675.0,"Saint Boniface, PA",2022-12,-1,1,0
16677.0,"Sandy Ridge, PA",2022-01,10,-10,0
16677.0,"Sandy Ridge, PA",2022-02,9,-9,0
16677.0,"Sandy Ridge, PA",2022-03,8,-8,0
16677.0,"Sandy Ridge, PA",2022-04,7,-7,0
16677.0,"Sandy Ridge, PA",2022-05,6,-6,0
16677.0,"Sandy Ridge, PA",2022-06,5,-5,0
16677.0,"Sandy Ridge, PA",2022-07,4,-4,0
16677.0,"Sandy Ridge, PA",2022-08,3,-3,0
16677.0,"Sandy Ridge, PA",2022-09,2,-2,0
16677.0,"Sandy Ridge, PA",2022-10,1,-1,0
16677.0,"Sandy Ridge, PA",2022-11,0,0,1
16677.0,"Sandy Ridge, PA",2022-12,-1,1,0
16678.0,"Saxton, PA",2022-01,10,-10,0
16678.0,"Saxton, PA",2022-02,9,-9,0
16678.0,"Saxton, PA",2022-03,8,-8,0
16678.0,"Saxton, PA",2022-04,7,-7,0
16678.0,"Saxton, PA",2022-05,6,-6,0
16678.0,"Saxton, PA",2022-06,5,-5,0
16678.0,"Saxton, PA",2022-07,4,-4,0
16678.0,"Saxton, PA",2022-08,3,-3,0
16678.0,"Saxton, PA",2022-09,2,-2,0
16678.0,"Saxton, PA",2022-10,1,-1,0
16678.0,"Saxton, PA",2022-11,0,0,1
16678.0,"Saxton, PA",2022-12,-1,1,0
16679.0,"Six Mile Run, PA",2022-01,10,-10,0
16679.0,"Six Mile Run, PA",2022-02,9,-9,0
16679.0,"Six Mile Run, PA",2022-03,8,-8,0
16679.0,"Six Mile Run, PA",2022-04,7,-7,0
16679.0,"Six Mile Run, PA",2022-05,6,-6,0
16679.0,"Six Mile Run, PA",2022-06,5,-5,0
16679.0,"Six Mile Run, PA",2022-07,4,-4,0
16679.0,"Six Mile Run, PA",2022-08,3,-3,0
16679.0,"Six Mile Run, PA",2022-09,2,-2,0
16679.0,"Six Mile Run, PA",2022-10,1,-1,0
16679.0,"Six Mile Run, PA",2022-11,0,0,1
16679.0,"Six Mile Run, PA",2022-12,-1,1,0
16680.0,"Smithmill, PA",2022-01,10,-10,0
16680.0,"Smithmill, PA",2022-02,9,-9,0
16680.0,"Smithmill, PA",2022-03,8,-8,0
16680.0,"Smithmill, PA",2022-04,7,-7,0
16680.0,"Smithmill, PA",2022-05,6,-6,0
16680.0,"Smithmill, PA",2022-06,5,-5,0
16680.0,"Smithmill, PA",2022-07,4,-4,0
16680.0,"Smithmill, PA",2022-08,3,-3,0
16680.0,"Smithmill, PA",2022-09,2,-2,0
16680.0,"Smithmill, PA",2022-10,1,-1,0
16680.0,"Smithmill, PA",2022-11,0,0,1
16680.0,"Smithmill, PA",2022-12,-1,1,0
16682.0,"Sproul, PA",2022-01,10,-10,0
16682.0,"Sproul, PA",2022-02,9,-9,0
16682.0,"Sproul, PA",2022-03,8,-8,0
16682.0,"Sproul, PA",2022-04,7,-7,0
16682.0,"Sproul, PA",2022-05,6,-6,0
16682.0,"Sproul, PA",2022-06,5,-5,0
16682.0,"Sproul, PA",2022-07,4,-4,0
16682.0,"Sproul, PA",2022-08,3,-3,0
16682.0,"Sproul, PA",2022-09,2,-2,0
16682.0,"Sproul, PA",2022-10,1,-1,0
16682.0,"Sproul, PA",2022-11,0,0,1
16682.0,"Sproul, PA",2022-12,-1,1,0
16683.0,"Spruce Creek, PA",2022-01,10,-10,0
16683.0,"Spruce Creek, PA",2022-02,9,-9,0
16683.0,"Spruce Creek, PA",2022-03,8,-8,0
16683.0,"Spruce Creek, PA",2022-04,7,-7,0
16683.0,"Spruce Creek, PA",2022-05,6,-6,0
16683.0,"Spruce Creek, PA",2022-06,5,-5,0
16683.0,"Spruce Creek, PA",2022-07,4,-4,0
16683.0,"Spruce Creek, PA",2022-08,3,-3,0
16683.0,"Spruce Creek, PA",2022-09,2,-2,0
16683.0,"Spruce Creek, PA",2022-10,1,-1,0
16683.0,"Spruce Creek, PA",2022-11,0,0,1
16683.0,"Spruce Creek, PA",2022-12,-1,1,0
16684.0,"Tipton, PA",2022-01,10,-10,0
16684.0,"Tipton, PA",2022-02,9,-9,0
16684.0,"Tipton, PA",2022-03,8,-8,0
16684.0,"Tipton, PA",2022-04,7,-7,0
16684.0,"Tipton, PA",2022-05,6,-6,0
16684.0,"Tipton, PA",2022-06,5,-5,0
16684.0,"Tipton, PA",2022-07,4,-4,0
16684.0,"Tipton, PA",2022-08,3,-3,0
16684.0,"Tipton, PA",2022-09,2,-2,0
16684.0,"Tipton, PA",2022-10,1,-1,0
16684.0,"Tipton, PA",2022-11,0,0,1
16684.0,"Tipton, PA",2022-12,-1,1,0
16685.0,"Todd, PA",2022-01,10,-10,0
16685.0,"Todd, PA",2022-02,9,-9,0
16685.0,"Todd, PA",2022-03,8,-8,0
16685.0,"Todd, PA",2022-04,7,-7,0
16685.0,"Todd, PA",2022-05,6,-6,0
16685.0,"Todd, PA",2022-06,5,-5,0
16685.0,"Todd, PA",2022-07,4,-4,0
16685.0,"Todd, PA",2022-08,3,-3,0
16685.0,"Todd, PA",2022-09,2,-2,0
16685.0,"Todd, PA",2022-10,1,-1,0
16685.0,"Todd, PA",2022-11,0,0,1
16685.0,"Todd, PA",2022-12,-1,1,0
16686.0,"Tyrone, PA",2022-01,10,-10,0
16686.0,"Tyrone, PA",2022-02,9,-9,0
16686.0,"Tyrone, PA",2022-03,8,-8,0
16686.0,"Tyrone, PA",2022-04,7,-7,0
16686.0,"Tyrone, PA",2022-05,6,-6,0
16686.0,"Tyrone, PA",2022-06,5,-5,0
16686.0,"Tyrone, PA",2022-07,4,-4,0
16686.0,"Tyrone, PA",2022-08,3,-3,0
16686.0,"Tyrone, PA",2022-09,2,-2,0
16686.0,"Tyrone, PA",2022-10,1,-1,0
16686.0,"Tyrone, PA",2022-11,0,0,1
16686.0,"Tyrone, PA",2022-12,-1,1,0
16689.0,"Waterfall, PA",2022-01,10,-10,0
16689.0,"Waterfall, PA",2022-02,9,-9,0
16689.0,"Waterfall, PA",2022-03,8,-8,0
16689.0,"Waterfall, PA",2022-04,7,-7,0
16689.0,"Waterfall, PA",2022-05,6,-6,0
16689.0,"Waterfall, PA",2022-06,5,-5,0
16689.0,"Waterfall, PA",2022-07,4,-4,0
16689.0,"Waterfall, PA",2022-08,3,-3,0
16689.0,"Waterfall, PA",2022-09,2,-2,0
16689.0,"Waterfall, PA",2022-10,1,-1,0
16689.0,"Waterfall, PA",2022-11,0,0,1
16689.0,"Waterfall, PA",2022-12,-1,1,0
16691.0,"Wells Tannery, PA",2022-01,10,-10,0
16691.0,"Wells Tannery, PA",2022-02,9,-9,0
16691.0,"Wells Tannery, PA",2022-03,8,-8,0
16691.0,"Wells Tannery, PA",2022-04,7,-7,0
16691.0,"Wells Tannery, PA",2022-05,6,-6,0
16691.0,"Wells Tannery, PA",2022-06,5,-5,0
16691.0,"Wells Tannery, PA",2022-07,4,-4,0
16691.0,"Wells Tannery, PA",2022-08,3,-3,0
16691.0,"Wells Tannery, PA",2022-09,2,-2,0
16691.0,"Wells Tannery, PA",2022-10,1,-1,0
16691.0,"Wells Tannery, PA",2022-11,0,0,1
16691.0,"Wells Tannery, PA",2022-12,-1,1,0
16692.0,"Westover, PA",2022-01,10,-10,0
16692.0,"Westover, PA",2022-02,9,-9,0
16692.0,"Westover, PA",2022-03,8,-8,0
16692.0,"Westover, PA",2022-04,7,-7,0
16692.0,"Westover, PA",2022-05,6,-6,0
16692.0,"Westover, PA",2022-06,5,-5,0
16692.0,"Westover, PA",2022-07,4,-4,0
16692.0,"Westover, PA",2022-08,3,-3,0
16692.0,"Westover, PA",2022-09,2,-2,0
16692.0,"Westover, PA",2022-10,1,-1,0
16692.0,"Westover, PA",2022-11,0,0,1
16692.0,"Westover, PA",2022-12,-1,1,0
16693.0,"Williamsburg, PA",2022-01,10,-10,0
16693.0,"Williamsburg, PA",2022-02,9,-9,0
16693.0,"Williamsburg, PA",2022-03,8,-8,0
16693.0,"Williamsburg, PA",2022-04,7,-7,0
16693.0,"Williamsburg, PA",2022-05,6,-6,0
16693.0,"Williamsburg, PA",2022-06,5,-5,0
16693.0,"Williamsburg, PA",2022-07,4,-4,0
16693.0,"Williamsburg, PA",2022-08,3,-3,0
16693.0,"Williamsburg, PA",2022-09,2,-2,0
16693.0,"Williamsburg, PA",2022-10,1,-1,0
16693.0,"Williamsburg, PA",2022-11,0,0,1
16693.0,"Williamsburg, PA",2022-12,-1,1,0
16694.0,"Wood, PA",2022-01,10,-10,0
16694.0,"Wood, PA",2022-02,9,-9,0
16694.0,"Wood, PA",2022-03,8,-8,0
16694.0,"Wood, PA",2022-04,7,-7,0
16694.0,"Wood, PA",2022-05,6,-6,0
16694.0,"Wood, PA",2022-06,5,-5,0
16694.0,"Wood, PA",2022-07,4,-4,0
16694.0,"Wood, PA",2022-08,3,-3,0
16694.0,"Wood, PA",2022-09,2,-2,0
16694.0,"Wood, PA",2022-10,1,-1,0
16694.0,"Wood, PA",2022-11,0,0,1
16694.0,"Wood, PA",2022-12,-1,1,0
16695.0,"Woodbury, PA",2022-01,10,-10,0
16695.0,"Woodbury, PA",2022-02,9,-9,0
16695.0,"Woodbury, PA",2022-03,8,-8,0
16695.0,"Woodbury, PA",2022-04,7,-7,0
16695.0,"Woodbury, PA",2022-05,6,-6,0
16695.0,"Woodbury, PA",2022-06,5,-5,0
16695.0,"Woodbury, PA",2022-07,4,-4,0
16695.0,"Woodbury, PA",2022-08,3,-3,0
16695.0,"Woodbury, PA",2022-09,2,-2,0
16695.0,"Woodbury, PA",2022-10,1,-1,0
16695.0,"Woodbury, PA",2022-11,0,0,1
16695.0,"Woodbury, PA",2022-12,-1,1,0
16699.0,"Cresson, PA",2022-01,10,-10,0
16699.0,"Cresson, PA",2022-02,9,-9,0
16699.0,"Cresson, PA",2022-03,8,-8,0
16699.0,"Cresson, PA",2022-04,7,-7,0
16699.0,"Cresson, PA",2022-05,6,-6,0
16699.0,"Cresson, PA",2022-06,5,-5,0
16699.0,"Cresson, PA",2022-07,4,-4,0
16699.0,"Cresson, PA",2022-08,3,-3,0
16699.0,"Cresson, PA",2022-09,2,-2,0
16699.0,"Cresson, PA",2022-10,1,-1,0
16699.0,"Cresson, PA",2022-11,0,0,1
16699.0,"Cresson, PA",2022-12,-1,1,0
16701.0,"Bradford, PA",2022-01,10,-10,0
16701.0,"Bradford, PA",2022-02,9,-9,0
16701.0,"Bradford, PA",2022-03,8,-8,0
16701.0,"Bradford, PA",2022-04,7,-7,0
16701.0,"Bradford, PA",2022-05,6,-6,0
16701.0,"Bradford, PA",2022-06,5,-5,0
16701.0,"Bradford, PA",2022-07,4,-4,0
16701.0,"Bradford, PA",2022-08,3,-3,0
16701.0,"Bradford, PA",2022-09,2,-2,0
16701.0,"Bradford, PA",2022-10,1,-1,0
16701.0,"Bradford, PA",2022-11,0,0,1
16701.0,"Bradford, PA",2022-12,-1,1,0
16720.0,"Austin, PA",2022-01,10,-10,0
16720.0,"Austin, PA",2022-02,9,-9,0
16720.0,"Austin, PA",2022-03,8,-8,0
16720.0,"Austin, PA",2022-04,7,-7,0
16720.0,"Austin, PA",2022-05,6,-6,0
16720.0,"Austin, PA",2022-06,5,-5,0
16720.0,"Austin, PA",2022-07,4,-4,0
16720.0,"Austin, PA",2022-08,3,-3,0
16720.0,"Austin, PA",2022-09,2,-2,0
16720.0,"Austin, PA",2022-10,1,-1,0
16720.0,"Austin, PA",2022-11,0,0,1
16720.0,"Austin, PA",2022-12,-1,1,0
16724.0,"Crosby, PA",2022-01,10,-10,0
16724.0,"Crosby, PA",2022-02,9,-9,0
16724.0,"Crosby, PA",2022-03,8,-8,0
16724.0,"Crosby, PA",2022-04,7,-7,0
16724.0,"Crosby, PA",2022-05,6,-6,0
16724.0,"Crosby, PA",2022-06,5,-5,0
16724.0,"Crosby, PA",2022-07,4,-4,0
16724.0,"Crosby, PA",2022-08,3,-3,0
16724.0,"Crosby, PA",2022-09,2,-2,0
16724.0,"Crosby, PA",2022-10,1,-1,0
16724.0,"Crosby, PA",2022-11,0,0,1
16724.0,"Crosby, PA",2022-12,-1,1,0
16725.0,"Custer City, PA",2022-01,10,-10,0
16725.0,"Custer City, PA",2022-02,9,-9,0
16725.0,"Custer City, PA",2022-03,8,-8,0
16725.0,"Custer City, PA",2022-04,7,-7,0
16725.0,"Custer City, PA",2022-05,6,-6,0
16725.0,"Custer City, PA",2022-06,5,-5,0
16725.0,"Custer City, PA",2022-07,4,-4,0
16725.0,"Custer City, PA",2022-08,3,-3,0
16725.0,"Custer City, PA",2022-09,2,-2,0
16725.0,"Custer City, PA",2022-10,1,-1,0
16725.0,"Custer City, PA",2022-11,0,0,1
16725.0,"Custer City, PA",2022-12,-1,1,0
16726.0,"Cyclone, PA",2022-01,10,-10,0
16726.0,"Cyclone, PA",2022-02,9,-9,0
16726.0,"Cyclone, PA",2022-03,8,-8,0
16726.0,"Cyclone, PA",2022-04,7,-7,0
16726.0,"Cyclone, PA",2022-05,6,-6,0
16726.0,"Cyclone, PA",2022-06,5,-5,0
16726.0,"Cyclone, PA",2022-07,4,-4,0
16726.0,"Cyclone, PA",2022-08,3,-3,0
16726.0,"Cyclone, PA",2022-09,2,-2,0
16726.0,"Cyclone, PA",2022-10,1,-1,0
16726.0,"Cyclone, PA",2022-11,0,0,1
16726.0,"Cyclone, PA",2022-12,-1,1,0
16727.0,"Derrick City, PA",2022-01,10,-10,0
16727.0,"Derrick City, PA",2022-02,9,-9,0
16727.0,"Derrick City, PA",2022-03,8,-8,0
16727.0,"Derrick City, PA",2022-04,7,-7,0
16727.0,"Derrick City, PA",2022-05,6,-6,0
16727.0,"Derrick City, PA",2022-06,5,-5,0
16727.0,"Derrick City, PA",2022-07,4,-4,0
16727.0,"Derrick City, PA",2022-08,3,-3,0
16727.0,"Derrick City, PA",2022-09,2,-2,0
16727.0,"Derrick City, PA",2022-10,1,-1,0
16727.0,"Derrick City, PA",2022-11,0,0,1
16727.0,"Derrick City, PA",2022-12,-1,1,0
16729.0,"Duke Center, PA",2022-01,10,-10,0
16729.0,"Duke Center, PA",2022-02,9,-9,0
16729.0,"Duke Center, PA",2022-03,8,-8,0
16729.0,"Duke Center, PA",2022-04,7,-7,0
16729.0,"Duke Center, PA",2022-05,6,-6,0
16729.0,"Duke Center, PA",2022-06,5,-5,0
16729.0,"Duke Center, PA",2022-07,4,-4,0
16729.0,"Duke Center, PA",2022-08,3,-3,0
16729.0,"Duke Center, PA",2022-09,2,-2,0
16729.0,"Duke Center, PA",2022-10,1,-1,0
16729.0,"Duke Center, PA",2022-11,0,0,1
16729.0,"Duke Center, PA",2022-12,-1,1,0
16730.0,"East Smethport, PA",2022-01,10,-10,0
16730.0,"East Smethport, PA",2022-02,9,-9,0
16730.0,"East Smethport, PA",2022-03,8,-8,0
16730.0,"East Smethport, PA",2022-04,7,-7,0
16730.0,"East Smethport, PA",2022-05,6,-6,0
16730.0,"East Smethport, PA",2022-06,5,-5,0
16730.0,"East Smethport, PA",2022-07,4,-4,0
16730.0,"East Smethport, PA",2022-08,3,-3,0
16730.0,"East Smethport, PA",2022-09,2,-2,0
16730.0,"East Smethport, PA",2022-10,1,-1,0
16730.0,"East Smethport, PA",2022-11,0,0,1
16730.0,"East Smethport, PA",2022-12,-1,1,0
16731.0,"Eldred, PA",2022-01,10,-10,0
16731.0,"Eldred, PA",2022-02,9,-9,0
16731.0,"Eldred, PA",2022-03,8,-8,0
16731.0,"Eldred, PA",2022-04,7,-7,0
16731.0,"Eldred, PA",2022-05,6,-6,0
16731.0,"Eldred, PA",2022-06,5,-5,0
16731.0,"Eldred, PA",2022-07,4,-4,0
16731.0,"Eldred, PA",2022-08,3,-3,0
16731.0,"Eldred, PA",2022-09,2,-2,0
16731.0,"Eldred, PA",2022-10,1,-1,0
16731.0,"Eldred, PA",2022-11,0,0,1
16731.0,"Eldred, PA",2022-12,-1,1,0
16732.0,"Gifford, PA",2022-01,10,-10,0
16732.0,"Gifford, PA",2022-02,9,-9,0
16732.0,"Gifford, PA",2022-03,8,-8,0
16732.0,"Gifford, PA",2022-04,7,-7,0
16732.0,"Gifford, PA",2022-05,6,-6,0
16732.0,"Gifford, PA",2022-06,5,-5,0
16732.0,"Gifford, PA",2022-07,4,-4,0
16732.0,"Gifford, PA",2022-08,3,-3,0
16732.0,"Gifford, PA",2022-09,2,-2,0
16732.0,"Gifford, PA",2022-10,1,-1,0
16732.0,"Gifford, PA",2022-11,0,0,1
16732.0,"Gifford, PA",2022-12,-1,1,0
16733.0,"Hazel Hurst, PA",2022-01,10,-10,0
16733.0,"Hazel Hurst, PA",2022-02,9,-9,0
16733.0,"Hazel Hurst, PA",2022-03,8,-8,0
16733.0,"Hazel Hurst, PA",2022-04,7,-7,0
16733.0,"Hazel Hurst, PA",2022-05,6,-6,0
16733.0,"Hazel Hurst, PA",2022-06,5,-5,0
16733.0,"Hazel Hurst, PA",2022-07,4,-4,0
16733.0,"Hazel Hurst, PA",2022-08,3,-3,0
16733.0,"Hazel Hurst, PA",2022-09,2,-2,0
16733.0,"Hazel Hurst, PA",2022-10,1,-1,0
16733.0,"Hazel Hurst, PA",2022-11,0,0,1
16733.0,"Hazel Hurst, PA",2022-12,-1,1,0
16734.0,"James City, PA",2022-01,10,-10,0
16734.0,"James City, PA",2022-02,9,-9,0
16734.0,"James City, PA",2022-03,8,-8,0
16734.0,"James City, PA",2022-04,7,-7,0
16734.0,"James City, PA",2022-05,6,-6,0
16734.0,"James City, PA",2022-06,5,-5,0
16734.0,"James City, PA",2022-07,4,-4,0
16734.0,"James City, PA",2022-08,3,-3,0
16734.0,"James City, PA",2022-09,2,-2,0
16734.0,"James City, PA",2022-10,1,-1,0
16734.0,"James City, PA",2022-11,0,0,1
16734.0,"James City, PA",2022-12,-1,1,0
16735.0,"Kane, PA",2022-01,10,-10,0
16735.0,"Kane, PA",2022-02,9,-9,0
16735.0,"Kane, PA",2022-03,8,-8,0
16735.0,"Kane, PA",2022-04,7,-7,0
16735.0,"Kane, PA",2022-05,6,-6,0
16735.0,"Kane, PA",2022-06,5,-5,0
16735.0,"Kane, PA",2022-07,4,-4,0
16735.0,"Kane, PA",2022-08,3,-3,0
16735.0,"Kane, PA",2022-09,2,-2,0
16735.0,"Kane, PA",2022-10,1,-1,0
16735.0,"Kane, PA",2022-11,0,0,1
16735.0,"Kane, PA",2022-12,-1,1,0
16738.0,"Lewis Run, PA",2022-01,10,-10,0
16738.0,"Lewis Run, PA",2022-02,9,-9,0
16738.0,"Lewis Run, PA",2022-03,8,-8,0
16738.0,"Lewis Run, PA",2022-04,7,-7,0
16738.0,"Lewis Run, PA",2022-05,6,-6,0
16738.0,"Lewis Run, PA",2022-06,5,-5,0
16738.0,"Lewis Run, PA",2022-07,4,-4,0
16738.0,"Lewis Run, PA",2022-08,3,-3,0
16738.0,"Lewis Run, PA",2022-09,2,-2,0
16738.0,"Lewis Run, PA",2022-10,1,-1,0
16738.0,"Lewis Run, PA",2022-11,0,0,1
16738.0,"Lewis Run, PA",2022-12,-1,1,0
16740.0,"Mount Jewett, PA",2022-01,10,-10,0
16740.0,"Mount Jewett, PA",2022-02,9,-9,0
16740.0,"Mount Jewett, PA",2022-03,8,-8,0
16740.0,"Mount Jewett, PA",2022-04,7,-7,0
16740.0,"Mount Jewett, PA",2022-05,6,-6,0
16740.0,"Mount Jewett, PA",2022-06,5,-5,0
16740.0,"Mount Jewett, PA",2022-07,4,-4,0
16740.0,"Mount Jewett, PA",2022-08,3,-3,0
16740.0,"Mount Jewett, PA",2022-09,2,-2,0
16740.0,"Mount Jewett, PA",2022-10,1,-1,0
16740.0,"Mount Jewett, PA",2022-11,0,0,1
16740.0,"Mount Jewett, PA",2022-12,-1,1,0
16743.0,"Port Allegany, PA",2022-01,10,-10,0
16743.0,"Port Allegany, PA",2022-02,9,-9,0
16743.0,"Port Allegany, PA",2022-03,8,-8,0
16743.0,"Port Allegany, PA",2022-04,7,-7,0
16743.0,"Port Allegany, PA",2022-05,6,-6,0
16743.0,"Port Allegany, PA",2022-06,5,-5,0
16743.0,"Port Allegany, PA",2022-07,4,-4,0
16743.0,"Port Allegany, PA",2022-08,3,-3,0
16743.0,"Port Allegany, PA",2022-09,2,-2,0
16743.0,"Port Allegany, PA",2022-10,1,-1,0
16743.0,"Port Allegany, PA",2022-11,0,0,1
16743.0,"Port Allegany, PA",2022-12,-1,1,0
16744.0,"Rew, PA",2022-01,10,-10,0
16744.0,"Rew, PA",2022-02,9,-9,0
16744.0,"Rew, PA",2022-03,8,-8,0
16744.0,"Rew, PA",2022-04,7,-7,0
16744.0,"Rew, PA",2022-05,6,-6,0
16744.0,"Rew, PA",2022-06,5,-5,0
16744.0,"Rew, PA",2022-07,4,-4,0
16744.0,"Rew, PA",2022-08,3,-3,0
16744.0,"Rew, PA",2022-09,2,-2,0
16744.0,"Rew, PA",2022-10,1,-1,0
16744.0,"Rew, PA",2022-11,0,0,1
16744.0,"Rew, PA",2022-12,-1,1,0
16745.0,"Rixford, PA",2022-01,10,-10,0
16745.0,"Rixford, PA",2022-02,9,-9,0
16745.0,"Rixford, PA",2022-03,8,-8,0
16745.0,"Rixford, PA",2022-04,7,-7,0
16745.0,"Rixford, PA",2022-05,6,-6,0
16745.0,"Rixford, PA",2022-06,5,-5,0
16745.0,"Rixford, PA",2022-07,4,-4,0
16745.0,"Rixford, PA",2022-08,3,-3,0
16745.0,"Rixford, PA",2022-09,2,-2,0
16745.0,"Rixford, PA",2022-10,1,-1,0
16745.0,"Rixford, PA",2022-11,0,0,1
16745.0,"Rixford, PA",2022-12,-1,1,0
16746.0,"Roulette, PA",2022-01,10,-10,0
16746.0,"Roulette, PA",2022-02,9,-9,0
16746.0,"Roulette, PA",2022-03,8,-8,0
16746.0,"Roulette, PA",2022-04,7,-7,0
16746.0,"Roulette, PA",2022-05,6,-6,0
16746.0,"Roulette, PA",2022-06,5,-5,0
16746.0,"Roulette, PA",2022-07,4,-4,0
16746.0,"Roulette, PA",2022-08,3,-3,0
16746.0,"Roulette, PA",2022-09,2,-2,0
16746.0,"Roulette, PA",2022-10,1,-1,0
16746.0,"Roulette, PA",2022-11,0,0,1
16746.0,"Roulette, PA",2022-12,-1,1,0
16748.0,"Shinglehouse, PA",2022-01,10,-10,0
16748.0,"Shinglehouse, PA",2022-02,9,-9,0
16748.0,"Shinglehouse, PA",2022-03,8,-8,0
16748.0,"Shinglehouse, PA",2022-04,7,-7,0
16748.0,"Shinglehouse, PA",2022-05,6,-6,0
16748.0,"Shinglehouse, PA",2022-06,5,-5,0
16748.0,"Shinglehouse, PA",2022-07,4,-4,0
16748.0,"Shinglehouse, PA",2022-08,3,-3,0
16748.0,"Shinglehouse, PA",2022-09,2,-2,0
16748.0,"Shinglehouse, PA",2022-10,1,-1,0
16748.0,"Shinglehouse, PA",2022-11,0,0,1
16748.0,"Shinglehouse, PA",2022-12,-1,1,0
16749.0,"Smethport, PA",2022-01,10,-10,0
16749.0,"Smethport, PA",2022-02,9,-9,0
16749.0,"Smethport, PA",2022-03,8,-8,0
16749.0,"Smethport, PA",2022-04,7,-7,0
16749.0,"Smethport, PA",2022-05,6,-6,0
16749.0,"Smethport, PA",2022-06,5,-5,0
16749.0,"Smethport, PA",2022-07,4,-4,0
16749.0,"Smethport, PA",2022-08,3,-3,0
16749.0,"Smethport, PA",2022-09,2,-2,0
16749.0,"Smethport, PA",2022-10,1,-1,0
16749.0,"Smethport, PA",2022-11,0,0,1
16749.0,"Smethport, PA",2022-12,-1,1,0
16750.0,"Turtlepoint, PA",2022-01,10,-10,0
16750.0,"Turtlepoint, PA",2022-02,9,-9,0
16750.0,"Turtlepoint, PA",2022-03,8,-8,0
16750.0,"Turtlepoint, PA",2022-04,7,-7,0
16750.0,"Turtlepoint, PA",2022-05,6,-6,0
16750.0,"Turtlepoint, PA",2022-06,5,-5,0
16750.0,"Turtlepoint, PA",2022-07,4,-4,0
16750.0,"Turtlepoint, PA",2022-08,3,-3,0
16750.0,"Turtlepoint, PA",2022-09,2,-2,0
16750.0,"Turtlepoint, PA",2022-10,1,-1,0
16750.0,"Turtlepoint, PA",2022-11,0,0,1
16750.0,"Turtlepoint, PA",2022-12,-1,1,0
16801.0,"State College, PA",2022-01,10,-10,0
16801.0,"State College, PA",2022-02,9,-9,0
16801.0,"State College, PA",2022-03,8,-8,0
16801.0,"State College, PA",2022-04,7,-7,0
16801.0,"State College, PA",2022-05,6,-6,0
16801.0,"State College, PA",2022-06,5,-5,0
16801.0,"State College, PA",2022-07,4,-4,0
16801.0,"State College, PA",2022-08,3,-3,0
16801.0,"State College, PA",2022-09,2,-2,0
16801.0,"State College, PA",2022-10,1,-1,0
16801.0,"State College, PA",2022-11,0,0,1
16801.0,"State College, PA",2022-12,-1,1,0
16802.0,"University Park, PA",2022-01,10,-10,0
16802.0,"University Park, PA",2022-02,9,-9,0
16802.0,"University Park, PA",2022-03,8,-8,0
16802.0,"University Park, PA",2022-04,7,-7,0
16802.0,"University Park, PA",2022-05,6,-6,0
16802.0,"University Park, PA",2022-06,5,-5,0
16802.0,"University Park, PA",2022-07,4,-4,0
16802.0,"University Park, PA",2022-08,3,-3,0
16802.0,"University Park, PA",2022-09,2,-2,0
16802.0,"University Park, PA",2022-10,1,-1,0
16802.0,"University Park, PA",2022-11,0,0,1
16802.0,"University Park, PA",2022-12,-1,1,0
16803.0,"State College, PA",2022-01,10,-10,0
16803.0,"State College, PA",2022-02,9,-9,0
16803.0,"State College, PA",2022-03,8,-8,0
16803.0,"State College, PA",2022-04,7,-7,0
16803.0,"State College, PA",2022-05,6,-6,0
16803.0,"State College, PA",2022-06,5,-5,0
16803.0,"State College, PA",2022-07,4,-4,0
16803.0,"State College, PA",2022-08,3,-3,0
16803.0,"State College, PA",2022-09,2,-2,0
16803.0,"State College, PA",2022-10,1,-1,0
16803.0,"State College, PA",2022-11,0,0,1
16803.0,"State College, PA",2022-12,-1,1,0
16820.0,"Aaronsburg, PA",2022-01,10,-10,0
16820.0,"Aaronsburg, PA",2022-02,9,-9,0
16820.0,"Aaronsburg, PA",2022-03,8,-8,0
16820.0,"Aaronsburg, PA",2022-04,7,-7,0
16820.0,"Aaronsburg, PA",2022-05,6,-6,0
16820.0,"Aaronsburg, PA",2022-06,5,-5,0
16820.0,"Aaronsburg, PA",2022-07,4,-4,0
16820.0,"Aaronsburg, PA",2022-08,3,-3,0
16820.0,"Aaronsburg, PA",2022-09,2,-2,0
16820.0,"Aaronsburg, PA",2022-10,1,-1,0
16820.0,"Aaronsburg, PA",2022-11,0,0,1
16820.0,"Aaronsburg, PA",2022-12,-1,1,0
16821.0,"Allport, PA",2022-01,10,-10,0
16821.0,"Allport, PA",2022-02,9,-9,0
16821.0,"Allport, PA",2022-03,8,-8,0
16821.0,"Allport, PA",2022-04,7,-7,0
16821.0,"Allport, PA",2022-05,6,-6,0
16821.0,"Allport, PA",2022-06,5,-5,0
16821.0,"Allport, PA",2022-07,4,-4,0
16821.0,"Allport, PA",2022-08,3,-3,0
16821.0,"Allport, PA",2022-09,2,-2,0
16821.0,"Allport, PA",2022-10,1,-1,0
16821.0,"Allport, PA",2022-11,0,0,1
16821.0,"Allport, PA",2022-12,-1,1,0
16822.0,"Beech Creek, PA",2022-01,10,-10,0
16822.0,"Beech Creek, PA",2022-02,9,-9,0
16822.0,"Beech Creek, PA",2022-03,8,-8,0
16822.0,"Beech Creek, PA",2022-04,7,-7,0
16822.0,"Beech Creek, PA",2022-05,6,-6,0
16822.0,"Beech Creek, PA",2022-06,5,-5,0
16822.0,"Beech Creek, PA",2022-07,4,-4,0
16822.0,"Beech Creek, PA",2022-08,3,-3,0
16822.0,"Beech Creek, PA",2022-09,2,-2,0
16822.0,"Beech Creek, PA",2022-10,1,-1,0
16822.0,"Beech Creek, PA",2022-11,0,0,1
16822.0,"Beech Creek, PA",2022-12,-1,1,0
16823.0,"Bellefonte, PA",2022-01,10,-10,0
16823.0,"Bellefonte, PA",2022-02,9,-9,0
16823.0,"Bellefonte, PA",2022-03,8,-8,0
16823.0,"Bellefonte, PA",2022-04,7,-7,0
16823.0,"Bellefonte, PA",2022-05,6,-6,0
16823.0,"Bellefonte, PA",2022-06,5,-5,0
16823.0,"Bellefonte, PA",2022-07,4,-4,0
16823.0,"Bellefonte, PA",2022-08,3,-3,0
16823.0,"Bellefonte, PA",2022-09,2,-2,0
16823.0,"Bellefonte, PA",2022-10,1,-1,0
16823.0,"Bellefonte, PA",2022-11,0,0,1
16823.0,"Bellefonte, PA",2022-12,-1,1,0
16825.0,"Bigler, PA",2022-01,10,-10,0
16825.0,"Bigler, PA",2022-02,9,-9,0
16825.0,"Bigler, PA",2022-03,8,-8,0
16825.0,"Bigler, PA",2022-04,7,-7,0
16825.0,"Bigler, PA",2022-05,6,-6,0
16825.0,"Bigler, PA",2022-06,5,-5,0
16825.0,"Bigler, PA",2022-07,4,-4,0
16825.0,"Bigler, PA",2022-08,3,-3,0
16825.0,"Bigler, PA",2022-09,2,-2,0
16825.0,"Bigler, PA",2022-10,1,-1,0
16825.0,"Bigler, PA",2022-11,0,0,1
16825.0,"Bigler, PA",2022-12,-1,1,0
16826.0,"Blanchard, PA",2022-01,10,-10,0
16826.0,"Blanchard, PA",2022-02,9,-9,0
16826.0,"Blanchard, PA",2022-03,8,-8,0
16826.0,"Blanchard, PA",2022-04,7,-7,0
16826.0,"Blanchard, PA",2022-05,6,-6,0
16826.0,"Blanchard, PA",2022-06,5,-5,0
16826.0,"Blanchard, PA",2022-07,4,-4,0
16826.0,"Blanchard, PA",2022-08,3,-3,0
16826.0,"Blanchard, PA",2022-09,2,-2,0
16826.0,"Blanchard, PA",2022-10,1,-1,0
16826.0,"Blanchard, PA",2022-11,0,0,1
16826.0,"Blanchard, PA",2022-12,-1,1,0
16827.0,"Boalsburg, PA",2022-01,10,-10,0
16827.0,"Boalsburg, PA",2022-02,9,-9,0
16827.0,"Boalsburg, PA",2022-03,8,-8,0
16827.0,"Boalsburg, PA",2022-04,7,-7,0
16827.0,"Boalsburg, PA",2022-05,6,-6,0
16827.0,"Boalsburg, PA",2022-06,5,-5,0
16827.0,"Boalsburg, PA",2022-07,4,-4,0
16827.0,"Boalsburg, PA",2022-08,3,-3,0
16827.0,"Boalsburg, PA",2022-09,2,-2,0
16827.0,"Boalsburg, PA",2022-10,1,-1,0
16827.0,"Boalsburg, PA",2022-11,0,0,1
16827.0,"Boalsburg, PA",2022-12,-1,1,0
16828.0,"Centre Hall, PA",2022-01,10,-10,0
16828.0,"Centre Hall, PA",2022-02,9,-9,0
16828.0,"Centre Hall, PA",2022-03,8,-8,0
16828.0,"Centre Hall, PA",2022-04,7,-7,0
16828.0,"Centre Hall, PA",2022-05,6,-6,0
16828.0,"Centre Hall, PA",2022-06,5,-5,0
16828.0,"Centre Hall, PA",2022-07,4,-4,0
16828.0,"Centre Hall, PA",2022-08,3,-3,0
16828.0,"Centre Hall, PA",2022-09,2,-2,0
16828.0,"Centre Hall, PA",2022-10,1,-1,0
16828.0,"Centre Hall, PA",2022-11,0,0,1
16828.0,"Centre Hall, PA",2022-12,-1,1,0
16829.0,"Clarence, PA",2022-01,10,-10,0
16829.0,"Clarence, PA",2022-02,9,-9,0
16829.0,"Clarence, PA",2022-03,8,-8,0
16829.0,"Clarence, PA",2022-04,7,-7,0
16829.0,"Clarence, PA",2022-05,6,-6,0
16829.0,"Clarence, PA",2022-06,5,-5,0
16829.0,"Clarence, PA",2022-07,4,-4,0
16829.0,"Clarence, PA",2022-08,3,-3,0
16829.0,"Clarence, PA",2022-09,2,-2,0
16829.0,"Clarence, PA",2022-10,1,-1,0
16829.0,"Clarence, PA",2022-11,0,0,1
16829.0,"Clarence, PA",2022-12,-1,1,0
16830.0,"Clearfield, PA",2022-01,10,-10,0
16830.0,"Clearfield, PA",2022-02,9,-9,0
16830.0,"Clearfield, PA",2022-03,8,-8,0
16830.0,"Clearfield, PA",2022-04,7,-7,0
16830.0,"Clearfield, PA",2022-05,6,-6,0
16830.0,"Clearfield, PA",2022-06,5,-5,0
16830.0,"Clearfield, PA",2022-07,4,-4,0
16830.0,"Clearfield, PA",2022-08,3,-3,0
16830.0,"Clearfield, PA",2022-09,2,-2,0
16830.0,"Clearfield, PA",2022-10,1,-1,0
16830.0,"Clearfield, PA",2022-11,0,0,1
16830.0,"Clearfield, PA",2022-12,-1,1,0
16832.0,"Coburn, PA",2022-01,10,-10,0
16832.0,"Coburn, PA",2022-02,9,-9,0
16832.0,"Coburn, PA",2022-03,8,-8,0
16832.0,"Coburn, PA",2022-04,7,-7,0
16832.0,"Coburn, PA",2022-05,6,-6,0
16832.0,"Coburn, PA",2022-06,5,-5,0
16832.0,"Coburn, PA",2022-07,4,-4,0
16832.0,"Coburn, PA",2022-08,3,-3,0
16832.0,"Coburn, PA",2022-09,2,-2,0
16832.0,"Coburn, PA",2022-10,1,-1,0
16832.0,"Coburn, PA",2022-11,0,0,1
16832.0,"Coburn, PA",2022-12,-1,1,0
16833.0,"Curwensville, PA",2022-01,10,-10,0
16833.0,"Curwensville, PA",2022-02,9,-9,0
16833.0,"Curwensville, PA",2022-03,8,-8,0
16833.0,"Curwensville, PA",2022-04,7,-7,0
16833.0,"Curwensville, PA",2022-05,6,-6,0
16833.0,"Curwensville, PA",2022-06,5,-5,0
16833.0,"Curwensville, PA",2022-07,4,-4,0
16833.0,"Curwensville, PA",2022-08,3,-3,0
16833.0,"Curwensville, PA",2022-09,2,-2,0
16833.0,"Curwensville, PA",2022-10,1,-1,0
16833.0,"Curwensville, PA",2022-11,0,0,1
16833.0,"Curwensville, PA",2022-12,-1,1,0
16834.0,"Drifting, PA",2022-01,10,-10,0
16834.0,"Drifting, PA",2022-02,9,-9,0
16834.0,"Drifting, PA",2022-03,8,-8,0
16834.0,"Drifting, PA",2022-04,7,-7,0
16834.0,"Drifting, PA",2022-05,6,-6,0
16834.0,"Drifting, PA",2022-06,5,-5,0
16834.0,"Drifting, PA",2022-07,4,-4,0
16834.0,"Drifting, PA",2022-08,3,-3,0
16834.0,"Drifting, PA",2022-09,2,-2,0
16834.0,"Drifting, PA",2022-10,1,-1,0
16834.0,"Drifting, PA",2022-11,0,0,1
16834.0,"Drifting, PA",2022-12,-1,1,0
16835.0,"Fleming, PA",2022-01,10,-10,0
16835.0,"Fleming, PA",2022-02,9,-9,0
16835.0,"Fleming, PA",2022-03,8,-8,0
16835.0,"Fleming, PA",2022-04,7,-7,0
16835.0,"Fleming, PA",2022-05,6,-6,0
16835.0,"Fleming, PA",2022-06,5,-5,0
16835.0,"Fleming, PA",2022-07,4,-4,0
16835.0,"Fleming, PA",2022-08,3,-3,0
16835.0,"Fleming, PA",2022-09,2,-2,0
16835.0,"Fleming, PA",2022-10,1,-1,0
16835.0,"Fleming, PA",2022-11,0,0,1
16835.0,"Fleming, PA",2022-12,-1,1,0
16836.0,"Frenchville, PA",2022-01,10,-10,0
16836.0,"Frenchville, PA",2022-02,9,-9,0
16836.0,"Frenchville, PA",2022-03,8,-8,0
16836.0,"Frenchville, PA",2022-04,7,-7,0
16836.0,"Frenchville, PA",2022-05,6,-6,0
16836.0,"Frenchville, PA",2022-06,5,-5,0
16836.0,"Frenchville, PA",2022-07,4,-4,0
16836.0,"Frenchville, PA",2022-08,3,-3,0
16836.0,"Frenchville, PA",2022-09,2,-2,0
16836.0,"Frenchville, PA",2022-10,1,-1,0
16836.0,"Frenchville, PA",2022-11,0,0,1
16836.0,"Frenchville, PA",2022-12,-1,1,0
16837.0,"Glen Richey, PA",2022-01,10,-10,0
16837.0,"Glen Richey, PA",2022-02,9,-9,0
16837.0,"Glen Richey, PA",2022-03,8,-8,0
16837.0,"Glen Richey, PA",2022-04,7,-7,0
16837.0,"Glen Richey, PA",2022-05,6,-6,0
16837.0,"Glen Richey, PA",2022-06,5,-5,0
16837.0,"Glen Richey, PA",2022-07,4,-4,0
16837.0,"Glen Richey, PA",2022-08,3,-3,0
16837.0,"Glen Richey, PA",2022-09,2,-2,0
16837.0,"Glen Richey, PA",2022-10,1,-1,0
16837.0,"Glen Richey, PA",2022-11,0,0,1
16837.0,"Glen Richey, PA",2022-12,-1,1,0
16838.0,"Grampian, PA",2022-01,10,-10,0
16838.0,"Grampian, PA",2022-02,9,-9,0
16838.0,"Grampian, PA",2022-03,8,-8,0
16838.0,"Grampian, PA",2022-04,7,-7,0
16838.0,"Grampian, PA",2022-05,6,-6,0
16838.0,"Grampian, PA",2022-06,5,-5,0
16838.0,"Grampian, PA",2022-07,4,-4,0
16838.0,"Grampian, PA",2022-08,3,-3,0
16838.0,"Grampian, PA",2022-09,2,-2,0
16838.0,"Grampian, PA",2022-10,1,-1,0
16838.0,"Grampian, PA",2022-11,0,0,1
16838.0,"Grampian, PA",2022-12,-1,1,0
16839.0,"Grassflat, PA",2022-01,10,-10,0
16839.0,"Grassflat, PA",2022-02,9,-9,0
16839.0,"Grassflat, PA",2022-03,8,-8,0
16839.0,"Grassflat, PA",2022-04,7,-7,0
16839.0,"Grassflat, PA",2022-05,6,-6,0
16839.0,"Grassflat, PA",2022-06,5,-5,0
16839.0,"Grassflat, PA",2022-07,4,-4,0
16839.0,"Grassflat, PA",2022-08,3,-3,0
16839.0,"Grassflat, PA",2022-09,2,-2,0
16839.0,"Grassflat, PA",2022-10,1,-1,0
16839.0,"Grassflat, PA",2022-11,0,0,1
16839.0,"Grassflat, PA",2022-12,-1,1,0
16840.0,"Hawk Run, PA",2022-01,10,-10,0
16840.0,"Hawk Run, PA",2022-02,9,-9,0
16840.0,"Hawk Run, PA",2022-03,8,-8,0
16840.0,"Hawk Run, PA",2022-04,7,-7,0
16840.0,"Hawk Run, PA",2022-05,6,-6,0
16840.0,"Hawk Run, PA",2022-06,5,-5,0
16840.0,"Hawk Run, PA",2022-07,4,-4,0
16840.0,"Hawk Run, PA",2022-08,3,-3,0
16840.0,"Hawk Run, PA",2022-09,2,-2,0
16840.0,"Hawk Run, PA",2022-10,1,-1,0
16840.0,"Hawk Run, PA",2022-11,0,0,1
16840.0,"Hawk Run, PA",2022-12,-1,1,0
16841.0,"Howard, PA",2022-01,10,-10,0
16841.0,"Howard, PA",2022-02,9,-9,0
16841.0,"Howard, PA",2022-03,8,-8,0
16841.0,"Howard, PA",2022-04,7,-7,0
16841.0,"Howard, PA",2022-05,6,-6,0
16841.0,"Howard, PA",2022-06,5,-5,0
16841.0,"Howard, PA",2022-07,4,-4,0
16841.0,"Howard, PA",2022-08,3,-3,0
16841.0,"Howard, PA",2022-09,2,-2,0
16841.0,"Howard, PA",2022-10,1,-1,0
16841.0,"Howard, PA",2022-11,0,0,1
16841.0,"Howard, PA",2022-12,-1,1,0
16843.0,"Hyde, PA",2022-01,10,-10,0
16843.0,"Hyde, PA",2022-02,9,-9,0
16843.0,"Hyde, PA",2022-03,8,-8,0
16843.0,"Hyde, PA",2022-04,7,-7,0
16843.0,"Hyde, PA",2022-05,6,-6,0
16843.0,"Hyde, PA",2022-06,5,-5,0
16843.0,"Hyde, PA",2022-07,4,-4,0
16843.0,"Hyde, PA",2022-08,3,-3,0
16843.0,"Hyde, PA",2022-09,2,-2,0
16843.0,"Hyde, PA",2022-10,1,-1,0
16843.0,"Hyde, PA",2022-11,0,0,1
16843.0,"Hyde, PA",2022-12,-1,1,0
16844.0,"Julian, PA",2022-01,10,-10,0
16844.0,"Julian, PA",2022-02,9,-9,0
16844.0,"Julian, PA",2022-03,8,-8,0
16844.0,"Julian, PA",2022-04,7,-7,0
16844.0,"Julian, PA",2022-05,6,-6,0
16844.0,"Julian, PA",2022-06,5,-5,0
16844.0,"Julian, PA",2022-07,4,-4,0
16844.0,"Julian, PA",2022-08,3,-3,0
16844.0,"Julian, PA",2022-09,2,-2,0
16844.0,"Julian, PA",2022-10,1,-1,0
16844.0,"Julian, PA",2022-11,0,0,1
16844.0,"Julian, PA",2022-12,-1,1,0
16845.0,"Karthaus, PA",2022-01,10,-10,0
16845.0,"Karthaus, PA",2022-02,9,-9,0
16845.0,"Karthaus, PA",2022-03,8,-8,0
16845.0,"Karthaus, PA",2022-04,7,-7,0
16845.0,"Karthaus, PA",2022-05,6,-6,0
16845.0,"Karthaus, PA",2022-06,5,-5,0
16845.0,"Karthaus, PA",2022-07,4,-4,0
16845.0,"Karthaus, PA",2022-08,3,-3,0
16845.0,"Karthaus, PA",2022-09,2,-2,0
16845.0,"Karthaus, PA",2022-10,1,-1,0
16845.0,"Karthaus, PA",2022-11,0,0,1
16845.0,"Karthaus, PA",2022-12,-1,1,0
16847.0,"Kylertown, PA",2022-01,10,-10,0
16847.0,"Kylertown, PA",2022-02,9,-9,0
16847.0,"Kylertown, PA",2022-03,8,-8,0
16847.0,"Kylertown, PA",2022-04,7,-7,0
16847.0,"Kylertown, PA",2022-05,6,-6,0
16847.0,"Kylertown, PA",2022-06,5,-5,0
16847.0,"Kylertown, PA",2022-07,4,-4,0
16847.0,"Kylertown, PA",2022-08,3,-3,0
16847.0,"Kylertown, PA",2022-09,2,-2,0
16847.0,"Kylertown, PA",2022-10,1,-1,0
16847.0,"Kylertown, PA",2022-11,0,0,1
16847.0,"Kylertown, PA",2022-12,-1,1,0
16848.0,"Lamar, PA",2022-01,10,-10,0
16848.0,"Lamar, PA",2022-02,9,-9,0
16848.0,"Lamar, PA",2022-03,8,-8,0
16848.0,"Lamar, PA",2022-04,7,-7,0
16848.0,"Lamar, PA",2022-05,6,-6,0
16848.0,"Lamar, PA",2022-06,5,-5,0
16848.0,"Lamar, PA",2022-07,4,-4,0
16848.0,"Lamar, PA",2022-08,3,-3,0
16848.0,"Lamar, PA",2022-09,2,-2,0
16848.0,"Lamar, PA",2022-10,1,-1,0
16848.0,"Lamar, PA",2022-11,0,0,1
16848.0,"Lamar, PA",2022-12,-1,1,0
16849.0,"Lanse, PA",2022-01,10,-10,0
16849.0,"Lanse, PA",2022-02,9,-9,0
16849.0,"Lanse, PA",2022-03,8,-8,0
16849.0,"Lanse, PA",2022-04,7,-7,0
16849.0,"Lanse, PA",2022-05,6,-6,0
16849.0,"Lanse, PA",2022-06,5,-5,0
16849.0,"Lanse, PA",2022-07,4,-4,0
16849.0,"Lanse, PA",2022-08,3,-3,0
16849.0,"Lanse, PA",2022-09,2,-2,0
16849.0,"Lanse, PA",2022-10,1,-1,0
16849.0,"Lanse, PA",2022-11,0,0,1
16849.0,"Lanse, PA",2022-12,-1,1,0
16851.0,"Lemont, PA",2022-01,10,-10,0
16851.0,"Lemont, PA",2022-02,9,-9,0
16851.0,"Lemont, PA",2022-03,8,-8,0
16851.0,"Lemont, PA",2022-04,7,-7,0
16851.0,"Lemont, PA",2022-05,6,-6,0
16851.0,"Lemont, PA",2022-06,5,-5,0
16851.0,"Lemont, PA",2022-07,4,-4,0
16851.0,"Lemont, PA",2022-08,3,-3,0
16851.0,"Lemont, PA",2022-09,2,-2,0
16851.0,"Lemont, PA",2022-10,1,-1,0
16851.0,"Lemont, PA",2022-11,0,0,1
16851.0,"Lemont, PA",2022-12,-1,1,0
16852.0,"Madisonburg, PA",2022-01,10,-10,0
16852.0,"Madisonburg, PA",2022-02,9,-9,0
16852.0,"Madisonburg, PA",2022-03,8,-8,0
16852.0,"Madisonburg, PA",2022-04,7,-7,0
16852.0,"Madisonburg, PA",2022-05,6,-6,0
16852.0,"Madisonburg, PA",2022-06,5,-5,0
16852.0,"Madisonburg, PA",2022-07,4,-4,0
16852.0,"Madisonburg, PA",2022-08,3,-3,0
16852.0,"Madisonburg, PA",2022-09,2,-2,0
16852.0,"Madisonburg, PA",2022-10,1,-1,0
16852.0,"Madisonburg, PA",2022-11,0,0,1
16852.0,"Madisonburg, PA",2022-12,-1,1,0
16853.0,"Milesburg, PA",2022-01,10,-10,0
16853.0,"Milesburg, PA",2022-02,9,-9,0
16853.0,"Milesburg, PA",2022-03,8,-8,0
16853.0,"Milesburg, PA",2022-04,7,-7,0
16853.0,"Milesburg, PA",2022-05,6,-6,0
16853.0,"Milesburg, PA",2022-06,5,-5,0
16853.0,"Milesburg, PA",2022-07,4,-4,0
16853.0,"Milesburg, PA",2022-08,3,-3,0
16853.0,"Milesburg, PA",2022-09,2,-2,0
16853.0,"Milesburg, PA",2022-10,1,-1,0
16853.0,"Milesburg, PA",2022-11,0,0,1
16853.0,"Milesburg, PA",2022-12,-1,1,0
16854.0,"Millheim, PA",2022-01,10,-10,0
16854.0,"Millheim, PA",2022-02,9,-9,0
16854.0,"Millheim, PA",2022-03,8,-8,0
16854.0,"Millheim, PA",2022-04,7,-7,0
16854.0,"Millheim, PA",2022-05,6,-6,0
16854.0,"Millheim, PA",2022-06,5,-5,0
16854.0,"Millheim, PA",2022-07,4,-4,0
16854.0,"Millheim, PA",2022-08,3,-3,0
16854.0,"Millheim, PA",2022-09,2,-2,0
16854.0,"Millheim, PA",2022-10,1,-1,0
16854.0,"Millheim, PA",2022-11,0,0,1
16854.0,"Millheim, PA",2022-12,-1,1,0
16855.0,"Mineral Springs, PA",2022-01,10,-10,0
16855.0,"Mineral Springs, PA",2022-02,9,-9,0
16855.0,"Mineral Springs, PA",2022-03,8,-8,0
16855.0,"Mineral Springs, PA",2022-04,7,-7,0
16855.0,"Mineral Springs, PA",2022-05,6,-6,0
16855.0,"Mineral Springs, PA",2022-06,5,-5,0
16855.0,"Mineral Springs, PA",2022-07,4,-4,0
16855.0,"Mineral Springs, PA",2022-08,3,-3,0
16855.0,"Mineral Springs, PA",2022-09,2,-2,0
16855.0,"Mineral Springs, PA",2022-10,1,-1,0
16855.0,"Mineral Springs, PA",2022-11,0,0,1
16855.0,"Mineral Springs, PA",2022-12,-1,1,0
16856.0,"Mingoville, PA",2022-01,10,-10,0
16856.0,"Mingoville, PA",2022-02,9,-9,0
16856.0,"Mingoville, PA",2022-03,8,-8,0
16856.0,"Mingoville, PA",2022-04,7,-7,0
16856.0,"Mingoville, PA",2022-05,6,-6,0
16856.0,"Mingoville, PA",2022-06,5,-5,0
16856.0,"Mingoville, PA",2022-07,4,-4,0
16856.0,"Mingoville, PA",2022-08,3,-3,0
16856.0,"Mingoville, PA",2022-09,2,-2,0
16856.0,"Mingoville, PA",2022-10,1,-1,0
16856.0,"Mingoville, PA",2022-11,0,0,1
16856.0,"Mingoville, PA",2022-12,-1,1,0
16858.0,"Morrisdale, PA",2022-01,10,-10,0
16858.0,"Morrisdale, PA",2022-02,9,-9,0
16858.0,"Morrisdale, PA",2022-03,8,-8,0
16858.0,"Morrisdale, PA",2022-04,7,-7,0
16858.0,"Morrisdale, PA",2022-05,6,-6,0
16858.0,"Morrisdale, PA",2022-06,5,-5,0
16858.0,"Morrisdale, PA",2022-07,4,-4,0
16858.0,"Morrisdale, PA",2022-08,3,-3,0
16858.0,"Morrisdale, PA",2022-09,2,-2,0
16858.0,"Morrisdale, PA",2022-10,1,-1,0
16858.0,"Morrisdale, PA",2022-11,0,0,1
16858.0,"Morrisdale, PA",2022-12,-1,1,0
16859.0,"Moshannon, PA",2022-01,10,-10,0
16859.0,"Moshannon, PA",2022-02,9,-9,0
16859.0,"Moshannon, PA",2022-03,8,-8,0
16859.0,"Moshannon, PA",2022-04,7,-7,0
16859.0,"Moshannon, PA",2022-05,6,-6,0
16859.0,"Moshannon, PA",2022-06,5,-5,0
16859.0,"Moshannon, PA",2022-07,4,-4,0
16859.0,"Moshannon, PA",2022-08,3,-3,0
16859.0,"Moshannon, PA",2022-09,2,-2,0
16859.0,"Moshannon, PA",2022-10,1,-1,0
16859.0,"Moshannon, PA",2022-11,0,0,1
16859.0,"Moshannon, PA",2022-12,-1,1,0
16860.0,"Munson, PA",2022-01,10,-10,0
16860.0,"Munson, PA",2022-02,9,-9,0
16860.0,"Munson, PA",2022-03,8,-8,0
16860.0,"Munson, PA",2022-04,7,-7,0
16860.0,"Munson, PA",2022-05,6,-6,0
16860.0,"Munson, PA",2022-06,5,-5,0
16860.0,"Munson, PA",2022-07,4,-4,0
16860.0,"Munson, PA",2022-08,3,-3,0
16860.0,"Munson, PA",2022-09,2,-2,0
16860.0,"Munson, PA",2022-10,1,-1,0
16860.0,"Munson, PA",2022-11,0,0,1
16860.0,"Munson, PA",2022-12,-1,1,0
16861.0,"New Millport, PA",2022-01,10,-10,0
16861.0,"New Millport, PA",2022-02,9,-9,0
16861.0,"New Millport, PA",2022-03,8,-8,0
16861.0,"New Millport, PA",2022-04,7,-7,0
16861.0,"New Millport, PA",2022-05,6,-6,0
16861.0,"New Millport, PA",2022-06,5,-5,0
16861.0,"New Millport, PA",2022-07,4,-4,0
16861.0,"New Millport, PA",2022-08,3,-3,0
16861.0,"New Millport, PA",2022-09,2,-2,0
16861.0,"New Millport, PA",2022-10,1,-1,0
16861.0,"New Millport, PA",2022-11,0,0,1
16861.0,"New Millport, PA",2022-12,-1,1,0
16863.0,"Olanta, PA",2022-01,10,-10,0
16863.0,"Olanta, PA",2022-02,9,-9,0
16863.0,"Olanta, PA",2022-03,8,-8,0
16863.0,"Olanta, PA",2022-04,7,-7,0
16863.0,"Olanta, PA",2022-05,6,-6,0
16863.0,"Olanta, PA",2022-06,5,-5,0
16863.0,"Olanta, PA",2022-07,4,-4,0
16863.0,"Olanta, PA",2022-08,3,-3,0
16863.0,"Olanta, PA",2022-09,2,-2,0
16863.0,"Olanta, PA",2022-10,1,-1,0
16863.0,"Olanta, PA",2022-11,0,0,1
16863.0,"Olanta, PA",2022-12,-1,1,0
16864.0,"Orviston, PA",2022-01,10,-10,0
16864.0,"Orviston, PA",2022-02,9,-9,0
16864.0,"Orviston, PA",2022-03,8,-8,0
16864.0,"Orviston, PA",2022-04,7,-7,0
16864.0,"Orviston, PA",2022-05,6,-6,0
16864.0,"Orviston, PA",2022-06,5,-5,0
16864.0,"Orviston, PA",2022-07,4,-4,0
16864.0,"Orviston, PA",2022-08,3,-3,0
16864.0,"Orviston, PA",2022-09,2,-2,0
16864.0,"Orviston, PA",2022-10,1,-1,0
16864.0,"Orviston, PA",2022-11,0,0,1
16864.0,"Orviston, PA",2022-12,-1,1,0
16865.0,"Pennsylvania Furnace, PA",2022-01,10,-10,0
16865.0,"Pennsylvania Furnace, PA",2022-02,9,-9,0
16865.0,"Pennsylvania Furnace, PA",2022-03,8,-8,0
16865.0,"Pennsylvania Furnace, PA",2022-04,7,-7,0
16865.0,"Pennsylvania Furnace, PA",2022-05,6,-6,0
16865.0,"Pennsylvania Furnace, PA",2022-06,5,-5,0
16865.0,"Pennsylvania Furnace, PA",2022-07,4,-4,0
16865.0,"Pennsylvania Furnace, PA",2022-08,3,-3,0
16865.0,"Pennsylvania Furnace, PA",2022-09,2,-2,0
16865.0,"Pennsylvania Furnace, PA",2022-10,1,-1,0
16865.0,"Pennsylvania Furnace, PA",2022-11,0,0,1
16865.0,"Pennsylvania Furnace, PA",2022-12,-1,1,0
16866.0,"Philipsburg, PA",2022-01,10,-10,0
16866.0,"Philipsburg, PA",2022-02,9,-9,0
16866.0,"Philipsburg, PA",2022-03,8,-8,0
16866.0,"Philipsburg, PA",2022-04,7,-7,0
16866.0,"Philipsburg, PA",2022-05,6,-6,0
16866.0,"Philipsburg, PA",2022-06,5,-5,0
16866.0,"Philipsburg, PA",2022-07,4,-4,0
16866.0,"Philipsburg, PA",2022-08,3,-3,0
16866.0,"Philipsburg, PA",2022-09,2,-2,0
16866.0,"Philipsburg, PA",2022-10,1,-1,0
16866.0,"Philipsburg, PA",2022-11,0,0,1
16866.0,"Philipsburg, PA",2022-12,-1,1,0
16868.0,"Pine Grove Mills, PA",2022-01,10,-10,0
16868.0,"Pine Grove Mills, PA",2022-02,9,-9,0
16868.0,"Pine Grove Mills, PA",2022-03,8,-8,0
16868.0,"Pine Grove Mills, PA",2022-04,7,-7,0
16868.0,"Pine Grove Mills, PA",2022-05,6,-6,0
16868.0,"Pine Grove Mills, PA",2022-06,5,-5,0
16868.0,"Pine Grove Mills, PA",2022-07,4,-4,0
16868.0,"Pine Grove Mills, PA",2022-08,3,-3,0
16868.0,"Pine Grove Mills, PA",2022-09,2,-2,0
16868.0,"Pine Grove Mills, PA",2022-10,1,-1,0
16868.0,"Pine Grove Mills, PA",2022-11,0,0,1
16868.0,"Pine Grove Mills, PA",2022-12,-1,1,0
16870.0,"Port Matilda, PA",2022-01,10,-10,0
16870.0,"Port Matilda, PA",2022-02,9,-9,0
16870.0,"Port Matilda, PA",2022-03,8,-8,0
16870.0,"Port Matilda, PA",2022-04,7,-7,0
16870.0,"Port Matilda, PA",2022-05,6,-6,0
16870.0,"Port Matilda, PA",2022-06,5,-5,0
16870.0,"Port Matilda, PA",2022-07,4,-4,0
16870.0,"Port Matilda, PA",2022-08,3,-3,0
16870.0,"Port Matilda, PA",2022-09,2,-2,0
16870.0,"Port Matilda, PA",2022-10,1,-1,0
16870.0,"Port Matilda, PA",2022-11,0,0,1
16870.0,"Port Matilda, PA",2022-12,-1,1,0
16871.0,"Pottersdale, PA",2022-01,10,-10,0
16871.0,"Pottersdale, PA",2022-02,9,-9,0
16871.0,"Pottersdale, PA",2022-03,8,-8,0
16871.0,"Pottersdale, PA",2022-04,7,-7,0
16871.0,"Pottersdale, PA",2022-05,6,-6,0
16871.0,"Pottersdale, PA",2022-06,5,-5,0
16871.0,"Pottersdale, PA",2022-07,4,-4,0
16871.0,"Pottersdale, PA",2022-08,3,-3,0
16871.0,"Pottersdale, PA",2022-09,2,-2,0
16871.0,"Pottersdale, PA",2022-10,1,-1,0
16871.0,"Pottersdale, PA",2022-11,0,0,1
16871.0,"Pottersdale, PA",2022-12,-1,1,0
16872.0,"Rebersburg, PA",2022-01,10,-10,0
16872.0,"Rebersburg, PA",2022-02,9,-9,0
16872.0,"Rebersburg, PA",2022-03,8,-8,0
16872.0,"Rebersburg, PA",2022-04,7,-7,0
16872.0,"Rebersburg, PA",2022-05,6,-6,0
16872.0,"Rebersburg, PA",2022-06,5,-5,0
16872.0,"Rebersburg, PA",2022-07,4,-4,0
16872.0,"Rebersburg, PA",2022-08,3,-3,0
16872.0,"Rebersburg, PA",2022-09,2,-2,0
16872.0,"Rebersburg, PA",2022-10,1,-1,0
16872.0,"Rebersburg, PA",2022-11,0,0,1
16872.0,"Rebersburg, PA",2022-12,-1,1,0
16874.0,"Snow Shoe, PA",2022-01,10,-10,0
16874.0,"Snow Shoe, PA",2022-02,9,-9,0
16874.0,"Snow Shoe, PA",2022-03,8,-8,0
16874.0,"Snow Shoe, PA",2022-04,7,-7,0
16874.0,"Snow Shoe, PA",2022-05,6,-6,0
16874.0,"Snow Shoe, PA",2022-06,5,-5,0
16874.0,"Snow Shoe, PA",2022-07,4,-4,0
16874.0,"Snow Shoe, PA",2022-08,3,-3,0
16874.0,"Snow Shoe, PA",2022-09,2,-2,0
16874.0,"Snow Shoe, PA",2022-10,1,-1,0
16874.0,"Snow Shoe, PA",2022-11,0,0,1
16874.0,"Snow Shoe, PA",2022-12,-1,1,0
16875.0,"Spring Mills, PA",2022-01,10,-10,0
16875.0,"Spring Mills, PA",2022-02,9,-9,0
16875.0,"Spring Mills, PA",2022-03,8,-8,0
16875.0,"Spring Mills, PA",2022-04,7,-7,0
16875.0,"Spring Mills, PA",2022-05,6,-6,0
16875.0,"Spring Mills, PA",2022-06,5,-5,0
16875.0,"Spring Mills, PA",2022-07,4,-4,0
16875.0,"Spring Mills, PA",2022-08,3,-3,0
16875.0,"Spring Mills, PA",2022-09,2,-2,0
16875.0,"Spring Mills, PA",2022-10,1,-1,0
16875.0,"Spring Mills, PA",2022-11,0,0,1
16875.0,"Spring Mills, PA",2022-12,-1,1,0
16876.0,"Wallaceton, PA",2022-01,10,-10,0
16876.0,"Wallaceton, PA",2022-02,9,-9,0
16876.0,"Wallaceton, PA",2022-03,8,-8,0
16876.0,"Wallaceton, PA",2022-04,7,-7,0
16876.0,"Wallaceton, PA",2022-05,6,-6,0
16876.0,"Wallaceton, PA",2022-06,5,-5,0
16876.0,"Wallaceton, PA",2022-07,4,-4,0
16876.0,"Wallaceton, PA",2022-08,3,-3,0
16876.0,"Wallaceton, PA",2022-09,2,-2,0
16876.0,"Wallaceton, PA",2022-10,1,-1,0
16876.0,"Wallaceton, PA",2022-11,0,0,1
16876.0,"Wallaceton, PA",2022-12,-1,1,0
16877.0,"Warriors Mark, PA",2022-01,10,-10,0
16877.0,"Warriors Mark, PA",2022-02,9,-9,0
16877.0,"Warriors Mark, PA",2022-03,8,-8,0
16877.0,"Warriors Mark, PA",2022-04,7,-7,0
16877.0,"Warriors Mark, PA",2022-05,6,-6,0
16877.0,"Warriors Mark, PA",2022-06,5,-5,0
16877.0,"Warriors Mark, PA",2022-07,4,-4,0
16877.0,"Warriors Mark, PA",2022-08,3,-3,0
16877.0,"Warriors Mark, PA",2022-09,2,-2,0
16877.0,"Warriors Mark, PA",2022-10,1,-1,0
16877.0,"Warriors Mark, PA",2022-11,0,0,1
16877.0,"Warriors Mark, PA",2022-12,-1,1,0
16878.0,"West Decatur, PA",2022-01,10,-10,0
16878.0,"West Decatur, PA",2022-02,9,-9,0
16878.0,"West Decatur, PA",2022-03,8,-8,0
16878.0,"West Decatur, PA",2022-04,7,-7,0
16878.0,"West Decatur, PA",2022-05,6,-6,0
16878.0,"West Decatur, PA",2022-06,5,-5,0
16878.0,"West Decatur, PA",2022-07,4,-4,0
16878.0,"West Decatur, PA",2022-08,3,-3,0
16878.0,"West Decatur, PA",2022-09,2,-2,0
16878.0,"West Decatur, PA",2022-10,1,-1,0
16878.0,"West Decatur, PA",2022-11,0,0,1
16878.0,"West Decatur, PA",2022-12,-1,1,0
16879.0,"Winburne, PA",2022-01,10,-10,0
16879.0,"Winburne, PA",2022-02,9,-9,0
16879.0,"Winburne, PA",2022-03,8,-8,0
16879.0,"Winburne, PA",2022-04,7,-7,0
16879.0,"Winburne, PA",2022-05,6,-6,0
16879.0,"Winburne, PA",2022-06,5,-5,0
16879.0,"Winburne, PA",2022-07,4,-4,0
16879.0,"Winburne, PA",2022-08,3,-3,0
16879.0,"Winburne, PA",2022-09,2,-2,0
16879.0,"Winburne, PA",2022-10,1,-1,0
16879.0,"Winburne, PA",2022-11,0,0,1
16879.0,"Winburne, PA",2022-12,-1,1,0
16881.0,"Woodland, PA",2022-01,10,-10,0
16881.0,"Woodland, PA",2022-02,9,-9,0
16881.0,"Woodland, PA",2022-03,8,-8,0
16881.0,"Woodland, PA",2022-04,7,-7,0
16881.0,"Woodland, PA",2022-05,6,-6,0
16881.0,"Woodland, PA",2022-06,5,-5,0
16881.0,"Woodland, PA",2022-07,4,-4,0
16881.0,"Woodland, PA",2022-08,3,-3,0
16881.0,"Woodland, PA",2022-09,2,-2,0
16881.0,"Woodland, PA",2022-10,1,-1,0
16881.0,"Woodland, PA",2022-11,0,0,1
16881.0,"Woodland, PA",2022-12,-1,1,0
16882.0,"Woodward, PA",2022-01,10,-10,0
16882.0,"Woodward, PA",2022-02,9,-9,0
16882.0,"Woodward, PA",2022-03,8,-8,0
16882.0,"Woodward, PA",2022-04,7,-7,0
16882.0,"Woodward, PA",2022-05,6,-6,0
16882.0,"Woodward, PA",2022-06,5,-5,0
16882.0,"Woodward, PA",2022-07,4,-4,0
16882.0,"Woodward, PA",2022-08,3,-3,0
16882.0,"Woodward, PA",2022-09,2,-2,0
16882.0,"Woodward, PA",2022-10,1,-1,0
16882.0,"Woodward, PA",2022-11,0,0,1
16882.0,"Woodward, PA",2022-12,-1,1,0
16901.0,"Wellsboro, PA",2022-01,10,-10,0
16901.0,"Wellsboro, PA",2022-02,9,-9,0
16901.0,"Wellsboro, PA",2022-03,8,-8,0
16901.0,"Wellsboro, PA",2022-04,7,-7,0
16901.0,"Wellsboro, PA",2022-05,6,-6,0
16901.0,"Wellsboro, PA",2022-06,5,-5,0
16901.0,"Wellsboro, PA",2022-07,4,-4,0
16901.0,"Wellsboro, PA",2022-08,3,-3,0
16901.0,"Wellsboro, PA",2022-09,2,-2,0
16901.0,"Wellsboro, PA",2022-10,1,-1,0
16901.0,"Wellsboro, PA",2022-11,0,0,1
16901.0,"Wellsboro, PA",2022-12,-1,1,0
16910.0,"Alba, PA",2022-01,10,-10,0
16910.0,"Alba, PA",2022-02,9,-9,0
16910.0,"Alba, PA",2022-03,8,-8,0
16910.0,"Alba, PA",2022-04,7,-7,0
16910.0,"Alba, PA",2022-05,6,-6,0
16910.0,"Alba, PA",2022-06,5,-5,0
16910.0,"Alba, PA",2022-07,4,-4,0
16910.0,"Alba, PA",2022-08,3,-3,0
16910.0,"Alba, PA",2022-09,2,-2,0
16910.0,"Alba, PA",2022-10,1,-1,0
16910.0,"Alba, PA",2022-11,0,0,1
16910.0,"Alba, PA",2022-12,-1,1,0
16911.0,"Arnot, PA",2022-01,10,-10,0
16911.0,"Arnot, PA",2022-02,9,-9,0
16911.0,"Arnot, PA",2022-03,8,-8,0
16911.0,"Arnot, PA",2022-04,7,-7,0
16911.0,"Arnot, PA",2022-05,6,-6,0
16911.0,"Arnot, PA",2022-06,5,-5,0
16911.0,"Arnot, PA",2022-07,4,-4,0
16911.0,"Arnot, PA",2022-08,3,-3,0
16911.0,"Arnot, PA",2022-09,2,-2,0
16911.0,"Arnot, PA",2022-10,1,-1,0
16911.0,"Arnot, PA",2022-11,0,0,1
16911.0,"Arnot, PA",2022-12,-1,1,0
16912.0,"Blossburg, PA",2022-01,10,-10,0
16912.0,"Blossburg, PA",2022-02,9,-9,0
16912.0,"Blossburg, PA",2022-03,8,-8,0
16912.0,"Blossburg, PA",2022-04,7,-7,0
16912.0,"Blossburg, PA",2022-05,6,-6,0
16912.0,"Blossburg, PA",2022-06,5,-5,0
16912.0,"Blossburg, PA",2022-07,4,-4,0
16912.0,"Blossburg, PA",2022-08,3,-3,0
16912.0,"Blossburg, PA",2022-09,2,-2,0
16912.0,"Blossburg, PA",2022-10,1,-1,0
16912.0,"Blossburg, PA",2022-11,0,0,1
16912.0,"Blossburg, PA",2022-12,-1,1,0
16914.0,"Columbia Cross Roads, PA",2022-01,10,-10,0
16914.0,"Columbia Cross Roads, PA",2022-02,9,-9,0
16914.0,"Columbia Cross Roads, PA",2022-03,8,-8,0
16914.0,"Columbia Cross Roads, PA",2022-04,7,-7,0
16914.0,"Columbia Cross Roads, PA",2022-05,6,-6,0
16914.0,"Columbia Cross Roads, PA",2022-06,5,-5,0
16914.0,"Columbia Cross Roads, PA",2022-07,4,-4,0
16914.0,"Columbia Cross Roads, PA",2022-08,3,-3,0
16914.0,"Columbia Cross Roads, PA",2022-09,2,-2,0
16914.0,"Columbia Cross Roads, PA",2022-10,1,-1,0
16914.0,"Columbia Cross Roads, PA",2022-11,0,0,1
16914.0,"Columbia Cross Roads, PA",2022-12,-1,1,0
16915.0,"Coudersport, PA",2022-01,10,-10,0
16915.0,"Coudersport, PA",2022-02,9,-9,0
16915.0,"Coudersport, PA",2022-03,8,-8,0
16915.0,"Coudersport, PA",2022-04,7,-7,0
16915.0,"Coudersport, PA",2022-05,6,-6,0
16915.0,"Coudersport, PA",2022-06,5,-5,0
16915.0,"Coudersport, PA",2022-07,4,-4,0
16915.0,"Coudersport, PA",2022-08,3,-3,0
16915.0,"Coudersport, PA",2022-09,2,-2,0
16915.0,"Coudersport, PA",2022-10,1,-1,0
16915.0,"Coudersport, PA",2022-11,0,0,1
16915.0,"Coudersport, PA",2022-12,-1,1,0
16917.0,"Covington, PA",2022-01,10,-10,0
16917.0,"Covington, PA",2022-02,9,-9,0
16917.0,"Covington, PA",2022-03,8,-8,0
16917.0,"Covington, PA",2022-04,7,-7,0
16917.0,"Covington, PA",2022-05,6,-6,0
16917.0,"Covington, PA",2022-06,5,-5,0
16917.0,"Covington, PA",2022-07,4,-4,0
16917.0,"Covington, PA",2022-08,3,-3,0
16917.0,"Covington, PA",2022-09,2,-2,0
16917.0,"Covington, PA",2022-10,1,-1,0
16917.0,"Covington, PA",2022-11,0,0,1
16917.0,"Covington, PA",2022-12,-1,1,0
16920.0,"Elkland, PA",2022-01,10,-10,0
16920.0,"Elkland, PA",2022-02,9,-9,0
16920.0,"Elkland, PA",2022-03,8,-8,0
16920.0,"Elkland, PA",2022-04,7,-7,0
16920.0,"Elkland, PA",2022-05,6,-6,0
16920.0,"Elkland, PA",2022-06,5,-5,0
16920.0,"Elkland, PA",2022-07,4,-4,0
16920.0,"Elkland, PA",2022-08,3,-3,0
16920.0,"Elkland, PA",2022-09,2,-2,0
16920.0,"Elkland, PA",2022-10,1,-1,0
16920.0,"Elkland, PA",2022-11,0,0,1
16920.0,"Elkland, PA",2022-12,-1,1,0
16921.0,"Gaines, PA",2022-01,10,-10,0
16921.0,"Gaines, PA",2022-02,9,-9,0
16921.0,"Gaines, PA",2022-03,8,-8,0
16921.0,"Gaines, PA",2022-04,7,-7,0
16921.0,"Gaines, PA",2022-05,6,-6,0
16921.0,"Gaines, PA",2022-06,5,-5,0
16921.0,"Gaines, PA",2022-07,4,-4,0
16921.0,"Gaines, PA",2022-08,3,-3,0
16921.0,"Gaines, PA",2022-09,2,-2,0
16921.0,"Gaines, PA",2022-10,1,-1,0
16921.0,"Gaines, PA",2022-11,0,0,1
16921.0,"Gaines, PA",2022-12,-1,1,0
16922.0,"Galeton, PA",2022-01,10,-10,0
16922.0,"Galeton, PA",2022-02,9,-9,0
16922.0,"Galeton, PA",2022-03,8,-8,0
16922.0,"Galeton, PA",2022-04,7,-7,0
16922.0,"Galeton, PA",2022-05,6,-6,0
16922.0,"Galeton, PA",2022-06,5,-5,0
16922.0,"Galeton, PA",2022-07,4,-4,0
16922.0,"Galeton, PA",2022-08,3,-3,0
16922.0,"Galeton, PA",2022-09,2,-2,0
16922.0,"Galeton, PA",2022-10,1,-1,0
16922.0,"Galeton, PA",2022-11,0,0,1
16922.0,"Galeton, PA",2022-12,-1,1,0
16923.0,"Genesee, PA",2022-01,10,-10,0
16923.0,"Genesee, PA",2022-02,9,-9,0
16923.0,"Genesee, PA",2022-03,8,-8,0
16923.0,"Genesee, PA",2022-04,7,-7,0
16923.0,"Genesee, PA",2022-05,6,-6,0
16923.0,"Genesee, PA",2022-06,5,-5,0
16923.0,"Genesee, PA",2022-07,4,-4,0
16923.0,"Genesee, PA",2022-08,3,-3,0
16923.0,"Genesee, PA",2022-09,2,-2,0
16923.0,"Genesee, PA",2022-10,1,-1,0
16923.0,"Genesee, PA",2022-11,0,0,1
16923.0,"Genesee, PA",2022-12,-1,1,0
16925.0,"Gillett, PA",2022-01,10,-10,0
16925.0,"Gillett, PA",2022-02,9,-9,0
16925.0,"Gillett, PA",2022-03,8,-8,0
16925.0,"Gillett, PA",2022-04,7,-7,0
16925.0,"Gillett, PA",2022-05,6,-6,0
16925.0,"Gillett, PA",2022-06,5,-5,0
16925.0,"Gillett, PA",2022-07,4,-4,0
16925.0,"Gillett, PA",2022-08,3,-3,0
16925.0,"Gillett, PA",2022-09,2,-2,0
16925.0,"Gillett, PA",2022-10,1,-1,0
16925.0,"Gillett, PA",2022-11,0,0,1
16925.0,"Gillett, PA",2022-12,-1,1,0
16926.0,"Granville Summit, PA",2022-01,10,-10,0
16926.0,"Granville Summit, PA",2022-02,9,-9,0
16926.0,"Granville Summit, PA",2022-03,8,-8,0
16926.0,"Granville Summit, PA",2022-04,7,-7,0
16926.0,"Granville Summit, PA",2022-05,6,-6,0
16926.0,"Granville Summit, PA",2022-06,5,-5,0
16926.0,"Granville Summit, PA",2022-07,4,-4,0
16926.0,"Granville Summit, PA",2022-08,3,-3,0
16926.0,"Granville Summit, PA",2022-09,2,-2,0
16926.0,"Granville Summit, PA",2022-10,1,-1,0
16926.0,"Granville Summit, PA",2022-11,0,0,1
16926.0,"Granville Summit, PA",2022-12,-1,1,0
16927.0,"Harrison Valley, PA",2022-01,10,-10,0
16927.0,"Harrison Valley, PA",2022-02,9,-9,0
16927.0,"Harrison Valley, PA",2022-03,8,-8,0
16927.0,"Harrison Valley, PA",2022-04,7,-7,0
16927.0,"Harrison Valley, PA",2022-05,6,-6,0
16927.0,"Harrison Valley, PA",2022-06,5,-5,0
16927.0,"Harrison Valley, PA",2022-07,4,-4,0
16927.0,"Harrison Valley, PA",2022-08,3,-3,0
16927.0,"Harrison Valley, PA",2022-09,2,-2,0
16927.0,"Harrison Valley, PA",2022-10,1,-1,0
16927.0,"Harrison Valley, PA",2022-11,0,0,1
16927.0,"Harrison Valley, PA",2022-12,-1,1,0
16928.0,"Knoxville, PA",2022-01,10,-10,0
16928.0,"Knoxville, PA",2022-02,9,-9,0
16928.0,"Knoxville, PA",2022-03,8,-8,0
16928.0,"Knoxville, PA",2022-04,7,-7,0
16928.0,"Knoxville, PA",2022-05,6,-6,0
16928.0,"Knoxville, PA",2022-06,5,-5,0
16928.0,"Knoxville, PA",2022-07,4,-4,0
16928.0,"Knoxville, PA",2022-08,3,-3,0
16928.0,"Knoxville, PA",2022-09,2,-2,0
16928.0,"Knoxville, PA",2022-10,1,-1,0
16928.0,"Knoxville, PA",2022-11,0,0,1
16928.0,"Knoxville, PA",2022-12,-1,1,0
16929.0,"Lawrenceville, PA",2022-01,10,-10,0
16929.0,"Lawrenceville, PA",2022-02,9,-9,0
16929.0,"Lawrenceville, PA",2022-03,8,-8,0
16929.0,"Lawrenceville, PA",2022-04,7,-7,0
16929.0,"Lawrenceville, PA",2022-05,6,-6,0
16929.0,"Lawrenceville, PA",2022-06,5,-5,0
16929.0,"Lawrenceville, PA",2022-07,4,-4,0
16929.0,"Lawrenceville, PA",2022-08,3,-3,0
16929.0,"Lawrenceville, PA",2022-09,2,-2,0
16929.0,"Lawrenceville, PA",2022-10,1,-1,0
16929.0,"Lawrenceville, PA",2022-11,0,0,1
16929.0,"Lawrenceville, PA",2022-12,-1,1,0
16930.0,"Liberty, PA",2022-01,10,-10,0
16930.0,"Liberty, PA",2022-02,9,-9,0
16930.0,"Liberty, PA",2022-03,8,-8,0
16930.0,"Liberty, PA",2022-04,7,-7,0
16930.0,"Liberty, PA",2022-05,6,-6,0
16930.0,"Liberty, PA",2022-06,5,-5,0
16930.0,"Liberty, PA",2022-07,4,-4,0
16930.0,"Liberty, PA",2022-08,3,-3,0
16930.0,"Liberty, PA",2022-09,2,-2,0
16930.0,"Liberty, PA",2022-10,1,-1,0
16930.0,"Liberty, PA",2022-11,0,0,1
16930.0,"Liberty, PA",2022-12,-1,1,0
16932.0,"Mainesburg, PA",2022-01,10,-10,0
16932.0,"Mainesburg, PA",2022-02,9,-9,0
16932.0,"Mainesburg, PA",2022-03,8,-8,0
16932.0,"Mainesburg, PA",2022-04,7,-7,0
16932.0,"Mainesburg, PA",2022-05,6,-6,0
16932.0,"Mainesburg, PA",2022-06,5,-5,0
16932.0,"Mainesburg, PA",2022-07,4,-4,0
16932.0,"Mainesburg, PA",2022-08,3,-3,0
16932.0,"Mainesburg, PA",2022-09,2,-2,0
16932.0,"Mainesburg, PA",2022-10,1,-1,0
16932.0,"Mainesburg, PA",2022-11,0,0,1
16932.0,"Mainesburg, PA",2022-12,-1,1,0
16933.0,"Mansfield, PA",2022-01,10,-10,0
16933.0,"Mansfield, PA",2022-02,9,-9,0
16933.0,"Mansfield, PA",2022-03,8,-8,0
16933.0,"Mansfield, PA",2022-04,7,-7,0
16933.0,"Mansfield, PA",2022-05,6,-6,0
16933.0,"Mansfield, PA",2022-06,5,-5,0
16933.0,"Mansfield, PA",2022-07,4,-4,0
16933.0,"Mansfield, PA",2022-08,3,-3,0
16933.0,"Mansfield, PA",2022-09,2,-2,0
16933.0,"Mansfield, PA",2022-10,1,-1,0
16933.0,"Mansfield, PA",2022-11,0,0,1
16933.0,"Mansfield, PA",2022-12,-1,1,0
16935.0,"Middlebury Center, PA",2022-01,10,-10,0
16935.0,"Middlebury Center, PA",2022-02,9,-9,0
16935.0,"Middlebury Center, PA",2022-03,8,-8,0
16935.0,"Middlebury Center, PA",2022-04,7,-7,0
16935.0,"Middlebury Center, PA",2022-05,6,-6,0
16935.0,"Middlebury Center, PA",2022-06,5,-5,0
16935.0,"Middlebury Center, PA",2022-07,4,-4,0
16935.0,"Middlebury Center, PA",2022-08,3,-3,0
16935.0,"Middlebury Center, PA",2022-09,2,-2,0
16935.0,"Middlebury Center, PA",2022-10,1,-1,0
16935.0,"Middlebury Center, PA",2022-11,0,0,1
16935.0,"Middlebury Center, PA",2022-12,-1,1,0
16936.0,"Millerton, PA",2022-01,10,-10,0
16936.0,"Millerton, PA",2022-02,9,-9,0
16936.0,"Millerton, PA",2022-03,8,-8,0
16936.0,"Millerton, PA",2022-04,7,-7,0
16936.0,"Millerton, PA",2022-05,6,-6,0
16936.0,"Millerton, PA",2022-06,5,-5,0
16936.0,"Millerton, PA",2022-07,4,-4,0
16936.0,"Millerton, PA",2022-08,3,-3,0
16936.0,"Millerton, PA",2022-09,2,-2,0
16936.0,"Millerton, PA",2022-10,1,-1,0
16936.0,"Millerton, PA",2022-11,0,0,1
16936.0,"Millerton, PA",2022-12,-1,1,0
16937.0,"Mills, PA",2022-01,10,-10,0
16937.0,"Mills, PA",2022-02,9,-9,0
16937.0,"Mills, PA",2022-03,8,-8,0
16937.0,"Mills, PA",2022-04,7,-7,0
16937.0,"Mills, PA",2022-05,6,-6,0
16937.0,"Mills, PA",2022-06,5,-5,0
16937.0,"Mills, PA",2022-07,4,-4,0
16937.0,"Mills, PA",2022-08,3,-3,0
16937.0,"Mills, PA",2022-09,2,-2,0
16937.0,"Mills, PA",2022-10,1,-1,0
16937.0,"Mills, PA",2022-11,0,0,1
16937.0,"Mills, PA",2022-12,-1,1,0
16938.0,"Morris, PA",2022-01,10,-10,0
16938.0,"Morris, PA",2022-02,9,-9,0
16938.0,"Morris, PA",2022-03,8,-8,0
16938.0,"Morris, PA",2022-04,7,-7,0
16938.0,"Morris, PA",2022-05,6,-6,0
16938.0,"Morris, PA",2022-06,5,-5,0
16938.0,"Morris, PA",2022-07,4,-4,0
16938.0,"Morris, PA",2022-08,3,-3,0
16938.0,"Morris, PA",2022-09,2,-2,0
16938.0,"Morris, PA",2022-10,1,-1,0
16938.0,"Morris, PA",2022-11,0,0,1
16938.0,"Morris, PA",2022-12,-1,1,0
16939.0,"Morris Run, PA",2022-01,10,-10,0
16939.0,"Morris Run, PA",2022-02,9,-9,0
16939.0,"Morris Run, PA",2022-03,8,-8,0
16939.0,"Morris Run, PA",2022-04,7,-7,0
16939.0,"Morris Run, PA",2022-05,6,-6,0
16939.0,"Morris Run, PA",2022-06,5,-5,0
16939.0,"Morris Run, PA",2022-07,4,-4,0
16939.0,"Morris Run, PA",2022-08,3,-3,0
16939.0,"Morris Run, PA",2022-09,2,-2,0
16939.0,"Morris Run, PA",2022-10,1,-1,0
16939.0,"Morris Run, PA",2022-11,0,0,1
16939.0,"Morris Run, PA",2022-12,-1,1,0
16940.0,"Nelson, PA",2022-01,10,-10,0
16940.0,"Nelson, PA",2022-02,9,-9,0
16940.0,"Nelson, PA",2022-03,8,-8,0
16940.0,"Nelson, PA",2022-04,7,-7,0
16940.0,"Nelson, PA",2022-05,6,-6,0
16940.0,"Nelson, PA",2022-06,5,-5,0
16940.0,"Nelson, PA",2022-07,4,-4,0
16940.0,"Nelson, PA",2022-08,3,-3,0
16940.0,"Nelson, PA",2022-09,2,-2,0
16940.0,"Nelson, PA",2022-10,1,-1,0
16940.0,"Nelson, PA",2022-11,0,0,1
16940.0,"Nelson, PA",2022-12,-1,1,0
16941.0,"Genesee, PA",2022-01,10,-10,0
16941.0,"Genesee, PA",2022-02,9,-9,0
16941.0,"Genesee, PA",2022-03,8,-8,0
16941.0,"Genesee, PA",2022-04,7,-7,0
16941.0,"Genesee, PA",2022-05,6,-6,0
16941.0,"Genesee, PA",2022-06,5,-5,0
16941.0,"Genesee, PA",2022-07,4,-4,0
16941.0,"Genesee, PA",2022-08,3,-3,0
16941.0,"Genesee, PA",2022-09,2,-2,0
16941.0,"Genesee, PA",2022-10,1,-1,0
16941.0,"Genesee, PA",2022-11,0,0,1
16941.0,"Genesee, PA",2022-12,-1,1,0
16942.0,"Osceola, PA",2022-01,10,-10,0
16942.0,"Osceola, PA",2022-02,9,-9,0
16942.0,"Osceola, PA",2022-03,8,-8,0
16942.0,"Osceola, PA",2022-04,7,-7,0
16942.0,"Osceola, PA",2022-05,6,-6,0
16942.0,"Osceola, PA",2022-06,5,-5,0
16942.0,"Osceola, PA",2022-07,4,-4,0
16942.0,"Osceola, PA",2022-08,3,-3,0
16942.0,"Osceola, PA",2022-09,2,-2,0
16942.0,"Osceola, PA",2022-10,1,-1,0
16942.0,"Osceola, PA",2022-11,0,0,1
16942.0,"Osceola, PA",2022-12,-1,1,0
16943.0,"Sabinsville, PA",2022-01,10,-10,0
16943.0,"Sabinsville, PA",2022-02,9,-9,0
16943.0,"Sabinsville, PA",2022-03,8,-8,0
16943.0,"Sabinsville, PA",2022-04,7,-7,0
16943.0,"Sabinsville, PA",2022-05,6,-6,0
16943.0,"Sabinsville, PA",2022-06,5,-5,0
16943.0,"Sabinsville, PA",2022-07,4,-4,0
16943.0,"Sabinsville, PA",2022-08,3,-3,0
16943.0,"Sabinsville, PA",2022-09,2,-2,0
16943.0,"Sabinsville, PA",2022-10,1,-1,0
16943.0,"Sabinsville, PA",2022-11,0,0,1
16943.0,"Sabinsville, PA",2022-12,-1,1,0
16946.0,"Tioga, PA",2022-01,10,-10,0
16946.0,"Tioga, PA",2022-02,9,-9,0
16946.0,"Tioga, PA",2022-03,8,-8,0
16946.0,"Tioga, PA",2022-04,7,-7,0
16946.0,"Tioga, PA",2022-05,6,-6,0
16946.0,"Tioga, PA",2022-06,5,-5,0
16946.0,"Tioga, PA",2022-07,4,-4,0
16946.0,"Tioga, PA",2022-08,3,-3,0
16946.0,"Tioga, PA",2022-09,2,-2,0
16946.0,"Tioga, PA",2022-10,1,-1,0
16946.0,"Tioga, PA",2022-11,0,0,1
16946.0,"Tioga, PA",2022-12,-1,1,0
16947.0,"Troy, PA",2022-01,10,-10,0
16947.0,"Troy, PA",2022-02,9,-9,0
16947.0,"Troy, PA",2022-03,8,-8,0
16947.0,"Troy, PA",2022-04,7,-7,0
16947.0,"Troy, PA",2022-05,6,-6,0
16947.0,"Troy, PA",2022-06,5,-5,0
16947.0,"Troy, PA",2022-07,4,-4,0
16947.0,"Troy, PA",2022-08,3,-3,0
16947.0,"Troy, PA",2022-09,2,-2,0
16947.0,"Troy, PA",2022-10,1,-1,0
16947.0,"Troy, PA",2022-11,0,0,1
16947.0,"Troy, PA",2022-12,-1,1,0
16948.0,"Ulysses, PA",2022-01,10,-10,0
16948.0,"Ulysses, PA",2022-02,9,-9,0
16948.0,"Ulysses, PA",2022-03,8,-8,0
16948.0,"Ulysses, PA",2022-04,7,-7,0
16948.0,"Ulysses, PA",2022-05,6,-6,0
16948.0,"Ulysses, PA",2022-06,5,-5,0
16948.0,"Ulysses, PA",2022-07,4,-4,0
16948.0,"Ulysses, PA",2022-08,3,-3,0
16948.0,"Ulysses, PA",2022-09,2,-2,0
16948.0,"Ulysses, PA",2022-10,1,-1,0
16948.0,"Ulysses, PA",2022-11,0,0,1
16948.0,"Ulysses, PA",2022-12,-1,1,0
16950.0,"Westfield, PA",2022-01,10,-10,0
16950.0,"Westfield, PA",2022-02,9,-9,0
16950.0,"Westfield, PA",2022-03,8,-8,0
16950.0,"Westfield, PA",2022-04,7,-7,0
16950.0,"Westfield, PA",2022-05,6,-6,0
16950.0,"Westfield, PA",2022-06,5,-5,0
16950.0,"Westfield, PA",2022-07,4,-4,0
16950.0,"Westfield, PA",2022-08,3,-3,0
16950.0,"Westfield, PA",2022-09,2,-2,0
16950.0,"Westfield, PA",2022-10,1,-1,0
16950.0,"Westfield, PA",2022-11,0,0,1
16950.0,"Westfield, PA",2022-12,-1,1,0
17002.0,"Allensville, PA",2022-01,10,-10,0
17002.0,"Allensville, PA",2022-02,9,-9,0
17002.0,"Allensville, PA",2022-03,8,-8,0
17002.0,"Allensville, PA",2022-04,7,-7,0
17002.0,"Allensville, PA",2022-05,6,-6,0
17002.0,"Allensville, PA",2022-06,5,-5,0
17002.0,"Allensville, PA",2022-07,4,-4,0
17002.0,"Allensville, PA",2022-08,3,-3,0
17002.0,"Allensville, PA",2022-09,2,-2,0
17002.0,"Allensville, PA",2022-10,1,-1,0
17002.0,"Allensville, PA",2022-11,0,0,1
17002.0,"Allensville, PA",2022-12,-1,1,0
17003.0,"Annville, PA",2022-01,10,-10,0
17003.0,"Annville, PA",2022-02,9,-9,0
17003.0,"Annville, PA",2022-03,8,-8,0
17003.0,"Annville, PA",2022-04,7,-7,0
17003.0,"Annville, PA",2022-05,6,-6,0
17003.0,"Annville, PA",2022-06,5,-5,0
17003.0,"Annville, PA",2022-07,4,-4,0
17003.0,"Annville, PA",2022-08,3,-3,0
17003.0,"Annville, PA",2022-09,2,-2,0
17003.0,"Annville, PA",2022-10,1,-1,0
17003.0,"Annville, PA",2022-11,0,0,1
17003.0,"Annville, PA",2022-12,-1,1,0
17004.0,"Belleville, PA",2022-01,10,-10,0
17004.0,"Belleville, PA",2022-02,9,-9,0
17004.0,"Belleville, PA",2022-03,8,-8,0
17004.0,"Belleville, PA",2022-04,7,-7,0
17004.0,"Belleville, PA",2022-05,6,-6,0
17004.0,"Belleville, PA",2022-06,5,-5,0
17004.0,"Belleville, PA",2022-07,4,-4,0
17004.0,"Belleville, PA",2022-08,3,-3,0
17004.0,"Belleville, PA",2022-09,2,-2,0
17004.0,"Belleville, PA",2022-10,1,-1,0
17004.0,"Belleville, PA",2022-11,0,0,1
17004.0,"Belleville, PA",2022-12,-1,1,0
17005.0,"Berrysburg, PA",2022-01,10,-10,0
17005.0,"Berrysburg, PA",2022-02,9,-9,0
17005.0,"Berrysburg, PA",2022-03,8,-8,0
17005.0,"Berrysburg, PA",2022-04,7,-7,0
17005.0,"Berrysburg, PA",2022-05,6,-6,0
17005.0,"Berrysburg, PA",2022-06,5,-5,0
17005.0,"Berrysburg, PA",2022-07,4,-4,0
17005.0,"Berrysburg, PA",2022-08,3,-3,0
17005.0,"Berrysburg, PA",2022-09,2,-2,0
17005.0,"Berrysburg, PA",2022-10,1,-1,0
17005.0,"Berrysburg, PA",2022-11,0,0,1
17005.0,"Berrysburg, PA",2022-12,-1,1,0
17006.0,"Blain, PA",2022-01,10,-10,0
17006.0,"Blain, PA",2022-02,9,-9,0
17006.0,"Blain, PA",2022-03,8,-8,0
17006.0,"Blain, PA",2022-04,7,-7,0
17006.0,"Blain, PA",2022-05,6,-6,0
17006.0,"Blain, PA",2022-06,5,-5,0
17006.0,"Blain, PA",2022-07,4,-4,0
17006.0,"Blain, PA",2022-08,3,-3,0
17006.0,"Blain, PA",2022-09,2,-2,0
17006.0,"Blain, PA",2022-10,1,-1,0
17006.0,"Blain, PA",2022-11,0,0,1
17006.0,"Blain, PA",2022-12,-1,1,0
17007.0,"Boiling Springs, PA",2022-01,10,-10,0
17007.0,"Boiling Springs, PA",2022-02,9,-9,0
17007.0,"Boiling Springs, PA",2022-03,8,-8,0
17007.0,"Boiling Springs, PA",2022-04,7,-7,0
17007.0,"Boiling Springs, PA",2022-05,6,-6,0
17007.0,"Boiling Springs, PA",2022-06,5,-5,0
17007.0,"Boiling Springs, PA",2022-07,4,-4,0
17007.0,"Boiling Springs, PA",2022-08,3,-3,0
17007.0,"Boiling Springs, PA",2022-09,2,-2,0
17007.0,"Boiling Springs, PA",2022-10,1,-1,0
17007.0,"Boiling Springs, PA",2022-11,0,0,1
17007.0,"Boiling Springs, PA",2022-12,-1,1,0
17009.0,"Burnham, PA",2022-01,10,-10,0
17009.0,"Burnham, PA",2022-02,9,-9,0
17009.0,"Burnham, PA",2022-03,8,-8,0
17009.0,"Burnham, PA",2022-04,7,-7,0
17009.0,"Burnham, PA",2022-05,6,-6,0
17009.0,"Burnham, PA",2022-06,5,-5,0
17009.0,"Burnham, PA",2022-07,4,-4,0
17009.0,"Burnham, PA",2022-08,3,-3,0
17009.0,"Burnham, PA",2022-09,2,-2,0
17009.0,"Burnham, PA",2022-10,1,-1,0
17009.0,"Burnham, PA",2022-11,0,0,1
17009.0,"Burnham, PA",2022-12,-1,1,0
17010.0,"Campbelltown, PA",2022-01,10,-10,0
17010.0,"Campbelltown, PA",2022-02,9,-9,0
17010.0,"Campbelltown, PA",2022-03,8,-8,0
17010.0,"Campbelltown, PA",2022-04,7,-7,0
17010.0,"Campbelltown, PA",2022-05,6,-6,0
17010.0,"Campbelltown, PA",2022-06,5,-5,0
17010.0,"Campbelltown, PA",2022-07,4,-4,0
17010.0,"Campbelltown, PA",2022-08,3,-3,0
17010.0,"Campbelltown, PA",2022-09,2,-2,0
17010.0,"Campbelltown, PA",2022-10,1,-1,0
17010.0,"Campbelltown, PA",2022-11,0,0,1
17010.0,"Campbelltown, PA",2022-12,-1,1,0
17011.0,"Camp Hill, PA",2022-01,10,-10,0
17011.0,"Camp Hill, PA",2022-02,9,-9,0
17011.0,"Camp Hill, PA",2022-03,8,-8,0
17011.0,"Camp Hill, PA",2022-04,7,-7,0
17011.0,"Camp Hill, PA",2022-05,6,-6,0
17011.0,"Camp Hill, PA",2022-06,5,-5,0
17011.0,"Camp Hill, PA",2022-07,4,-4,0
17011.0,"Camp Hill, PA",2022-08,3,-3,0
17011.0,"Camp Hill, PA",2022-09,2,-2,0
17011.0,"Camp Hill, PA",2022-10,1,-1,0
17011.0,"Camp Hill, PA",2022-11,0,0,1
17011.0,"Camp Hill, PA",2022-12,-1,1,0
17013.0,"Carlisle, PA",2022-01,10,-10,0
17013.0,"Carlisle, PA",2022-02,9,-9,0
17013.0,"Carlisle, PA",2022-03,8,-8,0
17013.0,"Carlisle, PA",2022-04,7,-7,0
17013.0,"Carlisle, PA",2022-05,6,-6,0
17013.0,"Carlisle, PA",2022-06,5,-5,0
17013.0,"Carlisle, PA",2022-07,4,-4,0
17013.0,"Carlisle, PA",2022-08,3,-3,0
17013.0,"Carlisle, PA",2022-09,2,-2,0
17013.0,"Carlisle, PA",2022-10,1,-1,0
17013.0,"Carlisle, PA",2022-11,0,0,1
17013.0,"Carlisle, PA",2022-12,-1,1,0
17014.0,"Cocolamus, PA",2022-01,10,-10,0
17014.0,"Cocolamus, PA",2022-02,9,-9,0
17014.0,"Cocolamus, PA",2022-03,8,-8,0
17014.0,"Cocolamus, PA",2022-04,7,-7,0
17014.0,"Cocolamus, PA",2022-05,6,-6,0
17014.0,"Cocolamus, PA",2022-06,5,-5,0
17014.0,"Cocolamus, PA",2022-07,4,-4,0
17014.0,"Cocolamus, PA",2022-08,3,-3,0
17014.0,"Cocolamus, PA",2022-09,2,-2,0
17014.0,"Cocolamus, PA",2022-10,1,-1,0
17014.0,"Cocolamus, PA",2022-11,0,0,1
17014.0,"Cocolamus, PA",2022-12,-1,1,0
17015.0,"South Londonderry, PA",2022-01,10,-10,0
17015.0,"South Londonderry, PA",2022-02,9,-9,0
17015.0,"South Londonderry, PA",2022-03,8,-8,0
17015.0,"South Londonderry, PA",2022-04,7,-7,0
17015.0,"South Londonderry, PA",2022-05,6,-6,0
17015.0,"South Londonderry, PA",2022-06,5,-5,0
17015.0,"South Londonderry, PA",2022-07,4,-4,0
17015.0,"South Londonderry, PA",2022-08,3,-3,0
17015.0,"South Londonderry, PA",2022-09,2,-2,0
17015.0,"South Londonderry, PA",2022-10,1,-1,0
17015.0,"South Londonderry, PA",2022-11,0,0,1
17015.0,"South Londonderry, PA",2022-12,-1,1,0
17016.0,"Cornwall, PA",2022-01,10,-10,0
17016.0,"Cornwall, PA",2022-02,9,-9,0
17016.0,"Cornwall, PA",2022-03,8,-8,0
17016.0,"Cornwall, PA",2022-04,7,-7,0
17016.0,"Cornwall, PA",2022-05,6,-6,0
17016.0,"Cornwall, PA",2022-06,5,-5,0
17016.0,"Cornwall, PA",2022-07,4,-4,0
17016.0,"Cornwall, PA",2022-08,3,-3,0
17016.0,"Cornwall, PA",2022-09,2,-2,0
17016.0,"Cornwall, PA",2022-10,1,-1,0
17016.0,"Cornwall, PA",2022-11,0,0,1
17016.0,"Cornwall, PA",2022-12,-1,1,0
17017.0,"Dalmatia, PA",2022-01,10,-10,0
17017.0,"Dalmatia, PA",2022-02,9,-9,0
17017.0,"Dalmatia, PA",2022-03,8,-8,0
17017.0,"Dalmatia, PA",2022-04,7,-7,0
17017.0,"Dalmatia, PA",2022-05,6,-6,0
17017.0,"Dalmatia, PA",2022-06,5,-5,0
17017.0,"Dalmatia, PA",2022-07,4,-4,0
17017.0,"Dalmatia, PA",2022-08,3,-3,0
17017.0,"Dalmatia, PA",2022-09,2,-2,0
17017.0,"Dalmatia, PA",2022-10,1,-1,0
17017.0,"Dalmatia, PA",2022-11,0,0,1
17017.0,"Dalmatia, PA",2022-12,-1,1,0
17018.0,"Dauphin, PA",2022-01,10,-10,0
17018.0,"Dauphin, PA",2022-02,9,-9,0
17018.0,"Dauphin, PA",2022-03,8,-8,0
17018.0,"Dauphin, PA",2022-04,7,-7,0
17018.0,"Dauphin, PA",2022-05,6,-6,0
17018.0,"Dauphin, PA",2022-06,5,-5,0
17018.0,"Dauphin, PA",2022-07,4,-4,0
17018.0,"Dauphin, PA",2022-08,3,-3,0
17018.0,"Dauphin, PA",2022-09,2,-2,0
17018.0,"Dauphin, PA",2022-10,1,-1,0
17018.0,"Dauphin, PA",2022-11,0,0,1
17018.0,"Dauphin, PA",2022-12,-1,1,0
17019.0,"Dillsburg, PA",2022-01,10,-10,0
17019.0,"Dillsburg, PA",2022-02,9,-9,0
17019.0,"Dillsburg, PA",2022-03,8,-8,0
17019.0,"Dillsburg, PA",2022-04,7,-7,0
17019.0,"Dillsburg, PA",2022-05,6,-6,0
17019.0,"Dillsburg, PA",2022-06,5,-5,0
17019.0,"Dillsburg, PA",2022-07,4,-4,0
17019.0,"Dillsburg, PA",2022-08,3,-3,0
17019.0,"Dillsburg, PA",2022-09,2,-2,0
17019.0,"Dillsburg, PA",2022-10,1,-1,0
17019.0,"Dillsburg, PA",2022-11,0,0,1
17019.0,"Dillsburg, PA",2022-12,-1,1,0
17020.0,"Duncannon, PA",2022-01,10,-10,0
17020.0,"Duncannon, PA",2022-02,9,-9,0
17020.0,"Duncannon, PA",2022-03,8,-8,0
17020.0,"Duncannon, PA",2022-04,7,-7,0
17020.0,"Duncannon, PA",2022-05,6,-6,0
17020.0,"Duncannon, PA",2022-06,5,-5,0
17020.0,"Duncannon, PA",2022-07,4,-4,0
17020.0,"Duncannon, PA",2022-08,3,-3,0
17020.0,"Duncannon, PA",2022-09,2,-2,0
17020.0,"Duncannon, PA",2022-10,1,-1,0
17020.0,"Duncannon, PA",2022-11,0,0,1
17020.0,"Duncannon, PA",2022-12,-1,1,0
17021.0,"East Waterford, PA",2022-01,10,-10,0
17021.0,"East Waterford, PA",2022-02,9,-9,0
17021.0,"East Waterford, PA",2022-03,8,-8,0
17021.0,"East Waterford, PA",2022-04,7,-7,0
17021.0,"East Waterford, PA",2022-05,6,-6,0
17021.0,"East Waterford, PA",2022-06,5,-5,0
17021.0,"East Waterford, PA",2022-07,4,-4,0
17021.0,"East Waterford, PA",2022-08,3,-3,0
17021.0,"East Waterford, PA",2022-09,2,-2,0
17021.0,"East Waterford, PA",2022-10,1,-1,0
17021.0,"East Waterford, PA",2022-11,0,0,1
17021.0,"East Waterford, PA",2022-12,-1,1,0
17022.0,"Elizabethtown, PA",2022-01,10,-10,0
17022.0,"Elizabethtown, PA",2022-02,9,-9,0
17022.0,"Elizabethtown, PA",2022-03,8,-8,0
17022.0,"Elizabethtown, PA",2022-04,7,-7,0
17022.0,"Elizabethtown, PA",2022-05,6,-6,0
17022.0,"Elizabethtown, PA",2022-06,5,-5,0
17022.0,"Elizabethtown, PA",2022-07,4,-4,0
17022.0,"Elizabethtown, PA",2022-08,3,-3,0
17022.0,"Elizabethtown, PA",2022-09,2,-2,0
17022.0,"Elizabethtown, PA",2022-10,1,-1,0
17022.0,"Elizabethtown, PA",2022-11,0,0,1
17022.0,"Elizabethtown, PA",2022-12,-1,1,0
17023.0,"Elizabethville, PA",2022-01,10,-10,0
17023.0,"Elizabethville, PA",2022-02,9,-9,0
17023.0,"Elizabethville, PA",2022-03,8,-8,0
17023.0,"Elizabethville, PA",2022-04,7,-7,0
17023.0,"Elizabethville, PA",2022-05,6,-6,0
17023.0,"Elizabethville, PA",2022-06,5,-5,0
17023.0,"Elizabethville, PA",2022-07,4,-4,0
17023.0,"Elizabethville, PA",2022-08,3,-3,0
17023.0,"Elizabethville, PA",2022-09,2,-2,0
17023.0,"Elizabethville, PA",2022-10,1,-1,0
17023.0,"Elizabethville, PA",2022-11,0,0,1
17023.0,"Elizabethville, PA",2022-12,-1,1,0
17024.0,"Elliottsburg, PA",2022-01,10,-10,0
17024.0,"Elliottsburg, PA",2022-02,9,-9,0
17024.0,"Elliottsburg, PA",2022-03,8,-8,0
17024.0,"Elliottsburg, PA",2022-04,7,-7,0
17024.0,"Elliottsburg, PA",2022-05,6,-6,0
17024.0,"Elliottsburg, PA",2022-06,5,-5,0
17024.0,"Elliottsburg, PA",2022-07,4,-4,0
17024.0,"Elliottsburg, PA",2022-08,3,-3,0
17024.0,"Elliottsburg, PA",2022-09,2,-2,0
17024.0,"Elliottsburg, PA",2022-10,1,-1,0
17024.0,"Elliottsburg, PA",2022-11,0,0,1
17024.0,"Elliottsburg, PA",2022-12,-1,1,0
17025.0,"Enola, PA",2022-01,10,-10,0
17025.0,"Enola, PA",2022-02,9,-9,0
17025.0,"Enola, PA",2022-03,8,-8,0
17025.0,"Enola, PA",2022-04,7,-7,0
17025.0,"Enola, PA",2022-05,6,-6,0
17025.0,"Enola, PA",2022-06,5,-5,0
17025.0,"Enola, PA",2022-07,4,-4,0
17025.0,"Enola, PA",2022-08,3,-3,0
17025.0,"Enola, PA",2022-09,2,-2,0
17025.0,"Enola, PA",2022-10,1,-1,0
17025.0,"Enola, PA",2022-11,0,0,1
17025.0,"Enola, PA",2022-12,-1,1,0
17026.0,"Fredericksburg, PA",2022-01,10,-10,0
17026.0,"Fredericksburg, PA",2022-02,9,-9,0
17026.0,"Fredericksburg, PA",2022-03,8,-8,0
17026.0,"Fredericksburg, PA",2022-04,7,-7,0
17026.0,"Fredericksburg, PA",2022-05,6,-6,0
17026.0,"Fredericksburg, PA",2022-06,5,-5,0
17026.0,"Fredericksburg, PA",2022-07,4,-4,0
17026.0,"Fredericksburg, PA",2022-08,3,-3,0
17026.0,"Fredericksburg, PA",2022-09,2,-2,0
17026.0,"Fredericksburg, PA",2022-10,1,-1,0
17026.0,"Fredericksburg, PA",2022-11,0,0,1
17026.0,"Fredericksburg, PA",2022-12,-1,1,0
17027.0,"Grantham, PA",2022-01,10,-10,0
17027.0,"Grantham, PA",2022-02,9,-9,0
17027.0,"Grantham, PA",2022-03,8,-8,0
17027.0,"Grantham, PA",2022-04,7,-7,0
17027.0,"Grantham, PA",2022-05,6,-6,0
17027.0,"Grantham, PA",2022-06,5,-5,0
17027.0,"Grantham, PA",2022-07,4,-4,0
17027.0,"Grantham, PA",2022-08,3,-3,0
17027.0,"Grantham, PA",2022-09,2,-2,0
17027.0,"Grantham, PA",2022-10,1,-1,0
17027.0,"Grantham, PA",2022-11,0,0,1
17027.0,"Grantham, PA",2022-12,-1,1,0
17028.0,"Grantville, PA",2022-01,10,-10,0
17028.0,"Grantville, PA",2022-02,9,-9,0
17028.0,"Grantville, PA",2022-03,8,-8,0
17028.0,"Grantville, PA",2022-04,7,-7,0
17028.0,"Grantville, PA",2022-05,6,-6,0
17028.0,"Grantville, PA",2022-06,5,-5,0
17028.0,"Grantville, PA",2022-07,4,-4,0
17028.0,"Grantville, PA",2022-08,3,-3,0
17028.0,"Grantville, PA",2022-09,2,-2,0
17028.0,"Grantville, PA",2022-10,1,-1,0
17028.0,"Grantville, PA",2022-11,0,0,1
17028.0,"Grantville, PA",2022-12,-1,1,0
17029.0,"Granville, PA",2022-01,10,-10,0
17029.0,"Granville, PA",2022-02,9,-9,0
17029.0,"Granville, PA",2022-03,8,-8,0
17029.0,"Granville, PA",2022-04,7,-7,0
17029.0,"Granville, PA",2022-05,6,-6,0
17029.0,"Granville, PA",2022-06,5,-5,0
17029.0,"Granville, PA",2022-07,4,-4,0
17029.0,"Granville, PA",2022-08,3,-3,0
17029.0,"Granville, PA",2022-09,2,-2,0
17029.0,"Granville, PA",2022-10,1,-1,0
17029.0,"Granville, PA",2022-11,0,0,1
17029.0,"Granville, PA",2022-12,-1,1,0
17030.0,"Gratz, PA",2022-01,10,-10,0
17030.0,"Gratz, PA",2022-02,9,-9,0
17030.0,"Gratz, PA",2022-03,8,-8,0
17030.0,"Gratz, PA",2022-04,7,-7,0
17030.0,"Gratz, PA",2022-05,6,-6,0
17030.0,"Gratz, PA",2022-06,5,-5,0
17030.0,"Gratz, PA",2022-07,4,-4,0
17030.0,"Gratz, PA",2022-08,3,-3,0
17030.0,"Gratz, PA",2022-09,2,-2,0
17030.0,"Gratz, PA",2022-10,1,-1,0
17030.0,"Gratz, PA",2022-11,0,0,1
17030.0,"Gratz, PA",2022-12,-1,1,0
17032.0,"Halifax, PA",2022-01,10,-10,0
17032.0,"Halifax, PA",2022-02,9,-9,0
17032.0,"Halifax, PA",2022-03,8,-8,0
17032.0,"Halifax, PA",2022-04,7,-7,0
17032.0,"Halifax, PA",2022-05,6,-6,0
17032.0,"Halifax, PA",2022-06,5,-5,0
17032.0,"Halifax, PA",2022-07,4,-4,0
17032.0,"Halifax, PA",2022-08,3,-3,0
17032.0,"Halifax, PA",2022-09,2,-2,0
17032.0,"Halifax, PA",2022-10,1,-1,0
17032.0,"Halifax, PA",2022-11,0,0,1
17032.0,"Halifax, PA",2022-12,-1,1,0
17033.0,"Hershey, PA",2022-01,10,-10,0
17033.0,"Hershey, PA",2022-02,9,-9,0
17033.0,"Hershey, PA",2022-03,8,-8,0
17033.0,"Hershey, PA",2022-04,7,-7,0
17033.0,"Hershey, PA",2022-05,6,-6,0
17033.0,"Hershey, PA",2022-06,5,-5,0
17033.0,"Hershey, PA",2022-07,4,-4,0
17033.0,"Hershey, PA",2022-08,3,-3,0
17033.0,"Hershey, PA",2022-09,2,-2,0
17033.0,"Hershey, PA",2022-10,1,-1,0
17033.0,"Hershey, PA",2022-11,0,0,1
17033.0,"Hershey, PA",2022-12,-1,1,0
17034.0,"Highspire, PA",2022-01,10,-10,0
17034.0,"Highspire, PA",2022-02,9,-9,0
17034.0,"Highspire, PA",2022-03,8,-8,0
17034.0,"Highspire, PA",2022-04,7,-7,0
17034.0,"Highspire, PA",2022-05,6,-6,0
17034.0,"Highspire, PA",2022-06,5,-5,0
17034.0,"Highspire, PA",2022-07,4,-4,0
17034.0,"Highspire, PA",2022-08,3,-3,0
17034.0,"Highspire, PA",2022-09,2,-2,0
17034.0,"Highspire, PA",2022-10,1,-1,0
17034.0,"Highspire, PA",2022-11,0,0,1
17034.0,"Highspire, PA",2022-12,-1,1,0
17035.0,"Honey Grove, PA",2022-01,10,-10,0
17035.0,"Honey Grove, PA",2022-02,9,-9,0
17035.0,"Honey Grove, PA",2022-03,8,-8,0
17035.0,"Honey Grove, PA",2022-04,7,-7,0
17035.0,"Honey Grove, PA",2022-05,6,-6,0
17035.0,"Honey Grove, PA",2022-06,5,-5,0
17035.0,"Honey Grove, PA",2022-07,4,-4,0
17035.0,"Honey Grove, PA",2022-08,3,-3,0
17035.0,"Honey Grove, PA",2022-09,2,-2,0
17035.0,"Honey Grove, PA",2022-10,1,-1,0
17035.0,"Honey Grove, PA",2022-11,0,0,1
17035.0,"Honey Grove, PA",2022-12,-1,1,0
17036.0,"Hummelstown, PA",2022-01,10,-10,0
17036.0,"Hummelstown, PA",2022-02,9,-9,0
17036.0,"Hummelstown, PA",2022-03,8,-8,0
17036.0,"Hummelstown, PA",2022-04,7,-7,0
17036.0,"Hummelstown, PA",2022-05,6,-6,0
17036.0,"Hummelstown, PA",2022-06,5,-5,0
17036.0,"Hummelstown, PA",2022-07,4,-4,0
17036.0,"Hummelstown, PA",2022-08,3,-3,0
17036.0,"Hummelstown, PA",2022-09,2,-2,0
17036.0,"Hummelstown, PA",2022-10,1,-1,0
17036.0,"Hummelstown, PA",2022-11,0,0,1
17036.0,"Hummelstown, PA",2022-12,-1,1,0
17037.0,"Ickesburg, PA",2022-01,10,-10,0
17037.0,"Ickesburg, PA",2022-02,9,-9,0
17037.0,"Ickesburg, PA",2022-03,8,-8,0
17037.0,"Ickesburg, PA",2022-04,7,-7,0
17037.0,"Ickesburg, PA",2022-05,6,-6,0
17037.0,"Ickesburg, PA",2022-06,5,-5,0
17037.0,"Ickesburg, PA",2022-07,4,-4,0
17037.0,"Ickesburg, PA",2022-08,3,-3,0
17037.0,"Ickesburg, PA",2022-09,2,-2,0
17037.0,"Ickesburg, PA",2022-10,1,-1,0
17037.0,"Ickesburg, PA",2022-11,0,0,1
17037.0,"Ickesburg, PA",2022-12,-1,1,0
17038.0,"Jonestown, PA",2022-01,10,-10,0
17038.0,"Jonestown, PA",2022-02,9,-9,0
17038.0,"Jonestown, PA",2022-03,8,-8,0
17038.0,"Jonestown, PA",2022-04,7,-7,0
17038.0,"Jonestown, PA",2022-05,6,-6,0
17038.0,"Jonestown, PA",2022-06,5,-5,0
17038.0,"Jonestown, PA",2022-07,4,-4,0
17038.0,"Jonestown, PA",2022-08,3,-3,0
17038.0,"Jonestown, PA",2022-09,2,-2,0
17038.0,"Jonestown, PA",2022-10,1,-1,0
17038.0,"Jonestown, PA",2022-11,0,0,1
17038.0,"Jonestown, PA",2022-12,-1,1,0
17039.0,"Kleinfeltersville, PA",2022-01,10,-10,0
17039.0,"Kleinfeltersville, PA",2022-02,9,-9,0
17039.0,"Kleinfeltersville, PA",2022-03,8,-8,0
17039.0,"Kleinfeltersville, PA",2022-04,7,-7,0
17039.0,"Kleinfeltersville, PA",2022-05,6,-6,0
17039.0,"Kleinfeltersville, PA",2022-06,5,-5,0
17039.0,"Kleinfeltersville, PA",2022-07,4,-4,0
17039.0,"Kleinfeltersville, PA",2022-08,3,-3,0
17039.0,"Kleinfeltersville, PA",2022-09,2,-2,0
17039.0,"Kleinfeltersville, PA",2022-10,1,-1,0
17039.0,"Kleinfeltersville, PA",2022-11,0,0,1
17039.0,"Kleinfeltersville, PA",2022-12,-1,1,0
17040.0,"Landisburg, PA",2022-01,10,-10,0
17040.0,"Landisburg, PA",2022-02,9,-9,0
17040.0,"Landisburg, PA",2022-03,8,-8,0
17040.0,"Landisburg, PA",2022-04,7,-7,0
17040.0,"Landisburg, PA",2022-05,6,-6,0
17040.0,"Landisburg, PA",2022-06,5,-5,0
17040.0,"Landisburg, PA",2022-07,4,-4,0
17040.0,"Landisburg, PA",2022-08,3,-3,0
17040.0,"Landisburg, PA",2022-09,2,-2,0
17040.0,"Landisburg, PA",2022-10,1,-1,0
17040.0,"Landisburg, PA",2022-11,0,0,1
17040.0,"Landisburg, PA",2022-12,-1,1,0
17041.0,"Lawn, PA",2022-01,10,-10,0
17041.0,"Lawn, PA",2022-02,9,-9,0
17041.0,"Lawn, PA",2022-03,8,-8,0
17041.0,"Lawn, PA",2022-04,7,-7,0
17041.0,"Lawn, PA",2022-05,6,-6,0
17041.0,"Lawn, PA",2022-06,5,-5,0
17041.0,"Lawn, PA",2022-07,4,-4,0
17041.0,"Lawn, PA",2022-08,3,-3,0
17041.0,"Lawn, PA",2022-09,2,-2,0
17041.0,"Lawn, PA",2022-10,1,-1,0
17041.0,"Lawn, PA",2022-11,0,0,1
17041.0,"Lawn, PA",2022-12,-1,1,0
17042.0,"Lebanon, PA",2022-01,10,-10,0
17042.0,"Lebanon, PA",2022-02,9,-9,0
17042.0,"Lebanon, PA",2022-03,8,-8,0
17042.0,"Lebanon, PA",2022-04,7,-7,0
17042.0,"Lebanon, PA",2022-05,6,-6,0
17042.0,"Lebanon, PA",2022-06,5,-5,0
17042.0,"Lebanon, PA",2022-07,4,-4,0
17042.0,"Lebanon, PA",2022-08,3,-3,0
17042.0,"Lebanon, PA",2022-09,2,-2,0
17042.0,"Lebanon, PA",2022-10,1,-1,0
17042.0,"Lebanon, PA",2022-11,0,0,1
17042.0,"Lebanon, PA",2022-12,-1,1,0
17043.0,"Lemoyne, PA",2022-01,10,-10,0
17043.0,"Lemoyne, PA",2022-02,9,-9,0
17043.0,"Lemoyne, PA",2022-03,8,-8,0
17043.0,"Lemoyne, PA",2022-04,7,-7,0
17043.0,"Lemoyne, PA",2022-05,6,-6,0
17043.0,"Lemoyne, PA",2022-06,5,-5,0
17043.0,"Lemoyne, PA",2022-07,4,-4,0
17043.0,"Lemoyne, PA",2022-08,3,-3,0
17043.0,"Lemoyne, PA",2022-09,2,-2,0
17043.0,"Lemoyne, PA",2022-10,1,-1,0
17043.0,"Lemoyne, PA",2022-11,0,0,1
17043.0,"Lemoyne, PA",2022-12,-1,1,0
17044.0,"Lewistown, PA",2022-01,10,-10,0
17044.0,"Lewistown, PA",2022-02,9,-9,0
17044.0,"Lewistown, PA",2022-03,8,-8,0
17044.0,"Lewistown, PA",2022-04,7,-7,0
17044.0,"Lewistown, PA",2022-05,6,-6,0
17044.0,"Lewistown, PA",2022-06,5,-5,0
17044.0,"Lewistown, PA",2022-07,4,-4,0
17044.0,"Lewistown, PA",2022-08,3,-3,0
17044.0,"Lewistown, PA",2022-09,2,-2,0
17044.0,"Lewistown, PA",2022-10,1,-1,0
17044.0,"Lewistown, PA",2022-11,0,0,1
17044.0,"Lewistown, PA",2022-12,-1,1,0
17045.0,"Liverpool, PA",2022-01,10,-10,0
17045.0,"Liverpool, PA",2022-02,9,-9,0
17045.0,"Liverpool, PA",2022-03,8,-8,0
17045.0,"Liverpool, PA",2022-04,7,-7,0
17045.0,"Liverpool, PA",2022-05,6,-6,0
17045.0,"Liverpool, PA",2022-06,5,-5,0
17045.0,"Liverpool, PA",2022-07,4,-4,0
17045.0,"Liverpool, PA",2022-08,3,-3,0
17045.0,"Liverpool, PA",2022-09,2,-2,0
17045.0,"Liverpool, PA",2022-10,1,-1,0
17045.0,"Liverpool, PA",2022-11,0,0,1
17045.0,"Liverpool, PA",2022-12,-1,1,0
17046.0,"Lebanon, PA",2022-01,10,-10,0
17046.0,"Lebanon, PA",2022-02,9,-9,0
17046.0,"Lebanon, PA",2022-03,8,-8,0
17046.0,"Lebanon, PA",2022-04,7,-7,0
17046.0,"Lebanon, PA",2022-05,6,-6,0
17046.0,"Lebanon, PA",2022-06,5,-5,0
17046.0,"Lebanon, PA",2022-07,4,-4,0
17046.0,"Lebanon, PA",2022-08,3,-3,0
17046.0,"Lebanon, PA",2022-09,2,-2,0
17046.0,"Lebanon, PA",2022-10,1,-1,0
17046.0,"Lebanon, PA",2022-11,0,0,1
17046.0,"Lebanon, PA",2022-12,-1,1,0
17047.0,"Loysville, PA",2022-01,10,-10,0
17047.0,"Loysville, PA",2022-02,9,-9,0
17047.0,"Loysville, PA",2022-03,8,-8,0
17047.0,"Loysville, PA",2022-04,7,-7,0
17047.0,"Loysville, PA",2022-05,6,-6,0
17047.0,"Loysville, PA",2022-06,5,-5,0
17047.0,"Loysville, PA",2022-07,4,-4,0
17047.0,"Loysville, PA",2022-08,3,-3,0
17047.0,"Loysville, PA",2022-09,2,-2,0
17047.0,"Loysville, PA",2022-10,1,-1,0
17047.0,"Loysville, PA",2022-11,0,0,1
17047.0,"Loysville, PA",2022-12,-1,1,0
17048.0,"Lykens, PA",2022-01,10,-10,0
17048.0,"Lykens, PA",2022-02,9,-9,0
17048.0,"Lykens, PA",2022-03,8,-8,0
17048.0,"Lykens, PA",2022-04,7,-7,0
17048.0,"Lykens, PA",2022-05,6,-6,0
17048.0,"Lykens, PA",2022-06,5,-5,0
17048.0,"Lykens, PA",2022-07,4,-4,0
17048.0,"Lykens, PA",2022-08,3,-3,0
17048.0,"Lykens, PA",2022-09,2,-2,0
17048.0,"Lykens, PA",2022-10,1,-1,0
17048.0,"Lykens, PA",2022-11,0,0,1
17048.0,"Lykens, PA",2022-12,-1,1,0
17049.0,"McAlisterville, PA",2022-01,10,-10,0
17049.0,"McAlisterville, PA",2022-02,9,-9,0
17049.0,"McAlisterville, PA",2022-03,8,-8,0
17049.0,"McAlisterville, PA",2022-04,7,-7,0
17049.0,"McAlisterville, PA",2022-05,6,-6,0
17049.0,"McAlisterville, PA",2022-06,5,-5,0
17049.0,"McAlisterville, PA",2022-07,4,-4,0
17049.0,"McAlisterville, PA",2022-08,3,-3,0
17049.0,"McAlisterville, PA",2022-09,2,-2,0
17049.0,"McAlisterville, PA",2022-10,1,-1,0
17049.0,"McAlisterville, PA",2022-11,0,0,1
17049.0,"McAlisterville, PA",2022-12,-1,1,0
17050.0,"Mechanicsburg, PA",2022-01,10,-10,0
17050.0,"Mechanicsburg, PA",2022-02,9,-9,0
17050.0,"Mechanicsburg, PA",2022-03,8,-8,0
17050.0,"Mechanicsburg, PA",2022-04,7,-7,0
17050.0,"Mechanicsburg, PA",2022-05,6,-6,0
17050.0,"Mechanicsburg, PA",2022-06,5,-5,0
17050.0,"Mechanicsburg, PA",2022-07,4,-4,0
17050.0,"Mechanicsburg, PA",2022-08,3,-3,0
17050.0,"Mechanicsburg, PA",2022-09,2,-2,0
17050.0,"Mechanicsburg, PA",2022-10,1,-1,0
17050.0,"Mechanicsburg, PA",2022-11,0,0,1
17050.0,"Mechanicsburg, PA",2022-12,-1,1,0
17051.0,"McVeytown, PA",2022-01,10,-10,0
17051.0,"McVeytown, PA",2022-02,9,-9,0
17051.0,"McVeytown, PA",2022-03,8,-8,0
17051.0,"McVeytown, PA",2022-04,7,-7,0
17051.0,"McVeytown, PA",2022-05,6,-6,0
17051.0,"McVeytown, PA",2022-06,5,-5,0
17051.0,"McVeytown, PA",2022-07,4,-4,0
17051.0,"McVeytown, PA",2022-08,3,-3,0
17051.0,"McVeytown, PA",2022-09,2,-2,0
17051.0,"McVeytown, PA",2022-10,1,-1,0
17051.0,"McVeytown, PA",2022-11,0,0,1
17051.0,"McVeytown, PA",2022-12,-1,1,0
17052.0,"Mapleton Depot, PA",2022-01,10,-10,0
17052.0,"Mapleton Depot, PA",2022-02,9,-9,0
17052.0,"Mapleton Depot, PA",2022-03,8,-8,0
17052.0,"Mapleton Depot, PA",2022-04,7,-7,0
17052.0,"Mapleton Depot, PA",2022-05,6,-6,0
17052.0,"Mapleton Depot, PA",2022-06,5,-5,0
17052.0,"Mapleton Depot, PA",2022-07,4,-4,0
17052.0,"Mapleton Depot, PA",2022-08,3,-3,0
17052.0,"Mapleton Depot, PA",2022-09,2,-2,0
17052.0,"Mapleton Depot, PA",2022-10,1,-1,0
17052.0,"Mapleton Depot, PA",2022-11,0,0,1
17052.0,"Mapleton Depot, PA",2022-12,-1,1,0
17053.0,"Marysville, PA",2022-01,10,-10,0
17053.0,"Marysville, PA",2022-02,9,-9,0
17053.0,"Marysville, PA",2022-03,8,-8,0
17053.0,"Marysville, PA",2022-04,7,-7,0
17053.0,"Marysville, PA",2022-05,6,-6,0
17053.0,"Marysville, PA",2022-06,5,-5,0
17053.0,"Marysville, PA",2022-07,4,-4,0
17053.0,"Marysville, PA",2022-08,3,-3,0
17053.0,"Marysville, PA",2022-09,2,-2,0
17053.0,"Marysville, PA",2022-10,1,-1,0
17053.0,"Marysville, PA",2022-11,0,0,1
17053.0,"Marysville, PA",2022-12,-1,1,0
17054.0,"Mattawana, PA",2022-01,10,-10,0
17054.0,"Mattawana, PA",2022-02,9,-9,0
17054.0,"Mattawana, PA",2022-03,8,-8,0
17054.0,"Mattawana, PA",2022-04,7,-7,0
17054.0,"Mattawana, PA",2022-05,6,-6,0
17054.0,"Mattawana, PA",2022-06,5,-5,0
17054.0,"Mattawana, PA",2022-07,4,-4,0
17054.0,"Mattawana, PA",2022-08,3,-3,0
17054.0,"Mattawana, PA",2022-09,2,-2,0
17054.0,"Mattawana, PA",2022-10,1,-1,0
17054.0,"Mattawana, PA",2022-11,0,0,1
17054.0,"Mattawana, PA",2022-12,-1,1,0
17055.0,"Mechanicsburg, PA",2022-01,10,-10,0
17055.0,"Mechanicsburg, PA",2022-02,9,-9,0
17055.0,"Mechanicsburg, PA",2022-03,8,-8,0
17055.0,"Mechanicsburg, PA",2022-04,7,-7,0
17055.0,"Mechanicsburg, PA",2022-05,6,-6,0
17055.0,"Mechanicsburg, PA",2022-06,5,-5,0
17055.0,"Mechanicsburg, PA",2022-07,4,-4,0
17055.0,"Mechanicsburg, PA",2022-08,3,-3,0
17055.0,"Mechanicsburg, PA",2022-09,2,-2,0
17055.0,"Mechanicsburg, PA",2022-10,1,-1,0
17055.0,"Mechanicsburg, PA",2022-11,0,0,1
17055.0,"Mechanicsburg, PA",2022-12,-1,1,0
17056.0,"Mexico, PA",2022-01,10,-10,0
17056.0,"Mexico, PA",2022-02,9,-9,0
17056.0,"Mexico, PA",2022-03,8,-8,0
17056.0,"Mexico, PA",2022-04,7,-7,0
17056.0,"Mexico, PA",2022-05,6,-6,0
17056.0,"Mexico, PA",2022-06,5,-5,0
17056.0,"Mexico, PA",2022-07,4,-4,0
17056.0,"Mexico, PA",2022-08,3,-3,0
17056.0,"Mexico, PA",2022-09,2,-2,0
17056.0,"Mexico, PA",2022-10,1,-1,0
17056.0,"Mexico, PA",2022-11,0,0,1
17056.0,"Mexico, PA",2022-12,-1,1,0
17057.0,"Middletown, PA",2022-01,10,-10,0
17057.0,"Middletown, PA",2022-02,9,-9,0
17057.0,"Middletown, PA",2022-03,8,-8,0
17057.0,"Middletown, PA",2022-04,7,-7,0
17057.0,"Middletown, PA",2022-05,6,-6,0
17057.0,"Middletown, PA",2022-06,5,-5,0
17057.0,"Middletown, PA",2022-07,4,-4,0
17057.0,"Middletown, PA",2022-08,3,-3,0
17057.0,"Middletown, PA",2022-09,2,-2,0
17057.0,"Middletown, PA",2022-10,1,-1,0
17057.0,"Middletown, PA",2022-11,0,0,1
17057.0,"Middletown, PA",2022-12,-1,1,0
17058.0,"Mifflin, PA",2022-01,10,-10,0
17058.0,"Mifflin, PA",2022-02,9,-9,0
17058.0,"Mifflin, PA",2022-03,8,-8,0
17058.0,"Mifflin, PA",2022-04,7,-7,0
17058.0,"Mifflin, PA",2022-05,6,-6,0
17058.0,"Mifflin, PA",2022-06,5,-5,0
17058.0,"Mifflin, PA",2022-07,4,-4,0
17058.0,"Mifflin, PA",2022-08,3,-3,0
17058.0,"Mifflin, PA",2022-09,2,-2,0
17058.0,"Mifflin, PA",2022-10,1,-1,0
17058.0,"Mifflin, PA",2022-11,0,0,1
17058.0,"Mifflin, PA",2022-12,-1,1,0
17059.0,"Mifflintown, PA",2022-01,10,-10,0
17059.0,"Mifflintown, PA",2022-02,9,-9,0
17059.0,"Mifflintown, PA",2022-03,8,-8,0
17059.0,"Mifflintown, PA",2022-04,7,-7,0
17059.0,"Mifflintown, PA",2022-05,6,-6,0
17059.0,"Mifflintown, PA",2022-06,5,-5,0
17059.0,"Mifflintown, PA",2022-07,4,-4,0
17059.0,"Mifflintown, PA",2022-08,3,-3,0
17059.0,"Mifflintown, PA",2022-09,2,-2,0
17059.0,"Mifflintown, PA",2022-10,1,-1,0
17059.0,"Mifflintown, PA",2022-11,0,0,1
17059.0,"Mifflintown, PA",2022-12,-1,1,0
17060.0,"Mill Creek, PA",2022-01,10,-10,0
17060.0,"Mill Creek, PA",2022-02,9,-9,0
17060.0,"Mill Creek, PA",2022-03,8,-8,0
17060.0,"Mill Creek, PA",2022-04,7,-7,0
17060.0,"Mill Creek, PA",2022-05,6,-6,0
17060.0,"Mill Creek, PA",2022-06,5,-5,0
17060.0,"Mill Creek, PA",2022-07,4,-4,0
17060.0,"Mill Creek, PA",2022-08,3,-3,0
17060.0,"Mill Creek, PA",2022-09,2,-2,0
17060.0,"Mill Creek, PA",2022-10,1,-1,0
17060.0,"Mill Creek, PA",2022-11,0,0,1
17060.0,"Mill Creek, PA",2022-12,-1,1,0
17061.0,"Millersburg, PA",2022-01,10,-10,0
17061.0,"Millersburg, PA",2022-02,9,-9,0
17061.0,"Millersburg, PA",2022-03,8,-8,0
17061.0,"Millersburg, PA",2022-04,7,-7,0
17061.0,"Millersburg, PA",2022-05,6,-6,0
17061.0,"Millersburg, PA",2022-06,5,-5,0
17061.0,"Millersburg, PA",2022-07,4,-4,0
17061.0,"Millersburg, PA",2022-08,3,-3,0
17061.0,"Millersburg, PA",2022-09,2,-2,0
17061.0,"Millersburg, PA",2022-10,1,-1,0
17061.0,"Millersburg, PA",2022-11,0,0,1
17061.0,"Millersburg, PA",2022-12,-1,1,0
17062.0,"Millerstown, PA",2022-01,10,-10,0
17062.0,"Millerstown, PA",2022-02,9,-9,0
17062.0,"Millerstown, PA",2022-03,8,-8,0
17062.0,"Millerstown, PA",2022-04,7,-7,0
17062.0,"Millerstown, PA",2022-05,6,-6,0
17062.0,"Millerstown, PA",2022-06,5,-5,0
17062.0,"Millerstown, PA",2022-07,4,-4,0
17062.0,"Millerstown, PA",2022-08,3,-3,0
17062.0,"Millerstown, PA",2022-09,2,-2,0
17062.0,"Millerstown, PA",2022-10,1,-1,0
17062.0,"Millerstown, PA",2022-11,0,0,1
17062.0,"Millerstown, PA",2022-12,-1,1,0
17063.0,"Milroy, PA",2022-01,10,-10,0
17063.0,"Milroy, PA",2022-02,9,-9,0
17063.0,"Milroy, PA",2022-03,8,-8,0
17063.0,"Milroy, PA",2022-04,7,-7,0
17063.0,"Milroy, PA",2022-05,6,-6,0
17063.0,"Milroy, PA",2022-06,5,-5,0
17063.0,"Milroy, PA",2022-07,4,-4,0
17063.0,"Milroy, PA",2022-08,3,-3,0
17063.0,"Milroy, PA",2022-09,2,-2,0
17063.0,"Milroy, PA",2022-10,1,-1,0
17063.0,"Milroy, PA",2022-11,0,0,1
17063.0,"Milroy, PA",2022-12,-1,1,0
17064.0,"Mount Gretna, PA",2022-01,10,-10,0
17064.0,"Mount Gretna, PA",2022-02,9,-9,0
17064.0,"Mount Gretna, PA",2022-03,8,-8,0
17064.0,"Mount Gretna, PA",2022-04,7,-7,0
17064.0,"Mount Gretna, PA",2022-05,6,-6,0
17064.0,"Mount Gretna, PA",2022-06,5,-5,0
17064.0,"Mount Gretna, PA",2022-07,4,-4,0
17064.0,"Mount Gretna, PA",2022-08,3,-3,0
17064.0,"Mount Gretna, PA",2022-09,2,-2,0
17064.0,"Mount Gretna, PA",2022-10,1,-1,0
17064.0,"Mount Gretna, PA",2022-11,0,0,1
17064.0,"Mount Gretna, PA",2022-12,-1,1,0
17065.0,"Mount Holly Springs, PA",2022-01,10,-10,0
17065.0,"Mount Holly Springs, PA",2022-02,9,-9,0
17065.0,"Mount Holly Springs, PA",2022-03,8,-8,0
17065.0,"Mount Holly Springs, PA",2022-04,7,-7,0
17065.0,"Mount Holly Springs, PA",2022-05,6,-6,0
17065.0,"Mount Holly Springs, PA",2022-06,5,-5,0
17065.0,"Mount Holly Springs, PA",2022-07,4,-4,0
17065.0,"Mount Holly Springs, PA",2022-08,3,-3,0
17065.0,"Mount Holly Springs, PA",2022-09,2,-2,0
17065.0,"Mount Holly Springs, PA",2022-10,1,-1,0
17065.0,"Mount Holly Springs, PA",2022-11,0,0,1
17065.0,"Mount Holly Springs, PA",2022-12,-1,1,0
17066.0,"Mount Union, PA",2022-01,10,-10,0
17066.0,"Mount Union, PA",2022-02,9,-9,0
17066.0,"Mount Union, PA",2022-03,8,-8,0
17066.0,"Mount Union, PA",2022-04,7,-7,0
17066.0,"Mount Union, PA",2022-05,6,-6,0
17066.0,"Mount Union, PA",2022-06,5,-5,0
17066.0,"Mount Union, PA",2022-07,4,-4,0
17066.0,"Mount Union, PA",2022-08,3,-3,0
17066.0,"Mount Union, PA",2022-09,2,-2,0
17066.0,"Mount Union, PA",2022-10,1,-1,0
17066.0,"Mount Union, PA",2022-11,0,0,1
17066.0,"Mount Union, PA",2022-12,-1,1,0
17067.0,"Myerstown, PA",2022-01,10,-10,0
17067.0,"Myerstown, PA",2022-02,9,-9,0
17067.0,"Myerstown, PA",2022-03,8,-8,0
17067.0,"Myerstown, PA",2022-04,7,-7,0
17067.0,"Myerstown, PA",2022-05,6,-6,0
17067.0,"Myerstown, PA",2022-06,5,-5,0
17067.0,"Myerstown, PA",2022-07,4,-4,0
17067.0,"Myerstown, PA",2022-08,3,-3,0
17067.0,"Myerstown, PA",2022-09,2,-2,0
17067.0,"Myerstown, PA",2022-10,1,-1,0
17067.0,"Myerstown, PA",2022-11,0,0,1
17067.0,"Myerstown, PA",2022-12,-1,1,0
17068.0,"New Bloomfield, PA",2022-01,10,-10,0
17068.0,"New Bloomfield, PA",2022-02,9,-9,0
17068.0,"New Bloomfield, PA",2022-03,8,-8,0
17068.0,"New Bloomfield, PA",2022-04,7,-7,0
17068.0,"New Bloomfield, PA",2022-05,6,-6,0
17068.0,"New Bloomfield, PA",2022-06,5,-5,0
17068.0,"New Bloomfield, PA",2022-07,4,-4,0
17068.0,"New Bloomfield, PA",2022-08,3,-3,0
17068.0,"New Bloomfield, PA",2022-09,2,-2,0
17068.0,"New Bloomfield, PA",2022-10,1,-1,0
17068.0,"New Bloomfield, PA",2022-11,0,0,1
17068.0,"New Bloomfield, PA",2022-12,-1,1,0
17069.0,"New Buffalo, PA",2022-01,10,-10,0
17069.0,"New Buffalo, PA",2022-02,9,-9,0
17069.0,"New Buffalo, PA",2022-03,8,-8,0
17069.0,"New Buffalo, PA",2022-04,7,-7,0
17069.0,"New Buffalo, PA",2022-05,6,-6,0
17069.0,"New Buffalo, PA",2022-06,5,-5,0
17069.0,"New Buffalo, PA",2022-07,4,-4,0
17069.0,"New Buffalo, PA",2022-08,3,-3,0
17069.0,"New Buffalo, PA",2022-09,2,-2,0
17069.0,"New Buffalo, PA",2022-10,1,-1,0
17069.0,"New Buffalo, PA",2022-11,0,0,1
17069.0,"New Buffalo, PA",2022-12,-1,1,0
17070.0,"New Cumberland, PA",2022-01,10,-10,0
17070.0,"New Cumberland, PA",2022-02,9,-9,0
17070.0,"New Cumberland, PA",2022-03,8,-8,0
17070.0,"New Cumberland, PA",2022-04,7,-7,0
17070.0,"New Cumberland, PA",2022-05,6,-6,0
17070.0,"New Cumberland, PA",2022-06,5,-5,0
17070.0,"New Cumberland, PA",2022-07,4,-4,0
17070.0,"New Cumberland, PA",2022-08,3,-3,0
17070.0,"New Cumberland, PA",2022-09,2,-2,0
17070.0,"New Cumberland, PA",2022-10,1,-1,0
17070.0,"New Cumberland, PA",2022-11,0,0,1
17070.0,"New Cumberland, PA",2022-12,-1,1,0
17071.0,"New Germantown, PA",2022-01,10,-10,0
17071.0,"New Germantown, PA",2022-02,9,-9,0
17071.0,"New Germantown, PA",2022-03,8,-8,0
17071.0,"New Germantown, PA",2022-04,7,-7,0
17071.0,"New Germantown, PA",2022-05,6,-6,0
17071.0,"New Germantown, PA",2022-06,5,-5,0
17071.0,"New Germantown, PA",2022-07,4,-4,0
17071.0,"New Germantown, PA",2022-08,3,-3,0
17071.0,"New Germantown, PA",2022-09,2,-2,0
17071.0,"New Germantown, PA",2022-10,1,-1,0
17071.0,"New Germantown, PA",2022-11,0,0,1
17071.0,"New Germantown, PA",2022-12,-1,1,0
17073.0,"Newmanstown, PA",2022-01,10,-10,0
17073.0,"Newmanstown, PA",2022-02,9,-9,0
17073.0,"Newmanstown, PA",2022-03,8,-8,0
17073.0,"Newmanstown, PA",2022-04,7,-7,0
17073.0,"Newmanstown, PA",2022-05,6,-6,0
17073.0,"Newmanstown, PA",2022-06,5,-5,0
17073.0,"Newmanstown, PA",2022-07,4,-4,0
17073.0,"Newmanstown, PA",2022-08,3,-3,0
17073.0,"Newmanstown, PA",2022-09,2,-2,0
17073.0,"Newmanstown, PA",2022-10,1,-1,0
17073.0,"Newmanstown, PA",2022-11,0,0,1
17073.0,"Newmanstown, PA",2022-12,-1,1,0
17074.0,"Newport, PA",2022-01,10,-10,0
17074.0,"Newport, PA",2022-02,9,-9,0
17074.0,"Newport, PA",2022-03,8,-8,0
17074.0,"Newport, PA",2022-04,7,-7,0
17074.0,"Newport, PA",2022-05,6,-6,0
17074.0,"Newport, PA",2022-06,5,-5,0
17074.0,"Newport, PA",2022-07,4,-4,0
17074.0,"Newport, PA",2022-08,3,-3,0
17074.0,"Newport, PA",2022-09,2,-2,0
17074.0,"Newport, PA",2022-10,1,-1,0
17074.0,"Newport, PA",2022-11,0,0,1
17074.0,"Newport, PA",2022-12,-1,1,0
17075.0,"Newton Hamilton, PA",2022-01,10,-10,0
17075.0,"Newton Hamilton, PA",2022-02,9,-9,0
17075.0,"Newton Hamilton, PA",2022-03,8,-8,0
17075.0,"Newton Hamilton, PA",2022-04,7,-7,0
17075.0,"Newton Hamilton, PA",2022-05,6,-6,0
17075.0,"Newton Hamilton, PA",2022-06,5,-5,0
17075.0,"Newton Hamilton, PA",2022-07,4,-4,0
17075.0,"Newton Hamilton, PA",2022-08,3,-3,0
17075.0,"Newton Hamilton, PA",2022-09,2,-2,0
17075.0,"Newton Hamilton, PA",2022-10,1,-1,0
17075.0,"Newton Hamilton, PA",2022-11,0,0,1
17075.0,"Newton Hamilton, PA",2022-12,-1,1,0
17076.0,"Oakland Mills, PA",2022-01,10,-10,0
17076.0,"Oakland Mills, PA",2022-02,9,-9,0
17076.0,"Oakland Mills, PA",2022-03,8,-8,0
17076.0,"Oakland Mills, PA",2022-04,7,-7,0
17076.0,"Oakland Mills, PA",2022-05,6,-6,0
17076.0,"Oakland Mills, PA",2022-06,5,-5,0
17076.0,"Oakland Mills, PA",2022-07,4,-4,0
17076.0,"Oakland Mills, PA",2022-08,3,-3,0
17076.0,"Oakland Mills, PA",2022-09,2,-2,0
17076.0,"Oakland Mills, PA",2022-10,1,-1,0
17076.0,"Oakland Mills, PA",2022-11,0,0,1
17076.0,"Oakland Mills, PA",2022-12,-1,1,0
17077.0,"Ono, PA",2022-01,10,-10,0
17077.0,"Ono, PA",2022-02,9,-9,0
17077.0,"Ono, PA",2022-03,8,-8,0
17077.0,"Ono, PA",2022-04,7,-7,0
17077.0,"Ono, PA",2022-05,6,-6,0
17077.0,"Ono, PA",2022-06,5,-5,0
17077.0,"Ono, PA",2022-07,4,-4,0
17077.0,"Ono, PA",2022-08,3,-3,0
17077.0,"Ono, PA",2022-09,2,-2,0
17077.0,"Ono, PA",2022-10,1,-1,0
17077.0,"Ono, PA",2022-11,0,0,1
17077.0,"Ono, PA",2022-12,-1,1,0
17078.0,"Palmyra, PA",2022-01,10,-10,0
17078.0,"Palmyra, PA",2022-02,9,-9,0
17078.0,"Palmyra, PA",2022-03,8,-8,0
17078.0,"Palmyra, PA",2022-04,7,-7,0
17078.0,"Palmyra, PA",2022-05,6,-6,0
17078.0,"Palmyra, PA",2022-06,5,-5,0
17078.0,"Palmyra, PA",2022-07,4,-4,0
17078.0,"Palmyra, PA",2022-08,3,-3,0
17078.0,"Palmyra, PA",2022-09,2,-2,0
17078.0,"Palmyra, PA",2022-10,1,-1,0
17078.0,"Palmyra, PA",2022-11,0,0,1
17078.0,"Palmyra, PA",2022-12,-1,1,0
17080.0,"Pillow, PA",2022-01,10,-10,0
17080.0,"Pillow, PA",2022-02,9,-9,0
17080.0,"Pillow, PA",2022-03,8,-8,0
17080.0,"Pillow, PA",2022-04,7,-7,0
17080.0,"Pillow, PA",2022-05,6,-6,0
17080.0,"Pillow, PA",2022-06,5,-5,0
17080.0,"Pillow, PA",2022-07,4,-4,0
17080.0,"Pillow, PA",2022-08,3,-3,0
17080.0,"Pillow, PA",2022-09,2,-2,0
17080.0,"Pillow, PA",2022-10,1,-1,0
17080.0,"Pillow, PA",2022-11,0,0,1
17080.0,"Pillow, PA",2022-12,-1,1,0
17081.0,"Plainfield, PA",2022-01,10,-10,0
17081.0,"Plainfield, PA",2022-02,9,-9,0
17081.0,"Plainfield, PA",2022-03,8,-8,0
17081.0,"Plainfield, PA",2022-04,7,-7,0
17081.0,"Plainfield, PA",2022-05,6,-6,0
17081.0,"Plainfield, PA",2022-06,5,-5,0
17081.0,"Plainfield, PA",2022-07,4,-4,0
17081.0,"Plainfield, PA",2022-08,3,-3,0
17081.0,"Plainfield, PA",2022-09,2,-2,0
17081.0,"Plainfield, PA",2022-10,1,-1,0
17081.0,"Plainfield, PA",2022-11,0,0,1
17081.0,"Plainfield, PA",2022-12,-1,1,0
17082.0,"Port Royal, PA",2022-01,10,-10,0
17082.0,"Port Royal, PA",2022-02,9,-9,0
17082.0,"Port Royal, PA",2022-03,8,-8,0
17082.0,"Port Royal, PA",2022-04,7,-7,0
17082.0,"Port Royal, PA",2022-05,6,-6,0
17082.0,"Port Royal, PA",2022-06,5,-5,0
17082.0,"Port Royal, PA",2022-07,4,-4,0
17082.0,"Port Royal, PA",2022-08,3,-3,0
17082.0,"Port Royal, PA",2022-09,2,-2,0
17082.0,"Port Royal, PA",2022-10,1,-1,0
17082.0,"Port Royal, PA",2022-11,0,0,1
17082.0,"Port Royal, PA",2022-12,-1,1,0
17084.0,"Reedsville, PA",2022-01,10,-10,0
17084.0,"Reedsville, PA",2022-02,9,-9,0
17084.0,"Reedsville, PA",2022-03,8,-8,0
17084.0,"Reedsville, PA",2022-04,7,-7,0
17084.0,"Reedsville, PA",2022-05,6,-6,0
17084.0,"Reedsville, PA",2022-06,5,-5,0
17084.0,"Reedsville, PA",2022-07,4,-4,0
17084.0,"Reedsville, PA",2022-08,3,-3,0
17084.0,"Reedsville, PA",2022-09,2,-2,0
17084.0,"Reedsville, PA",2022-10,1,-1,0
17084.0,"Reedsville, PA",2022-11,0,0,1
17084.0,"Reedsville, PA",2022-12,-1,1,0
17086.0,"Richfield, PA",2022-01,10,-10,0
17086.0,"Richfield, PA",2022-02,9,-9,0
17086.0,"Richfield, PA",2022-03,8,-8,0
17086.0,"Richfield, PA",2022-04,7,-7,0
17086.0,"Richfield, PA",2022-05,6,-6,0
17086.0,"Richfield, PA",2022-06,5,-5,0
17086.0,"Richfield, PA",2022-07,4,-4,0
17086.0,"Richfield, PA",2022-08,3,-3,0
17086.0,"Richfield, PA",2022-09,2,-2,0
17086.0,"Richfield, PA",2022-10,1,-1,0
17086.0,"Richfield, PA",2022-11,0,0,1
17086.0,"Richfield, PA",2022-12,-1,1,0
17087.0,"Richland, PA",2022-01,10,-10,0
17087.0,"Richland, PA",2022-02,9,-9,0
17087.0,"Richland, PA",2022-03,8,-8,0
17087.0,"Richland, PA",2022-04,7,-7,0
17087.0,"Richland, PA",2022-05,6,-6,0
17087.0,"Richland, PA",2022-06,5,-5,0
17087.0,"Richland, PA",2022-07,4,-4,0
17087.0,"Richland, PA",2022-08,3,-3,0
17087.0,"Richland, PA",2022-09,2,-2,0
17087.0,"Richland, PA",2022-10,1,-1,0
17087.0,"Richland, PA",2022-11,0,0,1
17087.0,"Richland, PA",2022-12,-1,1,0
17088.0,"Schaefferstown, PA",2022-01,10,-10,0
17088.0,"Schaefferstown, PA",2022-02,9,-9,0
17088.0,"Schaefferstown, PA",2022-03,8,-8,0
17088.0,"Schaefferstown, PA",2022-04,7,-7,0
17088.0,"Schaefferstown, PA",2022-05,6,-6,0
17088.0,"Schaefferstown, PA",2022-06,5,-5,0
17088.0,"Schaefferstown, PA",2022-07,4,-4,0
17088.0,"Schaefferstown, PA",2022-08,3,-3,0
17088.0,"Schaefferstown, PA",2022-09,2,-2,0
17088.0,"Schaefferstown, PA",2022-10,1,-1,0
17088.0,"Schaefferstown, PA",2022-11,0,0,1
17088.0,"Schaefferstown, PA",2022-12,-1,1,0
17090.0,"Shermans Dale, PA",2022-01,10,-10,0
17090.0,"Shermans Dale, PA",2022-02,9,-9,0
17090.0,"Shermans Dale, PA",2022-03,8,-8,0
17090.0,"Shermans Dale, PA",2022-04,7,-7,0
17090.0,"Shermans Dale, PA",2022-05,6,-6,0
17090.0,"Shermans Dale, PA",2022-06,5,-5,0
17090.0,"Shermans Dale, PA",2022-07,4,-4,0
17090.0,"Shermans Dale, PA",2022-08,3,-3,0
17090.0,"Shermans Dale, PA",2022-09,2,-2,0
17090.0,"Shermans Dale, PA",2022-10,1,-1,0
17090.0,"Shermans Dale, PA",2022-11,0,0,1
17090.0,"Shermans Dale, PA",2022-12,-1,1,0
17093.0,"Summerdale, PA",2022-01,10,-10,0
17093.0,"Summerdale, PA",2022-02,9,-9,0
17093.0,"Summerdale, PA",2022-03,8,-8,0
17093.0,"Summerdale, PA",2022-04,7,-7,0
17093.0,"Summerdale, PA",2022-05,6,-6,0
17093.0,"Summerdale, PA",2022-06,5,-5,0
17093.0,"Summerdale, PA",2022-07,4,-4,0
17093.0,"Summerdale, PA",2022-08,3,-3,0
17093.0,"Summerdale, PA",2022-09,2,-2,0
17093.0,"Summerdale, PA",2022-10,1,-1,0
17093.0,"Summerdale, PA",2022-11,0,0,1
17093.0,"Summerdale, PA",2022-12,-1,1,0
17094.0,"Thompsontown, PA",2022-01,10,-10,0
17094.0,"Thompsontown, PA",2022-02,9,-9,0
17094.0,"Thompsontown, PA",2022-03,8,-8,0
17094.0,"Thompsontown, PA",2022-04,7,-7,0
17094.0,"Thompsontown, PA",2022-05,6,-6,0
17094.0,"Thompsontown, PA",2022-06,5,-5,0
17094.0,"Thompsontown, PA",2022-07,4,-4,0
17094.0,"Thompsontown, PA",2022-08,3,-3,0
17094.0,"Thompsontown, PA",2022-09,2,-2,0
17094.0,"Thompsontown, PA",2022-10,1,-1,0
17094.0,"Thompsontown, PA",2022-11,0,0,1
17094.0,"Thompsontown, PA",2022-12,-1,1,0
17097.0,"Wiconisco, PA",2022-01,10,-10,0
17097.0,"Wiconisco, PA",2022-02,9,-9,0
17097.0,"Wiconisco, PA",2022-03,8,-8,0
17097.0,"Wiconisco, PA",2022-04,7,-7,0
17097.0,"Wiconisco, PA",2022-05,6,-6,0
17097.0,"Wiconisco, PA",2022-06,5,-5,0
17097.0,"Wiconisco, PA",2022-07,4,-4,0
17097.0,"Wiconisco, PA",2022-08,3,-3,0
17097.0,"Wiconisco, PA",2022-09,2,-2,0
17097.0,"Wiconisco, PA",2022-10,1,-1,0
17097.0,"Wiconisco, PA",2022-11,0,0,1
17097.0,"Wiconisco, PA",2022-12,-1,1,0
17098.0,"Williamstown, PA",2022-01,10,-10,0
17098.0,"Williamstown, PA",2022-02,9,-9,0
17098.0,"Williamstown, PA",2022-03,8,-8,0
17098.0,"Williamstown, PA",2022-04,7,-7,0
17098.0,"Williamstown, PA",2022-05,6,-6,0
17098.0,"Williamstown, PA",2022-06,5,-5,0
17098.0,"Williamstown, PA",2022-07,4,-4,0
17098.0,"Williamstown, PA",2022-08,3,-3,0
17098.0,"Williamstown, PA",2022-09,2,-2,0
17098.0,"Williamstown, PA",2022-10,1,-1,0
17098.0,"Williamstown, PA",2022-11,0,0,1
17098.0,"Williamstown, PA",2022-12,-1,1,0
17099.0,"Yeagertown, PA",2022-01,10,-10,0
17099.0,"Yeagertown, PA",2022-02,9,-9,0
17099.0,"Yeagertown, PA",2022-03,8,-8,0
17099.0,"Yeagertown, PA",2022-04,7,-7,0
17099.0,"Yeagertown, PA",2022-05,6,-6,0
17099.0,"Yeagertown, PA",2022-06,5,-5,0
17099.0,"Yeagertown, PA",2022-07,4,-4,0
17099.0,"Yeagertown, PA",2022-08,3,-3,0
17099.0,"Yeagertown, PA",2022-09,2,-2,0
17099.0,"Yeagertown, PA",2022-10,1,-1,0
17099.0,"Yeagertown, PA",2022-11,0,0,1
17099.0,"Yeagertown, PA",2022-12,-1,1,0
17101.0,"Harrisburg, PA",2022-01,10,-10,0
17101.0,"Harrisburg, PA",2022-02,9,-9,0
17101.0,"Harrisburg, PA",2022-03,8,-8,0
17101.0,"Harrisburg, PA",2022-04,7,-7,0
17101.0,"Harrisburg, PA",2022-05,6,-6,0
17101.0,"Harrisburg, PA",2022-06,5,-5,0
17101.0,"Harrisburg, PA",2022-07,4,-4,0
17101.0,"Harrisburg, PA",2022-08,3,-3,0
17101.0,"Harrisburg, PA",2022-09,2,-2,0
17101.0,"Harrisburg, PA",2022-10,1,-1,0
17101.0,"Harrisburg, PA",2022-11,0,0,1
17101.0,"Harrisburg, PA",2022-12,-1,1,0
17102.0,"Harrisburg, PA",2022-01,10,-10,0
17102.0,"Harrisburg, PA",2022-02,9,-9,0
17102.0,"Harrisburg, PA",2022-03,8,-8,0
17102.0,"Harrisburg, PA",2022-04,7,-7,0
17102.0,"Harrisburg, PA",2022-05,6,-6,0
17102.0,"Harrisburg, PA",2022-06,5,-5,0
17102.0,"Harrisburg, PA",2022-07,4,-4,0
17102.0,"Harrisburg, PA",2022-08,3,-3,0
17102.0,"Harrisburg, PA",2022-09,2,-2,0
17102.0,"Harrisburg, PA",2022-10,1,-1,0
17102.0,"Harrisburg, PA",2022-11,0,0,1
17102.0,"Harrisburg, PA",2022-12,-1,1,0
17103.0,"Harrisburg, PA",2022-01,10,-10,0
17103.0,"Harrisburg, PA",2022-02,9,-9,0
17103.0,"Harrisburg, PA",2022-03,8,-8,0
17103.0,"Harrisburg, PA",2022-04,7,-7,0
17103.0,"Harrisburg, PA",2022-05,6,-6,0
17103.0,"Harrisburg, PA",2022-06,5,-5,0
17103.0,"Harrisburg, PA",2022-07,4,-4,0
17103.0,"Harrisburg, PA",2022-08,3,-3,0
17103.0,"Harrisburg, PA",2022-09,2,-2,0
17103.0,"Harrisburg, PA",2022-10,1,-1,0
17103.0,"Harrisburg, PA",2022-11,0,0,1
17103.0,"Harrisburg, PA",2022-12,-1,1,0
17104.0,"Harrisburg, PA",2022-01,10,-10,0
17104.0,"Harrisburg, PA",2022-02,9,-9,0
17104.0,"Harrisburg, PA",2022-03,8,-8,0
17104.0,"Harrisburg, PA",2022-04,7,-7,0
17104.0,"Harrisburg, PA",2022-05,6,-6,0
17104.0,"Harrisburg, PA",2022-06,5,-5,0
17104.0,"Harrisburg, PA",2022-07,4,-4,0
17104.0,"Harrisburg, PA",2022-08,3,-3,0
17104.0,"Harrisburg, PA",2022-09,2,-2,0
17104.0,"Harrisburg, PA",2022-10,1,-1,0
17104.0,"Harrisburg, PA",2022-11,0,0,1
17104.0,"Harrisburg, PA",2022-12,-1,1,0
17109.0,"Harrisburg, PA",2022-01,10,-10,0
17109.0,"Harrisburg, PA",2022-02,9,-9,0
17109.0,"Harrisburg, PA",2022-03,8,-8,0
17109.0,"Harrisburg, PA",2022-04,7,-7,0
17109.0,"Harrisburg, PA",2022-05,6,-6,0
17109.0,"Harrisburg, PA",2022-06,5,-5,0
17109.0,"Harrisburg, PA",2022-07,4,-4,0
17109.0,"Harrisburg, PA",2022-08,3,-3,0
17109.0,"Harrisburg, PA",2022-09,2,-2,0
17109.0,"Harrisburg, PA",2022-10,1,-1,0
17109.0,"Harrisburg, PA",2022-11,0,0,1
17109.0,"Harrisburg, PA",2022-12,-1,1,0
17110.0,"Harrisburg, PA",2022-01,10,-10,0
17110.0,"Harrisburg, PA",2022-02,9,-9,0
17110.0,"Harrisburg, PA",2022-03,8,-8,0
17110.0,"Harrisburg, PA",2022-04,7,-7,0
17110.0,"Harrisburg, PA",2022-05,6,-6,0
17110.0,"Harrisburg, PA",2022-06,5,-5,0
17110.0,"Harrisburg, PA",2022-07,4,-4,0
17110.0,"Harrisburg, PA",2022-08,3,-3,0
17110.0,"Harrisburg, PA",2022-09,2,-2,0
17110.0,"Harrisburg, PA",2022-10,1,-1,0
17110.0,"Harrisburg, PA",2022-11,0,0,1
17110.0,"Harrisburg, PA",2022-12,-1,1,0
17111.0,"Harrisburg, PA",2022-01,10,-10,0
17111.0,"Harrisburg, PA",2022-02,9,-9,0
17111.0,"Harrisburg, PA",2022-03,8,-8,0
17111.0,"Harrisburg, PA",2022-04,7,-7,0
17111.0,"Harrisburg, PA",2022-05,6,-6,0
17111.0,"Harrisburg, PA",2022-06,5,-5,0
17111.0,"Harrisburg, PA",2022-07,4,-4,0
17111.0,"Harrisburg, PA",2022-08,3,-3,0
17111.0,"Harrisburg, PA",2022-09,2,-2,0
17111.0,"Harrisburg, PA",2022-10,1,-1,0
17111.0,"Harrisburg, PA",2022-11,0,0,1
17111.0,"Harrisburg, PA",2022-12,-1,1,0
17112.0,"Harrisburg, PA",2022-01,10,-10,0
17112.0,"Harrisburg, PA",2022-02,9,-9,0
17112.0,"Harrisburg, PA",2022-03,8,-8,0
17112.0,"Harrisburg, PA",2022-04,7,-7,0
17112.0,"Harrisburg, PA",2022-05,6,-6,0
17112.0,"Harrisburg, PA",2022-06,5,-5,0
17112.0,"Harrisburg, PA",2022-07,4,-4,0
17112.0,"Harrisburg, PA",2022-08,3,-3,0
17112.0,"Harrisburg, PA",2022-09,2,-2,0
17112.0,"Harrisburg, PA",2022-10,1,-1,0
17112.0,"Harrisburg, PA",2022-11,0,0,1
17112.0,"Harrisburg, PA",2022-12,-1,1,0
17113.0,"Harrisburg, PA",2022-01,10,-10,0
17113.0,"Harrisburg, PA",2022-02,9,-9,0
17113.0,"Harrisburg, PA",2022-03,8,-8,0
17113.0,"Harrisburg, PA",2022-04,7,-7,0
17113.0,"Harrisburg, PA",2022-05,6,-6,0
17113.0,"Harrisburg, PA",2022-06,5,-5,0
17113.0,"Harrisburg, PA",2022-07,4,-4,0
17113.0,"Harrisburg, PA",2022-08,3,-3,0
17113.0,"Harrisburg, PA",2022-09,2,-2,0
17113.0,"Harrisburg, PA",2022-10,1,-1,0
17113.0,"Harrisburg, PA",2022-11,0,0,1
17113.0,"Harrisburg, PA",2022-12,-1,1,0
17120.0,"Harrisburg, PA",2022-01,10,-10,0
17120.0,"Harrisburg, PA",2022-02,9,-9,0
17120.0,"Harrisburg, PA",2022-03,8,-8,0
17120.0,"Harrisburg, PA",2022-04,7,-7,0
17120.0,"Harrisburg, PA",2022-05,6,-6,0
17120.0,"Harrisburg, PA",2022-06,5,-5,0
17120.0,"Harrisburg, PA",2022-07,4,-4,0
17120.0,"Harrisburg, PA",2022-08,3,-3,0
17120.0,"Harrisburg, PA",2022-09,2,-2,0
17120.0,"Harrisburg, PA",2022-10,1,-1,0
17120.0,"Harrisburg, PA",2022-11,0,0,1
17120.0,"Harrisburg, PA",2022-12,-1,1,0
17201.0,"Chambersburg, PA",2022-01,10,-10,0
17201.0,"Chambersburg, PA",2022-02,9,-9,0
17201.0,"Chambersburg, PA",2022-03,8,-8,0
17201.0,"Chambersburg, PA",2022-04,7,-7,0
17201.0,"Chambersburg, PA",2022-05,6,-6,0
17201.0,"Chambersburg, PA",2022-06,5,-5,0
17201.0,"Chambersburg, PA",2022-07,4,-4,0
17201.0,"Chambersburg, PA",2022-08,3,-3,0
17201.0,"Chambersburg, PA",2022-09,2,-2,0
17201.0,"Chambersburg, PA",2022-10,1,-1,0
17201.0,"Chambersburg, PA",2022-11,0,0,1
17201.0,"Chambersburg, PA",2022-12,-1,1,0
17202.0,"Chambersburg, PA",2022-01,10,-10,0
17202.0,"Chambersburg, PA",2022-02,9,-9,0
17202.0,"Chambersburg, PA",2022-03,8,-8,0
17202.0,"Chambersburg, PA",2022-04,7,-7,0
17202.0,"Chambersburg, PA",2022-05,6,-6,0
17202.0,"Chambersburg, PA",2022-06,5,-5,0
17202.0,"Chambersburg, PA",2022-07,4,-4,0
17202.0,"Chambersburg, PA",2022-08,3,-3,0
17202.0,"Chambersburg, PA",2022-09,2,-2,0
17202.0,"Chambersburg, PA",2022-10,1,-1,0
17202.0,"Chambersburg, PA",2022-11,0,0,1
17202.0,"Chambersburg, PA",2022-12,-1,1,0
17210.0,"Amberson, PA",2022-01,10,-10,0
17210.0,"Amberson, PA",2022-02,9,-9,0
17210.0,"Amberson, PA",2022-03,8,-8,0
17210.0,"Amberson, PA",2022-04,7,-7,0
17210.0,"Amberson, PA",2022-05,6,-6,0
17210.0,"Amberson, PA",2022-06,5,-5,0
17210.0,"Amberson, PA",2022-07,4,-4,0
17210.0,"Amberson, PA",2022-08,3,-3,0
17210.0,"Amberson, PA",2022-09,2,-2,0
17210.0,"Amberson, PA",2022-10,1,-1,0
17210.0,"Amberson, PA",2022-11,0,0,1
17210.0,"Amberson, PA",2022-12,-1,1,0
17211.0,"Artemas, PA",2022-01,10,-10,0
17211.0,"Artemas, PA",2022-02,9,-9,0
17211.0,"Artemas, PA",2022-03,8,-8,0
17211.0,"Artemas, PA",2022-04,7,-7,0
17211.0,"Artemas, PA",2022-05,6,-6,0
17211.0,"Artemas, PA",2022-06,5,-5,0
17211.0,"Artemas, PA",2022-07,4,-4,0
17211.0,"Artemas, PA",2022-08,3,-3,0
17211.0,"Artemas, PA",2022-09,2,-2,0
17211.0,"Artemas, PA",2022-10,1,-1,0
17211.0,"Artemas, PA",2022-11,0,0,1
17211.0,"Artemas, PA",2022-12,-1,1,0
17212.0,"Big Cove Tannery, PA",2022-01,10,-10,0
17212.0,"Big Cove Tannery, PA",2022-02,9,-9,0
17212.0,"Big Cove Tannery, PA",2022-03,8,-8,0
17212.0,"Big Cove Tannery, PA",2022-04,7,-7,0
17212.0,"Big Cove Tannery, PA",2022-05,6,-6,0
17212.0,"Big Cove Tannery, PA",2022-06,5,-5,0
17212.0,"Big Cove Tannery, PA",2022-07,4,-4,0
17212.0,"Big Cove Tannery, PA",2022-08,3,-3,0
17212.0,"Big Cove Tannery, PA",2022-09,2,-2,0
17212.0,"Big Cove Tannery, PA",2022-10,1,-1,0
17212.0,"Big Cove Tannery, PA",2022-11,0,0,1
17212.0,"Big Cove Tannery, PA",2022-12,-1,1,0
17213.0,"Blairs Mills, PA",2022-01,10,-10,0
17213.0,"Blairs Mills, PA",2022-02,9,-9,0
17213.0,"Blairs Mills, PA",2022-03,8,-8,0
17213.0,"Blairs Mills, PA",2022-04,7,-7,0
17213.0,"Blairs Mills, PA",2022-05,6,-6,0
17213.0,"Blairs Mills, PA",2022-06,5,-5,0
17213.0,"Blairs Mills, PA",2022-07,4,-4,0
17213.0,"Blairs Mills, PA",2022-08,3,-3,0
17213.0,"Blairs Mills, PA",2022-09,2,-2,0
17213.0,"Blairs Mills, PA",2022-10,1,-1,0
17213.0,"Blairs Mills, PA",2022-11,0,0,1
17213.0,"Blairs Mills, PA",2022-12,-1,1,0
17214.0,"Blue Ridge Summit, PA",2022-01,10,-10,0
17214.0,"Blue Ridge Summit, PA",2022-02,9,-9,0
17214.0,"Blue Ridge Summit, PA",2022-03,8,-8,0
17214.0,"Blue Ridge Summit, PA",2022-04,7,-7,0
17214.0,"Blue Ridge Summit, PA",2022-05,6,-6,0
17214.0,"Blue Ridge Summit, PA",2022-06,5,-5,0
17214.0,"Blue Ridge Summit, PA",2022-07,4,-4,0
17214.0,"Blue Ridge Summit, PA",2022-08,3,-3,0
17214.0,"Blue Ridge Summit, PA",2022-09,2,-2,0
17214.0,"Blue Ridge Summit, PA",2022-10,1,-1,0
17214.0,"Blue Ridge Summit, PA",2022-11,0,0,1
17214.0,"Blue Ridge Summit, PA",2022-12,-1,1,0
17215.0,"Burnt Cabins, PA",2022-01,10,-10,0
17215.0,"Burnt Cabins, PA",2022-02,9,-9,0
17215.0,"Burnt Cabins, PA",2022-03,8,-8,0
17215.0,"Burnt Cabins, PA",2022-04,7,-7,0
17215.0,"Burnt Cabins, PA",2022-05,6,-6,0
17215.0,"Burnt Cabins, PA",2022-06,5,-5,0
17215.0,"Burnt Cabins, PA",2022-07,4,-4,0
17215.0,"Burnt Cabins, PA",2022-08,3,-3,0
17215.0,"Burnt Cabins, PA",2022-09,2,-2,0
17215.0,"Burnt Cabins, PA",2022-10,1,-1,0
17215.0,"Burnt Cabins, PA",2022-11,0,0,1
17215.0,"Burnt Cabins, PA",2022-12,-1,1,0
17217.0,"Concord, PA",2022-01,10,-10,0
17217.0,"Concord, PA",2022-02,9,-9,0
17217.0,"Concord, PA",2022-03,8,-8,0
17217.0,"Concord, PA",2022-04,7,-7,0
17217.0,"Concord, PA",2022-05,6,-6,0
17217.0,"Concord, PA",2022-06,5,-5,0
17217.0,"Concord, PA",2022-07,4,-4,0
17217.0,"Concord, PA",2022-08,3,-3,0
17217.0,"Concord, PA",2022-09,2,-2,0
17217.0,"Concord, PA",2022-10,1,-1,0
17217.0,"Concord, PA",2022-11,0,0,1
17217.0,"Concord, PA",2022-12,-1,1,0
17219.0,"Doylesburg, PA",2022-01,10,-10,0
17219.0,"Doylesburg, PA",2022-02,9,-9,0
17219.0,"Doylesburg, PA",2022-03,8,-8,0
17219.0,"Doylesburg, PA",2022-04,7,-7,0
17219.0,"Doylesburg, PA",2022-05,6,-6,0
17219.0,"Doylesburg, PA",2022-06,5,-5,0
17219.0,"Doylesburg, PA",2022-07,4,-4,0
17219.0,"Doylesburg, PA",2022-08,3,-3,0
17219.0,"Doylesburg, PA",2022-09,2,-2,0
17219.0,"Doylesburg, PA",2022-10,1,-1,0
17219.0,"Doylesburg, PA",2022-11,0,0,1
17219.0,"Doylesburg, PA",2022-12,-1,1,0
17220.0,"Dry Run, PA",2022-01,10,-10,0
17220.0,"Dry Run, PA",2022-02,9,-9,0
17220.0,"Dry Run, PA",2022-03,8,-8,0
17220.0,"Dry Run, PA",2022-04,7,-7,0
17220.0,"Dry Run, PA",2022-05,6,-6,0
17220.0,"Dry Run, PA",2022-06,5,-5,0
17220.0,"Dry Run, PA",2022-07,4,-4,0
17220.0,"Dry Run, PA",2022-08,3,-3,0
17220.0,"Dry Run, PA",2022-09,2,-2,0
17220.0,"Dry Run, PA",2022-10,1,-1,0
17220.0,"Dry Run, PA",2022-11,0,0,1
17220.0,"Dry Run, PA",2022-12,-1,1,0
17221.0,"Fannettsburg, PA",2022-01,10,-10,0
17221.0,"Fannettsburg, PA",2022-02,9,-9,0
17221.0,"Fannettsburg, PA",2022-03,8,-8,0
17221.0,"Fannettsburg, PA",2022-04,7,-7,0
17221.0,"Fannettsburg, PA",2022-05,6,-6,0
17221.0,"Fannettsburg, PA",2022-06,5,-5,0
17221.0,"Fannettsburg, PA",2022-07,4,-4,0
17221.0,"Fannettsburg, PA",2022-08,3,-3,0
17221.0,"Fannettsburg, PA",2022-09,2,-2,0
17221.0,"Fannettsburg, PA",2022-10,1,-1,0
17221.0,"Fannettsburg, PA",2022-11,0,0,1
17221.0,"Fannettsburg, PA",2022-12,-1,1,0
17222.0,"Fayetteville, PA",2022-01,10,-10,0
17222.0,"Fayetteville, PA",2022-02,9,-9,0
17222.0,"Fayetteville, PA",2022-03,8,-8,0
17222.0,"Fayetteville, PA",2022-04,7,-7,0
17222.0,"Fayetteville, PA",2022-05,6,-6,0
17222.0,"Fayetteville, PA",2022-06,5,-5,0
17222.0,"Fayetteville, PA",2022-07,4,-4,0
17222.0,"Fayetteville, PA",2022-08,3,-3,0
17222.0,"Fayetteville, PA",2022-09,2,-2,0
17222.0,"Fayetteville, PA",2022-10,1,-1,0
17222.0,"Fayetteville, PA",2022-11,0,0,1
17222.0,"Fayetteville, PA",2022-12,-1,1,0
17223.0,"Fort Littleton, PA",2022-01,10,-10,0
17223.0,"Fort Littleton, PA",2022-02,9,-9,0
17223.0,"Fort Littleton, PA",2022-03,8,-8,0
17223.0,"Fort Littleton, PA",2022-04,7,-7,0
17223.0,"Fort Littleton, PA",2022-05,6,-6,0
17223.0,"Fort Littleton, PA",2022-06,5,-5,0
17223.0,"Fort Littleton, PA",2022-07,4,-4,0
17223.0,"Fort Littleton, PA",2022-08,3,-3,0
17223.0,"Fort Littleton, PA",2022-09,2,-2,0
17223.0,"Fort Littleton, PA",2022-10,1,-1,0
17223.0,"Fort Littleton, PA",2022-11,0,0,1
17223.0,"Fort Littleton, PA",2022-12,-1,1,0
17224.0,"Fort Loudon, PA",2022-01,10,-10,0
17224.0,"Fort Loudon, PA",2022-02,9,-9,0
17224.0,"Fort Loudon, PA",2022-03,8,-8,0
17224.0,"Fort Loudon, PA",2022-04,7,-7,0
17224.0,"Fort Loudon, PA",2022-05,6,-6,0
17224.0,"Fort Loudon, PA",2022-06,5,-5,0
17224.0,"Fort Loudon, PA",2022-07,4,-4,0
17224.0,"Fort Loudon, PA",2022-08,3,-3,0
17224.0,"Fort Loudon, PA",2022-09,2,-2,0
17224.0,"Fort Loudon, PA",2022-10,1,-1,0
17224.0,"Fort Loudon, PA",2022-11,0,0,1
17224.0,"Fort Loudon, PA",2022-12,-1,1,0
17225.0,"Greencastle, PA",2022-01,10,-10,0
17225.0,"Greencastle, PA",2022-02,9,-9,0
17225.0,"Greencastle, PA",2022-03,8,-8,0
17225.0,"Greencastle, PA",2022-04,7,-7,0
17225.0,"Greencastle, PA",2022-05,6,-6,0
17225.0,"Greencastle, PA",2022-06,5,-5,0
17225.0,"Greencastle, PA",2022-07,4,-4,0
17225.0,"Greencastle, PA",2022-08,3,-3,0
17225.0,"Greencastle, PA",2022-09,2,-2,0
17225.0,"Greencastle, PA",2022-10,1,-1,0
17225.0,"Greencastle, PA",2022-11,0,0,1
17225.0,"Greencastle, PA",2022-12,-1,1,0
17228.0,"Harrisonville, PA",2022-01,10,-10,0
17228.0,"Harrisonville, PA",2022-02,9,-9,0
17228.0,"Harrisonville, PA",2022-03,8,-8,0
17228.0,"Harrisonville, PA",2022-04,7,-7,0
17228.0,"Harrisonville, PA",2022-05,6,-6,0
17228.0,"Harrisonville, PA",2022-06,5,-5,0
17228.0,"Harrisonville, PA",2022-07,4,-4,0
17228.0,"Harrisonville, PA",2022-08,3,-3,0
17228.0,"Harrisonville, PA",2022-09,2,-2,0
17228.0,"Harrisonville, PA",2022-10,1,-1,0
17228.0,"Harrisonville, PA",2022-11,0,0,1
17228.0,"Harrisonville, PA",2022-12,-1,1,0
17229.0,"Hustontown, PA",2022-01,10,-10,0
17229.0,"Hustontown, PA",2022-02,9,-9,0
17229.0,"Hustontown, PA",2022-03,8,-8,0
17229.0,"Hustontown, PA",2022-04,7,-7,0
17229.0,"Hustontown, PA",2022-05,6,-6,0
17229.0,"Hustontown, PA",2022-06,5,-5,0
17229.0,"Hustontown, PA",2022-07,4,-4,0
17229.0,"Hustontown, PA",2022-08,3,-3,0
17229.0,"Hustontown, PA",2022-09,2,-2,0
17229.0,"Hustontown, PA",2022-10,1,-1,0
17229.0,"Hustontown, PA",2022-11,0,0,1
17229.0,"Hustontown, PA",2022-12,-1,1,0
17232.0,"Lurgan, PA",2022-01,10,-10,0
17232.0,"Lurgan, PA",2022-02,9,-9,0
17232.0,"Lurgan, PA",2022-03,8,-8,0
17232.0,"Lurgan, PA",2022-04,7,-7,0
17232.0,"Lurgan, PA",2022-05,6,-6,0
17232.0,"Lurgan, PA",2022-06,5,-5,0
17232.0,"Lurgan, PA",2022-07,4,-4,0
17232.0,"Lurgan, PA",2022-08,3,-3,0
17232.0,"Lurgan, PA",2022-09,2,-2,0
17232.0,"Lurgan, PA",2022-10,1,-1,0
17232.0,"Lurgan, PA",2022-11,0,0,1
17232.0,"Lurgan, PA",2022-12,-1,1,0
17233.0,"McConnellsburg, PA",2022-01,10,-10,0
17233.0,"McConnellsburg, PA",2022-02,9,-9,0
17233.0,"McConnellsburg, PA",2022-03,8,-8,0
17233.0,"McConnellsburg, PA",2022-04,7,-7,0
17233.0,"McConnellsburg, PA",2022-05,6,-6,0
17233.0,"McConnellsburg, PA",2022-06,5,-5,0
17233.0,"McConnellsburg, PA",2022-07,4,-4,0
17233.0,"McConnellsburg, PA",2022-08,3,-3,0
17233.0,"McConnellsburg, PA",2022-09,2,-2,0
17233.0,"McConnellsburg, PA",2022-10,1,-1,0
17233.0,"McConnellsburg, PA",2022-11,0,0,1
17233.0,"McConnellsburg, PA",2022-12,-1,1,0
17235.0,"Marion, PA",2022-01,10,-10,0
17235.0,"Marion, PA",2022-02,9,-9,0
17235.0,"Marion, PA",2022-03,8,-8,0
17235.0,"Marion, PA",2022-04,7,-7,0
17235.0,"Marion, PA",2022-05,6,-6,0
17235.0,"Marion, PA",2022-06,5,-5,0
17235.0,"Marion, PA",2022-07,4,-4,0
17235.0,"Marion, PA",2022-08,3,-3,0
17235.0,"Marion, PA",2022-09,2,-2,0
17235.0,"Marion, PA",2022-10,1,-1,0
17235.0,"Marion, PA",2022-11,0,0,1
17235.0,"Marion, PA",2022-12,-1,1,0
17236.0,"Mercersburg, PA",2022-01,10,-10,0
17236.0,"Mercersburg, PA",2022-02,9,-9,0
17236.0,"Mercersburg, PA",2022-03,8,-8,0
17236.0,"Mercersburg, PA",2022-04,7,-7,0
17236.0,"Mercersburg, PA",2022-05,6,-6,0
17236.0,"Mercersburg, PA",2022-06,5,-5,0
17236.0,"Mercersburg, PA",2022-07,4,-4,0
17236.0,"Mercersburg, PA",2022-08,3,-3,0
17236.0,"Mercersburg, PA",2022-09,2,-2,0
17236.0,"Mercersburg, PA",2022-10,1,-1,0
17236.0,"Mercersburg, PA",2022-11,0,0,1
17236.0,"Mercersburg, PA",2022-12,-1,1,0
17237.0,"Mont Alto, PA",2022-01,10,-10,0
17237.0,"Mont Alto, PA",2022-02,9,-9,0
17237.0,"Mont Alto, PA",2022-03,8,-8,0
17237.0,"Mont Alto, PA",2022-04,7,-7,0
17237.0,"Mont Alto, PA",2022-05,6,-6,0
17237.0,"Mont Alto, PA",2022-06,5,-5,0
17237.0,"Mont Alto, PA",2022-07,4,-4,0
17237.0,"Mont Alto, PA",2022-08,3,-3,0
17237.0,"Mont Alto, PA",2022-09,2,-2,0
17237.0,"Mont Alto, PA",2022-10,1,-1,0
17237.0,"Mont Alto, PA",2022-11,0,0,1
17237.0,"Mont Alto, PA",2022-12,-1,1,0
17238.0,"Needmore, PA",2022-01,10,-10,0
17238.0,"Needmore, PA",2022-02,9,-9,0
17238.0,"Needmore, PA",2022-03,8,-8,0
17238.0,"Needmore, PA",2022-04,7,-7,0
17238.0,"Needmore, PA",2022-05,6,-6,0
17238.0,"Needmore, PA",2022-06,5,-5,0
17238.0,"Needmore, PA",2022-07,4,-4,0
17238.0,"Needmore, PA",2022-08,3,-3,0
17238.0,"Needmore, PA",2022-09,2,-2,0
17238.0,"Needmore, PA",2022-10,1,-1,0
17238.0,"Needmore, PA",2022-11,0,0,1
17238.0,"Needmore, PA",2022-12,-1,1,0
17239.0,"Neelyton, PA",2022-01,10,-10,0
17239.0,"Neelyton, PA",2022-02,9,-9,0
17239.0,"Neelyton, PA",2022-03,8,-8,0
17239.0,"Neelyton, PA",2022-04,7,-7,0
17239.0,"Neelyton, PA",2022-05,6,-6,0
17239.0,"Neelyton, PA",2022-06,5,-5,0
17239.0,"Neelyton, PA",2022-07,4,-4,0
17239.0,"Neelyton, PA",2022-08,3,-3,0
17239.0,"Neelyton, PA",2022-09,2,-2,0
17239.0,"Neelyton, PA",2022-10,1,-1,0
17239.0,"Neelyton, PA",2022-11,0,0,1
17239.0,"Neelyton, PA",2022-12,-1,1,0
17240.0,"Newburg, PA",2022-01,10,-10,0
17240.0,"Newburg, PA",2022-02,9,-9,0
17240.0,"Newburg, PA",2022-03,8,-8,0
17240.0,"Newburg, PA",2022-04,7,-7,0
17240.0,"Newburg, PA",2022-05,6,-6,0
17240.0,"Newburg, PA",2022-06,5,-5,0
17240.0,"Newburg, PA",2022-07,4,-4,0
17240.0,"Newburg, PA",2022-08,3,-3,0
17240.0,"Newburg, PA",2022-09,2,-2,0
17240.0,"Newburg, PA",2022-10,1,-1,0
17240.0,"Newburg, PA",2022-11,0,0,1
17240.0,"Newburg, PA",2022-12,-1,1,0
17241.0,"Newville, PA",2022-01,10,-10,0
17241.0,"Newville, PA",2022-02,9,-9,0
17241.0,"Newville, PA",2022-03,8,-8,0
17241.0,"Newville, PA",2022-04,7,-7,0
17241.0,"Newville, PA",2022-05,6,-6,0
17241.0,"Newville, PA",2022-06,5,-5,0
17241.0,"Newville, PA",2022-07,4,-4,0
17241.0,"Newville, PA",2022-08,3,-3,0
17241.0,"Newville, PA",2022-09,2,-2,0
17241.0,"Newville, PA",2022-10,1,-1,0
17241.0,"Newville, PA",2022-11,0,0,1
17241.0,"Newville, PA",2022-12,-1,1,0
17243.0,"Orbisonia, PA",2022-01,10,-10,0
17243.0,"Orbisonia, PA",2022-02,9,-9,0
17243.0,"Orbisonia, PA",2022-03,8,-8,0
17243.0,"Orbisonia, PA",2022-04,7,-7,0
17243.0,"Orbisonia, PA",2022-05,6,-6,0
17243.0,"Orbisonia, PA",2022-06,5,-5,0
17243.0,"Orbisonia, PA",2022-07,4,-4,0
17243.0,"Orbisonia, PA",2022-08,3,-3,0
17243.0,"Orbisonia, PA",2022-09,2,-2,0
17243.0,"Orbisonia, PA",2022-10,1,-1,0
17243.0,"Orbisonia, PA",2022-11,0,0,1
17243.0,"Orbisonia, PA",2022-12,-1,1,0
17244.0,"Orrstown, PA",2022-01,10,-10,0
17244.0,"Orrstown, PA",2022-02,9,-9,0
17244.0,"Orrstown, PA",2022-03,8,-8,0
17244.0,"Orrstown, PA",2022-04,7,-7,0
17244.0,"Orrstown, PA",2022-05,6,-6,0
17244.0,"Orrstown, PA",2022-06,5,-5,0
17244.0,"Orrstown, PA",2022-07,4,-4,0
17244.0,"Orrstown, PA",2022-08,3,-3,0
17244.0,"Orrstown, PA",2022-09,2,-2,0
17244.0,"Orrstown, PA",2022-10,1,-1,0
17244.0,"Orrstown, PA",2022-11,0,0,1
17244.0,"Orrstown, PA",2022-12,-1,1,0
17246.0,"Pleasant Hall, PA",2022-01,10,-10,0
17246.0,"Pleasant Hall, PA",2022-02,9,-9,0
17246.0,"Pleasant Hall, PA",2022-03,8,-8,0
17246.0,"Pleasant Hall, PA",2022-04,7,-7,0
17246.0,"Pleasant Hall, PA",2022-05,6,-6,0
17246.0,"Pleasant Hall, PA",2022-06,5,-5,0
17246.0,"Pleasant Hall, PA",2022-07,4,-4,0
17246.0,"Pleasant Hall, PA",2022-08,3,-3,0
17246.0,"Pleasant Hall, PA",2022-09,2,-2,0
17246.0,"Pleasant Hall, PA",2022-10,1,-1,0
17246.0,"Pleasant Hall, PA",2022-11,0,0,1
17246.0,"Pleasant Hall, PA",2022-12,-1,1,0
17247.0,"Quincy, PA",2022-01,10,-10,0
17247.0,"Quincy, PA",2022-02,9,-9,0
17247.0,"Quincy, PA",2022-03,8,-8,0
17247.0,"Quincy, PA",2022-04,7,-7,0
17247.0,"Quincy, PA",2022-05,6,-6,0
17247.0,"Quincy, PA",2022-06,5,-5,0
17247.0,"Quincy, PA",2022-07,4,-4,0
17247.0,"Quincy, PA",2022-08,3,-3,0
17247.0,"Quincy, PA",2022-09,2,-2,0
17247.0,"Quincy, PA",2022-10,1,-1,0
17247.0,"Quincy, PA",2022-11,0,0,1
17247.0,"Quincy, PA",2022-12,-1,1,0
17249.0,"Rockhill Furnace, PA",2022-01,10,-10,0
17249.0,"Rockhill Furnace, PA",2022-02,9,-9,0
17249.0,"Rockhill Furnace, PA",2022-03,8,-8,0
17249.0,"Rockhill Furnace, PA",2022-04,7,-7,0
17249.0,"Rockhill Furnace, PA",2022-05,6,-6,0
17249.0,"Rockhill Furnace, PA",2022-06,5,-5,0
17249.0,"Rockhill Furnace, PA",2022-07,4,-4,0
17249.0,"Rockhill Furnace, PA",2022-08,3,-3,0
17249.0,"Rockhill Furnace, PA",2022-09,2,-2,0
17249.0,"Rockhill Furnace, PA",2022-10,1,-1,0
17249.0,"Rockhill Furnace, PA",2022-11,0,0,1
17249.0,"Rockhill Furnace, PA",2022-12,-1,1,0
17250.0,"Rouzerville, PA",2022-01,10,-10,0
17250.0,"Rouzerville, PA",2022-02,9,-9,0
17250.0,"Rouzerville, PA",2022-03,8,-8,0
17250.0,"Rouzerville, PA",2022-04,7,-7,0
17250.0,"Rouzerville, PA",2022-05,6,-6,0
17250.0,"Rouzerville, PA",2022-06,5,-5,0
17250.0,"Rouzerville, PA",2022-07,4,-4,0
17250.0,"Rouzerville, PA",2022-08,3,-3,0
17250.0,"Rouzerville, PA",2022-09,2,-2,0
17250.0,"Rouzerville, PA",2022-10,1,-1,0
17250.0,"Rouzerville, PA",2022-11,0,0,1
17250.0,"Rouzerville, PA",2022-12,-1,1,0
17251.0,"Roxbury, PA",2022-01,10,-10,0
17251.0,"Roxbury, PA",2022-02,9,-9,0
17251.0,"Roxbury, PA",2022-03,8,-8,0
17251.0,"Roxbury, PA",2022-04,7,-7,0
17251.0,"Roxbury, PA",2022-05,6,-6,0
17251.0,"Roxbury, PA",2022-06,5,-5,0
17251.0,"Roxbury, PA",2022-07,4,-4,0
17251.0,"Roxbury, PA",2022-08,3,-3,0
17251.0,"Roxbury, PA",2022-09,2,-2,0
17251.0,"Roxbury, PA",2022-10,1,-1,0
17251.0,"Roxbury, PA",2022-11,0,0,1
17251.0,"Roxbury, PA",2022-12,-1,1,0
17252.0,"Saint Thomas, PA",2022-01,10,-10,0
17252.0,"Saint Thomas, PA",2022-02,9,-9,0
17252.0,"Saint Thomas, PA",2022-03,8,-8,0
17252.0,"Saint Thomas, PA",2022-04,7,-7,0
17252.0,"Saint Thomas, PA",2022-05,6,-6,0
17252.0,"Saint Thomas, PA",2022-06,5,-5,0
17252.0,"Saint Thomas, PA",2022-07,4,-4,0
17252.0,"Saint Thomas, PA",2022-08,3,-3,0
17252.0,"Saint Thomas, PA",2022-09,2,-2,0
17252.0,"Saint Thomas, PA",2022-10,1,-1,0
17252.0,"Saint Thomas, PA",2022-11,0,0,1
17252.0,"Saint Thomas, PA",2022-12,-1,1,0
17253.0,"Saltillo, PA",2022-01,10,-10,0
17253.0,"Saltillo, PA",2022-02,9,-9,0
17253.0,"Saltillo, PA",2022-03,8,-8,0
17253.0,"Saltillo, PA",2022-04,7,-7,0
17253.0,"Saltillo, PA",2022-05,6,-6,0
17253.0,"Saltillo, PA",2022-06,5,-5,0
17253.0,"Saltillo, PA",2022-07,4,-4,0
17253.0,"Saltillo, PA",2022-08,3,-3,0
17253.0,"Saltillo, PA",2022-09,2,-2,0
17253.0,"Saltillo, PA",2022-10,1,-1,0
17253.0,"Saltillo, PA",2022-11,0,0,1
17253.0,"Saltillo, PA",2022-12,-1,1,0
17254.0,"Scotland, PA",2022-01,10,-10,0
17254.0,"Scotland, PA",2022-02,9,-9,0
17254.0,"Scotland, PA",2022-03,8,-8,0
17254.0,"Scotland, PA",2022-04,7,-7,0
17254.0,"Scotland, PA",2022-05,6,-6,0
17254.0,"Scotland, PA",2022-06,5,-5,0
17254.0,"Scotland, PA",2022-07,4,-4,0
17254.0,"Scotland, PA",2022-08,3,-3,0
17254.0,"Scotland, PA",2022-09,2,-2,0
17254.0,"Scotland, PA",2022-10,1,-1,0
17254.0,"Scotland, PA",2022-11,0,0,1
17254.0,"Scotland, PA",2022-12,-1,1,0
17255.0,"Shade Gap, PA",2022-01,10,-10,0
17255.0,"Shade Gap, PA",2022-02,9,-9,0
17255.0,"Shade Gap, PA",2022-03,8,-8,0
17255.0,"Shade Gap, PA",2022-04,7,-7,0
17255.0,"Shade Gap, PA",2022-05,6,-6,0
17255.0,"Shade Gap, PA",2022-06,5,-5,0
17255.0,"Shade Gap, PA",2022-07,4,-4,0
17255.0,"Shade Gap, PA",2022-08,3,-3,0
17255.0,"Shade Gap, PA",2022-09,2,-2,0
17255.0,"Shade Gap, PA",2022-10,1,-1,0
17255.0,"Shade Gap, PA",2022-11,0,0,1
17255.0,"Shade Gap, PA",2022-12,-1,1,0
17257.0,"Shippensburg, PA",2022-01,10,-10,0
17257.0,"Shippensburg, PA",2022-02,9,-9,0
17257.0,"Shippensburg, PA",2022-03,8,-8,0
17257.0,"Shippensburg, PA",2022-04,7,-7,0
17257.0,"Shippensburg, PA",2022-05,6,-6,0
17257.0,"Shippensburg, PA",2022-06,5,-5,0
17257.0,"Shippensburg, PA",2022-07,4,-4,0
17257.0,"Shippensburg, PA",2022-08,3,-3,0
17257.0,"Shippensburg, PA",2022-09,2,-2,0
17257.0,"Shippensburg, PA",2022-10,1,-1,0
17257.0,"Shippensburg, PA",2022-11,0,0,1
17257.0,"Shippensburg, PA",2022-12,-1,1,0
17260.0,"Shirleysburg, PA",2022-01,10,-10,0
17260.0,"Shirleysburg, PA",2022-02,9,-9,0
17260.0,"Shirleysburg, PA",2022-03,8,-8,0
17260.0,"Shirleysburg, PA",2022-04,7,-7,0
17260.0,"Shirleysburg, PA",2022-05,6,-6,0
17260.0,"Shirleysburg, PA",2022-06,5,-5,0
17260.0,"Shirleysburg, PA",2022-07,4,-4,0
17260.0,"Shirleysburg, PA",2022-08,3,-3,0
17260.0,"Shirleysburg, PA",2022-09,2,-2,0
17260.0,"Shirleysburg, PA",2022-10,1,-1,0
17260.0,"Shirleysburg, PA",2022-11,0,0,1
17260.0,"Shirleysburg, PA",2022-12,-1,1,0
17261.0,"South Mountain, PA",2022-01,10,-10,0
17261.0,"South Mountain, PA",2022-02,9,-9,0
17261.0,"South Mountain, PA",2022-03,8,-8,0
17261.0,"South Mountain, PA",2022-04,7,-7,0
17261.0,"South Mountain, PA",2022-05,6,-6,0
17261.0,"South Mountain, PA",2022-06,5,-5,0
17261.0,"South Mountain, PA",2022-07,4,-4,0
17261.0,"South Mountain, PA",2022-08,3,-3,0
17261.0,"South Mountain, PA",2022-09,2,-2,0
17261.0,"South Mountain, PA",2022-10,1,-1,0
17261.0,"South Mountain, PA",2022-11,0,0,1
17261.0,"South Mountain, PA",2022-12,-1,1,0
17262.0,"Spring Run, PA",2022-01,10,-10,0
17262.0,"Spring Run, PA",2022-02,9,-9,0
17262.0,"Spring Run, PA",2022-03,8,-8,0
17262.0,"Spring Run, PA",2022-04,7,-7,0
17262.0,"Spring Run, PA",2022-05,6,-6,0
17262.0,"Spring Run, PA",2022-06,5,-5,0
17262.0,"Spring Run, PA",2022-07,4,-4,0
17262.0,"Spring Run, PA",2022-08,3,-3,0
17262.0,"Spring Run, PA",2022-09,2,-2,0
17262.0,"Spring Run, PA",2022-10,1,-1,0
17262.0,"Spring Run, PA",2022-11,0,0,1
17262.0,"Spring Run, PA",2022-12,-1,1,0
17263.0,"State Line, PA",2022-01,10,-10,0
17263.0,"State Line, PA",2022-02,9,-9,0
17263.0,"State Line, PA",2022-03,8,-8,0
17263.0,"State Line, PA",2022-04,7,-7,0
17263.0,"State Line, PA",2022-05,6,-6,0
17263.0,"State Line, PA",2022-06,5,-5,0
17263.0,"State Line, PA",2022-07,4,-4,0
17263.0,"State Line, PA",2022-08,3,-3,0
17263.0,"State Line, PA",2022-09,2,-2,0
17263.0,"State Line, PA",2022-10,1,-1,0
17263.0,"State Line, PA",2022-11,0,0,1
17263.0,"State Line, PA",2022-12,-1,1,0
17264.0,"Three Springs, PA",2022-01,10,-10,0
17264.0,"Three Springs, PA",2022-02,9,-9,0
17264.0,"Three Springs, PA",2022-03,8,-8,0
17264.0,"Three Springs, PA",2022-04,7,-7,0
17264.0,"Three Springs, PA",2022-05,6,-6,0
17264.0,"Three Springs, PA",2022-06,5,-5,0
17264.0,"Three Springs, PA",2022-07,4,-4,0
17264.0,"Three Springs, PA",2022-08,3,-3,0
17264.0,"Three Springs, PA",2022-09,2,-2,0
17264.0,"Three Springs, PA",2022-10,1,-1,0
17264.0,"Three Springs, PA",2022-11,0,0,1
17264.0,"Three Springs, PA",2022-12,-1,1,0
17265.0,"Upperstrasburg, PA",2022-01,10,-10,0
17265.0,"Upperstrasburg, PA",2022-02,9,-9,0
17265.0,"Upperstrasburg, PA",2022-03,8,-8,0
17265.0,"Upperstrasburg, PA",2022-04,7,-7,0
17265.0,"Upperstrasburg, PA",2022-05,6,-6,0
17265.0,"Upperstrasburg, PA",2022-06,5,-5,0
17265.0,"Upperstrasburg, PA",2022-07,4,-4,0
17265.0,"Upperstrasburg, PA",2022-08,3,-3,0
17265.0,"Upperstrasburg, PA",2022-09,2,-2,0
17265.0,"Upperstrasburg, PA",2022-10,1,-1,0
17265.0,"Upperstrasburg, PA",2022-11,0,0,1
17265.0,"Upperstrasburg, PA",2022-12,-1,1,0
17266.0,"Walnut Bottom, PA",2022-01,10,-10,0
17266.0,"Walnut Bottom, PA",2022-02,9,-9,0
17266.0,"Walnut Bottom, PA",2022-03,8,-8,0
17266.0,"Walnut Bottom, PA",2022-04,7,-7,0
17266.0,"Walnut Bottom, PA",2022-05,6,-6,0
17266.0,"Walnut Bottom, PA",2022-06,5,-5,0
17266.0,"Walnut Bottom, PA",2022-07,4,-4,0
17266.0,"Walnut Bottom, PA",2022-08,3,-3,0
17266.0,"Walnut Bottom, PA",2022-09,2,-2,0
17266.0,"Walnut Bottom, PA",2022-10,1,-1,0
17266.0,"Walnut Bottom, PA",2022-11,0,0,1
17266.0,"Walnut Bottom, PA",2022-12,-1,1,0
17267.0,"Warfordsburg, PA",2022-01,10,-10,0
17267.0,"Warfordsburg, PA",2022-02,9,-9,0
17267.0,"Warfordsburg, PA",2022-03,8,-8,0
17267.0,"Warfordsburg, PA",2022-04,7,-7,0
17267.0,"Warfordsburg, PA",2022-05,6,-6,0
17267.0,"Warfordsburg, PA",2022-06,5,-5,0
17267.0,"Warfordsburg, PA",2022-07,4,-4,0
17267.0,"Warfordsburg, PA",2022-08,3,-3,0
17267.0,"Warfordsburg, PA",2022-09,2,-2,0
17267.0,"Warfordsburg, PA",2022-10,1,-1,0
17267.0,"Warfordsburg, PA",2022-11,0,0,1
17267.0,"Warfordsburg, PA",2022-12,-1,1,0
17268.0,"Waynesboro, PA",2022-01,10,-10,0
17268.0,"Waynesboro, PA",2022-02,9,-9,0
17268.0,"Waynesboro, PA",2022-03,8,-8,0
17268.0,"Waynesboro, PA",2022-04,7,-7,0
17268.0,"Waynesboro, PA",2022-05,6,-6,0
17268.0,"Waynesboro, PA",2022-06,5,-5,0
17268.0,"Waynesboro, PA",2022-07,4,-4,0
17268.0,"Waynesboro, PA",2022-08,3,-3,0
17268.0,"Waynesboro, PA",2022-09,2,-2,0
17268.0,"Waynesboro, PA",2022-10,1,-1,0
17268.0,"Waynesboro, PA",2022-11,0,0,1
17268.0,"Waynesboro, PA",2022-12,-1,1,0
17271.0,"Willow Hill, PA",2022-01,10,-10,0
17271.0,"Willow Hill, PA",2022-02,9,-9,0
17271.0,"Willow Hill, PA",2022-03,8,-8,0
17271.0,"Willow Hill, PA",2022-04,7,-7,0
17271.0,"Willow Hill, PA",2022-05,6,-6,0
17271.0,"Willow Hill, PA",2022-06,5,-5,0
17271.0,"Willow Hill, PA",2022-07,4,-4,0
17271.0,"Willow Hill, PA",2022-08,3,-3,0
17271.0,"Willow Hill, PA",2022-09,2,-2,0
17271.0,"Willow Hill, PA",2022-10,1,-1,0
17271.0,"Willow Hill, PA",2022-11,0,0,1
17271.0,"Willow Hill, PA",2022-12,-1,1,0
17301.0,"Abbottstown, PA",2022-01,10,-10,0
17301.0,"Abbottstown, PA",2022-02,9,-9,0
17301.0,"Abbottstown, PA",2022-03,8,-8,0
17301.0,"Abbottstown, PA",2022-04,7,-7,0
17301.0,"Abbottstown, PA",2022-05,6,-6,0
17301.0,"Abbottstown, PA",2022-06,5,-5,0
17301.0,"Abbottstown, PA",2022-07,4,-4,0
17301.0,"Abbottstown, PA",2022-08,3,-3,0
17301.0,"Abbottstown, PA",2022-09,2,-2,0
17301.0,"Abbottstown, PA",2022-10,1,-1,0
17301.0,"Abbottstown, PA",2022-11,0,0,1
17301.0,"Abbottstown, PA",2022-12,-1,1,0
17302.0,"Airville, PA",2022-01,10,-10,0
17302.0,"Airville, PA",2022-02,9,-9,0
17302.0,"Airville, PA",2022-03,8,-8,0
17302.0,"Airville, PA",2022-04,7,-7,0
17302.0,"Airville, PA",2022-05,6,-6,0
17302.0,"Airville, PA",2022-06,5,-5,0
17302.0,"Airville, PA",2022-07,4,-4,0
17302.0,"Airville, PA",2022-08,3,-3,0
17302.0,"Airville, PA",2022-09,2,-2,0
17302.0,"Airville, PA",2022-10,1,-1,0
17302.0,"Airville, PA",2022-11,0,0,1
17302.0,"Airville, PA",2022-12,-1,1,0
17303.0,"Arendtsville, PA",2022-01,10,-10,0
17303.0,"Arendtsville, PA",2022-02,9,-9,0
17303.0,"Arendtsville, PA",2022-03,8,-8,0
17303.0,"Arendtsville, PA",2022-04,7,-7,0
17303.0,"Arendtsville, PA",2022-05,6,-6,0
17303.0,"Arendtsville, PA",2022-06,5,-5,0
17303.0,"Arendtsville, PA",2022-07,4,-4,0
17303.0,"Arendtsville, PA",2022-08,3,-3,0
17303.0,"Arendtsville, PA",2022-09,2,-2,0
17303.0,"Arendtsville, PA",2022-10,1,-1,0
17303.0,"Arendtsville, PA",2022-11,0,0,1
17303.0,"Arendtsville, PA",2022-12,-1,1,0
17304.0,"Aspers, PA",2022-01,10,-10,0
17304.0,"Aspers, PA",2022-02,9,-9,0
17304.0,"Aspers, PA",2022-03,8,-8,0
17304.0,"Aspers, PA",2022-04,7,-7,0
17304.0,"Aspers, PA",2022-05,6,-6,0
17304.0,"Aspers, PA",2022-06,5,-5,0
17304.0,"Aspers, PA",2022-07,4,-4,0
17304.0,"Aspers, PA",2022-08,3,-3,0
17304.0,"Aspers, PA",2022-09,2,-2,0
17304.0,"Aspers, PA",2022-10,1,-1,0
17304.0,"Aspers, PA",2022-11,0,0,1
17304.0,"Aspers, PA",2022-12,-1,1,0
17306.0,"Bendersville, PA",2022-01,10,-10,0
17306.0,"Bendersville, PA",2022-02,9,-9,0
17306.0,"Bendersville, PA",2022-03,8,-8,0
17306.0,"Bendersville, PA",2022-04,7,-7,0
17306.0,"Bendersville, PA",2022-05,6,-6,0
17306.0,"Bendersville, PA",2022-06,5,-5,0
17306.0,"Bendersville, PA",2022-07,4,-4,0
17306.0,"Bendersville, PA",2022-08,3,-3,0
17306.0,"Bendersville, PA",2022-09,2,-2,0
17306.0,"Bendersville, PA",2022-10,1,-1,0
17306.0,"Bendersville, PA",2022-11,0,0,1
17306.0,"Bendersville, PA",2022-12,-1,1,0
17307.0,"Biglerville, PA",2022-01,10,-10,0
17307.0,"Biglerville, PA",2022-02,9,-9,0
17307.0,"Biglerville, PA",2022-03,8,-8,0
17307.0,"Biglerville, PA",2022-04,7,-7,0
17307.0,"Biglerville, PA",2022-05,6,-6,0
17307.0,"Biglerville, PA",2022-06,5,-5,0
17307.0,"Biglerville, PA",2022-07,4,-4,0
17307.0,"Biglerville, PA",2022-08,3,-3,0
17307.0,"Biglerville, PA",2022-09,2,-2,0
17307.0,"Biglerville, PA",2022-10,1,-1,0
17307.0,"Biglerville, PA",2022-11,0,0,1
17307.0,"Biglerville, PA",2022-12,-1,1,0
17309.0,"Brogue, PA",2022-01,10,-10,0
17309.0,"Brogue, PA",2022-02,9,-9,0
17309.0,"Brogue, PA",2022-03,8,-8,0
17309.0,"Brogue, PA",2022-04,7,-7,0
17309.0,"Brogue, PA",2022-05,6,-6,0
17309.0,"Brogue, PA",2022-06,5,-5,0
17309.0,"Brogue, PA",2022-07,4,-4,0
17309.0,"Brogue, PA",2022-08,3,-3,0
17309.0,"Brogue, PA",2022-09,2,-2,0
17309.0,"Brogue, PA",2022-10,1,-1,0
17309.0,"Brogue, PA",2022-11,0,0,1
17309.0,"Brogue, PA",2022-12,-1,1,0
17311.0,"Codorus, PA",2022-01,10,-10,0
17311.0,"Codorus, PA",2022-02,9,-9,0
17311.0,"Codorus, PA",2022-03,8,-8,0
17311.0,"Codorus, PA",2022-04,7,-7,0
17311.0,"Codorus, PA",2022-05,6,-6,0
17311.0,"Codorus, PA",2022-06,5,-5,0
17311.0,"Codorus, PA",2022-07,4,-4,0
17311.0,"Codorus, PA",2022-08,3,-3,0
17311.0,"Codorus, PA",2022-09,2,-2,0
17311.0,"Codorus, PA",2022-10,1,-1,0
17311.0,"Codorus, PA",2022-11,0,0,1
17311.0,"Codorus, PA",2022-12,-1,1,0
17313.0,"Dallastown, PA",2022-01,10,-10,0
17313.0,"Dallastown, PA",2022-02,9,-9,0
17313.0,"Dallastown, PA",2022-03,8,-8,0
17313.0,"Dallastown, PA",2022-04,7,-7,0
17313.0,"Dallastown, PA",2022-05,6,-6,0
17313.0,"Dallastown, PA",2022-06,5,-5,0
17313.0,"Dallastown, PA",2022-07,4,-4,0
17313.0,"Dallastown, PA",2022-08,3,-3,0
17313.0,"Dallastown, PA",2022-09,2,-2,0
17313.0,"Dallastown, PA",2022-10,1,-1,0
17313.0,"Dallastown, PA",2022-11,0,0,1
17313.0,"Dallastown, PA",2022-12,-1,1,0
17314.0,"Delta, PA",2022-01,10,-10,0
17314.0,"Delta, PA",2022-02,9,-9,0
17314.0,"Delta, PA",2022-03,8,-8,0
17314.0,"Delta, PA",2022-04,7,-7,0
17314.0,"Delta, PA",2022-05,6,-6,0
17314.0,"Delta, PA",2022-06,5,-5,0
17314.0,"Delta, PA",2022-07,4,-4,0
17314.0,"Delta, PA",2022-08,3,-3,0
17314.0,"Delta, PA",2022-09,2,-2,0
17314.0,"Delta, PA",2022-10,1,-1,0
17314.0,"Delta, PA",2022-11,0,0,1
17314.0,"Delta, PA",2022-12,-1,1,0
17315.0,"Dover, PA",2022-01,10,-10,0
17315.0,"Dover, PA",2022-02,9,-9,0
17315.0,"Dover, PA",2022-03,8,-8,0
17315.0,"Dover, PA",2022-04,7,-7,0
17315.0,"Dover, PA",2022-05,6,-6,0
17315.0,"Dover, PA",2022-06,5,-5,0
17315.0,"Dover, PA",2022-07,4,-4,0
17315.0,"Dover, PA",2022-08,3,-3,0
17315.0,"Dover, PA",2022-09,2,-2,0
17315.0,"Dover, PA",2022-10,1,-1,0
17315.0,"Dover, PA",2022-11,0,0,1
17315.0,"Dover, PA",2022-12,-1,1,0
17316.0,"East Berlin, PA",2022-01,10,-10,0
17316.0,"East Berlin, PA",2022-02,9,-9,0
17316.0,"East Berlin, PA",2022-03,8,-8,0
17316.0,"East Berlin, PA",2022-04,7,-7,0
17316.0,"East Berlin, PA",2022-05,6,-6,0
17316.0,"East Berlin, PA",2022-06,5,-5,0
17316.0,"East Berlin, PA",2022-07,4,-4,0
17316.0,"East Berlin, PA",2022-08,3,-3,0
17316.0,"East Berlin, PA",2022-09,2,-2,0
17316.0,"East Berlin, PA",2022-10,1,-1,0
17316.0,"East Berlin, PA",2022-11,0,0,1
17316.0,"East Berlin, PA",2022-12,-1,1,0
17317.0,"East Prospect, PA",2022-01,10,-10,0
17317.0,"East Prospect, PA",2022-02,9,-9,0
17317.0,"East Prospect, PA",2022-03,8,-8,0
17317.0,"East Prospect, PA",2022-04,7,-7,0
17317.0,"East Prospect, PA",2022-05,6,-6,0
17317.0,"East Prospect, PA",2022-06,5,-5,0
17317.0,"East Prospect, PA",2022-07,4,-4,0
17317.0,"East Prospect, PA",2022-08,3,-3,0
17317.0,"East Prospect, PA",2022-09,2,-2,0
17317.0,"East Prospect, PA",2022-10,1,-1,0
17317.0,"East Prospect, PA",2022-11,0,0,1
17317.0,"East Prospect, PA",2022-12,-1,1,0
17318.0,"Emigsville, PA",2022-01,10,-10,0
17318.0,"Emigsville, PA",2022-02,9,-9,0
17318.0,"Emigsville, PA",2022-03,8,-8,0
17318.0,"Emigsville, PA",2022-04,7,-7,0
17318.0,"Emigsville, PA",2022-05,6,-6,0
17318.0,"Emigsville, PA",2022-06,5,-5,0
17318.0,"Emigsville, PA",2022-07,4,-4,0
17318.0,"Emigsville, PA",2022-08,3,-3,0
17318.0,"Emigsville, PA",2022-09,2,-2,0
17318.0,"Emigsville, PA",2022-10,1,-1,0
17318.0,"Emigsville, PA",2022-11,0,0,1
17318.0,"Emigsville, PA",2022-12,-1,1,0
17319.0,"Etters, PA",2022-01,10,-10,0
17319.0,"Etters, PA",2022-02,9,-9,0
17319.0,"Etters, PA",2022-03,8,-8,0
17319.0,"Etters, PA",2022-04,7,-7,0
17319.0,"Etters, PA",2022-05,6,-6,0
17319.0,"Etters, PA",2022-06,5,-5,0
17319.0,"Etters, PA",2022-07,4,-4,0
17319.0,"Etters, PA",2022-08,3,-3,0
17319.0,"Etters, PA",2022-09,2,-2,0
17319.0,"Etters, PA",2022-10,1,-1,0
17319.0,"Etters, PA",2022-11,0,0,1
17319.0,"Etters, PA",2022-12,-1,1,0
17320.0,"Fairfield, PA",2022-01,10,-10,0
17320.0,"Fairfield, PA",2022-02,9,-9,0
17320.0,"Fairfield, PA",2022-03,8,-8,0
17320.0,"Fairfield, PA",2022-04,7,-7,0
17320.0,"Fairfield, PA",2022-05,6,-6,0
17320.0,"Fairfield, PA",2022-06,5,-5,0
17320.0,"Fairfield, PA",2022-07,4,-4,0
17320.0,"Fairfield, PA",2022-08,3,-3,0
17320.0,"Fairfield, PA",2022-09,2,-2,0
17320.0,"Fairfield, PA",2022-10,1,-1,0
17320.0,"Fairfield, PA",2022-11,0,0,1
17320.0,"Fairfield, PA",2022-12,-1,1,0
17321.0,"Fawn Grove, PA",2022-01,10,-10,0
17321.0,"Fawn Grove, PA",2022-02,9,-9,0
17321.0,"Fawn Grove, PA",2022-03,8,-8,0
17321.0,"Fawn Grove, PA",2022-04,7,-7,0
17321.0,"Fawn Grove, PA",2022-05,6,-6,0
17321.0,"Fawn Grove, PA",2022-06,5,-5,0
17321.0,"Fawn Grove, PA",2022-07,4,-4,0
17321.0,"Fawn Grove, PA",2022-08,3,-3,0
17321.0,"Fawn Grove, PA",2022-09,2,-2,0
17321.0,"Fawn Grove, PA",2022-10,1,-1,0
17321.0,"Fawn Grove, PA",2022-11,0,0,1
17321.0,"Fawn Grove, PA",2022-12,-1,1,0
17322.0,"Felton, PA",2022-01,10,-10,0
17322.0,"Felton, PA",2022-02,9,-9,0
17322.0,"Felton, PA",2022-03,8,-8,0
17322.0,"Felton, PA",2022-04,7,-7,0
17322.0,"Felton, PA",2022-05,6,-6,0
17322.0,"Felton, PA",2022-06,5,-5,0
17322.0,"Felton, PA",2022-07,4,-4,0
17322.0,"Felton, PA",2022-08,3,-3,0
17322.0,"Felton, PA",2022-09,2,-2,0
17322.0,"Felton, PA",2022-10,1,-1,0
17322.0,"Felton, PA",2022-11,0,0,1
17322.0,"Felton, PA",2022-12,-1,1,0
17323.0,"Franklintown, PA",2022-01,10,-10,0
17323.0,"Franklintown, PA",2022-02,9,-9,0
17323.0,"Franklintown, PA",2022-03,8,-8,0
17323.0,"Franklintown, PA",2022-04,7,-7,0
17323.0,"Franklintown, PA",2022-05,6,-6,0
17323.0,"Franklintown, PA",2022-06,5,-5,0
17323.0,"Franklintown, PA",2022-07,4,-4,0
17323.0,"Franklintown, PA",2022-08,3,-3,0
17323.0,"Franklintown, PA",2022-09,2,-2,0
17323.0,"Franklintown, PA",2022-10,1,-1,0
17323.0,"Franklintown, PA",2022-11,0,0,1
17323.0,"Franklintown, PA",2022-12,-1,1,0
17324.0,"Gardners, PA",2022-01,10,-10,0
17324.0,"Gardners, PA",2022-02,9,-9,0
17324.0,"Gardners, PA",2022-03,8,-8,0
17324.0,"Gardners, PA",2022-04,7,-7,0
17324.0,"Gardners, PA",2022-05,6,-6,0
17324.0,"Gardners, PA",2022-06,5,-5,0
17324.0,"Gardners, PA",2022-07,4,-4,0
17324.0,"Gardners, PA",2022-08,3,-3,0
17324.0,"Gardners, PA",2022-09,2,-2,0
17324.0,"Gardners, PA",2022-10,1,-1,0
17324.0,"Gardners, PA",2022-11,0,0,1
17324.0,"Gardners, PA",2022-12,-1,1,0
17325.0,"Gettysburg, PA",2022-01,10,-10,0
17325.0,"Gettysburg, PA",2022-02,9,-9,0
17325.0,"Gettysburg, PA",2022-03,8,-8,0
17325.0,"Gettysburg, PA",2022-04,7,-7,0
17325.0,"Gettysburg, PA",2022-05,6,-6,0
17325.0,"Gettysburg, PA",2022-06,5,-5,0
17325.0,"Gettysburg, PA",2022-07,4,-4,0
17325.0,"Gettysburg, PA",2022-08,3,-3,0
17325.0,"Gettysburg, PA",2022-09,2,-2,0
17325.0,"Gettysburg, PA",2022-10,1,-1,0
17325.0,"Gettysburg, PA",2022-11,0,0,1
17325.0,"Gettysburg, PA",2022-12,-1,1,0
17327.0,"Glen Rock, PA",2022-01,10,-10,0
17327.0,"Glen Rock, PA",2022-02,9,-9,0
17327.0,"Glen Rock, PA",2022-03,8,-8,0
17327.0,"Glen Rock, PA",2022-04,7,-7,0
17327.0,"Glen Rock, PA",2022-05,6,-6,0
17327.0,"Glen Rock, PA",2022-06,5,-5,0
17327.0,"Glen Rock, PA",2022-07,4,-4,0
17327.0,"Glen Rock, PA",2022-08,3,-3,0
17327.0,"Glen Rock, PA",2022-09,2,-2,0
17327.0,"Glen Rock, PA",2022-10,1,-1,0
17327.0,"Glen Rock, PA",2022-11,0,0,1
17327.0,"Glen Rock, PA",2022-12,-1,1,0
17329.0,"Glenville, PA",2022-01,10,-10,0
17329.0,"Glenville, PA",2022-02,9,-9,0
17329.0,"Glenville, PA",2022-03,8,-8,0
17329.0,"Glenville, PA",2022-04,7,-7,0
17329.0,"Glenville, PA",2022-05,6,-6,0
17329.0,"Glenville, PA",2022-06,5,-5,0
17329.0,"Glenville, PA",2022-07,4,-4,0
17329.0,"Glenville, PA",2022-08,3,-3,0
17329.0,"Glenville, PA",2022-09,2,-2,0
17329.0,"Glenville, PA",2022-10,1,-1,0
17329.0,"Glenville, PA",2022-11,0,0,1
17329.0,"Glenville, PA",2022-12,-1,1,0
17331.0,"Hanover, PA",2022-01,10,-10,0
17331.0,"Hanover, PA",2022-02,9,-9,0
17331.0,"Hanover, PA",2022-03,8,-8,0
17331.0,"Hanover, PA",2022-04,7,-7,0
17331.0,"Hanover, PA",2022-05,6,-6,0
17331.0,"Hanover, PA",2022-06,5,-5,0
17331.0,"Hanover, PA",2022-07,4,-4,0
17331.0,"Hanover, PA",2022-08,3,-3,0
17331.0,"Hanover, PA",2022-09,2,-2,0
17331.0,"Hanover, PA",2022-10,1,-1,0
17331.0,"Hanover, PA",2022-11,0,0,1
17331.0,"Hanover, PA",2022-12,-1,1,0
17339.0,"Lewisberry, PA",2022-01,10,-10,0
17339.0,"Lewisberry, PA",2022-02,9,-9,0
17339.0,"Lewisberry, PA",2022-03,8,-8,0
17339.0,"Lewisberry, PA",2022-04,7,-7,0
17339.0,"Lewisberry, PA",2022-05,6,-6,0
17339.0,"Lewisberry, PA",2022-06,5,-5,0
17339.0,"Lewisberry, PA",2022-07,4,-4,0
17339.0,"Lewisberry, PA",2022-08,3,-3,0
17339.0,"Lewisberry, PA",2022-09,2,-2,0
17339.0,"Lewisberry, PA",2022-10,1,-1,0
17339.0,"Lewisberry, PA",2022-11,0,0,1
17339.0,"Lewisberry, PA",2022-12,-1,1,0
17340.0,"Littlestown, PA",2022-01,10,-10,0
17340.0,"Littlestown, PA",2022-02,9,-9,0
17340.0,"Littlestown, PA",2022-03,8,-8,0
17340.0,"Littlestown, PA",2022-04,7,-7,0
17340.0,"Littlestown, PA",2022-05,6,-6,0
17340.0,"Littlestown, PA",2022-06,5,-5,0
17340.0,"Littlestown, PA",2022-07,4,-4,0
17340.0,"Littlestown, PA",2022-08,3,-3,0
17340.0,"Littlestown, PA",2022-09,2,-2,0
17340.0,"Littlestown, PA",2022-10,1,-1,0
17340.0,"Littlestown, PA",2022-11,0,0,1
17340.0,"Littlestown, PA",2022-12,-1,1,0
17342.0,"Loganville, PA",2022-01,10,-10,0
17342.0,"Loganville, PA",2022-02,9,-9,0
17342.0,"Loganville, PA",2022-03,8,-8,0
17342.0,"Loganville, PA",2022-04,7,-7,0
17342.0,"Loganville, PA",2022-05,6,-6,0
17342.0,"Loganville, PA",2022-06,5,-5,0
17342.0,"Loganville, PA",2022-07,4,-4,0
17342.0,"Loganville, PA",2022-08,3,-3,0
17342.0,"Loganville, PA",2022-09,2,-2,0
17342.0,"Loganville, PA",2022-10,1,-1,0
17342.0,"Loganville, PA",2022-11,0,0,1
17342.0,"Loganville, PA",2022-12,-1,1,0
17343.0,"McKnightstown, PA",2022-01,10,-10,0
17343.0,"McKnightstown, PA",2022-02,9,-9,0
17343.0,"McKnightstown, PA",2022-03,8,-8,0
17343.0,"McKnightstown, PA",2022-04,7,-7,0
17343.0,"McKnightstown, PA",2022-05,6,-6,0
17343.0,"McKnightstown, PA",2022-06,5,-5,0
17343.0,"McKnightstown, PA",2022-07,4,-4,0
17343.0,"McKnightstown, PA",2022-08,3,-3,0
17343.0,"McKnightstown, PA",2022-09,2,-2,0
17343.0,"McKnightstown, PA",2022-10,1,-1,0
17343.0,"McKnightstown, PA",2022-11,0,0,1
17343.0,"McKnightstown, PA",2022-12,-1,1,0
17344.0,"McSherrystown, PA",2022-01,10,-10,0
17344.0,"McSherrystown, PA",2022-02,9,-9,0
17344.0,"McSherrystown, PA",2022-03,8,-8,0
17344.0,"McSherrystown, PA",2022-04,7,-7,0
17344.0,"McSherrystown, PA",2022-05,6,-6,0
17344.0,"McSherrystown, PA",2022-06,5,-5,0
17344.0,"McSherrystown, PA",2022-07,4,-4,0
17344.0,"McSherrystown, PA",2022-08,3,-3,0
17344.0,"McSherrystown, PA",2022-09,2,-2,0
17344.0,"McSherrystown, PA",2022-10,1,-1,0
17344.0,"McSherrystown, PA",2022-11,0,0,1
17344.0,"McSherrystown, PA",2022-12,-1,1,0
17345.0,"Manchester, PA",2022-01,10,-10,0
17345.0,"Manchester, PA",2022-02,9,-9,0
17345.0,"Manchester, PA",2022-03,8,-8,0
17345.0,"Manchester, PA",2022-04,7,-7,0
17345.0,"Manchester, PA",2022-05,6,-6,0
17345.0,"Manchester, PA",2022-06,5,-5,0
17345.0,"Manchester, PA",2022-07,4,-4,0
17345.0,"Manchester, PA",2022-08,3,-3,0
17345.0,"Manchester, PA",2022-09,2,-2,0
17345.0,"Manchester, PA",2022-10,1,-1,0
17345.0,"Manchester, PA",2022-11,0,0,1
17345.0,"Manchester, PA",2022-12,-1,1,0
17347.0,"Mount Wolf, PA",2022-01,10,-10,0
17347.0,"Mount Wolf, PA",2022-02,9,-9,0
17347.0,"Mount Wolf, PA",2022-03,8,-8,0
17347.0,"Mount Wolf, PA",2022-04,7,-7,0
17347.0,"Mount Wolf, PA",2022-05,6,-6,0
17347.0,"Mount Wolf, PA",2022-06,5,-5,0
17347.0,"Mount Wolf, PA",2022-07,4,-4,0
17347.0,"Mount Wolf, PA",2022-08,3,-3,0
17347.0,"Mount Wolf, PA",2022-09,2,-2,0
17347.0,"Mount Wolf, PA",2022-10,1,-1,0
17347.0,"Mount Wolf, PA",2022-11,0,0,1
17347.0,"Mount Wolf, PA",2022-12,-1,1,0
17349.0,"New Freedom, PA",2022-01,10,-10,0
17349.0,"New Freedom, PA",2022-02,9,-9,0
17349.0,"New Freedom, PA",2022-03,8,-8,0
17349.0,"New Freedom, PA",2022-04,7,-7,0
17349.0,"New Freedom, PA",2022-05,6,-6,0
17349.0,"New Freedom, PA",2022-06,5,-5,0
17349.0,"New Freedom, PA",2022-07,4,-4,0
17349.0,"New Freedom, PA",2022-08,3,-3,0
17349.0,"New Freedom, PA",2022-09,2,-2,0
17349.0,"New Freedom, PA",2022-10,1,-1,0
17349.0,"New Freedom, PA",2022-11,0,0,1
17349.0,"New Freedom, PA",2022-12,-1,1,0
17350.0,"New Oxford, PA",2022-01,10,-10,0
17350.0,"New Oxford, PA",2022-02,9,-9,0
17350.0,"New Oxford, PA",2022-03,8,-8,0
17350.0,"New Oxford, PA",2022-04,7,-7,0
17350.0,"New Oxford, PA",2022-05,6,-6,0
17350.0,"New Oxford, PA",2022-06,5,-5,0
17350.0,"New Oxford, PA",2022-07,4,-4,0
17350.0,"New Oxford, PA",2022-08,3,-3,0
17350.0,"New Oxford, PA",2022-09,2,-2,0
17350.0,"New Oxford, PA",2022-10,1,-1,0
17350.0,"New Oxford, PA",2022-11,0,0,1
17350.0,"New Oxford, PA",2022-12,-1,1,0
17352.0,"New Park, PA",2022-01,10,-10,0
17352.0,"New Park, PA",2022-02,9,-9,0
17352.0,"New Park, PA",2022-03,8,-8,0
17352.0,"New Park, PA",2022-04,7,-7,0
17352.0,"New Park, PA",2022-05,6,-6,0
17352.0,"New Park, PA",2022-06,5,-5,0
17352.0,"New Park, PA",2022-07,4,-4,0
17352.0,"New Park, PA",2022-08,3,-3,0
17352.0,"New Park, PA",2022-09,2,-2,0
17352.0,"New Park, PA",2022-10,1,-1,0
17352.0,"New Park, PA",2022-11,0,0,1
17352.0,"New Park, PA",2022-12,-1,1,0
17353.0,"Orrtanna, PA",2022-01,10,-10,0
17353.0,"Orrtanna, PA",2022-02,9,-9,0
17353.0,"Orrtanna, PA",2022-03,8,-8,0
17353.0,"Orrtanna, PA",2022-04,7,-7,0
17353.0,"Orrtanna, PA",2022-05,6,-6,0
17353.0,"Orrtanna, PA",2022-06,5,-5,0
17353.0,"Orrtanna, PA",2022-07,4,-4,0
17353.0,"Orrtanna, PA",2022-08,3,-3,0
17353.0,"Orrtanna, PA",2022-09,2,-2,0
17353.0,"Orrtanna, PA",2022-10,1,-1,0
17353.0,"Orrtanna, PA",2022-11,0,0,1
17353.0,"Orrtanna, PA",2022-12,-1,1,0
17355.0,"Railroad, PA",2022-01,10,-10,0
17355.0,"Railroad, PA",2022-02,9,-9,0
17355.0,"Railroad, PA",2022-03,8,-8,0
17355.0,"Railroad, PA",2022-04,7,-7,0
17355.0,"Railroad, PA",2022-05,6,-6,0
17355.0,"Railroad, PA",2022-06,5,-5,0
17355.0,"Railroad, PA",2022-07,4,-4,0
17355.0,"Railroad, PA",2022-08,3,-3,0
17355.0,"Railroad, PA",2022-09,2,-2,0
17355.0,"Railroad, PA",2022-10,1,-1,0
17355.0,"Railroad, PA",2022-11,0,0,1
17355.0,"Railroad, PA",2022-12,-1,1,0
17356.0,"Red Lion, PA",2022-01,10,-10,0
17356.0,"Red Lion, PA",2022-02,9,-9,0
17356.0,"Red Lion, PA",2022-03,8,-8,0
17356.0,"Red Lion, PA",2022-04,7,-7,0
17356.0,"Red Lion, PA",2022-05,6,-6,0
17356.0,"Red Lion, PA",2022-06,5,-5,0
17356.0,"Red Lion, PA",2022-07,4,-4,0
17356.0,"Red Lion, PA",2022-08,3,-3,0
17356.0,"Red Lion, PA",2022-09,2,-2,0
17356.0,"Red Lion, PA",2022-10,1,-1,0
17356.0,"Red Lion, PA",2022-11,0,0,1
17356.0,"Red Lion, PA",2022-12,-1,1,0
17360.0,"Seven Valleys, PA",2022-01,10,-10,0
17360.0,"Seven Valleys, PA",2022-02,9,-9,0
17360.0,"Seven Valleys, PA",2022-03,8,-8,0
17360.0,"Seven Valleys, PA",2022-04,7,-7,0
17360.0,"Seven Valleys, PA",2022-05,6,-6,0
17360.0,"Seven Valleys, PA",2022-06,5,-5,0
17360.0,"Seven Valleys, PA",2022-07,4,-4,0
17360.0,"Seven Valleys, PA",2022-08,3,-3,0
17360.0,"Seven Valleys, PA",2022-09,2,-2,0
17360.0,"Seven Valleys, PA",2022-10,1,-1,0
17360.0,"Seven Valleys, PA",2022-11,0,0,1
17360.0,"Seven Valleys, PA",2022-12,-1,1,0
17361.0,"Shrewsbury, PA",2022-01,10,-10,0
17361.0,"Shrewsbury, PA",2022-02,9,-9,0
17361.0,"Shrewsbury, PA",2022-03,8,-8,0
17361.0,"Shrewsbury, PA",2022-04,7,-7,0
17361.0,"Shrewsbury, PA",2022-05,6,-6,0
17361.0,"Shrewsbury, PA",2022-06,5,-5,0
17361.0,"Shrewsbury, PA",2022-07,4,-4,0
17361.0,"Shrewsbury, PA",2022-08,3,-3,0
17361.0,"Shrewsbury, PA",2022-09,2,-2,0
17361.0,"Shrewsbury, PA",2022-10,1,-1,0
17361.0,"Shrewsbury, PA",2022-11,0,0,1
17361.0,"Shrewsbury, PA",2022-12,-1,1,0
17362.0,"Spring Grove, PA",2022-01,10,-10,0
17362.0,"Spring Grove, PA",2022-02,9,-9,0
17362.0,"Spring Grove, PA",2022-03,8,-8,0
17362.0,"Spring Grove, PA",2022-04,7,-7,0
17362.0,"Spring Grove, PA",2022-05,6,-6,0
17362.0,"Spring Grove, PA",2022-06,5,-5,0
17362.0,"Spring Grove, PA",2022-07,4,-4,0
17362.0,"Spring Grove, PA",2022-08,3,-3,0
17362.0,"Spring Grove, PA",2022-09,2,-2,0
17362.0,"Spring Grove, PA",2022-10,1,-1,0
17362.0,"Spring Grove, PA",2022-11,0,0,1
17362.0,"Spring Grove, PA",2022-12,-1,1,0
17363.0,"Stewartstown, PA",2022-01,10,-10,0
17363.0,"Stewartstown, PA",2022-02,9,-9,0
17363.0,"Stewartstown, PA",2022-03,8,-8,0
17363.0,"Stewartstown, PA",2022-04,7,-7,0
17363.0,"Stewartstown, PA",2022-05,6,-6,0
17363.0,"Stewartstown, PA",2022-06,5,-5,0
17363.0,"Stewartstown, PA",2022-07,4,-4,0
17363.0,"Stewartstown, PA",2022-08,3,-3,0
17363.0,"Stewartstown, PA",2022-09,2,-2,0
17363.0,"Stewartstown, PA",2022-10,1,-1,0
17363.0,"Stewartstown, PA",2022-11,0,0,1
17363.0,"Stewartstown, PA",2022-12,-1,1,0
17364.0,"Thomasville, PA",2022-01,10,-10,0
17364.0,"Thomasville, PA",2022-02,9,-9,0
17364.0,"Thomasville, PA",2022-03,8,-8,0
17364.0,"Thomasville, PA",2022-04,7,-7,0
17364.0,"Thomasville, PA",2022-05,6,-6,0
17364.0,"Thomasville, PA",2022-06,5,-5,0
17364.0,"Thomasville, PA",2022-07,4,-4,0
17364.0,"Thomasville, PA",2022-08,3,-3,0
17364.0,"Thomasville, PA",2022-09,2,-2,0
17364.0,"Thomasville, PA",2022-10,1,-1,0
17364.0,"Thomasville, PA",2022-11,0,0,1
17364.0,"Thomasville, PA",2022-12,-1,1,0
17365.0,"Wellsville, PA",2022-01,10,-10,0
17365.0,"Wellsville, PA",2022-02,9,-9,0
17365.0,"Wellsville, PA",2022-03,8,-8,0
17365.0,"Wellsville, PA",2022-04,7,-7,0
17365.0,"Wellsville, PA",2022-05,6,-6,0
17365.0,"Wellsville, PA",2022-06,5,-5,0
17365.0,"Wellsville, PA",2022-07,4,-4,0
17365.0,"Wellsville, PA",2022-08,3,-3,0
17365.0,"Wellsville, PA",2022-09,2,-2,0
17365.0,"Wellsville, PA",2022-10,1,-1,0
17365.0,"Wellsville, PA",2022-11,0,0,1
17365.0,"Wellsville, PA",2022-12,-1,1,0
17366.0,"Windsor, PA",2022-01,10,-10,0
17366.0,"Windsor, PA",2022-02,9,-9,0
17366.0,"Windsor, PA",2022-03,8,-8,0
17366.0,"Windsor, PA",2022-04,7,-7,0
17366.0,"Windsor, PA",2022-05,6,-6,0
17366.0,"Windsor, PA",2022-06,5,-5,0
17366.0,"Windsor, PA",2022-07,4,-4,0
17366.0,"Windsor, PA",2022-08,3,-3,0
17366.0,"Windsor, PA",2022-09,2,-2,0
17366.0,"Windsor, PA",2022-10,1,-1,0
17366.0,"Windsor, PA",2022-11,0,0,1
17366.0,"Windsor, PA",2022-12,-1,1,0
17368.0,"Wrightsville, PA",2022-01,10,-10,0
17368.0,"Wrightsville, PA",2022-02,9,-9,0
17368.0,"Wrightsville, PA",2022-03,8,-8,0
17368.0,"Wrightsville, PA",2022-04,7,-7,0
17368.0,"Wrightsville, PA",2022-05,6,-6,0
17368.0,"Wrightsville, PA",2022-06,5,-5,0
17368.0,"Wrightsville, PA",2022-07,4,-4,0
17368.0,"Wrightsville, PA",2022-08,3,-3,0
17368.0,"Wrightsville, PA",2022-09,2,-2,0
17368.0,"Wrightsville, PA",2022-10,1,-1,0
17368.0,"Wrightsville, PA",2022-11,0,0,1
17368.0,"Wrightsville, PA",2022-12,-1,1,0
17370.0,"York Haven, PA",2022-01,10,-10,0
17370.0,"York Haven, PA",2022-02,9,-9,0
17370.0,"York Haven, PA",2022-03,8,-8,0
17370.0,"York Haven, PA",2022-04,7,-7,0
17370.0,"York Haven, PA",2022-05,6,-6,0
17370.0,"York Haven, PA",2022-06,5,-5,0
17370.0,"York Haven, PA",2022-07,4,-4,0
17370.0,"York Haven, PA",2022-08,3,-3,0
17370.0,"York Haven, PA",2022-09,2,-2,0
17370.0,"York Haven, PA",2022-10,1,-1,0
17370.0,"York Haven, PA",2022-11,0,0,1
17370.0,"York Haven, PA",2022-12,-1,1,0
17371.0,"York New Salem, PA",2022-01,10,-10,0
17371.0,"York New Salem, PA",2022-02,9,-9,0
17371.0,"York New Salem, PA",2022-03,8,-8,0
17371.0,"York New Salem, PA",2022-04,7,-7,0
17371.0,"York New Salem, PA",2022-05,6,-6,0
17371.0,"York New Salem, PA",2022-06,5,-5,0
17371.0,"York New Salem, PA",2022-07,4,-4,0
17371.0,"York New Salem, PA",2022-08,3,-3,0
17371.0,"York New Salem, PA",2022-09,2,-2,0
17371.0,"York New Salem, PA",2022-10,1,-1,0
17371.0,"York New Salem, PA",2022-11,0,0,1
17371.0,"York New Salem, PA",2022-12,-1,1,0
17372.0,"York Springs, PA",2022-01,10,-10,0
17372.0,"York Springs, PA",2022-02,9,-9,0
17372.0,"York Springs, PA",2022-03,8,-8,0
17372.0,"York Springs, PA",2022-04,7,-7,0
17372.0,"York Springs, PA",2022-05,6,-6,0
17372.0,"York Springs, PA",2022-06,5,-5,0
17372.0,"York Springs, PA",2022-07,4,-4,0
17372.0,"York Springs, PA",2022-08,3,-3,0
17372.0,"York Springs, PA",2022-09,2,-2,0
17372.0,"York Springs, PA",2022-10,1,-1,0
17372.0,"York Springs, PA",2022-11,0,0,1
17372.0,"York Springs, PA",2022-12,-1,1,0
17401.0,"York, PA",2022-01,10,-10,0
17401.0,"York, PA",2022-02,9,-9,0
17401.0,"York, PA",2022-03,8,-8,0
17401.0,"York, PA",2022-04,7,-7,0
17401.0,"York, PA",2022-05,6,-6,0
17401.0,"York, PA",2022-06,5,-5,0
17401.0,"York, PA",2022-07,4,-4,0
17401.0,"York, PA",2022-08,3,-3,0
17401.0,"York, PA",2022-09,2,-2,0
17401.0,"York, PA",2022-10,1,-1,0
17401.0,"York, PA",2022-11,0,0,1
17401.0,"York, PA",2022-12,-1,1,0
17402.0,"York, PA",2022-01,10,-10,0
17402.0,"York, PA",2022-02,9,-9,0
17402.0,"York, PA",2022-03,8,-8,0
17402.0,"York, PA",2022-04,7,-7,0
17402.0,"York, PA",2022-05,6,-6,0
17402.0,"York, PA",2022-06,5,-5,0
17402.0,"York, PA",2022-07,4,-4,0
17402.0,"York, PA",2022-08,3,-3,0
17402.0,"York, PA",2022-09,2,-2,0
17402.0,"York, PA",2022-10,1,-1,0
17402.0,"York, PA",2022-11,0,0,1
17402.0,"York, PA",2022-12,-1,1,0
17403.0,"York, PA",2022-01,10,-10,0
17403.0,"York, PA",2022-02,9,-9,0
17403.0,"York, PA",2022-03,8,-8,0
17403.0,"York, PA",2022-04,7,-7,0
17403.0,"York, PA",2022-05,6,-6,0
17403.0,"York, PA",2022-06,5,-5,0
17403.0,"York, PA",2022-07,4,-4,0
17403.0,"York, PA",2022-08,3,-3,0
17403.0,"York, PA",2022-09,2,-2,0
17403.0,"York, PA",2022-10,1,-1,0
17403.0,"York, PA",2022-11,0,0,1
17403.0,"York, PA",2022-12,-1,1,0
17404.0,"York, PA",2022-01,10,-10,0
17404.0,"York, PA",2022-02,9,-9,0
17404.0,"York, PA",2022-03,8,-8,0
17404.0,"York, PA",2022-04,7,-7,0
17404.0,"York, PA",2022-05,6,-6,0
17404.0,"York, PA",2022-06,5,-5,0
17404.0,"York, PA",2022-07,4,-4,0
17404.0,"York, PA",2022-08,3,-3,0
17404.0,"York, PA",2022-09,2,-2,0
17404.0,"York, PA",2022-10,1,-1,0
17404.0,"York, PA",2022-11,0,0,1
17404.0,"York, PA",2022-12,-1,1,0
17406.0,"York, PA",2022-01,10,-10,0
17406.0,"York, PA",2022-02,9,-9,0
17406.0,"York, PA",2022-03,8,-8,0
17406.0,"York, PA",2022-04,7,-7,0
17406.0,"York, PA",2022-05,6,-6,0
17406.0,"York, PA",2022-06,5,-5,0
17406.0,"York, PA",2022-07,4,-4,0
17406.0,"York, PA",2022-08,3,-3,0
17406.0,"York, PA",2022-09,2,-2,0
17406.0,"York, PA",2022-10,1,-1,0
17406.0,"York, PA",2022-11,0,0,1
17406.0,"York, PA",2022-12,-1,1,0
17407.0,"York, PA",2022-01,10,-10,0
17407.0,"York, PA",2022-02,9,-9,0
17407.0,"York, PA",2022-03,8,-8,0
17407.0,"York, PA",2022-04,7,-7,0
17407.0,"York, PA",2022-05,6,-6,0
17407.0,"York, PA",2022-06,5,-5,0
17407.0,"York, PA",2022-07,4,-4,0
17407.0,"York, PA",2022-08,3,-3,0
17407.0,"York, PA",2022-09,2,-2,0
17407.0,"York, PA",2022-10,1,-1,0
17407.0,"York, PA",2022-11,0,0,1
17407.0,"York, PA",2022-12,-1,1,0
17408.0,"York, PA",2022-01,10,-10,0
17408.0,"York, PA",2022-02,9,-9,0
17408.0,"York, PA",2022-03,8,-8,0
17408.0,"York, PA",2022-04,7,-7,0
17408.0,"York, PA",2022-05,6,-6,0
17408.0,"York, PA",2022-06,5,-5,0
17408.0,"York, PA",2022-07,4,-4,0
17408.0,"York, PA",2022-08,3,-3,0
17408.0,"York, PA",2022-09,2,-2,0
17408.0,"York, PA",2022-10,1,-1,0
17408.0,"York, PA",2022-11,0,0,1
17408.0,"York, PA",2022-12,-1,1,0
17501.0,"Akron, PA",2022-01,10,-10,0
17501.0,"Akron, PA",2022-02,9,-9,0
17501.0,"Akron, PA",2022-03,8,-8,0
17501.0,"Akron, PA",2022-04,7,-7,0
17501.0,"Akron, PA",2022-05,6,-6,0
17501.0,"Akron, PA",2022-06,5,-5,0
17501.0,"Akron, PA",2022-07,4,-4,0
17501.0,"Akron, PA",2022-08,3,-3,0
17501.0,"Akron, PA",2022-09,2,-2,0
17501.0,"Akron, PA",2022-10,1,-1,0
17501.0,"Akron, PA",2022-11,0,0,1
17501.0,"Akron, PA",2022-12,-1,1,0
17502.0,"Bainbridge, PA",2022-01,10,-10,0
17502.0,"Bainbridge, PA",2022-02,9,-9,0
17502.0,"Bainbridge, PA",2022-03,8,-8,0
17502.0,"Bainbridge, PA",2022-04,7,-7,0
17502.0,"Bainbridge, PA",2022-05,6,-6,0
17502.0,"Bainbridge, PA",2022-06,5,-5,0
17502.0,"Bainbridge, PA",2022-07,4,-4,0
17502.0,"Bainbridge, PA",2022-08,3,-3,0
17502.0,"Bainbridge, PA",2022-09,2,-2,0
17502.0,"Bainbridge, PA",2022-10,1,-1,0
17502.0,"Bainbridge, PA",2022-11,0,0,1
17502.0,"Bainbridge, PA",2022-12,-1,1,0
17504.0,"Bausman, PA",2022-01,10,-10,0
17504.0,"Bausman, PA",2022-02,9,-9,0
17504.0,"Bausman, PA",2022-03,8,-8,0
17504.0,"Bausman, PA",2022-04,7,-7,0
17504.0,"Bausman, PA",2022-05,6,-6,0
17504.0,"Bausman, PA",2022-06,5,-5,0
17504.0,"Bausman, PA",2022-07,4,-4,0
17504.0,"Bausman, PA",2022-08,3,-3,0
17504.0,"Bausman, PA",2022-09,2,-2,0
17504.0,"Bausman, PA",2022-10,1,-1,0
17504.0,"Bausman, PA",2022-11,0,0,1
17504.0,"Bausman, PA",2022-12,-1,1,0
17505.0,"Bird In Hand, PA",2022-01,10,-10,0
17505.0,"Bird In Hand, PA",2022-02,9,-9,0
17505.0,"Bird In Hand, PA",2022-03,8,-8,0
17505.0,"Bird In Hand, PA",2022-04,7,-7,0
17505.0,"Bird In Hand, PA",2022-05,6,-6,0
17505.0,"Bird In Hand, PA",2022-06,5,-5,0
17505.0,"Bird In Hand, PA",2022-07,4,-4,0
17505.0,"Bird In Hand, PA",2022-08,3,-3,0
17505.0,"Bird In Hand, PA",2022-09,2,-2,0
17505.0,"Bird In Hand, PA",2022-10,1,-1,0
17505.0,"Bird In Hand, PA",2022-11,0,0,1
17505.0,"Bird In Hand, PA",2022-12,-1,1,0
17506.0,"Blue Ball, PA",2022-01,10,-10,0
17506.0,"Blue Ball, PA",2022-02,9,-9,0
17506.0,"Blue Ball, PA",2022-03,8,-8,0
17506.0,"Blue Ball, PA",2022-04,7,-7,0
17506.0,"Blue Ball, PA",2022-05,6,-6,0
17506.0,"Blue Ball, PA",2022-06,5,-5,0
17506.0,"Blue Ball, PA",2022-07,4,-4,0
17506.0,"Blue Ball, PA",2022-08,3,-3,0
17506.0,"Blue Ball, PA",2022-09,2,-2,0
17506.0,"Blue Ball, PA",2022-10,1,-1,0
17506.0,"Blue Ball, PA",2022-11,0,0,1
17506.0,"Blue Ball, PA",2022-12,-1,1,0
17507.0,"Bowmansville, PA",2022-01,10,-10,0
17507.0,"Bowmansville, PA",2022-02,9,-9,0
17507.0,"Bowmansville, PA",2022-03,8,-8,0
17507.0,"Bowmansville, PA",2022-04,7,-7,0
17507.0,"Bowmansville, PA",2022-05,6,-6,0
17507.0,"Bowmansville, PA",2022-06,5,-5,0
17507.0,"Bowmansville, PA",2022-07,4,-4,0
17507.0,"Bowmansville, PA",2022-08,3,-3,0
17507.0,"Bowmansville, PA",2022-09,2,-2,0
17507.0,"Bowmansville, PA",2022-10,1,-1,0
17507.0,"Bowmansville, PA",2022-11,0,0,1
17507.0,"Bowmansville, PA",2022-12,-1,1,0
17508.0,"Brownstown, PA",2022-01,10,-10,0
17508.0,"Brownstown, PA",2022-02,9,-9,0
17508.0,"Brownstown, PA",2022-03,8,-8,0
17508.0,"Brownstown, PA",2022-04,7,-7,0
17508.0,"Brownstown, PA",2022-05,6,-6,0
17508.0,"Brownstown, PA",2022-06,5,-5,0
17508.0,"Brownstown, PA",2022-07,4,-4,0
17508.0,"Brownstown, PA",2022-08,3,-3,0
17508.0,"Brownstown, PA",2022-09,2,-2,0
17508.0,"Brownstown, PA",2022-10,1,-1,0
17508.0,"Brownstown, PA",2022-11,0,0,1
17508.0,"Brownstown, PA",2022-12,-1,1,0
17509.0,"Christiana, PA",2022-01,10,-10,0
17509.0,"Christiana, PA",2022-02,9,-9,0
17509.0,"Christiana, PA",2022-03,8,-8,0
17509.0,"Christiana, PA",2022-04,7,-7,0
17509.0,"Christiana, PA",2022-05,6,-6,0
17509.0,"Christiana, PA",2022-06,5,-5,0
17509.0,"Christiana, PA",2022-07,4,-4,0
17509.0,"Christiana, PA",2022-08,3,-3,0
17509.0,"Christiana, PA",2022-09,2,-2,0
17509.0,"Christiana, PA",2022-10,1,-1,0
17509.0,"Christiana, PA",2022-11,0,0,1
17509.0,"Christiana, PA",2022-12,-1,1,0
17512.0,"Columbia, PA",2022-01,10,-10,0
17512.0,"Columbia, PA",2022-02,9,-9,0
17512.0,"Columbia, PA",2022-03,8,-8,0
17512.0,"Columbia, PA",2022-04,7,-7,0
17512.0,"Columbia, PA",2022-05,6,-6,0
17512.0,"Columbia, PA",2022-06,5,-5,0
17512.0,"Columbia, PA",2022-07,4,-4,0
17512.0,"Columbia, PA",2022-08,3,-3,0
17512.0,"Columbia, PA",2022-09,2,-2,0
17512.0,"Columbia, PA",2022-10,1,-1,0
17512.0,"Columbia, PA",2022-11,0,0,1
17512.0,"Columbia, PA",2022-12,-1,1,0
17516.0,"Conestoga, PA",2022-01,10,-10,0
17516.0,"Conestoga, PA",2022-02,9,-9,0
17516.0,"Conestoga, PA",2022-03,8,-8,0
17516.0,"Conestoga, PA",2022-04,7,-7,0
17516.0,"Conestoga, PA",2022-05,6,-6,0
17516.0,"Conestoga, PA",2022-06,5,-5,0
17516.0,"Conestoga, PA",2022-07,4,-4,0
17516.0,"Conestoga, PA",2022-08,3,-3,0
17516.0,"Conestoga, PA",2022-09,2,-2,0
17516.0,"Conestoga, PA",2022-10,1,-1,0
17516.0,"Conestoga, PA",2022-11,0,0,1
17516.0,"Conestoga, PA",2022-12,-1,1,0
17517.0,"Denver, PA",2022-01,10,-10,0
17517.0,"Denver, PA",2022-02,9,-9,0
17517.0,"Denver, PA",2022-03,8,-8,0
17517.0,"Denver, PA",2022-04,7,-7,0
17517.0,"Denver, PA",2022-05,6,-6,0
17517.0,"Denver, PA",2022-06,5,-5,0
17517.0,"Denver, PA",2022-07,4,-4,0
17517.0,"Denver, PA",2022-08,3,-3,0
17517.0,"Denver, PA",2022-09,2,-2,0
17517.0,"Denver, PA",2022-10,1,-1,0
17517.0,"Denver, PA",2022-11,0,0,1
17517.0,"Denver, PA",2022-12,-1,1,0
17518.0,"Drumore, PA",2022-01,10,-10,0
17518.0,"Drumore, PA",2022-02,9,-9,0
17518.0,"Drumore, PA",2022-03,8,-8,0
17518.0,"Drumore, PA",2022-04,7,-7,0
17518.0,"Drumore, PA",2022-05,6,-6,0
17518.0,"Drumore, PA",2022-06,5,-5,0
17518.0,"Drumore, PA",2022-07,4,-4,0
17518.0,"Drumore, PA",2022-08,3,-3,0
17518.0,"Drumore, PA",2022-09,2,-2,0
17518.0,"Drumore, PA",2022-10,1,-1,0
17518.0,"Drumore, PA",2022-11,0,0,1
17518.0,"Drumore, PA",2022-12,-1,1,0
17519.0,"East Earl, PA",2022-01,10,-10,0
17519.0,"East Earl, PA",2022-02,9,-9,0
17519.0,"East Earl, PA",2022-03,8,-8,0
17519.0,"East Earl, PA",2022-04,7,-7,0
17519.0,"East Earl, PA",2022-05,6,-6,0
17519.0,"East Earl, PA",2022-06,5,-5,0
17519.0,"East Earl, PA",2022-07,4,-4,0
17519.0,"East Earl, PA",2022-08,3,-3,0
17519.0,"East Earl, PA",2022-09,2,-2,0
17519.0,"East Earl, PA",2022-10,1,-1,0
17519.0,"East Earl, PA",2022-11,0,0,1
17519.0,"East Earl, PA",2022-12,-1,1,0
17520.0,"East Petersburg, PA",2022-01,10,-10,0
17520.0,"East Petersburg, PA",2022-02,9,-9,0
17520.0,"East Petersburg, PA",2022-03,8,-8,0
17520.0,"East Petersburg, PA",2022-04,7,-7,0
17520.0,"East Petersburg, PA",2022-05,6,-6,0
17520.0,"East Petersburg, PA",2022-06,5,-5,0
17520.0,"East Petersburg, PA",2022-07,4,-4,0
17520.0,"East Petersburg, PA",2022-08,3,-3,0
17520.0,"East Petersburg, PA",2022-09,2,-2,0
17520.0,"East Petersburg, PA",2022-10,1,-1,0
17520.0,"East Petersburg, PA",2022-11,0,0,1
17520.0,"East Petersburg, PA",2022-12,-1,1,0
17522.0,"Ephrata, PA",2022-01,10,-10,0
17522.0,"Ephrata, PA",2022-02,9,-9,0
17522.0,"Ephrata, PA",2022-03,8,-8,0
17522.0,"Ephrata, PA",2022-04,7,-7,0
17522.0,"Ephrata, PA",2022-05,6,-6,0
17522.0,"Ephrata, PA",2022-06,5,-5,0
17522.0,"Ephrata, PA",2022-07,4,-4,0
17522.0,"Ephrata, PA",2022-08,3,-3,0
17522.0,"Ephrata, PA",2022-09,2,-2,0
17522.0,"Ephrata, PA",2022-10,1,-1,0
17522.0,"Ephrata, PA",2022-11,0,0,1
17522.0,"Ephrata, PA",2022-12,-1,1,0
17527.0,"Gap, PA",2022-01,10,-10,0
17527.0,"Gap, PA",2022-02,9,-9,0
17527.0,"Gap, PA",2022-03,8,-8,0
17527.0,"Gap, PA",2022-04,7,-7,0
17527.0,"Gap, PA",2022-05,6,-6,0
17527.0,"Gap, PA",2022-06,5,-5,0
17527.0,"Gap, PA",2022-07,4,-4,0
17527.0,"Gap, PA",2022-08,3,-3,0
17527.0,"Gap, PA",2022-09,2,-2,0
17527.0,"Gap, PA",2022-10,1,-1,0
17527.0,"Gap, PA",2022-11,0,0,1
17527.0,"Gap, PA",2022-12,-1,1,0
17529.0,"Gordonville, PA",2022-01,10,-10,0
17529.0,"Gordonville, PA",2022-02,9,-9,0
17529.0,"Gordonville, PA",2022-03,8,-8,0
17529.0,"Gordonville, PA",2022-04,7,-7,0
17529.0,"Gordonville, PA",2022-05,6,-6,0
17529.0,"Gordonville, PA",2022-06,5,-5,0
17529.0,"Gordonville, PA",2022-07,4,-4,0
17529.0,"Gordonville, PA",2022-08,3,-3,0
17529.0,"Gordonville, PA",2022-09,2,-2,0
17529.0,"Gordonville, PA",2022-10,1,-1,0
17529.0,"Gordonville, PA",2022-11,0,0,1
17529.0,"Gordonville, PA",2022-12,-1,1,0
17532.0,"Holtwood, PA",2022-01,10,-10,0
17532.0,"Holtwood, PA",2022-02,9,-9,0
17532.0,"Holtwood, PA",2022-03,8,-8,0
17532.0,"Holtwood, PA",2022-04,7,-7,0
17532.0,"Holtwood, PA",2022-05,6,-6,0
17532.0,"Holtwood, PA",2022-06,5,-5,0
17532.0,"Holtwood, PA",2022-07,4,-4,0
17532.0,"Holtwood, PA",2022-08,3,-3,0
17532.0,"Holtwood, PA",2022-09,2,-2,0
17532.0,"Holtwood, PA",2022-10,1,-1,0
17532.0,"Holtwood, PA",2022-11,0,0,1
17532.0,"Holtwood, PA",2022-12,-1,1,0
17534.0,"Intercourse, PA",2022-01,10,-10,0
17534.0,"Intercourse, PA",2022-02,9,-9,0
17534.0,"Intercourse, PA",2022-03,8,-8,0
17534.0,"Intercourse, PA",2022-04,7,-7,0
17534.0,"Intercourse, PA",2022-05,6,-6,0
17534.0,"Intercourse, PA",2022-06,5,-5,0
17534.0,"Intercourse, PA",2022-07,4,-4,0
17534.0,"Intercourse, PA",2022-08,3,-3,0
17534.0,"Intercourse, PA",2022-09,2,-2,0
17534.0,"Intercourse, PA",2022-10,1,-1,0
17534.0,"Intercourse, PA",2022-11,0,0,1
17534.0,"Intercourse, PA",2022-12,-1,1,0
17535.0,"Kinzers, PA",2022-01,10,-10,0
17535.0,"Kinzers, PA",2022-02,9,-9,0
17535.0,"Kinzers, PA",2022-03,8,-8,0
17535.0,"Kinzers, PA",2022-04,7,-7,0
17535.0,"Kinzers, PA",2022-05,6,-6,0
17535.0,"Kinzers, PA",2022-06,5,-5,0
17535.0,"Kinzers, PA",2022-07,4,-4,0
17535.0,"Kinzers, PA",2022-08,3,-3,0
17535.0,"Kinzers, PA",2022-09,2,-2,0
17535.0,"Kinzers, PA",2022-10,1,-1,0
17535.0,"Kinzers, PA",2022-11,0,0,1
17535.0,"Kinzers, PA",2022-12,-1,1,0
17536.0,"Kirkwood, PA",2022-01,10,-10,0
17536.0,"Kirkwood, PA",2022-02,9,-9,0
17536.0,"Kirkwood, PA",2022-03,8,-8,0
17536.0,"Kirkwood, PA",2022-04,7,-7,0
17536.0,"Kirkwood, PA",2022-05,6,-6,0
17536.0,"Kirkwood, PA",2022-06,5,-5,0
17536.0,"Kirkwood, PA",2022-07,4,-4,0
17536.0,"Kirkwood, PA",2022-08,3,-3,0
17536.0,"Kirkwood, PA",2022-09,2,-2,0
17536.0,"Kirkwood, PA",2022-10,1,-1,0
17536.0,"Kirkwood, PA",2022-11,0,0,1
17536.0,"Kirkwood, PA",2022-12,-1,1,0
17538.0,"Landisville, PA",2022-01,10,-10,0
17538.0,"Landisville, PA",2022-02,9,-9,0
17538.0,"Landisville, PA",2022-03,8,-8,0
17538.0,"Landisville, PA",2022-04,7,-7,0
17538.0,"Landisville, PA",2022-05,6,-6,0
17538.0,"Landisville, PA",2022-06,5,-5,0
17538.0,"Landisville, PA",2022-07,4,-4,0
17538.0,"Landisville, PA",2022-08,3,-3,0
17538.0,"Landisville, PA",2022-09,2,-2,0
17538.0,"Landisville, PA",2022-10,1,-1,0
17538.0,"Landisville, PA",2022-11,0,0,1
17538.0,"Landisville, PA",2022-12,-1,1,0
17540.0,"Leola, PA",2022-01,10,-10,0
17540.0,"Leola, PA",2022-02,9,-9,0
17540.0,"Leola, PA",2022-03,8,-8,0
17540.0,"Leola, PA",2022-04,7,-7,0
17540.0,"Leola, PA",2022-05,6,-6,0
17540.0,"Leola, PA",2022-06,5,-5,0
17540.0,"Leola, PA",2022-07,4,-4,0
17540.0,"Leola, PA",2022-08,3,-3,0
17540.0,"Leola, PA",2022-09,2,-2,0
17540.0,"Leola, PA",2022-10,1,-1,0
17540.0,"Leola, PA",2022-11,0,0,1
17540.0,"Leola, PA",2022-12,-1,1,0
17543.0,"Lititz, PA",2022-01,10,-10,0
17543.0,"Lititz, PA",2022-02,9,-9,0
17543.0,"Lititz, PA",2022-03,8,-8,0
17543.0,"Lititz, PA",2022-04,7,-7,0
17543.0,"Lititz, PA",2022-05,6,-6,0
17543.0,"Lititz, PA",2022-06,5,-5,0
17543.0,"Lititz, PA",2022-07,4,-4,0
17543.0,"Lititz, PA",2022-08,3,-3,0
17543.0,"Lititz, PA",2022-09,2,-2,0
17543.0,"Lititz, PA",2022-10,1,-1,0
17543.0,"Lititz, PA",2022-11,0,0,1
17543.0,"Lititz, PA",2022-12,-1,1,0
17545.0,"Manheim, PA",2022-01,10,-10,0
17545.0,"Manheim, PA",2022-02,9,-9,0
17545.0,"Manheim, PA",2022-03,8,-8,0
17545.0,"Manheim, PA",2022-04,7,-7,0
17545.0,"Manheim, PA",2022-05,6,-6,0
17545.0,"Manheim, PA",2022-06,5,-5,0
17545.0,"Manheim, PA",2022-07,4,-4,0
17545.0,"Manheim, PA",2022-08,3,-3,0
17545.0,"Manheim, PA",2022-09,2,-2,0
17545.0,"Manheim, PA",2022-10,1,-1,0
17545.0,"Manheim, PA",2022-11,0,0,1
17545.0,"Manheim, PA",2022-12,-1,1,0
17547.0,"Marietta, PA",2022-01,10,-10,0
17547.0,"Marietta, PA",2022-02,9,-9,0
17547.0,"Marietta, PA",2022-03,8,-8,0
17547.0,"Marietta, PA",2022-04,7,-7,0
17547.0,"Marietta, PA",2022-05,6,-6,0
17547.0,"Marietta, PA",2022-06,5,-5,0
17547.0,"Marietta, PA",2022-07,4,-4,0
17547.0,"Marietta, PA",2022-08,3,-3,0
17547.0,"Marietta, PA",2022-09,2,-2,0
17547.0,"Marietta, PA",2022-10,1,-1,0
17547.0,"Marietta, PA",2022-11,0,0,1
17547.0,"Marietta, PA",2022-12,-1,1,0
17550.0,"Maytown, PA",2022-01,10,-10,0
17550.0,"Maytown, PA",2022-02,9,-9,0
17550.0,"Maytown, PA",2022-03,8,-8,0
17550.0,"Maytown, PA",2022-04,7,-7,0
17550.0,"Maytown, PA",2022-05,6,-6,0
17550.0,"Maytown, PA",2022-06,5,-5,0
17550.0,"Maytown, PA",2022-07,4,-4,0
17550.0,"Maytown, PA",2022-08,3,-3,0
17550.0,"Maytown, PA",2022-09,2,-2,0
17550.0,"Maytown, PA",2022-10,1,-1,0
17550.0,"Maytown, PA",2022-11,0,0,1
17550.0,"Maytown, PA",2022-12,-1,1,0
17551.0,"Millersville, PA",2022-01,10,-10,0
17551.0,"Millersville, PA",2022-02,9,-9,0
17551.0,"Millersville, PA",2022-03,8,-8,0
17551.0,"Millersville, PA",2022-04,7,-7,0
17551.0,"Millersville, PA",2022-05,6,-6,0
17551.0,"Millersville, PA",2022-06,5,-5,0
17551.0,"Millersville, PA",2022-07,4,-4,0
17551.0,"Millersville, PA",2022-08,3,-3,0
17551.0,"Millersville, PA",2022-09,2,-2,0
17551.0,"Millersville, PA",2022-10,1,-1,0
17551.0,"Millersville, PA",2022-11,0,0,1
17551.0,"Millersville, PA",2022-12,-1,1,0
17552.0,"Mount Joy, PA",2022-01,10,-10,0
17552.0,"Mount Joy, PA",2022-02,9,-9,0
17552.0,"Mount Joy, PA",2022-03,8,-8,0
17552.0,"Mount Joy, PA",2022-04,7,-7,0
17552.0,"Mount Joy, PA",2022-05,6,-6,0
17552.0,"Mount Joy, PA",2022-06,5,-5,0
17552.0,"Mount Joy, PA",2022-07,4,-4,0
17552.0,"Mount Joy, PA",2022-08,3,-3,0
17552.0,"Mount Joy, PA",2022-09,2,-2,0
17552.0,"Mount Joy, PA",2022-10,1,-1,0
17552.0,"Mount Joy, PA",2022-11,0,0,1
17552.0,"Mount Joy, PA",2022-12,-1,1,0
17554.0,"Mountville, PA",2022-01,10,-10,0
17554.0,"Mountville, PA",2022-02,9,-9,0
17554.0,"Mountville, PA",2022-03,8,-8,0
17554.0,"Mountville, PA",2022-04,7,-7,0
17554.0,"Mountville, PA",2022-05,6,-6,0
17554.0,"Mountville, PA",2022-06,5,-5,0
17554.0,"Mountville, PA",2022-07,4,-4,0
17554.0,"Mountville, PA",2022-08,3,-3,0
17554.0,"Mountville, PA",2022-09,2,-2,0
17554.0,"Mountville, PA",2022-10,1,-1,0
17554.0,"Mountville, PA",2022-11,0,0,1
17554.0,"Mountville, PA",2022-12,-1,1,0
17555.0,"Narvon, PA",2022-01,10,-10,0
17555.0,"Narvon, PA",2022-02,9,-9,0
17555.0,"Narvon, PA",2022-03,8,-8,0
17555.0,"Narvon, PA",2022-04,7,-7,0
17555.0,"Narvon, PA",2022-05,6,-6,0
17555.0,"Narvon, PA",2022-06,5,-5,0
17555.0,"Narvon, PA",2022-07,4,-4,0
17555.0,"Narvon, PA",2022-08,3,-3,0
17555.0,"Narvon, PA",2022-09,2,-2,0
17555.0,"Narvon, PA",2022-10,1,-1,0
17555.0,"Narvon, PA",2022-11,0,0,1
17555.0,"Narvon, PA",2022-12,-1,1,0
17557.0,"New Holland, PA",2022-01,10,-10,0
17557.0,"New Holland, PA",2022-02,9,-9,0
17557.0,"New Holland, PA",2022-03,8,-8,0
17557.0,"New Holland, PA",2022-04,7,-7,0
17557.0,"New Holland, PA",2022-05,6,-6,0
17557.0,"New Holland, PA",2022-06,5,-5,0
17557.0,"New Holland, PA",2022-07,4,-4,0
17557.0,"New Holland, PA",2022-08,3,-3,0
17557.0,"New Holland, PA",2022-09,2,-2,0
17557.0,"New Holland, PA",2022-10,1,-1,0
17557.0,"New Holland, PA",2022-11,0,0,1
17557.0,"New Holland, PA",2022-12,-1,1,0
17560.0,"New Providence, PA",2022-01,10,-10,0
17560.0,"New Providence, PA",2022-02,9,-9,0
17560.0,"New Providence, PA",2022-03,8,-8,0
17560.0,"New Providence, PA",2022-04,7,-7,0
17560.0,"New Providence, PA",2022-05,6,-6,0
17560.0,"New Providence, PA",2022-06,5,-5,0
17560.0,"New Providence, PA",2022-07,4,-4,0
17560.0,"New Providence, PA",2022-08,3,-3,0
17560.0,"New Providence, PA",2022-09,2,-2,0
17560.0,"New Providence, PA",2022-10,1,-1,0
17560.0,"New Providence, PA",2022-11,0,0,1
17560.0,"New Providence, PA",2022-12,-1,1,0
17562.0,"Paradise, PA",2022-01,10,-10,0
17562.0,"Paradise, PA",2022-02,9,-9,0
17562.0,"Paradise, PA",2022-03,8,-8,0
17562.0,"Paradise, PA",2022-04,7,-7,0
17562.0,"Paradise, PA",2022-05,6,-6,0
17562.0,"Paradise, PA",2022-06,5,-5,0
17562.0,"Paradise, PA",2022-07,4,-4,0
17562.0,"Paradise, PA",2022-08,3,-3,0
17562.0,"Paradise, PA",2022-09,2,-2,0
17562.0,"Paradise, PA",2022-10,1,-1,0
17562.0,"Paradise, PA",2022-11,0,0,1
17562.0,"Paradise, PA",2022-12,-1,1,0
17563.0,"Peach Bottom, PA",2022-01,10,-10,0
17563.0,"Peach Bottom, PA",2022-02,9,-9,0
17563.0,"Peach Bottom, PA",2022-03,8,-8,0
17563.0,"Peach Bottom, PA",2022-04,7,-7,0
17563.0,"Peach Bottom, PA",2022-05,6,-6,0
17563.0,"Peach Bottom, PA",2022-06,5,-5,0
17563.0,"Peach Bottom, PA",2022-07,4,-4,0
17563.0,"Peach Bottom, PA",2022-08,3,-3,0
17563.0,"Peach Bottom, PA",2022-09,2,-2,0
17563.0,"Peach Bottom, PA",2022-10,1,-1,0
17563.0,"Peach Bottom, PA",2022-11,0,0,1
17563.0,"Peach Bottom, PA",2022-12,-1,1,0
17565.0,"Pequea, PA",2022-01,10,-10,0
17565.0,"Pequea, PA",2022-02,9,-9,0
17565.0,"Pequea, PA",2022-03,8,-8,0
17565.0,"Pequea, PA",2022-04,7,-7,0
17565.0,"Pequea, PA",2022-05,6,-6,0
17565.0,"Pequea, PA",2022-06,5,-5,0
17565.0,"Pequea, PA",2022-07,4,-4,0
17565.0,"Pequea, PA",2022-08,3,-3,0
17565.0,"Pequea, PA",2022-09,2,-2,0
17565.0,"Pequea, PA",2022-10,1,-1,0
17565.0,"Pequea, PA",2022-11,0,0,1
17565.0,"Pequea, PA",2022-12,-1,1,0
17566.0,"Quarryville, PA",2022-01,10,-10,0
17566.0,"Quarryville, PA",2022-02,9,-9,0
17566.0,"Quarryville, PA",2022-03,8,-8,0
17566.0,"Quarryville, PA",2022-04,7,-7,0
17566.0,"Quarryville, PA",2022-05,6,-6,0
17566.0,"Quarryville, PA",2022-06,5,-5,0
17566.0,"Quarryville, PA",2022-07,4,-4,0
17566.0,"Quarryville, PA",2022-08,3,-3,0
17566.0,"Quarryville, PA",2022-09,2,-2,0
17566.0,"Quarryville, PA",2022-10,1,-1,0
17566.0,"Quarryville, PA",2022-11,0,0,1
17566.0,"Quarryville, PA",2022-12,-1,1,0
17568.0,"Refton, PA",2022-01,10,-10,0
17568.0,"Refton, PA",2022-02,9,-9,0
17568.0,"Refton, PA",2022-03,8,-8,0
17568.0,"Refton, PA",2022-04,7,-7,0
17568.0,"Refton, PA",2022-05,6,-6,0
17568.0,"Refton, PA",2022-06,5,-5,0
17568.0,"Refton, PA",2022-07,4,-4,0
17568.0,"Refton, PA",2022-08,3,-3,0
17568.0,"Refton, PA",2022-09,2,-2,0
17568.0,"Refton, PA",2022-10,1,-1,0
17568.0,"Refton, PA",2022-11,0,0,1
17568.0,"Refton, PA",2022-12,-1,1,0
17569.0,"Reinholds, PA",2022-01,10,-10,0
17569.0,"Reinholds, PA",2022-02,9,-9,0
17569.0,"Reinholds, PA",2022-03,8,-8,0
17569.0,"Reinholds, PA",2022-04,7,-7,0
17569.0,"Reinholds, PA",2022-05,6,-6,0
17569.0,"Reinholds, PA",2022-06,5,-5,0
17569.0,"Reinholds, PA",2022-07,4,-4,0
17569.0,"Reinholds, PA",2022-08,3,-3,0
17569.0,"Reinholds, PA",2022-09,2,-2,0
17569.0,"Reinholds, PA",2022-10,1,-1,0
17569.0,"Reinholds, PA",2022-11,0,0,1
17569.0,"Reinholds, PA",2022-12,-1,1,0
17570.0,"Rheems, PA",2022-01,10,-10,0
17570.0,"Rheems, PA",2022-02,9,-9,0
17570.0,"Rheems, PA",2022-03,8,-8,0
17570.0,"Rheems, PA",2022-04,7,-7,0
17570.0,"Rheems, PA",2022-05,6,-6,0
17570.0,"Rheems, PA",2022-06,5,-5,0
17570.0,"Rheems, PA",2022-07,4,-4,0
17570.0,"Rheems, PA",2022-08,3,-3,0
17570.0,"Rheems, PA",2022-09,2,-2,0
17570.0,"Rheems, PA",2022-10,1,-1,0
17570.0,"Rheems, PA",2022-11,0,0,1
17570.0,"Rheems, PA",2022-12,-1,1,0
17572.0,"Ronks, PA",2022-01,10,-10,0
17572.0,"Ronks, PA",2022-02,9,-9,0
17572.0,"Ronks, PA",2022-03,8,-8,0
17572.0,"Ronks, PA",2022-04,7,-7,0
17572.0,"Ronks, PA",2022-05,6,-6,0
17572.0,"Ronks, PA",2022-06,5,-5,0
17572.0,"Ronks, PA",2022-07,4,-4,0
17572.0,"Ronks, PA",2022-08,3,-3,0
17572.0,"Ronks, PA",2022-09,2,-2,0
17572.0,"Ronks, PA",2022-10,1,-1,0
17572.0,"Ronks, PA",2022-11,0,0,1
17572.0,"Ronks, PA",2022-12,-1,1,0
17576.0,"Smoketown, PA",2022-01,10,-10,0
17576.0,"Smoketown, PA",2022-02,9,-9,0
17576.0,"Smoketown, PA",2022-03,8,-8,0
17576.0,"Smoketown, PA",2022-04,7,-7,0
17576.0,"Smoketown, PA",2022-05,6,-6,0
17576.0,"Smoketown, PA",2022-06,5,-5,0
17576.0,"Smoketown, PA",2022-07,4,-4,0
17576.0,"Smoketown, PA",2022-08,3,-3,0
17576.0,"Smoketown, PA",2022-09,2,-2,0
17576.0,"Smoketown, PA",2022-10,1,-1,0
17576.0,"Smoketown, PA",2022-11,0,0,1
17576.0,"Smoketown, PA",2022-12,-1,1,0
17578.0,"Stevens, PA",2022-01,10,-10,0
17578.0,"Stevens, PA",2022-02,9,-9,0
17578.0,"Stevens, PA",2022-03,8,-8,0
17578.0,"Stevens, PA",2022-04,7,-7,0
17578.0,"Stevens, PA",2022-05,6,-6,0
17578.0,"Stevens, PA",2022-06,5,-5,0
17578.0,"Stevens, PA",2022-07,4,-4,0
17578.0,"Stevens, PA",2022-08,3,-3,0
17578.0,"Stevens, PA",2022-09,2,-2,0
17578.0,"Stevens, PA",2022-10,1,-1,0
17578.0,"Stevens, PA",2022-11,0,0,1
17578.0,"Stevens, PA",2022-12,-1,1,0
17579.0,"Strasburg, PA",2022-01,10,-10,0
17579.0,"Strasburg, PA",2022-02,9,-9,0
17579.0,"Strasburg, PA",2022-03,8,-8,0
17579.0,"Strasburg, PA",2022-04,7,-7,0
17579.0,"Strasburg, PA",2022-05,6,-6,0
17579.0,"Strasburg, PA",2022-06,5,-5,0
17579.0,"Strasburg, PA",2022-07,4,-4,0
17579.0,"Strasburg, PA",2022-08,3,-3,0
17579.0,"Strasburg, PA",2022-09,2,-2,0
17579.0,"Strasburg, PA",2022-10,1,-1,0
17579.0,"Strasburg, PA",2022-11,0,0,1
17579.0,"Strasburg, PA",2022-12,-1,1,0
17581.0,"Terre Hill, PA",2022-01,10,-10,0
17581.0,"Terre Hill, PA",2022-02,9,-9,0
17581.0,"Terre Hill, PA",2022-03,8,-8,0
17581.0,"Terre Hill, PA",2022-04,7,-7,0
17581.0,"Terre Hill, PA",2022-05,6,-6,0
17581.0,"Terre Hill, PA",2022-06,5,-5,0
17581.0,"Terre Hill, PA",2022-07,4,-4,0
17581.0,"Terre Hill, PA",2022-08,3,-3,0
17581.0,"Terre Hill, PA",2022-09,2,-2,0
17581.0,"Terre Hill, PA",2022-10,1,-1,0
17581.0,"Terre Hill, PA",2022-11,0,0,1
17581.0,"Terre Hill, PA",2022-12,-1,1,0
17582.0,"Washington Boro, PA",2022-01,10,-10,0
17582.0,"Washington Boro, PA",2022-02,9,-9,0
17582.0,"Washington Boro, PA",2022-03,8,-8,0
17582.0,"Washington Boro, PA",2022-04,7,-7,0
17582.0,"Washington Boro, PA",2022-05,6,-6,0
17582.0,"Washington Boro, PA",2022-06,5,-5,0
17582.0,"Washington Boro, PA",2022-07,4,-4,0
17582.0,"Washington Boro, PA",2022-08,3,-3,0
17582.0,"Washington Boro, PA",2022-09,2,-2,0
17582.0,"Washington Boro, PA",2022-10,1,-1,0
17582.0,"Washington Boro, PA",2022-11,0,0,1
17582.0,"Washington Boro, PA",2022-12,-1,1,0
17584.0,"Willow Street, PA",2022-01,10,-10,0
17584.0,"Willow Street, PA",2022-02,9,-9,0
17584.0,"Willow Street, PA",2022-03,8,-8,0
17584.0,"Willow Street, PA",2022-04,7,-7,0
17584.0,"Willow Street, PA",2022-05,6,-6,0
17584.0,"Willow Street, PA",2022-06,5,-5,0
17584.0,"Willow Street, PA",2022-07,4,-4,0
17584.0,"Willow Street, PA",2022-08,3,-3,0
17584.0,"Willow Street, PA",2022-09,2,-2,0
17584.0,"Willow Street, PA",2022-10,1,-1,0
17584.0,"Willow Street, PA",2022-11,0,0,1
17584.0,"Willow Street, PA",2022-12,-1,1,0
17601.0,"Lancaster, PA",2022-01,10,-10,0
17601.0,"Lancaster, PA",2022-02,9,-9,0
17601.0,"Lancaster, PA",2022-03,8,-8,0
17601.0,"Lancaster, PA",2022-04,7,-7,0
17601.0,"Lancaster, PA",2022-05,6,-6,0
17601.0,"Lancaster, PA",2022-06,5,-5,0
17601.0,"Lancaster, PA",2022-07,4,-4,0
17601.0,"Lancaster, PA",2022-08,3,-3,0
17601.0,"Lancaster, PA",2022-09,2,-2,0
17601.0,"Lancaster, PA",2022-10,1,-1,0
17601.0,"Lancaster, PA",2022-11,0,0,1
17601.0,"Lancaster, PA",2022-12,-1,1,0
17602.0,"Lancaster, PA",2022-01,10,-10,0
17602.0,"Lancaster, PA",2022-02,9,-9,0
17602.0,"Lancaster, PA",2022-03,8,-8,0
17602.0,"Lancaster, PA",2022-04,7,-7,0
17602.0,"Lancaster, PA",2022-05,6,-6,0
17602.0,"Lancaster, PA",2022-06,5,-5,0
17602.0,"Lancaster, PA",2022-07,4,-4,0
17602.0,"Lancaster, PA",2022-08,3,-3,0
17602.0,"Lancaster, PA",2022-09,2,-2,0
17602.0,"Lancaster, PA",2022-10,1,-1,0
17602.0,"Lancaster, PA",2022-11,0,0,1
17602.0,"Lancaster, PA",2022-12,-1,1,0
17603.0,"Lancaster, PA",2022-01,10,-10,0
17603.0,"Lancaster, PA",2022-02,9,-9,0
17603.0,"Lancaster, PA",2022-03,8,-8,0
17603.0,"Lancaster, PA",2022-04,7,-7,0
17603.0,"Lancaster, PA",2022-05,6,-6,0
17603.0,"Lancaster, PA",2022-06,5,-5,0
17603.0,"Lancaster, PA",2022-07,4,-4,0
17603.0,"Lancaster, PA",2022-08,3,-3,0
17603.0,"Lancaster, PA",2022-09,2,-2,0
17603.0,"Lancaster, PA",2022-10,1,-1,0
17603.0,"Lancaster, PA",2022-11,0,0,1
17603.0,"Lancaster, PA",2022-12,-1,1,0
17606.0,"Lancaster, PA",2022-01,10,-10,0
17606.0,"Lancaster, PA",2022-02,9,-9,0
17606.0,"Lancaster, PA",2022-03,8,-8,0
17606.0,"Lancaster, PA",2022-04,7,-7,0
17606.0,"Lancaster, PA",2022-05,6,-6,0
17606.0,"Lancaster, PA",2022-06,5,-5,0
17606.0,"Lancaster, PA",2022-07,4,-4,0
17606.0,"Lancaster, PA",2022-08,3,-3,0
17606.0,"Lancaster, PA",2022-09,2,-2,0
17606.0,"Lancaster, PA",2022-10,1,-1,0
17606.0,"Lancaster, PA",2022-11,0,0,1
17606.0,"Lancaster, PA",2022-12,-1,1,0
17701.0,"Williamsport, PA",2022-01,10,-10,0
17701.0,"Williamsport, PA",2022-02,9,-9,0
17701.0,"Williamsport, PA",2022-03,8,-8,0
17701.0,"Williamsport, PA",2022-04,7,-7,0
17701.0,"Williamsport, PA",2022-05,6,-6,0
17701.0,"Williamsport, PA",2022-06,5,-5,0
17701.0,"Williamsport, PA",2022-07,4,-4,0
17701.0,"Williamsport, PA",2022-08,3,-3,0
17701.0,"Williamsport, PA",2022-09,2,-2,0
17701.0,"Williamsport, PA",2022-10,1,-1,0
17701.0,"Williamsport, PA",2022-11,0,0,1
17701.0,"Williamsport, PA",2022-12,-1,1,0
17702.0,"Williamsport, PA",2022-01,10,-10,0
17702.0,"Williamsport, PA",2022-02,9,-9,0
17702.0,"Williamsport, PA",2022-03,8,-8,0
17702.0,"Williamsport, PA",2022-04,7,-7,0
17702.0,"Williamsport, PA",2022-05,6,-6,0
17702.0,"Williamsport, PA",2022-06,5,-5,0
17702.0,"Williamsport, PA",2022-07,4,-4,0
17702.0,"Williamsport, PA",2022-08,3,-3,0
17702.0,"Williamsport, PA",2022-09,2,-2,0
17702.0,"Williamsport, PA",2022-10,1,-1,0
17702.0,"Williamsport, PA",2022-11,0,0,1
17702.0,"Williamsport, PA",2022-12,-1,1,0
17720.0,"Antes Fort, PA",2022-01,10,-10,0
17720.0,"Antes Fort, PA",2022-02,9,-9,0
17720.0,"Antes Fort, PA",2022-03,8,-8,0
17720.0,"Antes Fort, PA",2022-04,7,-7,0
17720.0,"Antes Fort, PA",2022-05,6,-6,0
17720.0,"Antes Fort, PA",2022-06,5,-5,0
17720.0,"Antes Fort, PA",2022-07,4,-4,0
17720.0,"Antes Fort, PA",2022-08,3,-3,0
17720.0,"Antes Fort, PA",2022-09,2,-2,0
17720.0,"Antes Fort, PA",2022-10,1,-1,0
17720.0,"Antes Fort, PA",2022-11,0,0,1
17720.0,"Antes Fort, PA",2022-12,-1,1,0
17721.0,"Avis, PA",2022-01,10,-10,0
17721.0,"Avis, PA",2022-02,9,-9,0
17721.0,"Avis, PA",2022-03,8,-8,0
17721.0,"Avis, PA",2022-04,7,-7,0
17721.0,"Avis, PA",2022-05,6,-6,0
17721.0,"Avis, PA",2022-06,5,-5,0
17721.0,"Avis, PA",2022-07,4,-4,0
17721.0,"Avis, PA",2022-08,3,-3,0
17721.0,"Avis, PA",2022-09,2,-2,0
17721.0,"Avis, PA",2022-10,1,-1,0
17721.0,"Avis, PA",2022-11,0,0,1
17721.0,"Avis, PA",2022-12,-1,1,0
17723.0,"Jersey Shore, PA",2022-01,10,-10,0
17723.0,"Jersey Shore, PA",2022-02,9,-9,0
17723.0,"Jersey Shore, PA",2022-03,8,-8,0
17723.0,"Jersey Shore, PA",2022-04,7,-7,0
17723.0,"Jersey Shore, PA",2022-05,6,-6,0
17723.0,"Jersey Shore, PA",2022-06,5,-5,0
17723.0,"Jersey Shore, PA",2022-07,4,-4,0
17723.0,"Jersey Shore, PA",2022-08,3,-3,0
17723.0,"Jersey Shore, PA",2022-09,2,-2,0
17723.0,"Jersey Shore, PA",2022-10,1,-1,0
17723.0,"Jersey Shore, PA",2022-11,0,0,1
17723.0,"Jersey Shore, PA",2022-12,-1,1,0
17724.0,"Canton, PA",2022-01,10,-10,0
17724.0,"Canton, PA",2022-02,9,-9,0
17724.0,"Canton, PA",2022-03,8,-8,0
17724.0,"Canton, PA",2022-04,7,-7,0
17724.0,"Canton, PA",2022-05,6,-6,0
17724.0,"Canton, PA",2022-06,5,-5,0
17724.0,"Canton, PA",2022-07,4,-4,0
17724.0,"Canton, PA",2022-08,3,-3,0
17724.0,"Canton, PA",2022-09,2,-2,0
17724.0,"Canton, PA",2022-10,1,-1,0
17724.0,"Canton, PA",2022-11,0,0,1
17724.0,"Canton, PA",2022-12,-1,1,0
17727.0,"Cedar Run, PA",2022-01,10,-10,0
17727.0,"Cedar Run, PA",2022-02,9,-9,0
17727.0,"Cedar Run, PA",2022-03,8,-8,0
17727.0,"Cedar Run, PA",2022-04,7,-7,0
17727.0,"Cedar Run, PA",2022-05,6,-6,0
17727.0,"Cedar Run, PA",2022-06,5,-5,0
17727.0,"Cedar Run, PA",2022-07,4,-4,0
17727.0,"Cedar Run, PA",2022-08,3,-3,0
17727.0,"Cedar Run, PA",2022-09,2,-2,0
17727.0,"Cedar Run, PA",2022-10,1,-1,0
17727.0,"Cedar Run, PA",2022-11,0,0,1
17727.0,"Cedar Run, PA",2022-12,-1,1,0
17728.0,"Cogan Station, PA",2022-01,10,-10,0
17728.0,"Cogan Station, PA",2022-02,9,-9,0
17728.0,"Cogan Station, PA",2022-03,8,-8,0
17728.0,"Cogan Station, PA",2022-04,7,-7,0
17728.0,"Cogan Station, PA",2022-05,6,-6,0
17728.0,"Cogan Station, PA",2022-06,5,-5,0
17728.0,"Cogan Station, PA",2022-07,4,-4,0
17728.0,"Cogan Station, PA",2022-08,3,-3,0
17728.0,"Cogan Station, PA",2022-09,2,-2,0
17728.0,"Cogan Station, PA",2022-10,1,-1,0
17728.0,"Cogan Station, PA",2022-11,0,0,1
17728.0,"Cogan Station, PA",2022-12,-1,1,0
17729.0,"Cross Fork, PA",2022-01,10,-10,0
17729.0,"Cross Fork, PA",2022-02,9,-9,0
17729.0,"Cross Fork, PA",2022-03,8,-8,0
17729.0,"Cross Fork, PA",2022-04,7,-7,0
17729.0,"Cross Fork, PA",2022-05,6,-6,0
17729.0,"Cross Fork, PA",2022-06,5,-5,0
17729.0,"Cross Fork, PA",2022-07,4,-4,0
17729.0,"Cross Fork, PA",2022-08,3,-3,0
17729.0,"Cross Fork, PA",2022-09,2,-2,0
17729.0,"Cross Fork, PA",2022-10,1,-1,0
17729.0,"Cross Fork, PA",2022-11,0,0,1
17729.0,"Cross Fork, PA",2022-12,-1,1,0
17730.0,"Dewart, PA",2022-01,10,-10,0
17730.0,"Dewart, PA",2022-02,9,-9,0
17730.0,"Dewart, PA",2022-03,8,-8,0
17730.0,"Dewart, PA",2022-04,7,-7,0
17730.0,"Dewart, PA",2022-05,6,-6,0
17730.0,"Dewart, PA",2022-06,5,-5,0
17730.0,"Dewart, PA",2022-07,4,-4,0
17730.0,"Dewart, PA",2022-08,3,-3,0
17730.0,"Dewart, PA",2022-09,2,-2,0
17730.0,"Dewart, PA",2022-10,1,-1,0
17730.0,"Dewart, PA",2022-11,0,0,1
17730.0,"Dewart, PA",2022-12,-1,1,0
17731.0,"Eagles Mere, PA",2022-01,10,-10,0
17731.0,"Eagles Mere, PA",2022-02,9,-9,0
17731.0,"Eagles Mere, PA",2022-03,8,-8,0
17731.0,"Eagles Mere, PA",2022-04,7,-7,0
17731.0,"Eagles Mere, PA",2022-05,6,-6,0
17731.0,"Eagles Mere, PA",2022-06,5,-5,0
17731.0,"Eagles Mere, PA",2022-07,4,-4,0
17731.0,"Eagles Mere, PA",2022-08,3,-3,0
17731.0,"Eagles Mere, PA",2022-09,2,-2,0
17731.0,"Eagles Mere, PA",2022-10,1,-1,0
17731.0,"Eagles Mere, PA",2022-11,0,0,1
17731.0,"Eagles Mere, PA",2022-12,-1,1,0
17737.0,"Hughesville, PA",2022-01,10,-10,0
17737.0,"Hughesville, PA",2022-02,9,-9,0
17737.0,"Hughesville, PA",2022-03,8,-8,0
17737.0,"Hughesville, PA",2022-04,7,-7,0
17737.0,"Hughesville, PA",2022-05,6,-6,0
17737.0,"Hughesville, PA",2022-06,5,-5,0
17737.0,"Hughesville, PA",2022-07,4,-4,0
17737.0,"Hughesville, PA",2022-08,3,-3,0
17737.0,"Hughesville, PA",2022-09,2,-2,0
17737.0,"Hughesville, PA",2022-10,1,-1,0
17737.0,"Hughesville, PA",2022-11,0,0,1
17737.0,"Hughesville, PA",2022-12,-1,1,0
17739.0,"Jersey Mills, PA",2022-01,10,-10,0
17739.0,"Jersey Mills, PA",2022-02,9,-9,0
17739.0,"Jersey Mills, PA",2022-03,8,-8,0
17739.0,"Jersey Mills, PA",2022-04,7,-7,0
17739.0,"Jersey Mills, PA",2022-05,6,-6,0
17739.0,"Jersey Mills, PA",2022-06,5,-5,0
17739.0,"Jersey Mills, PA",2022-07,4,-4,0
17739.0,"Jersey Mills, PA",2022-08,3,-3,0
17739.0,"Jersey Mills, PA",2022-09,2,-2,0
17739.0,"Jersey Mills, PA",2022-10,1,-1,0
17739.0,"Jersey Mills, PA",2022-11,0,0,1
17739.0,"Jersey Mills, PA",2022-12,-1,1,0
17740.0,"Jersey Shore, PA",2022-01,10,-10,0
17740.0,"Jersey Shore, PA",2022-02,9,-9,0
17740.0,"Jersey Shore, PA",2022-03,8,-8,0
17740.0,"Jersey Shore, PA",2022-04,7,-7,0
17740.0,"Jersey Shore, PA",2022-05,6,-6,0
17740.0,"Jersey Shore, PA",2022-06,5,-5,0
17740.0,"Jersey Shore, PA",2022-07,4,-4,0
17740.0,"Jersey Shore, PA",2022-08,3,-3,0
17740.0,"Jersey Shore, PA",2022-09,2,-2,0
17740.0,"Jersey Shore, PA",2022-10,1,-1,0
17740.0,"Jersey Shore, PA",2022-11,0,0,1
17740.0,"Jersey Shore, PA",2022-12,-1,1,0
17742.0,"Lairdsville, PA",2022-01,10,-10,0
17742.0,"Lairdsville, PA",2022-02,9,-9,0
17742.0,"Lairdsville, PA",2022-03,8,-8,0
17742.0,"Lairdsville, PA",2022-04,7,-7,0
17742.0,"Lairdsville, PA",2022-05,6,-6,0
17742.0,"Lairdsville, PA",2022-06,5,-5,0
17742.0,"Lairdsville, PA",2022-07,4,-4,0
17742.0,"Lairdsville, PA",2022-08,3,-3,0
17742.0,"Lairdsville, PA",2022-09,2,-2,0
17742.0,"Lairdsville, PA",2022-10,1,-1,0
17742.0,"Lairdsville, PA",2022-11,0,0,1
17742.0,"Lairdsville, PA",2022-12,-1,1,0
17744.0,"Linden, PA",2022-01,10,-10,0
17744.0,"Linden, PA",2022-02,9,-9,0
17744.0,"Linden, PA",2022-03,8,-8,0
17744.0,"Linden, PA",2022-04,7,-7,0
17744.0,"Linden, PA",2022-05,6,-6,0
17744.0,"Linden, PA",2022-06,5,-5,0
17744.0,"Linden, PA",2022-07,4,-4,0
17744.0,"Linden, PA",2022-08,3,-3,0
17744.0,"Linden, PA",2022-09,2,-2,0
17744.0,"Linden, PA",2022-10,1,-1,0
17744.0,"Linden, PA",2022-11,0,0,1
17744.0,"Linden, PA",2022-12,-1,1,0
17745.0,"Lock Haven, PA",2022-01,10,-10,0
17745.0,"Lock Haven, PA",2022-02,9,-9,0
17745.0,"Lock Haven, PA",2022-03,8,-8,0
17745.0,"Lock Haven, PA",2022-04,7,-7,0
17745.0,"Lock Haven, PA",2022-05,6,-6,0
17745.0,"Lock Haven, PA",2022-06,5,-5,0
17745.0,"Lock Haven, PA",2022-07,4,-4,0
17745.0,"Lock Haven, PA",2022-08,3,-3,0
17745.0,"Lock Haven, PA",2022-09,2,-2,0
17745.0,"Lock Haven, PA",2022-10,1,-1,0
17745.0,"Lock Haven, PA",2022-11,0,0,1
17745.0,"Lock Haven, PA",2022-12,-1,1,0
17747.0,"Loganton, PA",2022-01,10,-10,0
17747.0,"Loganton, PA",2022-02,9,-9,0
17747.0,"Loganton, PA",2022-03,8,-8,0
17747.0,"Loganton, PA",2022-04,7,-7,0
17747.0,"Loganton, PA",2022-05,6,-6,0
17747.0,"Loganton, PA",2022-06,5,-5,0
17747.0,"Loganton, PA",2022-07,4,-4,0
17747.0,"Loganton, PA",2022-08,3,-3,0
17747.0,"Loganton, PA",2022-09,2,-2,0
17747.0,"Loganton, PA",2022-10,1,-1,0
17747.0,"Loganton, PA",2022-11,0,0,1
17747.0,"Loganton, PA",2022-12,-1,1,0
17748.0,"McElhattan, PA",2022-01,10,-10,0
17748.0,"McElhattan, PA",2022-02,9,-9,0
17748.0,"McElhattan, PA",2022-03,8,-8,0
17748.0,"McElhattan, PA",2022-04,7,-7,0
17748.0,"McElhattan, PA",2022-05,6,-6,0
17748.0,"McElhattan, PA",2022-06,5,-5,0
17748.0,"McElhattan, PA",2022-07,4,-4,0
17748.0,"McElhattan, PA",2022-08,3,-3,0
17748.0,"McElhattan, PA",2022-09,2,-2,0
17748.0,"McElhattan, PA",2022-10,1,-1,0
17748.0,"McElhattan, PA",2022-11,0,0,1
17748.0,"McElhattan, PA",2022-12,-1,1,0
17749.0,"McEwensville, PA",2022-01,10,-10,0
17749.0,"McEwensville, PA",2022-02,9,-9,0
17749.0,"McEwensville, PA",2022-03,8,-8,0
17749.0,"McEwensville, PA",2022-04,7,-7,0
17749.0,"McEwensville, PA",2022-05,6,-6,0
17749.0,"McEwensville, PA",2022-06,5,-5,0
17749.0,"McEwensville, PA",2022-07,4,-4,0
17749.0,"McEwensville, PA",2022-08,3,-3,0
17749.0,"McEwensville, PA",2022-09,2,-2,0
17749.0,"McEwensville, PA",2022-10,1,-1,0
17749.0,"McEwensville, PA",2022-11,0,0,1
17749.0,"McEwensville, PA",2022-12,-1,1,0
17750.0,"Mackeyville, PA",2022-01,10,-10,0
17750.0,"Mackeyville, PA",2022-02,9,-9,0
17750.0,"Mackeyville, PA",2022-03,8,-8,0
17750.0,"Mackeyville, PA",2022-04,7,-7,0
17750.0,"Mackeyville, PA",2022-05,6,-6,0
17750.0,"Mackeyville, PA",2022-06,5,-5,0
17750.0,"Mackeyville, PA",2022-07,4,-4,0
17750.0,"Mackeyville, PA",2022-08,3,-3,0
17750.0,"Mackeyville, PA",2022-09,2,-2,0
17750.0,"Mackeyville, PA",2022-10,1,-1,0
17750.0,"Mackeyville, PA",2022-11,0,0,1
17750.0,"Mackeyville, PA",2022-12,-1,1,0
17751.0,"Mill Hall, PA",2022-01,10,-10,0
17751.0,"Mill Hall, PA",2022-02,9,-9,0
17751.0,"Mill Hall, PA",2022-03,8,-8,0
17751.0,"Mill Hall, PA",2022-04,7,-7,0
17751.0,"Mill Hall, PA",2022-05,6,-6,0
17751.0,"Mill Hall, PA",2022-06,5,-5,0
17751.0,"Mill Hall, PA",2022-07,4,-4,0
17751.0,"Mill Hall, PA",2022-08,3,-3,0
17751.0,"Mill Hall, PA",2022-09,2,-2,0
17751.0,"Mill Hall, PA",2022-10,1,-1,0
17751.0,"Mill Hall, PA",2022-11,0,0,1
17751.0,"Mill Hall, PA",2022-12,-1,1,0
17752.0,"Montgomery, PA",2022-01,10,-10,0
17752.0,"Montgomery, PA",2022-02,9,-9,0
17752.0,"Montgomery, PA",2022-03,8,-8,0
17752.0,"Montgomery, PA",2022-04,7,-7,0
17752.0,"Montgomery, PA",2022-05,6,-6,0
17752.0,"Montgomery, PA",2022-06,5,-5,0
17752.0,"Montgomery, PA",2022-07,4,-4,0
17752.0,"Montgomery, PA",2022-08,3,-3,0
17752.0,"Montgomery, PA",2022-09,2,-2,0
17752.0,"Montgomery, PA",2022-10,1,-1,0
17752.0,"Montgomery, PA",2022-11,0,0,1
17752.0,"Montgomery, PA",2022-12,-1,1,0
17754.0,"Montoursville, PA",2022-01,10,-10,0
17754.0,"Montoursville, PA",2022-02,9,-9,0
17754.0,"Montoursville, PA",2022-03,8,-8,0
17754.0,"Montoursville, PA",2022-04,7,-7,0
17754.0,"Montoursville, PA",2022-05,6,-6,0
17754.0,"Montoursville, PA",2022-06,5,-5,0
17754.0,"Montoursville, PA",2022-07,4,-4,0
17754.0,"Montoursville, PA",2022-08,3,-3,0
17754.0,"Montoursville, PA",2022-09,2,-2,0
17754.0,"Montoursville, PA",2022-10,1,-1,0
17754.0,"Montoursville, PA",2022-11,0,0,1
17754.0,"Montoursville, PA",2022-12,-1,1,0
17756.0,"Muncy, PA",2022-01,10,-10,0
17756.0,"Muncy, PA",2022-02,9,-9,0
17756.0,"Muncy, PA",2022-03,8,-8,0
17756.0,"Muncy, PA",2022-04,7,-7,0
17756.0,"Muncy, PA",2022-05,6,-6,0
17756.0,"Muncy, PA",2022-06,5,-5,0
17756.0,"Muncy, PA",2022-07,4,-4,0
17756.0,"Muncy, PA",2022-08,3,-3,0
17756.0,"Muncy, PA",2022-09,2,-2,0
17756.0,"Muncy, PA",2022-10,1,-1,0
17756.0,"Muncy, PA",2022-11,0,0,1
17756.0,"Muncy, PA",2022-12,-1,1,0
17758.0,"Muncy Valley, PA",2022-01,10,-10,0
17758.0,"Muncy Valley, PA",2022-02,9,-9,0
17758.0,"Muncy Valley, PA",2022-03,8,-8,0
17758.0,"Muncy Valley, PA",2022-04,7,-7,0
17758.0,"Muncy Valley, PA",2022-05,6,-6,0
17758.0,"Muncy Valley, PA",2022-06,5,-5,0
17758.0,"Muncy Valley, PA",2022-07,4,-4,0
17758.0,"Muncy Valley, PA",2022-08,3,-3,0
17758.0,"Muncy Valley, PA",2022-09,2,-2,0
17758.0,"Muncy Valley, PA",2022-10,1,-1,0
17758.0,"Muncy Valley, PA",2022-11,0,0,1
17758.0,"Muncy Valley, PA",2022-12,-1,1,0
17760.0,"North Bend, PA",2022-01,10,-10,0
17760.0,"North Bend, PA",2022-02,9,-9,0
17760.0,"North Bend, PA",2022-03,8,-8,0
17760.0,"North Bend, PA",2022-04,7,-7,0
17760.0,"North Bend, PA",2022-05,6,-6,0
17760.0,"North Bend, PA",2022-06,5,-5,0
17760.0,"North Bend, PA",2022-07,4,-4,0
17760.0,"North Bend, PA",2022-08,3,-3,0
17760.0,"North Bend, PA",2022-09,2,-2,0
17760.0,"North Bend, PA",2022-10,1,-1,0
17760.0,"North Bend, PA",2022-11,0,0,1
17760.0,"North Bend, PA",2022-12,-1,1,0
17762.0,"Picture Rocks, PA",2022-01,10,-10,0
17762.0,"Picture Rocks, PA",2022-02,9,-9,0
17762.0,"Picture Rocks, PA",2022-03,8,-8,0
17762.0,"Picture Rocks, PA",2022-04,7,-7,0
17762.0,"Picture Rocks, PA",2022-05,6,-6,0
17762.0,"Picture Rocks, PA",2022-06,5,-5,0
17762.0,"Picture Rocks, PA",2022-07,4,-4,0
17762.0,"Picture Rocks, PA",2022-08,3,-3,0
17762.0,"Picture Rocks, PA",2022-09,2,-2,0
17762.0,"Picture Rocks, PA",2022-10,1,-1,0
17762.0,"Picture Rocks, PA",2022-11,0,0,1
17762.0,"Picture Rocks, PA",2022-12,-1,1,0
17763.0,"Ralston, PA",2022-01,10,-10,0
17763.0,"Ralston, PA",2022-02,9,-9,0
17763.0,"Ralston, PA",2022-03,8,-8,0
17763.0,"Ralston, PA",2022-04,7,-7,0
17763.0,"Ralston, PA",2022-05,6,-6,0
17763.0,"Ralston, PA",2022-06,5,-5,0
17763.0,"Ralston, PA",2022-07,4,-4,0
17763.0,"Ralston, PA",2022-08,3,-3,0
17763.0,"Ralston, PA",2022-09,2,-2,0
17763.0,"Ralston, PA",2022-10,1,-1,0
17763.0,"Ralston, PA",2022-11,0,0,1
17763.0,"Ralston, PA",2022-12,-1,1,0
17764.0,"Renovo, PA",2022-01,10,-10,0
17764.0,"Renovo, PA",2022-02,9,-9,0
17764.0,"Renovo, PA",2022-03,8,-8,0
17764.0,"Renovo, PA",2022-04,7,-7,0
17764.0,"Renovo, PA",2022-05,6,-6,0
17764.0,"Renovo, PA",2022-06,5,-5,0
17764.0,"Renovo, PA",2022-07,4,-4,0
17764.0,"Renovo, PA",2022-08,3,-3,0
17764.0,"Renovo, PA",2022-09,2,-2,0
17764.0,"Renovo, PA",2022-10,1,-1,0
17764.0,"Renovo, PA",2022-11,0,0,1
17764.0,"Renovo, PA",2022-12,-1,1,0
17765.0,"Roaring Branch, PA",2022-01,10,-10,0
17765.0,"Roaring Branch, PA",2022-02,9,-9,0
17765.0,"Roaring Branch, PA",2022-03,8,-8,0
17765.0,"Roaring Branch, PA",2022-04,7,-7,0
17765.0,"Roaring Branch, PA",2022-05,6,-6,0
17765.0,"Roaring Branch, PA",2022-06,5,-5,0
17765.0,"Roaring Branch, PA",2022-07,4,-4,0
17765.0,"Roaring Branch, PA",2022-08,3,-3,0
17765.0,"Roaring Branch, PA",2022-09,2,-2,0
17765.0,"Roaring Branch, PA",2022-10,1,-1,0
17765.0,"Roaring Branch, PA",2022-11,0,0,1
17765.0,"Roaring Branch, PA",2022-12,-1,1,0
17768.0,"Shunk, PA",2022-01,10,-10,0
17768.0,"Shunk, PA",2022-02,9,-9,0
17768.0,"Shunk, PA",2022-03,8,-8,0
17768.0,"Shunk, PA",2022-04,7,-7,0
17768.0,"Shunk, PA",2022-05,6,-6,0
17768.0,"Shunk, PA",2022-06,5,-5,0
17768.0,"Shunk, PA",2022-07,4,-4,0
17768.0,"Shunk, PA",2022-08,3,-3,0
17768.0,"Shunk, PA",2022-09,2,-2,0
17768.0,"Shunk, PA",2022-10,1,-1,0
17768.0,"Shunk, PA",2022-11,0,0,1
17768.0,"Shunk, PA",2022-12,-1,1,0
17769.0,"Slate Run, PA",2022-01,10,-10,0
17769.0,"Slate Run, PA",2022-02,9,-9,0
17769.0,"Slate Run, PA",2022-03,8,-8,0
17769.0,"Slate Run, PA",2022-04,7,-7,0
17769.0,"Slate Run, PA",2022-05,6,-6,0
17769.0,"Slate Run, PA",2022-06,5,-5,0
17769.0,"Slate Run, PA",2022-07,4,-4,0
17769.0,"Slate Run, PA",2022-08,3,-3,0
17769.0,"Slate Run, PA",2022-09,2,-2,0
17769.0,"Slate Run, PA",2022-10,1,-1,0
17769.0,"Slate Run, PA",2022-11,0,0,1
17769.0,"Slate Run, PA",2022-12,-1,1,0
17771.0,"Trout Run, PA",2022-01,10,-10,0
17771.0,"Trout Run, PA",2022-02,9,-9,0
17771.0,"Trout Run, PA",2022-03,8,-8,0
17771.0,"Trout Run, PA",2022-04,7,-7,0
17771.0,"Trout Run, PA",2022-05,6,-6,0
17771.0,"Trout Run, PA",2022-06,5,-5,0
17771.0,"Trout Run, PA",2022-07,4,-4,0
17771.0,"Trout Run, PA",2022-08,3,-3,0
17771.0,"Trout Run, PA",2022-09,2,-2,0
17771.0,"Trout Run, PA",2022-10,1,-1,0
17771.0,"Trout Run, PA",2022-11,0,0,1
17771.0,"Trout Run, PA",2022-12,-1,1,0
17772.0,"Turbotville, PA",2022-01,10,-10,0
17772.0,"Turbotville, PA",2022-02,9,-9,0
17772.0,"Turbotville, PA",2022-03,8,-8,0
17772.0,"Turbotville, PA",2022-04,7,-7,0
17772.0,"Turbotville, PA",2022-05,6,-6,0
17772.0,"Turbotville, PA",2022-06,5,-5,0
17772.0,"Turbotville, PA",2022-07,4,-4,0
17772.0,"Turbotville, PA",2022-08,3,-3,0
17772.0,"Turbotville, PA",2022-09,2,-2,0
17772.0,"Turbotville, PA",2022-10,1,-1,0
17772.0,"Turbotville, PA",2022-11,0,0,1
17772.0,"Turbotville, PA",2022-12,-1,1,0
17774.0,"Unityville, PA",2022-01,10,-10,0
17774.0,"Unityville, PA",2022-02,9,-9,0
17774.0,"Unityville, PA",2022-03,8,-8,0
17774.0,"Unityville, PA",2022-04,7,-7,0
17774.0,"Unityville, PA",2022-05,6,-6,0
17774.0,"Unityville, PA",2022-06,5,-5,0
17774.0,"Unityville, PA",2022-07,4,-4,0
17774.0,"Unityville, PA",2022-08,3,-3,0
17774.0,"Unityville, PA",2022-09,2,-2,0
17774.0,"Unityville, PA",2022-10,1,-1,0
17774.0,"Unityville, PA",2022-11,0,0,1
17774.0,"Unityville, PA",2022-12,-1,1,0
17776.0,"Waterville, PA",2022-01,10,-10,0
17776.0,"Waterville, PA",2022-02,9,-9,0
17776.0,"Waterville, PA",2022-03,8,-8,0
17776.0,"Waterville, PA",2022-04,7,-7,0
17776.0,"Waterville, PA",2022-05,6,-6,0
17776.0,"Waterville, PA",2022-06,5,-5,0
17776.0,"Waterville, PA",2022-07,4,-4,0
17776.0,"Waterville, PA",2022-08,3,-3,0
17776.0,"Waterville, PA",2022-09,2,-2,0
17776.0,"Waterville, PA",2022-10,1,-1,0
17776.0,"Waterville, PA",2022-11,0,0,1
17776.0,"Waterville, PA",2022-12,-1,1,0
17777.0,"Watsontown, PA",2022-01,10,-10,0
17777.0,"Watsontown, PA",2022-02,9,-9,0
17777.0,"Watsontown, PA",2022-03,8,-8,0
17777.0,"Watsontown, PA",2022-04,7,-7,0
17777.0,"Watsontown, PA",2022-05,6,-6,0
17777.0,"Watsontown, PA",2022-06,5,-5,0
17777.0,"Watsontown, PA",2022-07,4,-4,0
17777.0,"Watsontown, PA",2022-08,3,-3,0
17777.0,"Watsontown, PA",2022-09,2,-2,0
17777.0,"Watsontown, PA",2022-10,1,-1,0
17777.0,"Watsontown, PA",2022-11,0,0,1
17777.0,"Watsontown, PA",2022-12,-1,1,0
17778.0,"Westport, PA",2022-01,10,-10,0
17778.0,"Westport, PA",2022-02,9,-9,0
17778.0,"Westport, PA",2022-03,8,-8,0
17778.0,"Westport, PA",2022-04,7,-7,0
17778.0,"Westport, PA",2022-05,6,-6,0
17778.0,"Westport, PA",2022-06,5,-5,0
17778.0,"Westport, PA",2022-07,4,-4,0
17778.0,"Westport, PA",2022-08,3,-3,0
17778.0,"Westport, PA",2022-09,2,-2,0
17778.0,"Westport, PA",2022-10,1,-1,0
17778.0,"Westport, PA",2022-11,0,0,1
17778.0,"Westport, PA",2022-12,-1,1,0
17779.0,"Woolrich, PA",2022-01,10,-10,0
17779.0,"Woolrich, PA",2022-02,9,-9,0
17779.0,"Woolrich, PA",2022-03,8,-8,0
17779.0,"Woolrich, PA",2022-04,7,-7,0
17779.0,"Woolrich, PA",2022-05,6,-6,0
17779.0,"Woolrich, PA",2022-06,5,-5,0
17779.0,"Woolrich, PA",2022-07,4,-4,0
17779.0,"Woolrich, PA",2022-08,3,-3,0
17779.0,"Woolrich, PA",2022-09,2,-2,0
17779.0,"Woolrich, PA",2022-10,1,-1,0
17779.0,"Woolrich, PA",2022-11,0,0,1
17779.0,"Woolrich, PA",2022-12,-1,1,0
17801.0,"Sunbury, PA",2022-01,10,-10,0
17801.0,"Sunbury, PA",2022-02,9,-9,0
17801.0,"Sunbury, PA",2022-03,8,-8,0
17801.0,"Sunbury, PA",2022-04,7,-7,0
17801.0,"Sunbury, PA",2022-05,6,-6,0
17801.0,"Sunbury, PA",2022-06,5,-5,0
17801.0,"Sunbury, PA",2022-07,4,-4,0
17801.0,"Sunbury, PA",2022-08,3,-3,0
17801.0,"Sunbury, PA",2022-09,2,-2,0
17801.0,"Sunbury, PA",2022-10,1,-1,0
17801.0,"Sunbury, PA",2022-11,0,0,1
17801.0,"Sunbury, PA",2022-12,-1,1,0
17810.0,"Allenwood, PA",2022-01,10,-10,0
17810.0,"Allenwood, PA",2022-02,9,-9,0
17810.0,"Allenwood, PA",2022-03,8,-8,0
17810.0,"Allenwood, PA",2022-04,7,-7,0
17810.0,"Allenwood, PA",2022-05,6,-6,0
17810.0,"Allenwood, PA",2022-06,5,-5,0
17810.0,"Allenwood, PA",2022-07,4,-4,0
17810.0,"Allenwood, PA",2022-08,3,-3,0
17810.0,"Allenwood, PA",2022-09,2,-2,0
17810.0,"Allenwood, PA",2022-10,1,-1,0
17810.0,"Allenwood, PA",2022-11,0,0,1
17810.0,"Allenwood, PA",2022-12,-1,1,0
17812.0,"Beaver Springs, PA",2022-01,10,-10,0
17812.0,"Beaver Springs, PA",2022-02,9,-9,0
17812.0,"Beaver Springs, PA",2022-03,8,-8,0
17812.0,"Beaver Springs, PA",2022-04,7,-7,0
17812.0,"Beaver Springs, PA",2022-05,6,-6,0
17812.0,"Beaver Springs, PA",2022-06,5,-5,0
17812.0,"Beaver Springs, PA",2022-07,4,-4,0
17812.0,"Beaver Springs, PA",2022-08,3,-3,0
17812.0,"Beaver Springs, PA",2022-09,2,-2,0
17812.0,"Beaver Springs, PA",2022-10,1,-1,0
17812.0,"Beaver Springs, PA",2022-11,0,0,1
17812.0,"Beaver Springs, PA",2022-12,-1,1,0
17813.0,"Beavertown, PA",2022-01,10,-10,0
17813.0,"Beavertown, PA",2022-02,9,-9,0
17813.0,"Beavertown, PA",2022-03,8,-8,0
17813.0,"Beavertown, PA",2022-04,7,-7,0
17813.0,"Beavertown, PA",2022-05,6,-6,0
17813.0,"Beavertown, PA",2022-06,5,-5,0
17813.0,"Beavertown, PA",2022-07,4,-4,0
17813.0,"Beavertown, PA",2022-08,3,-3,0
17813.0,"Beavertown, PA",2022-09,2,-2,0
17813.0,"Beavertown, PA",2022-10,1,-1,0
17813.0,"Beavertown, PA",2022-11,0,0,1
17813.0,"Beavertown, PA",2022-12,-1,1,0
17814.0,"Benton, PA",2022-01,10,-10,0
17814.0,"Benton, PA",2022-02,9,-9,0
17814.0,"Benton, PA",2022-03,8,-8,0
17814.0,"Benton, PA",2022-04,7,-7,0
17814.0,"Benton, PA",2022-05,6,-6,0
17814.0,"Benton, PA",2022-06,5,-5,0
17814.0,"Benton, PA",2022-07,4,-4,0
17814.0,"Benton, PA",2022-08,3,-3,0
17814.0,"Benton, PA",2022-09,2,-2,0
17814.0,"Benton, PA",2022-10,1,-1,0
17814.0,"Benton, PA",2022-11,0,0,1
17814.0,"Benton, PA",2022-12,-1,1,0
17815.0,"Bloomsburg, PA",2022-01,10,-10,0
17815.0,"Bloomsburg, PA",2022-02,9,-9,0
17815.0,"Bloomsburg, PA",2022-03,8,-8,0
17815.0,"Bloomsburg, PA",2022-04,7,-7,0
17815.0,"Bloomsburg, PA",2022-05,6,-6,0
17815.0,"Bloomsburg, PA",2022-06,5,-5,0
17815.0,"Bloomsburg, PA",2022-07,4,-4,0
17815.0,"Bloomsburg, PA",2022-08,3,-3,0
17815.0,"Bloomsburg, PA",2022-09,2,-2,0
17815.0,"Bloomsburg, PA",2022-10,1,-1,0
17815.0,"Bloomsburg, PA",2022-11,0,0,1
17815.0,"Bloomsburg, PA",2022-12,-1,1,0
17820.0,"Catawissa, PA",2022-01,10,-10,0
17820.0,"Catawissa, PA",2022-02,9,-9,0
17820.0,"Catawissa, PA",2022-03,8,-8,0
17820.0,"Catawissa, PA",2022-04,7,-7,0
17820.0,"Catawissa, PA",2022-05,6,-6,0
17820.0,"Catawissa, PA",2022-06,5,-5,0
17820.0,"Catawissa, PA",2022-07,4,-4,0
17820.0,"Catawissa, PA",2022-08,3,-3,0
17820.0,"Catawissa, PA",2022-09,2,-2,0
17820.0,"Catawissa, PA",2022-10,1,-1,0
17820.0,"Catawissa, PA",2022-11,0,0,1
17820.0,"Catawissa, PA",2022-12,-1,1,0
17821.0,"Danville, PA",2022-01,10,-10,0
17821.0,"Danville, PA",2022-02,9,-9,0
17821.0,"Danville, PA",2022-03,8,-8,0
17821.0,"Danville, PA",2022-04,7,-7,0
17821.0,"Danville, PA",2022-05,6,-6,0
17821.0,"Danville, PA",2022-06,5,-5,0
17821.0,"Danville, PA",2022-07,4,-4,0
17821.0,"Danville, PA",2022-08,3,-3,0
17821.0,"Danville, PA",2022-09,2,-2,0
17821.0,"Danville, PA",2022-10,1,-1,0
17821.0,"Danville, PA",2022-11,0,0,1
17821.0,"Danville, PA",2022-12,-1,1,0
17822.0,"Danville, PA",2022-01,10,-10,0
17822.0,"Danville, PA",2022-02,9,-9,0
17822.0,"Danville, PA",2022-03,8,-8,0
17822.0,"Danville, PA",2022-04,7,-7,0
17822.0,"Danville, PA",2022-05,6,-6,0
17822.0,"Danville, PA",2022-06,5,-5,0
17822.0,"Danville, PA",2022-07,4,-4,0
17822.0,"Danville, PA",2022-08,3,-3,0
17822.0,"Danville, PA",2022-09,2,-2,0
17822.0,"Danville, PA",2022-10,1,-1,0
17822.0,"Danville, PA",2022-11,0,0,1
17822.0,"Danville, PA",2022-12,-1,1,0
17823.0,"Dornsife, PA",2022-01,10,-10,0
17823.0,"Dornsife, PA",2022-02,9,-9,0
17823.0,"Dornsife, PA",2022-03,8,-8,0
17823.0,"Dornsife, PA",2022-04,7,-7,0
17823.0,"Dornsife, PA",2022-05,6,-6,0
17823.0,"Dornsife, PA",2022-06,5,-5,0
17823.0,"Dornsife, PA",2022-07,4,-4,0
17823.0,"Dornsife, PA",2022-08,3,-3,0
17823.0,"Dornsife, PA",2022-09,2,-2,0
17823.0,"Dornsife, PA",2022-10,1,-1,0
17823.0,"Dornsife, PA",2022-11,0,0,1
17823.0,"Dornsife, PA",2022-12,-1,1,0
17824.0,"Elysburg, PA",2022-01,10,-10,0
17824.0,"Elysburg, PA",2022-02,9,-9,0
17824.0,"Elysburg, PA",2022-03,8,-8,0
17824.0,"Elysburg, PA",2022-04,7,-7,0
17824.0,"Elysburg, PA",2022-05,6,-6,0
17824.0,"Elysburg, PA",2022-06,5,-5,0
17824.0,"Elysburg, PA",2022-07,4,-4,0
17824.0,"Elysburg, PA",2022-08,3,-3,0
17824.0,"Elysburg, PA",2022-09,2,-2,0
17824.0,"Elysburg, PA",2022-10,1,-1,0
17824.0,"Elysburg, PA",2022-11,0,0,1
17824.0,"Elysburg, PA",2022-12,-1,1,0
17827.0,"Freeburg, PA",2022-01,10,-10,0
17827.0,"Freeburg, PA",2022-02,9,-9,0
17827.0,"Freeburg, PA",2022-03,8,-8,0
17827.0,"Freeburg, PA",2022-04,7,-7,0
17827.0,"Freeburg, PA",2022-05,6,-6,0
17827.0,"Freeburg, PA",2022-06,5,-5,0
17827.0,"Freeburg, PA",2022-07,4,-4,0
17827.0,"Freeburg, PA",2022-08,3,-3,0
17827.0,"Freeburg, PA",2022-09,2,-2,0
17827.0,"Freeburg, PA",2022-10,1,-1,0
17827.0,"Freeburg, PA",2022-11,0,0,1
17827.0,"Freeburg, PA",2022-12,-1,1,0
17829.0,"Hartleton, PA",2022-01,10,-10,0
17829.0,"Hartleton, PA",2022-02,9,-9,0
17829.0,"Hartleton, PA",2022-03,8,-8,0
17829.0,"Hartleton, PA",2022-04,7,-7,0
17829.0,"Hartleton, PA",2022-05,6,-6,0
17829.0,"Hartleton, PA",2022-06,5,-5,0
17829.0,"Hartleton, PA",2022-07,4,-4,0
17829.0,"Hartleton, PA",2022-08,3,-3,0
17829.0,"Hartleton, PA",2022-09,2,-2,0
17829.0,"Hartleton, PA",2022-10,1,-1,0
17829.0,"Hartleton, PA",2022-11,0,0,1
17829.0,"Hartleton, PA",2022-12,-1,1,0
17830.0,"Herndon, PA",2022-01,10,-10,0
17830.0,"Herndon, PA",2022-02,9,-9,0
17830.0,"Herndon, PA",2022-03,8,-8,0
17830.0,"Herndon, PA",2022-04,7,-7,0
17830.0,"Herndon, PA",2022-05,6,-6,0
17830.0,"Herndon, PA",2022-06,5,-5,0
17830.0,"Herndon, PA",2022-07,4,-4,0
17830.0,"Herndon, PA",2022-08,3,-3,0
17830.0,"Herndon, PA",2022-09,2,-2,0
17830.0,"Herndon, PA",2022-10,1,-1,0
17830.0,"Herndon, PA",2022-11,0,0,1
17830.0,"Herndon, PA",2022-12,-1,1,0
17832.0,"Marion Heights, PA",2022-01,10,-10,0
17832.0,"Marion Heights, PA",2022-02,9,-9,0
17832.0,"Marion Heights, PA",2022-03,8,-8,0
17832.0,"Marion Heights, PA",2022-04,7,-7,0
17832.0,"Marion Heights, PA",2022-05,6,-6,0
17832.0,"Marion Heights, PA",2022-06,5,-5,0
17832.0,"Marion Heights, PA",2022-07,4,-4,0
17832.0,"Marion Heights, PA",2022-08,3,-3,0
17832.0,"Marion Heights, PA",2022-09,2,-2,0
17832.0,"Marion Heights, PA",2022-10,1,-1,0
17832.0,"Marion Heights, PA",2022-11,0,0,1
17832.0,"Marion Heights, PA",2022-12,-1,1,0
17834.0,"Kulpmont, PA",2022-01,10,-10,0
17834.0,"Kulpmont, PA",2022-02,9,-9,0
17834.0,"Kulpmont, PA",2022-03,8,-8,0
17834.0,"Kulpmont, PA",2022-04,7,-7,0
17834.0,"Kulpmont, PA",2022-05,6,-6,0
17834.0,"Kulpmont, PA",2022-06,5,-5,0
17834.0,"Kulpmont, PA",2022-07,4,-4,0
17834.0,"Kulpmont, PA",2022-08,3,-3,0
17834.0,"Kulpmont, PA",2022-09,2,-2,0
17834.0,"Kulpmont, PA",2022-10,1,-1,0
17834.0,"Kulpmont, PA",2022-11,0,0,1
17834.0,"Kulpmont, PA",2022-12,-1,1,0
17835.0,"Laurelton, PA",2022-01,10,-10,0
17835.0,"Laurelton, PA",2022-02,9,-9,0
17835.0,"Laurelton, PA",2022-03,8,-8,0
17835.0,"Laurelton, PA",2022-04,7,-7,0
17835.0,"Laurelton, PA",2022-05,6,-6,0
17835.0,"Laurelton, PA",2022-06,5,-5,0
17835.0,"Laurelton, PA",2022-07,4,-4,0
17835.0,"Laurelton, PA",2022-08,3,-3,0
17835.0,"Laurelton, PA",2022-09,2,-2,0
17835.0,"Laurelton, PA",2022-10,1,-1,0
17835.0,"Laurelton, PA",2022-11,0,0,1
17835.0,"Laurelton, PA",2022-12,-1,1,0
17836.0,"Leck Kill, PA",2022-01,10,-10,0
17836.0,"Leck Kill, PA",2022-02,9,-9,0
17836.0,"Leck Kill, PA",2022-03,8,-8,0
17836.0,"Leck Kill, PA",2022-04,7,-7,0
17836.0,"Leck Kill, PA",2022-05,6,-6,0
17836.0,"Leck Kill, PA",2022-06,5,-5,0
17836.0,"Leck Kill, PA",2022-07,4,-4,0
17836.0,"Leck Kill, PA",2022-08,3,-3,0
17836.0,"Leck Kill, PA",2022-09,2,-2,0
17836.0,"Leck Kill, PA",2022-10,1,-1,0
17836.0,"Leck Kill, PA",2022-11,0,0,1
17836.0,"Leck Kill, PA",2022-12,-1,1,0
17837.0,"Lewisburg, PA",2022-01,10,-10,0
17837.0,"Lewisburg, PA",2022-02,9,-9,0
17837.0,"Lewisburg, PA",2022-03,8,-8,0
17837.0,"Lewisburg, PA",2022-04,7,-7,0
17837.0,"Lewisburg, PA",2022-05,6,-6,0
17837.0,"Lewisburg, PA",2022-06,5,-5,0
17837.0,"Lewisburg, PA",2022-07,4,-4,0
17837.0,"Lewisburg, PA",2022-08,3,-3,0
17837.0,"Lewisburg, PA",2022-09,2,-2,0
17837.0,"Lewisburg, PA",2022-10,1,-1,0
17837.0,"Lewisburg, PA",2022-11,0,0,1
17837.0,"Lewisburg, PA",2022-12,-1,1,0
17840.0,"Locust Gap, PA",2022-01,10,-10,0
17840.0,"Locust Gap, PA",2022-02,9,-9,0
17840.0,"Locust Gap, PA",2022-03,8,-8,0
17840.0,"Locust Gap, PA",2022-04,7,-7,0
17840.0,"Locust Gap, PA",2022-05,6,-6,0
17840.0,"Locust Gap, PA",2022-06,5,-5,0
17840.0,"Locust Gap, PA",2022-07,4,-4,0
17840.0,"Locust Gap, PA",2022-08,3,-3,0
17840.0,"Locust Gap, PA",2022-09,2,-2,0
17840.0,"Locust Gap, PA",2022-10,1,-1,0
17840.0,"Locust Gap, PA",2022-11,0,0,1
17840.0,"Locust Gap, PA",2022-12,-1,1,0
17841.0,"McClure, PA",2022-01,10,-10,0
17841.0,"McClure, PA",2022-02,9,-9,0
17841.0,"McClure, PA",2022-03,8,-8,0
17841.0,"McClure, PA",2022-04,7,-7,0
17841.0,"McClure, PA",2022-05,6,-6,0
17841.0,"McClure, PA",2022-06,5,-5,0
17841.0,"McClure, PA",2022-07,4,-4,0
17841.0,"McClure, PA",2022-08,3,-3,0
17841.0,"McClure, PA",2022-09,2,-2,0
17841.0,"McClure, PA",2022-10,1,-1,0
17841.0,"McClure, PA",2022-11,0,0,1
17841.0,"McClure, PA",2022-12,-1,1,0
17842.0,"Middleburg, PA",2022-01,10,-10,0
17842.0,"Middleburg, PA",2022-02,9,-9,0
17842.0,"Middleburg, PA",2022-03,8,-8,0
17842.0,"Middleburg, PA",2022-04,7,-7,0
17842.0,"Middleburg, PA",2022-05,6,-6,0
17842.0,"Middleburg, PA",2022-06,5,-5,0
17842.0,"Middleburg, PA",2022-07,4,-4,0
17842.0,"Middleburg, PA",2022-08,3,-3,0
17842.0,"Middleburg, PA",2022-09,2,-2,0
17842.0,"Middleburg, PA",2022-10,1,-1,0
17842.0,"Middleburg, PA",2022-11,0,0,1
17842.0,"Middleburg, PA",2022-12,-1,1,0
17844.0,"Mifflinburg, PA",2022-01,10,-10,0
17844.0,"Mifflinburg, PA",2022-02,9,-9,0
17844.0,"Mifflinburg, PA",2022-03,8,-8,0
17844.0,"Mifflinburg, PA",2022-04,7,-7,0
17844.0,"Mifflinburg, PA",2022-05,6,-6,0
17844.0,"Mifflinburg, PA",2022-06,5,-5,0
17844.0,"Mifflinburg, PA",2022-07,4,-4,0
17844.0,"Mifflinburg, PA",2022-08,3,-3,0
17844.0,"Mifflinburg, PA",2022-09,2,-2,0
17844.0,"Mifflinburg, PA",2022-10,1,-1,0
17844.0,"Mifflinburg, PA",2022-11,0,0,1
17844.0,"Mifflinburg, PA",2022-12,-1,1,0
17845.0,"Millmont, PA",2022-01,10,-10,0
17845.0,"Millmont, PA",2022-02,9,-9,0
17845.0,"Millmont, PA",2022-03,8,-8,0
17845.0,"Millmont, PA",2022-04,7,-7,0
17845.0,"Millmont, PA",2022-05,6,-6,0
17845.0,"Millmont, PA",2022-06,5,-5,0
17845.0,"Millmont, PA",2022-07,4,-4,0
17845.0,"Millmont, PA",2022-08,3,-3,0
17845.0,"Millmont, PA",2022-09,2,-2,0
17845.0,"Millmont, PA",2022-10,1,-1,0
17845.0,"Millmont, PA",2022-11,0,0,1
17845.0,"Millmont, PA",2022-12,-1,1,0
17846.0,"Millville, PA",2022-01,10,-10,0
17846.0,"Millville, PA",2022-02,9,-9,0
17846.0,"Millville, PA",2022-03,8,-8,0
17846.0,"Millville, PA",2022-04,7,-7,0
17846.0,"Millville, PA",2022-05,6,-6,0
17846.0,"Millville, PA",2022-06,5,-5,0
17846.0,"Millville, PA",2022-07,4,-4,0
17846.0,"Millville, PA",2022-08,3,-3,0
17846.0,"Millville, PA",2022-09,2,-2,0
17846.0,"Millville, PA",2022-10,1,-1,0
17846.0,"Millville, PA",2022-11,0,0,1
17846.0,"Millville, PA",2022-12,-1,1,0
17847.0,"Milton, PA",2022-01,10,-10,0
17847.0,"Milton, PA",2022-02,9,-9,0
17847.0,"Milton, PA",2022-03,8,-8,0
17847.0,"Milton, PA",2022-04,7,-7,0
17847.0,"Milton, PA",2022-05,6,-6,0
17847.0,"Milton, PA",2022-06,5,-5,0
17847.0,"Milton, PA",2022-07,4,-4,0
17847.0,"Milton, PA",2022-08,3,-3,0
17847.0,"Milton, PA",2022-09,2,-2,0
17847.0,"Milton, PA",2022-10,1,-1,0
17847.0,"Milton, PA",2022-11,0,0,1
17847.0,"Milton, PA",2022-12,-1,1,0
17850.0,"Montandon, PA",2022-01,10,-10,0
17850.0,"Montandon, PA",2022-02,9,-9,0
17850.0,"Montandon, PA",2022-03,8,-8,0
17850.0,"Montandon, PA",2022-04,7,-7,0
17850.0,"Montandon, PA",2022-05,6,-6,0
17850.0,"Montandon, PA",2022-06,5,-5,0
17850.0,"Montandon, PA",2022-07,4,-4,0
17850.0,"Montandon, PA",2022-08,3,-3,0
17850.0,"Montandon, PA",2022-09,2,-2,0
17850.0,"Montandon, PA",2022-10,1,-1,0
17850.0,"Montandon, PA",2022-11,0,0,1
17850.0,"Montandon, PA",2022-12,-1,1,0
17851.0,"Mount Carmel, PA",2022-01,10,-10,0
17851.0,"Mount Carmel, PA",2022-02,9,-9,0
17851.0,"Mount Carmel, PA",2022-03,8,-8,0
17851.0,"Mount Carmel, PA",2022-04,7,-7,0
17851.0,"Mount Carmel, PA",2022-05,6,-6,0
17851.0,"Mount Carmel, PA",2022-06,5,-5,0
17851.0,"Mount Carmel, PA",2022-07,4,-4,0
17851.0,"Mount Carmel, PA",2022-08,3,-3,0
17851.0,"Mount Carmel, PA",2022-09,2,-2,0
17851.0,"Mount Carmel, PA",2022-10,1,-1,0
17851.0,"Mount Carmel, PA",2022-11,0,0,1
17851.0,"Mount Carmel, PA",2022-12,-1,1,0
17853.0,"Mount Pleasant Mills, PA",2022-01,10,-10,0
17853.0,"Mount Pleasant Mills, PA",2022-02,9,-9,0
17853.0,"Mount Pleasant Mills, PA",2022-03,8,-8,0
17853.0,"Mount Pleasant Mills, PA",2022-04,7,-7,0
17853.0,"Mount Pleasant Mills, PA",2022-05,6,-6,0
17853.0,"Mount Pleasant Mills, PA",2022-06,5,-5,0
17853.0,"Mount Pleasant Mills, PA",2022-07,4,-4,0
17853.0,"Mount Pleasant Mills, PA",2022-08,3,-3,0
17853.0,"Mount Pleasant Mills, PA",2022-09,2,-2,0
17853.0,"Mount Pleasant Mills, PA",2022-10,1,-1,0
17853.0,"Mount Pleasant Mills, PA",2022-11,0,0,1
17853.0,"Mount Pleasant Mills, PA",2022-12,-1,1,0
17855.0,"New Berlin, PA",2022-01,10,-10,0
17855.0,"New Berlin, PA",2022-02,9,-9,0
17855.0,"New Berlin, PA",2022-03,8,-8,0
17855.0,"New Berlin, PA",2022-04,7,-7,0
17855.0,"New Berlin, PA",2022-05,6,-6,0
17855.0,"New Berlin, PA",2022-06,5,-5,0
17855.0,"New Berlin, PA",2022-07,4,-4,0
17855.0,"New Berlin, PA",2022-08,3,-3,0
17855.0,"New Berlin, PA",2022-09,2,-2,0
17855.0,"New Berlin, PA",2022-10,1,-1,0
17855.0,"New Berlin, PA",2022-11,0,0,1
17855.0,"New Berlin, PA",2022-12,-1,1,0
17856.0,"New Columbia, PA",2022-01,10,-10,0
17856.0,"New Columbia, PA",2022-02,9,-9,0
17856.0,"New Columbia, PA",2022-03,8,-8,0
17856.0,"New Columbia, PA",2022-04,7,-7,0
17856.0,"New Columbia, PA",2022-05,6,-6,0
17856.0,"New Columbia, PA",2022-06,5,-5,0
17856.0,"New Columbia, PA",2022-07,4,-4,0
17856.0,"New Columbia, PA",2022-08,3,-3,0
17856.0,"New Columbia, PA",2022-09,2,-2,0
17856.0,"New Columbia, PA",2022-10,1,-1,0
17856.0,"New Columbia, PA",2022-11,0,0,1
17856.0,"New Columbia, PA",2022-12,-1,1,0
17857.0,"Northumberland, PA",2022-01,10,-10,0
17857.0,"Northumberland, PA",2022-02,9,-9,0
17857.0,"Northumberland, PA",2022-03,8,-8,0
17857.0,"Northumberland, PA",2022-04,7,-7,0
17857.0,"Northumberland, PA",2022-05,6,-6,0
17857.0,"Northumberland, PA",2022-06,5,-5,0
17857.0,"Northumberland, PA",2022-07,4,-4,0
17857.0,"Northumberland, PA",2022-08,3,-3,0
17857.0,"Northumberland, PA",2022-09,2,-2,0
17857.0,"Northumberland, PA",2022-10,1,-1,0
17857.0,"Northumberland, PA",2022-11,0,0,1
17857.0,"Northumberland, PA",2022-12,-1,1,0
17858.0,"Numidia, PA",2022-01,10,-10,0
17858.0,"Numidia, PA",2022-02,9,-9,0
17858.0,"Numidia, PA",2022-03,8,-8,0
17858.0,"Numidia, PA",2022-04,7,-7,0
17858.0,"Numidia, PA",2022-05,6,-6,0
17858.0,"Numidia, PA",2022-06,5,-5,0
17858.0,"Numidia, PA",2022-07,4,-4,0
17858.0,"Numidia, PA",2022-08,3,-3,0
17858.0,"Numidia, PA",2022-09,2,-2,0
17858.0,"Numidia, PA",2022-10,1,-1,0
17858.0,"Numidia, PA",2022-11,0,0,1
17858.0,"Numidia, PA",2022-12,-1,1,0
17859.0,"Orangeville, PA",2022-01,10,-10,0
17859.0,"Orangeville, PA",2022-02,9,-9,0
17859.0,"Orangeville, PA",2022-03,8,-8,0
17859.0,"Orangeville, PA",2022-04,7,-7,0
17859.0,"Orangeville, PA",2022-05,6,-6,0
17859.0,"Orangeville, PA",2022-06,5,-5,0
17859.0,"Orangeville, PA",2022-07,4,-4,0
17859.0,"Orangeville, PA",2022-08,3,-3,0
17859.0,"Orangeville, PA",2022-09,2,-2,0
17859.0,"Orangeville, PA",2022-10,1,-1,0
17859.0,"Orangeville, PA",2022-11,0,0,1
17859.0,"Orangeville, PA",2022-12,-1,1,0
17860.0,"Paxinos, PA",2022-01,10,-10,0
17860.0,"Paxinos, PA",2022-02,9,-9,0
17860.0,"Paxinos, PA",2022-03,8,-8,0
17860.0,"Paxinos, PA",2022-04,7,-7,0
17860.0,"Paxinos, PA",2022-05,6,-6,0
17860.0,"Paxinos, PA",2022-06,5,-5,0
17860.0,"Paxinos, PA",2022-07,4,-4,0
17860.0,"Paxinos, PA",2022-08,3,-3,0
17860.0,"Paxinos, PA",2022-09,2,-2,0
17860.0,"Paxinos, PA",2022-10,1,-1,0
17860.0,"Paxinos, PA",2022-11,0,0,1
17860.0,"Paxinos, PA",2022-12,-1,1,0
17861.0,"Paxtonville, PA",2022-01,10,-10,0
17861.0,"Paxtonville, PA",2022-02,9,-9,0
17861.0,"Paxtonville, PA",2022-03,8,-8,0
17861.0,"Paxtonville, PA",2022-04,7,-7,0
17861.0,"Paxtonville, PA",2022-05,6,-6,0
17861.0,"Paxtonville, PA",2022-06,5,-5,0
17861.0,"Paxtonville, PA",2022-07,4,-4,0
17861.0,"Paxtonville, PA",2022-08,3,-3,0
17861.0,"Paxtonville, PA",2022-09,2,-2,0
17861.0,"Paxtonville, PA",2022-10,1,-1,0
17861.0,"Paxtonville, PA",2022-11,0,0,1
17861.0,"Paxtonville, PA",2022-12,-1,1,0
17862.0,"Penns Creek, PA",2022-01,10,-10,0
17862.0,"Penns Creek, PA",2022-02,9,-9,0
17862.0,"Penns Creek, PA",2022-03,8,-8,0
17862.0,"Penns Creek, PA",2022-04,7,-7,0
17862.0,"Penns Creek, PA",2022-05,6,-6,0
17862.0,"Penns Creek, PA",2022-06,5,-5,0
17862.0,"Penns Creek, PA",2022-07,4,-4,0
17862.0,"Penns Creek, PA",2022-08,3,-3,0
17862.0,"Penns Creek, PA",2022-09,2,-2,0
17862.0,"Penns Creek, PA",2022-10,1,-1,0
17862.0,"Penns Creek, PA",2022-11,0,0,1
17862.0,"Penns Creek, PA",2022-12,-1,1,0
17864.0,"Port Trevorton, PA",2022-01,10,-10,0
17864.0,"Port Trevorton, PA",2022-02,9,-9,0
17864.0,"Port Trevorton, PA",2022-03,8,-8,0
17864.0,"Port Trevorton, PA",2022-04,7,-7,0
17864.0,"Port Trevorton, PA",2022-05,6,-6,0
17864.0,"Port Trevorton, PA",2022-06,5,-5,0
17864.0,"Port Trevorton, PA",2022-07,4,-4,0
17864.0,"Port Trevorton, PA",2022-08,3,-3,0
17864.0,"Port Trevorton, PA",2022-09,2,-2,0
17864.0,"Port Trevorton, PA",2022-10,1,-1,0
17864.0,"Port Trevorton, PA",2022-11,0,0,1
17864.0,"Port Trevorton, PA",2022-12,-1,1,0
17865.0,"Potts Grove, PA",2022-01,10,-10,0
17865.0,"Potts Grove, PA",2022-02,9,-9,0
17865.0,"Potts Grove, PA",2022-03,8,-8,0
17865.0,"Potts Grove, PA",2022-04,7,-7,0
17865.0,"Potts Grove, PA",2022-05,6,-6,0
17865.0,"Potts Grove, PA",2022-06,5,-5,0
17865.0,"Potts Grove, PA",2022-07,4,-4,0
17865.0,"Potts Grove, PA",2022-08,3,-3,0
17865.0,"Potts Grove, PA",2022-09,2,-2,0
17865.0,"Potts Grove, PA",2022-10,1,-1,0
17865.0,"Potts Grove, PA",2022-11,0,0,1
17865.0,"Potts Grove, PA",2022-12,-1,1,0
17866.0,"Coal Township, PA",2022-01,10,-10,0
17866.0,"Coal Township, PA",2022-02,9,-9,0
17866.0,"Coal Township, PA",2022-03,8,-8,0
17866.0,"Coal Township, PA",2022-04,7,-7,0
17866.0,"Coal Township, PA",2022-05,6,-6,0
17866.0,"Coal Township, PA",2022-06,5,-5,0
17866.0,"Coal Township, PA",2022-07,4,-4,0
17866.0,"Coal Township, PA",2022-08,3,-3,0
17866.0,"Coal Township, PA",2022-09,2,-2,0
17866.0,"Coal Township, PA",2022-10,1,-1,0
17866.0,"Coal Township, PA",2022-11,0,0,1
17866.0,"Coal Township, PA",2022-12,-1,1,0
17867.0,"Rebuck, PA",2022-01,10,-10,0
17867.0,"Rebuck, PA",2022-02,9,-9,0
17867.0,"Rebuck, PA",2022-03,8,-8,0
17867.0,"Rebuck, PA",2022-04,7,-7,0
17867.0,"Rebuck, PA",2022-05,6,-6,0
17867.0,"Rebuck, PA",2022-06,5,-5,0
17867.0,"Rebuck, PA",2022-07,4,-4,0
17867.0,"Rebuck, PA",2022-08,3,-3,0
17867.0,"Rebuck, PA",2022-09,2,-2,0
17867.0,"Rebuck, PA",2022-10,1,-1,0
17867.0,"Rebuck, PA",2022-11,0,0,1
17867.0,"Rebuck, PA",2022-12,-1,1,0
17868.0,"Riverside, PA",2022-01,10,-10,0
17868.0,"Riverside, PA",2022-02,9,-9,0
17868.0,"Riverside, PA",2022-03,8,-8,0
17868.0,"Riverside, PA",2022-04,7,-7,0
17868.0,"Riverside, PA",2022-05,6,-6,0
17868.0,"Riverside, PA",2022-06,5,-5,0
17868.0,"Riverside, PA",2022-07,4,-4,0
17868.0,"Riverside, PA",2022-08,3,-3,0
17868.0,"Riverside, PA",2022-09,2,-2,0
17868.0,"Riverside, PA",2022-10,1,-1,0
17868.0,"Riverside, PA",2022-11,0,0,1
17868.0,"Riverside, PA",2022-12,-1,1,0
17870.0,"Selinsgrove, PA",2022-01,10,-10,0
17870.0,"Selinsgrove, PA",2022-02,9,-9,0
17870.0,"Selinsgrove, PA",2022-03,8,-8,0
17870.0,"Selinsgrove, PA",2022-04,7,-7,0
17870.0,"Selinsgrove, PA",2022-05,6,-6,0
17870.0,"Selinsgrove, PA",2022-06,5,-5,0
17870.0,"Selinsgrove, PA",2022-07,4,-4,0
17870.0,"Selinsgrove, PA",2022-08,3,-3,0
17870.0,"Selinsgrove, PA",2022-09,2,-2,0
17870.0,"Selinsgrove, PA",2022-10,1,-1,0
17870.0,"Selinsgrove, PA",2022-11,0,0,1
17870.0,"Selinsgrove, PA",2022-12,-1,1,0
17872.0,"Shamokin, PA",2022-01,10,-10,0
17872.0,"Shamokin, PA",2022-02,9,-9,0
17872.0,"Shamokin, PA",2022-03,8,-8,0
17872.0,"Shamokin, PA",2022-04,7,-7,0
17872.0,"Shamokin, PA",2022-05,6,-6,0
17872.0,"Shamokin, PA",2022-06,5,-5,0
17872.0,"Shamokin, PA",2022-07,4,-4,0
17872.0,"Shamokin, PA",2022-08,3,-3,0
17872.0,"Shamokin, PA",2022-09,2,-2,0
17872.0,"Shamokin, PA",2022-10,1,-1,0
17872.0,"Shamokin, PA",2022-11,0,0,1
17872.0,"Shamokin, PA",2022-12,-1,1,0
17876.0,"Shamokin Dam, PA",2022-01,10,-10,0
17876.0,"Shamokin Dam, PA",2022-02,9,-9,0
17876.0,"Shamokin Dam, PA",2022-03,8,-8,0
17876.0,"Shamokin Dam, PA",2022-04,7,-7,0
17876.0,"Shamokin Dam, PA",2022-05,6,-6,0
17876.0,"Shamokin Dam, PA",2022-06,5,-5,0
17876.0,"Shamokin Dam, PA",2022-07,4,-4,0
17876.0,"Shamokin Dam, PA",2022-08,3,-3,0
17876.0,"Shamokin Dam, PA",2022-09,2,-2,0
17876.0,"Shamokin Dam, PA",2022-10,1,-1,0
17876.0,"Shamokin Dam, PA",2022-11,0,0,1
17876.0,"Shamokin Dam, PA",2022-12,-1,1,0
17878.0,"Stillwater, PA",2022-01,10,-10,0
17878.0,"Stillwater, PA",2022-02,9,-9,0
17878.0,"Stillwater, PA",2022-03,8,-8,0
17878.0,"Stillwater, PA",2022-04,7,-7,0
17878.0,"Stillwater, PA",2022-05,6,-6,0
17878.0,"Stillwater, PA",2022-06,5,-5,0
17878.0,"Stillwater, PA",2022-07,4,-4,0
17878.0,"Stillwater, PA",2022-08,3,-3,0
17878.0,"Stillwater, PA",2022-09,2,-2,0
17878.0,"Stillwater, PA",2022-10,1,-1,0
17878.0,"Stillwater, PA",2022-11,0,0,1
17878.0,"Stillwater, PA",2022-12,-1,1,0
17880.0,"Swengel, PA",2022-01,10,-10,0
17880.0,"Swengel, PA",2022-02,9,-9,0
17880.0,"Swengel, PA",2022-03,8,-8,0
17880.0,"Swengel, PA",2022-04,7,-7,0
17880.0,"Swengel, PA",2022-05,6,-6,0
17880.0,"Swengel, PA",2022-06,5,-5,0
17880.0,"Swengel, PA",2022-07,4,-4,0
17880.0,"Swengel, PA",2022-08,3,-3,0
17880.0,"Swengel, PA",2022-09,2,-2,0
17880.0,"Swengel, PA",2022-10,1,-1,0
17880.0,"Swengel, PA",2022-11,0,0,1
17880.0,"Swengel, PA",2022-12,-1,1,0
17881.0,"Trevorton, PA",2022-01,10,-10,0
17881.0,"Trevorton, PA",2022-02,9,-9,0
17881.0,"Trevorton, PA",2022-03,8,-8,0
17881.0,"Trevorton, PA",2022-04,7,-7,0
17881.0,"Trevorton, PA",2022-05,6,-6,0
17881.0,"Trevorton, PA",2022-06,5,-5,0
17881.0,"Trevorton, PA",2022-07,4,-4,0
17881.0,"Trevorton, PA",2022-08,3,-3,0
17881.0,"Trevorton, PA",2022-09,2,-2,0
17881.0,"Trevorton, PA",2022-10,1,-1,0
17881.0,"Trevorton, PA",2022-11,0,0,1
17881.0,"Trevorton, PA",2022-12,-1,1,0
17884.0,"Washingtonville, PA",2022-01,10,-10,0
17884.0,"Washingtonville, PA",2022-02,9,-9,0
17884.0,"Washingtonville, PA",2022-03,8,-8,0
17884.0,"Washingtonville, PA",2022-04,7,-7,0
17884.0,"Washingtonville, PA",2022-05,6,-6,0
17884.0,"Washingtonville, PA",2022-06,5,-5,0
17884.0,"Washingtonville, PA",2022-07,4,-4,0
17884.0,"Washingtonville, PA",2022-08,3,-3,0
17884.0,"Washingtonville, PA",2022-09,2,-2,0
17884.0,"Washingtonville, PA",2022-10,1,-1,0
17884.0,"Washingtonville, PA",2022-11,0,0,1
17884.0,"Washingtonville, PA",2022-12,-1,1,0
17885.0,"Weikert, PA",2022-01,10,-10,0
17885.0,"Weikert, PA",2022-02,9,-9,0
17885.0,"Weikert, PA",2022-03,8,-8,0
17885.0,"Weikert, PA",2022-04,7,-7,0
17885.0,"Weikert, PA",2022-05,6,-6,0
17885.0,"Weikert, PA",2022-06,5,-5,0
17885.0,"Weikert, PA",2022-07,4,-4,0
17885.0,"Weikert, PA",2022-08,3,-3,0
17885.0,"Weikert, PA",2022-09,2,-2,0
17885.0,"Weikert, PA",2022-10,1,-1,0
17885.0,"Weikert, PA",2022-11,0,0,1
17885.0,"Weikert, PA",2022-12,-1,1,0
17886.0,"West Milton, PA",2022-01,10,-10,0
17886.0,"West Milton, PA",2022-02,9,-9,0
17886.0,"West Milton, PA",2022-03,8,-8,0
17886.0,"West Milton, PA",2022-04,7,-7,0
17886.0,"West Milton, PA",2022-05,6,-6,0
17886.0,"West Milton, PA",2022-06,5,-5,0
17886.0,"West Milton, PA",2022-07,4,-4,0
17886.0,"West Milton, PA",2022-08,3,-3,0
17886.0,"West Milton, PA",2022-09,2,-2,0
17886.0,"West Milton, PA",2022-10,1,-1,0
17886.0,"West Milton, PA",2022-11,0,0,1
17886.0,"West Milton, PA",2022-12,-1,1,0
17887.0,"White Deer, PA",2022-01,10,-10,0
17887.0,"White Deer, PA",2022-02,9,-9,0
17887.0,"White Deer, PA",2022-03,8,-8,0
17887.0,"White Deer, PA",2022-04,7,-7,0
17887.0,"White Deer, PA",2022-05,6,-6,0
17887.0,"White Deer, PA",2022-06,5,-5,0
17887.0,"White Deer, PA",2022-07,4,-4,0
17887.0,"White Deer, PA",2022-08,3,-3,0
17887.0,"White Deer, PA",2022-09,2,-2,0
17887.0,"White Deer, PA",2022-10,1,-1,0
17887.0,"White Deer, PA",2022-11,0,0,1
17887.0,"White Deer, PA",2022-12,-1,1,0
17888.0,"Wilburton, PA",2022-01,10,-10,0
17888.0,"Wilburton, PA",2022-02,9,-9,0
17888.0,"Wilburton, PA",2022-03,8,-8,0
17888.0,"Wilburton, PA",2022-04,7,-7,0
17888.0,"Wilburton, PA",2022-05,6,-6,0
17888.0,"Wilburton, PA",2022-06,5,-5,0
17888.0,"Wilburton, PA",2022-07,4,-4,0
17888.0,"Wilburton, PA",2022-08,3,-3,0
17888.0,"Wilburton, PA",2022-09,2,-2,0
17888.0,"Wilburton, PA",2022-10,1,-1,0
17888.0,"Wilburton, PA",2022-11,0,0,1
17888.0,"Wilburton, PA",2022-12,-1,1,0
17889.0,"Winfield, PA",2022-01,10,-10,0
17889.0,"Winfield, PA",2022-02,9,-9,0
17889.0,"Winfield, PA",2022-03,8,-8,0
17889.0,"Winfield, PA",2022-04,7,-7,0
17889.0,"Winfield, PA",2022-05,6,-6,0
17889.0,"Winfield, PA",2022-06,5,-5,0
17889.0,"Winfield, PA",2022-07,4,-4,0
17889.0,"Winfield, PA",2022-08,3,-3,0
17889.0,"Winfield, PA",2022-09,2,-2,0
17889.0,"Winfield, PA",2022-10,1,-1,0
17889.0,"Winfield, PA",2022-11,0,0,1
17889.0,"Winfield, PA",2022-12,-1,1,0
17901.0,"Pottsville, PA",2022-01,10,-10,0
17901.0,"Pottsville, PA",2022-02,9,-9,0
17901.0,"Pottsville, PA",2022-03,8,-8,0
17901.0,"Pottsville, PA",2022-04,7,-7,0
17901.0,"Pottsville, PA",2022-05,6,-6,0
17901.0,"Pottsville, PA",2022-06,5,-5,0
17901.0,"Pottsville, PA",2022-07,4,-4,0
17901.0,"Pottsville, PA",2022-08,3,-3,0
17901.0,"Pottsville, PA",2022-09,2,-2,0
17901.0,"Pottsville, PA",2022-10,1,-1,0
17901.0,"Pottsville, PA",2022-11,0,0,1
17901.0,"Pottsville, PA",2022-12,-1,1,0
17920.0,"Aristes, PA",2022-01,10,-10,0
17920.0,"Aristes, PA",2022-02,9,-9,0
17920.0,"Aristes, PA",2022-03,8,-8,0
17920.0,"Aristes, PA",2022-04,7,-7,0
17920.0,"Aristes, PA",2022-05,6,-6,0
17920.0,"Aristes, PA",2022-06,5,-5,0
17920.0,"Aristes, PA",2022-07,4,-4,0
17920.0,"Aristes, PA",2022-08,3,-3,0
17920.0,"Aristes, PA",2022-09,2,-2,0
17920.0,"Aristes, PA",2022-10,1,-1,0
17920.0,"Aristes, PA",2022-11,0,0,1
17920.0,"Aristes, PA",2022-12,-1,1,0
17921.0,"Ashland, PA",2022-01,10,-10,0
17921.0,"Ashland, PA",2022-02,9,-9,0
17921.0,"Ashland, PA",2022-03,8,-8,0
17921.0,"Ashland, PA",2022-04,7,-7,0
17921.0,"Ashland, PA",2022-05,6,-6,0
17921.0,"Ashland, PA",2022-06,5,-5,0
17921.0,"Ashland, PA",2022-07,4,-4,0
17921.0,"Ashland, PA",2022-08,3,-3,0
17921.0,"Ashland, PA",2022-09,2,-2,0
17921.0,"Ashland, PA",2022-10,1,-1,0
17921.0,"Ashland, PA",2022-11,0,0,1
17921.0,"Ashland, PA",2022-12,-1,1,0
17922.0,"Auburn, PA",2022-01,10,-10,0
17922.0,"Auburn, PA",2022-02,9,-9,0
17922.0,"Auburn, PA",2022-03,8,-8,0
17922.0,"Auburn, PA",2022-04,7,-7,0
17922.0,"Auburn, PA",2022-05,6,-6,0
17922.0,"Auburn, PA",2022-06,5,-5,0
17922.0,"Auburn, PA",2022-07,4,-4,0
17922.0,"Auburn, PA",2022-08,3,-3,0
17922.0,"Auburn, PA",2022-09,2,-2,0
17922.0,"Auburn, PA",2022-10,1,-1,0
17922.0,"Auburn, PA",2022-11,0,0,1
17922.0,"Auburn, PA",2022-12,-1,1,0
17923.0,"Branchdale, PA",2022-01,10,-10,0
17923.0,"Branchdale, PA",2022-02,9,-9,0
17923.0,"Branchdale, PA",2022-03,8,-8,0
17923.0,"Branchdale, PA",2022-04,7,-7,0
17923.0,"Branchdale, PA",2022-05,6,-6,0
17923.0,"Branchdale, PA",2022-06,5,-5,0
17923.0,"Branchdale, PA",2022-07,4,-4,0
17923.0,"Branchdale, PA",2022-08,3,-3,0
17923.0,"Branchdale, PA",2022-09,2,-2,0
17923.0,"Branchdale, PA",2022-10,1,-1,0
17923.0,"Branchdale, PA",2022-11,0,0,1
17923.0,"Branchdale, PA",2022-12,-1,1,0
17925.0,"Brockton, PA",2022-01,10,-10,0
17925.0,"Brockton, PA",2022-02,9,-9,0
17925.0,"Brockton, PA",2022-03,8,-8,0
17925.0,"Brockton, PA",2022-04,7,-7,0
17925.0,"Brockton, PA",2022-05,6,-6,0
17925.0,"Brockton, PA",2022-06,5,-5,0
17925.0,"Brockton, PA",2022-07,4,-4,0
17925.0,"Brockton, PA",2022-08,3,-3,0
17925.0,"Brockton, PA",2022-09,2,-2,0
17925.0,"Brockton, PA",2022-10,1,-1,0
17925.0,"Brockton, PA",2022-11,0,0,1
17925.0,"Brockton, PA",2022-12,-1,1,0
17929.0,"Cressona, PA",2022-01,10,-10,0
17929.0,"Cressona, PA",2022-02,9,-9,0
17929.0,"Cressona, PA",2022-03,8,-8,0
17929.0,"Cressona, PA",2022-04,7,-7,0
17929.0,"Cressona, PA",2022-05,6,-6,0
17929.0,"Cressona, PA",2022-06,5,-5,0
17929.0,"Cressona, PA",2022-07,4,-4,0
17929.0,"Cressona, PA",2022-08,3,-3,0
17929.0,"Cressona, PA",2022-09,2,-2,0
17929.0,"Cressona, PA",2022-10,1,-1,0
17929.0,"Cressona, PA",2022-11,0,0,1
17929.0,"Cressona, PA",2022-12,-1,1,0
17930.0,"Cumbola, PA",2022-01,10,-10,0
17930.0,"Cumbola, PA",2022-02,9,-9,0
17930.0,"Cumbola, PA",2022-03,8,-8,0
17930.0,"Cumbola, PA",2022-04,7,-7,0
17930.0,"Cumbola, PA",2022-05,6,-6,0
17930.0,"Cumbola, PA",2022-06,5,-5,0
17930.0,"Cumbola, PA",2022-07,4,-4,0
17930.0,"Cumbola, PA",2022-08,3,-3,0
17930.0,"Cumbola, PA",2022-09,2,-2,0
17930.0,"Cumbola, PA",2022-10,1,-1,0
17930.0,"Cumbola, PA",2022-11,0,0,1
17930.0,"Cumbola, PA",2022-12,-1,1,0
17931.0,"Frackville, PA",2022-01,10,-10,0
17931.0,"Frackville, PA",2022-02,9,-9,0
17931.0,"Frackville, PA",2022-03,8,-8,0
17931.0,"Frackville, PA",2022-04,7,-7,0
17931.0,"Frackville, PA",2022-05,6,-6,0
17931.0,"Frackville, PA",2022-06,5,-5,0
17931.0,"Frackville, PA",2022-07,4,-4,0
17931.0,"Frackville, PA",2022-08,3,-3,0
17931.0,"Frackville, PA",2022-09,2,-2,0
17931.0,"Frackville, PA",2022-10,1,-1,0
17931.0,"Frackville, PA",2022-11,0,0,1
17931.0,"Frackville, PA",2022-12,-1,1,0
17933.0,"Friedensburg, PA",2022-01,10,-10,0
17933.0,"Friedensburg, PA",2022-02,9,-9,0
17933.0,"Friedensburg, PA",2022-03,8,-8,0
17933.0,"Friedensburg, PA",2022-04,7,-7,0
17933.0,"Friedensburg, PA",2022-05,6,-6,0
17933.0,"Friedensburg, PA",2022-06,5,-5,0
17933.0,"Friedensburg, PA",2022-07,4,-4,0
17933.0,"Friedensburg, PA",2022-08,3,-3,0
17933.0,"Friedensburg, PA",2022-09,2,-2,0
17933.0,"Friedensburg, PA",2022-10,1,-1,0
17933.0,"Friedensburg, PA",2022-11,0,0,1
17933.0,"Friedensburg, PA",2022-12,-1,1,0
17934.0,"Gilberton, PA",2022-01,10,-10,0
17934.0,"Gilberton, PA",2022-02,9,-9,0
17934.0,"Gilberton, PA",2022-03,8,-8,0
17934.0,"Gilberton, PA",2022-04,7,-7,0
17934.0,"Gilberton, PA",2022-05,6,-6,0
17934.0,"Gilberton, PA",2022-06,5,-5,0
17934.0,"Gilberton, PA",2022-07,4,-4,0
17934.0,"Gilberton, PA",2022-08,3,-3,0
17934.0,"Gilberton, PA",2022-09,2,-2,0
17934.0,"Gilberton, PA",2022-10,1,-1,0
17934.0,"Gilberton, PA",2022-11,0,0,1
17934.0,"Gilberton, PA",2022-12,-1,1,0
17935.0,"Girardville, PA",2022-01,10,-10,0
17935.0,"Girardville, PA",2022-02,9,-9,0
17935.0,"Girardville, PA",2022-03,8,-8,0
17935.0,"Girardville, PA",2022-04,7,-7,0
17935.0,"Girardville, PA",2022-05,6,-6,0
17935.0,"Girardville, PA",2022-06,5,-5,0
17935.0,"Girardville, PA",2022-07,4,-4,0
17935.0,"Girardville, PA",2022-08,3,-3,0
17935.0,"Girardville, PA",2022-09,2,-2,0
17935.0,"Girardville, PA",2022-10,1,-1,0
17935.0,"Girardville, PA",2022-11,0,0,1
17935.0,"Girardville, PA",2022-12,-1,1,0
17936.0,"Gordon, PA",2022-01,10,-10,0
17936.0,"Gordon, PA",2022-02,9,-9,0
17936.0,"Gordon, PA",2022-03,8,-8,0
17936.0,"Gordon, PA",2022-04,7,-7,0
17936.0,"Gordon, PA",2022-05,6,-6,0
17936.0,"Gordon, PA",2022-06,5,-5,0
17936.0,"Gordon, PA",2022-07,4,-4,0
17936.0,"Gordon, PA",2022-08,3,-3,0
17936.0,"Gordon, PA",2022-09,2,-2,0
17936.0,"Gordon, PA",2022-10,1,-1,0
17936.0,"Gordon, PA",2022-11,0,0,1
17936.0,"Gordon, PA",2022-12,-1,1,0
17938.0,"Hegins, PA",2022-01,10,-10,0
17938.0,"Hegins, PA",2022-02,9,-9,0
17938.0,"Hegins, PA",2022-03,8,-8,0
17938.0,"Hegins, PA",2022-04,7,-7,0
17938.0,"Hegins, PA",2022-05,6,-6,0
17938.0,"Hegins, PA",2022-06,5,-5,0
17938.0,"Hegins, PA",2022-07,4,-4,0
17938.0,"Hegins, PA",2022-08,3,-3,0
17938.0,"Hegins, PA",2022-09,2,-2,0
17938.0,"Hegins, PA",2022-10,1,-1,0
17938.0,"Hegins, PA",2022-11,0,0,1
17938.0,"Hegins, PA",2022-12,-1,1,0
17941.0,"Klingerstown, PA",2022-01,10,-10,0
17941.0,"Klingerstown, PA",2022-02,9,-9,0
17941.0,"Klingerstown, PA",2022-03,8,-8,0
17941.0,"Klingerstown, PA",2022-04,7,-7,0
17941.0,"Klingerstown, PA",2022-05,6,-6,0
17941.0,"Klingerstown, PA",2022-06,5,-5,0
17941.0,"Klingerstown, PA",2022-07,4,-4,0
17941.0,"Klingerstown, PA",2022-08,3,-3,0
17941.0,"Klingerstown, PA",2022-09,2,-2,0
17941.0,"Klingerstown, PA",2022-10,1,-1,0
17941.0,"Klingerstown, PA",2022-11,0,0,1
17941.0,"Klingerstown, PA",2022-12,-1,1,0
17943.0,"Lavelle, PA",2022-01,10,-10,0
17943.0,"Lavelle, PA",2022-02,9,-9,0
17943.0,"Lavelle, PA",2022-03,8,-8,0
17943.0,"Lavelle, PA",2022-04,7,-7,0
17943.0,"Lavelle, PA",2022-05,6,-6,0
17943.0,"Lavelle, PA",2022-06,5,-5,0
17943.0,"Lavelle, PA",2022-07,4,-4,0
17943.0,"Lavelle, PA",2022-08,3,-3,0
17943.0,"Lavelle, PA",2022-09,2,-2,0
17943.0,"Lavelle, PA",2022-10,1,-1,0
17943.0,"Lavelle, PA",2022-11,0,0,1
17943.0,"Lavelle, PA",2022-12,-1,1,0
17944.0,"Llewellyn, PA",2022-01,10,-10,0
17944.0,"Llewellyn, PA",2022-02,9,-9,0
17944.0,"Llewellyn, PA",2022-03,8,-8,0
17944.0,"Llewellyn, PA",2022-04,7,-7,0
17944.0,"Llewellyn, PA",2022-05,6,-6,0
17944.0,"Llewellyn, PA",2022-06,5,-5,0
17944.0,"Llewellyn, PA",2022-07,4,-4,0
17944.0,"Llewellyn, PA",2022-08,3,-3,0
17944.0,"Llewellyn, PA",2022-09,2,-2,0
17944.0,"Llewellyn, PA",2022-10,1,-1,0
17944.0,"Llewellyn, PA",2022-11,0,0,1
17944.0,"Llewellyn, PA",2022-12,-1,1,0
17945.0,"Locustdale, PA",2022-01,10,-10,0
17945.0,"Locustdale, PA",2022-02,9,-9,0
17945.0,"Locustdale, PA",2022-03,8,-8,0
17945.0,"Locustdale, PA",2022-04,7,-7,0
17945.0,"Locustdale, PA",2022-05,6,-6,0
17945.0,"Locustdale, PA",2022-06,5,-5,0
17945.0,"Locustdale, PA",2022-07,4,-4,0
17945.0,"Locustdale, PA",2022-08,3,-3,0
17945.0,"Locustdale, PA",2022-09,2,-2,0
17945.0,"Locustdale, PA",2022-10,1,-1,0
17945.0,"Locustdale, PA",2022-11,0,0,1
17945.0,"Locustdale, PA",2022-12,-1,1,0
17946.0,"Lost Creek, PA",2022-01,10,-10,0
17946.0,"Lost Creek, PA",2022-02,9,-9,0
17946.0,"Lost Creek, PA",2022-03,8,-8,0
17946.0,"Lost Creek, PA",2022-04,7,-7,0
17946.0,"Lost Creek, PA",2022-05,6,-6,0
17946.0,"Lost Creek, PA",2022-06,5,-5,0
17946.0,"Lost Creek, PA",2022-07,4,-4,0
17946.0,"Lost Creek, PA",2022-08,3,-3,0
17946.0,"Lost Creek, PA",2022-09,2,-2,0
17946.0,"Lost Creek, PA",2022-10,1,-1,0
17946.0,"Lost Creek, PA",2022-11,0,0,1
17946.0,"Lost Creek, PA",2022-12,-1,1,0
17948.0,"Mahanoy City, PA",2022-01,10,-10,0
17948.0,"Mahanoy City, PA",2022-02,9,-9,0
17948.0,"Mahanoy City, PA",2022-03,8,-8,0
17948.0,"Mahanoy City, PA",2022-04,7,-7,0
17948.0,"Mahanoy City, PA",2022-05,6,-6,0
17948.0,"Mahanoy City, PA",2022-06,5,-5,0
17948.0,"Mahanoy City, PA",2022-07,4,-4,0
17948.0,"Mahanoy City, PA",2022-08,3,-3,0
17948.0,"Mahanoy City, PA",2022-09,2,-2,0
17948.0,"Mahanoy City, PA",2022-10,1,-1,0
17948.0,"Mahanoy City, PA",2022-11,0,0,1
17948.0,"Mahanoy City, PA",2022-12,-1,1,0
17949.0,"Mahanoy Plane, PA",2022-01,10,-10,0
17949.0,"Mahanoy Plane, PA",2022-02,9,-9,0
17949.0,"Mahanoy Plane, PA",2022-03,8,-8,0
17949.0,"Mahanoy Plane, PA",2022-04,7,-7,0
17949.0,"Mahanoy Plane, PA",2022-05,6,-6,0
17949.0,"Mahanoy Plane, PA",2022-06,5,-5,0
17949.0,"Mahanoy Plane, PA",2022-07,4,-4,0
17949.0,"Mahanoy Plane, PA",2022-08,3,-3,0
17949.0,"Mahanoy Plane, PA",2022-09,2,-2,0
17949.0,"Mahanoy Plane, PA",2022-10,1,-1,0
17949.0,"Mahanoy Plane, PA",2022-11,0,0,1
17949.0,"Mahanoy Plane, PA",2022-12,-1,1,0
17951.0,"Mar Lin, PA",2022-01,10,-10,0
17951.0,"Mar Lin, PA",2022-02,9,-9,0
17951.0,"Mar Lin, PA",2022-03,8,-8,0
17951.0,"Mar Lin, PA",2022-04,7,-7,0
17951.0,"Mar Lin, PA",2022-05,6,-6,0
17951.0,"Mar Lin, PA",2022-06,5,-5,0
17951.0,"Mar Lin, PA",2022-07,4,-4,0
17951.0,"Mar Lin, PA",2022-08,3,-3,0
17951.0,"Mar Lin, PA",2022-09,2,-2,0
17951.0,"Mar Lin, PA",2022-10,1,-1,0
17951.0,"Mar Lin, PA",2022-11,0,0,1
17951.0,"Mar Lin, PA",2022-12,-1,1,0
17952.0,"Mary D, PA",2022-01,10,-10,0
17952.0,"Mary D, PA",2022-02,9,-9,0
17952.0,"Mary D, PA",2022-03,8,-8,0
17952.0,"Mary D, PA",2022-04,7,-7,0
17952.0,"Mary D, PA",2022-05,6,-6,0
17952.0,"Mary D, PA",2022-06,5,-5,0
17952.0,"Mary D, PA",2022-07,4,-4,0
17952.0,"Mary D, PA",2022-08,3,-3,0
17952.0,"Mary D, PA",2022-09,2,-2,0
17952.0,"Mary D, PA",2022-10,1,-1,0
17952.0,"Mary D, PA",2022-11,0,0,1
17952.0,"Mary D, PA",2022-12,-1,1,0
17953.0,"Middleport, PA",2022-01,10,-10,0
17953.0,"Middleport, PA",2022-02,9,-9,0
17953.0,"Middleport, PA",2022-03,8,-8,0
17953.0,"Middleport, PA",2022-04,7,-7,0
17953.0,"Middleport, PA",2022-05,6,-6,0
17953.0,"Middleport, PA",2022-06,5,-5,0
17953.0,"Middleport, PA",2022-07,4,-4,0
17953.0,"Middleport, PA",2022-08,3,-3,0
17953.0,"Middleport, PA",2022-09,2,-2,0
17953.0,"Middleport, PA",2022-10,1,-1,0
17953.0,"Middleport, PA",2022-11,0,0,1
17953.0,"Middleport, PA",2022-12,-1,1,0
17954.0,"Minersville, PA",2022-01,10,-10,0
17954.0,"Minersville, PA",2022-02,9,-9,0
17954.0,"Minersville, PA",2022-03,8,-8,0
17954.0,"Minersville, PA",2022-04,7,-7,0
17954.0,"Minersville, PA",2022-05,6,-6,0
17954.0,"Minersville, PA",2022-06,5,-5,0
17954.0,"Minersville, PA",2022-07,4,-4,0
17954.0,"Minersville, PA",2022-08,3,-3,0
17954.0,"Minersville, PA",2022-09,2,-2,0
17954.0,"Minersville, PA",2022-10,1,-1,0
17954.0,"Minersville, PA",2022-11,0,0,1
17954.0,"Minersville, PA",2022-12,-1,1,0
17957.0,"Muir, PA",2022-01,10,-10,0
17957.0,"Muir, PA",2022-02,9,-9,0
17957.0,"Muir, PA",2022-03,8,-8,0
17957.0,"Muir, PA",2022-04,7,-7,0
17957.0,"Muir, PA",2022-05,6,-6,0
17957.0,"Muir, PA",2022-06,5,-5,0
17957.0,"Muir, PA",2022-07,4,-4,0
17957.0,"Muir, PA",2022-08,3,-3,0
17957.0,"Muir, PA",2022-09,2,-2,0
17957.0,"Muir, PA",2022-10,1,-1,0
17957.0,"Muir, PA",2022-11,0,0,1
17957.0,"Muir, PA",2022-12,-1,1,0
17959.0,"New Philadelphia, PA",2022-01,10,-10,0
17959.0,"New Philadelphia, PA",2022-02,9,-9,0
17959.0,"New Philadelphia, PA",2022-03,8,-8,0
17959.0,"New Philadelphia, PA",2022-04,7,-7,0
17959.0,"New Philadelphia, PA",2022-05,6,-6,0
17959.0,"New Philadelphia, PA",2022-06,5,-5,0
17959.0,"New Philadelphia, PA",2022-07,4,-4,0
17959.0,"New Philadelphia, PA",2022-08,3,-3,0
17959.0,"New Philadelphia, PA",2022-09,2,-2,0
17959.0,"New Philadelphia, PA",2022-10,1,-1,0
17959.0,"New Philadelphia, PA",2022-11,0,0,1
17959.0,"New Philadelphia, PA",2022-12,-1,1,0
17960.0,"New Ringgold, PA",2022-01,10,-10,0
17960.0,"New Ringgold, PA",2022-02,9,-9,0
17960.0,"New Ringgold, PA",2022-03,8,-8,0
17960.0,"New Ringgold, PA",2022-04,7,-7,0
17960.0,"New Ringgold, PA",2022-05,6,-6,0
17960.0,"New Ringgold, PA",2022-06,5,-5,0
17960.0,"New Ringgold, PA",2022-07,4,-4,0
17960.0,"New Ringgold, PA",2022-08,3,-3,0
17960.0,"New Ringgold, PA",2022-09,2,-2,0
17960.0,"New Ringgold, PA",2022-10,1,-1,0
17960.0,"New Ringgold, PA",2022-11,0,0,1
17960.0,"New Ringgold, PA",2022-12,-1,1,0
17961.0,"Orwigsburg, PA",2022-01,10,-10,0
17961.0,"Orwigsburg, PA",2022-02,9,-9,0
17961.0,"Orwigsburg, PA",2022-03,8,-8,0
17961.0,"Orwigsburg, PA",2022-04,7,-7,0
17961.0,"Orwigsburg, PA",2022-05,6,-6,0
17961.0,"Orwigsburg, PA",2022-06,5,-5,0
17961.0,"Orwigsburg, PA",2022-07,4,-4,0
17961.0,"Orwigsburg, PA",2022-08,3,-3,0
17961.0,"Orwigsburg, PA",2022-09,2,-2,0
17961.0,"Orwigsburg, PA",2022-10,1,-1,0
17961.0,"Orwigsburg, PA",2022-11,0,0,1
17961.0,"Orwigsburg, PA",2022-12,-1,1,0
17963.0,"Pine Grove, PA",2022-01,10,-10,0
17963.0,"Pine Grove, PA",2022-02,9,-9,0
17963.0,"Pine Grove, PA",2022-03,8,-8,0
17963.0,"Pine Grove, PA",2022-04,7,-7,0
17963.0,"Pine Grove, PA",2022-05,6,-6,0
17963.0,"Pine Grove, PA",2022-06,5,-5,0
17963.0,"Pine Grove, PA",2022-07,4,-4,0
17963.0,"Pine Grove, PA",2022-08,3,-3,0
17963.0,"Pine Grove, PA",2022-09,2,-2,0
17963.0,"Pine Grove, PA",2022-10,1,-1,0
17963.0,"Pine Grove, PA",2022-11,0,0,1
17963.0,"Pine Grove, PA",2022-12,-1,1,0
17964.0,"Pitman, PA",2022-01,10,-10,0
17964.0,"Pitman, PA",2022-02,9,-9,0
17964.0,"Pitman, PA",2022-03,8,-8,0
17964.0,"Pitman, PA",2022-04,7,-7,0
17964.0,"Pitman, PA",2022-05,6,-6,0
17964.0,"Pitman, PA",2022-06,5,-5,0
17964.0,"Pitman, PA",2022-07,4,-4,0
17964.0,"Pitman, PA",2022-08,3,-3,0
17964.0,"Pitman, PA",2022-09,2,-2,0
17964.0,"Pitman, PA",2022-10,1,-1,0
17964.0,"Pitman, PA",2022-11,0,0,1
17964.0,"Pitman, PA",2022-12,-1,1,0
17965.0,"Port Carbon, PA",2022-01,10,-10,0
17965.0,"Port Carbon, PA",2022-02,9,-9,0
17965.0,"Port Carbon, PA",2022-03,8,-8,0
17965.0,"Port Carbon, PA",2022-04,7,-7,0
17965.0,"Port Carbon, PA",2022-05,6,-6,0
17965.0,"Port Carbon, PA",2022-06,5,-5,0
17965.0,"Port Carbon, PA",2022-07,4,-4,0
17965.0,"Port Carbon, PA",2022-08,3,-3,0
17965.0,"Port Carbon, PA",2022-09,2,-2,0
17965.0,"Port Carbon, PA",2022-10,1,-1,0
17965.0,"Port Carbon, PA",2022-11,0,0,1
17965.0,"Port Carbon, PA",2022-12,-1,1,0
17967.0,"Ringtown, PA",2022-01,10,-10,0
17967.0,"Ringtown, PA",2022-02,9,-9,0
17967.0,"Ringtown, PA",2022-03,8,-8,0
17967.0,"Ringtown, PA",2022-04,7,-7,0
17967.0,"Ringtown, PA",2022-05,6,-6,0
17967.0,"Ringtown, PA",2022-06,5,-5,0
17967.0,"Ringtown, PA",2022-07,4,-4,0
17967.0,"Ringtown, PA",2022-08,3,-3,0
17967.0,"Ringtown, PA",2022-09,2,-2,0
17967.0,"Ringtown, PA",2022-10,1,-1,0
17967.0,"Ringtown, PA",2022-11,0,0,1
17967.0,"Ringtown, PA",2022-12,-1,1,0
17968.0,"Sacramento, PA",2022-01,10,-10,0
17968.0,"Sacramento, PA",2022-02,9,-9,0
17968.0,"Sacramento, PA",2022-03,8,-8,0
17968.0,"Sacramento, PA",2022-04,7,-7,0
17968.0,"Sacramento, PA",2022-05,6,-6,0
17968.0,"Sacramento, PA",2022-06,5,-5,0
17968.0,"Sacramento, PA",2022-07,4,-4,0
17968.0,"Sacramento, PA",2022-08,3,-3,0
17968.0,"Sacramento, PA",2022-09,2,-2,0
17968.0,"Sacramento, PA",2022-10,1,-1,0
17968.0,"Sacramento, PA",2022-11,0,0,1
17968.0,"Sacramento, PA",2022-12,-1,1,0
17970.0,"Saint Clair, PA",2022-01,10,-10,0
17970.0,"Saint Clair, PA",2022-02,9,-9,0
17970.0,"Saint Clair, PA",2022-03,8,-8,0
17970.0,"Saint Clair, PA",2022-04,7,-7,0
17970.0,"Saint Clair, PA",2022-05,6,-6,0
17970.0,"Saint Clair, PA",2022-06,5,-5,0
17970.0,"Saint Clair, PA",2022-07,4,-4,0
17970.0,"Saint Clair, PA",2022-08,3,-3,0
17970.0,"Saint Clair, PA",2022-09,2,-2,0
17970.0,"Saint Clair, PA",2022-10,1,-1,0
17970.0,"Saint Clair, PA",2022-11,0,0,1
17970.0,"Saint Clair, PA",2022-12,-1,1,0
17972.0,"Schuylkill Haven, PA",2022-01,10,-10,0
17972.0,"Schuylkill Haven, PA",2022-02,9,-9,0
17972.0,"Schuylkill Haven, PA",2022-03,8,-8,0
17972.0,"Schuylkill Haven, PA",2022-04,7,-7,0
17972.0,"Schuylkill Haven, PA",2022-05,6,-6,0
17972.0,"Schuylkill Haven, PA",2022-06,5,-5,0
17972.0,"Schuylkill Haven, PA",2022-07,4,-4,0
17972.0,"Schuylkill Haven, PA",2022-08,3,-3,0
17972.0,"Schuylkill Haven, PA",2022-09,2,-2,0
17972.0,"Schuylkill Haven, PA",2022-10,1,-1,0
17972.0,"Schuylkill Haven, PA",2022-11,0,0,1
17972.0,"Schuylkill Haven, PA",2022-12,-1,1,0
17974.0,"Seltzer, PA",2022-01,10,-10,0
17974.0,"Seltzer, PA",2022-02,9,-9,0
17974.0,"Seltzer, PA",2022-03,8,-8,0
17974.0,"Seltzer, PA",2022-04,7,-7,0
17974.0,"Seltzer, PA",2022-05,6,-6,0
17974.0,"Seltzer, PA",2022-06,5,-5,0
17974.0,"Seltzer, PA",2022-07,4,-4,0
17974.0,"Seltzer, PA",2022-08,3,-3,0
17974.0,"Seltzer, PA",2022-09,2,-2,0
17974.0,"Seltzer, PA",2022-10,1,-1,0
17974.0,"Seltzer, PA",2022-11,0,0,1
17974.0,"Seltzer, PA",2022-12,-1,1,0
17976.0,"Shenandoah, PA",2022-01,10,-10,0
17976.0,"Shenandoah, PA",2022-02,9,-9,0
17976.0,"Shenandoah, PA",2022-03,8,-8,0
17976.0,"Shenandoah, PA",2022-04,7,-7,0
17976.0,"Shenandoah, PA",2022-05,6,-6,0
17976.0,"Shenandoah, PA",2022-06,5,-5,0
17976.0,"Shenandoah, PA",2022-07,4,-4,0
17976.0,"Shenandoah, PA",2022-08,3,-3,0
17976.0,"Shenandoah, PA",2022-09,2,-2,0
17976.0,"Shenandoah, PA",2022-10,1,-1,0
17976.0,"Shenandoah, PA",2022-11,0,0,1
17976.0,"Shenandoah, PA",2022-12,-1,1,0
17978.0,"Spring Glen, PA",2022-01,10,-10,0
17978.0,"Spring Glen, PA",2022-02,9,-9,0
17978.0,"Spring Glen, PA",2022-03,8,-8,0
17978.0,"Spring Glen, PA",2022-04,7,-7,0
17978.0,"Spring Glen, PA",2022-05,6,-6,0
17978.0,"Spring Glen, PA",2022-06,5,-5,0
17978.0,"Spring Glen, PA",2022-07,4,-4,0
17978.0,"Spring Glen, PA",2022-08,3,-3,0
17978.0,"Spring Glen, PA",2022-09,2,-2,0
17978.0,"Spring Glen, PA",2022-10,1,-1,0
17978.0,"Spring Glen, PA",2022-11,0,0,1
17978.0,"Spring Glen, PA",2022-12,-1,1,0
17979.0,"Summit Station, PA",2022-01,10,-10,0
17979.0,"Summit Station, PA",2022-02,9,-9,0
17979.0,"Summit Station, PA",2022-03,8,-8,0
17979.0,"Summit Station, PA",2022-04,7,-7,0
17979.0,"Summit Station, PA",2022-05,6,-6,0
17979.0,"Summit Station, PA",2022-06,5,-5,0
17979.0,"Summit Station, PA",2022-07,4,-4,0
17979.0,"Summit Station, PA",2022-08,3,-3,0
17979.0,"Summit Station, PA",2022-09,2,-2,0
17979.0,"Summit Station, PA",2022-10,1,-1,0
17979.0,"Summit Station, PA",2022-11,0,0,1
17979.0,"Summit Station, PA",2022-12,-1,1,0
17980.0,"Tower City, PA",2022-01,10,-10,0
17980.0,"Tower City, PA",2022-02,9,-9,0
17980.0,"Tower City, PA",2022-03,8,-8,0
17980.0,"Tower City, PA",2022-04,7,-7,0
17980.0,"Tower City, PA",2022-05,6,-6,0
17980.0,"Tower City, PA",2022-06,5,-5,0
17980.0,"Tower City, PA",2022-07,4,-4,0
17980.0,"Tower City, PA",2022-08,3,-3,0
17980.0,"Tower City, PA",2022-09,2,-2,0
17980.0,"Tower City, PA",2022-10,1,-1,0
17980.0,"Tower City, PA",2022-11,0,0,1
17980.0,"Tower City, PA",2022-12,-1,1,0
17981.0,"Tremont, PA",2022-01,10,-10,0
17981.0,"Tremont, PA",2022-02,9,-9,0
17981.0,"Tremont, PA",2022-03,8,-8,0
17981.0,"Tremont, PA",2022-04,7,-7,0
17981.0,"Tremont, PA",2022-05,6,-6,0
17981.0,"Tremont, PA",2022-06,5,-5,0
17981.0,"Tremont, PA",2022-07,4,-4,0
17981.0,"Tremont, PA",2022-08,3,-3,0
17981.0,"Tremont, PA",2022-09,2,-2,0
17981.0,"Tremont, PA",2022-10,1,-1,0
17981.0,"Tremont, PA",2022-11,0,0,1
17981.0,"Tremont, PA",2022-12,-1,1,0
17982.0,"Tuscarora, PA",2022-01,10,-10,0
17982.0,"Tuscarora, PA",2022-02,9,-9,0
17982.0,"Tuscarora, PA",2022-03,8,-8,0
17982.0,"Tuscarora, PA",2022-04,7,-7,0
17982.0,"Tuscarora, PA",2022-05,6,-6,0
17982.0,"Tuscarora, PA",2022-06,5,-5,0
17982.0,"Tuscarora, PA",2022-07,4,-4,0
17982.0,"Tuscarora, PA",2022-08,3,-3,0
17982.0,"Tuscarora, PA",2022-09,2,-2,0
17982.0,"Tuscarora, PA",2022-10,1,-1,0
17982.0,"Tuscarora, PA",2022-11,0,0,1
17982.0,"Tuscarora, PA",2022-12,-1,1,0
17983.0,"Valley View, PA",2022-01,10,-10,0
17983.0,"Valley View, PA",2022-02,9,-9,0
17983.0,"Valley View, PA",2022-03,8,-8,0
17983.0,"Valley View, PA",2022-04,7,-7,0
17983.0,"Valley View, PA",2022-05,6,-6,0
17983.0,"Valley View, PA",2022-06,5,-5,0
17983.0,"Valley View, PA",2022-07,4,-4,0
17983.0,"Valley View, PA",2022-08,3,-3,0
17983.0,"Valley View, PA",2022-09,2,-2,0
17983.0,"Valley View, PA",2022-10,1,-1,0
17983.0,"Valley View, PA",2022-11,0,0,1
17983.0,"Valley View, PA",2022-12,-1,1,0
17985.0,"Zion Grove, PA",2022-01,10,-10,0
17985.0,"Zion Grove, PA",2022-02,9,-9,0
17985.0,"Zion Grove, PA",2022-03,8,-8,0
17985.0,"Zion Grove, PA",2022-04,7,-7,0
17985.0,"Zion Grove, PA",2022-05,6,-6,0
17985.0,"Zion Grove, PA",2022-06,5,-5,0
17985.0,"Zion Grove, PA",2022-07,4,-4,0
17985.0,"Zion Grove, PA",2022-08,3,-3,0
17985.0,"Zion Grove, PA",2022-09,2,-2,0
17985.0,"Zion Grove, PA",2022-10,1,-1,0
17985.0,"Zion Grove, PA",2022-11,0,0,1
17985.0,"Zion Grove, PA",2022-12,-1,1,0
18011.0,"Alburtis, PA",2022-01,10,-10,0
18011.0,"Alburtis, PA",2022-02,9,-9,0
18011.0,"Alburtis, PA",2022-03,8,-8,0
18011.0,"Alburtis, PA",2022-04,7,-7,0
18011.0,"Alburtis, PA",2022-05,6,-6,0
18011.0,"Alburtis, PA",2022-06,5,-5,0
18011.0,"Alburtis, PA",2022-07,4,-4,0
18011.0,"Alburtis, PA",2022-08,3,-3,0
18011.0,"Alburtis, PA",2022-09,2,-2,0
18011.0,"Alburtis, PA",2022-10,1,-1,0
18011.0,"Alburtis, PA",2022-11,0,0,1
18011.0,"Alburtis, PA",2022-12,-1,1,0
18012.0,"Aquashicola, PA",2022-01,10,-10,0
18012.0,"Aquashicola, PA",2022-02,9,-9,0
18012.0,"Aquashicola, PA",2022-03,8,-8,0
18012.0,"Aquashicola, PA",2022-04,7,-7,0
18012.0,"Aquashicola, PA",2022-05,6,-6,0
18012.0,"Aquashicola, PA",2022-06,5,-5,0
18012.0,"Aquashicola, PA",2022-07,4,-4,0
18012.0,"Aquashicola, PA",2022-08,3,-3,0
18012.0,"Aquashicola, PA",2022-09,2,-2,0
18012.0,"Aquashicola, PA",2022-10,1,-1,0
18012.0,"Aquashicola, PA",2022-11,0,0,1
18012.0,"Aquashicola, PA",2022-12,-1,1,0
18013.0,"Bangor, PA",2022-01,10,-10,0
18013.0,"Bangor, PA",2022-02,9,-9,0
18013.0,"Bangor, PA",2022-03,8,-8,0
18013.0,"Bangor, PA",2022-04,7,-7,0
18013.0,"Bangor, PA",2022-05,6,-6,0
18013.0,"Bangor, PA",2022-06,5,-5,0
18013.0,"Bangor, PA",2022-07,4,-4,0
18013.0,"Bangor, PA",2022-08,3,-3,0
18013.0,"Bangor, PA",2022-09,2,-2,0
18013.0,"Bangor, PA",2022-10,1,-1,0
18013.0,"Bangor, PA",2022-11,0,0,1
18013.0,"Bangor, PA",2022-12,-1,1,0
18014.0,"Bath, PA",2022-01,10,-10,0
18014.0,"Bath, PA",2022-02,9,-9,0
18014.0,"Bath, PA",2022-03,8,-8,0
18014.0,"Bath, PA",2022-04,7,-7,0
18014.0,"Bath, PA",2022-05,6,-6,0
18014.0,"Bath, PA",2022-06,5,-5,0
18014.0,"Bath, PA",2022-07,4,-4,0
18014.0,"Bath, PA",2022-08,3,-3,0
18014.0,"Bath, PA",2022-09,2,-2,0
18014.0,"Bath, PA",2022-10,1,-1,0
18014.0,"Bath, PA",2022-11,0,0,1
18014.0,"Bath, PA",2022-12,-1,1,0
18015.0,"Bethlehem, PA",2022-01,10,-10,0
18015.0,"Bethlehem, PA",2022-02,9,-9,0
18015.0,"Bethlehem, PA",2022-03,8,-8,0
18015.0,"Bethlehem, PA",2022-04,7,-7,0
18015.0,"Bethlehem, PA",2022-05,6,-6,0
18015.0,"Bethlehem, PA",2022-06,5,-5,0
18015.0,"Bethlehem, PA",2022-07,4,-4,0
18015.0,"Bethlehem, PA",2022-08,3,-3,0
18015.0,"Bethlehem, PA",2022-09,2,-2,0
18015.0,"Bethlehem, PA",2022-10,1,-1,0
18015.0,"Bethlehem, PA",2022-11,0,0,1
18015.0,"Bethlehem, PA",2022-12,-1,1,0
18017.0,"Bethlehem, PA",2022-01,10,-10,0
18017.0,"Bethlehem, PA",2022-02,9,-9,0
18017.0,"Bethlehem, PA",2022-03,8,-8,0
18017.0,"Bethlehem, PA",2022-04,7,-7,0
18017.0,"Bethlehem, PA",2022-05,6,-6,0
18017.0,"Bethlehem, PA",2022-06,5,-5,0
18017.0,"Bethlehem, PA",2022-07,4,-4,0
18017.0,"Bethlehem, PA",2022-08,3,-3,0
18017.0,"Bethlehem, PA",2022-09,2,-2,0
18017.0,"Bethlehem, PA",2022-10,1,-1,0
18017.0,"Bethlehem, PA",2022-11,0,0,1
18017.0,"Bethlehem, PA",2022-12,-1,1,0
18018.0,"Bethlehem, PA",2022-01,10,-10,0
18018.0,"Bethlehem, PA",2022-02,9,-9,0
18018.0,"Bethlehem, PA",2022-03,8,-8,0
18018.0,"Bethlehem, PA",2022-04,7,-7,0
18018.0,"Bethlehem, PA",2022-05,6,-6,0
18018.0,"Bethlehem, PA",2022-06,5,-5,0
18018.0,"Bethlehem, PA",2022-07,4,-4,0
18018.0,"Bethlehem, PA",2022-08,3,-3,0
18018.0,"Bethlehem, PA",2022-09,2,-2,0
18018.0,"Bethlehem, PA",2022-10,1,-1,0
18018.0,"Bethlehem, PA",2022-11,0,0,1
18018.0,"Bethlehem, PA",2022-12,-1,1,0
18020.0,"Bethlehem, PA",2022-01,10,-10,0
18020.0,"Bethlehem, PA",2022-02,9,-9,0
18020.0,"Bethlehem, PA",2022-03,8,-8,0
18020.0,"Bethlehem, PA",2022-04,7,-7,0
18020.0,"Bethlehem, PA",2022-05,6,-6,0
18020.0,"Bethlehem, PA",2022-06,5,-5,0
18020.0,"Bethlehem, PA",2022-07,4,-4,0
18020.0,"Bethlehem, PA",2022-08,3,-3,0
18020.0,"Bethlehem, PA",2022-09,2,-2,0
18020.0,"Bethlehem, PA",2022-10,1,-1,0
18020.0,"Bethlehem, PA",2022-11,0,0,1
18020.0,"Bethlehem, PA",2022-12,-1,1,0
18030.0,"Bowmanstown, PA",2022-01,10,-10,0
18030.0,"Bowmanstown, PA",2022-02,9,-9,0
18030.0,"Bowmanstown, PA",2022-03,8,-8,0
18030.0,"Bowmanstown, PA",2022-04,7,-7,0
18030.0,"Bowmanstown, PA",2022-05,6,-6,0
18030.0,"Bowmanstown, PA",2022-06,5,-5,0
18030.0,"Bowmanstown, PA",2022-07,4,-4,0
18030.0,"Bowmanstown, PA",2022-08,3,-3,0
18030.0,"Bowmanstown, PA",2022-09,2,-2,0
18030.0,"Bowmanstown, PA",2022-10,1,-1,0
18030.0,"Bowmanstown, PA",2022-11,0,0,1
18030.0,"Bowmanstown, PA",2022-12,-1,1,0
18031.0,"Breinigsville, PA",2022-01,10,-10,0
18031.0,"Breinigsville, PA",2022-02,9,-9,0
18031.0,"Breinigsville, PA",2022-03,8,-8,0
18031.0,"Breinigsville, PA",2022-04,7,-7,0
18031.0,"Breinigsville, PA",2022-05,6,-6,0
18031.0,"Breinigsville, PA",2022-06,5,-5,0
18031.0,"Breinigsville, PA",2022-07,4,-4,0
18031.0,"Breinigsville, PA",2022-08,3,-3,0
18031.0,"Breinigsville, PA",2022-09,2,-2,0
18031.0,"Breinigsville, PA",2022-10,1,-1,0
18031.0,"Breinigsville, PA",2022-11,0,0,1
18031.0,"Breinigsville, PA",2022-12,-1,1,0
18032.0,"Catasauqua, PA",2022-01,10,-10,0
18032.0,"Catasauqua, PA",2022-02,9,-9,0
18032.0,"Catasauqua, PA",2022-03,8,-8,0
18032.0,"Catasauqua, PA",2022-04,7,-7,0
18032.0,"Catasauqua, PA",2022-05,6,-6,0
18032.0,"Catasauqua, PA",2022-06,5,-5,0
18032.0,"Catasauqua, PA",2022-07,4,-4,0
18032.0,"Catasauqua, PA",2022-08,3,-3,0
18032.0,"Catasauqua, PA",2022-09,2,-2,0
18032.0,"Catasauqua, PA",2022-10,1,-1,0
18032.0,"Catasauqua, PA",2022-11,0,0,1
18032.0,"Catasauqua, PA",2022-12,-1,1,0
18034.0,"Center Valley, PA",2022-01,10,-10,0
18034.0,"Center Valley, PA",2022-02,9,-9,0
18034.0,"Center Valley, PA",2022-03,8,-8,0
18034.0,"Center Valley, PA",2022-04,7,-7,0
18034.0,"Center Valley, PA",2022-05,6,-6,0
18034.0,"Center Valley, PA",2022-06,5,-5,0
18034.0,"Center Valley, PA",2022-07,4,-4,0
18034.0,"Center Valley, PA",2022-08,3,-3,0
18034.0,"Center Valley, PA",2022-09,2,-2,0
18034.0,"Center Valley, PA",2022-10,1,-1,0
18034.0,"Center Valley, PA",2022-11,0,0,1
18034.0,"Center Valley, PA",2022-12,-1,1,0
18035.0,"Cherryville, PA",2022-01,10,-10,0
18035.0,"Cherryville, PA",2022-02,9,-9,0
18035.0,"Cherryville, PA",2022-03,8,-8,0
18035.0,"Cherryville, PA",2022-04,7,-7,0
18035.0,"Cherryville, PA",2022-05,6,-6,0
18035.0,"Cherryville, PA",2022-06,5,-5,0
18035.0,"Cherryville, PA",2022-07,4,-4,0
18035.0,"Cherryville, PA",2022-08,3,-3,0
18035.0,"Cherryville, PA",2022-09,2,-2,0
18035.0,"Cherryville, PA",2022-10,1,-1,0
18035.0,"Cherryville, PA",2022-11,0,0,1
18035.0,"Cherryville, PA",2022-12,-1,1,0
18036.0,"Coopersburg, PA",2022-01,10,-10,0
18036.0,"Coopersburg, PA",2022-02,9,-9,0
18036.0,"Coopersburg, PA",2022-03,8,-8,0
18036.0,"Coopersburg, PA",2022-04,7,-7,0
18036.0,"Coopersburg, PA",2022-05,6,-6,0
18036.0,"Coopersburg, PA",2022-06,5,-5,0
18036.0,"Coopersburg, PA",2022-07,4,-4,0
18036.0,"Coopersburg, PA",2022-08,3,-3,0
18036.0,"Coopersburg, PA",2022-09,2,-2,0
18036.0,"Coopersburg, PA",2022-10,1,-1,0
18036.0,"Coopersburg, PA",2022-11,0,0,1
18036.0,"Coopersburg, PA",2022-12,-1,1,0
18037.0,"Coplay, PA",2022-01,10,-10,0
18037.0,"Coplay, PA",2022-02,9,-9,0
18037.0,"Coplay, PA",2022-03,8,-8,0
18037.0,"Coplay, PA",2022-04,7,-7,0
18037.0,"Coplay, PA",2022-05,6,-6,0
18037.0,"Coplay, PA",2022-06,5,-5,0
18037.0,"Coplay, PA",2022-07,4,-4,0
18037.0,"Coplay, PA",2022-08,3,-3,0
18037.0,"Coplay, PA",2022-09,2,-2,0
18037.0,"Coplay, PA",2022-10,1,-1,0
18037.0,"Coplay, PA",2022-11,0,0,1
18037.0,"Coplay, PA",2022-12,-1,1,0
18038.0,"Danielsville, PA",2022-01,10,-10,0
18038.0,"Danielsville, PA",2022-02,9,-9,0
18038.0,"Danielsville, PA",2022-03,8,-8,0
18038.0,"Danielsville, PA",2022-04,7,-7,0
18038.0,"Danielsville, PA",2022-05,6,-6,0
18038.0,"Danielsville, PA",2022-06,5,-5,0
18038.0,"Danielsville, PA",2022-07,4,-4,0
18038.0,"Danielsville, PA",2022-08,3,-3,0
18038.0,"Danielsville, PA",2022-09,2,-2,0
18038.0,"Danielsville, PA",2022-10,1,-1,0
18038.0,"Danielsville, PA",2022-11,0,0,1
18038.0,"Danielsville, PA",2022-12,-1,1,0
18040.0,"Easton, PA",2022-01,10,-10,0
18040.0,"Easton, PA",2022-02,9,-9,0
18040.0,"Easton, PA",2022-03,8,-8,0
18040.0,"Easton, PA",2022-04,7,-7,0
18040.0,"Easton, PA",2022-05,6,-6,0
18040.0,"Easton, PA",2022-06,5,-5,0
18040.0,"Easton, PA",2022-07,4,-4,0
18040.0,"Easton, PA",2022-08,3,-3,0
18040.0,"Easton, PA",2022-09,2,-2,0
18040.0,"Easton, PA",2022-10,1,-1,0
18040.0,"Easton, PA",2022-11,0,0,1
18040.0,"Easton, PA",2022-12,-1,1,0
18041.0,"East Greenville, PA",2022-01,10,-10,0
18041.0,"East Greenville, PA",2022-02,9,-9,0
18041.0,"East Greenville, PA",2022-03,8,-8,0
18041.0,"East Greenville, PA",2022-04,7,-7,0
18041.0,"East Greenville, PA",2022-05,6,-6,0
18041.0,"East Greenville, PA",2022-06,5,-5,0
18041.0,"East Greenville, PA",2022-07,4,-4,0
18041.0,"East Greenville, PA",2022-08,3,-3,0
18041.0,"East Greenville, PA",2022-09,2,-2,0
18041.0,"East Greenville, PA",2022-10,1,-1,0
18041.0,"East Greenville, PA",2022-11,0,0,1
18041.0,"East Greenville, PA",2022-12,-1,1,0
18042.0,"Easton, PA",2022-01,10,-10,0
18042.0,"Easton, PA",2022-02,9,-9,0
18042.0,"Easton, PA",2022-03,8,-8,0
18042.0,"Easton, PA",2022-04,7,-7,0
18042.0,"Easton, PA",2022-05,6,-6,0
18042.0,"Easton, PA",2022-06,5,-5,0
18042.0,"Easton, PA",2022-07,4,-4,0
18042.0,"Easton, PA",2022-08,3,-3,0
18042.0,"Easton, PA",2022-09,2,-2,0
18042.0,"Easton, PA",2022-10,1,-1,0
18042.0,"Easton, PA",2022-11,0,0,1
18042.0,"Easton, PA",2022-12,-1,1,0
18045.0,"Easton, PA",2022-01,10,-10,0
18045.0,"Easton, PA",2022-02,9,-9,0
18045.0,"Easton, PA",2022-03,8,-8,0
18045.0,"Easton, PA",2022-04,7,-7,0
18045.0,"Easton, PA",2022-05,6,-6,0
18045.0,"Easton, PA",2022-06,5,-5,0
18045.0,"Easton, PA",2022-07,4,-4,0
18045.0,"Easton, PA",2022-08,3,-3,0
18045.0,"Easton, PA",2022-09,2,-2,0
18045.0,"Easton, PA",2022-10,1,-1,0
18045.0,"Easton, PA",2022-11,0,0,1
18045.0,"Easton, PA",2022-12,-1,1,0
18046.0,"East Texas, PA",2022-01,10,-10,0
18046.0,"East Texas, PA",2022-02,9,-9,0
18046.0,"East Texas, PA",2022-03,8,-8,0
18046.0,"East Texas, PA",2022-04,7,-7,0
18046.0,"East Texas, PA",2022-05,6,-6,0
18046.0,"East Texas, PA",2022-06,5,-5,0
18046.0,"East Texas, PA",2022-07,4,-4,0
18046.0,"East Texas, PA",2022-08,3,-3,0
18046.0,"East Texas, PA",2022-09,2,-2,0
18046.0,"East Texas, PA",2022-10,1,-1,0
18046.0,"East Texas, PA",2022-11,0,0,1
18046.0,"East Texas, PA",2022-12,-1,1,0
18049.0,"Emmaus, PA",2022-01,10,-10,0
18049.0,"Emmaus, PA",2022-02,9,-9,0
18049.0,"Emmaus, PA",2022-03,8,-8,0
18049.0,"Emmaus, PA",2022-04,7,-7,0
18049.0,"Emmaus, PA",2022-05,6,-6,0
18049.0,"Emmaus, PA",2022-06,5,-5,0
18049.0,"Emmaus, PA",2022-07,4,-4,0
18049.0,"Emmaus, PA",2022-08,3,-3,0
18049.0,"Emmaus, PA",2022-09,2,-2,0
18049.0,"Emmaus, PA",2022-10,1,-1,0
18049.0,"Emmaus, PA",2022-11,0,0,1
18049.0,"Emmaus, PA",2022-12,-1,1,0
18051.0,"Fogelsville, PA",2022-01,10,-10,0
18051.0,"Fogelsville, PA",2022-02,9,-9,0
18051.0,"Fogelsville, PA",2022-03,8,-8,0
18051.0,"Fogelsville, PA",2022-04,7,-7,0
18051.0,"Fogelsville, PA",2022-05,6,-6,0
18051.0,"Fogelsville, PA",2022-06,5,-5,0
18051.0,"Fogelsville, PA",2022-07,4,-4,0
18051.0,"Fogelsville, PA",2022-08,3,-3,0
18051.0,"Fogelsville, PA",2022-09,2,-2,0
18051.0,"Fogelsville, PA",2022-10,1,-1,0
18051.0,"Fogelsville, PA",2022-11,0,0,1
18051.0,"Fogelsville, PA",2022-12,-1,1,0
18052.0,"Whitehall, PA",2022-01,10,-10,0
18052.0,"Whitehall, PA",2022-02,9,-9,0
18052.0,"Whitehall, PA",2022-03,8,-8,0
18052.0,"Whitehall, PA",2022-04,7,-7,0
18052.0,"Whitehall, PA",2022-05,6,-6,0
18052.0,"Whitehall, PA",2022-06,5,-5,0
18052.0,"Whitehall, PA",2022-07,4,-4,0
18052.0,"Whitehall, PA",2022-08,3,-3,0
18052.0,"Whitehall, PA",2022-09,2,-2,0
18052.0,"Whitehall, PA",2022-10,1,-1,0
18052.0,"Whitehall, PA",2022-11,0,0,1
18052.0,"Whitehall, PA",2022-12,-1,1,0
18053.0,"Germansville, PA",2022-01,10,-10,0
18053.0,"Germansville, PA",2022-02,9,-9,0
18053.0,"Germansville, PA",2022-03,8,-8,0
18053.0,"Germansville, PA",2022-04,7,-7,0
18053.0,"Germansville, PA",2022-05,6,-6,0
18053.0,"Germansville, PA",2022-06,5,-5,0
18053.0,"Germansville, PA",2022-07,4,-4,0
18053.0,"Germansville, PA",2022-08,3,-3,0
18053.0,"Germansville, PA",2022-09,2,-2,0
18053.0,"Germansville, PA",2022-10,1,-1,0
18053.0,"Germansville, PA",2022-11,0,0,1
18053.0,"Germansville, PA",2022-12,-1,1,0
18054.0,"Green Lane, PA",2022-01,10,-10,0
18054.0,"Green Lane, PA",2022-02,9,-9,0
18054.0,"Green Lane, PA",2022-03,8,-8,0
18054.0,"Green Lane, PA",2022-04,7,-7,0
18054.0,"Green Lane, PA",2022-05,6,-6,0
18054.0,"Green Lane, PA",2022-06,5,-5,0
18054.0,"Green Lane, PA",2022-07,4,-4,0
18054.0,"Green Lane, PA",2022-08,3,-3,0
18054.0,"Green Lane, PA",2022-09,2,-2,0
18054.0,"Green Lane, PA",2022-10,1,-1,0
18054.0,"Green Lane, PA",2022-11,0,0,1
18054.0,"Green Lane, PA",2022-12,-1,1,0
18055.0,"Hellertown, PA",2022-01,10,-10,0
18055.0,"Hellertown, PA",2022-02,9,-9,0
18055.0,"Hellertown, PA",2022-03,8,-8,0
18055.0,"Hellertown, PA",2022-04,7,-7,0
18055.0,"Hellertown, PA",2022-05,6,-6,0
18055.0,"Hellertown, PA",2022-06,5,-5,0
18055.0,"Hellertown, PA",2022-07,4,-4,0
18055.0,"Hellertown, PA",2022-08,3,-3,0
18055.0,"Hellertown, PA",2022-09,2,-2,0
18055.0,"Hellertown, PA",2022-10,1,-1,0
18055.0,"Hellertown, PA",2022-11,0,0,1
18055.0,"Hellertown, PA",2022-12,-1,1,0
18056.0,"Hereford, PA",2022-01,10,-10,0
18056.0,"Hereford, PA",2022-02,9,-9,0
18056.0,"Hereford, PA",2022-03,8,-8,0
18056.0,"Hereford, PA",2022-04,7,-7,0
18056.0,"Hereford, PA",2022-05,6,-6,0
18056.0,"Hereford, PA",2022-06,5,-5,0
18056.0,"Hereford, PA",2022-07,4,-4,0
18056.0,"Hereford, PA",2022-08,3,-3,0
18056.0,"Hereford, PA",2022-09,2,-2,0
18056.0,"Hereford, PA",2022-10,1,-1,0
18056.0,"Hereford, PA",2022-11,0,0,1
18056.0,"Hereford, PA",2022-12,-1,1,0
18058.0,"Kunkletown, PA",2022-01,10,-10,0
18058.0,"Kunkletown, PA",2022-02,9,-9,0
18058.0,"Kunkletown, PA",2022-03,8,-8,0
18058.0,"Kunkletown, PA",2022-04,7,-7,0
18058.0,"Kunkletown, PA",2022-05,6,-6,0
18058.0,"Kunkletown, PA",2022-06,5,-5,0
18058.0,"Kunkletown, PA",2022-07,4,-4,0
18058.0,"Kunkletown, PA",2022-08,3,-3,0
18058.0,"Kunkletown, PA",2022-09,2,-2,0
18058.0,"Kunkletown, PA",2022-10,1,-1,0
18058.0,"Kunkletown, PA",2022-11,0,0,1
18058.0,"Kunkletown, PA",2022-12,-1,1,0
18059.0,"Laurys Station, PA",2022-01,10,-10,0
18059.0,"Laurys Station, PA",2022-02,9,-9,0
18059.0,"Laurys Station, PA",2022-03,8,-8,0
18059.0,"Laurys Station, PA",2022-04,7,-7,0
18059.0,"Laurys Station, PA",2022-05,6,-6,0
18059.0,"Laurys Station, PA",2022-06,5,-5,0
18059.0,"Laurys Station, PA",2022-07,4,-4,0
18059.0,"Laurys Station, PA",2022-08,3,-3,0
18059.0,"Laurys Station, PA",2022-09,2,-2,0
18059.0,"Laurys Station, PA",2022-10,1,-1,0
18059.0,"Laurys Station, PA",2022-11,0,0,1
18059.0,"Laurys Station, PA",2022-12,-1,1,0
18062.0,"Macungie, PA",2022-01,10,-10,0
18062.0,"Macungie, PA",2022-02,9,-9,0
18062.0,"Macungie, PA",2022-03,8,-8,0
18062.0,"Macungie, PA",2022-04,7,-7,0
18062.0,"Macungie, PA",2022-05,6,-6,0
18062.0,"Macungie, PA",2022-06,5,-5,0
18062.0,"Macungie, PA",2022-07,4,-4,0
18062.0,"Macungie, PA",2022-08,3,-3,0
18062.0,"Macungie, PA",2022-09,2,-2,0
18062.0,"Macungie, PA",2022-10,1,-1,0
18062.0,"Macungie, PA",2022-11,0,0,1
18062.0,"Macungie, PA",2022-12,-1,1,0
18063.0,"Martins Creek, PA",2022-01,10,-10,0
18063.0,"Martins Creek, PA",2022-02,9,-9,0
18063.0,"Martins Creek, PA",2022-03,8,-8,0
18063.0,"Martins Creek, PA",2022-04,7,-7,0
18063.0,"Martins Creek, PA",2022-05,6,-6,0
18063.0,"Martins Creek, PA",2022-06,5,-5,0
18063.0,"Martins Creek, PA",2022-07,4,-4,0
18063.0,"Martins Creek, PA",2022-08,3,-3,0
18063.0,"Martins Creek, PA",2022-09,2,-2,0
18063.0,"Martins Creek, PA",2022-10,1,-1,0
18063.0,"Martins Creek, PA",2022-11,0,0,1
18063.0,"Martins Creek, PA",2022-12,-1,1,0
18064.0,"Nazareth, PA",2022-01,10,-10,0
18064.0,"Nazareth, PA",2022-02,9,-9,0
18064.0,"Nazareth, PA",2022-03,8,-8,0
18064.0,"Nazareth, PA",2022-04,7,-7,0
18064.0,"Nazareth, PA",2022-05,6,-6,0
18064.0,"Nazareth, PA",2022-06,5,-5,0
18064.0,"Nazareth, PA",2022-07,4,-4,0
18064.0,"Nazareth, PA",2022-08,3,-3,0
18064.0,"Nazareth, PA",2022-09,2,-2,0
18064.0,"Nazareth, PA",2022-10,1,-1,0
18064.0,"Nazareth, PA",2022-11,0,0,1
18064.0,"Nazareth, PA",2022-12,-1,1,0
18065.0,"Neffs, PA",2022-01,10,-10,0
18065.0,"Neffs, PA",2022-02,9,-9,0
18065.0,"Neffs, PA",2022-03,8,-8,0
18065.0,"Neffs, PA",2022-04,7,-7,0
18065.0,"Neffs, PA",2022-05,6,-6,0
18065.0,"Neffs, PA",2022-06,5,-5,0
18065.0,"Neffs, PA",2022-07,4,-4,0
18065.0,"Neffs, PA",2022-08,3,-3,0
18065.0,"Neffs, PA",2022-09,2,-2,0
18065.0,"Neffs, PA",2022-10,1,-1,0
18065.0,"Neffs, PA",2022-11,0,0,1
18065.0,"Neffs, PA",2022-12,-1,1,0
18066.0,"New Tripoli, PA",2022-01,10,-10,0
18066.0,"New Tripoli, PA",2022-02,9,-9,0
18066.0,"New Tripoli, PA",2022-03,8,-8,0
18066.0,"New Tripoli, PA",2022-04,7,-7,0
18066.0,"New Tripoli, PA",2022-05,6,-6,0
18066.0,"New Tripoli, PA",2022-06,5,-5,0
18066.0,"New Tripoli, PA",2022-07,4,-4,0
18066.0,"New Tripoli, PA",2022-08,3,-3,0
18066.0,"New Tripoli, PA",2022-09,2,-2,0
18066.0,"New Tripoli, PA",2022-10,1,-1,0
18066.0,"New Tripoli, PA",2022-11,0,0,1
18066.0,"New Tripoli, PA",2022-12,-1,1,0
18067.0,"Northampton, PA",2022-01,10,-10,0
18067.0,"Northampton, PA",2022-02,9,-9,0
18067.0,"Northampton, PA",2022-03,8,-8,0
18067.0,"Northampton, PA",2022-04,7,-7,0
18067.0,"Northampton, PA",2022-05,6,-6,0
18067.0,"Northampton, PA",2022-06,5,-5,0
18067.0,"Northampton, PA",2022-07,4,-4,0
18067.0,"Northampton, PA",2022-08,3,-3,0
18067.0,"Northampton, PA",2022-09,2,-2,0
18067.0,"Northampton, PA",2022-10,1,-1,0
18067.0,"Northampton, PA",2022-11,0,0,1
18067.0,"Northampton, PA",2022-12,-1,1,0
18069.0,"Orefield, PA",2022-01,10,-10,0
18069.0,"Orefield, PA",2022-02,9,-9,0
18069.0,"Orefield, PA",2022-03,8,-8,0
18069.0,"Orefield, PA",2022-04,7,-7,0
18069.0,"Orefield, PA",2022-05,6,-6,0
18069.0,"Orefield, PA",2022-06,5,-5,0
18069.0,"Orefield, PA",2022-07,4,-4,0
18069.0,"Orefield, PA",2022-08,3,-3,0
18069.0,"Orefield, PA",2022-09,2,-2,0
18069.0,"Orefield, PA",2022-10,1,-1,0
18069.0,"Orefield, PA",2022-11,0,0,1
18069.0,"Orefield, PA",2022-12,-1,1,0
18070.0,"Palm, PA",2022-01,10,-10,0
18070.0,"Palm, PA",2022-02,9,-9,0
18070.0,"Palm, PA",2022-03,8,-8,0
18070.0,"Palm, PA",2022-04,7,-7,0
18070.0,"Palm, PA",2022-05,6,-6,0
18070.0,"Palm, PA",2022-06,5,-5,0
18070.0,"Palm, PA",2022-07,4,-4,0
18070.0,"Palm, PA",2022-08,3,-3,0
18070.0,"Palm, PA",2022-09,2,-2,0
18070.0,"Palm, PA",2022-10,1,-1,0
18070.0,"Palm, PA",2022-11,0,0,1
18070.0,"Palm, PA",2022-12,-1,1,0
18071.0,"Palmerton, PA",2022-01,10,-10,0
18071.0,"Palmerton, PA",2022-02,9,-9,0
18071.0,"Palmerton, PA",2022-03,8,-8,0
18071.0,"Palmerton, PA",2022-04,7,-7,0
18071.0,"Palmerton, PA",2022-05,6,-6,0
18071.0,"Palmerton, PA",2022-06,5,-5,0
18071.0,"Palmerton, PA",2022-07,4,-4,0
18071.0,"Palmerton, PA",2022-08,3,-3,0
18071.0,"Palmerton, PA",2022-09,2,-2,0
18071.0,"Palmerton, PA",2022-10,1,-1,0
18071.0,"Palmerton, PA",2022-11,0,0,1
18071.0,"Palmerton, PA",2022-12,-1,1,0
18072.0,"Pen Argyl, PA",2022-01,10,-10,0
18072.0,"Pen Argyl, PA",2022-02,9,-9,0
18072.0,"Pen Argyl, PA",2022-03,8,-8,0
18072.0,"Pen Argyl, PA",2022-04,7,-7,0
18072.0,"Pen Argyl, PA",2022-05,6,-6,0
18072.0,"Pen Argyl, PA",2022-06,5,-5,0
18072.0,"Pen Argyl, PA",2022-07,4,-4,0
18072.0,"Pen Argyl, PA",2022-08,3,-3,0
18072.0,"Pen Argyl, PA",2022-09,2,-2,0
18072.0,"Pen Argyl, PA",2022-10,1,-1,0
18072.0,"Pen Argyl, PA",2022-11,0,0,1
18072.0,"Pen Argyl, PA",2022-12,-1,1,0
18073.0,"Pennsburg, PA",2022-01,10,-10,0
18073.0,"Pennsburg, PA",2022-02,9,-9,0
18073.0,"Pennsburg, PA",2022-03,8,-8,0
18073.0,"Pennsburg, PA",2022-04,7,-7,0
18073.0,"Pennsburg, PA",2022-05,6,-6,0
18073.0,"Pennsburg, PA",2022-06,5,-5,0
18073.0,"Pennsburg, PA",2022-07,4,-4,0
18073.0,"Pennsburg, PA",2022-08,3,-3,0
18073.0,"Pennsburg, PA",2022-09,2,-2,0
18073.0,"Pennsburg, PA",2022-10,1,-1,0
18073.0,"Pennsburg, PA",2022-11,0,0,1
18073.0,"Pennsburg, PA",2022-12,-1,1,0
18074.0,"Perkiomenville, PA",2022-01,10,-10,0
18074.0,"Perkiomenville, PA",2022-02,9,-9,0
18074.0,"Perkiomenville, PA",2022-03,8,-8,0
18074.0,"Perkiomenville, PA",2022-04,7,-7,0
18074.0,"Perkiomenville, PA",2022-05,6,-6,0
18074.0,"Perkiomenville, PA",2022-06,5,-5,0
18074.0,"Perkiomenville, PA",2022-07,4,-4,0
18074.0,"Perkiomenville, PA",2022-08,3,-3,0
18074.0,"Perkiomenville, PA",2022-09,2,-2,0
18074.0,"Perkiomenville, PA",2022-10,1,-1,0
18074.0,"Perkiomenville, PA",2022-11,0,0,1
18074.0,"Perkiomenville, PA",2022-12,-1,1,0
18076.0,"Red Hill, PA",2022-01,10,-10,0
18076.0,"Red Hill, PA",2022-02,9,-9,0
18076.0,"Red Hill, PA",2022-03,8,-8,0
18076.0,"Red Hill, PA",2022-04,7,-7,0
18076.0,"Red Hill, PA",2022-05,6,-6,0
18076.0,"Red Hill, PA",2022-06,5,-5,0
18076.0,"Red Hill, PA",2022-07,4,-4,0
18076.0,"Red Hill, PA",2022-08,3,-3,0
18076.0,"Red Hill, PA",2022-09,2,-2,0
18076.0,"Red Hill, PA",2022-10,1,-1,0
18076.0,"Red Hill, PA",2022-11,0,0,1
18076.0,"Red Hill, PA",2022-12,-1,1,0
18077.0,"Riegelsville, PA",2022-01,10,-10,0
18077.0,"Riegelsville, PA",2022-02,9,-9,0
18077.0,"Riegelsville, PA",2022-03,8,-8,0
18077.0,"Riegelsville, PA",2022-04,7,-7,0
18077.0,"Riegelsville, PA",2022-05,6,-6,0
18077.0,"Riegelsville, PA",2022-06,5,-5,0
18077.0,"Riegelsville, PA",2022-07,4,-4,0
18077.0,"Riegelsville, PA",2022-08,3,-3,0
18077.0,"Riegelsville, PA",2022-09,2,-2,0
18077.0,"Riegelsville, PA",2022-10,1,-1,0
18077.0,"Riegelsville, PA",2022-11,0,0,1
18077.0,"Riegelsville, PA",2022-12,-1,1,0
18078.0,"Schnecksville, PA",2022-01,10,-10,0
18078.0,"Schnecksville, PA",2022-02,9,-9,0
18078.0,"Schnecksville, PA",2022-03,8,-8,0
18078.0,"Schnecksville, PA",2022-04,7,-7,0
18078.0,"Schnecksville, PA",2022-05,6,-6,0
18078.0,"Schnecksville, PA",2022-06,5,-5,0
18078.0,"Schnecksville, PA",2022-07,4,-4,0
18078.0,"Schnecksville, PA",2022-08,3,-3,0
18078.0,"Schnecksville, PA",2022-09,2,-2,0
18078.0,"Schnecksville, PA",2022-10,1,-1,0
18078.0,"Schnecksville, PA",2022-11,0,0,1
18078.0,"Schnecksville, PA",2022-12,-1,1,0
18079.0,"Slatedale, PA",2022-01,10,-10,0
18079.0,"Slatedale, PA",2022-02,9,-9,0
18079.0,"Slatedale, PA",2022-03,8,-8,0
18079.0,"Slatedale, PA",2022-04,7,-7,0
18079.0,"Slatedale, PA",2022-05,6,-6,0
18079.0,"Slatedale, PA",2022-06,5,-5,0
18079.0,"Slatedale, PA",2022-07,4,-4,0
18079.0,"Slatedale, PA",2022-08,3,-3,0
18079.0,"Slatedale, PA",2022-09,2,-2,0
18079.0,"Slatedale, PA",2022-10,1,-1,0
18079.0,"Slatedale, PA",2022-11,0,0,1
18079.0,"Slatedale, PA",2022-12,-1,1,0
18080.0,"Slatington, PA",2022-01,10,-10,0
18080.0,"Slatington, PA",2022-02,9,-9,0
18080.0,"Slatington, PA",2022-03,8,-8,0
18080.0,"Slatington, PA",2022-04,7,-7,0
18080.0,"Slatington, PA",2022-05,6,-6,0
18080.0,"Slatington, PA",2022-06,5,-5,0
18080.0,"Slatington, PA",2022-07,4,-4,0
18080.0,"Slatington, PA",2022-08,3,-3,0
18080.0,"Slatington, PA",2022-09,2,-2,0
18080.0,"Slatington, PA",2022-10,1,-1,0
18080.0,"Slatington, PA",2022-11,0,0,1
18080.0,"Slatington, PA",2022-12,-1,1,0
18081.0,"Springtown, PA",2022-01,10,-10,0
18081.0,"Springtown, PA",2022-02,9,-9,0
18081.0,"Springtown, PA",2022-03,8,-8,0
18081.0,"Springtown, PA",2022-04,7,-7,0
18081.0,"Springtown, PA",2022-05,6,-6,0
18081.0,"Springtown, PA",2022-06,5,-5,0
18081.0,"Springtown, PA",2022-07,4,-4,0
18081.0,"Springtown, PA",2022-08,3,-3,0
18081.0,"Springtown, PA",2022-09,2,-2,0
18081.0,"Springtown, PA",2022-10,1,-1,0
18081.0,"Springtown, PA",2022-11,0,0,1
18081.0,"Springtown, PA",2022-12,-1,1,0
18083.0,"Stockertown, PA",2022-01,10,-10,0
18083.0,"Stockertown, PA",2022-02,9,-9,0
18083.0,"Stockertown, PA",2022-03,8,-8,0
18083.0,"Stockertown, PA",2022-04,7,-7,0
18083.0,"Stockertown, PA",2022-05,6,-6,0
18083.0,"Stockertown, PA",2022-06,5,-5,0
18083.0,"Stockertown, PA",2022-07,4,-4,0
18083.0,"Stockertown, PA",2022-08,3,-3,0
18083.0,"Stockertown, PA",2022-09,2,-2,0
18083.0,"Stockertown, PA",2022-10,1,-1,0
18083.0,"Stockertown, PA",2022-11,0,0,1
18083.0,"Stockertown, PA",2022-12,-1,1,0
18085.0,"Tatamy, PA",2022-01,10,-10,0
18085.0,"Tatamy, PA",2022-02,9,-9,0
18085.0,"Tatamy, PA",2022-03,8,-8,0
18085.0,"Tatamy, PA",2022-04,7,-7,0
18085.0,"Tatamy, PA",2022-05,6,-6,0
18085.0,"Tatamy, PA",2022-06,5,-5,0
18085.0,"Tatamy, PA",2022-07,4,-4,0
18085.0,"Tatamy, PA",2022-08,3,-3,0
18085.0,"Tatamy, PA",2022-09,2,-2,0
18085.0,"Tatamy, PA",2022-10,1,-1,0
18085.0,"Tatamy, PA",2022-11,0,0,1
18085.0,"Tatamy, PA",2022-12,-1,1,0
18086.0,"Treichlers, PA",2022-01,10,-10,0
18086.0,"Treichlers, PA",2022-02,9,-9,0
18086.0,"Treichlers, PA",2022-03,8,-8,0
18086.0,"Treichlers, PA",2022-04,7,-7,0
18086.0,"Treichlers, PA",2022-05,6,-6,0
18086.0,"Treichlers, PA",2022-06,5,-5,0
18086.0,"Treichlers, PA",2022-07,4,-4,0
18086.0,"Treichlers, PA",2022-08,3,-3,0
18086.0,"Treichlers, PA",2022-09,2,-2,0
18086.0,"Treichlers, PA",2022-10,1,-1,0
18086.0,"Treichlers, PA",2022-11,0,0,1
18086.0,"Treichlers, PA",2022-12,-1,1,0
18087.0,"Trexlertown, PA",2022-01,10,-10,0
18087.0,"Trexlertown, PA",2022-02,9,-9,0
18087.0,"Trexlertown, PA",2022-03,8,-8,0
18087.0,"Trexlertown, PA",2022-04,7,-7,0
18087.0,"Trexlertown, PA",2022-05,6,-6,0
18087.0,"Trexlertown, PA",2022-06,5,-5,0
18087.0,"Trexlertown, PA",2022-07,4,-4,0
18087.0,"Trexlertown, PA",2022-08,3,-3,0
18087.0,"Trexlertown, PA",2022-09,2,-2,0
18087.0,"Trexlertown, PA",2022-10,1,-1,0
18087.0,"Trexlertown, PA",2022-11,0,0,1
18087.0,"Trexlertown, PA",2022-12,-1,1,0
18088.0,"Walnutport, PA",2022-01,10,-10,0
18088.0,"Walnutport, PA",2022-02,9,-9,0
18088.0,"Walnutport, PA",2022-03,8,-8,0
18088.0,"Walnutport, PA",2022-04,7,-7,0
18088.0,"Walnutport, PA",2022-05,6,-6,0
18088.0,"Walnutport, PA",2022-06,5,-5,0
18088.0,"Walnutport, PA",2022-07,4,-4,0
18088.0,"Walnutport, PA",2022-08,3,-3,0
18088.0,"Walnutport, PA",2022-09,2,-2,0
18088.0,"Walnutport, PA",2022-10,1,-1,0
18088.0,"Walnutport, PA",2022-11,0,0,1
18088.0,"Walnutport, PA",2022-12,-1,1,0
18091.0,"Wind Gap, PA",2022-01,10,-10,0
18091.0,"Wind Gap, PA",2022-02,9,-9,0
18091.0,"Wind Gap, PA",2022-03,8,-8,0
18091.0,"Wind Gap, PA",2022-04,7,-7,0
18091.0,"Wind Gap, PA",2022-05,6,-6,0
18091.0,"Wind Gap, PA",2022-06,5,-5,0
18091.0,"Wind Gap, PA",2022-07,4,-4,0
18091.0,"Wind Gap, PA",2022-08,3,-3,0
18091.0,"Wind Gap, PA",2022-09,2,-2,0
18091.0,"Wind Gap, PA",2022-10,1,-1,0
18091.0,"Wind Gap, PA",2022-11,0,0,1
18091.0,"Wind Gap, PA",2022-12,-1,1,0
18092.0,"Zionsville, PA",2022-01,10,-10,0
18092.0,"Zionsville, PA",2022-02,9,-9,0
18092.0,"Zionsville, PA",2022-03,8,-8,0
18092.0,"Zionsville, PA",2022-04,7,-7,0
18092.0,"Zionsville, PA",2022-05,6,-6,0
18092.0,"Zionsville, PA",2022-06,5,-5,0
18092.0,"Zionsville, PA",2022-07,4,-4,0
18092.0,"Zionsville, PA",2022-08,3,-3,0
18092.0,"Zionsville, PA",2022-09,2,-2,0
18092.0,"Zionsville, PA",2022-10,1,-1,0
18092.0,"Zionsville, PA",2022-11,0,0,1
18092.0,"Zionsville, PA",2022-12,-1,1,0
18101.0,"Allentown, PA",2022-01,10,-10,0
18101.0,"Allentown, PA",2022-02,9,-9,0
18101.0,"Allentown, PA",2022-03,8,-8,0
18101.0,"Allentown, PA",2022-04,7,-7,0
18101.0,"Allentown, PA",2022-05,6,-6,0
18101.0,"Allentown, PA",2022-06,5,-5,0
18101.0,"Allentown, PA",2022-07,4,-4,0
18101.0,"Allentown, PA",2022-08,3,-3,0
18101.0,"Allentown, PA",2022-09,2,-2,0
18101.0,"Allentown, PA",2022-10,1,-1,0
18101.0,"Allentown, PA",2022-11,0,0,1
18101.0,"Allentown, PA",2022-12,-1,1,0
18102.0,"Allentown, PA",2022-01,10,-10,0
18102.0,"Allentown, PA",2022-02,9,-9,0
18102.0,"Allentown, PA",2022-03,8,-8,0
18102.0,"Allentown, PA",2022-04,7,-7,0
18102.0,"Allentown, PA",2022-05,6,-6,0
18102.0,"Allentown, PA",2022-06,5,-5,0
18102.0,"Allentown, PA",2022-07,4,-4,0
18102.0,"Allentown, PA",2022-08,3,-3,0
18102.0,"Allentown, PA",2022-09,2,-2,0
18102.0,"Allentown, PA",2022-10,1,-1,0
18102.0,"Allentown, PA",2022-11,0,0,1
18102.0,"Allentown, PA",2022-12,-1,1,0
18103.0,"Allentown, PA",2022-01,10,-10,0
18103.0,"Allentown, PA",2022-02,9,-9,0
18103.0,"Allentown, PA",2022-03,8,-8,0
18103.0,"Allentown, PA",2022-04,7,-7,0
18103.0,"Allentown, PA",2022-05,6,-6,0
18103.0,"Allentown, PA",2022-06,5,-5,0
18103.0,"Allentown, PA",2022-07,4,-4,0
18103.0,"Allentown, PA",2022-08,3,-3,0
18103.0,"Allentown, PA",2022-09,2,-2,0
18103.0,"Allentown, PA",2022-10,1,-1,0
18103.0,"Allentown, PA",2022-11,0,0,1
18103.0,"Allentown, PA",2022-12,-1,1,0
18104.0,"Allentown, PA",2022-01,10,-10,0
18104.0,"Allentown, PA",2022-02,9,-9,0
18104.0,"Allentown, PA",2022-03,8,-8,0
18104.0,"Allentown, PA",2022-04,7,-7,0
18104.0,"Allentown, PA",2022-05,6,-6,0
18104.0,"Allentown, PA",2022-06,5,-5,0
18104.0,"Allentown, PA",2022-07,4,-4,0
18104.0,"Allentown, PA",2022-08,3,-3,0
18104.0,"Allentown, PA",2022-09,2,-2,0
18104.0,"Allentown, PA",2022-10,1,-1,0
18104.0,"Allentown, PA",2022-11,0,0,1
18104.0,"Allentown, PA",2022-12,-1,1,0
18106.0,"Allentown, PA",2022-01,10,-10,0
18106.0,"Allentown, PA",2022-02,9,-9,0
18106.0,"Allentown, PA",2022-03,8,-8,0
18106.0,"Allentown, PA",2022-04,7,-7,0
18106.0,"Allentown, PA",2022-05,6,-6,0
18106.0,"Allentown, PA",2022-06,5,-5,0
18106.0,"Allentown, PA",2022-07,4,-4,0
18106.0,"Allentown, PA",2022-08,3,-3,0
18106.0,"Allentown, PA",2022-09,2,-2,0
18106.0,"Allentown, PA",2022-10,1,-1,0
18106.0,"Allentown, PA",2022-11,0,0,1
18106.0,"Allentown, PA",2022-12,-1,1,0
18109.0,"Allentown, PA",2022-01,10,-10,0
18109.0,"Allentown, PA",2022-02,9,-9,0
18109.0,"Allentown, PA",2022-03,8,-8,0
18109.0,"Allentown, PA",2022-04,7,-7,0
18109.0,"Allentown, PA",2022-05,6,-6,0
18109.0,"Allentown, PA",2022-06,5,-5,0
18109.0,"Allentown, PA",2022-07,4,-4,0
18109.0,"Allentown, PA",2022-08,3,-3,0
18109.0,"Allentown, PA",2022-09,2,-2,0
18109.0,"Allentown, PA",2022-10,1,-1,0
18109.0,"Allentown, PA",2022-11,0,0,1
18109.0,"Allentown, PA",2022-12,-1,1,0
18195.0,"Allentown, PA",2022-01,10,-10,0
18195.0,"Allentown, PA",2022-02,9,-9,0
18195.0,"Allentown, PA",2022-03,8,-8,0
18195.0,"Allentown, PA",2022-04,7,-7,0
18195.0,"Allentown, PA",2022-05,6,-6,0
18195.0,"Allentown, PA",2022-06,5,-5,0
18195.0,"Allentown, PA",2022-07,4,-4,0
18195.0,"Allentown, PA",2022-08,3,-3,0
18195.0,"Allentown, PA",2022-09,2,-2,0
18195.0,"Allentown, PA",2022-10,1,-1,0
18195.0,"Allentown, PA",2022-11,0,0,1
18195.0,"Allentown, PA",2022-12,-1,1,0
18201.0,"Hazleton, PA",2022-01,10,-10,0
18201.0,"Hazleton, PA",2022-02,9,-9,0
18201.0,"Hazleton, PA",2022-03,8,-8,0
18201.0,"Hazleton, PA",2022-04,7,-7,0
18201.0,"Hazleton, PA",2022-05,6,-6,0
18201.0,"Hazleton, PA",2022-06,5,-5,0
18201.0,"Hazleton, PA",2022-07,4,-4,0
18201.0,"Hazleton, PA",2022-08,3,-3,0
18201.0,"Hazleton, PA",2022-09,2,-2,0
18201.0,"Hazleton, PA",2022-10,1,-1,0
18201.0,"Hazleton, PA",2022-11,0,0,1
18201.0,"Hazleton, PA",2022-12,-1,1,0
18202.0,"Hazleton, PA",2022-01,10,-10,0
18202.0,"Hazleton, PA",2022-02,9,-9,0
18202.0,"Hazleton, PA",2022-03,8,-8,0
18202.0,"Hazleton, PA",2022-04,7,-7,0
18202.0,"Hazleton, PA",2022-05,6,-6,0
18202.0,"Hazleton, PA",2022-06,5,-5,0
18202.0,"Hazleton, PA",2022-07,4,-4,0
18202.0,"Hazleton, PA",2022-08,3,-3,0
18202.0,"Hazleton, PA",2022-09,2,-2,0
18202.0,"Hazleton, PA",2022-10,1,-1,0
18202.0,"Hazleton, PA",2022-11,0,0,1
18202.0,"Hazleton, PA",2022-12,-1,1,0
18210.0,"Albrightsville, PA",2022-01,10,-10,0
18210.0,"Albrightsville, PA",2022-02,9,-9,0
18210.0,"Albrightsville, PA",2022-03,8,-8,0
18210.0,"Albrightsville, PA",2022-04,7,-7,0
18210.0,"Albrightsville, PA",2022-05,6,-6,0
18210.0,"Albrightsville, PA",2022-06,5,-5,0
18210.0,"Albrightsville, PA",2022-07,4,-4,0
18210.0,"Albrightsville, PA",2022-08,3,-3,0
18210.0,"Albrightsville, PA",2022-09,2,-2,0
18210.0,"Albrightsville, PA",2022-10,1,-1,0
18210.0,"Albrightsville, PA",2022-11,0,0,1
18210.0,"Albrightsville, PA",2022-12,-1,1,0
18211.0,"Andreas, PA",2022-01,10,-10,0
18211.0,"Andreas, PA",2022-02,9,-9,0
18211.0,"Andreas, PA",2022-03,8,-8,0
18211.0,"Andreas, PA",2022-04,7,-7,0
18211.0,"Andreas, PA",2022-05,6,-6,0
18211.0,"Andreas, PA",2022-06,5,-5,0
18211.0,"Andreas, PA",2022-07,4,-4,0
18211.0,"Andreas, PA",2022-08,3,-3,0
18211.0,"Andreas, PA",2022-09,2,-2,0
18211.0,"Andreas, PA",2022-10,1,-1,0
18211.0,"Andreas, PA",2022-11,0,0,1
18211.0,"Andreas, PA",2022-12,-1,1,0
18212.0,"Ashfield, PA",2022-01,10,-10,0
18212.0,"Ashfield, PA",2022-02,9,-9,0
18212.0,"Ashfield, PA",2022-03,8,-8,0
18212.0,"Ashfield, PA",2022-04,7,-7,0
18212.0,"Ashfield, PA",2022-05,6,-6,0
18212.0,"Ashfield, PA",2022-06,5,-5,0
18212.0,"Ashfield, PA",2022-07,4,-4,0
18212.0,"Ashfield, PA",2022-08,3,-3,0
18212.0,"Ashfield, PA",2022-09,2,-2,0
18212.0,"Ashfield, PA",2022-10,1,-1,0
18212.0,"Ashfield, PA",2022-11,0,0,1
18212.0,"Ashfield, PA",2022-12,-1,1,0
18214.0,"Barnesville, PA",2022-01,10,-10,0
18214.0,"Barnesville, PA",2022-02,9,-9,0
18214.0,"Barnesville, PA",2022-03,8,-8,0
18214.0,"Barnesville, PA",2022-04,7,-7,0
18214.0,"Barnesville, PA",2022-05,6,-6,0
18214.0,"Barnesville, PA",2022-06,5,-5,0
18214.0,"Barnesville, PA",2022-07,4,-4,0
18214.0,"Barnesville, PA",2022-08,3,-3,0
18214.0,"Barnesville, PA",2022-09,2,-2,0
18214.0,"Barnesville, PA",2022-10,1,-1,0
18214.0,"Barnesville, PA",2022-11,0,0,1
18214.0,"Barnesville, PA",2022-12,-1,1,0
18216.0,"Beaver Meadows, PA",2022-01,10,-10,0
18216.0,"Beaver Meadows, PA",2022-02,9,-9,0
18216.0,"Beaver Meadows, PA",2022-03,8,-8,0
18216.0,"Beaver Meadows, PA",2022-04,7,-7,0
18216.0,"Beaver Meadows, PA",2022-05,6,-6,0
18216.0,"Beaver Meadows, PA",2022-06,5,-5,0
18216.0,"Beaver Meadows, PA",2022-07,4,-4,0
18216.0,"Beaver Meadows, PA",2022-08,3,-3,0
18216.0,"Beaver Meadows, PA",2022-09,2,-2,0
18216.0,"Beaver Meadows, PA",2022-10,1,-1,0
18216.0,"Beaver Meadows, PA",2022-11,0,0,1
18216.0,"Beaver Meadows, PA",2022-12,-1,1,0
18218.0,"Coaldale, PA",2022-01,10,-10,0
18218.0,"Coaldale, PA",2022-02,9,-9,0
18218.0,"Coaldale, PA",2022-03,8,-8,0
18218.0,"Coaldale, PA",2022-04,7,-7,0
18218.0,"Coaldale, PA",2022-05,6,-6,0
18218.0,"Coaldale, PA",2022-06,5,-5,0
18218.0,"Coaldale, PA",2022-07,4,-4,0
18218.0,"Coaldale, PA",2022-08,3,-3,0
18218.0,"Coaldale, PA",2022-09,2,-2,0
18218.0,"Coaldale, PA",2022-10,1,-1,0
18218.0,"Coaldale, PA",2022-11,0,0,1
18218.0,"Coaldale, PA",2022-12,-1,1,0
18219.0,"Conyngham, PA",2022-01,10,-10,0
18219.0,"Conyngham, PA",2022-02,9,-9,0
18219.0,"Conyngham, PA",2022-03,8,-8,0
18219.0,"Conyngham, PA",2022-04,7,-7,0
18219.0,"Conyngham, PA",2022-05,6,-6,0
18219.0,"Conyngham, PA",2022-06,5,-5,0
18219.0,"Conyngham, PA",2022-07,4,-4,0
18219.0,"Conyngham, PA",2022-08,3,-3,0
18219.0,"Conyngham, PA",2022-09,2,-2,0
18219.0,"Conyngham, PA",2022-10,1,-1,0
18219.0,"Conyngham, PA",2022-11,0,0,1
18219.0,"Conyngham, PA",2022-12,-1,1,0
18220.0,"Delano, PA",2022-01,10,-10,0
18220.0,"Delano, PA",2022-02,9,-9,0
18220.0,"Delano, PA",2022-03,8,-8,0
18220.0,"Delano, PA",2022-04,7,-7,0
18220.0,"Delano, PA",2022-05,6,-6,0
18220.0,"Delano, PA",2022-06,5,-5,0
18220.0,"Delano, PA",2022-07,4,-4,0
18220.0,"Delano, PA",2022-08,3,-3,0
18220.0,"Delano, PA",2022-09,2,-2,0
18220.0,"Delano, PA",2022-10,1,-1,0
18220.0,"Delano, PA",2022-11,0,0,1
18220.0,"Delano, PA",2022-12,-1,1,0
18221.0,"Drifton, PA",2022-01,10,-10,0
18221.0,"Drifton, PA",2022-02,9,-9,0
18221.0,"Drifton, PA",2022-03,8,-8,0
18221.0,"Drifton, PA",2022-04,7,-7,0
18221.0,"Drifton, PA",2022-05,6,-6,0
18221.0,"Drifton, PA",2022-06,5,-5,0
18221.0,"Drifton, PA",2022-07,4,-4,0
18221.0,"Drifton, PA",2022-08,3,-3,0
18221.0,"Drifton, PA",2022-09,2,-2,0
18221.0,"Drifton, PA",2022-10,1,-1,0
18221.0,"Drifton, PA",2022-11,0,0,1
18221.0,"Drifton, PA",2022-12,-1,1,0
18222.0,"Drums, PA",2022-01,10,-10,0
18222.0,"Drums, PA",2022-02,9,-9,0
18222.0,"Drums, PA",2022-03,8,-8,0
18222.0,"Drums, PA",2022-04,7,-7,0
18222.0,"Drums, PA",2022-05,6,-6,0
18222.0,"Drums, PA",2022-06,5,-5,0
18222.0,"Drums, PA",2022-07,4,-4,0
18222.0,"Drums, PA",2022-08,3,-3,0
18222.0,"Drums, PA",2022-09,2,-2,0
18222.0,"Drums, PA",2022-10,1,-1,0
18222.0,"Drums, PA",2022-11,0,0,1
18222.0,"Drums, PA",2022-12,-1,1,0
18223.0,"Ebervale, PA",2022-01,10,-10,0
18223.0,"Ebervale, PA",2022-02,9,-9,0
18223.0,"Ebervale, PA",2022-03,8,-8,0
18223.0,"Ebervale, PA",2022-04,7,-7,0
18223.0,"Ebervale, PA",2022-05,6,-6,0
18223.0,"Ebervale, PA",2022-06,5,-5,0
18223.0,"Ebervale, PA",2022-07,4,-4,0
18223.0,"Ebervale, PA",2022-08,3,-3,0
18223.0,"Ebervale, PA",2022-09,2,-2,0
18223.0,"Ebervale, PA",2022-10,1,-1,0
18223.0,"Ebervale, PA",2022-11,0,0,1
18223.0,"Ebervale, PA",2022-12,-1,1,0
18224.0,"Freeland, PA",2022-01,10,-10,0
18224.0,"Freeland, PA",2022-02,9,-9,0
18224.0,"Freeland, PA",2022-03,8,-8,0
18224.0,"Freeland, PA",2022-04,7,-7,0
18224.0,"Freeland, PA",2022-05,6,-6,0
18224.0,"Freeland, PA",2022-06,5,-5,0
18224.0,"Freeland, PA",2022-07,4,-4,0
18224.0,"Freeland, PA",2022-08,3,-3,0
18224.0,"Freeland, PA",2022-09,2,-2,0
18224.0,"Freeland, PA",2022-10,1,-1,0
18224.0,"Freeland, PA",2022-11,0,0,1
18224.0,"Freeland, PA",2022-12,-1,1,0
18225.0,"Harleigh, PA",2022-01,10,-10,0
18225.0,"Harleigh, PA",2022-02,9,-9,0
18225.0,"Harleigh, PA",2022-03,8,-8,0
18225.0,"Harleigh, PA",2022-04,7,-7,0
18225.0,"Harleigh, PA",2022-05,6,-6,0
18225.0,"Harleigh, PA",2022-06,5,-5,0
18225.0,"Harleigh, PA",2022-07,4,-4,0
18225.0,"Harleigh, PA",2022-08,3,-3,0
18225.0,"Harleigh, PA",2022-09,2,-2,0
18225.0,"Harleigh, PA",2022-10,1,-1,0
18225.0,"Harleigh, PA",2022-11,0,0,1
18225.0,"Harleigh, PA",2022-12,-1,1,0
18229.0,"Jim Thorpe, PA",2022-01,10,-10,0
18229.0,"Jim Thorpe, PA",2022-02,9,-9,0
18229.0,"Jim Thorpe, PA",2022-03,8,-8,0
18229.0,"Jim Thorpe, PA",2022-04,7,-7,0
18229.0,"Jim Thorpe, PA",2022-05,6,-6,0
18229.0,"Jim Thorpe, PA",2022-06,5,-5,0
18229.0,"Jim Thorpe, PA",2022-07,4,-4,0
18229.0,"Jim Thorpe, PA",2022-08,3,-3,0
18229.0,"Jim Thorpe, PA",2022-09,2,-2,0
18229.0,"Jim Thorpe, PA",2022-10,1,-1,0
18229.0,"Jim Thorpe, PA",2022-11,0,0,1
18229.0,"Jim Thorpe, PA",2022-12,-1,1,0
18230.0,"Junedale, PA",2022-01,10,-10,0
18230.0,"Junedale, PA",2022-02,9,-9,0
18230.0,"Junedale, PA",2022-03,8,-8,0
18230.0,"Junedale, PA",2022-04,7,-7,0
18230.0,"Junedale, PA",2022-05,6,-6,0
18230.0,"Junedale, PA",2022-06,5,-5,0
18230.0,"Junedale, PA",2022-07,4,-4,0
18230.0,"Junedale, PA",2022-08,3,-3,0
18230.0,"Junedale, PA",2022-09,2,-2,0
18230.0,"Junedale, PA",2022-10,1,-1,0
18230.0,"Junedale, PA",2022-11,0,0,1
18230.0,"Junedale, PA",2022-12,-1,1,0
18231.0,"Kelayres, PA",2022-01,10,-10,0
18231.0,"Kelayres, PA",2022-02,9,-9,0
18231.0,"Kelayres, PA",2022-03,8,-8,0
18231.0,"Kelayres, PA",2022-04,7,-7,0
18231.0,"Kelayres, PA",2022-05,6,-6,0
18231.0,"Kelayres, PA",2022-06,5,-5,0
18231.0,"Kelayres, PA",2022-07,4,-4,0
18231.0,"Kelayres, PA",2022-08,3,-3,0
18231.0,"Kelayres, PA",2022-09,2,-2,0
18231.0,"Kelayres, PA",2022-10,1,-1,0
18231.0,"Kelayres, PA",2022-11,0,0,1
18231.0,"Kelayres, PA",2022-12,-1,1,0
18232.0,"Lansford, PA",2022-01,10,-10,0
18232.0,"Lansford, PA",2022-02,9,-9,0
18232.0,"Lansford, PA",2022-03,8,-8,0
18232.0,"Lansford, PA",2022-04,7,-7,0
18232.0,"Lansford, PA",2022-05,6,-6,0
18232.0,"Lansford, PA",2022-06,5,-5,0
18232.0,"Lansford, PA",2022-07,4,-4,0
18232.0,"Lansford, PA",2022-08,3,-3,0
18232.0,"Lansford, PA",2022-09,2,-2,0
18232.0,"Lansford, PA",2022-10,1,-1,0
18232.0,"Lansford, PA",2022-11,0,0,1
18232.0,"Lansford, PA",2022-12,-1,1,0
18234.0,"Lattimer Mines, PA",2022-01,10,-10,0
18234.0,"Lattimer Mines, PA",2022-02,9,-9,0
18234.0,"Lattimer Mines, PA",2022-03,8,-8,0
18234.0,"Lattimer Mines, PA",2022-04,7,-7,0
18234.0,"Lattimer Mines, PA",2022-05,6,-6,0
18234.0,"Lattimer Mines, PA",2022-06,5,-5,0
18234.0,"Lattimer Mines, PA",2022-07,4,-4,0
18234.0,"Lattimer Mines, PA",2022-08,3,-3,0
18234.0,"Lattimer Mines, PA",2022-09,2,-2,0
18234.0,"Lattimer Mines, PA",2022-10,1,-1,0
18234.0,"Lattimer Mines, PA",2022-11,0,0,1
18234.0,"Lattimer Mines, PA",2022-12,-1,1,0
18235.0,"Lehighton, PA",2022-01,10,-10,0
18235.0,"Lehighton, PA",2022-02,9,-9,0
18235.0,"Lehighton, PA",2022-03,8,-8,0
18235.0,"Lehighton, PA",2022-04,7,-7,0
18235.0,"Lehighton, PA",2022-05,6,-6,0
18235.0,"Lehighton, PA",2022-06,5,-5,0
18235.0,"Lehighton, PA",2022-07,4,-4,0
18235.0,"Lehighton, PA",2022-08,3,-3,0
18235.0,"Lehighton, PA",2022-09,2,-2,0
18235.0,"Lehighton, PA",2022-10,1,-1,0
18235.0,"Lehighton, PA",2022-11,0,0,1
18235.0,"Lehighton, PA",2022-12,-1,1,0
18237.0,"Mcadoo, PA",2022-01,10,-10,0
18237.0,"Mcadoo, PA",2022-02,9,-9,0
18237.0,"Mcadoo, PA",2022-03,8,-8,0
18237.0,"Mcadoo, PA",2022-04,7,-7,0
18237.0,"Mcadoo, PA",2022-05,6,-6,0
18237.0,"Mcadoo, PA",2022-06,5,-5,0
18237.0,"Mcadoo, PA",2022-07,4,-4,0
18237.0,"Mcadoo, PA",2022-08,3,-3,0
18237.0,"Mcadoo, PA",2022-09,2,-2,0
18237.0,"Mcadoo, PA",2022-10,1,-1,0
18237.0,"Mcadoo, PA",2022-11,0,0,1
18237.0,"Mcadoo, PA",2022-12,-1,1,0
18239.0,"Milnesville, PA",2022-01,10,-10,0
18239.0,"Milnesville, PA",2022-02,9,-9,0
18239.0,"Milnesville, PA",2022-03,8,-8,0
18239.0,"Milnesville, PA",2022-04,7,-7,0
18239.0,"Milnesville, PA",2022-05,6,-6,0
18239.0,"Milnesville, PA",2022-06,5,-5,0
18239.0,"Milnesville, PA",2022-07,4,-4,0
18239.0,"Milnesville, PA",2022-08,3,-3,0
18239.0,"Milnesville, PA",2022-09,2,-2,0
18239.0,"Milnesville, PA",2022-10,1,-1,0
18239.0,"Milnesville, PA",2022-11,0,0,1
18239.0,"Milnesville, PA",2022-12,-1,1,0
18240.0,"Nesquehoning, PA",2022-01,10,-10,0
18240.0,"Nesquehoning, PA",2022-02,9,-9,0
18240.0,"Nesquehoning, PA",2022-03,8,-8,0
18240.0,"Nesquehoning, PA",2022-04,7,-7,0
18240.0,"Nesquehoning, PA",2022-05,6,-6,0
18240.0,"Nesquehoning, PA",2022-06,5,-5,0
18240.0,"Nesquehoning, PA",2022-07,4,-4,0
18240.0,"Nesquehoning, PA",2022-08,3,-3,0
18240.0,"Nesquehoning, PA",2022-09,2,-2,0
18240.0,"Nesquehoning, PA",2022-10,1,-1,0
18240.0,"Nesquehoning, PA",2022-11,0,0,1
18240.0,"Nesquehoning, PA",2022-12,-1,1,0
18241.0,"Nuremberg, PA",2022-01,10,-10,0
18241.0,"Nuremberg, PA",2022-02,9,-9,0
18241.0,"Nuremberg, PA",2022-03,8,-8,0
18241.0,"Nuremberg, PA",2022-04,7,-7,0
18241.0,"Nuremberg, PA",2022-05,6,-6,0
18241.0,"Nuremberg, PA",2022-06,5,-5,0
18241.0,"Nuremberg, PA",2022-07,4,-4,0
18241.0,"Nuremberg, PA",2022-08,3,-3,0
18241.0,"Nuremberg, PA",2022-09,2,-2,0
18241.0,"Nuremberg, PA",2022-10,1,-1,0
18241.0,"Nuremberg, PA",2022-11,0,0,1
18241.0,"Nuremberg, PA",2022-12,-1,1,0
18242.0,"Oneida, PA",2022-01,10,-10,0
18242.0,"Oneida, PA",2022-02,9,-9,0
18242.0,"Oneida, PA",2022-03,8,-8,0
18242.0,"Oneida, PA",2022-04,7,-7,0
18242.0,"Oneida, PA",2022-05,6,-6,0
18242.0,"Oneida, PA",2022-06,5,-5,0
18242.0,"Oneida, PA",2022-07,4,-4,0
18242.0,"Oneida, PA",2022-08,3,-3,0
18242.0,"Oneida, PA",2022-09,2,-2,0
18242.0,"Oneida, PA",2022-10,1,-1,0
18242.0,"Oneida, PA",2022-11,0,0,1
18242.0,"Oneida, PA",2022-12,-1,1,0
18244.0,"Parryville, PA",2022-01,10,-10,0
18244.0,"Parryville, PA",2022-02,9,-9,0
18244.0,"Parryville, PA",2022-03,8,-8,0
18244.0,"Parryville, PA",2022-04,7,-7,0
18244.0,"Parryville, PA",2022-05,6,-6,0
18244.0,"Parryville, PA",2022-06,5,-5,0
18244.0,"Parryville, PA",2022-07,4,-4,0
18244.0,"Parryville, PA",2022-08,3,-3,0
18244.0,"Parryville, PA",2022-09,2,-2,0
18244.0,"Parryville, PA",2022-10,1,-1,0
18244.0,"Parryville, PA",2022-11,0,0,1
18244.0,"Parryville, PA",2022-12,-1,1,0
18245.0,"Quakake, PA",2022-01,10,-10,0
18245.0,"Quakake, PA",2022-02,9,-9,0
18245.0,"Quakake, PA",2022-03,8,-8,0
18245.0,"Quakake, PA",2022-04,7,-7,0
18245.0,"Quakake, PA",2022-05,6,-6,0
18245.0,"Quakake, PA",2022-06,5,-5,0
18245.0,"Quakake, PA",2022-07,4,-4,0
18245.0,"Quakake, PA",2022-08,3,-3,0
18245.0,"Quakake, PA",2022-09,2,-2,0
18245.0,"Quakake, PA",2022-10,1,-1,0
18245.0,"Quakake, PA",2022-11,0,0,1
18245.0,"Quakake, PA",2022-12,-1,1,0
18246.0,"Rock Glen, PA",2022-01,10,-10,0
18246.0,"Rock Glen, PA",2022-02,9,-9,0
18246.0,"Rock Glen, PA",2022-03,8,-8,0
18246.0,"Rock Glen, PA",2022-04,7,-7,0
18246.0,"Rock Glen, PA",2022-05,6,-6,0
18246.0,"Rock Glen, PA",2022-06,5,-5,0
18246.0,"Rock Glen, PA",2022-07,4,-4,0
18246.0,"Rock Glen, PA",2022-08,3,-3,0
18246.0,"Rock Glen, PA",2022-09,2,-2,0
18246.0,"Rock Glen, PA",2022-10,1,-1,0
18246.0,"Rock Glen, PA",2022-11,0,0,1
18246.0,"Rock Glen, PA",2022-12,-1,1,0
18248.0,"Sheppton, PA",2022-01,10,-10,0
18248.0,"Sheppton, PA",2022-02,9,-9,0
18248.0,"Sheppton, PA",2022-03,8,-8,0
18248.0,"Sheppton, PA",2022-04,7,-7,0
18248.0,"Sheppton, PA",2022-05,6,-6,0
18248.0,"Sheppton, PA",2022-06,5,-5,0
18248.0,"Sheppton, PA",2022-07,4,-4,0
18248.0,"Sheppton, PA",2022-08,3,-3,0
18248.0,"Sheppton, PA",2022-09,2,-2,0
18248.0,"Sheppton, PA",2022-10,1,-1,0
18248.0,"Sheppton, PA",2022-11,0,0,1
18248.0,"Sheppton, PA",2022-12,-1,1,0
18249.0,"Sugarloaf, PA",2022-01,10,-10,0
18249.0,"Sugarloaf, PA",2022-02,9,-9,0
18249.0,"Sugarloaf, PA",2022-03,8,-8,0
18249.0,"Sugarloaf, PA",2022-04,7,-7,0
18249.0,"Sugarloaf, PA",2022-05,6,-6,0
18249.0,"Sugarloaf, PA",2022-06,5,-5,0
18249.0,"Sugarloaf, PA",2022-07,4,-4,0
18249.0,"Sugarloaf, PA",2022-08,3,-3,0
18249.0,"Sugarloaf, PA",2022-09,2,-2,0
18249.0,"Sugarloaf, PA",2022-10,1,-1,0
18249.0,"Sugarloaf, PA",2022-11,0,0,1
18249.0,"Sugarloaf, PA",2022-12,-1,1,0
18250.0,"Summit Hill, PA",2022-01,10,-10,0
18250.0,"Summit Hill, PA",2022-02,9,-9,0
18250.0,"Summit Hill, PA",2022-03,8,-8,0
18250.0,"Summit Hill, PA",2022-04,7,-7,0
18250.0,"Summit Hill, PA",2022-05,6,-6,0
18250.0,"Summit Hill, PA",2022-06,5,-5,0
18250.0,"Summit Hill, PA",2022-07,4,-4,0
18250.0,"Summit Hill, PA",2022-08,3,-3,0
18250.0,"Summit Hill, PA",2022-09,2,-2,0
18250.0,"Summit Hill, PA",2022-10,1,-1,0
18250.0,"Summit Hill, PA",2022-11,0,0,1
18250.0,"Summit Hill, PA",2022-12,-1,1,0
18252.0,"Tamaqua, PA",2022-01,10,-10,0
18252.0,"Tamaqua, PA",2022-02,9,-9,0
18252.0,"Tamaqua, PA",2022-03,8,-8,0
18252.0,"Tamaqua, PA",2022-04,7,-7,0
18252.0,"Tamaqua, PA",2022-05,6,-6,0
18252.0,"Tamaqua, PA",2022-06,5,-5,0
18252.0,"Tamaqua, PA",2022-07,4,-4,0
18252.0,"Tamaqua, PA",2022-08,3,-3,0
18252.0,"Tamaqua, PA",2022-09,2,-2,0
18252.0,"Tamaqua, PA",2022-10,1,-1,0
18252.0,"Tamaqua, PA",2022-11,0,0,1
18252.0,"Tamaqua, PA",2022-12,-1,1,0
18254.0,"Tresckow, PA",2022-01,10,-10,0
18254.0,"Tresckow, PA",2022-02,9,-9,0
18254.0,"Tresckow, PA",2022-03,8,-8,0
18254.0,"Tresckow, PA",2022-04,7,-7,0
18254.0,"Tresckow, PA",2022-05,6,-6,0
18254.0,"Tresckow, PA",2022-06,5,-5,0
18254.0,"Tresckow, PA",2022-07,4,-4,0
18254.0,"Tresckow, PA",2022-08,3,-3,0
18254.0,"Tresckow, PA",2022-09,2,-2,0
18254.0,"Tresckow, PA",2022-10,1,-1,0
18254.0,"Tresckow, PA",2022-11,0,0,1
18254.0,"Tresckow, PA",2022-12,-1,1,0
18255.0,"Weatherly, PA",2022-01,10,-10,0
18255.0,"Weatherly, PA",2022-02,9,-9,0
18255.0,"Weatherly, PA",2022-03,8,-8,0
18255.0,"Weatherly, PA",2022-04,7,-7,0
18255.0,"Weatherly, PA",2022-05,6,-6,0
18255.0,"Weatherly, PA",2022-06,5,-5,0
18255.0,"Weatherly, PA",2022-07,4,-4,0
18255.0,"Weatherly, PA",2022-08,3,-3,0
18255.0,"Weatherly, PA",2022-09,2,-2,0
18255.0,"Weatherly, PA",2022-10,1,-1,0
18255.0,"Weatherly, PA",2022-11,0,0,1
18255.0,"Weatherly, PA",2022-12,-1,1,0
18256.0,"Weston, PA",2022-01,10,-10,0
18256.0,"Weston, PA",2022-02,9,-9,0
18256.0,"Weston, PA",2022-03,8,-8,0
18256.0,"Weston, PA",2022-04,7,-7,0
18256.0,"Weston, PA",2022-05,6,-6,0
18256.0,"Weston, PA",2022-06,5,-5,0
18256.0,"Weston, PA",2022-07,4,-4,0
18256.0,"Weston, PA",2022-08,3,-3,0
18256.0,"Weston, PA",2022-09,2,-2,0
18256.0,"Weston, PA",2022-10,1,-1,0
18256.0,"Weston, PA",2022-11,0,0,1
18256.0,"Weston, PA",2022-12,-1,1,0
18301.0,"East Stroudsburg, PA",2022-01,10,-10,0
18301.0,"East Stroudsburg, PA",2022-02,9,-9,0
18301.0,"East Stroudsburg, PA",2022-03,8,-8,0
18301.0,"East Stroudsburg, PA",2022-04,7,-7,0
18301.0,"East Stroudsburg, PA",2022-05,6,-6,0
18301.0,"East Stroudsburg, PA",2022-06,5,-5,0
18301.0,"East Stroudsburg, PA",2022-07,4,-4,0
18301.0,"East Stroudsburg, PA",2022-08,3,-3,0
18301.0,"East Stroudsburg, PA",2022-09,2,-2,0
18301.0,"East Stroudsburg, PA",2022-10,1,-1,0
18301.0,"East Stroudsburg, PA",2022-11,0,0,1
18301.0,"East Stroudsburg, PA",2022-12,-1,1,0
18302.0,"East Stroudsburg, PA",2022-01,10,-10,0
18302.0,"East Stroudsburg, PA",2022-02,9,-9,0
18302.0,"East Stroudsburg, PA",2022-03,8,-8,0
18302.0,"East Stroudsburg, PA",2022-04,7,-7,0
18302.0,"East Stroudsburg, PA",2022-05,6,-6,0
18302.0,"East Stroudsburg, PA",2022-06,5,-5,0
18302.0,"East Stroudsburg, PA",2022-07,4,-4,0
18302.0,"East Stroudsburg, PA",2022-08,3,-3,0
18302.0,"East Stroudsburg, PA",2022-09,2,-2,0
18302.0,"East Stroudsburg, PA",2022-10,1,-1,0
18302.0,"East Stroudsburg, PA",2022-11,0,0,1
18302.0,"East Stroudsburg, PA",2022-12,-1,1,0
18321.0,"Bartonsville, PA",2022-01,10,-10,0
18321.0,"Bartonsville, PA",2022-02,9,-9,0
18321.0,"Bartonsville, PA",2022-03,8,-8,0
18321.0,"Bartonsville, PA",2022-04,7,-7,0
18321.0,"Bartonsville, PA",2022-05,6,-6,0
18321.0,"Bartonsville, PA",2022-06,5,-5,0
18321.0,"Bartonsville, PA",2022-07,4,-4,0
18321.0,"Bartonsville, PA",2022-08,3,-3,0
18321.0,"Bartonsville, PA",2022-09,2,-2,0
18321.0,"Bartonsville, PA",2022-10,1,-1,0
18321.0,"Bartonsville, PA",2022-11,0,0,1
18321.0,"Bartonsville, PA",2022-12,-1,1,0
18322.0,"Brodheadsville, PA",2022-01,10,-10,0
18322.0,"Brodheadsville, PA",2022-02,9,-9,0
18322.0,"Brodheadsville, PA",2022-03,8,-8,0
18322.0,"Brodheadsville, PA",2022-04,7,-7,0
18322.0,"Brodheadsville, PA",2022-05,6,-6,0
18322.0,"Brodheadsville, PA",2022-06,5,-5,0
18322.0,"Brodheadsville, PA",2022-07,4,-4,0
18322.0,"Brodheadsville, PA",2022-08,3,-3,0
18322.0,"Brodheadsville, PA",2022-09,2,-2,0
18322.0,"Brodheadsville, PA",2022-10,1,-1,0
18322.0,"Brodheadsville, PA",2022-11,0,0,1
18322.0,"Brodheadsville, PA",2022-12,-1,1,0
18323.0,"Buck Hill Falls, PA",2022-01,10,-10,0
18323.0,"Buck Hill Falls, PA",2022-02,9,-9,0
18323.0,"Buck Hill Falls, PA",2022-03,8,-8,0
18323.0,"Buck Hill Falls, PA",2022-04,7,-7,0
18323.0,"Buck Hill Falls, PA",2022-05,6,-6,0
18323.0,"Buck Hill Falls, PA",2022-06,5,-5,0
18323.0,"Buck Hill Falls, PA",2022-07,4,-4,0
18323.0,"Buck Hill Falls, PA",2022-08,3,-3,0
18323.0,"Buck Hill Falls, PA",2022-09,2,-2,0
18323.0,"Buck Hill Falls, PA",2022-10,1,-1,0
18323.0,"Buck Hill Falls, PA",2022-11,0,0,1
18323.0,"Buck Hill Falls, PA",2022-12,-1,1,0
18324.0,"Bushkill, PA",2022-01,10,-10,0
18324.0,"Bushkill, PA",2022-02,9,-9,0
18324.0,"Bushkill, PA",2022-03,8,-8,0
18324.0,"Bushkill, PA",2022-04,7,-7,0
18324.0,"Bushkill, PA",2022-05,6,-6,0
18324.0,"Bushkill, PA",2022-06,5,-5,0
18324.0,"Bushkill, PA",2022-07,4,-4,0
18324.0,"Bushkill, PA",2022-08,3,-3,0
18324.0,"Bushkill, PA",2022-09,2,-2,0
18324.0,"Bushkill, PA",2022-10,1,-1,0
18324.0,"Bushkill, PA",2022-11,0,0,1
18324.0,"Bushkill, PA",2022-12,-1,1,0
18325.0,"Canadensis, PA",2022-01,10,-10,0
18325.0,"Canadensis, PA",2022-02,9,-9,0
18325.0,"Canadensis, PA",2022-03,8,-8,0
18325.0,"Canadensis, PA",2022-04,7,-7,0
18325.0,"Canadensis, PA",2022-05,6,-6,0
18325.0,"Canadensis, PA",2022-06,5,-5,0
18325.0,"Canadensis, PA",2022-07,4,-4,0
18325.0,"Canadensis, PA",2022-08,3,-3,0
18325.0,"Canadensis, PA",2022-09,2,-2,0
18325.0,"Canadensis, PA",2022-10,1,-1,0
18325.0,"Canadensis, PA",2022-11,0,0,1
18325.0,"Canadensis, PA",2022-12,-1,1,0
18326.0,"Cresco, PA",2022-01,10,-10,0
18326.0,"Cresco, PA",2022-02,9,-9,0
18326.0,"Cresco, PA",2022-03,8,-8,0
18326.0,"Cresco, PA",2022-04,7,-7,0
18326.0,"Cresco, PA",2022-05,6,-6,0
18326.0,"Cresco, PA",2022-06,5,-5,0
18326.0,"Cresco, PA",2022-07,4,-4,0
18326.0,"Cresco, PA",2022-08,3,-3,0
18326.0,"Cresco, PA",2022-09,2,-2,0
18326.0,"Cresco, PA",2022-10,1,-1,0
18326.0,"Cresco, PA",2022-11,0,0,1
18326.0,"Cresco, PA",2022-12,-1,1,0
18327.0,"Delaware Water Gap, PA",2022-01,10,-10,0
18327.0,"Delaware Water Gap, PA",2022-02,9,-9,0
18327.0,"Delaware Water Gap, PA",2022-03,8,-8,0
18327.0,"Delaware Water Gap, PA",2022-04,7,-7,0
18327.0,"Delaware Water Gap, PA",2022-05,6,-6,0
18327.0,"Delaware Water Gap, PA",2022-06,5,-5,0
18327.0,"Delaware Water Gap, PA",2022-07,4,-4,0
18327.0,"Delaware Water Gap, PA",2022-08,3,-3,0
18327.0,"Delaware Water Gap, PA",2022-09,2,-2,0
18327.0,"Delaware Water Gap, PA",2022-10,1,-1,0
18327.0,"Delaware Water Gap, PA",2022-11,0,0,1
18327.0,"Delaware Water Gap, PA",2022-12,-1,1,0
18328.0,"Dingmans Ferry, PA",2022-01,10,-10,0
18328.0,"Dingmans Ferry, PA",2022-02,9,-9,0
18328.0,"Dingmans Ferry, PA",2022-03,8,-8,0
18328.0,"Dingmans Ferry, PA",2022-04,7,-7,0
18328.0,"Dingmans Ferry, PA",2022-05,6,-6,0
18328.0,"Dingmans Ferry, PA",2022-06,5,-5,0
18328.0,"Dingmans Ferry, PA",2022-07,4,-4,0
18328.0,"Dingmans Ferry, PA",2022-08,3,-3,0
18328.0,"Dingmans Ferry, PA",2022-09,2,-2,0
18328.0,"Dingmans Ferry, PA",2022-10,1,-1,0
18328.0,"Dingmans Ferry, PA",2022-11,0,0,1
18328.0,"Dingmans Ferry, PA",2022-12,-1,1,0
18330.0,"Effort, PA",2022-01,10,-10,0
18330.0,"Effort, PA",2022-02,9,-9,0
18330.0,"Effort, PA",2022-03,8,-8,0
18330.0,"Effort, PA",2022-04,7,-7,0
18330.0,"Effort, PA",2022-05,6,-6,0
18330.0,"Effort, PA",2022-06,5,-5,0
18330.0,"Effort, PA",2022-07,4,-4,0
18330.0,"Effort, PA",2022-08,3,-3,0
18330.0,"Effort, PA",2022-09,2,-2,0
18330.0,"Effort, PA",2022-10,1,-1,0
18330.0,"Effort, PA",2022-11,0,0,1
18330.0,"Effort, PA",2022-12,-1,1,0
18331.0,"Gilbert, PA",2022-01,10,-10,0
18331.0,"Gilbert, PA",2022-02,9,-9,0
18331.0,"Gilbert, PA",2022-03,8,-8,0
18331.0,"Gilbert, PA",2022-04,7,-7,0
18331.0,"Gilbert, PA",2022-05,6,-6,0
18331.0,"Gilbert, PA",2022-06,5,-5,0
18331.0,"Gilbert, PA",2022-07,4,-4,0
18331.0,"Gilbert, PA",2022-08,3,-3,0
18331.0,"Gilbert, PA",2022-09,2,-2,0
18331.0,"Gilbert, PA",2022-10,1,-1,0
18331.0,"Gilbert, PA",2022-11,0,0,1
18331.0,"Gilbert, PA",2022-12,-1,1,0
18332.0,"Henryville, PA",2022-01,10,-10,0
18332.0,"Henryville, PA",2022-02,9,-9,0
18332.0,"Henryville, PA",2022-03,8,-8,0
18332.0,"Henryville, PA",2022-04,7,-7,0
18332.0,"Henryville, PA",2022-05,6,-6,0
18332.0,"Henryville, PA",2022-06,5,-5,0
18332.0,"Henryville, PA",2022-07,4,-4,0
18332.0,"Henryville, PA",2022-08,3,-3,0
18332.0,"Henryville, PA",2022-09,2,-2,0
18332.0,"Henryville, PA",2022-10,1,-1,0
18332.0,"Henryville, PA",2022-11,0,0,1
18332.0,"Henryville, PA",2022-12,-1,1,0
18333.0,"Kresgeville, PA",2022-01,10,-10,0
18333.0,"Kresgeville, PA",2022-02,9,-9,0
18333.0,"Kresgeville, PA",2022-03,8,-8,0
18333.0,"Kresgeville, PA",2022-04,7,-7,0
18333.0,"Kresgeville, PA",2022-05,6,-6,0
18333.0,"Kresgeville, PA",2022-06,5,-5,0
18333.0,"Kresgeville, PA",2022-07,4,-4,0
18333.0,"Kresgeville, PA",2022-08,3,-3,0
18333.0,"Kresgeville, PA",2022-09,2,-2,0
18333.0,"Kresgeville, PA",2022-10,1,-1,0
18333.0,"Kresgeville, PA",2022-11,0,0,1
18333.0,"Kresgeville, PA",2022-12,-1,1,0
18334.0,"Long Pond, PA",2022-01,10,-10,0
18334.0,"Long Pond, PA",2022-02,9,-9,0
18334.0,"Long Pond, PA",2022-03,8,-8,0
18334.0,"Long Pond, PA",2022-04,7,-7,0
18334.0,"Long Pond, PA",2022-05,6,-6,0
18334.0,"Long Pond, PA",2022-06,5,-5,0
18334.0,"Long Pond, PA",2022-07,4,-4,0
18334.0,"Long Pond, PA",2022-08,3,-3,0
18334.0,"Long Pond, PA",2022-09,2,-2,0
18334.0,"Long Pond, PA",2022-10,1,-1,0
18334.0,"Long Pond, PA",2022-11,0,0,1
18334.0,"Long Pond, PA",2022-12,-1,1,0
18335.0,"Marshalls Creek, PA",2022-01,10,-10,0
18335.0,"Marshalls Creek, PA",2022-02,9,-9,0
18335.0,"Marshalls Creek, PA",2022-03,8,-8,0
18335.0,"Marshalls Creek, PA",2022-04,7,-7,0
18335.0,"Marshalls Creek, PA",2022-05,6,-6,0
18335.0,"Marshalls Creek, PA",2022-06,5,-5,0
18335.0,"Marshalls Creek, PA",2022-07,4,-4,0
18335.0,"Marshalls Creek, PA",2022-08,3,-3,0
18335.0,"Marshalls Creek, PA",2022-09,2,-2,0
18335.0,"Marshalls Creek, PA",2022-10,1,-1,0
18335.0,"Marshalls Creek, PA",2022-11,0,0,1
18335.0,"Marshalls Creek, PA",2022-12,-1,1,0
18336.0,"Matamoras, PA",2022-01,10,-10,0
18336.0,"Matamoras, PA",2022-02,9,-9,0
18336.0,"Matamoras, PA",2022-03,8,-8,0
18336.0,"Matamoras, PA",2022-04,7,-7,0
18336.0,"Matamoras, PA",2022-05,6,-6,0
18336.0,"Matamoras, PA",2022-06,5,-5,0
18336.0,"Matamoras, PA",2022-07,4,-4,0
18336.0,"Matamoras, PA",2022-08,3,-3,0
18336.0,"Matamoras, PA",2022-09,2,-2,0
18336.0,"Matamoras, PA",2022-10,1,-1,0
18336.0,"Matamoras, PA",2022-11,0,0,1
18336.0,"Matamoras, PA",2022-12,-1,1,0
18337.0,"Milford, PA",2022-01,10,-10,0
18337.0,"Milford, PA",2022-02,9,-9,0
18337.0,"Milford, PA",2022-03,8,-8,0
18337.0,"Milford, PA",2022-04,7,-7,0
18337.0,"Milford, PA",2022-05,6,-6,0
18337.0,"Milford, PA",2022-06,5,-5,0
18337.0,"Milford, PA",2022-07,4,-4,0
18337.0,"Milford, PA",2022-08,3,-3,0
18337.0,"Milford, PA",2022-09,2,-2,0
18337.0,"Milford, PA",2022-10,1,-1,0
18337.0,"Milford, PA",2022-11,0,0,1
18337.0,"Milford, PA",2022-12,-1,1,0
18340.0,"Millrift, PA",2022-01,10,-10,0
18340.0,"Millrift, PA",2022-02,9,-9,0
18340.0,"Millrift, PA",2022-03,8,-8,0
18340.0,"Millrift, PA",2022-04,7,-7,0
18340.0,"Millrift, PA",2022-05,6,-6,0
18340.0,"Millrift, PA",2022-06,5,-5,0
18340.0,"Millrift, PA",2022-07,4,-4,0
18340.0,"Millrift, PA",2022-08,3,-3,0
18340.0,"Millrift, PA",2022-09,2,-2,0
18340.0,"Millrift, PA",2022-10,1,-1,0
18340.0,"Millrift, PA",2022-11,0,0,1
18340.0,"Millrift, PA",2022-12,-1,1,0
18342.0,"Mountainhome, PA",2022-01,10,-10,0
18342.0,"Mountainhome, PA",2022-02,9,-9,0
18342.0,"Mountainhome, PA",2022-03,8,-8,0
18342.0,"Mountainhome, PA",2022-04,7,-7,0
18342.0,"Mountainhome, PA",2022-05,6,-6,0
18342.0,"Mountainhome, PA",2022-06,5,-5,0
18342.0,"Mountainhome, PA",2022-07,4,-4,0
18342.0,"Mountainhome, PA",2022-08,3,-3,0
18342.0,"Mountainhome, PA",2022-09,2,-2,0
18342.0,"Mountainhome, PA",2022-10,1,-1,0
18342.0,"Mountainhome, PA",2022-11,0,0,1
18342.0,"Mountainhome, PA",2022-12,-1,1,0
18343.0,"Mount Bethel, PA",2022-01,10,-10,0
18343.0,"Mount Bethel, PA",2022-02,9,-9,0
18343.0,"Mount Bethel, PA",2022-03,8,-8,0
18343.0,"Mount Bethel, PA",2022-04,7,-7,0
18343.0,"Mount Bethel, PA",2022-05,6,-6,0
18343.0,"Mount Bethel, PA",2022-06,5,-5,0
18343.0,"Mount Bethel, PA",2022-07,4,-4,0
18343.0,"Mount Bethel, PA",2022-08,3,-3,0
18343.0,"Mount Bethel, PA",2022-09,2,-2,0
18343.0,"Mount Bethel, PA",2022-10,1,-1,0
18343.0,"Mount Bethel, PA",2022-11,0,0,1
18343.0,"Mount Bethel, PA",2022-12,-1,1,0
18344.0,"Mount Pocono, PA",2022-01,10,-10,0
18344.0,"Mount Pocono, PA",2022-02,9,-9,0
18344.0,"Mount Pocono, PA",2022-03,8,-8,0
18344.0,"Mount Pocono, PA",2022-04,7,-7,0
18344.0,"Mount Pocono, PA",2022-05,6,-6,0
18344.0,"Mount Pocono, PA",2022-06,5,-5,0
18344.0,"Mount Pocono, PA",2022-07,4,-4,0
18344.0,"Mount Pocono, PA",2022-08,3,-3,0
18344.0,"Mount Pocono, PA",2022-09,2,-2,0
18344.0,"Mount Pocono, PA",2022-10,1,-1,0
18344.0,"Mount Pocono, PA",2022-11,0,0,1
18344.0,"Mount Pocono, PA",2022-12,-1,1,0
18346.0,"Pocono Summit, PA",2022-01,10,-10,0
18346.0,"Pocono Summit, PA",2022-02,9,-9,0
18346.0,"Pocono Summit, PA",2022-03,8,-8,0
18346.0,"Pocono Summit, PA",2022-04,7,-7,0
18346.0,"Pocono Summit, PA",2022-05,6,-6,0
18346.0,"Pocono Summit, PA",2022-06,5,-5,0
18346.0,"Pocono Summit, PA",2022-07,4,-4,0
18346.0,"Pocono Summit, PA",2022-08,3,-3,0
18346.0,"Pocono Summit, PA",2022-09,2,-2,0
18346.0,"Pocono Summit, PA",2022-10,1,-1,0
18346.0,"Pocono Summit, PA",2022-11,0,0,1
18346.0,"Pocono Summit, PA",2022-12,-1,1,0
18347.0,"Pocono Lake, PA",2022-01,10,-10,0
18347.0,"Pocono Lake, PA",2022-02,9,-9,0
18347.0,"Pocono Lake, PA",2022-03,8,-8,0
18347.0,"Pocono Lake, PA",2022-04,7,-7,0
18347.0,"Pocono Lake, PA",2022-05,6,-6,0
18347.0,"Pocono Lake, PA",2022-06,5,-5,0
18347.0,"Pocono Lake, PA",2022-07,4,-4,0
18347.0,"Pocono Lake, PA",2022-08,3,-3,0
18347.0,"Pocono Lake, PA",2022-09,2,-2,0
18347.0,"Pocono Lake, PA",2022-10,1,-1,0
18347.0,"Pocono Lake, PA",2022-11,0,0,1
18347.0,"Pocono Lake, PA",2022-12,-1,1,0
18349.0,"Pocono Manor, PA",2022-01,10,-10,0
18349.0,"Pocono Manor, PA",2022-02,9,-9,0
18349.0,"Pocono Manor, PA",2022-03,8,-8,0
18349.0,"Pocono Manor, PA",2022-04,7,-7,0
18349.0,"Pocono Manor, PA",2022-05,6,-6,0
18349.0,"Pocono Manor, PA",2022-06,5,-5,0
18349.0,"Pocono Manor, PA",2022-07,4,-4,0
18349.0,"Pocono Manor, PA",2022-08,3,-3,0
18349.0,"Pocono Manor, PA",2022-09,2,-2,0
18349.0,"Pocono Manor, PA",2022-10,1,-1,0
18349.0,"Pocono Manor, PA",2022-11,0,0,1
18349.0,"Pocono Manor, PA",2022-12,-1,1,0
18350.0,"Pocono Pines, PA",2022-01,10,-10,0
18350.0,"Pocono Pines, PA",2022-02,9,-9,0
18350.0,"Pocono Pines, PA",2022-03,8,-8,0
18350.0,"Pocono Pines, PA",2022-04,7,-7,0
18350.0,"Pocono Pines, PA",2022-05,6,-6,0
18350.0,"Pocono Pines, PA",2022-06,5,-5,0
18350.0,"Pocono Pines, PA",2022-07,4,-4,0
18350.0,"Pocono Pines, PA",2022-08,3,-3,0
18350.0,"Pocono Pines, PA",2022-09,2,-2,0
18350.0,"Pocono Pines, PA",2022-10,1,-1,0
18350.0,"Pocono Pines, PA",2022-11,0,0,1
18350.0,"Pocono Pines, PA",2022-12,-1,1,0
18351.0,"Portland, PA",2022-01,10,-10,0
18351.0,"Portland, PA",2022-02,9,-9,0
18351.0,"Portland, PA",2022-03,8,-8,0
18351.0,"Portland, PA",2022-04,7,-7,0
18351.0,"Portland, PA",2022-05,6,-6,0
18351.0,"Portland, PA",2022-06,5,-5,0
18351.0,"Portland, PA",2022-07,4,-4,0
18351.0,"Portland, PA",2022-08,3,-3,0
18351.0,"Portland, PA",2022-09,2,-2,0
18351.0,"Portland, PA",2022-10,1,-1,0
18351.0,"Portland, PA",2022-11,0,0,1
18351.0,"Portland, PA",2022-12,-1,1,0
18353.0,"Saylorsburg, PA",2022-01,10,-10,0
18353.0,"Saylorsburg, PA",2022-02,9,-9,0
18353.0,"Saylorsburg, PA",2022-03,8,-8,0
18353.0,"Saylorsburg, PA",2022-04,7,-7,0
18353.0,"Saylorsburg, PA",2022-05,6,-6,0
18353.0,"Saylorsburg, PA",2022-06,5,-5,0
18353.0,"Saylorsburg, PA",2022-07,4,-4,0
18353.0,"Saylorsburg, PA",2022-08,3,-3,0
18353.0,"Saylorsburg, PA",2022-09,2,-2,0
18353.0,"Saylorsburg, PA",2022-10,1,-1,0
18353.0,"Saylorsburg, PA",2022-11,0,0,1
18353.0,"Saylorsburg, PA",2022-12,-1,1,0
18354.0,"Sciota, PA",2022-01,10,-10,0
18354.0,"Sciota, PA",2022-02,9,-9,0
18354.0,"Sciota, PA",2022-03,8,-8,0
18354.0,"Sciota, PA",2022-04,7,-7,0
18354.0,"Sciota, PA",2022-05,6,-6,0
18354.0,"Sciota, PA",2022-06,5,-5,0
18354.0,"Sciota, PA",2022-07,4,-4,0
18354.0,"Sciota, PA",2022-08,3,-3,0
18354.0,"Sciota, PA",2022-09,2,-2,0
18354.0,"Sciota, PA",2022-10,1,-1,0
18354.0,"Sciota, PA",2022-11,0,0,1
18354.0,"Sciota, PA",2022-12,-1,1,0
18355.0,"Scotrun, PA",2022-01,10,-10,0
18355.0,"Scotrun, PA",2022-02,9,-9,0
18355.0,"Scotrun, PA",2022-03,8,-8,0
18355.0,"Scotrun, PA",2022-04,7,-7,0
18355.0,"Scotrun, PA",2022-05,6,-6,0
18355.0,"Scotrun, PA",2022-06,5,-5,0
18355.0,"Scotrun, PA",2022-07,4,-4,0
18355.0,"Scotrun, PA",2022-08,3,-3,0
18355.0,"Scotrun, PA",2022-09,2,-2,0
18355.0,"Scotrun, PA",2022-10,1,-1,0
18355.0,"Scotrun, PA",2022-11,0,0,1
18355.0,"Scotrun, PA",2022-12,-1,1,0
18356.0,"Shawnee On Delaware, PA",2022-01,10,-10,0
18356.0,"Shawnee On Delaware, PA",2022-02,9,-9,0
18356.0,"Shawnee On Delaware, PA",2022-03,8,-8,0
18356.0,"Shawnee On Delaware, PA",2022-04,7,-7,0
18356.0,"Shawnee On Delaware, PA",2022-05,6,-6,0
18356.0,"Shawnee On Delaware, PA",2022-06,5,-5,0
18356.0,"Shawnee On Delaware, PA",2022-07,4,-4,0
18356.0,"Shawnee On Delaware, PA",2022-08,3,-3,0
18356.0,"Shawnee On Delaware, PA",2022-09,2,-2,0
18356.0,"Shawnee On Delaware, PA",2022-10,1,-1,0
18356.0,"Shawnee On Delaware, PA",2022-11,0,0,1
18356.0,"Shawnee On Delaware, PA",2022-12,-1,1,0
18357.0,"Skytop, PA",2022-01,10,-10,0
18357.0,"Skytop, PA",2022-02,9,-9,0
18357.0,"Skytop, PA",2022-03,8,-8,0
18357.0,"Skytop, PA",2022-04,7,-7,0
18357.0,"Skytop, PA",2022-05,6,-6,0
18357.0,"Skytop, PA",2022-06,5,-5,0
18357.0,"Skytop, PA",2022-07,4,-4,0
18357.0,"Skytop, PA",2022-08,3,-3,0
18357.0,"Skytop, PA",2022-09,2,-2,0
18357.0,"Skytop, PA",2022-10,1,-1,0
18357.0,"Skytop, PA",2022-11,0,0,1
18357.0,"Skytop, PA",2022-12,-1,1,0
18360.0,"Stroudsburg, PA",2022-01,10,-10,0
18360.0,"Stroudsburg, PA",2022-02,9,-9,0
18360.0,"Stroudsburg, PA",2022-03,8,-8,0
18360.0,"Stroudsburg, PA",2022-04,7,-7,0
18360.0,"Stroudsburg, PA",2022-05,6,-6,0
18360.0,"Stroudsburg, PA",2022-06,5,-5,0
18360.0,"Stroudsburg, PA",2022-07,4,-4,0
18360.0,"Stroudsburg, PA",2022-08,3,-3,0
18360.0,"Stroudsburg, PA",2022-09,2,-2,0
18360.0,"Stroudsburg, PA",2022-10,1,-1,0
18360.0,"Stroudsburg, PA",2022-11,0,0,1
18360.0,"Stroudsburg, PA",2022-12,-1,1,0
18370.0,"Swiftwater, PA",2022-01,10,-10,0
18370.0,"Swiftwater, PA",2022-02,9,-9,0
18370.0,"Swiftwater, PA",2022-03,8,-8,0
18370.0,"Swiftwater, PA",2022-04,7,-7,0
18370.0,"Swiftwater, PA",2022-05,6,-6,0
18370.0,"Swiftwater, PA",2022-06,5,-5,0
18370.0,"Swiftwater, PA",2022-07,4,-4,0
18370.0,"Swiftwater, PA",2022-08,3,-3,0
18370.0,"Swiftwater, PA",2022-09,2,-2,0
18370.0,"Swiftwater, PA",2022-10,1,-1,0
18370.0,"Swiftwater, PA",2022-11,0,0,1
18370.0,"Swiftwater, PA",2022-12,-1,1,0
18371.0,"Tamiment, PA",2022-01,10,-10,0
18371.0,"Tamiment, PA",2022-02,9,-9,0
18371.0,"Tamiment, PA",2022-03,8,-8,0
18371.0,"Tamiment, PA",2022-04,7,-7,0
18371.0,"Tamiment, PA",2022-05,6,-6,0
18371.0,"Tamiment, PA",2022-06,5,-5,0
18371.0,"Tamiment, PA",2022-07,4,-4,0
18371.0,"Tamiment, PA",2022-08,3,-3,0
18371.0,"Tamiment, PA",2022-09,2,-2,0
18371.0,"Tamiment, PA",2022-10,1,-1,0
18371.0,"Tamiment, PA",2022-11,0,0,1
18371.0,"Tamiment, PA",2022-12,-1,1,0
18372.0,"Tannersville, PA",2022-01,10,-10,0
18372.0,"Tannersville, PA",2022-02,9,-9,0
18372.0,"Tannersville, PA",2022-03,8,-8,0
18372.0,"Tannersville, PA",2022-04,7,-7,0
18372.0,"Tannersville, PA",2022-05,6,-6,0
18372.0,"Tannersville, PA",2022-06,5,-5,0
18372.0,"Tannersville, PA",2022-07,4,-4,0
18372.0,"Tannersville, PA",2022-08,3,-3,0
18372.0,"Tannersville, PA",2022-09,2,-2,0
18372.0,"Tannersville, PA",2022-10,1,-1,0
18372.0,"Tannersville, PA",2022-11,0,0,1
18372.0,"Tannersville, PA",2022-12,-1,1,0
18403.0,"Archbald, PA",2022-01,10,-10,0
18403.0,"Archbald, PA",2022-02,9,-9,0
18403.0,"Archbald, PA",2022-03,8,-8,0
18403.0,"Archbald, PA",2022-04,7,-7,0
18403.0,"Archbald, PA",2022-05,6,-6,0
18403.0,"Archbald, PA",2022-06,5,-5,0
18403.0,"Archbald, PA",2022-07,4,-4,0
18403.0,"Archbald, PA",2022-08,3,-3,0
18403.0,"Archbald, PA",2022-09,2,-2,0
18403.0,"Archbald, PA",2022-10,1,-1,0
18403.0,"Archbald, PA",2022-11,0,0,1
18403.0,"Archbald, PA",2022-12,-1,1,0
18405.0,"Beach Lake, PA",2022-01,10,-10,0
18405.0,"Beach Lake, PA",2022-02,9,-9,0
18405.0,"Beach Lake, PA",2022-03,8,-8,0
18405.0,"Beach Lake, PA",2022-04,7,-7,0
18405.0,"Beach Lake, PA",2022-05,6,-6,0
18405.0,"Beach Lake, PA",2022-06,5,-5,0
18405.0,"Beach Lake, PA",2022-07,4,-4,0
18405.0,"Beach Lake, PA",2022-08,3,-3,0
18405.0,"Beach Lake, PA",2022-09,2,-2,0
18405.0,"Beach Lake, PA",2022-10,1,-1,0
18405.0,"Beach Lake, PA",2022-11,0,0,1
18405.0,"Beach Lake, PA",2022-12,-1,1,0
18407.0,"Carbondale, PA",2022-01,10,-10,0
18407.0,"Carbondale, PA",2022-02,9,-9,0
18407.0,"Carbondale, PA",2022-03,8,-8,0
18407.0,"Carbondale, PA",2022-04,7,-7,0
18407.0,"Carbondale, PA",2022-05,6,-6,0
18407.0,"Carbondale, PA",2022-06,5,-5,0
18407.0,"Carbondale, PA",2022-07,4,-4,0
18407.0,"Carbondale, PA",2022-08,3,-3,0
18407.0,"Carbondale, PA",2022-09,2,-2,0
18407.0,"Carbondale, PA",2022-10,1,-1,0
18407.0,"Carbondale, PA",2022-11,0,0,1
18407.0,"Carbondale, PA",2022-12,-1,1,0
18411.0,"Clarks Summit, PA",2022-01,10,-10,0
18411.0,"Clarks Summit, PA",2022-02,9,-9,0
18411.0,"Clarks Summit, PA",2022-03,8,-8,0
18411.0,"Clarks Summit, PA",2022-04,7,-7,0
18411.0,"Clarks Summit, PA",2022-05,6,-6,0
18411.0,"Clarks Summit, PA",2022-06,5,-5,0
18411.0,"Clarks Summit, PA",2022-07,4,-4,0
18411.0,"Clarks Summit, PA",2022-08,3,-3,0
18411.0,"Clarks Summit, PA",2022-09,2,-2,0
18411.0,"Clarks Summit, PA",2022-10,1,-1,0
18411.0,"Clarks Summit, PA",2022-11,0,0,1
18411.0,"Clarks Summit, PA",2022-12,-1,1,0
18413.0,"Clifford, PA",2022-01,10,-10,0
18413.0,"Clifford, PA",2022-02,9,-9,0
18413.0,"Clifford, PA",2022-03,8,-8,0
18413.0,"Clifford, PA",2022-04,7,-7,0
18413.0,"Clifford, PA",2022-05,6,-6,0
18413.0,"Clifford, PA",2022-06,5,-5,0
18413.0,"Clifford, PA",2022-07,4,-4,0
18413.0,"Clifford, PA",2022-08,3,-3,0
18413.0,"Clifford, PA",2022-09,2,-2,0
18413.0,"Clifford, PA",2022-10,1,-1,0
18413.0,"Clifford, PA",2022-11,0,0,1
18413.0,"Clifford, PA",2022-12,-1,1,0
18414.0,"Dalton, PA",2022-01,10,-10,0
18414.0,"Dalton, PA",2022-02,9,-9,0
18414.0,"Dalton, PA",2022-03,8,-8,0
18414.0,"Dalton, PA",2022-04,7,-7,0
18414.0,"Dalton, PA",2022-05,6,-6,0
18414.0,"Dalton, PA",2022-06,5,-5,0
18414.0,"Dalton, PA",2022-07,4,-4,0
18414.0,"Dalton, PA",2022-08,3,-3,0
18414.0,"Dalton, PA",2022-09,2,-2,0
18414.0,"Dalton, PA",2022-10,1,-1,0
18414.0,"Dalton, PA",2022-11,0,0,1
18414.0,"Dalton, PA",2022-12,-1,1,0
18415.0,"Damascus, PA",2022-01,10,-10,0
18415.0,"Damascus, PA",2022-02,9,-9,0
18415.0,"Damascus, PA",2022-03,8,-8,0
18415.0,"Damascus, PA",2022-04,7,-7,0
18415.0,"Damascus, PA",2022-05,6,-6,0
18415.0,"Damascus, PA",2022-06,5,-5,0
18415.0,"Damascus, PA",2022-07,4,-4,0
18415.0,"Damascus, PA",2022-08,3,-3,0
18415.0,"Damascus, PA",2022-09,2,-2,0
18415.0,"Damascus, PA",2022-10,1,-1,0
18415.0,"Damascus, PA",2022-11,0,0,1
18415.0,"Damascus, PA",2022-12,-1,1,0
18417.0,"Equinunk, PA",2022-01,10,-10,0
18417.0,"Equinunk, PA",2022-02,9,-9,0
18417.0,"Equinunk, PA",2022-03,8,-8,0
18417.0,"Equinunk, PA",2022-04,7,-7,0
18417.0,"Equinunk, PA",2022-05,6,-6,0
18417.0,"Equinunk, PA",2022-06,5,-5,0
18417.0,"Equinunk, PA",2022-07,4,-4,0
18417.0,"Equinunk, PA",2022-08,3,-3,0
18417.0,"Equinunk, PA",2022-09,2,-2,0
18417.0,"Equinunk, PA",2022-10,1,-1,0
18417.0,"Equinunk, PA",2022-11,0,0,1
18417.0,"Equinunk, PA",2022-12,-1,1,0
18419.0,"Factoryville, PA",2022-01,10,-10,0
18419.0,"Factoryville, PA",2022-02,9,-9,0
18419.0,"Factoryville, PA",2022-03,8,-8,0
18419.0,"Factoryville, PA",2022-04,7,-7,0
18419.0,"Factoryville, PA",2022-05,6,-6,0
18419.0,"Factoryville, PA",2022-06,5,-5,0
18419.0,"Factoryville, PA",2022-07,4,-4,0
18419.0,"Factoryville, PA",2022-08,3,-3,0
18419.0,"Factoryville, PA",2022-09,2,-2,0
18419.0,"Factoryville, PA",2022-10,1,-1,0
18419.0,"Factoryville, PA",2022-11,0,0,1
18419.0,"Factoryville, PA",2022-12,-1,1,0
18420.0,"Fleetville, PA",2022-01,10,-10,0
18420.0,"Fleetville, PA",2022-02,9,-9,0
18420.0,"Fleetville, PA",2022-03,8,-8,0
18420.0,"Fleetville, PA",2022-04,7,-7,0
18420.0,"Fleetville, PA",2022-05,6,-6,0
18420.0,"Fleetville, PA",2022-06,5,-5,0
18420.0,"Fleetville, PA",2022-07,4,-4,0
18420.0,"Fleetville, PA",2022-08,3,-3,0
18420.0,"Fleetville, PA",2022-09,2,-2,0
18420.0,"Fleetville, PA",2022-10,1,-1,0
18420.0,"Fleetville, PA",2022-11,0,0,1
18420.0,"Fleetville, PA",2022-12,-1,1,0
18421.0,"Forest City, PA",2022-01,10,-10,0
18421.0,"Forest City, PA",2022-02,9,-9,0
18421.0,"Forest City, PA",2022-03,8,-8,0
18421.0,"Forest City, PA",2022-04,7,-7,0
18421.0,"Forest City, PA",2022-05,6,-6,0
18421.0,"Forest City, PA",2022-06,5,-5,0
18421.0,"Forest City, PA",2022-07,4,-4,0
18421.0,"Forest City, PA",2022-08,3,-3,0
18421.0,"Forest City, PA",2022-09,2,-2,0
18421.0,"Forest City, PA",2022-10,1,-1,0
18421.0,"Forest City, PA",2022-11,0,0,1
18421.0,"Forest City, PA",2022-12,-1,1,0
18424.0,"Gouldsboro, PA",2022-01,10,-10,0
18424.0,"Gouldsboro, PA",2022-02,9,-9,0
18424.0,"Gouldsboro, PA",2022-03,8,-8,0
18424.0,"Gouldsboro, PA",2022-04,7,-7,0
18424.0,"Gouldsboro, PA",2022-05,6,-6,0
18424.0,"Gouldsboro, PA",2022-06,5,-5,0
18424.0,"Gouldsboro, PA",2022-07,4,-4,0
18424.0,"Gouldsboro, PA",2022-08,3,-3,0
18424.0,"Gouldsboro, PA",2022-09,2,-2,0
18424.0,"Gouldsboro, PA",2022-10,1,-1,0
18424.0,"Gouldsboro, PA",2022-11,0,0,1
18424.0,"Gouldsboro, PA",2022-12,-1,1,0
18425.0,"Greeley, PA",2022-01,10,-10,0
18425.0,"Greeley, PA",2022-02,9,-9,0
18425.0,"Greeley, PA",2022-03,8,-8,0
18425.0,"Greeley, PA",2022-04,7,-7,0
18425.0,"Greeley, PA",2022-05,6,-6,0
18425.0,"Greeley, PA",2022-06,5,-5,0
18425.0,"Greeley, PA",2022-07,4,-4,0
18425.0,"Greeley, PA",2022-08,3,-3,0
18425.0,"Greeley, PA",2022-09,2,-2,0
18425.0,"Greeley, PA",2022-10,1,-1,0
18425.0,"Greeley, PA",2022-11,0,0,1
18425.0,"Greeley, PA",2022-12,-1,1,0
18426.0,"Greentown, PA",2022-01,10,-10,0
18426.0,"Greentown, PA",2022-02,9,-9,0
18426.0,"Greentown, PA",2022-03,8,-8,0
18426.0,"Greentown, PA",2022-04,7,-7,0
18426.0,"Greentown, PA",2022-05,6,-6,0
18426.0,"Greentown, PA",2022-06,5,-5,0
18426.0,"Greentown, PA",2022-07,4,-4,0
18426.0,"Greentown, PA",2022-08,3,-3,0
18426.0,"Greentown, PA",2022-09,2,-2,0
18426.0,"Greentown, PA",2022-10,1,-1,0
18426.0,"Greentown, PA",2022-11,0,0,1
18426.0,"Greentown, PA",2022-12,-1,1,0
18428.0,"Hawley, PA",2022-01,10,-10,0
18428.0,"Hawley, PA",2022-02,9,-9,0
18428.0,"Hawley, PA",2022-03,8,-8,0
18428.0,"Hawley, PA",2022-04,7,-7,0
18428.0,"Hawley, PA",2022-05,6,-6,0
18428.0,"Hawley, PA",2022-06,5,-5,0
18428.0,"Hawley, PA",2022-07,4,-4,0
18428.0,"Hawley, PA",2022-08,3,-3,0
18428.0,"Hawley, PA",2022-09,2,-2,0
18428.0,"Hawley, PA",2022-10,1,-1,0
18428.0,"Hawley, PA",2022-11,0,0,1
18428.0,"Hawley, PA",2022-12,-1,1,0
18430.0,"Herrick Center, PA",2022-01,10,-10,0
18430.0,"Herrick Center, PA",2022-02,9,-9,0
18430.0,"Herrick Center, PA",2022-03,8,-8,0
18430.0,"Herrick Center, PA",2022-04,7,-7,0
18430.0,"Herrick Center, PA",2022-05,6,-6,0
18430.0,"Herrick Center, PA",2022-06,5,-5,0
18430.0,"Herrick Center, PA",2022-07,4,-4,0
18430.0,"Herrick Center, PA",2022-08,3,-3,0
18430.0,"Herrick Center, PA",2022-09,2,-2,0
18430.0,"Herrick Center, PA",2022-10,1,-1,0
18430.0,"Herrick Center, PA",2022-11,0,0,1
18430.0,"Herrick Center, PA",2022-12,-1,1,0
18431.0,"Honesdale, PA",2022-01,10,-10,0
18431.0,"Honesdale, PA",2022-02,9,-9,0
18431.0,"Honesdale, PA",2022-03,8,-8,0
18431.0,"Honesdale, PA",2022-04,7,-7,0
18431.0,"Honesdale, PA",2022-05,6,-6,0
18431.0,"Honesdale, PA",2022-06,5,-5,0
18431.0,"Honesdale, PA",2022-07,4,-4,0
18431.0,"Honesdale, PA",2022-08,3,-3,0
18431.0,"Honesdale, PA",2022-09,2,-2,0
18431.0,"Honesdale, PA",2022-10,1,-1,0
18431.0,"Honesdale, PA",2022-11,0,0,1
18431.0,"Honesdale, PA",2022-12,-1,1,0
18433.0,"Jermyn, PA",2022-01,10,-10,0
18433.0,"Jermyn, PA",2022-02,9,-9,0
18433.0,"Jermyn, PA",2022-03,8,-8,0
18433.0,"Jermyn, PA",2022-04,7,-7,0
18433.0,"Jermyn, PA",2022-05,6,-6,0
18433.0,"Jermyn, PA",2022-06,5,-5,0
18433.0,"Jermyn, PA",2022-07,4,-4,0
18433.0,"Jermyn, PA",2022-08,3,-3,0
18433.0,"Jermyn, PA",2022-09,2,-2,0
18433.0,"Jermyn, PA",2022-10,1,-1,0
18433.0,"Jermyn, PA",2022-11,0,0,1
18433.0,"Jermyn, PA",2022-12,-1,1,0
18434.0,"Jessup, PA",2022-01,10,-10,0
18434.0,"Jessup, PA",2022-02,9,-9,0
18434.0,"Jessup, PA",2022-03,8,-8,0
18434.0,"Jessup, PA",2022-04,7,-7,0
18434.0,"Jessup, PA",2022-05,6,-6,0
18434.0,"Jessup, PA",2022-06,5,-5,0
18434.0,"Jessup, PA",2022-07,4,-4,0
18434.0,"Jessup, PA",2022-08,3,-3,0
18434.0,"Jessup, PA",2022-09,2,-2,0
18434.0,"Jessup, PA",2022-10,1,-1,0
18434.0,"Jessup, PA",2022-11,0,0,1
18434.0,"Jessup, PA",2022-12,-1,1,0
18435.0,"Lackawaxen, PA",2022-01,10,-10,0
18435.0,"Lackawaxen, PA",2022-02,9,-9,0
18435.0,"Lackawaxen, PA",2022-03,8,-8,0
18435.0,"Lackawaxen, PA",2022-04,7,-7,0
18435.0,"Lackawaxen, PA",2022-05,6,-6,0
18435.0,"Lackawaxen, PA",2022-06,5,-5,0
18435.0,"Lackawaxen, PA",2022-07,4,-4,0
18435.0,"Lackawaxen, PA",2022-08,3,-3,0
18435.0,"Lackawaxen, PA",2022-09,2,-2,0
18435.0,"Lackawaxen, PA",2022-10,1,-1,0
18435.0,"Lackawaxen, PA",2022-11,0,0,1
18435.0,"Lackawaxen, PA",2022-12,-1,1,0
18436.0,"Lake Ariel, PA",2022-01,10,-10,0
18436.0,"Lake Ariel, PA",2022-02,9,-9,0
18436.0,"Lake Ariel, PA",2022-03,8,-8,0
18436.0,"Lake Ariel, PA",2022-04,7,-7,0
18436.0,"Lake Ariel, PA",2022-05,6,-6,0
18436.0,"Lake Ariel, PA",2022-06,5,-5,0
18436.0,"Lake Ariel, PA",2022-07,4,-4,0
18436.0,"Lake Ariel, PA",2022-08,3,-3,0
18436.0,"Lake Ariel, PA",2022-09,2,-2,0
18436.0,"Lake Ariel, PA",2022-10,1,-1,0
18436.0,"Lake Ariel, PA",2022-11,0,0,1
18436.0,"Lake Ariel, PA",2022-12,-1,1,0
18437.0,"Lake Como, PA",2022-01,10,-10,0
18437.0,"Lake Como, PA",2022-02,9,-9,0
18437.0,"Lake Como, PA",2022-03,8,-8,0
18437.0,"Lake Como, PA",2022-04,7,-7,0
18437.0,"Lake Como, PA",2022-05,6,-6,0
18437.0,"Lake Como, PA",2022-06,5,-5,0
18437.0,"Lake Como, PA",2022-07,4,-4,0
18437.0,"Lake Como, PA",2022-08,3,-3,0
18437.0,"Lake Como, PA",2022-09,2,-2,0
18437.0,"Lake Como, PA",2022-10,1,-1,0
18437.0,"Lake Como, PA",2022-11,0,0,1
18437.0,"Lake Como, PA",2022-12,-1,1,0
18438.0,"Lakeville, PA",2022-01,10,-10,0
18438.0,"Lakeville, PA",2022-02,9,-9,0
18438.0,"Lakeville, PA",2022-03,8,-8,0
18438.0,"Lakeville, PA",2022-04,7,-7,0
18438.0,"Lakeville, PA",2022-05,6,-6,0
18438.0,"Lakeville, PA",2022-06,5,-5,0
18438.0,"Lakeville, PA",2022-07,4,-4,0
18438.0,"Lakeville, PA",2022-08,3,-3,0
18438.0,"Lakeville, PA",2022-09,2,-2,0
18438.0,"Lakeville, PA",2022-10,1,-1,0
18438.0,"Lakeville, PA",2022-11,0,0,1
18438.0,"Lakeville, PA",2022-12,-1,1,0
18439.0,"Lakewood, PA",2022-01,10,-10,0
18439.0,"Lakewood, PA",2022-02,9,-9,0
18439.0,"Lakewood, PA",2022-03,8,-8,0
18439.0,"Lakewood, PA",2022-04,7,-7,0
18439.0,"Lakewood, PA",2022-05,6,-6,0
18439.0,"Lakewood, PA",2022-06,5,-5,0
18439.0,"Lakewood, PA",2022-07,4,-4,0
18439.0,"Lakewood, PA",2022-08,3,-3,0
18439.0,"Lakewood, PA",2022-09,2,-2,0
18439.0,"Lakewood, PA",2022-10,1,-1,0
18439.0,"Lakewood, PA",2022-11,0,0,1
18439.0,"Lakewood, PA",2022-12,-1,1,0
18440.0,"La Plume, PA",2022-01,10,-10,0
18440.0,"La Plume, PA",2022-02,9,-9,0
18440.0,"La Plume, PA",2022-03,8,-8,0
18440.0,"La Plume, PA",2022-04,7,-7,0
18440.0,"La Plume, PA",2022-05,6,-6,0
18440.0,"La Plume, PA",2022-06,5,-5,0
18440.0,"La Plume, PA",2022-07,4,-4,0
18440.0,"La Plume, PA",2022-08,3,-3,0
18440.0,"La Plume, PA",2022-09,2,-2,0
18440.0,"La Plume, PA",2022-10,1,-1,0
18440.0,"La Plume, PA",2022-11,0,0,1
18440.0,"La Plume, PA",2022-12,-1,1,0
18441.0,"Lenoxville, PA",2022-01,10,-10,0
18441.0,"Lenoxville, PA",2022-02,9,-9,0
18441.0,"Lenoxville, PA",2022-03,8,-8,0
18441.0,"Lenoxville, PA",2022-04,7,-7,0
18441.0,"Lenoxville, PA",2022-05,6,-6,0
18441.0,"Lenoxville, PA",2022-06,5,-5,0
18441.0,"Lenoxville, PA",2022-07,4,-4,0
18441.0,"Lenoxville, PA",2022-08,3,-3,0
18441.0,"Lenoxville, PA",2022-09,2,-2,0
18441.0,"Lenoxville, PA",2022-10,1,-1,0
18441.0,"Lenoxville, PA",2022-11,0,0,1
18441.0,"Lenoxville, PA",2022-12,-1,1,0
18443.0,"Milanville, PA",2022-01,10,-10,0
18443.0,"Milanville, PA",2022-02,9,-9,0
18443.0,"Milanville, PA",2022-03,8,-8,0
18443.0,"Milanville, PA",2022-04,7,-7,0
18443.0,"Milanville, PA",2022-05,6,-6,0
18443.0,"Milanville, PA",2022-06,5,-5,0
18443.0,"Milanville, PA",2022-07,4,-4,0
18443.0,"Milanville, PA",2022-08,3,-3,0
18443.0,"Milanville, PA",2022-09,2,-2,0
18443.0,"Milanville, PA",2022-10,1,-1,0
18443.0,"Milanville, PA",2022-11,0,0,1
18443.0,"Milanville, PA",2022-12,-1,1,0
18444.0,"Moscow, PA",2022-01,10,-10,0
18444.0,"Moscow, PA",2022-02,9,-9,0
18444.0,"Moscow, PA",2022-03,8,-8,0
18444.0,"Moscow, PA",2022-04,7,-7,0
18444.0,"Moscow, PA",2022-05,6,-6,0
18444.0,"Moscow, PA",2022-06,5,-5,0
18444.0,"Moscow, PA",2022-07,4,-4,0
18444.0,"Moscow, PA",2022-08,3,-3,0
18444.0,"Moscow, PA",2022-09,2,-2,0
18444.0,"Moscow, PA",2022-10,1,-1,0
18444.0,"Moscow, PA",2022-11,0,0,1
18444.0,"Moscow, PA",2022-12,-1,1,0
18445.0,"Newfoundland, PA",2022-01,10,-10,0
18445.0,"Newfoundland, PA",2022-02,9,-9,0
18445.0,"Newfoundland, PA",2022-03,8,-8,0
18445.0,"Newfoundland, PA",2022-04,7,-7,0
18445.0,"Newfoundland, PA",2022-05,6,-6,0
18445.0,"Newfoundland, PA",2022-06,5,-5,0
18445.0,"Newfoundland, PA",2022-07,4,-4,0
18445.0,"Newfoundland, PA",2022-08,3,-3,0
18445.0,"Newfoundland, PA",2022-09,2,-2,0
18445.0,"Newfoundland, PA",2022-10,1,-1,0
18445.0,"Newfoundland, PA",2022-11,0,0,1
18445.0,"Newfoundland, PA",2022-12,-1,1,0
18446.0,"Nicholson, PA",2022-01,10,-10,0
18446.0,"Nicholson, PA",2022-02,9,-9,0
18446.0,"Nicholson, PA",2022-03,8,-8,0
18446.0,"Nicholson, PA",2022-04,7,-7,0
18446.0,"Nicholson, PA",2022-05,6,-6,0
18446.0,"Nicholson, PA",2022-06,5,-5,0
18446.0,"Nicholson, PA",2022-07,4,-4,0
18446.0,"Nicholson, PA",2022-08,3,-3,0
18446.0,"Nicholson, PA",2022-09,2,-2,0
18446.0,"Nicholson, PA",2022-10,1,-1,0
18446.0,"Nicholson, PA",2022-11,0,0,1
18446.0,"Nicholson, PA",2022-12,-1,1,0
18447.0,"Olyphant, PA",2022-01,10,-10,0
18447.0,"Olyphant, PA",2022-02,9,-9,0
18447.0,"Olyphant, PA",2022-03,8,-8,0
18447.0,"Olyphant, PA",2022-04,7,-7,0
18447.0,"Olyphant, PA",2022-05,6,-6,0
18447.0,"Olyphant, PA",2022-06,5,-5,0
18447.0,"Olyphant, PA",2022-07,4,-4,0
18447.0,"Olyphant, PA",2022-08,3,-3,0
18447.0,"Olyphant, PA",2022-09,2,-2,0
18447.0,"Olyphant, PA",2022-10,1,-1,0
18447.0,"Olyphant, PA",2022-11,0,0,1
18447.0,"Olyphant, PA",2022-12,-1,1,0
18451.0,"Paupack, PA",2022-01,10,-10,0
18451.0,"Paupack, PA",2022-02,9,-9,0
18451.0,"Paupack, PA",2022-03,8,-8,0
18451.0,"Paupack, PA",2022-04,7,-7,0
18451.0,"Paupack, PA",2022-05,6,-6,0
18451.0,"Paupack, PA",2022-06,5,-5,0
18451.0,"Paupack, PA",2022-07,4,-4,0
18451.0,"Paupack, PA",2022-08,3,-3,0
18451.0,"Paupack, PA",2022-09,2,-2,0
18451.0,"Paupack, PA",2022-10,1,-1,0
18451.0,"Paupack, PA",2022-11,0,0,1
18451.0,"Paupack, PA",2022-12,-1,1,0
18452.0,"Peckville, PA",2022-01,10,-10,0
18452.0,"Peckville, PA",2022-02,9,-9,0
18452.0,"Peckville, PA",2022-03,8,-8,0
18452.0,"Peckville, PA",2022-04,7,-7,0
18452.0,"Peckville, PA",2022-05,6,-6,0
18452.0,"Peckville, PA",2022-06,5,-5,0
18452.0,"Peckville, PA",2022-07,4,-4,0
18452.0,"Peckville, PA",2022-08,3,-3,0
18452.0,"Peckville, PA",2022-09,2,-2,0
18452.0,"Peckville, PA",2022-10,1,-1,0
18452.0,"Peckville, PA",2022-11,0,0,1
18452.0,"Peckville, PA",2022-12,-1,1,0
18453.0,"Pleasant Mount, PA",2022-01,10,-10,0
18453.0,"Pleasant Mount, PA",2022-02,9,-9,0
18453.0,"Pleasant Mount, PA",2022-03,8,-8,0
18453.0,"Pleasant Mount, PA",2022-04,7,-7,0
18453.0,"Pleasant Mount, PA",2022-05,6,-6,0
18453.0,"Pleasant Mount, PA",2022-06,5,-5,0
18453.0,"Pleasant Mount, PA",2022-07,4,-4,0
18453.0,"Pleasant Mount, PA",2022-08,3,-3,0
18453.0,"Pleasant Mount, PA",2022-09,2,-2,0
18453.0,"Pleasant Mount, PA",2022-10,1,-1,0
18453.0,"Pleasant Mount, PA",2022-11,0,0,1
18453.0,"Pleasant Mount, PA",2022-12,-1,1,0
18454.0,"Poyntelle, PA",2022-01,10,-10,0
18454.0,"Poyntelle, PA",2022-02,9,-9,0
18454.0,"Poyntelle, PA",2022-03,8,-8,0
18454.0,"Poyntelle, PA",2022-04,7,-7,0
18454.0,"Poyntelle, PA",2022-05,6,-6,0
18454.0,"Poyntelle, PA",2022-06,5,-5,0
18454.0,"Poyntelle, PA",2022-07,4,-4,0
18454.0,"Poyntelle, PA",2022-08,3,-3,0
18454.0,"Poyntelle, PA",2022-09,2,-2,0
18454.0,"Poyntelle, PA",2022-10,1,-1,0
18454.0,"Poyntelle, PA",2022-11,0,0,1
18454.0,"Poyntelle, PA",2022-12,-1,1,0
18455.0,"Preston Park, PA",2022-01,10,-10,0
18455.0,"Preston Park, PA",2022-02,9,-9,0
18455.0,"Preston Park, PA",2022-03,8,-8,0
18455.0,"Preston Park, PA",2022-04,7,-7,0
18455.0,"Preston Park, PA",2022-05,6,-6,0
18455.0,"Preston Park, PA",2022-06,5,-5,0
18455.0,"Preston Park, PA",2022-07,4,-4,0
18455.0,"Preston Park, PA",2022-08,3,-3,0
18455.0,"Preston Park, PA",2022-09,2,-2,0
18455.0,"Preston Park, PA",2022-10,1,-1,0
18455.0,"Preston Park, PA",2022-11,0,0,1
18455.0,"Preston Park, PA",2022-12,-1,1,0
18456.0,"Prompton, PA",2022-01,10,-10,0
18456.0,"Prompton, PA",2022-02,9,-9,0
18456.0,"Prompton, PA",2022-03,8,-8,0
18456.0,"Prompton, PA",2022-04,7,-7,0
18456.0,"Prompton, PA",2022-05,6,-6,0
18456.0,"Prompton, PA",2022-06,5,-5,0
18456.0,"Prompton, PA",2022-07,4,-4,0
18456.0,"Prompton, PA",2022-08,3,-3,0
18456.0,"Prompton, PA",2022-09,2,-2,0
18456.0,"Prompton, PA",2022-10,1,-1,0
18456.0,"Prompton, PA",2022-11,0,0,1
18456.0,"Prompton, PA",2022-12,-1,1,0
18457.0,"Rowland, PA",2022-01,10,-10,0
18457.0,"Rowland, PA",2022-02,9,-9,0
18457.0,"Rowland, PA",2022-03,8,-8,0
18457.0,"Rowland, PA",2022-04,7,-7,0
18457.0,"Rowland, PA",2022-05,6,-6,0
18457.0,"Rowland, PA",2022-06,5,-5,0
18457.0,"Rowland, PA",2022-07,4,-4,0
18457.0,"Rowland, PA",2022-08,3,-3,0
18457.0,"Rowland, PA",2022-09,2,-2,0
18457.0,"Rowland, PA",2022-10,1,-1,0
18457.0,"Rowland, PA",2022-11,0,0,1
18457.0,"Rowland, PA",2022-12,-1,1,0
18458.0,"Shohola, PA",2022-01,10,-10,0
18458.0,"Shohola, PA",2022-02,9,-9,0
18458.0,"Shohola, PA",2022-03,8,-8,0
18458.0,"Shohola, PA",2022-04,7,-7,0
18458.0,"Shohola, PA",2022-05,6,-6,0
18458.0,"Shohola, PA",2022-06,5,-5,0
18458.0,"Shohola, PA",2022-07,4,-4,0
18458.0,"Shohola, PA",2022-08,3,-3,0
18458.0,"Shohola, PA",2022-09,2,-2,0
18458.0,"Shohola, PA",2022-10,1,-1,0
18458.0,"Shohola, PA",2022-11,0,0,1
18458.0,"Shohola, PA",2022-12,-1,1,0
18460.0,"South Sterling, PA",2022-01,10,-10,0
18460.0,"South Sterling, PA",2022-02,9,-9,0
18460.0,"South Sterling, PA",2022-03,8,-8,0
18460.0,"South Sterling, PA",2022-04,7,-7,0
18460.0,"South Sterling, PA",2022-05,6,-6,0
18460.0,"South Sterling, PA",2022-06,5,-5,0
18460.0,"South Sterling, PA",2022-07,4,-4,0
18460.0,"South Sterling, PA",2022-08,3,-3,0
18460.0,"South Sterling, PA",2022-09,2,-2,0
18460.0,"South Sterling, PA",2022-10,1,-1,0
18460.0,"South Sterling, PA",2022-11,0,0,1
18460.0,"South Sterling, PA",2022-12,-1,1,0
18461.0,"Starlight, PA",2022-01,10,-10,0
18461.0,"Starlight, PA",2022-02,9,-9,0
18461.0,"Starlight, PA",2022-03,8,-8,0
18461.0,"Starlight, PA",2022-04,7,-7,0
18461.0,"Starlight, PA",2022-05,6,-6,0
18461.0,"Starlight, PA",2022-06,5,-5,0
18461.0,"Starlight, PA",2022-07,4,-4,0
18461.0,"Starlight, PA",2022-08,3,-3,0
18461.0,"Starlight, PA",2022-09,2,-2,0
18461.0,"Starlight, PA",2022-10,1,-1,0
18461.0,"Starlight, PA",2022-11,0,0,1
18461.0,"Starlight, PA",2022-12,-1,1,0
18462.0,"Starrucca, PA",2022-01,10,-10,0
18462.0,"Starrucca, PA",2022-02,9,-9,0
18462.0,"Starrucca, PA",2022-03,8,-8,0
18462.0,"Starrucca, PA",2022-04,7,-7,0
18462.0,"Starrucca, PA",2022-05,6,-6,0
18462.0,"Starrucca, PA",2022-06,5,-5,0
18462.0,"Starrucca, PA",2022-07,4,-4,0
18462.0,"Starrucca, PA",2022-08,3,-3,0
18462.0,"Starrucca, PA",2022-09,2,-2,0
18462.0,"Starrucca, PA",2022-10,1,-1,0
18462.0,"Starrucca, PA",2022-11,0,0,1
18462.0,"Starrucca, PA",2022-12,-1,1,0
18463.0,"Sterling, PA",2022-01,10,-10,0
18463.0,"Sterling, PA",2022-02,9,-9,0
18463.0,"Sterling, PA",2022-03,8,-8,0
18463.0,"Sterling, PA",2022-04,7,-7,0
18463.0,"Sterling, PA",2022-05,6,-6,0
18463.0,"Sterling, PA",2022-06,5,-5,0
18463.0,"Sterling, PA",2022-07,4,-4,0
18463.0,"Sterling, PA",2022-08,3,-3,0
18463.0,"Sterling, PA",2022-09,2,-2,0
18463.0,"Sterling, PA",2022-10,1,-1,0
18463.0,"Sterling, PA",2022-11,0,0,1
18463.0,"Sterling, PA",2022-12,-1,1,0
18464.0,"Tafton, PA",2022-01,10,-10,0
18464.0,"Tafton, PA",2022-02,9,-9,0
18464.0,"Tafton, PA",2022-03,8,-8,0
18464.0,"Tafton, PA",2022-04,7,-7,0
18464.0,"Tafton, PA",2022-05,6,-6,0
18464.0,"Tafton, PA",2022-06,5,-5,0
18464.0,"Tafton, PA",2022-07,4,-4,0
18464.0,"Tafton, PA",2022-08,3,-3,0
18464.0,"Tafton, PA",2022-09,2,-2,0
18464.0,"Tafton, PA",2022-10,1,-1,0
18464.0,"Tafton, PA",2022-11,0,0,1
18464.0,"Tafton, PA",2022-12,-1,1,0
18465.0,"Thompson, PA",2022-01,10,-10,0
18465.0,"Thompson, PA",2022-02,9,-9,0
18465.0,"Thompson, PA",2022-03,8,-8,0
18465.0,"Thompson, PA",2022-04,7,-7,0
18465.0,"Thompson, PA",2022-05,6,-6,0
18465.0,"Thompson, PA",2022-06,5,-5,0
18465.0,"Thompson, PA",2022-07,4,-4,0
18465.0,"Thompson, PA",2022-08,3,-3,0
18465.0,"Thompson, PA",2022-09,2,-2,0
18465.0,"Thompson, PA",2022-10,1,-1,0
18465.0,"Thompson, PA",2022-11,0,0,1
18465.0,"Thompson, PA",2022-12,-1,1,0
18466.0,"Tobyhanna, PA",2022-01,10,-10,0
18466.0,"Tobyhanna, PA",2022-02,9,-9,0
18466.0,"Tobyhanna, PA",2022-03,8,-8,0
18466.0,"Tobyhanna, PA",2022-04,7,-7,0
18466.0,"Tobyhanna, PA",2022-05,6,-6,0
18466.0,"Tobyhanna, PA",2022-06,5,-5,0
18466.0,"Tobyhanna, PA",2022-07,4,-4,0
18466.0,"Tobyhanna, PA",2022-08,3,-3,0
18466.0,"Tobyhanna, PA",2022-09,2,-2,0
18466.0,"Tobyhanna, PA",2022-10,1,-1,0
18466.0,"Tobyhanna, PA",2022-11,0,0,1
18466.0,"Tobyhanna, PA",2022-12,-1,1,0
18469.0,"Tyler Hill, PA",2022-01,10,-10,0
18469.0,"Tyler Hill, PA",2022-02,9,-9,0
18469.0,"Tyler Hill, PA",2022-03,8,-8,0
18469.0,"Tyler Hill, PA",2022-04,7,-7,0
18469.0,"Tyler Hill, PA",2022-05,6,-6,0
18469.0,"Tyler Hill, PA",2022-06,5,-5,0
18469.0,"Tyler Hill, PA",2022-07,4,-4,0
18469.0,"Tyler Hill, PA",2022-08,3,-3,0
18469.0,"Tyler Hill, PA",2022-09,2,-2,0
18469.0,"Tyler Hill, PA",2022-10,1,-1,0
18469.0,"Tyler Hill, PA",2022-11,0,0,1
18469.0,"Tyler Hill, PA",2022-12,-1,1,0
18470.0,"Union Dale, PA",2022-01,10,-10,0
18470.0,"Union Dale, PA",2022-02,9,-9,0
18470.0,"Union Dale, PA",2022-03,8,-8,0
18470.0,"Union Dale, PA",2022-04,7,-7,0
18470.0,"Union Dale, PA",2022-05,6,-6,0
18470.0,"Union Dale, PA",2022-06,5,-5,0
18470.0,"Union Dale, PA",2022-07,4,-4,0
18470.0,"Union Dale, PA",2022-08,3,-3,0
18470.0,"Union Dale, PA",2022-09,2,-2,0
18470.0,"Union Dale, PA",2022-10,1,-1,0
18470.0,"Union Dale, PA",2022-11,0,0,1
18470.0,"Union Dale, PA",2022-12,-1,1,0
18471.0,"Waverly, PA",2022-01,10,-10,0
18471.0,"Waverly, PA",2022-02,9,-9,0
18471.0,"Waverly, PA",2022-03,8,-8,0
18471.0,"Waverly, PA",2022-04,7,-7,0
18471.0,"Waverly, PA",2022-05,6,-6,0
18471.0,"Waverly, PA",2022-06,5,-5,0
18471.0,"Waverly, PA",2022-07,4,-4,0
18471.0,"Waverly, PA",2022-08,3,-3,0
18471.0,"Waverly, PA",2022-09,2,-2,0
18471.0,"Waverly, PA",2022-10,1,-1,0
18471.0,"Waverly, PA",2022-11,0,0,1
18471.0,"Waverly, PA",2022-12,-1,1,0
18472.0,"Waymart, PA",2022-01,10,-10,0
18472.0,"Waymart, PA",2022-02,9,-9,0
18472.0,"Waymart, PA",2022-03,8,-8,0
18472.0,"Waymart, PA",2022-04,7,-7,0
18472.0,"Waymart, PA",2022-05,6,-6,0
18472.0,"Waymart, PA",2022-06,5,-5,0
18472.0,"Waymart, PA",2022-07,4,-4,0
18472.0,"Waymart, PA",2022-08,3,-3,0
18472.0,"Waymart, PA",2022-09,2,-2,0
18472.0,"Waymart, PA",2022-10,1,-1,0
18472.0,"Waymart, PA",2022-11,0,0,1
18472.0,"Waymart, PA",2022-12,-1,1,0
18473.0,"White Mills, PA",2022-01,10,-10,0
18473.0,"White Mills, PA",2022-02,9,-9,0
18473.0,"White Mills, PA",2022-03,8,-8,0
18473.0,"White Mills, PA",2022-04,7,-7,0
18473.0,"White Mills, PA",2022-05,6,-6,0
18473.0,"White Mills, PA",2022-06,5,-5,0
18473.0,"White Mills, PA",2022-07,4,-4,0
18473.0,"White Mills, PA",2022-08,3,-3,0
18473.0,"White Mills, PA",2022-09,2,-2,0
18473.0,"White Mills, PA",2022-10,1,-1,0
18473.0,"White Mills, PA",2022-11,0,0,1
18473.0,"White Mills, PA",2022-12,-1,1,0
18503.0,"Scranton, PA",2022-01,10,-10,0
18503.0,"Scranton, PA",2022-02,9,-9,0
18503.0,"Scranton, PA",2022-03,8,-8,0
18503.0,"Scranton, PA",2022-04,7,-7,0
18503.0,"Scranton, PA",2022-05,6,-6,0
18503.0,"Scranton, PA",2022-06,5,-5,0
18503.0,"Scranton, PA",2022-07,4,-4,0
18503.0,"Scranton, PA",2022-08,3,-3,0
18503.0,"Scranton, PA",2022-09,2,-2,0
18503.0,"Scranton, PA",2022-10,1,-1,0
18503.0,"Scranton, PA",2022-11,0,0,1
18503.0,"Scranton, PA",2022-12,-1,1,0
18504.0,"Scranton, PA",2022-01,10,-10,0
18504.0,"Scranton, PA",2022-02,9,-9,0
18504.0,"Scranton, PA",2022-03,8,-8,0
18504.0,"Scranton, PA",2022-04,7,-7,0
18504.0,"Scranton, PA",2022-05,6,-6,0
18504.0,"Scranton, PA",2022-06,5,-5,0
18504.0,"Scranton, PA",2022-07,4,-4,0
18504.0,"Scranton, PA",2022-08,3,-3,0
18504.0,"Scranton, PA",2022-09,2,-2,0
18504.0,"Scranton, PA",2022-10,1,-1,0
18504.0,"Scranton, PA",2022-11,0,0,1
18504.0,"Scranton, PA",2022-12,-1,1,0
18505.0,"Scranton, PA",2022-01,10,-10,0
18505.0,"Scranton, PA",2022-02,9,-9,0
18505.0,"Scranton, PA",2022-03,8,-8,0
18505.0,"Scranton, PA",2022-04,7,-7,0
18505.0,"Scranton, PA",2022-05,6,-6,0
18505.0,"Scranton, PA",2022-06,5,-5,0
18505.0,"Scranton, PA",2022-07,4,-4,0
18505.0,"Scranton, PA",2022-08,3,-3,0
18505.0,"Scranton, PA",2022-09,2,-2,0
18505.0,"Scranton, PA",2022-10,1,-1,0
18505.0,"Scranton, PA",2022-11,0,0,1
18505.0,"Scranton, PA",2022-12,-1,1,0
18507.0,"Moosic, PA",2022-01,10,-10,0
18507.0,"Moosic, PA",2022-02,9,-9,0
18507.0,"Moosic, PA",2022-03,8,-8,0
18507.0,"Moosic, PA",2022-04,7,-7,0
18507.0,"Moosic, PA",2022-05,6,-6,0
18507.0,"Moosic, PA",2022-06,5,-5,0
18507.0,"Moosic, PA",2022-07,4,-4,0
18507.0,"Moosic, PA",2022-08,3,-3,0
18507.0,"Moosic, PA",2022-09,2,-2,0
18507.0,"Moosic, PA",2022-10,1,-1,0
18507.0,"Moosic, PA",2022-11,0,0,1
18507.0,"Moosic, PA",2022-12,-1,1,0
18508.0,"Scranton, PA",2022-01,10,-10,0
18508.0,"Scranton, PA",2022-02,9,-9,0
18508.0,"Scranton, PA",2022-03,8,-8,0
18508.0,"Scranton, PA",2022-04,7,-7,0
18508.0,"Scranton, PA",2022-05,6,-6,0
18508.0,"Scranton, PA",2022-06,5,-5,0
18508.0,"Scranton, PA",2022-07,4,-4,0
18508.0,"Scranton, PA",2022-08,3,-3,0
18508.0,"Scranton, PA",2022-09,2,-2,0
18508.0,"Scranton, PA",2022-10,1,-1,0
18508.0,"Scranton, PA",2022-11,0,0,1
18508.0,"Scranton, PA",2022-12,-1,1,0
18509.0,"Scranton, PA",2022-01,10,-10,0
18509.0,"Scranton, PA",2022-02,9,-9,0
18509.0,"Scranton, PA",2022-03,8,-8,0
18509.0,"Scranton, PA",2022-04,7,-7,0
18509.0,"Scranton, PA",2022-05,6,-6,0
18509.0,"Scranton, PA",2022-06,5,-5,0
18509.0,"Scranton, PA",2022-07,4,-4,0
18509.0,"Scranton, PA",2022-08,3,-3,0
18509.0,"Scranton, PA",2022-09,2,-2,0
18509.0,"Scranton, PA",2022-10,1,-1,0
18509.0,"Scranton, PA",2022-11,0,0,1
18509.0,"Scranton, PA",2022-12,-1,1,0
18510.0,"Scranton, PA",2022-01,10,-10,0
18510.0,"Scranton, PA",2022-02,9,-9,0
18510.0,"Scranton, PA",2022-03,8,-8,0
18510.0,"Scranton, PA",2022-04,7,-7,0
18510.0,"Scranton, PA",2022-05,6,-6,0
18510.0,"Scranton, PA",2022-06,5,-5,0
18510.0,"Scranton, PA",2022-07,4,-4,0
18510.0,"Scranton, PA",2022-08,3,-3,0
18510.0,"Scranton, PA",2022-09,2,-2,0
18510.0,"Scranton, PA",2022-10,1,-1,0
18510.0,"Scranton, PA",2022-11,0,0,1
18510.0,"Scranton, PA",2022-12,-1,1,0
18512.0,"Scranton, PA",2022-01,10,-10,0
18512.0,"Scranton, PA",2022-02,9,-9,0
18512.0,"Scranton, PA",2022-03,8,-8,0
18512.0,"Scranton, PA",2022-04,7,-7,0
18512.0,"Scranton, PA",2022-05,6,-6,0
18512.0,"Scranton, PA",2022-06,5,-5,0
18512.0,"Scranton, PA",2022-07,4,-4,0
18512.0,"Scranton, PA",2022-08,3,-3,0
18512.0,"Scranton, PA",2022-09,2,-2,0
18512.0,"Scranton, PA",2022-10,1,-1,0
18512.0,"Scranton, PA",2022-11,0,0,1
18512.0,"Scranton, PA",2022-12,-1,1,0
18517.0,"Taylor, PA",2022-01,10,-10,0
18517.0,"Taylor, PA",2022-02,9,-9,0
18517.0,"Taylor, PA",2022-03,8,-8,0
18517.0,"Taylor, PA",2022-04,7,-7,0
18517.0,"Taylor, PA",2022-05,6,-6,0
18517.0,"Taylor, PA",2022-06,5,-5,0
18517.0,"Taylor, PA",2022-07,4,-4,0
18517.0,"Taylor, PA",2022-08,3,-3,0
18517.0,"Taylor, PA",2022-09,2,-2,0
18517.0,"Taylor, PA",2022-10,1,-1,0
18517.0,"Taylor, PA",2022-11,0,0,1
18517.0,"Taylor, PA",2022-12,-1,1,0
18518.0,"Old Forge, PA",2022-01,10,-10,0
18518.0,"Old Forge, PA",2022-02,9,-9,0
18518.0,"Old Forge, PA",2022-03,8,-8,0
18518.0,"Old Forge, PA",2022-04,7,-7,0
18518.0,"Old Forge, PA",2022-05,6,-6,0
18518.0,"Old Forge, PA",2022-06,5,-5,0
18518.0,"Old Forge, PA",2022-07,4,-4,0
18518.0,"Old Forge, PA",2022-08,3,-3,0
18518.0,"Old Forge, PA",2022-09,2,-2,0
18518.0,"Old Forge, PA",2022-10,1,-1,0
18518.0,"Old Forge, PA",2022-11,0,0,1
18518.0,"Old Forge, PA",2022-12,-1,1,0
18519.0,"Dickson City, PA",2022-01,10,-10,0
18519.0,"Dickson City, PA",2022-02,9,-9,0
18519.0,"Dickson City, PA",2022-03,8,-8,0
18519.0,"Dickson City, PA",2022-04,7,-7,0
18519.0,"Dickson City, PA",2022-05,6,-6,0
18519.0,"Dickson City, PA",2022-06,5,-5,0
18519.0,"Dickson City, PA",2022-07,4,-4,0
18519.0,"Dickson City, PA",2022-08,3,-3,0
18519.0,"Dickson City, PA",2022-09,2,-2,0
18519.0,"Dickson City, PA",2022-10,1,-1,0
18519.0,"Dickson City, PA",2022-11,0,0,1
18519.0,"Dickson City, PA",2022-12,-1,1,0
18602.0,"Bear Creek, PA",2022-01,10,-10,0
18602.0,"Bear Creek, PA",2022-02,9,-9,0
18602.0,"Bear Creek, PA",2022-03,8,-8,0
18602.0,"Bear Creek, PA",2022-04,7,-7,0
18602.0,"Bear Creek, PA",2022-05,6,-6,0
18602.0,"Bear Creek, PA",2022-06,5,-5,0
18602.0,"Bear Creek, PA",2022-07,4,-4,0
18602.0,"Bear Creek, PA",2022-08,3,-3,0
18602.0,"Bear Creek, PA",2022-09,2,-2,0
18602.0,"Bear Creek, PA",2022-10,1,-1,0
18602.0,"Bear Creek, PA",2022-11,0,0,1
18602.0,"Bear Creek, PA",2022-12,-1,1,0
18603.0,"Berwick, PA",2022-01,10,-10,0
18603.0,"Berwick, PA",2022-02,9,-9,0
18603.0,"Berwick, PA",2022-03,8,-8,0
18603.0,"Berwick, PA",2022-04,7,-7,0
18603.0,"Berwick, PA",2022-05,6,-6,0
18603.0,"Berwick, PA",2022-06,5,-5,0
18603.0,"Berwick, PA",2022-07,4,-4,0
18603.0,"Berwick, PA",2022-08,3,-3,0
18603.0,"Berwick, PA",2022-09,2,-2,0
18603.0,"Berwick, PA",2022-10,1,-1,0
18603.0,"Berwick, PA",2022-11,0,0,1
18603.0,"Berwick, PA",2022-12,-1,1,0
18610.0,"Blakeslee, PA",2022-01,10,-10,0
18610.0,"Blakeslee, PA",2022-02,9,-9,0
18610.0,"Blakeslee, PA",2022-03,8,-8,0
18610.0,"Blakeslee, PA",2022-04,7,-7,0
18610.0,"Blakeslee, PA",2022-05,6,-6,0
18610.0,"Blakeslee, PA",2022-06,5,-5,0
18610.0,"Blakeslee, PA",2022-07,4,-4,0
18610.0,"Blakeslee, PA",2022-08,3,-3,0
18610.0,"Blakeslee, PA",2022-09,2,-2,0
18610.0,"Blakeslee, PA",2022-10,1,-1,0
18610.0,"Blakeslee, PA",2022-11,0,0,1
18610.0,"Blakeslee, PA",2022-12,-1,1,0
18612.0,"Dallas, PA",2022-01,10,-10,0
18612.0,"Dallas, PA",2022-02,9,-9,0
18612.0,"Dallas, PA",2022-03,8,-8,0
18612.0,"Dallas, PA",2022-04,7,-7,0
18612.0,"Dallas, PA",2022-05,6,-6,0
18612.0,"Dallas, PA",2022-06,5,-5,0
18612.0,"Dallas, PA",2022-07,4,-4,0
18612.0,"Dallas, PA",2022-08,3,-3,0
18612.0,"Dallas, PA",2022-09,2,-2,0
18612.0,"Dallas, PA",2022-10,1,-1,0
18612.0,"Dallas, PA",2022-11,0,0,1
18612.0,"Dallas, PA",2022-12,-1,1,0
18614.0,"Dushore, PA",2022-01,10,-10,0
18614.0,"Dushore, PA",2022-02,9,-9,0
18614.0,"Dushore, PA",2022-03,8,-8,0
18614.0,"Dushore, PA",2022-04,7,-7,0
18614.0,"Dushore, PA",2022-05,6,-6,0
18614.0,"Dushore, PA",2022-06,5,-5,0
18614.0,"Dushore, PA",2022-07,4,-4,0
18614.0,"Dushore, PA",2022-08,3,-3,0
18614.0,"Dushore, PA",2022-09,2,-2,0
18614.0,"Dushore, PA",2022-10,1,-1,0
18614.0,"Dushore, PA",2022-11,0,0,1
18614.0,"Dushore, PA",2022-12,-1,1,0
18615.0,"Falls, PA",2022-01,10,-10,0
18615.0,"Falls, PA",2022-02,9,-9,0
18615.0,"Falls, PA",2022-03,8,-8,0
18615.0,"Falls, PA",2022-04,7,-7,0
18615.0,"Falls, PA",2022-05,6,-6,0
18615.0,"Falls, PA",2022-06,5,-5,0
18615.0,"Falls, PA",2022-07,4,-4,0
18615.0,"Falls, PA",2022-08,3,-3,0
18615.0,"Falls, PA",2022-09,2,-2,0
18615.0,"Falls, PA",2022-10,1,-1,0
18615.0,"Falls, PA",2022-11,0,0,1
18615.0,"Falls, PA",2022-12,-1,1,0
18616.0,"Forksville, PA",2022-01,10,-10,0
18616.0,"Forksville, PA",2022-02,9,-9,0
18616.0,"Forksville, PA",2022-03,8,-8,0
18616.0,"Forksville, PA",2022-04,7,-7,0
18616.0,"Forksville, PA",2022-05,6,-6,0
18616.0,"Forksville, PA",2022-06,5,-5,0
18616.0,"Forksville, PA",2022-07,4,-4,0
18616.0,"Forksville, PA",2022-08,3,-3,0
18616.0,"Forksville, PA",2022-09,2,-2,0
18616.0,"Forksville, PA",2022-10,1,-1,0
18616.0,"Forksville, PA",2022-11,0,0,1
18616.0,"Forksville, PA",2022-12,-1,1,0
18617.0,"Glen Lyon, PA",2022-01,10,-10,0
18617.0,"Glen Lyon, PA",2022-02,9,-9,0
18617.0,"Glen Lyon, PA",2022-03,8,-8,0
18617.0,"Glen Lyon, PA",2022-04,7,-7,0
18617.0,"Glen Lyon, PA",2022-05,6,-6,0
18617.0,"Glen Lyon, PA",2022-06,5,-5,0
18617.0,"Glen Lyon, PA",2022-07,4,-4,0
18617.0,"Glen Lyon, PA",2022-08,3,-3,0
18617.0,"Glen Lyon, PA",2022-09,2,-2,0
18617.0,"Glen Lyon, PA",2022-10,1,-1,0
18617.0,"Glen Lyon, PA",2022-11,0,0,1
18617.0,"Glen Lyon, PA",2022-12,-1,1,0
18618.0,"Harveys Lake, PA",2022-01,10,-10,0
18618.0,"Harveys Lake, PA",2022-02,9,-9,0
18618.0,"Harveys Lake, PA",2022-03,8,-8,0
18618.0,"Harveys Lake, PA",2022-04,7,-7,0
18618.0,"Harveys Lake, PA",2022-05,6,-6,0
18618.0,"Harveys Lake, PA",2022-06,5,-5,0
18618.0,"Harveys Lake, PA",2022-07,4,-4,0
18618.0,"Harveys Lake, PA",2022-08,3,-3,0
18618.0,"Harveys Lake, PA",2022-09,2,-2,0
18618.0,"Harveys Lake, PA",2022-10,1,-1,0
18618.0,"Harveys Lake, PA",2022-11,0,0,1
18618.0,"Harveys Lake, PA",2022-12,-1,1,0
18619.0,"Hillsgrove, PA",2022-01,10,-10,0
18619.0,"Hillsgrove, PA",2022-02,9,-9,0
18619.0,"Hillsgrove, PA",2022-03,8,-8,0
18619.0,"Hillsgrove, PA",2022-04,7,-7,0
18619.0,"Hillsgrove, PA",2022-05,6,-6,0
18619.0,"Hillsgrove, PA",2022-06,5,-5,0
18619.0,"Hillsgrove, PA",2022-07,4,-4,0
18619.0,"Hillsgrove, PA",2022-08,3,-3,0
18619.0,"Hillsgrove, PA",2022-09,2,-2,0
18619.0,"Hillsgrove, PA",2022-10,1,-1,0
18619.0,"Hillsgrove, PA",2022-11,0,0,1
18619.0,"Hillsgrove, PA",2022-12,-1,1,0
18621.0,"Hunlock Creek, PA",2022-01,10,-10,0
18621.0,"Hunlock Creek, PA",2022-02,9,-9,0
18621.0,"Hunlock Creek, PA",2022-03,8,-8,0
18621.0,"Hunlock Creek, PA",2022-04,7,-7,0
18621.0,"Hunlock Creek, PA",2022-05,6,-6,0
18621.0,"Hunlock Creek, PA",2022-06,5,-5,0
18621.0,"Hunlock Creek, PA",2022-07,4,-4,0
18621.0,"Hunlock Creek, PA",2022-08,3,-3,0
18621.0,"Hunlock Creek, PA",2022-09,2,-2,0
18621.0,"Hunlock Creek, PA",2022-10,1,-1,0
18621.0,"Hunlock Creek, PA",2022-11,0,0,1
18621.0,"Hunlock Creek, PA",2022-12,-1,1,0
18622.0,"Huntington Mills, PA",2022-01,10,-10,0
18622.0,"Huntington Mills, PA",2022-02,9,-9,0
18622.0,"Huntington Mills, PA",2022-03,8,-8,0
18622.0,"Huntington Mills, PA",2022-04,7,-7,0
18622.0,"Huntington Mills, PA",2022-05,6,-6,0
18622.0,"Huntington Mills, PA",2022-06,5,-5,0
18622.0,"Huntington Mills, PA",2022-07,4,-4,0
18622.0,"Huntington Mills, PA",2022-08,3,-3,0
18622.0,"Huntington Mills, PA",2022-09,2,-2,0
18622.0,"Huntington Mills, PA",2022-10,1,-1,0
18622.0,"Huntington Mills, PA",2022-11,0,0,1
18622.0,"Huntington Mills, PA",2022-12,-1,1,0
18623.0,"Laceyville, PA",2022-01,10,-10,0
18623.0,"Laceyville, PA",2022-02,9,-9,0
18623.0,"Laceyville, PA",2022-03,8,-8,0
18623.0,"Laceyville, PA",2022-04,7,-7,0
18623.0,"Laceyville, PA",2022-05,6,-6,0
18623.0,"Laceyville, PA",2022-06,5,-5,0
18623.0,"Laceyville, PA",2022-07,4,-4,0
18623.0,"Laceyville, PA",2022-08,3,-3,0
18623.0,"Laceyville, PA",2022-09,2,-2,0
18623.0,"Laceyville, PA",2022-10,1,-1,0
18623.0,"Laceyville, PA",2022-11,0,0,1
18623.0,"Laceyville, PA",2022-12,-1,1,0
18624.0,"Lake Harmony, PA",2022-01,10,-10,0
18624.0,"Lake Harmony, PA",2022-02,9,-9,0
18624.0,"Lake Harmony, PA",2022-03,8,-8,0
18624.0,"Lake Harmony, PA",2022-04,7,-7,0
18624.0,"Lake Harmony, PA",2022-05,6,-6,0
18624.0,"Lake Harmony, PA",2022-06,5,-5,0
18624.0,"Lake Harmony, PA",2022-07,4,-4,0
18624.0,"Lake Harmony, PA",2022-08,3,-3,0
18624.0,"Lake Harmony, PA",2022-09,2,-2,0
18624.0,"Lake Harmony, PA",2022-10,1,-1,0
18624.0,"Lake Harmony, PA",2022-11,0,0,1
18624.0,"Lake Harmony, PA",2022-12,-1,1,0
18625.0,"Lake Winola, PA",2022-01,10,-10,0
18625.0,"Lake Winola, PA",2022-02,9,-9,0
18625.0,"Lake Winola, PA",2022-03,8,-8,0
18625.0,"Lake Winola, PA",2022-04,7,-7,0
18625.0,"Lake Winola, PA",2022-05,6,-6,0
18625.0,"Lake Winola, PA",2022-06,5,-5,0
18625.0,"Lake Winola, PA",2022-07,4,-4,0
18625.0,"Lake Winola, PA",2022-08,3,-3,0
18625.0,"Lake Winola, PA",2022-09,2,-2,0
18625.0,"Lake Winola, PA",2022-10,1,-1,0
18625.0,"Lake Winola, PA",2022-11,0,0,1
18625.0,"Lake Winola, PA",2022-12,-1,1,0
18626.0,"Laporte, PA",2022-01,10,-10,0
18626.0,"Laporte, PA",2022-02,9,-9,0
18626.0,"Laporte, PA",2022-03,8,-8,0
18626.0,"Laporte, PA",2022-04,7,-7,0
18626.0,"Laporte, PA",2022-05,6,-6,0
18626.0,"Laporte, PA",2022-06,5,-5,0
18626.0,"Laporte, PA",2022-07,4,-4,0
18626.0,"Laporte, PA",2022-08,3,-3,0
18626.0,"Laporte, PA",2022-09,2,-2,0
18626.0,"Laporte, PA",2022-10,1,-1,0
18626.0,"Laporte, PA",2022-11,0,0,1
18626.0,"Laporte, PA",2022-12,-1,1,0
18627.0,"Lehman, PA",2022-01,10,-10,0
18627.0,"Lehman, PA",2022-02,9,-9,0
18627.0,"Lehman, PA",2022-03,8,-8,0
18627.0,"Lehman, PA",2022-04,7,-7,0
18627.0,"Lehman, PA",2022-05,6,-6,0
18627.0,"Lehman, PA",2022-06,5,-5,0
18627.0,"Lehman, PA",2022-07,4,-4,0
18627.0,"Lehman, PA",2022-08,3,-3,0
18627.0,"Lehman, PA",2022-09,2,-2,0
18627.0,"Lehman, PA",2022-10,1,-1,0
18627.0,"Lehman, PA",2022-11,0,0,1
18627.0,"Lehman, PA",2022-12,-1,1,0
18628.0,"Lopez, PA",2022-01,10,-10,0
18628.0,"Lopez, PA",2022-02,9,-9,0
18628.0,"Lopez, PA",2022-03,8,-8,0
18628.0,"Lopez, PA",2022-04,7,-7,0
18628.0,"Lopez, PA",2022-05,6,-6,0
18628.0,"Lopez, PA",2022-06,5,-5,0
18628.0,"Lopez, PA",2022-07,4,-4,0
18628.0,"Lopez, PA",2022-08,3,-3,0
18628.0,"Lopez, PA",2022-09,2,-2,0
18628.0,"Lopez, PA",2022-10,1,-1,0
18628.0,"Lopez, PA",2022-11,0,0,1
18628.0,"Lopez, PA",2022-12,-1,1,0
18629.0,"Mehoopany, PA",2022-01,10,-10,0
18629.0,"Mehoopany, PA",2022-02,9,-9,0
18629.0,"Mehoopany, PA",2022-03,8,-8,0
18629.0,"Mehoopany, PA",2022-04,7,-7,0
18629.0,"Mehoopany, PA",2022-05,6,-6,0
18629.0,"Mehoopany, PA",2022-06,5,-5,0
18629.0,"Mehoopany, PA",2022-07,4,-4,0
18629.0,"Mehoopany, PA",2022-08,3,-3,0
18629.0,"Mehoopany, PA",2022-09,2,-2,0
18629.0,"Mehoopany, PA",2022-10,1,-1,0
18629.0,"Mehoopany, PA",2022-11,0,0,1
18629.0,"Mehoopany, PA",2022-12,-1,1,0
18630.0,"Meshoppen, PA",2022-01,10,-10,0
18630.0,"Meshoppen, PA",2022-02,9,-9,0
18630.0,"Meshoppen, PA",2022-03,8,-8,0
18630.0,"Meshoppen, PA",2022-04,7,-7,0
18630.0,"Meshoppen, PA",2022-05,6,-6,0
18630.0,"Meshoppen, PA",2022-06,5,-5,0
18630.0,"Meshoppen, PA",2022-07,4,-4,0
18630.0,"Meshoppen, PA",2022-08,3,-3,0
18630.0,"Meshoppen, PA",2022-09,2,-2,0
18630.0,"Meshoppen, PA",2022-10,1,-1,0
18630.0,"Meshoppen, PA",2022-11,0,0,1
18630.0,"Meshoppen, PA",2022-12,-1,1,0
18631.0,"Mifflinville, PA",2022-01,10,-10,0
18631.0,"Mifflinville, PA",2022-02,9,-9,0
18631.0,"Mifflinville, PA",2022-03,8,-8,0
18631.0,"Mifflinville, PA",2022-04,7,-7,0
18631.0,"Mifflinville, PA",2022-05,6,-6,0
18631.0,"Mifflinville, PA",2022-06,5,-5,0
18631.0,"Mifflinville, PA",2022-07,4,-4,0
18631.0,"Mifflinville, PA",2022-08,3,-3,0
18631.0,"Mifflinville, PA",2022-09,2,-2,0
18631.0,"Mifflinville, PA",2022-10,1,-1,0
18631.0,"Mifflinville, PA",2022-11,0,0,1
18631.0,"Mifflinville, PA",2022-12,-1,1,0
18632.0,"Mildred, PA",2022-01,10,-10,0
18632.0,"Mildred, PA",2022-02,9,-9,0
18632.0,"Mildred, PA",2022-03,8,-8,0
18632.0,"Mildred, PA",2022-04,7,-7,0
18632.0,"Mildred, PA",2022-05,6,-6,0
18632.0,"Mildred, PA",2022-06,5,-5,0
18632.0,"Mildred, PA",2022-07,4,-4,0
18632.0,"Mildred, PA",2022-08,3,-3,0
18632.0,"Mildred, PA",2022-09,2,-2,0
18632.0,"Mildred, PA",2022-10,1,-1,0
18632.0,"Mildred, PA",2022-11,0,0,1
18632.0,"Mildred, PA",2022-12,-1,1,0
18634.0,"Nanticoke, PA",2022-01,10,-10,0
18634.0,"Nanticoke, PA",2022-02,9,-9,0
18634.0,"Nanticoke, PA",2022-03,8,-8,0
18634.0,"Nanticoke, PA",2022-04,7,-7,0
18634.0,"Nanticoke, PA",2022-05,6,-6,0
18634.0,"Nanticoke, PA",2022-06,5,-5,0
18634.0,"Nanticoke, PA",2022-07,4,-4,0
18634.0,"Nanticoke, PA",2022-08,3,-3,0
18634.0,"Nanticoke, PA",2022-09,2,-2,0
18634.0,"Nanticoke, PA",2022-10,1,-1,0
18634.0,"Nanticoke, PA",2022-11,0,0,1
18634.0,"Nanticoke, PA",2022-12,-1,1,0
18635.0,"Nescopeck, PA",2022-01,10,-10,0
18635.0,"Nescopeck, PA",2022-02,9,-9,0
18635.0,"Nescopeck, PA",2022-03,8,-8,0
18635.0,"Nescopeck, PA",2022-04,7,-7,0
18635.0,"Nescopeck, PA",2022-05,6,-6,0
18635.0,"Nescopeck, PA",2022-06,5,-5,0
18635.0,"Nescopeck, PA",2022-07,4,-4,0
18635.0,"Nescopeck, PA",2022-08,3,-3,0
18635.0,"Nescopeck, PA",2022-09,2,-2,0
18635.0,"Nescopeck, PA",2022-10,1,-1,0
18635.0,"Nescopeck, PA",2022-11,0,0,1
18635.0,"Nescopeck, PA",2022-12,-1,1,0
18636.0,"Noxen, PA",2022-01,10,-10,0
18636.0,"Noxen, PA",2022-02,9,-9,0
18636.0,"Noxen, PA",2022-03,8,-8,0
18636.0,"Noxen, PA",2022-04,7,-7,0
18636.0,"Noxen, PA",2022-05,6,-6,0
18636.0,"Noxen, PA",2022-06,5,-5,0
18636.0,"Noxen, PA",2022-07,4,-4,0
18636.0,"Noxen, PA",2022-08,3,-3,0
18636.0,"Noxen, PA",2022-09,2,-2,0
18636.0,"Noxen, PA",2022-10,1,-1,0
18636.0,"Noxen, PA",2022-11,0,0,1
18636.0,"Noxen, PA",2022-12,-1,1,0
18640.0,"Pittston, PA",2022-01,10,-10,0
18640.0,"Pittston, PA",2022-02,9,-9,0
18640.0,"Pittston, PA",2022-03,8,-8,0
18640.0,"Pittston, PA",2022-04,7,-7,0
18640.0,"Pittston, PA",2022-05,6,-6,0
18640.0,"Pittston, PA",2022-06,5,-5,0
18640.0,"Pittston, PA",2022-07,4,-4,0
18640.0,"Pittston, PA",2022-08,3,-3,0
18640.0,"Pittston, PA",2022-09,2,-2,0
18640.0,"Pittston, PA",2022-10,1,-1,0
18640.0,"Pittston, PA",2022-11,0,0,1
18640.0,"Pittston, PA",2022-12,-1,1,0
18641.0,"Pittston, PA",2022-01,10,-10,0
18641.0,"Pittston, PA",2022-02,9,-9,0
18641.0,"Pittston, PA",2022-03,8,-8,0
18641.0,"Pittston, PA",2022-04,7,-7,0
18641.0,"Pittston, PA",2022-05,6,-6,0
18641.0,"Pittston, PA",2022-06,5,-5,0
18641.0,"Pittston, PA",2022-07,4,-4,0
18641.0,"Pittston, PA",2022-08,3,-3,0
18641.0,"Pittston, PA",2022-09,2,-2,0
18641.0,"Pittston, PA",2022-10,1,-1,0
18641.0,"Pittston, PA",2022-11,0,0,1
18641.0,"Pittston, PA",2022-12,-1,1,0
18642.0,"Duryea, PA",2022-01,10,-10,0
18642.0,"Duryea, PA",2022-02,9,-9,0
18642.0,"Duryea, PA",2022-03,8,-8,0
18642.0,"Duryea, PA",2022-04,7,-7,0
18642.0,"Duryea, PA",2022-05,6,-6,0
18642.0,"Duryea, PA",2022-06,5,-5,0
18642.0,"Duryea, PA",2022-07,4,-4,0
18642.0,"Duryea, PA",2022-08,3,-3,0
18642.0,"Duryea, PA",2022-09,2,-2,0
18642.0,"Duryea, PA",2022-10,1,-1,0
18642.0,"Duryea, PA",2022-11,0,0,1
18642.0,"Duryea, PA",2022-12,-1,1,0
18643.0,"Pittston, PA",2022-01,10,-10,0
18643.0,"Pittston, PA",2022-02,9,-9,0
18643.0,"Pittston, PA",2022-03,8,-8,0
18643.0,"Pittston, PA",2022-04,7,-7,0
18643.0,"Pittston, PA",2022-05,6,-6,0
18643.0,"Pittston, PA",2022-06,5,-5,0
18643.0,"Pittston, PA",2022-07,4,-4,0
18643.0,"Pittston, PA",2022-08,3,-3,0
18643.0,"Pittston, PA",2022-09,2,-2,0
18643.0,"Pittston, PA",2022-10,1,-1,0
18643.0,"Pittston, PA",2022-11,0,0,1
18643.0,"Pittston, PA",2022-12,-1,1,0
18644.0,"Wyoming, PA",2022-01,10,-10,0
18644.0,"Wyoming, PA",2022-02,9,-9,0
18644.0,"Wyoming, PA",2022-03,8,-8,0
18644.0,"Wyoming, PA",2022-04,7,-7,0
18644.0,"Wyoming, PA",2022-05,6,-6,0
18644.0,"Wyoming, PA",2022-06,5,-5,0
18644.0,"Wyoming, PA",2022-07,4,-4,0
18644.0,"Wyoming, PA",2022-08,3,-3,0
18644.0,"Wyoming, PA",2022-09,2,-2,0
18644.0,"Wyoming, PA",2022-10,1,-1,0
18644.0,"Wyoming, PA",2022-11,0,0,1
18644.0,"Wyoming, PA",2022-12,-1,1,0
18651.0,"Plymouth, PA",2022-01,10,-10,0
18651.0,"Plymouth, PA",2022-02,9,-9,0
18651.0,"Plymouth, PA",2022-03,8,-8,0
18651.0,"Plymouth, PA",2022-04,7,-7,0
18651.0,"Plymouth, PA",2022-05,6,-6,0
18651.0,"Plymouth, PA",2022-06,5,-5,0
18651.0,"Plymouth, PA",2022-07,4,-4,0
18651.0,"Plymouth, PA",2022-08,3,-3,0
18651.0,"Plymouth, PA",2022-09,2,-2,0
18651.0,"Plymouth, PA",2022-10,1,-1,0
18651.0,"Plymouth, PA",2022-11,0,0,1
18651.0,"Plymouth, PA",2022-12,-1,1,0
18655.0,"Shickshinny, PA",2022-01,10,-10,0
18655.0,"Shickshinny, PA",2022-02,9,-9,0
18655.0,"Shickshinny, PA",2022-03,8,-8,0
18655.0,"Shickshinny, PA",2022-04,7,-7,0
18655.0,"Shickshinny, PA",2022-05,6,-6,0
18655.0,"Shickshinny, PA",2022-06,5,-5,0
18655.0,"Shickshinny, PA",2022-07,4,-4,0
18655.0,"Shickshinny, PA",2022-08,3,-3,0
18655.0,"Shickshinny, PA",2022-09,2,-2,0
18655.0,"Shickshinny, PA",2022-10,1,-1,0
18655.0,"Shickshinny, PA",2022-11,0,0,1
18655.0,"Shickshinny, PA",2022-12,-1,1,0
18656.0,"Sweet Valley, PA",2022-01,10,-10,0
18656.0,"Sweet Valley, PA",2022-02,9,-9,0
18656.0,"Sweet Valley, PA",2022-03,8,-8,0
18656.0,"Sweet Valley, PA",2022-04,7,-7,0
18656.0,"Sweet Valley, PA",2022-05,6,-6,0
18656.0,"Sweet Valley, PA",2022-06,5,-5,0
18656.0,"Sweet Valley, PA",2022-07,4,-4,0
18656.0,"Sweet Valley, PA",2022-08,3,-3,0
18656.0,"Sweet Valley, PA",2022-09,2,-2,0
18656.0,"Sweet Valley, PA",2022-10,1,-1,0
18656.0,"Sweet Valley, PA",2022-11,0,0,1
18656.0,"Sweet Valley, PA",2022-12,-1,1,0
18657.0,"Tunkhannock, PA",2022-01,10,-10,0
18657.0,"Tunkhannock, PA",2022-02,9,-9,0
18657.0,"Tunkhannock, PA",2022-03,8,-8,0
18657.0,"Tunkhannock, PA",2022-04,7,-7,0
18657.0,"Tunkhannock, PA",2022-05,6,-6,0
18657.0,"Tunkhannock, PA",2022-06,5,-5,0
18657.0,"Tunkhannock, PA",2022-07,4,-4,0
18657.0,"Tunkhannock, PA",2022-08,3,-3,0
18657.0,"Tunkhannock, PA",2022-09,2,-2,0
18657.0,"Tunkhannock, PA",2022-10,1,-1,0
18657.0,"Tunkhannock, PA",2022-11,0,0,1
18657.0,"Tunkhannock, PA",2022-12,-1,1,0
18660.0,"Wapwallopen, PA",2022-01,10,-10,0
18660.0,"Wapwallopen, PA",2022-02,9,-9,0
18660.0,"Wapwallopen, PA",2022-03,8,-8,0
18660.0,"Wapwallopen, PA",2022-04,7,-7,0
18660.0,"Wapwallopen, PA",2022-05,6,-6,0
18660.0,"Wapwallopen, PA",2022-06,5,-5,0
18660.0,"Wapwallopen, PA",2022-07,4,-4,0
18660.0,"Wapwallopen, PA",2022-08,3,-3,0
18660.0,"Wapwallopen, PA",2022-09,2,-2,0
18660.0,"Wapwallopen, PA",2022-10,1,-1,0
18660.0,"Wapwallopen, PA",2022-11,0,0,1
18660.0,"Wapwallopen, PA",2022-12,-1,1,0
18661.0,"White Haven, PA",2022-01,10,-10,0
18661.0,"White Haven, PA",2022-02,9,-9,0
18661.0,"White Haven, PA",2022-03,8,-8,0
18661.0,"White Haven, PA",2022-04,7,-7,0
18661.0,"White Haven, PA",2022-05,6,-6,0
18661.0,"White Haven, PA",2022-06,5,-5,0
18661.0,"White Haven, PA",2022-07,4,-4,0
18661.0,"White Haven, PA",2022-08,3,-3,0
18661.0,"White Haven, PA",2022-09,2,-2,0
18661.0,"White Haven, PA",2022-10,1,-1,0
18661.0,"White Haven, PA",2022-11,0,0,1
18661.0,"White Haven, PA",2022-12,-1,1,0
18701.0,"Wilkes Barre, PA",2022-01,10,-10,0
18701.0,"Wilkes Barre, PA",2022-02,9,-9,0
18701.0,"Wilkes Barre, PA",2022-03,8,-8,0
18701.0,"Wilkes Barre, PA",2022-04,7,-7,0
18701.0,"Wilkes Barre, PA",2022-05,6,-6,0
18701.0,"Wilkes Barre, PA",2022-06,5,-5,0
18701.0,"Wilkes Barre, PA",2022-07,4,-4,0
18701.0,"Wilkes Barre, PA",2022-08,3,-3,0
18701.0,"Wilkes Barre, PA",2022-09,2,-2,0
18701.0,"Wilkes Barre, PA",2022-10,1,-1,0
18701.0,"Wilkes Barre, PA",2022-11,0,0,1
18701.0,"Wilkes Barre, PA",2022-12,-1,1,0
18702.0,"Wilkes Barre, PA",2022-01,10,-10,0
18702.0,"Wilkes Barre, PA",2022-02,9,-9,0
18702.0,"Wilkes Barre, PA",2022-03,8,-8,0
18702.0,"Wilkes Barre, PA",2022-04,7,-7,0
18702.0,"Wilkes Barre, PA",2022-05,6,-6,0
18702.0,"Wilkes Barre, PA",2022-06,5,-5,0
18702.0,"Wilkes Barre, PA",2022-07,4,-4,0
18702.0,"Wilkes Barre, PA",2022-08,3,-3,0
18702.0,"Wilkes Barre, PA",2022-09,2,-2,0
18702.0,"Wilkes Barre, PA",2022-10,1,-1,0
18702.0,"Wilkes Barre, PA",2022-11,0,0,1
18702.0,"Wilkes Barre, PA",2022-12,-1,1,0
18704.0,"Kingston, PA",2022-01,10,-10,0
18704.0,"Kingston, PA",2022-02,9,-9,0
18704.0,"Kingston, PA",2022-03,8,-8,0
18704.0,"Kingston, PA",2022-04,7,-7,0
18704.0,"Kingston, PA",2022-05,6,-6,0
18704.0,"Kingston, PA",2022-06,5,-5,0
18704.0,"Kingston, PA",2022-07,4,-4,0
18704.0,"Kingston, PA",2022-08,3,-3,0
18704.0,"Kingston, PA",2022-09,2,-2,0
18704.0,"Kingston, PA",2022-10,1,-1,0
18704.0,"Kingston, PA",2022-11,0,0,1
18704.0,"Kingston, PA",2022-12,-1,1,0
18705.0,"Wilkes Barre, PA",2022-01,10,-10,0
18705.0,"Wilkes Barre, PA",2022-02,9,-9,0
18705.0,"Wilkes Barre, PA",2022-03,8,-8,0
18705.0,"Wilkes Barre, PA",2022-04,7,-7,0
18705.0,"Wilkes Barre, PA",2022-05,6,-6,0
18705.0,"Wilkes Barre, PA",2022-06,5,-5,0
18705.0,"Wilkes Barre, PA",2022-07,4,-4,0
18705.0,"Wilkes Barre, PA",2022-08,3,-3,0
18705.0,"Wilkes Barre, PA",2022-09,2,-2,0
18705.0,"Wilkes Barre, PA",2022-10,1,-1,0
18705.0,"Wilkes Barre, PA",2022-11,0,0,1
18705.0,"Wilkes Barre, PA",2022-12,-1,1,0
18706.0,"Wilkes Barre, PA",2022-01,10,-10,0
18706.0,"Wilkes Barre, PA",2022-02,9,-9,0
18706.0,"Wilkes Barre, PA",2022-03,8,-8,0
18706.0,"Wilkes Barre, PA",2022-04,7,-7,0
18706.0,"Wilkes Barre, PA",2022-05,6,-6,0
18706.0,"Wilkes Barre, PA",2022-06,5,-5,0
18706.0,"Wilkes Barre, PA",2022-07,4,-4,0
18706.0,"Wilkes Barre, PA",2022-08,3,-3,0
18706.0,"Wilkes Barre, PA",2022-09,2,-2,0
18706.0,"Wilkes Barre, PA",2022-10,1,-1,0
18706.0,"Wilkes Barre, PA",2022-11,0,0,1
18706.0,"Wilkes Barre, PA",2022-12,-1,1,0
18707.0,"Mountain Top, PA",2022-01,10,-10,0
18707.0,"Mountain Top, PA",2022-02,9,-9,0
18707.0,"Mountain Top, PA",2022-03,8,-8,0
18707.0,"Mountain Top, PA",2022-04,7,-7,0
18707.0,"Mountain Top, PA",2022-05,6,-6,0
18707.0,"Mountain Top, PA",2022-06,5,-5,0
18707.0,"Mountain Top, PA",2022-07,4,-4,0
18707.0,"Mountain Top, PA",2022-08,3,-3,0
18707.0,"Mountain Top, PA",2022-09,2,-2,0
18707.0,"Mountain Top, PA",2022-10,1,-1,0
18707.0,"Mountain Top, PA",2022-11,0,0,1
18707.0,"Mountain Top, PA",2022-12,-1,1,0
18708.0,"Shavertown, PA",2022-01,10,-10,0
18708.0,"Shavertown, PA",2022-02,9,-9,0
18708.0,"Shavertown, PA",2022-03,8,-8,0
18708.0,"Shavertown, PA",2022-04,7,-7,0
18708.0,"Shavertown, PA",2022-05,6,-6,0
18708.0,"Shavertown, PA",2022-06,5,-5,0
18708.0,"Shavertown, PA",2022-07,4,-4,0
18708.0,"Shavertown, PA",2022-08,3,-3,0
18708.0,"Shavertown, PA",2022-09,2,-2,0
18708.0,"Shavertown, PA",2022-10,1,-1,0
18708.0,"Shavertown, PA",2022-11,0,0,1
18708.0,"Shavertown, PA",2022-12,-1,1,0
18709.0,"Luzerne, PA",2022-01,10,-10,0
18709.0,"Luzerne, PA",2022-02,9,-9,0
18709.0,"Luzerne, PA",2022-03,8,-8,0
18709.0,"Luzerne, PA",2022-04,7,-7,0
18709.0,"Luzerne, PA",2022-05,6,-6,0
18709.0,"Luzerne, PA",2022-06,5,-5,0
18709.0,"Luzerne, PA",2022-07,4,-4,0
18709.0,"Luzerne, PA",2022-08,3,-3,0
18709.0,"Luzerne, PA",2022-09,2,-2,0
18709.0,"Luzerne, PA",2022-10,1,-1,0
18709.0,"Luzerne, PA",2022-11,0,0,1
18709.0,"Luzerne, PA",2022-12,-1,1,0
18801.0,"Montrose, PA",2022-01,10,-10,0
18801.0,"Montrose, PA",2022-02,9,-9,0
18801.0,"Montrose, PA",2022-03,8,-8,0
18801.0,"Montrose, PA",2022-04,7,-7,0
18801.0,"Montrose, PA",2022-05,6,-6,0
18801.0,"Montrose, PA",2022-06,5,-5,0
18801.0,"Montrose, PA",2022-07,4,-4,0
18801.0,"Montrose, PA",2022-08,3,-3,0
18801.0,"Montrose, PA",2022-09,2,-2,0
18801.0,"Montrose, PA",2022-10,1,-1,0
18801.0,"Montrose, PA",2022-11,0,0,1
18801.0,"Montrose, PA",2022-12,-1,1,0
18810.0,"Athens, PA",2022-01,10,-10,0
18810.0,"Athens, PA",2022-02,9,-9,0
18810.0,"Athens, PA",2022-03,8,-8,0
18810.0,"Athens, PA",2022-04,7,-7,0
18810.0,"Athens, PA",2022-05,6,-6,0
18810.0,"Athens, PA",2022-06,5,-5,0
18810.0,"Athens, PA",2022-07,4,-4,0
18810.0,"Athens, PA",2022-08,3,-3,0
18810.0,"Athens, PA",2022-09,2,-2,0
18810.0,"Athens, PA",2022-10,1,-1,0
18810.0,"Athens, PA",2022-11,0,0,1
18810.0,"Athens, PA",2022-12,-1,1,0
18812.0,"Brackney, PA",2022-01,10,-10,0
18812.0,"Brackney, PA",2022-02,9,-9,0
18812.0,"Brackney, PA",2022-03,8,-8,0
18812.0,"Brackney, PA",2022-04,7,-7,0
18812.0,"Brackney, PA",2022-05,6,-6,0
18812.0,"Brackney, PA",2022-06,5,-5,0
18812.0,"Brackney, PA",2022-07,4,-4,0
18812.0,"Brackney, PA",2022-08,3,-3,0
18812.0,"Brackney, PA",2022-09,2,-2,0
18812.0,"Brackney, PA",2022-10,1,-1,0
18812.0,"Brackney, PA",2022-11,0,0,1
18812.0,"Brackney, PA",2022-12,-1,1,0
18814.0,"Burlington, PA",2022-01,10,-10,0
18814.0,"Burlington, PA",2022-02,9,-9,0
18814.0,"Burlington, PA",2022-03,8,-8,0
18814.0,"Burlington, PA",2022-04,7,-7,0
18814.0,"Burlington, PA",2022-05,6,-6,0
18814.0,"Burlington, PA",2022-06,5,-5,0
18814.0,"Burlington, PA",2022-07,4,-4,0
18814.0,"Burlington, PA",2022-08,3,-3,0
18814.0,"Burlington, PA",2022-09,2,-2,0
18814.0,"Burlington, PA",2022-10,1,-1,0
18814.0,"Burlington, PA",2022-11,0,0,1
18814.0,"Burlington, PA",2022-12,-1,1,0
18816.0,"Dimock, PA",2022-01,10,-10,0
18816.0,"Dimock, PA",2022-02,9,-9,0
18816.0,"Dimock, PA",2022-03,8,-8,0
18816.0,"Dimock, PA",2022-04,7,-7,0
18816.0,"Dimock, PA",2022-05,6,-6,0
18816.0,"Dimock, PA",2022-06,5,-5,0
18816.0,"Dimock, PA",2022-07,4,-4,0
18816.0,"Dimock, PA",2022-08,3,-3,0
18816.0,"Dimock, PA",2022-09,2,-2,0
18816.0,"Dimock, PA",2022-10,1,-1,0
18816.0,"Dimock, PA",2022-11,0,0,1
18816.0,"Dimock, PA",2022-12,-1,1,0
18817.0,"East Smithfield, PA",2022-01,10,-10,0
18817.0,"East Smithfield, PA",2022-02,9,-9,0
18817.0,"East Smithfield, PA",2022-03,8,-8,0
18817.0,"East Smithfield, PA",2022-04,7,-7,0
18817.0,"East Smithfield, PA",2022-05,6,-6,0
18817.0,"East Smithfield, PA",2022-06,5,-5,0
18817.0,"East Smithfield, PA",2022-07,4,-4,0
18817.0,"East Smithfield, PA",2022-08,3,-3,0
18817.0,"East Smithfield, PA",2022-09,2,-2,0
18817.0,"East Smithfield, PA",2022-10,1,-1,0
18817.0,"East Smithfield, PA",2022-11,0,0,1
18817.0,"East Smithfield, PA",2022-12,-1,1,0
18818.0,"Friendsville, PA",2022-01,10,-10,0
18818.0,"Friendsville, PA",2022-02,9,-9,0
18818.0,"Friendsville, PA",2022-03,8,-8,0
18818.0,"Friendsville, PA",2022-04,7,-7,0
18818.0,"Friendsville, PA",2022-05,6,-6,0
18818.0,"Friendsville, PA",2022-06,5,-5,0
18818.0,"Friendsville, PA",2022-07,4,-4,0
18818.0,"Friendsville, PA",2022-08,3,-3,0
18818.0,"Friendsville, PA",2022-09,2,-2,0
18818.0,"Friendsville, PA",2022-10,1,-1,0
18818.0,"Friendsville, PA",2022-11,0,0,1
18818.0,"Friendsville, PA",2022-12,-1,1,0
18820.0,"Gibson, PA",2022-01,10,-10,0
18820.0,"Gibson, PA",2022-02,9,-9,0
18820.0,"Gibson, PA",2022-03,8,-8,0
18820.0,"Gibson, PA",2022-04,7,-7,0
18820.0,"Gibson, PA",2022-05,6,-6,0
18820.0,"Gibson, PA",2022-06,5,-5,0
18820.0,"Gibson, PA",2022-07,4,-4,0
18820.0,"Gibson, PA",2022-08,3,-3,0
18820.0,"Gibson, PA",2022-09,2,-2,0
18820.0,"Gibson, PA",2022-10,1,-1,0
18820.0,"Gibson, PA",2022-11,0,0,1
18820.0,"Gibson, PA",2022-12,-1,1,0
18821.0,"Great Bend, PA",2022-01,10,-10,0
18821.0,"Great Bend, PA",2022-02,9,-9,0
18821.0,"Great Bend, PA",2022-03,8,-8,0
18821.0,"Great Bend, PA",2022-04,7,-7,0
18821.0,"Great Bend, PA",2022-05,6,-6,0
18821.0,"Great Bend, PA",2022-06,5,-5,0
18821.0,"Great Bend, PA",2022-07,4,-4,0
18821.0,"Great Bend, PA",2022-08,3,-3,0
18821.0,"Great Bend, PA",2022-09,2,-2,0
18821.0,"Great Bend, PA",2022-10,1,-1,0
18821.0,"Great Bend, PA",2022-11,0,0,1
18821.0,"Great Bend, PA",2022-12,-1,1,0
18822.0,"Hallstead, PA",2022-01,10,-10,0
18822.0,"Hallstead, PA",2022-02,9,-9,0
18822.0,"Hallstead, PA",2022-03,8,-8,0
18822.0,"Hallstead, PA",2022-04,7,-7,0
18822.0,"Hallstead, PA",2022-05,6,-6,0
18822.0,"Hallstead, PA",2022-06,5,-5,0
18822.0,"Hallstead, PA",2022-07,4,-4,0
18822.0,"Hallstead, PA",2022-08,3,-3,0
18822.0,"Hallstead, PA",2022-09,2,-2,0
18822.0,"Hallstead, PA",2022-10,1,-1,0
18822.0,"Hallstead, PA",2022-11,0,0,1
18822.0,"Hallstead, PA",2022-12,-1,1,0
18823.0,"Harford, PA",2022-01,10,-10,0
18823.0,"Harford, PA",2022-02,9,-9,0
18823.0,"Harford, PA",2022-03,8,-8,0
18823.0,"Harford, PA",2022-04,7,-7,0
18823.0,"Harford, PA",2022-05,6,-6,0
18823.0,"Harford, PA",2022-06,5,-5,0
18823.0,"Harford, PA",2022-07,4,-4,0
18823.0,"Harford, PA",2022-08,3,-3,0
18823.0,"Harford, PA",2022-09,2,-2,0
18823.0,"Harford, PA",2022-10,1,-1,0
18823.0,"Harford, PA",2022-11,0,0,1
18823.0,"Harford, PA",2022-12,-1,1,0
18824.0,"Hop Bottom, PA",2022-01,10,-10,0
18824.0,"Hop Bottom, PA",2022-02,9,-9,0
18824.0,"Hop Bottom, PA",2022-03,8,-8,0
18824.0,"Hop Bottom, PA",2022-04,7,-7,0
18824.0,"Hop Bottom, PA",2022-05,6,-6,0
18824.0,"Hop Bottom, PA",2022-06,5,-5,0
18824.0,"Hop Bottom, PA",2022-07,4,-4,0
18824.0,"Hop Bottom, PA",2022-08,3,-3,0
18824.0,"Hop Bottom, PA",2022-09,2,-2,0
18824.0,"Hop Bottom, PA",2022-10,1,-1,0
18824.0,"Hop Bottom, PA",2022-11,0,0,1
18824.0,"Hop Bottom, PA",2022-12,-1,1,0
18825.0,"Jackson, PA",2022-01,10,-10,0
18825.0,"Jackson, PA",2022-02,9,-9,0
18825.0,"Jackson, PA",2022-03,8,-8,0
18825.0,"Jackson, PA",2022-04,7,-7,0
18825.0,"Jackson, PA",2022-05,6,-6,0
18825.0,"Jackson, PA",2022-06,5,-5,0
18825.0,"Jackson, PA",2022-07,4,-4,0
18825.0,"Jackson, PA",2022-08,3,-3,0
18825.0,"Jackson, PA",2022-09,2,-2,0
18825.0,"Jackson, PA",2022-10,1,-1,0
18825.0,"Jackson, PA",2022-11,0,0,1
18825.0,"Jackson, PA",2022-12,-1,1,0
18826.0,"Kingsley, PA",2022-01,10,-10,0
18826.0,"Kingsley, PA",2022-02,9,-9,0
18826.0,"Kingsley, PA",2022-03,8,-8,0
18826.0,"Kingsley, PA",2022-04,7,-7,0
18826.0,"Kingsley, PA",2022-05,6,-6,0
18826.0,"Kingsley, PA",2022-06,5,-5,0
18826.0,"Kingsley, PA",2022-07,4,-4,0
18826.0,"Kingsley, PA",2022-08,3,-3,0
18826.0,"Kingsley, PA",2022-09,2,-2,0
18826.0,"Kingsley, PA",2022-10,1,-1,0
18826.0,"Kingsley, PA",2022-11,0,0,1
18826.0,"Kingsley, PA",2022-12,-1,1,0
18828.0,"Lawton, PA",2022-01,10,-10,0
18828.0,"Lawton, PA",2022-02,9,-9,0
18828.0,"Lawton, PA",2022-03,8,-8,0
18828.0,"Lawton, PA",2022-04,7,-7,0
18828.0,"Lawton, PA",2022-05,6,-6,0
18828.0,"Lawton, PA",2022-06,5,-5,0
18828.0,"Lawton, PA",2022-07,4,-4,0
18828.0,"Lawton, PA",2022-08,3,-3,0
18828.0,"Lawton, PA",2022-09,2,-2,0
18828.0,"Lawton, PA",2022-10,1,-1,0
18828.0,"Lawton, PA",2022-11,0,0,1
18828.0,"Lawton, PA",2022-12,-1,1,0
18829.0,"Le Raysville, PA",2022-01,10,-10,0
18829.0,"Le Raysville, PA",2022-02,9,-9,0
18829.0,"Le Raysville, PA",2022-03,8,-8,0
18829.0,"Le Raysville, PA",2022-04,7,-7,0
18829.0,"Le Raysville, PA",2022-05,6,-6,0
18829.0,"Le Raysville, PA",2022-06,5,-5,0
18829.0,"Le Raysville, PA",2022-07,4,-4,0
18829.0,"Le Raysville, PA",2022-08,3,-3,0
18829.0,"Le Raysville, PA",2022-09,2,-2,0
18829.0,"Le Raysville, PA",2022-10,1,-1,0
18829.0,"Le Raysville, PA",2022-11,0,0,1
18829.0,"Le Raysville, PA",2022-12,-1,1,0
18830.0,"Little Meadows, PA",2022-01,10,-10,0
18830.0,"Little Meadows, PA",2022-02,9,-9,0
18830.0,"Little Meadows, PA",2022-03,8,-8,0
18830.0,"Little Meadows, PA",2022-04,7,-7,0
18830.0,"Little Meadows, PA",2022-05,6,-6,0
18830.0,"Little Meadows, PA",2022-06,5,-5,0
18830.0,"Little Meadows, PA",2022-07,4,-4,0
18830.0,"Little Meadows, PA",2022-08,3,-3,0
18830.0,"Little Meadows, PA",2022-09,2,-2,0
18830.0,"Little Meadows, PA",2022-10,1,-1,0
18830.0,"Little Meadows, PA",2022-11,0,0,1
18830.0,"Little Meadows, PA",2022-12,-1,1,0
18831.0,"Milan, PA",2022-01,10,-10,0
18831.0,"Milan, PA",2022-02,9,-9,0
18831.0,"Milan, PA",2022-03,8,-8,0
18831.0,"Milan, PA",2022-04,7,-7,0
18831.0,"Milan, PA",2022-05,6,-6,0
18831.0,"Milan, PA",2022-06,5,-5,0
18831.0,"Milan, PA",2022-07,4,-4,0
18831.0,"Milan, PA",2022-08,3,-3,0
18831.0,"Milan, PA",2022-09,2,-2,0
18831.0,"Milan, PA",2022-10,1,-1,0
18831.0,"Milan, PA",2022-11,0,0,1
18831.0,"Milan, PA",2022-12,-1,1,0
18832.0,"Monroeton, PA",2022-01,10,-10,0
18832.0,"Monroeton, PA",2022-02,9,-9,0
18832.0,"Monroeton, PA",2022-03,8,-8,0
18832.0,"Monroeton, PA",2022-04,7,-7,0
18832.0,"Monroeton, PA",2022-05,6,-6,0
18832.0,"Monroeton, PA",2022-06,5,-5,0
18832.0,"Monroeton, PA",2022-07,4,-4,0
18832.0,"Monroeton, PA",2022-08,3,-3,0
18832.0,"Monroeton, PA",2022-09,2,-2,0
18832.0,"Monroeton, PA",2022-10,1,-1,0
18832.0,"Monroeton, PA",2022-11,0,0,1
18832.0,"Monroeton, PA",2022-12,-1,1,0
18833.0,"New Albany, PA",2022-01,10,-10,0
18833.0,"New Albany, PA",2022-02,9,-9,0
18833.0,"New Albany, PA",2022-03,8,-8,0
18833.0,"New Albany, PA",2022-04,7,-7,0
18833.0,"New Albany, PA",2022-05,6,-6,0
18833.0,"New Albany, PA",2022-06,5,-5,0
18833.0,"New Albany, PA",2022-07,4,-4,0
18833.0,"New Albany, PA",2022-08,3,-3,0
18833.0,"New Albany, PA",2022-09,2,-2,0
18833.0,"New Albany, PA",2022-10,1,-1,0
18833.0,"New Albany, PA",2022-11,0,0,1
18833.0,"New Albany, PA",2022-12,-1,1,0
18834.0,"New Milford, PA",2022-01,10,-10,0
18834.0,"New Milford, PA",2022-02,9,-9,0
18834.0,"New Milford, PA",2022-03,8,-8,0
18834.0,"New Milford, PA",2022-04,7,-7,0
18834.0,"New Milford, PA",2022-05,6,-6,0
18834.0,"New Milford, PA",2022-06,5,-5,0
18834.0,"New Milford, PA",2022-07,4,-4,0
18834.0,"New Milford, PA",2022-08,3,-3,0
18834.0,"New Milford, PA",2022-09,2,-2,0
18834.0,"New Milford, PA",2022-10,1,-1,0
18834.0,"New Milford, PA",2022-11,0,0,1
18834.0,"New Milford, PA",2022-12,-1,1,0
18837.0,"Rome, PA",2022-01,10,-10,0
18837.0,"Rome, PA",2022-02,9,-9,0
18837.0,"Rome, PA",2022-03,8,-8,0
18837.0,"Rome, PA",2022-04,7,-7,0
18837.0,"Rome, PA",2022-05,6,-6,0
18837.0,"Rome, PA",2022-06,5,-5,0
18837.0,"Rome, PA",2022-07,4,-4,0
18837.0,"Rome, PA",2022-08,3,-3,0
18837.0,"Rome, PA",2022-09,2,-2,0
18837.0,"Rome, PA",2022-10,1,-1,0
18837.0,"Rome, PA",2022-11,0,0,1
18837.0,"Rome, PA",2022-12,-1,1,0
18840.0,"Sayre, PA",2022-01,10,-10,0
18840.0,"Sayre, PA",2022-02,9,-9,0
18840.0,"Sayre, PA",2022-03,8,-8,0
18840.0,"Sayre, PA",2022-04,7,-7,0
18840.0,"Sayre, PA",2022-05,6,-6,0
18840.0,"Sayre, PA",2022-06,5,-5,0
18840.0,"Sayre, PA",2022-07,4,-4,0
18840.0,"Sayre, PA",2022-08,3,-3,0
18840.0,"Sayre, PA",2022-09,2,-2,0
18840.0,"Sayre, PA",2022-10,1,-1,0
18840.0,"Sayre, PA",2022-11,0,0,1
18840.0,"Sayre, PA",2022-12,-1,1,0
18842.0,"South Gibson, PA",2022-01,10,-10,0
18842.0,"South Gibson, PA",2022-02,9,-9,0
18842.0,"South Gibson, PA",2022-03,8,-8,0
18842.0,"South Gibson, PA",2022-04,7,-7,0
18842.0,"South Gibson, PA",2022-05,6,-6,0
18842.0,"South Gibson, PA",2022-06,5,-5,0
18842.0,"South Gibson, PA",2022-07,4,-4,0
18842.0,"South Gibson, PA",2022-08,3,-3,0
18842.0,"South Gibson, PA",2022-09,2,-2,0
18842.0,"South Gibson, PA",2022-10,1,-1,0
18842.0,"South Gibson, PA",2022-11,0,0,1
18842.0,"South Gibson, PA",2022-12,-1,1,0
18843.0,"South Montrose, PA",2022-01,10,-10,0
18843.0,"South Montrose, PA",2022-02,9,-9,0
18843.0,"South Montrose, PA",2022-03,8,-8,0
18843.0,"South Montrose, PA",2022-04,7,-7,0
18843.0,"South Montrose, PA",2022-05,6,-6,0
18843.0,"South Montrose, PA",2022-06,5,-5,0
18843.0,"South Montrose, PA",2022-07,4,-4,0
18843.0,"South Montrose, PA",2022-08,3,-3,0
18843.0,"South Montrose, PA",2022-09,2,-2,0
18843.0,"South Montrose, PA",2022-10,1,-1,0
18843.0,"South Montrose, PA",2022-11,0,0,1
18843.0,"South Montrose, PA",2022-12,-1,1,0
18844.0,"Springville, PA",2022-01,10,-10,0
18844.0,"Springville, PA",2022-02,9,-9,0
18844.0,"Springville, PA",2022-03,8,-8,0
18844.0,"Springville, PA",2022-04,7,-7,0
18844.0,"Springville, PA",2022-05,6,-6,0
18844.0,"Springville, PA",2022-06,5,-5,0
18844.0,"Springville, PA",2022-07,4,-4,0
18844.0,"Springville, PA",2022-08,3,-3,0
18844.0,"Springville, PA",2022-09,2,-2,0
18844.0,"Springville, PA",2022-10,1,-1,0
18844.0,"Springville, PA",2022-11,0,0,1
18844.0,"Springville, PA",2022-12,-1,1,0
18845.0,"Stevensville, PA",2022-01,10,-10,0
18845.0,"Stevensville, PA",2022-02,9,-9,0
18845.0,"Stevensville, PA",2022-03,8,-8,0
18845.0,"Stevensville, PA",2022-04,7,-7,0
18845.0,"Stevensville, PA",2022-05,6,-6,0
18845.0,"Stevensville, PA",2022-06,5,-5,0
18845.0,"Stevensville, PA",2022-07,4,-4,0
18845.0,"Stevensville, PA",2022-08,3,-3,0
18845.0,"Stevensville, PA",2022-09,2,-2,0
18845.0,"Stevensville, PA",2022-10,1,-1,0
18845.0,"Stevensville, PA",2022-11,0,0,1
18845.0,"Stevensville, PA",2022-12,-1,1,0
18846.0,"Sugar Run, PA",2022-01,10,-10,0
18846.0,"Sugar Run, PA",2022-02,9,-9,0
18846.0,"Sugar Run, PA",2022-03,8,-8,0
18846.0,"Sugar Run, PA",2022-04,7,-7,0
18846.0,"Sugar Run, PA",2022-05,6,-6,0
18846.0,"Sugar Run, PA",2022-06,5,-5,0
18846.0,"Sugar Run, PA",2022-07,4,-4,0
18846.0,"Sugar Run, PA",2022-08,3,-3,0
18846.0,"Sugar Run, PA",2022-09,2,-2,0
18846.0,"Sugar Run, PA",2022-10,1,-1,0
18846.0,"Sugar Run, PA",2022-11,0,0,1
18846.0,"Sugar Run, PA",2022-12,-1,1,0
18847.0,"Susquehanna, PA",2022-01,10,-10,0
18847.0,"Susquehanna, PA",2022-02,9,-9,0
18847.0,"Susquehanna, PA",2022-03,8,-8,0
18847.0,"Susquehanna, PA",2022-04,7,-7,0
18847.0,"Susquehanna, PA",2022-05,6,-6,0
18847.0,"Susquehanna, PA",2022-06,5,-5,0
18847.0,"Susquehanna, PA",2022-07,4,-4,0
18847.0,"Susquehanna, PA",2022-08,3,-3,0
18847.0,"Susquehanna, PA",2022-09,2,-2,0
18847.0,"Susquehanna, PA",2022-10,1,-1,0
18847.0,"Susquehanna, PA",2022-11,0,0,1
18847.0,"Susquehanna, PA",2022-12,-1,1,0
18848.0,"Towanda, PA",2022-01,10,-10,0
18848.0,"Towanda, PA",2022-02,9,-9,0
18848.0,"Towanda, PA",2022-03,8,-8,0
18848.0,"Towanda, PA",2022-04,7,-7,0
18848.0,"Towanda, PA",2022-05,6,-6,0
18848.0,"Towanda, PA",2022-06,5,-5,0
18848.0,"Towanda, PA",2022-07,4,-4,0
18848.0,"Towanda, PA",2022-08,3,-3,0
18848.0,"Towanda, PA",2022-09,2,-2,0
18848.0,"Towanda, PA",2022-10,1,-1,0
18848.0,"Towanda, PA",2022-11,0,0,1
18848.0,"Towanda, PA",2022-12,-1,1,0
18850.0,"Ulster, PA",2022-01,10,-10,0
18850.0,"Ulster, PA",2022-02,9,-9,0
18850.0,"Ulster, PA",2022-03,8,-8,0
18850.0,"Ulster, PA",2022-04,7,-7,0
18850.0,"Ulster, PA",2022-05,6,-6,0
18850.0,"Ulster, PA",2022-06,5,-5,0
18850.0,"Ulster, PA",2022-07,4,-4,0
18850.0,"Ulster, PA",2022-08,3,-3,0
18850.0,"Ulster, PA",2022-09,2,-2,0
18850.0,"Ulster, PA",2022-10,1,-1,0
18850.0,"Ulster, PA",2022-11,0,0,1
18850.0,"Ulster, PA",2022-12,-1,1,0
18851.0,"Warren Center, PA",2022-01,10,-10,0
18851.0,"Warren Center, PA",2022-02,9,-9,0
18851.0,"Warren Center, PA",2022-03,8,-8,0
18851.0,"Warren Center, PA",2022-04,7,-7,0
18851.0,"Warren Center, PA",2022-05,6,-6,0
18851.0,"Warren Center, PA",2022-06,5,-5,0
18851.0,"Warren Center, PA",2022-07,4,-4,0
18851.0,"Warren Center, PA",2022-08,3,-3,0
18851.0,"Warren Center, PA",2022-09,2,-2,0
18851.0,"Warren Center, PA",2022-10,1,-1,0
18851.0,"Warren Center, PA",2022-11,0,0,1
18851.0,"Warren Center, PA",2022-12,-1,1,0
18853.0,"Wyalusing, PA",2022-01,10,-10,0
18853.0,"Wyalusing, PA",2022-02,9,-9,0
18853.0,"Wyalusing, PA",2022-03,8,-8,0
18853.0,"Wyalusing, PA",2022-04,7,-7,0
18853.0,"Wyalusing, PA",2022-05,6,-6,0
18853.0,"Wyalusing, PA",2022-06,5,-5,0
18853.0,"Wyalusing, PA",2022-07,4,-4,0
18853.0,"Wyalusing, PA",2022-08,3,-3,0
18853.0,"Wyalusing, PA",2022-09,2,-2,0
18853.0,"Wyalusing, PA",2022-10,1,-1,0
18853.0,"Wyalusing, PA",2022-11,0,0,1
18853.0,"Wyalusing, PA",2022-12,-1,1,0
18854.0,"Wysox, PA",2022-01,10,-10,0
18854.0,"Wysox, PA",2022-02,9,-9,0
18854.0,"Wysox, PA",2022-03,8,-8,0
18854.0,"Wysox, PA",2022-04,7,-7,0
18854.0,"Wysox, PA",2022-05,6,-6,0
18854.0,"Wysox, PA",2022-06,5,-5,0
18854.0,"Wysox, PA",2022-07,4,-4,0
18854.0,"Wysox, PA",2022-08,3,-3,0
18854.0,"Wysox, PA",2022-09,2,-2,0
18854.0,"Wysox, PA",2022-10,1,-1,0
18854.0,"Wysox, PA",2022-11,0,0,1
18854.0,"Wysox, PA",2022-12,-1,1,0
18901.0,"Doylestown, PA",2022-01,10,-10,0
18901.0,"Doylestown, PA",2022-02,9,-9,0
18901.0,"Doylestown, PA",2022-03,8,-8,0
18901.0,"Doylestown, PA",2022-04,7,-7,0
18901.0,"Doylestown, PA",2022-05,6,-6,0
18901.0,"Doylestown, PA",2022-06,5,-5,0
18901.0,"Doylestown, PA",2022-07,4,-4,0
18901.0,"Doylestown, PA",2022-08,3,-3,0
18901.0,"Doylestown, PA",2022-09,2,-2,0
18901.0,"Doylestown, PA",2022-10,1,-1,0
18901.0,"Doylestown, PA",2022-11,0,0,1
18901.0,"Doylestown, PA",2022-12,-1,1,0
18902.0,"Doylestown, PA",2022-01,10,-10,0
18902.0,"Doylestown, PA",2022-02,9,-9,0
18902.0,"Doylestown, PA",2022-03,8,-8,0
18902.0,"Doylestown, PA",2022-04,7,-7,0
18902.0,"Doylestown, PA",2022-05,6,-6,0
18902.0,"Doylestown, PA",2022-06,5,-5,0
18902.0,"Doylestown, PA",2022-07,4,-4,0
18902.0,"Doylestown, PA",2022-08,3,-3,0
18902.0,"Doylestown, PA",2022-09,2,-2,0
18902.0,"Doylestown, PA",2022-10,1,-1,0
18902.0,"Doylestown, PA",2022-11,0,0,1
18902.0,"Doylestown, PA",2022-12,-1,1,0
18912.0,"Buckingham, PA",2022-01,10,-10,0
18912.0,"Buckingham, PA",2022-02,9,-9,0
18912.0,"Buckingham, PA",2022-03,8,-8,0
18912.0,"Buckingham, PA",2022-04,7,-7,0
18912.0,"Buckingham, PA",2022-05,6,-6,0
18912.0,"Buckingham, PA",2022-06,5,-5,0
18912.0,"Buckingham, PA",2022-07,4,-4,0
18912.0,"Buckingham, PA",2022-08,3,-3,0
18912.0,"Buckingham, PA",2022-09,2,-2,0
18912.0,"Buckingham, PA",2022-10,1,-1,0
18912.0,"Buckingham, PA",2022-11,0,0,1
18912.0,"Buckingham, PA",2022-12,-1,1,0
18913.0,"Carversville, PA",2022-01,10,-10,0
18913.0,"Carversville, PA",2022-02,9,-9,0
18913.0,"Carversville, PA",2022-03,8,-8,0
18913.0,"Carversville, PA",2022-04,7,-7,0
18913.0,"Carversville, PA",2022-05,6,-6,0
18913.0,"Carversville, PA",2022-06,5,-5,0
18913.0,"Carversville, PA",2022-07,4,-4,0
18913.0,"Carversville, PA",2022-08,3,-3,0
18913.0,"Carversville, PA",2022-09,2,-2,0
18913.0,"Carversville, PA",2022-10,1,-1,0
18913.0,"Carversville, PA",2022-11,0,0,1
18913.0,"Carversville, PA",2022-12,-1,1,0
18914.0,"Chalfont, PA",2022-01,10,-10,0
18914.0,"Chalfont, PA",2022-02,9,-9,0
18914.0,"Chalfont, PA",2022-03,8,-8,0
18914.0,"Chalfont, PA",2022-04,7,-7,0
18914.0,"Chalfont, PA",2022-05,6,-6,0
18914.0,"Chalfont, PA",2022-06,5,-5,0
18914.0,"Chalfont, PA",2022-07,4,-4,0
18914.0,"Chalfont, PA",2022-08,3,-3,0
18914.0,"Chalfont, PA",2022-09,2,-2,0
18914.0,"Chalfont, PA",2022-10,1,-1,0
18914.0,"Chalfont, PA",2022-11,0,0,1
18914.0,"Chalfont, PA",2022-12,-1,1,0
18915.0,"Colmar, PA",2022-01,10,-10,0
18915.0,"Colmar, PA",2022-02,9,-9,0
18915.0,"Colmar, PA",2022-03,8,-8,0
18915.0,"Colmar, PA",2022-04,7,-7,0
18915.0,"Colmar, PA",2022-05,6,-6,0
18915.0,"Colmar, PA",2022-06,5,-5,0
18915.0,"Colmar, PA",2022-07,4,-4,0
18915.0,"Colmar, PA",2022-08,3,-3,0
18915.0,"Colmar, PA",2022-09,2,-2,0
18915.0,"Colmar, PA",2022-10,1,-1,0
18915.0,"Colmar, PA",2022-11,0,0,1
18915.0,"Colmar, PA",2022-12,-1,1,0
18917.0,"Dublin, PA",2022-01,10,-10,0
18917.0,"Dublin, PA",2022-02,9,-9,0
18917.0,"Dublin, PA",2022-03,8,-8,0
18917.0,"Dublin, PA",2022-04,7,-7,0
18917.0,"Dublin, PA",2022-05,6,-6,0
18917.0,"Dublin, PA",2022-06,5,-5,0
18917.0,"Dublin, PA",2022-07,4,-4,0
18917.0,"Dublin, PA",2022-08,3,-3,0
18917.0,"Dublin, PA",2022-09,2,-2,0
18917.0,"Dublin, PA",2022-10,1,-1,0
18917.0,"Dublin, PA",2022-11,0,0,1
18917.0,"Dublin, PA",2022-12,-1,1,0
18920.0,"Erwinna, PA",2022-01,10,-10,0
18920.0,"Erwinna, PA",2022-02,9,-9,0
18920.0,"Erwinna, PA",2022-03,8,-8,0
18920.0,"Erwinna, PA",2022-04,7,-7,0
18920.0,"Erwinna, PA",2022-05,6,-6,0
18920.0,"Erwinna, PA",2022-06,5,-5,0
18920.0,"Erwinna, PA",2022-07,4,-4,0
18920.0,"Erwinna, PA",2022-08,3,-3,0
18920.0,"Erwinna, PA",2022-09,2,-2,0
18920.0,"Erwinna, PA",2022-10,1,-1,0
18920.0,"Erwinna, PA",2022-11,0,0,1
18920.0,"Erwinna, PA",2022-12,-1,1,0
18921.0,"Ferndale, PA",2022-01,10,-10,0
18921.0,"Ferndale, PA",2022-02,9,-9,0
18921.0,"Ferndale, PA",2022-03,8,-8,0
18921.0,"Ferndale, PA",2022-04,7,-7,0
18921.0,"Ferndale, PA",2022-05,6,-6,0
18921.0,"Ferndale, PA",2022-06,5,-5,0
18921.0,"Ferndale, PA",2022-07,4,-4,0
18921.0,"Ferndale, PA",2022-08,3,-3,0
18921.0,"Ferndale, PA",2022-09,2,-2,0
18921.0,"Ferndale, PA",2022-10,1,-1,0
18921.0,"Ferndale, PA",2022-11,0,0,1
18921.0,"Ferndale, PA",2022-12,-1,1,0
18923.0,"Fountainville, PA",2022-01,10,-10,0
18923.0,"Fountainville, PA",2022-02,9,-9,0
18923.0,"Fountainville, PA",2022-03,8,-8,0
18923.0,"Fountainville, PA",2022-04,7,-7,0
18923.0,"Fountainville, PA",2022-05,6,-6,0
18923.0,"Fountainville, PA",2022-06,5,-5,0
18923.0,"Fountainville, PA",2022-07,4,-4,0
18923.0,"Fountainville, PA",2022-08,3,-3,0
18923.0,"Fountainville, PA",2022-09,2,-2,0
18923.0,"Fountainville, PA",2022-10,1,-1,0
18923.0,"Fountainville, PA",2022-11,0,0,1
18923.0,"Fountainville, PA",2022-12,-1,1,0
18925.0,"Furlong, PA",2022-01,10,-10,0
18925.0,"Furlong, PA",2022-02,9,-9,0
18925.0,"Furlong, PA",2022-03,8,-8,0
18925.0,"Furlong, PA",2022-04,7,-7,0
18925.0,"Furlong, PA",2022-05,6,-6,0
18925.0,"Furlong, PA",2022-06,5,-5,0
18925.0,"Furlong, PA",2022-07,4,-4,0
18925.0,"Furlong, PA",2022-08,3,-3,0
18925.0,"Furlong, PA",2022-09,2,-2,0
18925.0,"Furlong, PA",2022-10,1,-1,0
18925.0,"Furlong, PA",2022-11,0,0,1
18925.0,"Furlong, PA",2022-12,-1,1,0
18927.0,"Hilltown, PA",2022-01,10,-10,0
18927.0,"Hilltown, PA",2022-02,9,-9,0
18927.0,"Hilltown, PA",2022-03,8,-8,0
18927.0,"Hilltown, PA",2022-04,7,-7,0
18927.0,"Hilltown, PA",2022-05,6,-6,0
18927.0,"Hilltown, PA",2022-06,5,-5,0
18927.0,"Hilltown, PA",2022-07,4,-4,0
18927.0,"Hilltown, PA",2022-08,3,-3,0
18927.0,"Hilltown, PA",2022-09,2,-2,0
18927.0,"Hilltown, PA",2022-10,1,-1,0
18927.0,"Hilltown, PA",2022-11,0,0,1
18927.0,"Hilltown, PA",2022-12,-1,1,0
18929.0,"Jamison, PA",2022-01,10,-10,0
18929.0,"Jamison, PA",2022-02,9,-9,0
18929.0,"Jamison, PA",2022-03,8,-8,0
18929.0,"Jamison, PA",2022-04,7,-7,0
18929.0,"Jamison, PA",2022-05,6,-6,0
18929.0,"Jamison, PA",2022-06,5,-5,0
18929.0,"Jamison, PA",2022-07,4,-4,0
18929.0,"Jamison, PA",2022-08,3,-3,0
18929.0,"Jamison, PA",2022-09,2,-2,0
18929.0,"Jamison, PA",2022-10,1,-1,0
18929.0,"Jamison, PA",2022-11,0,0,1
18929.0,"Jamison, PA",2022-12,-1,1,0
18930.0,"Kintnersville, PA",2022-01,10,-10,0
18930.0,"Kintnersville, PA",2022-02,9,-9,0
18930.0,"Kintnersville, PA",2022-03,8,-8,0
18930.0,"Kintnersville, PA",2022-04,7,-7,0
18930.0,"Kintnersville, PA",2022-05,6,-6,0
18930.0,"Kintnersville, PA",2022-06,5,-5,0
18930.0,"Kintnersville, PA",2022-07,4,-4,0
18930.0,"Kintnersville, PA",2022-08,3,-3,0
18930.0,"Kintnersville, PA",2022-09,2,-2,0
18930.0,"Kintnersville, PA",2022-10,1,-1,0
18930.0,"Kintnersville, PA",2022-11,0,0,1
18930.0,"Kintnersville, PA",2022-12,-1,1,0
18932.0,"Line Lexington, PA",2022-01,10,-10,0
18932.0,"Line Lexington, PA",2022-02,9,-9,0
18932.0,"Line Lexington, PA",2022-03,8,-8,0
18932.0,"Line Lexington, PA",2022-04,7,-7,0
18932.0,"Line Lexington, PA",2022-05,6,-6,0
18932.0,"Line Lexington, PA",2022-06,5,-5,0
18932.0,"Line Lexington, PA",2022-07,4,-4,0
18932.0,"Line Lexington, PA",2022-08,3,-3,0
18932.0,"Line Lexington, PA",2022-09,2,-2,0
18932.0,"Line Lexington, PA",2022-10,1,-1,0
18932.0,"Line Lexington, PA",2022-11,0,0,1
18932.0,"Line Lexington, PA",2022-12,-1,1,0
18933.0,"Lumberville, PA",2022-01,10,-10,0
18933.0,"Lumberville, PA",2022-02,9,-9,0
18933.0,"Lumberville, PA",2022-03,8,-8,0
18933.0,"Lumberville, PA",2022-04,7,-7,0
18933.0,"Lumberville, PA",2022-05,6,-6,0
18933.0,"Lumberville, PA",2022-06,5,-5,0
18933.0,"Lumberville, PA",2022-07,4,-4,0
18933.0,"Lumberville, PA",2022-08,3,-3,0
18933.0,"Lumberville, PA",2022-09,2,-2,0
18933.0,"Lumberville, PA",2022-10,1,-1,0
18933.0,"Lumberville, PA",2022-11,0,0,1
18933.0,"Lumberville, PA",2022-12,-1,1,0
18935.0,"Milford Square, PA",2022-01,10,-10,0
18935.0,"Milford Square, PA",2022-02,9,-9,0
18935.0,"Milford Square, PA",2022-03,8,-8,0
18935.0,"Milford Square, PA",2022-04,7,-7,0
18935.0,"Milford Square, PA",2022-05,6,-6,0
18935.0,"Milford Square, PA",2022-06,5,-5,0
18935.0,"Milford Square, PA",2022-07,4,-4,0
18935.0,"Milford Square, PA",2022-08,3,-3,0
18935.0,"Milford Square, PA",2022-09,2,-2,0
18935.0,"Milford Square, PA",2022-10,1,-1,0
18935.0,"Milford Square, PA",2022-11,0,0,1
18935.0,"Milford Square, PA",2022-12,-1,1,0
18936.0,"Montgomeryville, PA",2022-01,10,-10,0
18936.0,"Montgomeryville, PA",2022-02,9,-9,0
18936.0,"Montgomeryville, PA",2022-03,8,-8,0
18936.0,"Montgomeryville, PA",2022-04,7,-7,0
18936.0,"Montgomeryville, PA",2022-05,6,-6,0
18936.0,"Montgomeryville, PA",2022-06,5,-5,0
18936.0,"Montgomeryville, PA",2022-07,4,-4,0
18936.0,"Montgomeryville, PA",2022-08,3,-3,0
18936.0,"Montgomeryville, PA",2022-09,2,-2,0
18936.0,"Montgomeryville, PA",2022-10,1,-1,0
18936.0,"Montgomeryville, PA",2022-11,0,0,1
18936.0,"Montgomeryville, PA",2022-12,-1,1,0
18938.0,"New Hope, PA",2022-01,10,-10,0
18938.0,"New Hope, PA",2022-02,9,-9,0
18938.0,"New Hope, PA",2022-03,8,-8,0
18938.0,"New Hope, PA",2022-04,7,-7,0
18938.0,"New Hope, PA",2022-05,6,-6,0
18938.0,"New Hope, PA",2022-06,5,-5,0
18938.0,"New Hope, PA",2022-07,4,-4,0
18938.0,"New Hope, PA",2022-08,3,-3,0
18938.0,"New Hope, PA",2022-09,2,-2,0
18938.0,"New Hope, PA",2022-10,1,-1,0
18938.0,"New Hope, PA",2022-11,0,0,1
18938.0,"New Hope, PA",2022-12,-1,1,0
18940.0,"Newtown, PA",2022-01,10,-10,0
18940.0,"Newtown, PA",2022-02,9,-9,0
18940.0,"Newtown, PA",2022-03,8,-8,0
18940.0,"Newtown, PA",2022-04,7,-7,0
18940.0,"Newtown, PA",2022-05,6,-6,0
18940.0,"Newtown, PA",2022-06,5,-5,0
18940.0,"Newtown, PA",2022-07,4,-4,0
18940.0,"Newtown, PA",2022-08,3,-3,0
18940.0,"Newtown, PA",2022-09,2,-2,0
18940.0,"Newtown, PA",2022-10,1,-1,0
18940.0,"Newtown, PA",2022-11,0,0,1
18940.0,"Newtown, PA",2022-12,-1,1,0
18942.0,"Ottsville, PA",2022-01,10,-10,0
18942.0,"Ottsville, PA",2022-02,9,-9,0
18942.0,"Ottsville, PA",2022-03,8,-8,0
18942.0,"Ottsville, PA",2022-04,7,-7,0
18942.0,"Ottsville, PA",2022-05,6,-6,0
18942.0,"Ottsville, PA",2022-06,5,-5,0
18942.0,"Ottsville, PA",2022-07,4,-4,0
18942.0,"Ottsville, PA",2022-08,3,-3,0
18942.0,"Ottsville, PA",2022-09,2,-2,0
18942.0,"Ottsville, PA",2022-10,1,-1,0
18942.0,"Ottsville, PA",2022-11,0,0,1
18942.0,"Ottsville, PA",2022-12,-1,1,0
18944.0,"Perkasie, PA",2022-01,10,-10,0
18944.0,"Perkasie, PA",2022-02,9,-9,0
18944.0,"Perkasie, PA",2022-03,8,-8,0
18944.0,"Perkasie, PA",2022-04,7,-7,0
18944.0,"Perkasie, PA",2022-05,6,-6,0
18944.0,"Perkasie, PA",2022-06,5,-5,0
18944.0,"Perkasie, PA",2022-07,4,-4,0
18944.0,"Perkasie, PA",2022-08,3,-3,0
18944.0,"Perkasie, PA",2022-09,2,-2,0
18944.0,"Perkasie, PA",2022-10,1,-1,0
18944.0,"Perkasie, PA",2022-11,0,0,1
18944.0,"Perkasie, PA",2022-12,-1,1,0
18946.0,"Pineville, PA",2022-01,10,-10,0
18946.0,"Pineville, PA",2022-02,9,-9,0
18946.0,"Pineville, PA",2022-03,8,-8,0
18946.0,"Pineville, PA",2022-04,7,-7,0
18946.0,"Pineville, PA",2022-05,6,-6,0
18946.0,"Pineville, PA",2022-06,5,-5,0
18946.0,"Pineville, PA",2022-07,4,-4,0
18946.0,"Pineville, PA",2022-08,3,-3,0
18946.0,"Pineville, PA",2022-09,2,-2,0
18946.0,"Pineville, PA",2022-10,1,-1,0
18946.0,"Pineville, PA",2022-11,0,0,1
18946.0,"Pineville, PA",2022-12,-1,1,0
18947.0,"Pipersville, PA",2022-01,10,-10,0
18947.0,"Pipersville, PA",2022-02,9,-9,0
18947.0,"Pipersville, PA",2022-03,8,-8,0
18947.0,"Pipersville, PA",2022-04,7,-7,0
18947.0,"Pipersville, PA",2022-05,6,-6,0
18947.0,"Pipersville, PA",2022-06,5,-5,0
18947.0,"Pipersville, PA",2022-07,4,-4,0
18947.0,"Pipersville, PA",2022-08,3,-3,0
18947.0,"Pipersville, PA",2022-09,2,-2,0
18947.0,"Pipersville, PA",2022-10,1,-1,0
18947.0,"Pipersville, PA",2022-11,0,0,1
18947.0,"Pipersville, PA",2022-12,-1,1,0
18950.0,"Point Pleasant, PA",2022-01,10,-10,0
18950.0,"Point Pleasant, PA",2022-02,9,-9,0
18950.0,"Point Pleasant, PA",2022-03,8,-8,0
18950.0,"Point Pleasant, PA",2022-04,7,-7,0
18950.0,"Point Pleasant, PA",2022-05,6,-6,0
18950.0,"Point Pleasant, PA",2022-06,5,-5,0
18950.0,"Point Pleasant, PA",2022-07,4,-4,0
18950.0,"Point Pleasant, PA",2022-08,3,-3,0
18950.0,"Point Pleasant, PA",2022-09,2,-2,0
18950.0,"Point Pleasant, PA",2022-10,1,-1,0
18950.0,"Point Pleasant, PA",2022-11,0,0,1
18950.0,"Point Pleasant, PA",2022-12,-1,1,0
18951.0,"Quakertown, PA",2022-01,10,-10,0
18951.0,"Quakertown, PA",2022-02,9,-9,0
18951.0,"Quakertown, PA",2022-03,8,-8,0
18951.0,"Quakertown, PA",2022-04,7,-7,0
18951.0,"Quakertown, PA",2022-05,6,-6,0
18951.0,"Quakertown, PA",2022-06,5,-5,0
18951.0,"Quakertown, PA",2022-07,4,-4,0
18951.0,"Quakertown, PA",2022-08,3,-3,0
18951.0,"Quakertown, PA",2022-09,2,-2,0
18951.0,"Quakertown, PA",2022-10,1,-1,0
18951.0,"Quakertown, PA",2022-11,0,0,1
18951.0,"Quakertown, PA",2022-12,-1,1,0
18954.0,"Richboro, PA",2022-01,10,-10,0
18954.0,"Richboro, PA",2022-02,9,-9,0
18954.0,"Richboro, PA",2022-03,8,-8,0
18954.0,"Richboro, PA",2022-04,7,-7,0
18954.0,"Richboro, PA",2022-05,6,-6,0
18954.0,"Richboro, PA",2022-06,5,-5,0
18954.0,"Richboro, PA",2022-07,4,-4,0
18954.0,"Richboro, PA",2022-08,3,-3,0
18954.0,"Richboro, PA",2022-09,2,-2,0
18954.0,"Richboro, PA",2022-10,1,-1,0
18954.0,"Richboro, PA",2022-11,0,0,1
18954.0,"Richboro, PA",2022-12,-1,1,0
18955.0,"Richlandtown, PA",2022-01,10,-10,0
18955.0,"Richlandtown, PA",2022-02,9,-9,0
18955.0,"Richlandtown, PA",2022-03,8,-8,0
18955.0,"Richlandtown, PA",2022-04,7,-7,0
18955.0,"Richlandtown, PA",2022-05,6,-6,0
18955.0,"Richlandtown, PA",2022-06,5,-5,0
18955.0,"Richlandtown, PA",2022-07,4,-4,0
18955.0,"Richlandtown, PA",2022-08,3,-3,0
18955.0,"Richlandtown, PA",2022-09,2,-2,0
18955.0,"Richlandtown, PA",2022-10,1,-1,0
18955.0,"Richlandtown, PA",2022-11,0,0,1
18955.0,"Richlandtown, PA",2022-12,-1,1,0
18960.0,"Sellersville, PA",2022-01,10,-10,0
18960.0,"Sellersville, PA",2022-02,9,-9,0
18960.0,"Sellersville, PA",2022-03,8,-8,0
18960.0,"Sellersville, PA",2022-04,7,-7,0
18960.0,"Sellersville, PA",2022-05,6,-6,0
18960.0,"Sellersville, PA",2022-06,5,-5,0
18960.0,"Sellersville, PA",2022-07,4,-4,0
18960.0,"Sellersville, PA",2022-08,3,-3,0
18960.0,"Sellersville, PA",2022-09,2,-2,0
18960.0,"Sellersville, PA",2022-10,1,-1,0
18960.0,"Sellersville, PA",2022-11,0,0,1
18960.0,"Sellersville, PA",2022-12,-1,1,0
18962.0,"Silverdale, PA",2022-01,10,-10,0
18962.0,"Silverdale, PA",2022-02,9,-9,0
18962.0,"Silverdale, PA",2022-03,8,-8,0
18962.0,"Silverdale, PA",2022-04,7,-7,0
18962.0,"Silverdale, PA",2022-05,6,-6,0
18962.0,"Silverdale, PA",2022-06,5,-5,0
18962.0,"Silverdale, PA",2022-07,4,-4,0
18962.0,"Silverdale, PA",2022-08,3,-3,0
18962.0,"Silverdale, PA",2022-09,2,-2,0
18962.0,"Silverdale, PA",2022-10,1,-1,0
18962.0,"Silverdale, PA",2022-11,0,0,1
18962.0,"Silverdale, PA",2022-12,-1,1,0
18964.0,"Souderton, PA",2022-01,10,-10,0
18964.0,"Souderton, PA",2022-02,9,-9,0
18964.0,"Souderton, PA",2022-03,8,-8,0
18964.0,"Souderton, PA",2022-04,7,-7,0
18964.0,"Souderton, PA",2022-05,6,-6,0
18964.0,"Souderton, PA",2022-06,5,-5,0
18964.0,"Souderton, PA",2022-07,4,-4,0
18964.0,"Souderton, PA",2022-08,3,-3,0
18964.0,"Souderton, PA",2022-09,2,-2,0
18964.0,"Souderton, PA",2022-10,1,-1,0
18964.0,"Souderton, PA",2022-11,0,0,1
18964.0,"Souderton, PA",2022-12,-1,1,0
18966.0,"Southampton, PA",2022-01,10,-10,0
18966.0,"Southampton, PA",2022-02,9,-9,0
18966.0,"Southampton, PA",2022-03,8,-8,0
18966.0,"Southampton, PA",2022-04,7,-7,0
18966.0,"Southampton, PA",2022-05,6,-6,0
18966.0,"Southampton, PA",2022-06,5,-5,0
18966.0,"Southampton, PA",2022-07,4,-4,0
18966.0,"Southampton, PA",2022-08,3,-3,0
18966.0,"Southampton, PA",2022-09,2,-2,0
18966.0,"Southampton, PA",2022-10,1,-1,0
18966.0,"Southampton, PA",2022-11,0,0,1
18966.0,"Southampton, PA",2022-12,-1,1,0
18969.0,"Telford, PA",2022-01,10,-10,0
18969.0,"Telford, PA",2022-02,9,-9,0
18969.0,"Telford, PA",2022-03,8,-8,0
18969.0,"Telford, PA",2022-04,7,-7,0
18969.0,"Telford, PA",2022-05,6,-6,0
18969.0,"Telford, PA",2022-06,5,-5,0
18969.0,"Telford, PA",2022-07,4,-4,0
18969.0,"Telford, PA",2022-08,3,-3,0
18969.0,"Telford, PA",2022-09,2,-2,0
18969.0,"Telford, PA",2022-10,1,-1,0
18969.0,"Telford, PA",2022-11,0,0,1
18969.0,"Telford, PA",2022-12,-1,1,0
18970.0,"Trumbauersville, PA",2022-01,10,-10,0
18970.0,"Trumbauersville, PA",2022-02,9,-9,0
18970.0,"Trumbauersville, PA",2022-03,8,-8,0
18970.0,"Trumbauersville, PA",2022-04,7,-7,0
18970.0,"Trumbauersville, PA",2022-05,6,-6,0
18970.0,"Trumbauersville, PA",2022-06,5,-5,0
18970.0,"Trumbauersville, PA",2022-07,4,-4,0
18970.0,"Trumbauersville, PA",2022-08,3,-3,0
18970.0,"Trumbauersville, PA",2022-09,2,-2,0
18970.0,"Trumbauersville, PA",2022-10,1,-1,0
18970.0,"Trumbauersville, PA",2022-11,0,0,1
18970.0,"Trumbauersville, PA",2022-12,-1,1,0
18972.0,"Upper Black Eddy, PA",2022-01,10,-10,0
18972.0,"Upper Black Eddy, PA",2022-02,9,-9,0
18972.0,"Upper Black Eddy, PA",2022-03,8,-8,0
18972.0,"Upper Black Eddy, PA",2022-04,7,-7,0
18972.0,"Upper Black Eddy, PA",2022-05,6,-6,0
18972.0,"Upper Black Eddy, PA",2022-06,5,-5,0
18972.0,"Upper Black Eddy, PA",2022-07,4,-4,0
18972.0,"Upper Black Eddy, PA",2022-08,3,-3,0
18972.0,"Upper Black Eddy, PA",2022-09,2,-2,0
18972.0,"Upper Black Eddy, PA",2022-10,1,-1,0
18972.0,"Upper Black Eddy, PA",2022-11,0,0,1
18972.0,"Upper Black Eddy, PA",2022-12,-1,1,0
18974.0,"Warminster, PA",2022-01,10,-10,0
18974.0,"Warminster, PA",2022-02,9,-9,0
18974.0,"Warminster, PA",2022-03,8,-8,0
18974.0,"Warminster, PA",2022-04,7,-7,0
18974.0,"Warminster, PA",2022-05,6,-6,0
18974.0,"Warminster, PA",2022-06,5,-5,0
18974.0,"Warminster, PA",2022-07,4,-4,0
18974.0,"Warminster, PA",2022-08,3,-3,0
18974.0,"Warminster, PA",2022-09,2,-2,0
18974.0,"Warminster, PA",2022-10,1,-1,0
18974.0,"Warminster, PA",2022-11,0,0,1
18974.0,"Warminster, PA",2022-12,-1,1,0
18976.0,"Warrington, PA",2022-01,10,-10,0
18976.0,"Warrington, PA",2022-02,9,-9,0
18976.0,"Warrington, PA",2022-03,8,-8,0
18976.0,"Warrington, PA",2022-04,7,-7,0
18976.0,"Warrington, PA",2022-05,6,-6,0
18976.0,"Warrington, PA",2022-06,5,-5,0
18976.0,"Warrington, PA",2022-07,4,-4,0
18976.0,"Warrington, PA",2022-08,3,-3,0
18976.0,"Warrington, PA",2022-09,2,-2,0
18976.0,"Warrington, PA",2022-10,1,-1,0
18976.0,"Warrington, PA",2022-11,0,0,1
18976.0,"Warrington, PA",2022-12,-1,1,0
18977.0,"Washington Crossing, PA",2022-01,10,-10,0
18977.0,"Washington Crossing, PA",2022-02,9,-9,0
18977.0,"Washington Crossing, PA",2022-03,8,-8,0
18977.0,"Washington Crossing, PA",2022-04,7,-7,0
18977.0,"Washington Crossing, PA",2022-05,6,-6,0
18977.0,"Washington Crossing, PA",2022-06,5,-5,0
18977.0,"Washington Crossing, PA",2022-07,4,-4,0
18977.0,"Washington Crossing, PA",2022-08,3,-3,0
18977.0,"Washington Crossing, PA",2022-09,2,-2,0
18977.0,"Washington Crossing, PA",2022-10,1,-1,0
18977.0,"Washington Crossing, PA",2022-11,0,0,1
18977.0,"Washington Crossing, PA",2022-12,-1,1,0
18980.0,"Wycombe, PA",2022-01,10,-10,0
18980.0,"Wycombe, PA",2022-02,9,-9,0
18980.0,"Wycombe, PA",2022-03,8,-8,0
18980.0,"Wycombe, PA",2022-04,7,-7,0
18980.0,"Wycombe, PA",2022-05,6,-6,0
18980.0,"Wycombe, PA",2022-06,5,-5,0
18980.0,"Wycombe, PA",2022-07,4,-4,0
18980.0,"Wycombe, PA",2022-08,3,-3,0
18980.0,"Wycombe, PA",2022-09,2,-2,0
18980.0,"Wycombe, PA",2022-10,1,-1,0
18980.0,"Wycombe, PA",2022-11,0,0,1
18980.0,"Wycombe, PA",2022-12,-1,1,0
19001.0,"Abington, PA",2022-01,10,-10,0
19001.0,"Abington, PA",2022-02,9,-9,0
19001.0,"Abington, PA",2022-03,8,-8,0
19001.0,"Abington, PA",2022-04,7,-7,0
19001.0,"Abington, PA",2022-05,6,-6,0
19001.0,"Abington, PA",2022-06,5,-5,0
19001.0,"Abington, PA",2022-07,4,-4,0
19001.0,"Abington, PA",2022-08,3,-3,0
19001.0,"Abington, PA",2022-09,2,-2,0
19001.0,"Abington, PA",2022-10,1,-1,0
19001.0,"Abington, PA",2022-11,0,0,1
19001.0,"Abington, PA",2022-12,-1,1,0
19002.0,"Ambler, PA",2022-01,10,-10,0
19002.0,"Ambler, PA",2022-02,9,-9,0
19002.0,"Ambler, PA",2022-03,8,-8,0
19002.0,"Ambler, PA",2022-04,7,-7,0
19002.0,"Ambler, PA",2022-05,6,-6,0
19002.0,"Ambler, PA",2022-06,5,-5,0
19002.0,"Ambler, PA",2022-07,4,-4,0
19002.0,"Ambler, PA",2022-08,3,-3,0
19002.0,"Ambler, PA",2022-09,2,-2,0
19002.0,"Ambler, PA",2022-10,1,-1,0
19002.0,"Ambler, PA",2022-11,0,0,1
19002.0,"Ambler, PA",2022-12,-1,1,0
19003.0,"Ardmore, PA",2022-01,10,-10,0
19003.0,"Ardmore, PA",2022-02,9,-9,0
19003.0,"Ardmore, PA",2022-03,8,-8,0
19003.0,"Ardmore, PA",2022-04,7,-7,0
19003.0,"Ardmore, PA",2022-05,6,-6,0
19003.0,"Ardmore, PA",2022-06,5,-5,0
19003.0,"Ardmore, PA",2022-07,4,-4,0
19003.0,"Ardmore, PA",2022-08,3,-3,0
19003.0,"Ardmore, PA",2022-09,2,-2,0
19003.0,"Ardmore, PA",2022-10,1,-1,0
19003.0,"Ardmore, PA",2022-11,0,0,1
19003.0,"Ardmore, PA",2022-12,-1,1,0
19004.0,"Bala Cynwyd, PA",2022-01,10,-10,0
19004.0,"Bala Cynwyd, PA",2022-02,9,-9,0
19004.0,"Bala Cynwyd, PA",2022-03,8,-8,0
19004.0,"Bala Cynwyd, PA",2022-04,7,-7,0
19004.0,"Bala Cynwyd, PA",2022-05,6,-6,0
19004.0,"Bala Cynwyd, PA",2022-06,5,-5,0
19004.0,"Bala Cynwyd, PA",2022-07,4,-4,0
19004.0,"Bala Cynwyd, PA",2022-08,3,-3,0
19004.0,"Bala Cynwyd, PA",2022-09,2,-2,0
19004.0,"Bala Cynwyd, PA",2022-10,1,-1,0
19004.0,"Bala Cynwyd, PA",2022-11,0,0,1
19004.0,"Bala Cynwyd, PA",2022-12,-1,1,0
19006.0,"Huntingdon Valley, PA",2022-01,10,-10,0
19006.0,"Huntingdon Valley, PA",2022-02,9,-9,0
19006.0,"Huntingdon Valley, PA",2022-03,8,-8,0
19006.0,"Huntingdon Valley, PA",2022-04,7,-7,0
19006.0,"Huntingdon Valley, PA",2022-05,6,-6,0
19006.0,"Huntingdon Valley, PA",2022-06,5,-5,0
19006.0,"Huntingdon Valley, PA",2022-07,4,-4,0
19006.0,"Huntingdon Valley, PA",2022-08,3,-3,0
19006.0,"Huntingdon Valley, PA",2022-09,2,-2,0
19006.0,"Huntingdon Valley, PA",2022-10,1,-1,0
19006.0,"Huntingdon Valley, PA",2022-11,0,0,1
19006.0,"Huntingdon Valley, PA",2022-12,-1,1,0
19007.0,"Bristol, PA",2022-01,10,-10,0
19007.0,"Bristol, PA",2022-02,9,-9,0
19007.0,"Bristol, PA",2022-03,8,-8,0
19007.0,"Bristol, PA",2022-04,7,-7,0
19007.0,"Bristol, PA",2022-05,6,-6,0
19007.0,"Bristol, PA",2022-06,5,-5,0
19007.0,"Bristol, PA",2022-07,4,-4,0
19007.0,"Bristol, PA",2022-08,3,-3,0
19007.0,"Bristol, PA",2022-09,2,-2,0
19007.0,"Bristol, PA",2022-10,1,-1,0
19007.0,"Bristol, PA",2022-11,0,0,1
19007.0,"Bristol, PA",2022-12,-1,1,0
19008.0,"Broomall, PA",2022-01,10,-10,0
19008.0,"Broomall, PA",2022-02,9,-9,0
19008.0,"Broomall, PA",2022-03,8,-8,0
19008.0,"Broomall, PA",2022-04,7,-7,0
19008.0,"Broomall, PA",2022-05,6,-6,0
19008.0,"Broomall, PA",2022-06,5,-5,0
19008.0,"Broomall, PA",2022-07,4,-4,0
19008.0,"Broomall, PA",2022-08,3,-3,0
19008.0,"Broomall, PA",2022-09,2,-2,0
19008.0,"Broomall, PA",2022-10,1,-1,0
19008.0,"Broomall, PA",2022-11,0,0,1
19008.0,"Broomall, PA",2022-12,-1,1,0
19009.0,"Bryn Athyn, PA",2022-01,10,-10,0
19009.0,"Bryn Athyn, PA",2022-02,9,-9,0
19009.0,"Bryn Athyn, PA",2022-03,8,-8,0
19009.0,"Bryn Athyn, PA",2022-04,7,-7,0
19009.0,"Bryn Athyn, PA",2022-05,6,-6,0
19009.0,"Bryn Athyn, PA",2022-06,5,-5,0
19009.0,"Bryn Athyn, PA",2022-07,4,-4,0
19009.0,"Bryn Athyn, PA",2022-08,3,-3,0
19009.0,"Bryn Athyn, PA",2022-09,2,-2,0
19009.0,"Bryn Athyn, PA",2022-10,1,-1,0
19009.0,"Bryn Athyn, PA",2022-11,0,0,1
19009.0,"Bryn Athyn, PA",2022-12,-1,1,0
19010.0,"Bryn Mawr, PA",2022-01,10,-10,0
19010.0,"Bryn Mawr, PA",2022-02,9,-9,0
19010.0,"Bryn Mawr, PA",2022-03,8,-8,0
19010.0,"Bryn Mawr, PA",2022-04,7,-7,0
19010.0,"Bryn Mawr, PA",2022-05,6,-6,0
19010.0,"Bryn Mawr, PA",2022-06,5,-5,0
19010.0,"Bryn Mawr, PA",2022-07,4,-4,0
19010.0,"Bryn Mawr, PA",2022-08,3,-3,0
19010.0,"Bryn Mawr, PA",2022-09,2,-2,0
19010.0,"Bryn Mawr, PA",2022-10,1,-1,0
19010.0,"Bryn Mawr, PA",2022-11,0,0,1
19010.0,"Bryn Mawr, PA",2022-12,-1,1,0
19012.0,"Cheltenham, PA",2022-01,10,-10,0
19012.0,"Cheltenham, PA",2022-02,9,-9,0
19012.0,"Cheltenham, PA",2022-03,8,-8,0
19012.0,"Cheltenham, PA",2022-04,7,-7,0
19012.0,"Cheltenham, PA",2022-05,6,-6,0
19012.0,"Cheltenham, PA",2022-06,5,-5,0
19012.0,"Cheltenham, PA",2022-07,4,-4,0
19012.0,"Cheltenham, PA",2022-08,3,-3,0
19012.0,"Cheltenham, PA",2022-09,2,-2,0
19012.0,"Cheltenham, PA",2022-10,1,-1,0
19012.0,"Cheltenham, PA",2022-11,0,0,1
19012.0,"Cheltenham, PA",2022-12,-1,1,0
19013.0,"Chester, PA",2022-01,10,-10,0
19013.0,"Chester, PA",2022-02,9,-9,0
19013.0,"Chester, PA",2022-03,8,-8,0
19013.0,"Chester, PA",2022-04,7,-7,0
19013.0,"Chester, PA",2022-05,6,-6,0
19013.0,"Chester, PA",2022-06,5,-5,0
19013.0,"Chester, PA",2022-07,4,-4,0
19013.0,"Chester, PA",2022-08,3,-3,0
19013.0,"Chester, PA",2022-09,2,-2,0
19013.0,"Chester, PA",2022-10,1,-1,0
19013.0,"Chester, PA",2022-11,0,0,1
19013.0,"Chester, PA",2022-12,-1,1,0
19014.0,"Aston, PA",2022-01,10,-10,0
19014.0,"Aston, PA",2022-02,9,-9,0
19014.0,"Aston, PA",2022-03,8,-8,0
19014.0,"Aston, PA",2022-04,7,-7,0
19014.0,"Aston, PA",2022-05,6,-6,0
19014.0,"Aston, PA",2022-06,5,-5,0
19014.0,"Aston, PA",2022-07,4,-4,0
19014.0,"Aston, PA",2022-08,3,-3,0
19014.0,"Aston, PA",2022-09,2,-2,0
19014.0,"Aston, PA",2022-10,1,-1,0
19014.0,"Aston, PA",2022-11,0,0,1
19014.0,"Aston, PA",2022-12,-1,1,0
19015.0,"Brookhaven, PA",2022-01,10,-10,0
19015.0,"Brookhaven, PA",2022-02,9,-9,0
19015.0,"Brookhaven, PA",2022-03,8,-8,0
19015.0,"Brookhaven, PA",2022-04,7,-7,0
19015.0,"Brookhaven, PA",2022-05,6,-6,0
19015.0,"Brookhaven, PA",2022-06,5,-5,0
19015.0,"Brookhaven, PA",2022-07,4,-4,0
19015.0,"Brookhaven, PA",2022-08,3,-3,0
19015.0,"Brookhaven, PA",2022-09,2,-2,0
19015.0,"Brookhaven, PA",2022-10,1,-1,0
19015.0,"Brookhaven, PA",2022-11,0,0,1
19015.0,"Brookhaven, PA",2022-12,-1,1,0
19017.0,"Chester Heights, PA",2022-01,10,-10,0
19017.0,"Chester Heights, PA",2022-02,9,-9,0
19017.0,"Chester Heights, PA",2022-03,8,-8,0
19017.0,"Chester Heights, PA",2022-04,7,-7,0
19017.0,"Chester Heights, PA",2022-05,6,-6,0
19017.0,"Chester Heights, PA",2022-06,5,-5,0
19017.0,"Chester Heights, PA",2022-07,4,-4,0
19017.0,"Chester Heights, PA",2022-08,3,-3,0
19017.0,"Chester Heights, PA",2022-09,2,-2,0
19017.0,"Chester Heights, PA",2022-10,1,-1,0
19017.0,"Chester Heights, PA",2022-11,0,0,1
19017.0,"Chester Heights, PA",2022-12,-1,1,0
19018.0,"Primos, PA",2022-01,10,-10,0
19018.0,"Primos, PA",2022-02,9,-9,0
19018.0,"Primos, PA",2022-03,8,-8,0
19018.0,"Primos, PA",2022-04,7,-7,0
19018.0,"Primos, PA",2022-05,6,-6,0
19018.0,"Primos, PA",2022-06,5,-5,0
19018.0,"Primos, PA",2022-07,4,-4,0
19018.0,"Primos, PA",2022-08,3,-3,0
19018.0,"Primos, PA",2022-09,2,-2,0
19018.0,"Primos, PA",2022-10,1,-1,0
19018.0,"Primos, PA",2022-11,0,0,1
19018.0,"Primos, PA",2022-12,-1,1,0
19020.0,"Bensalem, PA",2022-01,10,-10,0
19020.0,"Bensalem, PA",2022-02,9,-9,0
19020.0,"Bensalem, PA",2022-03,8,-8,0
19020.0,"Bensalem, PA",2022-04,7,-7,0
19020.0,"Bensalem, PA",2022-05,6,-6,0
19020.0,"Bensalem, PA",2022-06,5,-5,0
19020.0,"Bensalem, PA",2022-07,4,-4,0
19020.0,"Bensalem, PA",2022-08,3,-3,0
19020.0,"Bensalem, PA",2022-09,2,-2,0
19020.0,"Bensalem, PA",2022-10,1,-1,0
19020.0,"Bensalem, PA",2022-11,0,0,1
19020.0,"Bensalem, PA",2022-12,-1,1,0
19021.0,"Croydon, PA",2022-01,10,-10,0
19021.0,"Croydon, PA",2022-02,9,-9,0
19021.0,"Croydon, PA",2022-03,8,-8,0
19021.0,"Croydon, PA",2022-04,7,-7,0
19021.0,"Croydon, PA",2022-05,6,-6,0
19021.0,"Croydon, PA",2022-06,5,-5,0
19021.0,"Croydon, PA",2022-07,4,-4,0
19021.0,"Croydon, PA",2022-08,3,-3,0
19021.0,"Croydon, PA",2022-09,2,-2,0
19021.0,"Croydon, PA",2022-10,1,-1,0
19021.0,"Croydon, PA",2022-11,0,0,1
19021.0,"Croydon, PA",2022-12,-1,1,0
19022.0,"Crum Lynne, PA",2022-01,10,-10,0
19022.0,"Crum Lynne, PA",2022-02,9,-9,0
19022.0,"Crum Lynne, PA",2022-03,8,-8,0
19022.0,"Crum Lynne, PA",2022-04,7,-7,0
19022.0,"Crum Lynne, PA",2022-05,6,-6,0
19022.0,"Crum Lynne, PA",2022-06,5,-5,0
19022.0,"Crum Lynne, PA",2022-07,4,-4,0
19022.0,"Crum Lynne, PA",2022-08,3,-3,0
19022.0,"Crum Lynne, PA",2022-09,2,-2,0
19022.0,"Crum Lynne, PA",2022-10,1,-1,0
19022.0,"Crum Lynne, PA",2022-11,0,0,1
19022.0,"Crum Lynne, PA",2022-12,-1,1,0
19023.0,"Darby, PA",2022-01,10,-10,0
19023.0,"Darby, PA",2022-02,9,-9,0
19023.0,"Darby, PA",2022-03,8,-8,0
19023.0,"Darby, PA",2022-04,7,-7,0
19023.0,"Darby, PA",2022-05,6,-6,0
19023.0,"Darby, PA",2022-06,5,-5,0
19023.0,"Darby, PA",2022-07,4,-4,0
19023.0,"Darby, PA",2022-08,3,-3,0
19023.0,"Darby, PA",2022-09,2,-2,0
19023.0,"Darby, PA",2022-10,1,-1,0
19023.0,"Darby, PA",2022-11,0,0,1
19023.0,"Darby, PA",2022-12,-1,1,0
19025.0,"Dresher, PA",2022-01,10,-10,0
19025.0,"Dresher, PA",2022-02,9,-9,0
19025.0,"Dresher, PA",2022-03,8,-8,0
19025.0,"Dresher, PA",2022-04,7,-7,0
19025.0,"Dresher, PA",2022-05,6,-6,0
19025.0,"Dresher, PA",2022-06,5,-5,0
19025.0,"Dresher, PA",2022-07,4,-4,0
19025.0,"Dresher, PA",2022-08,3,-3,0
19025.0,"Dresher, PA",2022-09,2,-2,0
19025.0,"Dresher, PA",2022-10,1,-1,0
19025.0,"Dresher, PA",2022-11,0,0,1
19025.0,"Dresher, PA",2022-12,-1,1,0
19026.0,"Drexel Hill, PA",2022-01,10,-10,0
19026.0,"Drexel Hill, PA",2022-02,9,-9,0
19026.0,"Drexel Hill, PA",2022-03,8,-8,0
19026.0,"Drexel Hill, PA",2022-04,7,-7,0
19026.0,"Drexel Hill, PA",2022-05,6,-6,0
19026.0,"Drexel Hill, PA",2022-06,5,-5,0
19026.0,"Drexel Hill, PA",2022-07,4,-4,0
19026.0,"Drexel Hill, PA",2022-08,3,-3,0
19026.0,"Drexel Hill, PA",2022-09,2,-2,0
19026.0,"Drexel Hill, PA",2022-10,1,-1,0
19026.0,"Drexel Hill, PA",2022-11,0,0,1
19026.0,"Drexel Hill, PA",2022-12,-1,1,0
19027.0,"Elkins Park, PA",2022-01,10,-10,0
19027.0,"Elkins Park, PA",2022-02,9,-9,0
19027.0,"Elkins Park, PA",2022-03,8,-8,0
19027.0,"Elkins Park, PA",2022-04,7,-7,0
19027.0,"Elkins Park, PA",2022-05,6,-6,0
19027.0,"Elkins Park, PA",2022-06,5,-5,0
19027.0,"Elkins Park, PA",2022-07,4,-4,0
19027.0,"Elkins Park, PA",2022-08,3,-3,0
19027.0,"Elkins Park, PA",2022-09,2,-2,0
19027.0,"Elkins Park, PA",2022-10,1,-1,0
19027.0,"Elkins Park, PA",2022-11,0,0,1
19027.0,"Elkins Park, PA",2022-12,-1,1,0
19029.0,"Essington, PA",2022-01,10,-10,0
19029.0,"Essington, PA",2022-02,9,-9,0
19029.0,"Essington, PA",2022-03,8,-8,0
19029.0,"Essington, PA",2022-04,7,-7,0
19029.0,"Essington, PA",2022-05,6,-6,0
19029.0,"Essington, PA",2022-06,5,-5,0
19029.0,"Essington, PA",2022-07,4,-4,0
19029.0,"Essington, PA",2022-08,3,-3,0
19029.0,"Essington, PA",2022-09,2,-2,0
19029.0,"Essington, PA",2022-10,1,-1,0
19029.0,"Essington, PA",2022-11,0,0,1
19029.0,"Essington, PA",2022-12,-1,1,0
19030.0,"Fairless Hills, PA",2022-01,10,-10,0
19030.0,"Fairless Hills, PA",2022-02,9,-9,0
19030.0,"Fairless Hills, PA",2022-03,8,-8,0
19030.0,"Fairless Hills, PA",2022-04,7,-7,0
19030.0,"Fairless Hills, PA",2022-05,6,-6,0
19030.0,"Fairless Hills, PA",2022-06,5,-5,0
19030.0,"Fairless Hills, PA",2022-07,4,-4,0
19030.0,"Fairless Hills, PA",2022-08,3,-3,0
19030.0,"Fairless Hills, PA",2022-09,2,-2,0
19030.0,"Fairless Hills, PA",2022-10,1,-1,0
19030.0,"Fairless Hills, PA",2022-11,0,0,1
19030.0,"Fairless Hills, PA",2022-12,-1,1,0
19031.0,"Flourtown, PA",2022-01,10,-10,0
19031.0,"Flourtown, PA",2022-02,9,-9,0
19031.0,"Flourtown, PA",2022-03,8,-8,0
19031.0,"Flourtown, PA",2022-04,7,-7,0
19031.0,"Flourtown, PA",2022-05,6,-6,0
19031.0,"Flourtown, PA",2022-06,5,-5,0
19031.0,"Flourtown, PA",2022-07,4,-4,0
19031.0,"Flourtown, PA",2022-08,3,-3,0
19031.0,"Flourtown, PA",2022-09,2,-2,0
19031.0,"Flourtown, PA",2022-10,1,-1,0
19031.0,"Flourtown, PA",2022-11,0,0,1
19031.0,"Flourtown, PA",2022-12,-1,1,0
19032.0,"Folcroft, PA",2022-01,10,-10,0
19032.0,"Folcroft, PA",2022-02,9,-9,0
19032.0,"Folcroft, PA",2022-03,8,-8,0
19032.0,"Folcroft, PA",2022-04,7,-7,0
19032.0,"Folcroft, PA",2022-05,6,-6,0
19032.0,"Folcroft, PA",2022-06,5,-5,0
19032.0,"Folcroft, PA",2022-07,4,-4,0
19032.0,"Folcroft, PA",2022-08,3,-3,0
19032.0,"Folcroft, PA",2022-09,2,-2,0
19032.0,"Folcroft, PA",2022-10,1,-1,0
19032.0,"Folcroft, PA",2022-11,0,0,1
19032.0,"Folcroft, PA",2022-12,-1,1,0
19033.0,"Folsom, PA",2022-01,10,-10,0
19033.0,"Folsom, PA",2022-02,9,-9,0
19033.0,"Folsom, PA",2022-03,8,-8,0
19033.0,"Folsom, PA",2022-04,7,-7,0
19033.0,"Folsom, PA",2022-05,6,-6,0
19033.0,"Folsom, PA",2022-06,5,-5,0
19033.0,"Folsom, PA",2022-07,4,-4,0
19033.0,"Folsom, PA",2022-08,3,-3,0
19033.0,"Folsom, PA",2022-09,2,-2,0
19033.0,"Folsom, PA",2022-10,1,-1,0
19033.0,"Folsom, PA",2022-11,0,0,1
19033.0,"Folsom, PA",2022-12,-1,1,0
19034.0,"Fort Washington, PA",2022-01,10,-10,0
19034.0,"Fort Washington, PA",2022-02,9,-9,0
19034.0,"Fort Washington, PA",2022-03,8,-8,0
19034.0,"Fort Washington, PA",2022-04,7,-7,0
19034.0,"Fort Washington, PA",2022-05,6,-6,0
19034.0,"Fort Washington, PA",2022-06,5,-5,0
19034.0,"Fort Washington, PA",2022-07,4,-4,0
19034.0,"Fort Washington, PA",2022-08,3,-3,0
19034.0,"Fort Washington, PA",2022-09,2,-2,0
19034.0,"Fort Washington, PA",2022-10,1,-1,0
19034.0,"Fort Washington, PA",2022-11,0,0,1
19034.0,"Fort Washington, PA",2022-12,-1,1,0
19035.0,"Gladwyne, PA",2022-01,10,-10,0
19035.0,"Gladwyne, PA",2022-02,9,-9,0
19035.0,"Gladwyne, PA",2022-03,8,-8,0
19035.0,"Gladwyne, PA",2022-04,7,-7,0
19035.0,"Gladwyne, PA",2022-05,6,-6,0
19035.0,"Gladwyne, PA",2022-06,5,-5,0
19035.0,"Gladwyne, PA",2022-07,4,-4,0
19035.0,"Gladwyne, PA",2022-08,3,-3,0
19035.0,"Gladwyne, PA",2022-09,2,-2,0
19035.0,"Gladwyne, PA",2022-10,1,-1,0
19035.0,"Gladwyne, PA",2022-11,0,0,1
19035.0,"Gladwyne, PA",2022-12,-1,1,0
19036.0,"Glenolden, PA",2022-01,10,-10,0
19036.0,"Glenolden, PA",2022-02,9,-9,0
19036.0,"Glenolden, PA",2022-03,8,-8,0
19036.0,"Glenolden, PA",2022-04,7,-7,0
19036.0,"Glenolden, PA",2022-05,6,-6,0
19036.0,"Glenolden, PA",2022-06,5,-5,0
19036.0,"Glenolden, PA",2022-07,4,-4,0
19036.0,"Glenolden, PA",2022-08,3,-3,0
19036.0,"Glenolden, PA",2022-09,2,-2,0
19036.0,"Glenolden, PA",2022-10,1,-1,0
19036.0,"Glenolden, PA",2022-11,0,0,1
19036.0,"Glenolden, PA",2022-12,-1,1,0
19038.0,"Glenside, PA",2022-01,10,-10,0
19038.0,"Glenside, PA",2022-02,9,-9,0
19038.0,"Glenside, PA",2022-03,8,-8,0
19038.0,"Glenside, PA",2022-04,7,-7,0
19038.0,"Glenside, PA",2022-05,6,-6,0
19038.0,"Glenside, PA",2022-06,5,-5,0
19038.0,"Glenside, PA",2022-07,4,-4,0
19038.0,"Glenside, PA",2022-08,3,-3,0
19038.0,"Glenside, PA",2022-09,2,-2,0
19038.0,"Glenside, PA",2022-10,1,-1,0
19038.0,"Glenside, PA",2022-11,0,0,1
19038.0,"Glenside, PA",2022-12,-1,1,0
19040.0,"Hatboro, PA",2022-01,10,-10,0
19040.0,"Hatboro, PA",2022-02,9,-9,0
19040.0,"Hatboro, PA",2022-03,8,-8,0
19040.0,"Hatboro, PA",2022-04,7,-7,0
19040.0,"Hatboro, PA",2022-05,6,-6,0
19040.0,"Hatboro, PA",2022-06,5,-5,0
19040.0,"Hatboro, PA",2022-07,4,-4,0
19040.0,"Hatboro, PA",2022-08,3,-3,0
19040.0,"Hatboro, PA",2022-09,2,-2,0
19040.0,"Hatboro, PA",2022-10,1,-1,0
19040.0,"Hatboro, PA",2022-11,0,0,1
19040.0,"Hatboro, PA",2022-12,-1,1,0
19041.0,"Haverford, PA",2022-01,10,-10,0
19041.0,"Haverford, PA",2022-02,9,-9,0
19041.0,"Haverford, PA",2022-03,8,-8,0
19041.0,"Haverford, PA",2022-04,7,-7,0
19041.0,"Haverford, PA",2022-05,6,-6,0
19041.0,"Haverford, PA",2022-06,5,-5,0
19041.0,"Haverford, PA",2022-07,4,-4,0
19041.0,"Haverford, PA",2022-08,3,-3,0
19041.0,"Haverford, PA",2022-09,2,-2,0
19041.0,"Haverford, PA",2022-10,1,-1,0
19041.0,"Haverford, PA",2022-11,0,0,1
19041.0,"Haverford, PA",2022-12,-1,1,0
19043.0,"Holmes, PA",2022-01,10,-10,0
19043.0,"Holmes, PA",2022-02,9,-9,0
19043.0,"Holmes, PA",2022-03,8,-8,0
19043.0,"Holmes, PA",2022-04,7,-7,0
19043.0,"Holmes, PA",2022-05,6,-6,0
19043.0,"Holmes, PA",2022-06,5,-5,0
19043.0,"Holmes, PA",2022-07,4,-4,0
19043.0,"Holmes, PA",2022-08,3,-3,0
19043.0,"Holmes, PA",2022-09,2,-2,0
19043.0,"Holmes, PA",2022-10,1,-1,0
19043.0,"Holmes, PA",2022-11,0,0,1
19043.0,"Holmes, PA",2022-12,-1,1,0
19044.0,"Horsham, PA",2022-01,10,-10,0
19044.0,"Horsham, PA",2022-02,9,-9,0
19044.0,"Horsham, PA",2022-03,8,-8,0
19044.0,"Horsham, PA",2022-04,7,-7,0
19044.0,"Horsham, PA",2022-05,6,-6,0
19044.0,"Horsham, PA",2022-06,5,-5,0
19044.0,"Horsham, PA",2022-07,4,-4,0
19044.0,"Horsham, PA",2022-08,3,-3,0
19044.0,"Horsham, PA",2022-09,2,-2,0
19044.0,"Horsham, PA",2022-10,1,-1,0
19044.0,"Horsham, PA",2022-11,0,0,1
19044.0,"Horsham, PA",2022-12,-1,1,0
19046.0,"Jenkintown, PA",2022-01,10,-10,0
19046.0,"Jenkintown, PA",2022-02,9,-9,0
19046.0,"Jenkintown, PA",2022-03,8,-8,0
19046.0,"Jenkintown, PA",2022-04,7,-7,0
19046.0,"Jenkintown, PA",2022-05,6,-6,0
19046.0,"Jenkintown, PA",2022-06,5,-5,0
19046.0,"Jenkintown, PA",2022-07,4,-4,0
19046.0,"Jenkintown, PA",2022-08,3,-3,0
19046.0,"Jenkintown, PA",2022-09,2,-2,0
19046.0,"Jenkintown, PA",2022-10,1,-1,0
19046.0,"Jenkintown, PA",2022-11,0,0,1
19046.0,"Jenkintown, PA",2022-12,-1,1,0
19047.0,"Langhorne, PA",2022-01,10,-10,0
19047.0,"Langhorne, PA",2022-02,9,-9,0
19047.0,"Langhorne, PA",2022-03,8,-8,0
19047.0,"Langhorne, PA",2022-04,7,-7,0
19047.0,"Langhorne, PA",2022-05,6,-6,0
19047.0,"Langhorne, PA",2022-06,5,-5,0
19047.0,"Langhorne, PA",2022-07,4,-4,0
19047.0,"Langhorne, PA",2022-08,3,-3,0
19047.0,"Langhorne, PA",2022-09,2,-2,0
19047.0,"Langhorne, PA",2022-10,1,-1,0
19047.0,"Langhorne, PA",2022-11,0,0,1
19047.0,"Langhorne, PA",2022-12,-1,1,0
19050.0,"Lansdowne, PA",2022-01,10,-10,0
19050.0,"Lansdowne, PA",2022-02,9,-9,0
19050.0,"Lansdowne, PA",2022-03,8,-8,0
19050.0,"Lansdowne, PA",2022-04,7,-7,0
19050.0,"Lansdowne, PA",2022-05,6,-6,0
19050.0,"Lansdowne, PA",2022-06,5,-5,0
19050.0,"Lansdowne, PA",2022-07,4,-4,0
19050.0,"Lansdowne, PA",2022-08,3,-3,0
19050.0,"Lansdowne, PA",2022-09,2,-2,0
19050.0,"Lansdowne, PA",2022-10,1,-1,0
19050.0,"Lansdowne, PA",2022-11,0,0,1
19050.0,"Lansdowne, PA",2022-12,-1,1,0
19052.0,"Lenni, PA",2022-01,10,-10,0
19052.0,"Lenni, PA",2022-02,9,-9,0
19052.0,"Lenni, PA",2022-03,8,-8,0
19052.0,"Lenni, PA",2022-04,7,-7,0
19052.0,"Lenni, PA",2022-05,6,-6,0
19052.0,"Lenni, PA",2022-06,5,-5,0
19052.0,"Lenni, PA",2022-07,4,-4,0
19052.0,"Lenni, PA",2022-08,3,-3,0
19052.0,"Lenni, PA",2022-09,2,-2,0
19052.0,"Lenni, PA",2022-10,1,-1,0
19052.0,"Lenni, PA",2022-11,0,0,1
19052.0,"Lenni, PA",2022-12,-1,1,0
19053.0,"Feasterville Trevose, PA",2022-01,10,-10,0
19053.0,"Feasterville Trevose, PA",2022-02,9,-9,0
19053.0,"Feasterville Trevose, PA",2022-03,8,-8,0
19053.0,"Feasterville Trevose, PA",2022-04,7,-7,0
19053.0,"Feasterville Trevose, PA",2022-05,6,-6,0
19053.0,"Feasterville Trevose, PA",2022-06,5,-5,0
19053.0,"Feasterville Trevose, PA",2022-07,4,-4,0
19053.0,"Feasterville Trevose, PA",2022-08,3,-3,0
19053.0,"Feasterville Trevose, PA",2022-09,2,-2,0
19053.0,"Feasterville Trevose, PA",2022-10,1,-1,0
19053.0,"Feasterville Trevose, PA",2022-11,0,0,1
19053.0,"Feasterville Trevose, PA",2022-12,-1,1,0
19054.0,"Levittown, PA",2022-01,10,-10,0
19054.0,"Levittown, PA",2022-02,9,-9,0
19054.0,"Levittown, PA",2022-03,8,-8,0
19054.0,"Levittown, PA",2022-04,7,-7,0
19054.0,"Levittown, PA",2022-05,6,-6,0
19054.0,"Levittown, PA",2022-06,5,-5,0
19054.0,"Levittown, PA",2022-07,4,-4,0
19054.0,"Levittown, PA",2022-08,3,-3,0
19054.0,"Levittown, PA",2022-09,2,-2,0
19054.0,"Levittown, PA",2022-10,1,-1,0
19054.0,"Levittown, PA",2022-11,0,0,1
19054.0,"Levittown, PA",2022-12,-1,1,0
19055.0,"Levittown, PA",2022-01,10,-10,0
19055.0,"Levittown, PA",2022-02,9,-9,0
19055.0,"Levittown, PA",2022-03,8,-8,0
19055.0,"Levittown, PA",2022-04,7,-7,0
19055.0,"Levittown, PA",2022-05,6,-6,0
19055.0,"Levittown, PA",2022-06,5,-5,0
19055.0,"Levittown, PA",2022-07,4,-4,0
19055.0,"Levittown, PA",2022-08,3,-3,0
19055.0,"Levittown, PA",2022-09,2,-2,0
19055.0,"Levittown, PA",2022-10,1,-1,0
19055.0,"Levittown, PA",2022-11,0,0,1
19055.0,"Levittown, PA",2022-12,-1,1,0
19056.0,"Levittown, PA",2022-01,10,-10,0
19056.0,"Levittown, PA",2022-02,9,-9,0
19056.0,"Levittown, PA",2022-03,8,-8,0
19056.0,"Levittown, PA",2022-04,7,-7,0
19056.0,"Levittown, PA",2022-05,6,-6,0
19056.0,"Levittown, PA",2022-06,5,-5,0
19056.0,"Levittown, PA",2022-07,4,-4,0
19056.0,"Levittown, PA",2022-08,3,-3,0
19056.0,"Levittown, PA",2022-09,2,-2,0
19056.0,"Levittown, PA",2022-10,1,-1,0
19056.0,"Levittown, PA",2022-11,0,0,1
19056.0,"Levittown, PA",2022-12,-1,1,0
19057.0,"Levittown, PA",2022-01,10,-10,0
19057.0,"Levittown, PA",2022-02,9,-9,0
19057.0,"Levittown, PA",2022-03,8,-8,0
19057.0,"Levittown, PA",2022-04,7,-7,0
19057.0,"Levittown, PA",2022-05,6,-6,0
19057.0,"Levittown, PA",2022-06,5,-5,0
19057.0,"Levittown, PA",2022-07,4,-4,0
19057.0,"Levittown, PA",2022-08,3,-3,0
19057.0,"Levittown, PA",2022-09,2,-2,0
19057.0,"Levittown, PA",2022-10,1,-1,0
19057.0,"Levittown, PA",2022-11,0,0,1
19057.0,"Levittown, PA",2022-12,-1,1,0
19060.0,"Boothwyn, PA",2022-01,10,-10,0
19060.0,"Boothwyn, PA",2022-02,9,-9,0
19060.0,"Boothwyn, PA",2022-03,8,-8,0
19060.0,"Boothwyn, PA",2022-04,7,-7,0
19060.0,"Boothwyn, PA",2022-05,6,-6,0
19060.0,"Boothwyn, PA",2022-06,5,-5,0
19060.0,"Boothwyn, PA",2022-07,4,-4,0
19060.0,"Boothwyn, PA",2022-08,3,-3,0
19060.0,"Boothwyn, PA",2022-09,2,-2,0
19060.0,"Boothwyn, PA",2022-10,1,-1,0
19060.0,"Boothwyn, PA",2022-11,0,0,1
19060.0,"Boothwyn, PA",2022-12,-1,1,0
19061.0,"Marcus Hook, PA",2022-01,10,-10,0
19061.0,"Marcus Hook, PA",2022-02,9,-9,0
19061.0,"Marcus Hook, PA",2022-03,8,-8,0
19061.0,"Marcus Hook, PA",2022-04,7,-7,0
19061.0,"Marcus Hook, PA",2022-05,6,-6,0
19061.0,"Marcus Hook, PA",2022-06,5,-5,0
19061.0,"Marcus Hook, PA",2022-07,4,-4,0
19061.0,"Marcus Hook, PA",2022-08,3,-3,0
19061.0,"Marcus Hook, PA",2022-09,2,-2,0
19061.0,"Marcus Hook, PA",2022-10,1,-1,0
19061.0,"Marcus Hook, PA",2022-11,0,0,1
19061.0,"Marcus Hook, PA",2022-12,-1,1,0
19063.0,"Media, PA",2022-01,10,-10,0
19063.0,"Media, PA",2022-02,9,-9,0
19063.0,"Media, PA",2022-03,8,-8,0
19063.0,"Media, PA",2022-04,7,-7,0
19063.0,"Media, PA",2022-05,6,-6,0
19063.0,"Media, PA",2022-06,5,-5,0
19063.0,"Media, PA",2022-07,4,-4,0
19063.0,"Media, PA",2022-08,3,-3,0
19063.0,"Media, PA",2022-09,2,-2,0
19063.0,"Media, PA",2022-10,1,-1,0
19063.0,"Media, PA",2022-11,0,0,1
19063.0,"Media, PA",2022-12,-1,1,0
19064.0,"Springfield, PA",2022-01,10,-10,0
19064.0,"Springfield, PA",2022-02,9,-9,0
19064.0,"Springfield, PA",2022-03,8,-8,0
19064.0,"Springfield, PA",2022-04,7,-7,0
19064.0,"Springfield, PA",2022-05,6,-6,0
19064.0,"Springfield, PA",2022-06,5,-5,0
19064.0,"Springfield, PA",2022-07,4,-4,0
19064.0,"Springfield, PA",2022-08,3,-3,0
19064.0,"Springfield, PA",2022-09,2,-2,0
19064.0,"Springfield, PA",2022-10,1,-1,0
19064.0,"Springfield, PA",2022-11,0,0,1
19064.0,"Springfield, PA",2022-12,-1,1,0
19066.0,"Merion Station, PA",2022-01,10,-10,0
19066.0,"Merion Station, PA",2022-02,9,-9,0
19066.0,"Merion Station, PA",2022-03,8,-8,0
19066.0,"Merion Station, PA",2022-04,7,-7,0
19066.0,"Merion Station, PA",2022-05,6,-6,0
19066.0,"Merion Station, PA",2022-06,5,-5,0
19066.0,"Merion Station, PA",2022-07,4,-4,0
19066.0,"Merion Station, PA",2022-08,3,-3,0
19066.0,"Merion Station, PA",2022-09,2,-2,0
19066.0,"Merion Station, PA",2022-10,1,-1,0
19066.0,"Merion Station, PA",2022-11,0,0,1
19066.0,"Merion Station, PA",2022-12,-1,1,0
19067.0,"Morrisville, PA",2022-01,10,-10,0
19067.0,"Morrisville, PA",2022-02,9,-9,0
19067.0,"Morrisville, PA",2022-03,8,-8,0
19067.0,"Morrisville, PA",2022-04,7,-7,0
19067.0,"Morrisville, PA",2022-05,6,-6,0
19067.0,"Morrisville, PA",2022-06,5,-5,0
19067.0,"Morrisville, PA",2022-07,4,-4,0
19067.0,"Morrisville, PA",2022-08,3,-3,0
19067.0,"Morrisville, PA",2022-09,2,-2,0
19067.0,"Morrisville, PA",2022-10,1,-1,0
19067.0,"Morrisville, PA",2022-11,0,0,1
19067.0,"Morrisville, PA",2022-12,-1,1,0
19070.0,"Morton, PA",2022-01,10,-10,0
19070.0,"Morton, PA",2022-02,9,-9,0
19070.0,"Morton, PA",2022-03,8,-8,0
19070.0,"Morton, PA",2022-04,7,-7,0
19070.0,"Morton, PA",2022-05,6,-6,0
19070.0,"Morton, PA",2022-06,5,-5,0
19070.0,"Morton, PA",2022-07,4,-4,0
19070.0,"Morton, PA",2022-08,3,-3,0
19070.0,"Morton, PA",2022-09,2,-2,0
19070.0,"Morton, PA",2022-10,1,-1,0
19070.0,"Morton, PA",2022-11,0,0,1
19070.0,"Morton, PA",2022-12,-1,1,0
19072.0,"Narberth, PA",2022-01,10,-10,0
19072.0,"Narberth, PA",2022-02,9,-9,0
19072.0,"Narberth, PA",2022-03,8,-8,0
19072.0,"Narberth, PA",2022-04,7,-7,0
19072.0,"Narberth, PA",2022-05,6,-6,0
19072.0,"Narberth, PA",2022-06,5,-5,0
19072.0,"Narberth, PA",2022-07,4,-4,0
19072.0,"Narberth, PA",2022-08,3,-3,0
19072.0,"Narberth, PA",2022-09,2,-2,0
19072.0,"Narberth, PA",2022-10,1,-1,0
19072.0,"Narberth, PA",2022-11,0,0,1
19072.0,"Narberth, PA",2022-12,-1,1,0
19073.0,"Newtown Square, PA",2022-01,10,-10,0
19073.0,"Newtown Square, PA",2022-02,9,-9,0
19073.0,"Newtown Square, PA",2022-03,8,-8,0
19073.0,"Newtown Square, PA",2022-04,7,-7,0
19073.0,"Newtown Square, PA",2022-05,6,-6,0
19073.0,"Newtown Square, PA",2022-06,5,-5,0
19073.0,"Newtown Square, PA",2022-07,4,-4,0
19073.0,"Newtown Square, PA",2022-08,3,-3,0
19073.0,"Newtown Square, PA",2022-09,2,-2,0
19073.0,"Newtown Square, PA",2022-10,1,-1,0
19073.0,"Newtown Square, PA",2022-11,0,0,1
19073.0,"Newtown Square, PA",2022-12,-1,1,0
19074.0,"Norwood, PA",2022-01,10,-10,0
19074.0,"Norwood, PA",2022-02,9,-9,0
19074.0,"Norwood, PA",2022-03,8,-8,0
19074.0,"Norwood, PA",2022-04,7,-7,0
19074.0,"Norwood, PA",2022-05,6,-6,0
19074.0,"Norwood, PA",2022-06,5,-5,0
19074.0,"Norwood, PA",2022-07,4,-4,0
19074.0,"Norwood, PA",2022-08,3,-3,0
19074.0,"Norwood, PA",2022-09,2,-2,0
19074.0,"Norwood, PA",2022-10,1,-1,0
19074.0,"Norwood, PA",2022-11,0,0,1
19074.0,"Norwood, PA",2022-12,-1,1,0
19075.0,"Oreland, PA",2022-01,10,-10,0
19075.0,"Oreland, PA",2022-02,9,-9,0
19075.0,"Oreland, PA",2022-03,8,-8,0
19075.0,"Oreland, PA",2022-04,7,-7,0
19075.0,"Oreland, PA",2022-05,6,-6,0
19075.0,"Oreland, PA",2022-06,5,-5,0
19075.0,"Oreland, PA",2022-07,4,-4,0
19075.0,"Oreland, PA",2022-08,3,-3,0
19075.0,"Oreland, PA",2022-09,2,-2,0
19075.0,"Oreland, PA",2022-10,1,-1,0
19075.0,"Oreland, PA",2022-11,0,0,1
19075.0,"Oreland, PA",2022-12,-1,1,0
19076.0,"Prospect Park, PA",2022-01,10,-10,0
19076.0,"Prospect Park, PA",2022-02,9,-9,0
19076.0,"Prospect Park, PA",2022-03,8,-8,0
19076.0,"Prospect Park, PA",2022-04,7,-7,0
19076.0,"Prospect Park, PA",2022-05,6,-6,0
19076.0,"Prospect Park, PA",2022-06,5,-5,0
19076.0,"Prospect Park, PA",2022-07,4,-4,0
19076.0,"Prospect Park, PA",2022-08,3,-3,0
19076.0,"Prospect Park, PA",2022-09,2,-2,0
19076.0,"Prospect Park, PA",2022-10,1,-1,0
19076.0,"Prospect Park, PA",2022-11,0,0,1
19076.0,"Prospect Park, PA",2022-12,-1,1,0
19078.0,"Ridley Park, PA",2022-01,10,-10,0
19078.0,"Ridley Park, PA",2022-02,9,-9,0
19078.0,"Ridley Park, PA",2022-03,8,-8,0
19078.0,"Ridley Park, PA",2022-04,7,-7,0
19078.0,"Ridley Park, PA",2022-05,6,-6,0
19078.0,"Ridley Park, PA",2022-06,5,-5,0
19078.0,"Ridley Park, PA",2022-07,4,-4,0
19078.0,"Ridley Park, PA",2022-08,3,-3,0
19078.0,"Ridley Park, PA",2022-09,2,-2,0
19078.0,"Ridley Park, PA",2022-10,1,-1,0
19078.0,"Ridley Park, PA",2022-11,0,0,1
19078.0,"Ridley Park, PA",2022-12,-1,1,0
19079.0,"Sharon Hill, PA",2022-01,10,-10,0
19079.0,"Sharon Hill, PA",2022-02,9,-9,0
19079.0,"Sharon Hill, PA",2022-03,8,-8,0
19079.0,"Sharon Hill, PA",2022-04,7,-7,0
19079.0,"Sharon Hill, PA",2022-05,6,-6,0
19079.0,"Sharon Hill, PA",2022-06,5,-5,0
19079.0,"Sharon Hill, PA",2022-07,4,-4,0
19079.0,"Sharon Hill, PA",2022-08,3,-3,0
19079.0,"Sharon Hill, PA",2022-09,2,-2,0
19079.0,"Sharon Hill, PA",2022-10,1,-1,0
19079.0,"Sharon Hill, PA",2022-11,0,0,1
19079.0,"Sharon Hill, PA",2022-12,-1,1,0
19081.0,"Swarthmore, PA",2022-01,10,-10,0
19081.0,"Swarthmore, PA",2022-02,9,-9,0
19081.0,"Swarthmore, PA",2022-03,8,-8,0
19081.0,"Swarthmore, PA",2022-04,7,-7,0
19081.0,"Swarthmore, PA",2022-05,6,-6,0
19081.0,"Swarthmore, PA",2022-06,5,-5,0
19081.0,"Swarthmore, PA",2022-07,4,-4,0
19081.0,"Swarthmore, PA",2022-08,3,-3,0
19081.0,"Swarthmore, PA",2022-09,2,-2,0
19081.0,"Swarthmore, PA",2022-10,1,-1,0
19081.0,"Swarthmore, PA",2022-11,0,0,1
19081.0,"Swarthmore, PA",2022-12,-1,1,0
19082.0,"Upper Darby, PA",2022-01,10,-10,0
19082.0,"Upper Darby, PA",2022-02,9,-9,0
19082.0,"Upper Darby, PA",2022-03,8,-8,0
19082.0,"Upper Darby, PA",2022-04,7,-7,0
19082.0,"Upper Darby, PA",2022-05,6,-6,0
19082.0,"Upper Darby, PA",2022-06,5,-5,0
19082.0,"Upper Darby, PA",2022-07,4,-4,0
19082.0,"Upper Darby, PA",2022-08,3,-3,0
19082.0,"Upper Darby, PA",2022-09,2,-2,0
19082.0,"Upper Darby, PA",2022-10,1,-1,0
19082.0,"Upper Darby, PA",2022-11,0,0,1
19082.0,"Upper Darby, PA",2022-12,-1,1,0
19083.0,"Havertown, PA",2022-01,10,-10,0
19083.0,"Havertown, PA",2022-02,9,-9,0
19083.0,"Havertown, PA",2022-03,8,-8,0
19083.0,"Havertown, PA",2022-04,7,-7,0
19083.0,"Havertown, PA",2022-05,6,-6,0
19083.0,"Havertown, PA",2022-06,5,-5,0
19083.0,"Havertown, PA",2022-07,4,-4,0
19083.0,"Havertown, PA",2022-08,3,-3,0
19083.0,"Havertown, PA",2022-09,2,-2,0
19083.0,"Havertown, PA",2022-10,1,-1,0
19083.0,"Havertown, PA",2022-11,0,0,1
19083.0,"Havertown, PA",2022-12,-1,1,0
19085.0,"Villanova, PA",2022-01,10,-10,0
19085.0,"Villanova, PA",2022-02,9,-9,0
19085.0,"Villanova, PA",2022-03,8,-8,0
19085.0,"Villanova, PA",2022-04,7,-7,0
19085.0,"Villanova, PA",2022-05,6,-6,0
19085.0,"Villanova, PA",2022-06,5,-5,0
19085.0,"Villanova, PA",2022-07,4,-4,0
19085.0,"Villanova, PA",2022-08,3,-3,0
19085.0,"Villanova, PA",2022-09,2,-2,0
19085.0,"Villanova, PA",2022-10,1,-1,0
19085.0,"Villanova, PA",2022-11,0,0,1
19085.0,"Villanova, PA",2022-12,-1,1,0
19086.0,"Wallingford, PA",2022-01,10,-10,0
19086.0,"Wallingford, PA",2022-02,9,-9,0
19086.0,"Wallingford, PA",2022-03,8,-8,0
19086.0,"Wallingford, PA",2022-04,7,-7,0
19086.0,"Wallingford, PA",2022-05,6,-6,0
19086.0,"Wallingford, PA",2022-06,5,-5,0
19086.0,"Wallingford, PA",2022-07,4,-4,0
19086.0,"Wallingford, PA",2022-08,3,-3,0
19086.0,"Wallingford, PA",2022-09,2,-2,0
19086.0,"Wallingford, PA",2022-10,1,-1,0
19086.0,"Wallingford, PA",2022-11,0,0,1
19086.0,"Wallingford, PA",2022-12,-1,1,0
19087.0,"Wayne, PA",2022-01,10,-10,0
19087.0,"Wayne, PA",2022-02,9,-9,0
19087.0,"Wayne, PA",2022-03,8,-8,0
19087.0,"Wayne, PA",2022-04,7,-7,0
19087.0,"Wayne, PA",2022-05,6,-6,0
19087.0,"Wayne, PA",2022-06,5,-5,0
19087.0,"Wayne, PA",2022-07,4,-4,0
19087.0,"Wayne, PA",2022-08,3,-3,0
19087.0,"Wayne, PA",2022-09,2,-2,0
19087.0,"Wayne, PA",2022-10,1,-1,0
19087.0,"Wayne, PA",2022-11,0,0,1
19087.0,"Wayne, PA",2022-12,-1,1,0
19090.0,"Willow Grove, PA",2022-01,10,-10,0
19090.0,"Willow Grove, PA",2022-02,9,-9,0
19090.0,"Willow Grove, PA",2022-03,8,-8,0
19090.0,"Willow Grove, PA",2022-04,7,-7,0
19090.0,"Willow Grove, PA",2022-05,6,-6,0
19090.0,"Willow Grove, PA",2022-06,5,-5,0
19090.0,"Willow Grove, PA",2022-07,4,-4,0
19090.0,"Willow Grove, PA",2022-08,3,-3,0
19090.0,"Willow Grove, PA",2022-09,2,-2,0
19090.0,"Willow Grove, PA",2022-10,1,-1,0
19090.0,"Willow Grove, PA",2022-11,0,0,1
19090.0,"Willow Grove, PA",2022-12,-1,1,0
19094.0,"Woodlyn, PA",2022-01,10,-10,0
19094.0,"Woodlyn, PA",2022-02,9,-9,0
19094.0,"Woodlyn, PA",2022-03,8,-8,0
19094.0,"Woodlyn, PA",2022-04,7,-7,0
19094.0,"Woodlyn, PA",2022-05,6,-6,0
19094.0,"Woodlyn, PA",2022-06,5,-5,0
19094.0,"Woodlyn, PA",2022-07,4,-4,0
19094.0,"Woodlyn, PA",2022-08,3,-3,0
19094.0,"Woodlyn, PA",2022-09,2,-2,0
19094.0,"Woodlyn, PA",2022-10,1,-1,0
19094.0,"Woodlyn, PA",2022-11,0,0,1
19094.0,"Woodlyn, PA",2022-12,-1,1,0
19095.0,"Wyncote, PA",2022-01,10,-10,0
19095.0,"Wyncote, PA",2022-02,9,-9,0
19095.0,"Wyncote, PA",2022-03,8,-8,0
19095.0,"Wyncote, PA",2022-04,7,-7,0
19095.0,"Wyncote, PA",2022-05,6,-6,0
19095.0,"Wyncote, PA",2022-06,5,-5,0
19095.0,"Wyncote, PA",2022-07,4,-4,0
19095.0,"Wyncote, PA",2022-08,3,-3,0
19095.0,"Wyncote, PA",2022-09,2,-2,0
19095.0,"Wyncote, PA",2022-10,1,-1,0
19095.0,"Wyncote, PA",2022-11,0,0,1
19095.0,"Wyncote, PA",2022-12,-1,1,0
19096.0,"Wynnewood, PA",2022-01,10,-10,0
19096.0,"Wynnewood, PA",2022-02,9,-9,0
19096.0,"Wynnewood, PA",2022-03,8,-8,0
19096.0,"Wynnewood, PA",2022-04,7,-7,0
19096.0,"Wynnewood, PA",2022-05,6,-6,0
19096.0,"Wynnewood, PA",2022-06,5,-5,0
19096.0,"Wynnewood, PA",2022-07,4,-4,0
19096.0,"Wynnewood, PA",2022-08,3,-3,0
19096.0,"Wynnewood, PA",2022-09,2,-2,0
19096.0,"Wynnewood, PA",2022-10,1,-1,0
19096.0,"Wynnewood, PA",2022-11,0,0,1
19096.0,"Wynnewood, PA",2022-12,-1,1,0
19102.0,"Philadelphia, PA",2022-01,10,-10,0
19102.0,"Philadelphia, PA",2022-02,9,-9,0
19102.0,"Philadelphia, PA",2022-03,8,-8,0
19102.0,"Philadelphia, PA",2022-04,7,-7,0
19102.0,"Philadelphia, PA",2022-05,6,-6,0
19102.0,"Philadelphia, PA",2022-06,5,-5,0
19102.0,"Philadelphia, PA",2022-07,4,-4,0
19102.0,"Philadelphia, PA",2022-08,3,-3,0
19102.0,"Philadelphia, PA",2022-09,2,-2,0
19102.0,"Philadelphia, PA",2022-10,1,-1,0
19102.0,"Philadelphia, PA",2022-11,0,0,1
19102.0,"Philadelphia, PA",2022-12,-1,1,0
19103.0,"Philadelphia, PA",2022-01,10,-10,0
19103.0,"Philadelphia, PA",2022-02,9,-9,0
19103.0,"Philadelphia, PA",2022-03,8,-8,0
19103.0,"Philadelphia, PA",2022-04,7,-7,0
19103.0,"Philadelphia, PA",2022-05,6,-6,0
19103.0,"Philadelphia, PA",2022-06,5,-5,0
19103.0,"Philadelphia, PA",2022-07,4,-4,0
19103.0,"Philadelphia, PA",2022-08,3,-3,0
19103.0,"Philadelphia, PA",2022-09,2,-2,0
19103.0,"Philadelphia, PA",2022-10,1,-1,0
19103.0,"Philadelphia, PA",2022-11,0,0,1
19103.0,"Philadelphia, PA",2022-12,-1,1,0
19104.0,"Philadelphia, PA",2022-01,10,-10,0
19104.0,"Philadelphia, PA",2022-02,9,-9,0
19104.0,"Philadelphia, PA",2022-03,8,-8,0
19104.0,"Philadelphia, PA",2022-04,7,-7,0
19104.0,"Philadelphia, PA",2022-05,6,-6,0
19104.0,"Philadelphia, PA",2022-06,5,-5,0
19104.0,"Philadelphia, PA",2022-07,4,-4,0
19104.0,"Philadelphia, PA",2022-08,3,-3,0
19104.0,"Philadelphia, PA",2022-09,2,-2,0
19104.0,"Philadelphia, PA",2022-10,1,-1,0
19104.0,"Philadelphia, PA",2022-11,0,0,1
19104.0,"Philadelphia, PA",2022-12,-1,1,0
19106.0,"Philadelphia, PA",2022-01,10,-10,0
19106.0,"Philadelphia, PA",2022-02,9,-9,0
19106.0,"Philadelphia, PA",2022-03,8,-8,0
19106.0,"Philadelphia, PA",2022-04,7,-7,0
19106.0,"Philadelphia, PA",2022-05,6,-6,0
19106.0,"Philadelphia, PA",2022-06,5,-5,0
19106.0,"Philadelphia, PA",2022-07,4,-4,0
19106.0,"Philadelphia, PA",2022-08,3,-3,0
19106.0,"Philadelphia, PA",2022-09,2,-2,0
19106.0,"Philadelphia, PA",2022-10,1,-1,0
19106.0,"Philadelphia, PA",2022-11,0,0,1
19106.0,"Philadelphia, PA",2022-12,-1,1,0
19107.0,"Philadelphia, PA",2022-01,10,-10,0
19107.0,"Philadelphia, PA",2022-02,9,-9,0
19107.0,"Philadelphia, PA",2022-03,8,-8,0
19107.0,"Philadelphia, PA",2022-04,7,-7,0
19107.0,"Philadelphia, PA",2022-05,6,-6,0
19107.0,"Philadelphia, PA",2022-06,5,-5,0
19107.0,"Philadelphia, PA",2022-07,4,-4,0
19107.0,"Philadelphia, PA",2022-08,3,-3,0
19107.0,"Philadelphia, PA",2022-09,2,-2,0
19107.0,"Philadelphia, PA",2022-10,1,-1,0
19107.0,"Philadelphia, PA",2022-11,0,0,1
19107.0,"Philadelphia, PA",2022-12,-1,1,0
19108.0,"Philadelphia, PA",2022-01,10,-10,0
19108.0,"Philadelphia, PA",2022-02,9,-9,0
19108.0,"Philadelphia, PA",2022-03,8,-8,0
19108.0,"Philadelphia, PA",2022-04,7,-7,0
19108.0,"Philadelphia, PA",2022-05,6,-6,0
19108.0,"Philadelphia, PA",2022-06,5,-5,0
19108.0,"Philadelphia, PA",2022-07,4,-4,0
19108.0,"Philadelphia, PA",2022-08,3,-3,0
19108.0,"Philadelphia, PA",2022-09,2,-2,0
19108.0,"Philadelphia, PA",2022-10,1,-1,0
19108.0,"Philadelphia, PA",2022-11,0,0,1
19108.0,"Philadelphia, PA",2022-12,-1,1,0
19109.0,"Philadelphia, PA",2022-01,10,-10,0
19109.0,"Philadelphia, PA",2022-02,9,-9,0
19109.0,"Philadelphia, PA",2022-03,8,-8,0
19109.0,"Philadelphia, PA",2022-04,7,-7,0
19109.0,"Philadelphia, PA",2022-05,6,-6,0
19109.0,"Philadelphia, PA",2022-06,5,-5,0
19109.0,"Philadelphia, PA",2022-07,4,-4,0
19109.0,"Philadelphia, PA",2022-08,3,-3,0
19109.0,"Philadelphia, PA",2022-09,2,-2,0
19109.0,"Philadelphia, PA",2022-10,1,-1,0
19109.0,"Philadelphia, PA",2022-11,0,0,1
19109.0,"Philadelphia, PA",2022-12,-1,1,0
19111.0,"Philadelphia, PA",2022-01,10,-10,0
19111.0,"Philadelphia, PA",2022-02,9,-9,0
19111.0,"Philadelphia, PA",2022-03,8,-8,0
19111.0,"Philadelphia, PA",2022-04,7,-7,0
19111.0,"Philadelphia, PA",2022-05,6,-6,0
19111.0,"Philadelphia, PA",2022-06,5,-5,0
19111.0,"Philadelphia, PA",2022-07,4,-4,0
19111.0,"Philadelphia, PA",2022-08,3,-3,0
19111.0,"Philadelphia, PA",2022-09,2,-2,0
19111.0,"Philadelphia, PA",2022-10,1,-1,0
19111.0,"Philadelphia, PA",2022-11,0,0,1
19111.0,"Philadelphia, PA",2022-12,-1,1,0
19112.0,"Philadelphia, PA",2022-01,10,-10,0
19112.0,"Philadelphia, PA",2022-02,9,-9,0
19112.0,"Philadelphia, PA",2022-03,8,-8,0
19112.0,"Philadelphia, PA",2022-04,7,-7,0
19112.0,"Philadelphia, PA",2022-05,6,-6,0
19112.0,"Philadelphia, PA",2022-06,5,-5,0
19112.0,"Philadelphia, PA",2022-07,4,-4,0
19112.0,"Philadelphia, PA",2022-08,3,-3,0
19112.0,"Philadelphia, PA",2022-09,2,-2,0
19112.0,"Philadelphia, PA",2022-10,1,-1,0
19112.0,"Philadelphia, PA",2022-11,0,0,1
19112.0,"Philadelphia, PA",2022-12,-1,1,0
19113.0,"Philadelphia, PA",2022-01,10,-10,0
19113.0,"Philadelphia, PA",2022-02,9,-9,0
19113.0,"Philadelphia, PA",2022-03,8,-8,0
19113.0,"Philadelphia, PA",2022-04,7,-7,0
19113.0,"Philadelphia, PA",2022-05,6,-6,0
19113.0,"Philadelphia, PA",2022-06,5,-5,0
19113.0,"Philadelphia, PA",2022-07,4,-4,0
19113.0,"Philadelphia, PA",2022-08,3,-3,0
19113.0,"Philadelphia, PA",2022-09,2,-2,0
19113.0,"Philadelphia, PA",2022-10,1,-1,0
19113.0,"Philadelphia, PA",2022-11,0,0,1
19113.0,"Philadelphia, PA",2022-12,-1,1,0
19114.0,"Philadelphia, PA",2022-01,10,-10,0
19114.0,"Philadelphia, PA",2022-02,9,-9,0
19114.0,"Philadelphia, PA",2022-03,8,-8,0
19114.0,"Philadelphia, PA",2022-04,7,-7,0
19114.0,"Philadelphia, PA",2022-05,6,-6,0
19114.0,"Philadelphia, PA",2022-06,5,-5,0
19114.0,"Philadelphia, PA",2022-07,4,-4,0
19114.0,"Philadelphia, PA",2022-08,3,-3,0
19114.0,"Philadelphia, PA",2022-09,2,-2,0
19114.0,"Philadelphia, PA",2022-10,1,-1,0
19114.0,"Philadelphia, PA",2022-11,0,0,1
19114.0,"Philadelphia, PA",2022-12,-1,1,0
19115.0,"Philadelphia, PA",2022-01,10,-10,0
19115.0,"Philadelphia, PA",2022-02,9,-9,0
19115.0,"Philadelphia, PA",2022-03,8,-8,0
19115.0,"Philadelphia, PA",2022-04,7,-7,0
19115.0,"Philadelphia, PA",2022-05,6,-6,0
19115.0,"Philadelphia, PA",2022-06,5,-5,0
19115.0,"Philadelphia, PA",2022-07,4,-4,0
19115.0,"Philadelphia, PA",2022-08,3,-3,0
19115.0,"Philadelphia, PA",2022-09,2,-2,0
19115.0,"Philadelphia, PA",2022-10,1,-1,0
19115.0,"Philadelphia, PA",2022-11,0,0,1
19115.0,"Philadelphia, PA",2022-12,-1,1,0
19116.0,"Philadelphia, PA",2022-01,10,-10,0
19116.0,"Philadelphia, PA",2022-02,9,-9,0
19116.0,"Philadelphia, PA",2022-03,8,-8,0
19116.0,"Philadelphia, PA",2022-04,7,-7,0
19116.0,"Philadelphia, PA",2022-05,6,-6,0
19116.0,"Philadelphia, PA",2022-06,5,-5,0
19116.0,"Philadelphia, PA",2022-07,4,-4,0
19116.0,"Philadelphia, PA",2022-08,3,-3,0
19116.0,"Philadelphia, PA",2022-09,2,-2,0
19116.0,"Philadelphia, PA",2022-10,1,-1,0
19116.0,"Philadelphia, PA",2022-11,0,0,1
19116.0,"Philadelphia, PA",2022-12,-1,1,0
19118.0,"Philadelphia, PA",2022-01,10,-10,0
19118.0,"Philadelphia, PA",2022-02,9,-9,0
19118.0,"Philadelphia, PA",2022-03,8,-8,0
19118.0,"Philadelphia, PA",2022-04,7,-7,0
19118.0,"Philadelphia, PA",2022-05,6,-6,0
19118.0,"Philadelphia, PA",2022-06,5,-5,0
19118.0,"Philadelphia, PA",2022-07,4,-4,0
19118.0,"Philadelphia, PA",2022-08,3,-3,0
19118.0,"Philadelphia, PA",2022-09,2,-2,0
19118.0,"Philadelphia, PA",2022-10,1,-1,0
19118.0,"Philadelphia, PA",2022-11,0,0,1
19118.0,"Philadelphia, PA",2022-12,-1,1,0
19119.0,"Philadelphia, PA",2022-01,10,-10,0
19119.0,"Philadelphia, PA",2022-02,9,-9,0
19119.0,"Philadelphia, PA",2022-03,8,-8,0
19119.0,"Philadelphia, PA",2022-04,7,-7,0
19119.0,"Philadelphia, PA",2022-05,6,-6,0
19119.0,"Philadelphia, PA",2022-06,5,-5,0
19119.0,"Philadelphia, PA",2022-07,4,-4,0
19119.0,"Philadelphia, PA",2022-08,3,-3,0
19119.0,"Philadelphia, PA",2022-09,2,-2,0
19119.0,"Philadelphia, PA",2022-10,1,-1,0
19119.0,"Philadelphia, PA",2022-11,0,0,1
19119.0,"Philadelphia, PA",2022-12,-1,1,0
19120.0,"Philadelphia, PA",2022-01,10,-10,0
19120.0,"Philadelphia, PA",2022-02,9,-9,0
19120.0,"Philadelphia, PA",2022-03,8,-8,0
19120.0,"Philadelphia, PA",2022-04,7,-7,0
19120.0,"Philadelphia, PA",2022-05,6,-6,0
19120.0,"Philadelphia, PA",2022-06,5,-5,0
19120.0,"Philadelphia, PA",2022-07,4,-4,0
19120.0,"Philadelphia, PA",2022-08,3,-3,0
19120.0,"Philadelphia, PA",2022-09,2,-2,0
19120.0,"Philadelphia, PA",2022-10,1,-1,0
19120.0,"Philadelphia, PA",2022-11,0,0,1
19120.0,"Philadelphia, PA",2022-12,-1,1,0
19121.0,"Philadelphia, PA",2022-01,10,-10,0
19121.0,"Philadelphia, PA",2022-02,9,-9,0
19121.0,"Philadelphia, PA",2022-03,8,-8,0
19121.0,"Philadelphia, PA",2022-04,7,-7,0
19121.0,"Philadelphia, PA",2022-05,6,-6,0
19121.0,"Philadelphia, PA",2022-06,5,-5,0
19121.0,"Philadelphia, PA",2022-07,4,-4,0
19121.0,"Philadelphia, PA",2022-08,3,-3,0
19121.0,"Philadelphia, PA",2022-09,2,-2,0
19121.0,"Philadelphia, PA",2022-10,1,-1,0
19121.0,"Philadelphia, PA",2022-11,0,0,1
19121.0,"Philadelphia, PA",2022-12,-1,1,0
19122.0,"Philadelphia, PA",2022-01,10,-10,0
19122.0,"Philadelphia, PA",2022-02,9,-9,0
19122.0,"Philadelphia, PA",2022-03,8,-8,0
19122.0,"Philadelphia, PA",2022-04,7,-7,0
19122.0,"Philadelphia, PA",2022-05,6,-6,0
19122.0,"Philadelphia, PA",2022-06,5,-5,0
19122.0,"Philadelphia, PA",2022-07,4,-4,0
19122.0,"Philadelphia, PA",2022-08,3,-3,0
19122.0,"Philadelphia, PA",2022-09,2,-2,0
19122.0,"Philadelphia, PA",2022-10,1,-1,0
19122.0,"Philadelphia, PA",2022-11,0,0,1
19122.0,"Philadelphia, PA",2022-12,-1,1,0
19123.0,"Philadelphia, PA",2022-01,10,-10,0
19123.0,"Philadelphia, PA",2022-02,9,-9,0
19123.0,"Philadelphia, PA",2022-03,8,-8,0
19123.0,"Philadelphia, PA",2022-04,7,-7,0
19123.0,"Philadelphia, PA",2022-05,6,-6,0
19123.0,"Philadelphia, PA",2022-06,5,-5,0
19123.0,"Philadelphia, PA",2022-07,4,-4,0
19123.0,"Philadelphia, PA",2022-08,3,-3,0
19123.0,"Philadelphia, PA",2022-09,2,-2,0
19123.0,"Philadelphia, PA",2022-10,1,-1,0
19123.0,"Philadelphia, PA",2022-11,0,0,1
19123.0,"Philadelphia, PA",2022-12,-1,1,0
19124.0,"Philadelphia, PA",2022-01,10,-10,0
19124.0,"Philadelphia, PA",2022-02,9,-9,0
19124.0,"Philadelphia, PA",2022-03,8,-8,0
19124.0,"Philadelphia, PA",2022-04,7,-7,0
19124.0,"Philadelphia, PA",2022-05,6,-6,0
19124.0,"Philadelphia, PA",2022-06,5,-5,0
19124.0,"Philadelphia, PA",2022-07,4,-4,0
19124.0,"Philadelphia, PA",2022-08,3,-3,0
19124.0,"Philadelphia, PA",2022-09,2,-2,0
19124.0,"Philadelphia, PA",2022-10,1,-1,0
19124.0,"Philadelphia, PA",2022-11,0,0,1
19124.0,"Philadelphia, PA",2022-12,-1,1,0
19125.0,"Philadelphia, PA",2022-01,10,-10,0
19125.0,"Philadelphia, PA",2022-02,9,-9,0
19125.0,"Philadelphia, PA",2022-03,8,-8,0
19125.0,"Philadelphia, PA",2022-04,7,-7,0
19125.0,"Philadelphia, PA",2022-05,6,-6,0
19125.0,"Philadelphia, PA",2022-06,5,-5,0
19125.0,"Philadelphia, PA",2022-07,4,-4,0
19125.0,"Philadelphia, PA",2022-08,3,-3,0
19125.0,"Philadelphia, PA",2022-09,2,-2,0
19125.0,"Philadelphia, PA",2022-10,1,-1,0
19125.0,"Philadelphia, PA",2022-11,0,0,1
19125.0,"Philadelphia, PA",2022-12,-1,1,0
19126.0,"Philadelphia, PA",2022-01,10,-10,0
19126.0,"Philadelphia, PA",2022-02,9,-9,0
19126.0,"Philadelphia, PA",2022-03,8,-8,0
19126.0,"Philadelphia, PA",2022-04,7,-7,0
19126.0,"Philadelphia, PA",2022-05,6,-6,0
19126.0,"Philadelphia, PA",2022-06,5,-5,0
19126.0,"Philadelphia, PA",2022-07,4,-4,0
19126.0,"Philadelphia, PA",2022-08,3,-3,0
19126.0,"Philadelphia, PA",2022-09,2,-2,0
19126.0,"Philadelphia, PA",2022-10,1,-1,0
19126.0,"Philadelphia, PA",2022-11,0,0,1
19126.0,"Philadelphia, PA",2022-12,-1,1,0
19127.0,"Philadelphia, PA",2022-01,10,-10,0
19127.0,"Philadelphia, PA",2022-02,9,-9,0
19127.0,"Philadelphia, PA",2022-03,8,-8,0
19127.0,"Philadelphia, PA",2022-04,7,-7,0
19127.0,"Philadelphia, PA",2022-05,6,-6,0
19127.0,"Philadelphia, PA",2022-06,5,-5,0
19127.0,"Philadelphia, PA",2022-07,4,-4,0
19127.0,"Philadelphia, PA",2022-08,3,-3,0
19127.0,"Philadelphia, PA",2022-09,2,-2,0
19127.0,"Philadelphia, PA",2022-10,1,-1,0
19127.0,"Philadelphia, PA",2022-11,0,0,1
19127.0,"Philadelphia, PA",2022-12,-1,1,0
19128.0,"Philadelphia, PA",2022-01,10,-10,0
19128.0,"Philadelphia, PA",2022-02,9,-9,0
19128.0,"Philadelphia, PA",2022-03,8,-8,0
19128.0,"Philadelphia, PA",2022-04,7,-7,0
19128.0,"Philadelphia, PA",2022-05,6,-6,0
19128.0,"Philadelphia, PA",2022-06,5,-5,0
19128.0,"Philadelphia, PA",2022-07,4,-4,0
19128.0,"Philadelphia, PA",2022-08,3,-3,0
19128.0,"Philadelphia, PA",2022-09,2,-2,0
19128.0,"Philadelphia, PA",2022-10,1,-1,0
19128.0,"Philadelphia, PA",2022-11,0,0,1
19128.0,"Philadelphia, PA",2022-12,-1,1,0
19129.0,"Philadelphia, PA",2022-01,10,-10,0
19129.0,"Philadelphia, PA",2022-02,9,-9,0
19129.0,"Philadelphia, PA",2022-03,8,-8,0
19129.0,"Philadelphia, PA",2022-04,7,-7,0
19129.0,"Philadelphia, PA",2022-05,6,-6,0
19129.0,"Philadelphia, PA",2022-06,5,-5,0
19129.0,"Philadelphia, PA",2022-07,4,-4,0
19129.0,"Philadelphia, PA",2022-08,3,-3,0
19129.0,"Philadelphia, PA",2022-09,2,-2,0
19129.0,"Philadelphia, PA",2022-10,1,-1,0
19129.0,"Philadelphia, PA",2022-11,0,0,1
19129.0,"Philadelphia, PA",2022-12,-1,1,0
19130.0,"Philadelphia, PA",2022-01,10,-10,0
19130.0,"Philadelphia, PA",2022-02,9,-9,0
19130.0,"Philadelphia, PA",2022-03,8,-8,0
19130.0,"Philadelphia, PA",2022-04,7,-7,0
19130.0,"Philadelphia, PA",2022-05,6,-6,0
19130.0,"Philadelphia, PA",2022-06,5,-5,0
19130.0,"Philadelphia, PA",2022-07,4,-4,0
19130.0,"Philadelphia, PA",2022-08,3,-3,0
19130.0,"Philadelphia, PA",2022-09,2,-2,0
19130.0,"Philadelphia, PA",2022-10,1,-1,0
19130.0,"Philadelphia, PA",2022-11,0,0,1
19130.0,"Philadelphia, PA",2022-12,-1,1,0
19131.0,"Philadelphia, PA",2022-01,10,-10,0
19131.0,"Philadelphia, PA",2022-02,9,-9,0
19131.0,"Philadelphia, PA",2022-03,8,-8,0
19131.0,"Philadelphia, PA",2022-04,7,-7,0
19131.0,"Philadelphia, PA",2022-05,6,-6,0
19131.0,"Philadelphia, PA",2022-06,5,-5,0
19131.0,"Philadelphia, PA",2022-07,4,-4,0
19131.0,"Philadelphia, PA",2022-08,3,-3,0
19131.0,"Philadelphia, PA",2022-09,2,-2,0
19131.0,"Philadelphia, PA",2022-10,1,-1,0
19131.0,"Philadelphia, PA",2022-11,0,0,1
19131.0,"Philadelphia, PA",2022-12,-1,1,0
19132.0,"Philadelphia, PA",2022-01,10,-10,0
19132.0,"Philadelphia, PA",2022-02,9,-9,0
19132.0,"Philadelphia, PA",2022-03,8,-8,0
19132.0,"Philadelphia, PA",2022-04,7,-7,0
19132.0,"Philadelphia, PA",2022-05,6,-6,0
19132.0,"Philadelphia, PA",2022-06,5,-5,0
19132.0,"Philadelphia, PA",2022-07,4,-4,0
19132.0,"Philadelphia, PA",2022-08,3,-3,0
19132.0,"Philadelphia, PA",2022-09,2,-2,0
19132.0,"Philadelphia, PA",2022-10,1,-1,0
19132.0,"Philadelphia, PA",2022-11,0,0,1
19132.0,"Philadelphia, PA",2022-12,-1,1,0
19133.0,"Philadelphia, PA",2022-01,10,-10,0
19133.0,"Philadelphia, PA",2022-02,9,-9,0
19133.0,"Philadelphia, PA",2022-03,8,-8,0
19133.0,"Philadelphia, PA",2022-04,7,-7,0
19133.0,"Philadelphia, PA",2022-05,6,-6,0
19133.0,"Philadelphia, PA",2022-06,5,-5,0
19133.0,"Philadelphia, PA",2022-07,4,-4,0
19133.0,"Philadelphia, PA",2022-08,3,-3,0
19133.0,"Philadelphia, PA",2022-09,2,-2,0
19133.0,"Philadelphia, PA",2022-10,1,-1,0
19133.0,"Philadelphia, PA",2022-11,0,0,1
19133.0,"Philadelphia, PA",2022-12,-1,1,0
19134.0,"Philadelphia, PA",2022-01,10,-10,0
19134.0,"Philadelphia, PA",2022-02,9,-9,0
19134.0,"Philadelphia, PA",2022-03,8,-8,0
19134.0,"Philadelphia, PA",2022-04,7,-7,0
19134.0,"Philadelphia, PA",2022-05,6,-6,0
19134.0,"Philadelphia, PA",2022-06,5,-5,0
19134.0,"Philadelphia, PA",2022-07,4,-4,0
19134.0,"Philadelphia, PA",2022-08,3,-3,0
19134.0,"Philadelphia, PA",2022-09,2,-2,0
19134.0,"Philadelphia, PA",2022-10,1,-1,0
19134.0,"Philadelphia, PA",2022-11,0,0,1
19134.0,"Philadelphia, PA",2022-12,-1,1,0
19135.0,"Philadelphia, PA",2022-01,10,-10,0
19135.0,"Philadelphia, PA",2022-02,9,-9,0
19135.0,"Philadelphia, PA",2022-03,8,-8,0
19135.0,"Philadelphia, PA",2022-04,7,-7,0
19135.0,"Philadelphia, PA",2022-05,6,-6,0
19135.0,"Philadelphia, PA",2022-06,5,-5,0
19135.0,"Philadelphia, PA",2022-07,4,-4,0
19135.0,"Philadelphia, PA",2022-08,3,-3,0
19135.0,"Philadelphia, PA",2022-09,2,-2,0
19135.0,"Philadelphia, PA",2022-10,1,-1,0
19135.0,"Philadelphia, PA",2022-11,0,0,1
19135.0,"Philadelphia, PA",2022-12,-1,1,0
19136.0,"Philadelphia, PA",2022-01,10,-10,0
19136.0,"Philadelphia, PA",2022-02,9,-9,0
19136.0,"Philadelphia, PA",2022-03,8,-8,0
19136.0,"Philadelphia, PA",2022-04,7,-7,0
19136.0,"Philadelphia, PA",2022-05,6,-6,0
19136.0,"Philadelphia, PA",2022-06,5,-5,0
19136.0,"Philadelphia, PA",2022-07,4,-4,0
19136.0,"Philadelphia, PA",2022-08,3,-3,0
19136.0,"Philadelphia, PA",2022-09,2,-2,0
19136.0,"Philadelphia, PA",2022-10,1,-1,0
19136.0,"Philadelphia, PA",2022-11,0,0,1
19136.0,"Philadelphia, PA",2022-12,-1,1,0
19137.0,"Philadelphia, PA",2022-01,10,-10,0
19137.0,"Philadelphia, PA",2022-02,9,-9,0
19137.0,"Philadelphia, PA",2022-03,8,-8,0
19137.0,"Philadelphia, PA",2022-04,7,-7,0
19137.0,"Philadelphia, PA",2022-05,6,-6,0
19137.0,"Philadelphia, PA",2022-06,5,-5,0
19137.0,"Philadelphia, PA",2022-07,4,-4,0
19137.0,"Philadelphia, PA",2022-08,3,-3,0
19137.0,"Philadelphia, PA",2022-09,2,-2,0
19137.0,"Philadelphia, PA",2022-10,1,-1,0
19137.0,"Philadelphia, PA",2022-11,0,0,1
19137.0,"Philadelphia, PA",2022-12,-1,1,0
19138.0,"Philadelphia, PA",2022-01,10,-10,0
19138.0,"Philadelphia, PA",2022-02,9,-9,0
19138.0,"Philadelphia, PA",2022-03,8,-8,0
19138.0,"Philadelphia, PA",2022-04,7,-7,0
19138.0,"Philadelphia, PA",2022-05,6,-6,0
19138.0,"Philadelphia, PA",2022-06,5,-5,0
19138.0,"Philadelphia, PA",2022-07,4,-4,0
19138.0,"Philadelphia, PA",2022-08,3,-3,0
19138.0,"Philadelphia, PA",2022-09,2,-2,0
19138.0,"Philadelphia, PA",2022-10,1,-1,0
19138.0,"Philadelphia, PA",2022-11,0,0,1
19138.0,"Philadelphia, PA",2022-12,-1,1,0
19139.0,"Philadelphia, PA",2022-01,10,-10,0
19139.0,"Philadelphia, PA",2022-02,9,-9,0
19139.0,"Philadelphia, PA",2022-03,8,-8,0
19139.0,"Philadelphia, PA",2022-04,7,-7,0
19139.0,"Philadelphia, PA",2022-05,6,-6,0
19139.0,"Philadelphia, PA",2022-06,5,-5,0
19139.0,"Philadelphia, PA",2022-07,4,-4,0
19139.0,"Philadelphia, PA",2022-08,3,-3,0
19139.0,"Philadelphia, PA",2022-09,2,-2,0
19139.0,"Philadelphia, PA",2022-10,1,-1,0
19139.0,"Philadelphia, PA",2022-11,0,0,1
19139.0,"Philadelphia, PA",2022-12,-1,1,0
19140.0,"Philadelphia, PA",2022-01,10,-10,0
19140.0,"Philadelphia, PA",2022-02,9,-9,0
19140.0,"Philadelphia, PA",2022-03,8,-8,0
19140.0,"Philadelphia, PA",2022-04,7,-7,0
19140.0,"Philadelphia, PA",2022-05,6,-6,0
19140.0,"Philadelphia, PA",2022-06,5,-5,0
19140.0,"Philadelphia, PA",2022-07,4,-4,0
19140.0,"Philadelphia, PA",2022-08,3,-3,0
19140.0,"Philadelphia, PA",2022-09,2,-2,0
19140.0,"Philadelphia, PA",2022-10,1,-1,0
19140.0,"Philadelphia, PA",2022-11,0,0,1
19140.0,"Philadelphia, PA",2022-12,-1,1,0
19141.0,"Philadelphia, PA",2022-01,10,-10,0
19141.0,"Philadelphia, PA",2022-02,9,-9,0
19141.0,"Philadelphia, PA",2022-03,8,-8,0
19141.0,"Philadelphia, PA",2022-04,7,-7,0
19141.0,"Philadelphia, PA",2022-05,6,-6,0
19141.0,"Philadelphia, PA",2022-06,5,-5,0
19141.0,"Philadelphia, PA",2022-07,4,-4,0
19141.0,"Philadelphia, PA",2022-08,3,-3,0
19141.0,"Philadelphia, PA",2022-09,2,-2,0
19141.0,"Philadelphia, PA",2022-10,1,-1,0
19141.0,"Philadelphia, PA",2022-11,0,0,1
19141.0,"Philadelphia, PA",2022-12,-1,1,0
19142.0,"Philadelphia, PA",2022-01,10,-10,0
19142.0,"Philadelphia, PA",2022-02,9,-9,0
19142.0,"Philadelphia, PA",2022-03,8,-8,0
19142.0,"Philadelphia, PA",2022-04,7,-7,0
19142.0,"Philadelphia, PA",2022-05,6,-6,0
19142.0,"Philadelphia, PA",2022-06,5,-5,0
19142.0,"Philadelphia, PA",2022-07,4,-4,0
19142.0,"Philadelphia, PA",2022-08,3,-3,0
19142.0,"Philadelphia, PA",2022-09,2,-2,0
19142.0,"Philadelphia, PA",2022-10,1,-1,0
19142.0,"Philadelphia, PA",2022-11,0,0,1
19142.0,"Philadelphia, PA",2022-12,-1,1,0
19143.0,"Philadelphia, PA",2022-01,10,-10,0
19143.0,"Philadelphia, PA",2022-02,9,-9,0
19143.0,"Philadelphia, PA",2022-03,8,-8,0
19143.0,"Philadelphia, PA",2022-04,7,-7,0
19143.0,"Philadelphia, PA",2022-05,6,-6,0
19143.0,"Philadelphia, PA",2022-06,5,-5,0
19143.0,"Philadelphia, PA",2022-07,4,-4,0
19143.0,"Philadelphia, PA",2022-08,3,-3,0
19143.0,"Philadelphia, PA",2022-09,2,-2,0
19143.0,"Philadelphia, PA",2022-10,1,-1,0
19143.0,"Philadelphia, PA",2022-11,0,0,1
19143.0,"Philadelphia, PA",2022-12,-1,1,0
19144.0,"Philadelphia, PA",2022-01,10,-10,0
19144.0,"Philadelphia, PA",2022-02,9,-9,0
19144.0,"Philadelphia, PA",2022-03,8,-8,0
19144.0,"Philadelphia, PA",2022-04,7,-7,0
19144.0,"Philadelphia, PA",2022-05,6,-6,0
19144.0,"Philadelphia, PA",2022-06,5,-5,0
19144.0,"Philadelphia, PA",2022-07,4,-4,0
19144.0,"Philadelphia, PA",2022-08,3,-3,0
19144.0,"Philadelphia, PA",2022-09,2,-2,0
19144.0,"Philadelphia, PA",2022-10,1,-1,0
19144.0,"Philadelphia, PA",2022-11,0,0,1
19144.0,"Philadelphia, PA",2022-12,-1,1,0
19145.0,"Philadelphia, PA",2022-01,10,-10,0
19145.0,"Philadelphia, PA",2022-02,9,-9,0
19145.0,"Philadelphia, PA",2022-03,8,-8,0
19145.0,"Philadelphia, PA",2022-04,7,-7,0
19145.0,"Philadelphia, PA",2022-05,6,-6,0
19145.0,"Philadelphia, PA",2022-06,5,-5,0
19145.0,"Philadelphia, PA",2022-07,4,-4,0
19145.0,"Philadelphia, PA",2022-08,3,-3,0
19145.0,"Philadelphia, PA",2022-09,2,-2,0
19145.0,"Philadelphia, PA",2022-10,1,-1,0
19145.0,"Philadelphia, PA",2022-11,0,0,1
19145.0,"Philadelphia, PA",2022-12,-1,1,0
19146.0,"Philadelphia, PA",2022-01,10,-10,0
19146.0,"Philadelphia, PA",2022-02,9,-9,0
19146.0,"Philadelphia, PA",2022-03,8,-8,0
19146.0,"Philadelphia, PA",2022-04,7,-7,0
19146.0,"Philadelphia, PA",2022-05,6,-6,0
19146.0,"Philadelphia, PA",2022-06,5,-5,0
19146.0,"Philadelphia, PA",2022-07,4,-4,0
19146.0,"Philadelphia, PA",2022-08,3,-3,0
19146.0,"Philadelphia, PA",2022-09,2,-2,0
19146.0,"Philadelphia, PA",2022-10,1,-1,0
19146.0,"Philadelphia, PA",2022-11,0,0,1
19146.0,"Philadelphia, PA",2022-12,-1,1,0
19147.0,"Philadelphia, PA",2022-01,10,-10,0
19147.0,"Philadelphia, PA",2022-02,9,-9,0
19147.0,"Philadelphia, PA",2022-03,8,-8,0
19147.0,"Philadelphia, PA",2022-04,7,-7,0
19147.0,"Philadelphia, PA",2022-05,6,-6,0
19147.0,"Philadelphia, PA",2022-06,5,-5,0
19147.0,"Philadelphia, PA",2022-07,4,-4,0
19147.0,"Philadelphia, PA",2022-08,3,-3,0
19147.0,"Philadelphia, PA",2022-09,2,-2,0
19147.0,"Philadelphia, PA",2022-10,1,-1,0
19147.0,"Philadelphia, PA",2022-11,0,0,1
19147.0,"Philadelphia, PA",2022-12,-1,1,0
19148.0,"Philadelphia, PA",2022-01,10,-10,0
19148.0,"Philadelphia, PA",2022-02,9,-9,0
19148.0,"Philadelphia, PA",2022-03,8,-8,0
19148.0,"Philadelphia, PA",2022-04,7,-7,0
19148.0,"Philadelphia, PA",2022-05,6,-6,0
19148.0,"Philadelphia, PA",2022-06,5,-5,0
19148.0,"Philadelphia, PA",2022-07,4,-4,0
19148.0,"Philadelphia, PA",2022-08,3,-3,0
19148.0,"Philadelphia, PA",2022-09,2,-2,0
19148.0,"Philadelphia, PA",2022-10,1,-1,0
19148.0,"Philadelphia, PA",2022-11,0,0,1
19148.0,"Philadelphia, PA",2022-12,-1,1,0
19149.0,"Philadelphia, PA",2022-01,10,-10,0
19149.0,"Philadelphia, PA",2022-02,9,-9,0
19149.0,"Philadelphia, PA",2022-03,8,-8,0
19149.0,"Philadelphia, PA",2022-04,7,-7,0
19149.0,"Philadelphia, PA",2022-05,6,-6,0
19149.0,"Philadelphia, PA",2022-06,5,-5,0
19149.0,"Philadelphia, PA",2022-07,4,-4,0
19149.0,"Philadelphia, PA",2022-08,3,-3,0
19149.0,"Philadelphia, PA",2022-09,2,-2,0
19149.0,"Philadelphia, PA",2022-10,1,-1,0
19149.0,"Philadelphia, PA",2022-11,0,0,1
19149.0,"Philadelphia, PA",2022-12,-1,1,0
19150.0,"Philadelphia, PA",2022-01,10,-10,0
19150.0,"Philadelphia, PA",2022-02,9,-9,0
19150.0,"Philadelphia, PA",2022-03,8,-8,0
19150.0,"Philadelphia, PA",2022-04,7,-7,0
19150.0,"Philadelphia, PA",2022-05,6,-6,0
19150.0,"Philadelphia, PA",2022-06,5,-5,0
19150.0,"Philadelphia, PA",2022-07,4,-4,0
19150.0,"Philadelphia, PA",2022-08,3,-3,0
19150.0,"Philadelphia, PA",2022-09,2,-2,0
19150.0,"Philadelphia, PA",2022-10,1,-1,0
19150.0,"Philadelphia, PA",2022-11,0,0,1
19150.0,"Philadelphia, PA",2022-12,-1,1,0
19151.0,"Philadelphia, PA",2022-01,10,-10,0
19151.0,"Philadelphia, PA",2022-02,9,-9,0
19151.0,"Philadelphia, PA",2022-03,8,-8,0
19151.0,"Philadelphia, PA",2022-04,7,-7,0
19151.0,"Philadelphia, PA",2022-05,6,-6,0
19151.0,"Philadelphia, PA",2022-06,5,-5,0
19151.0,"Philadelphia, PA",2022-07,4,-4,0
19151.0,"Philadelphia, PA",2022-08,3,-3,0
19151.0,"Philadelphia, PA",2022-09,2,-2,0
19151.0,"Philadelphia, PA",2022-10,1,-1,0
19151.0,"Philadelphia, PA",2022-11,0,0,1
19151.0,"Philadelphia, PA",2022-12,-1,1,0
19152.0,"Philadelphia, PA",2022-01,10,-10,0
19152.0,"Philadelphia, PA",2022-02,9,-9,0
19152.0,"Philadelphia, PA",2022-03,8,-8,0
19152.0,"Philadelphia, PA",2022-04,7,-7,0
19152.0,"Philadelphia, PA",2022-05,6,-6,0
19152.0,"Philadelphia, PA",2022-06,5,-5,0
19152.0,"Philadelphia, PA",2022-07,4,-4,0
19152.0,"Philadelphia, PA",2022-08,3,-3,0
19152.0,"Philadelphia, PA",2022-09,2,-2,0
19152.0,"Philadelphia, PA",2022-10,1,-1,0
19152.0,"Philadelphia, PA",2022-11,0,0,1
19152.0,"Philadelphia, PA",2022-12,-1,1,0
19153.0,"Philadelphia, PA",2022-01,10,-10,0
19153.0,"Philadelphia, PA",2022-02,9,-9,0
19153.0,"Philadelphia, PA",2022-03,8,-8,0
19153.0,"Philadelphia, PA",2022-04,7,-7,0
19153.0,"Philadelphia, PA",2022-05,6,-6,0
19153.0,"Philadelphia, PA",2022-06,5,-5,0
19153.0,"Philadelphia, PA",2022-07,4,-4,0
19153.0,"Philadelphia, PA",2022-08,3,-3,0
19153.0,"Philadelphia, PA",2022-09,2,-2,0
19153.0,"Philadelphia, PA",2022-10,1,-1,0
19153.0,"Philadelphia, PA",2022-11,0,0,1
19153.0,"Philadelphia, PA",2022-12,-1,1,0
19154.0,"Philadelphia, PA",2022-01,10,-10,0
19154.0,"Philadelphia, PA",2022-02,9,-9,0
19154.0,"Philadelphia, PA",2022-03,8,-8,0
19154.0,"Philadelphia, PA",2022-04,7,-7,0
19154.0,"Philadelphia, PA",2022-05,6,-6,0
19154.0,"Philadelphia, PA",2022-06,5,-5,0
19154.0,"Philadelphia, PA",2022-07,4,-4,0
19154.0,"Philadelphia, PA",2022-08,3,-3,0
19154.0,"Philadelphia, PA",2022-09,2,-2,0
19154.0,"Philadelphia, PA",2022-10,1,-1,0
19154.0,"Philadelphia, PA",2022-11,0,0,1
19154.0,"Philadelphia, PA",2022-12,-1,1,0
19301.0,"Paoli, PA",2022-01,10,-10,0
19301.0,"Paoli, PA",2022-02,9,-9,0
19301.0,"Paoli, PA",2022-03,8,-8,0
19301.0,"Paoli, PA",2022-04,7,-7,0
19301.0,"Paoli, PA",2022-05,6,-6,0
19301.0,"Paoli, PA",2022-06,5,-5,0
19301.0,"Paoli, PA",2022-07,4,-4,0
19301.0,"Paoli, PA",2022-08,3,-3,0
19301.0,"Paoli, PA",2022-09,2,-2,0
19301.0,"Paoli, PA",2022-10,1,-1,0
19301.0,"Paoli, PA",2022-11,0,0,1
19301.0,"Paoli, PA",2022-12,-1,1,0
19310.0,"Atglen, PA",2022-01,10,-10,0
19310.0,"Atglen, PA",2022-02,9,-9,0
19310.0,"Atglen, PA",2022-03,8,-8,0
19310.0,"Atglen, PA",2022-04,7,-7,0
19310.0,"Atglen, PA",2022-05,6,-6,0
19310.0,"Atglen, PA",2022-06,5,-5,0
19310.0,"Atglen, PA",2022-07,4,-4,0
19310.0,"Atglen, PA",2022-08,3,-3,0
19310.0,"Atglen, PA",2022-09,2,-2,0
19310.0,"Atglen, PA",2022-10,1,-1,0
19310.0,"Atglen, PA",2022-11,0,0,1
19310.0,"Atglen, PA",2022-12,-1,1,0
19311.0,"Avondale, PA",2022-01,10,-10,0
19311.0,"Avondale, PA",2022-02,9,-9,0
19311.0,"Avondale, PA",2022-03,8,-8,0
19311.0,"Avondale, PA",2022-04,7,-7,0
19311.0,"Avondale, PA",2022-05,6,-6,0
19311.0,"Avondale, PA",2022-06,5,-5,0
19311.0,"Avondale, PA",2022-07,4,-4,0
19311.0,"Avondale, PA",2022-08,3,-3,0
19311.0,"Avondale, PA",2022-09,2,-2,0
19311.0,"Avondale, PA",2022-10,1,-1,0
19311.0,"Avondale, PA",2022-11,0,0,1
19311.0,"Avondale, PA",2022-12,-1,1,0
19312.0,"Berwyn, PA",2022-01,10,-10,0
19312.0,"Berwyn, PA",2022-02,9,-9,0
19312.0,"Berwyn, PA",2022-03,8,-8,0
19312.0,"Berwyn, PA",2022-04,7,-7,0
19312.0,"Berwyn, PA",2022-05,6,-6,0
19312.0,"Berwyn, PA",2022-06,5,-5,0
19312.0,"Berwyn, PA",2022-07,4,-4,0
19312.0,"Berwyn, PA",2022-08,3,-3,0
19312.0,"Berwyn, PA",2022-09,2,-2,0
19312.0,"Berwyn, PA",2022-10,1,-1,0
19312.0,"Berwyn, PA",2022-11,0,0,1
19312.0,"Berwyn, PA",2022-12,-1,1,0
19316.0,"Brandamore, PA",2022-01,10,-10,0
19316.0,"Brandamore, PA",2022-02,9,-9,0
19316.0,"Brandamore, PA",2022-03,8,-8,0
19316.0,"Brandamore, PA",2022-04,7,-7,0
19316.0,"Brandamore, PA",2022-05,6,-6,0
19316.0,"Brandamore, PA",2022-06,5,-5,0
19316.0,"Brandamore, PA",2022-07,4,-4,0
19316.0,"Brandamore, PA",2022-08,3,-3,0
19316.0,"Brandamore, PA",2022-09,2,-2,0
19316.0,"Brandamore, PA",2022-10,1,-1,0
19316.0,"Brandamore, PA",2022-11,0,0,1
19316.0,"Brandamore, PA",2022-12,-1,1,0
19317.0,"Chadds Ford, PA",2022-01,10,-10,0
19317.0,"Chadds Ford, PA",2022-02,9,-9,0
19317.0,"Chadds Ford, PA",2022-03,8,-8,0
19317.0,"Chadds Ford, PA",2022-04,7,-7,0
19317.0,"Chadds Ford, PA",2022-05,6,-6,0
19317.0,"Chadds Ford, PA",2022-06,5,-5,0
19317.0,"Chadds Ford, PA",2022-07,4,-4,0
19317.0,"Chadds Ford, PA",2022-08,3,-3,0
19317.0,"Chadds Ford, PA",2022-09,2,-2,0
19317.0,"Chadds Ford, PA",2022-10,1,-1,0
19317.0,"Chadds Ford, PA",2022-11,0,0,1
19317.0,"Chadds Ford, PA",2022-12,-1,1,0
19319.0,"Cheyney, PA",2022-01,10,-10,0
19319.0,"Cheyney, PA",2022-02,9,-9,0
19319.0,"Cheyney, PA",2022-03,8,-8,0
19319.0,"Cheyney, PA",2022-04,7,-7,0
19319.0,"Cheyney, PA",2022-05,6,-6,0
19319.0,"Cheyney, PA",2022-06,5,-5,0
19319.0,"Cheyney, PA",2022-07,4,-4,0
19319.0,"Cheyney, PA",2022-08,3,-3,0
19319.0,"Cheyney, PA",2022-09,2,-2,0
19319.0,"Cheyney, PA",2022-10,1,-1,0
19319.0,"Cheyney, PA",2022-11,0,0,1
19319.0,"Cheyney, PA",2022-12,-1,1,0
19320.0,"Coatesville, PA",2022-01,10,-10,0
19320.0,"Coatesville, PA",2022-02,9,-9,0
19320.0,"Coatesville, PA",2022-03,8,-8,0
19320.0,"Coatesville, PA",2022-04,7,-7,0
19320.0,"Coatesville, PA",2022-05,6,-6,0
19320.0,"Coatesville, PA",2022-06,5,-5,0
19320.0,"Coatesville, PA",2022-07,4,-4,0
19320.0,"Coatesville, PA",2022-08,3,-3,0
19320.0,"Coatesville, PA",2022-09,2,-2,0
19320.0,"Coatesville, PA",2022-10,1,-1,0
19320.0,"Coatesville, PA",2022-11,0,0,1
19320.0,"Coatesville, PA",2022-12,-1,1,0
19330.0,"Cochranville, PA",2022-01,10,-10,0
19330.0,"Cochranville, PA",2022-02,9,-9,0
19330.0,"Cochranville, PA",2022-03,8,-8,0
19330.0,"Cochranville, PA",2022-04,7,-7,0
19330.0,"Cochranville, PA",2022-05,6,-6,0
19330.0,"Cochranville, PA",2022-06,5,-5,0
19330.0,"Cochranville, PA",2022-07,4,-4,0
19330.0,"Cochranville, PA",2022-08,3,-3,0
19330.0,"Cochranville, PA",2022-09,2,-2,0
19330.0,"Cochranville, PA",2022-10,1,-1,0
19330.0,"Cochranville, PA",2022-11,0,0,1
19330.0,"Cochranville, PA",2022-12,-1,1,0
19333.0,"Devon, PA",2022-01,10,-10,0
19333.0,"Devon, PA",2022-02,9,-9,0
19333.0,"Devon, PA",2022-03,8,-8,0
19333.0,"Devon, PA",2022-04,7,-7,0
19333.0,"Devon, PA",2022-05,6,-6,0
19333.0,"Devon, PA",2022-06,5,-5,0
19333.0,"Devon, PA",2022-07,4,-4,0
19333.0,"Devon, PA",2022-08,3,-3,0
19333.0,"Devon, PA",2022-09,2,-2,0
19333.0,"Devon, PA",2022-10,1,-1,0
19333.0,"Devon, PA",2022-11,0,0,1
19333.0,"Devon, PA",2022-12,-1,1,0
19335.0,"Downingtown, PA",2022-01,10,-10,0
19335.0,"Downingtown, PA",2022-02,9,-9,0
19335.0,"Downingtown, PA",2022-03,8,-8,0
19335.0,"Downingtown, PA",2022-04,7,-7,0
19335.0,"Downingtown, PA",2022-05,6,-6,0
19335.0,"Downingtown, PA",2022-06,5,-5,0
19335.0,"Downingtown, PA",2022-07,4,-4,0
19335.0,"Downingtown, PA",2022-08,3,-3,0
19335.0,"Downingtown, PA",2022-09,2,-2,0
19335.0,"Downingtown, PA",2022-10,1,-1,0
19335.0,"Downingtown, PA",2022-11,0,0,1
19335.0,"Downingtown, PA",2022-12,-1,1,0
19341.0,"Exton, PA",2022-01,10,-10,0
19341.0,"Exton, PA",2022-02,9,-9,0
19341.0,"Exton, PA",2022-03,8,-8,0
19341.0,"Exton, PA",2022-04,7,-7,0
19341.0,"Exton, PA",2022-05,6,-6,0
19341.0,"Exton, PA",2022-06,5,-5,0
19341.0,"Exton, PA",2022-07,4,-4,0
19341.0,"Exton, PA",2022-08,3,-3,0
19341.0,"Exton, PA",2022-09,2,-2,0
19341.0,"Exton, PA",2022-10,1,-1,0
19341.0,"Exton, PA",2022-11,0,0,1
19341.0,"Exton, PA",2022-12,-1,1,0
19342.0,"Glen Mills, PA",2022-01,10,-10,0
19342.0,"Glen Mills, PA",2022-02,9,-9,0
19342.0,"Glen Mills, PA",2022-03,8,-8,0
19342.0,"Glen Mills, PA",2022-04,7,-7,0
19342.0,"Glen Mills, PA",2022-05,6,-6,0
19342.0,"Glen Mills, PA",2022-06,5,-5,0
19342.0,"Glen Mills, PA",2022-07,4,-4,0
19342.0,"Glen Mills, PA",2022-08,3,-3,0
19342.0,"Glen Mills, PA",2022-09,2,-2,0
19342.0,"Glen Mills, PA",2022-10,1,-1,0
19342.0,"Glen Mills, PA",2022-11,0,0,1
19342.0,"Glen Mills, PA",2022-12,-1,1,0
19343.0,"Glenmoore, PA",2022-01,10,-10,0
19343.0,"Glenmoore, PA",2022-02,9,-9,0
19343.0,"Glenmoore, PA",2022-03,8,-8,0
19343.0,"Glenmoore, PA",2022-04,7,-7,0
19343.0,"Glenmoore, PA",2022-05,6,-6,0
19343.0,"Glenmoore, PA",2022-06,5,-5,0
19343.0,"Glenmoore, PA",2022-07,4,-4,0
19343.0,"Glenmoore, PA",2022-08,3,-3,0
19343.0,"Glenmoore, PA",2022-09,2,-2,0
19343.0,"Glenmoore, PA",2022-10,1,-1,0
19343.0,"Glenmoore, PA",2022-11,0,0,1
19343.0,"Glenmoore, PA",2022-12,-1,1,0
19344.0,"Honey Brook, PA",2022-01,10,-10,0
19344.0,"Honey Brook, PA",2022-02,9,-9,0
19344.0,"Honey Brook, PA",2022-03,8,-8,0
19344.0,"Honey Brook, PA",2022-04,7,-7,0
19344.0,"Honey Brook, PA",2022-05,6,-6,0
19344.0,"Honey Brook, PA",2022-06,5,-5,0
19344.0,"Honey Brook, PA",2022-07,4,-4,0
19344.0,"Honey Brook, PA",2022-08,3,-3,0
19344.0,"Honey Brook, PA",2022-09,2,-2,0
19344.0,"Honey Brook, PA",2022-10,1,-1,0
19344.0,"Honey Brook, PA",2022-11,0,0,1
19344.0,"Honey Brook, PA",2022-12,-1,1,0
19345.0,"Immaculata, PA",2022-01,10,-10,0
19345.0,"Immaculata, PA",2022-02,9,-9,0
19345.0,"Immaculata, PA",2022-03,8,-8,0
19345.0,"Immaculata, PA",2022-04,7,-7,0
19345.0,"Immaculata, PA",2022-05,6,-6,0
19345.0,"Immaculata, PA",2022-06,5,-5,0
19345.0,"Immaculata, PA",2022-07,4,-4,0
19345.0,"Immaculata, PA",2022-08,3,-3,0
19345.0,"Immaculata, PA",2022-09,2,-2,0
19345.0,"Immaculata, PA",2022-10,1,-1,0
19345.0,"Immaculata, PA",2022-11,0,0,1
19345.0,"Immaculata, PA",2022-12,-1,1,0
19348.0,"Kennett Square, PA",2022-01,10,-10,0
19348.0,"Kennett Square, PA",2022-02,9,-9,0
19348.0,"Kennett Square, PA",2022-03,8,-8,0
19348.0,"Kennett Square, PA",2022-04,7,-7,0
19348.0,"Kennett Square, PA",2022-05,6,-6,0
19348.0,"Kennett Square, PA",2022-06,5,-5,0
19348.0,"Kennett Square, PA",2022-07,4,-4,0
19348.0,"Kennett Square, PA",2022-08,3,-3,0
19348.0,"Kennett Square, PA",2022-09,2,-2,0
19348.0,"Kennett Square, PA",2022-10,1,-1,0
19348.0,"Kennett Square, PA",2022-11,0,0,1
19348.0,"Kennett Square, PA",2022-12,-1,1,0
19350.0,"Landenberg, PA",2022-01,10,-10,0
19350.0,"Landenberg, PA",2022-02,9,-9,0
19350.0,"Landenberg, PA",2022-03,8,-8,0
19350.0,"Landenberg, PA",2022-04,7,-7,0
19350.0,"Landenberg, PA",2022-05,6,-6,0
19350.0,"Landenberg, PA",2022-06,5,-5,0
19350.0,"Landenberg, PA",2022-07,4,-4,0
19350.0,"Landenberg, PA",2022-08,3,-3,0
19350.0,"Landenberg, PA",2022-09,2,-2,0
19350.0,"Landenberg, PA",2022-10,1,-1,0
19350.0,"Landenberg, PA",2022-11,0,0,1
19350.0,"Landenberg, PA",2022-12,-1,1,0
19352.0,"Lincoln University, PA",2022-01,10,-10,0
19352.0,"Lincoln University, PA",2022-02,9,-9,0
19352.0,"Lincoln University, PA",2022-03,8,-8,0
19352.0,"Lincoln University, PA",2022-04,7,-7,0
19352.0,"Lincoln University, PA",2022-05,6,-6,0
19352.0,"Lincoln University, PA",2022-06,5,-5,0
19352.0,"Lincoln University, PA",2022-07,4,-4,0
19352.0,"Lincoln University, PA",2022-08,3,-3,0
19352.0,"Lincoln University, PA",2022-09,2,-2,0
19352.0,"Lincoln University, PA",2022-10,1,-1,0
19352.0,"Lincoln University, PA",2022-11,0,0,1
19352.0,"Lincoln University, PA",2022-12,-1,1,0
19355.0,"Malvern, PA",2022-01,10,-10,0
19355.0,"Malvern, PA",2022-02,9,-9,0
19355.0,"Malvern, PA",2022-03,8,-8,0
19355.0,"Malvern, PA",2022-04,7,-7,0
19355.0,"Malvern, PA",2022-05,6,-6,0
19355.0,"Malvern, PA",2022-06,5,-5,0
19355.0,"Malvern, PA",2022-07,4,-4,0
19355.0,"Malvern, PA",2022-08,3,-3,0
19355.0,"Malvern, PA",2022-09,2,-2,0
19355.0,"Malvern, PA",2022-10,1,-1,0
19355.0,"Malvern, PA",2022-11,0,0,1
19355.0,"Malvern, PA",2022-12,-1,1,0
19358.0,"Modena, PA",2022-01,10,-10,0
19358.0,"Modena, PA",2022-02,9,-9,0
19358.0,"Modena, PA",2022-03,8,-8,0
19358.0,"Modena, PA",2022-04,7,-7,0
19358.0,"Modena, PA",2022-05,6,-6,0
19358.0,"Modena, PA",2022-06,5,-5,0
19358.0,"Modena, PA",2022-07,4,-4,0
19358.0,"Modena, PA",2022-08,3,-3,0
19358.0,"Modena, PA",2022-09,2,-2,0
19358.0,"Modena, PA",2022-10,1,-1,0
19358.0,"Modena, PA",2022-11,0,0,1
19358.0,"Modena, PA",2022-12,-1,1,0
19362.0,"Nottingham, PA",2022-01,10,-10,0
19362.0,"Nottingham, PA",2022-02,9,-9,0
19362.0,"Nottingham, PA",2022-03,8,-8,0
19362.0,"Nottingham, PA",2022-04,7,-7,0
19362.0,"Nottingham, PA",2022-05,6,-6,0
19362.0,"Nottingham, PA",2022-06,5,-5,0
19362.0,"Nottingham, PA",2022-07,4,-4,0
19362.0,"Nottingham, PA",2022-08,3,-3,0
19362.0,"Nottingham, PA",2022-09,2,-2,0
19362.0,"Nottingham, PA",2022-10,1,-1,0
19362.0,"Nottingham, PA",2022-11,0,0,1
19362.0,"Nottingham, PA",2022-12,-1,1,0
19363.0,"Oxford, PA",2022-01,10,-10,0
19363.0,"Oxford, PA",2022-02,9,-9,0
19363.0,"Oxford, PA",2022-03,8,-8,0
19363.0,"Oxford, PA",2022-04,7,-7,0
19363.0,"Oxford, PA",2022-05,6,-6,0
19363.0,"Oxford, PA",2022-06,5,-5,0
19363.0,"Oxford, PA",2022-07,4,-4,0
19363.0,"Oxford, PA",2022-08,3,-3,0
19363.0,"Oxford, PA",2022-09,2,-2,0
19363.0,"Oxford, PA",2022-10,1,-1,0
19363.0,"Oxford, PA",2022-11,0,0,1
19363.0,"Oxford, PA",2022-12,-1,1,0
19365.0,"Parkesburg, PA",2022-01,10,-10,0
19365.0,"Parkesburg, PA",2022-02,9,-9,0
19365.0,"Parkesburg, PA",2022-03,8,-8,0
19365.0,"Parkesburg, PA",2022-04,7,-7,0
19365.0,"Parkesburg, PA",2022-05,6,-6,0
19365.0,"Parkesburg, PA",2022-06,5,-5,0
19365.0,"Parkesburg, PA",2022-07,4,-4,0
19365.0,"Parkesburg, PA",2022-08,3,-3,0
19365.0,"Parkesburg, PA",2022-09,2,-2,0
19365.0,"Parkesburg, PA",2022-10,1,-1,0
19365.0,"Parkesburg, PA",2022-11,0,0,1
19365.0,"Parkesburg, PA",2022-12,-1,1,0
19367.0,"Pomeroy, PA",2022-01,10,-10,0
19367.0,"Pomeroy, PA",2022-02,9,-9,0
19367.0,"Pomeroy, PA",2022-03,8,-8,0
19367.0,"Pomeroy, PA",2022-04,7,-7,0
19367.0,"Pomeroy, PA",2022-05,6,-6,0
19367.0,"Pomeroy, PA",2022-06,5,-5,0
19367.0,"Pomeroy, PA",2022-07,4,-4,0
19367.0,"Pomeroy, PA",2022-08,3,-3,0
19367.0,"Pomeroy, PA",2022-09,2,-2,0
19367.0,"Pomeroy, PA",2022-10,1,-1,0
19367.0,"Pomeroy, PA",2022-11,0,0,1
19367.0,"Pomeroy, PA",2022-12,-1,1,0
19369.0,"Sadsburyville, PA",2022-01,10,-10,0
19369.0,"Sadsburyville, PA",2022-02,9,-9,0
19369.0,"Sadsburyville, PA",2022-03,8,-8,0
19369.0,"Sadsburyville, PA",2022-04,7,-7,0
19369.0,"Sadsburyville, PA",2022-05,6,-6,0
19369.0,"Sadsburyville, PA",2022-06,5,-5,0
19369.0,"Sadsburyville, PA",2022-07,4,-4,0
19369.0,"Sadsburyville, PA",2022-08,3,-3,0
19369.0,"Sadsburyville, PA",2022-09,2,-2,0
19369.0,"Sadsburyville, PA",2022-10,1,-1,0
19369.0,"Sadsburyville, PA",2022-11,0,0,1
19369.0,"Sadsburyville, PA",2022-12,-1,1,0
19372.0,"Thorndale, PA",2022-01,10,-10,0
19372.0,"Thorndale, PA",2022-02,9,-9,0
19372.0,"Thorndale, PA",2022-03,8,-8,0
19372.0,"Thorndale, PA",2022-04,7,-7,0
19372.0,"Thorndale, PA",2022-05,6,-6,0
19372.0,"Thorndale, PA",2022-06,5,-5,0
19372.0,"Thorndale, PA",2022-07,4,-4,0
19372.0,"Thorndale, PA",2022-08,3,-3,0
19372.0,"Thorndale, PA",2022-09,2,-2,0
19372.0,"Thorndale, PA",2022-10,1,-1,0
19372.0,"Thorndale, PA",2022-11,0,0,1
19372.0,"Thorndale, PA",2022-12,-1,1,0
19373.0,"Thornton, PA",2022-01,10,-10,0
19373.0,"Thornton, PA",2022-02,9,-9,0
19373.0,"Thornton, PA",2022-03,8,-8,0
19373.0,"Thornton, PA",2022-04,7,-7,0
19373.0,"Thornton, PA",2022-05,6,-6,0
19373.0,"Thornton, PA",2022-06,5,-5,0
19373.0,"Thornton, PA",2022-07,4,-4,0
19373.0,"Thornton, PA",2022-08,3,-3,0
19373.0,"Thornton, PA",2022-09,2,-2,0
19373.0,"Thornton, PA",2022-10,1,-1,0
19373.0,"Thornton, PA",2022-11,0,0,1
19373.0,"Thornton, PA",2022-12,-1,1,0
19374.0,"Toughkenamon, PA",2022-01,10,-10,0
19374.0,"Toughkenamon, PA",2022-02,9,-9,0
19374.0,"Toughkenamon, PA",2022-03,8,-8,0
19374.0,"Toughkenamon, PA",2022-04,7,-7,0
19374.0,"Toughkenamon, PA",2022-05,6,-6,0
19374.0,"Toughkenamon, PA",2022-06,5,-5,0
19374.0,"Toughkenamon, PA",2022-07,4,-4,0
19374.0,"Toughkenamon, PA",2022-08,3,-3,0
19374.0,"Toughkenamon, PA",2022-09,2,-2,0
19374.0,"Toughkenamon, PA",2022-10,1,-1,0
19374.0,"Toughkenamon, PA",2022-11,0,0,1
19374.0,"Toughkenamon, PA",2022-12,-1,1,0
19375.0,"Unionville, PA",2022-01,10,-10,0
19375.0,"Unionville, PA",2022-02,9,-9,0
19375.0,"Unionville, PA",2022-03,8,-8,0
19375.0,"Unionville, PA",2022-04,7,-7,0
19375.0,"Unionville, PA",2022-05,6,-6,0
19375.0,"Unionville, PA",2022-06,5,-5,0
19375.0,"Unionville, PA",2022-07,4,-4,0
19375.0,"Unionville, PA",2022-08,3,-3,0
19375.0,"Unionville, PA",2022-09,2,-2,0
19375.0,"Unionville, PA",2022-10,1,-1,0
19375.0,"Unionville, PA",2022-11,0,0,1
19375.0,"Unionville, PA",2022-12,-1,1,0
19380.0,"West Chester, PA",2022-01,10,-10,0
19380.0,"West Chester, PA",2022-02,9,-9,0
19380.0,"West Chester, PA",2022-03,8,-8,0
19380.0,"West Chester, PA",2022-04,7,-7,0
19380.0,"West Chester, PA",2022-05,6,-6,0
19380.0,"West Chester, PA",2022-06,5,-5,0
19380.0,"West Chester, PA",2022-07,4,-4,0
19380.0,"West Chester, PA",2022-08,3,-3,0
19380.0,"West Chester, PA",2022-09,2,-2,0
19380.0,"West Chester, PA",2022-10,1,-1,0
19380.0,"West Chester, PA",2022-11,0,0,1
19380.0,"West Chester, PA",2022-12,-1,1,0
19382.0,"West Chester, PA",2022-01,10,-10,0
19382.0,"West Chester, PA",2022-02,9,-9,0
19382.0,"West Chester, PA",2022-03,8,-8,0
19382.0,"West Chester, PA",2022-04,7,-7,0
19382.0,"West Chester, PA",2022-05,6,-6,0
19382.0,"West Chester, PA",2022-06,5,-5,0
19382.0,"West Chester, PA",2022-07,4,-4,0
19382.0,"West Chester, PA",2022-08,3,-3,0
19382.0,"West Chester, PA",2022-09,2,-2,0
19382.0,"West Chester, PA",2022-10,1,-1,0
19382.0,"West Chester, PA",2022-11,0,0,1
19382.0,"West Chester, PA",2022-12,-1,1,0
19383.0,"West Chester, PA",2022-01,10,-10,0
19383.0,"West Chester, PA",2022-02,9,-9,0
19383.0,"West Chester, PA",2022-03,8,-8,0
19383.0,"West Chester, PA",2022-04,7,-7,0
19383.0,"West Chester, PA",2022-05,6,-6,0
19383.0,"West Chester, PA",2022-06,5,-5,0
19383.0,"West Chester, PA",2022-07,4,-4,0
19383.0,"West Chester, PA",2022-08,3,-3,0
19383.0,"West Chester, PA",2022-09,2,-2,0
19383.0,"West Chester, PA",2022-10,1,-1,0
19383.0,"West Chester, PA",2022-11,0,0,1
19383.0,"West Chester, PA",2022-12,-1,1,0
19390.0,"West Grove, PA",2022-01,10,-10,0
19390.0,"West Grove, PA",2022-02,9,-9,0
19390.0,"West Grove, PA",2022-03,8,-8,0
19390.0,"West Grove, PA",2022-04,7,-7,0
19390.0,"West Grove, PA",2022-05,6,-6,0
19390.0,"West Grove, PA",2022-06,5,-5,0
19390.0,"West Grove, PA",2022-07,4,-4,0
19390.0,"West Grove, PA",2022-08,3,-3,0
19390.0,"West Grove, PA",2022-09,2,-2,0
19390.0,"West Grove, PA",2022-10,1,-1,0
19390.0,"West Grove, PA",2022-11,0,0,1
19390.0,"West Grove, PA",2022-12,-1,1,0
19401.0,"Norristown, PA",2022-01,10,-10,0
19401.0,"Norristown, PA",2022-02,9,-9,0
19401.0,"Norristown, PA",2022-03,8,-8,0
19401.0,"Norristown, PA",2022-04,7,-7,0
19401.0,"Norristown, PA",2022-05,6,-6,0
19401.0,"Norristown, PA",2022-06,5,-5,0
19401.0,"Norristown, PA",2022-07,4,-4,0
19401.0,"Norristown, PA",2022-08,3,-3,0
19401.0,"Norristown, PA",2022-09,2,-2,0
19401.0,"Norristown, PA",2022-10,1,-1,0
19401.0,"Norristown, PA",2022-11,0,0,1
19401.0,"Norristown, PA",2022-12,-1,1,0
19403.0,"Norristown, PA",2022-01,10,-10,0
19403.0,"Norristown, PA",2022-02,9,-9,0
19403.0,"Norristown, PA",2022-03,8,-8,0
19403.0,"Norristown, PA",2022-04,7,-7,0
19403.0,"Norristown, PA",2022-05,6,-6,0
19403.0,"Norristown, PA",2022-06,5,-5,0
19403.0,"Norristown, PA",2022-07,4,-4,0
19403.0,"Norristown, PA",2022-08,3,-3,0
19403.0,"Norristown, PA",2022-09,2,-2,0
19403.0,"Norristown, PA",2022-10,1,-1,0
19403.0,"Norristown, PA",2022-11,0,0,1
19403.0,"Norristown, PA",2022-12,-1,1,0
19405.0,"Bridgeport, PA",2022-01,10,-10,0
19405.0,"Bridgeport, PA",2022-02,9,-9,0
19405.0,"Bridgeport, PA",2022-03,8,-8,0
19405.0,"Bridgeport, PA",2022-04,7,-7,0
19405.0,"Bridgeport, PA",2022-05,6,-6,0
19405.0,"Bridgeport, PA",2022-06,5,-5,0
19405.0,"Bridgeport, PA",2022-07,4,-4,0
19405.0,"Bridgeport, PA",2022-08,3,-3,0
19405.0,"Bridgeport, PA",2022-09,2,-2,0
19405.0,"Bridgeport, PA",2022-10,1,-1,0
19405.0,"Bridgeport, PA",2022-11,0,0,1
19405.0,"Bridgeport, PA",2022-12,-1,1,0
19406.0,"King Of Prussia, PA",2022-01,10,-10,0
19406.0,"King Of Prussia, PA",2022-02,9,-9,0
19406.0,"King Of Prussia, PA",2022-03,8,-8,0
19406.0,"King Of Prussia, PA",2022-04,7,-7,0
19406.0,"King Of Prussia, PA",2022-05,6,-6,0
19406.0,"King Of Prussia, PA",2022-06,5,-5,0
19406.0,"King Of Prussia, PA",2022-07,4,-4,0
19406.0,"King Of Prussia, PA",2022-08,3,-3,0
19406.0,"King Of Prussia, PA",2022-09,2,-2,0
19406.0,"King Of Prussia, PA",2022-10,1,-1,0
19406.0,"King Of Prussia, PA",2022-11,0,0,1
19406.0,"King Of Prussia, PA",2022-12,-1,1,0
19422.0,"Blue Bell, PA",2022-01,10,-10,0
19422.0,"Blue Bell, PA",2022-02,9,-9,0
19422.0,"Blue Bell, PA",2022-03,8,-8,0
19422.0,"Blue Bell, PA",2022-04,7,-7,0
19422.0,"Blue Bell, PA",2022-05,6,-6,0
19422.0,"Blue Bell, PA",2022-06,5,-5,0
19422.0,"Blue Bell, PA",2022-07,4,-4,0
19422.0,"Blue Bell, PA",2022-08,3,-3,0
19422.0,"Blue Bell, PA",2022-09,2,-2,0
19422.0,"Blue Bell, PA",2022-10,1,-1,0
19422.0,"Blue Bell, PA",2022-11,0,0,1
19422.0,"Blue Bell, PA",2022-12,-1,1,0
19425.0,"Chester Springs, PA",2022-01,10,-10,0
19425.0,"Chester Springs, PA",2022-02,9,-9,0
19425.0,"Chester Springs, PA",2022-03,8,-8,0
19425.0,"Chester Springs, PA",2022-04,7,-7,0
19425.0,"Chester Springs, PA",2022-05,6,-6,0
19425.0,"Chester Springs, PA",2022-06,5,-5,0
19425.0,"Chester Springs, PA",2022-07,4,-4,0
19425.0,"Chester Springs, PA",2022-08,3,-3,0
19425.0,"Chester Springs, PA",2022-09,2,-2,0
19425.0,"Chester Springs, PA",2022-10,1,-1,0
19425.0,"Chester Springs, PA",2022-11,0,0,1
19425.0,"Chester Springs, PA",2022-12,-1,1,0
19426.0,"Collegeville, PA",2022-01,10,-10,0
19426.0,"Collegeville, PA",2022-02,9,-9,0
19426.0,"Collegeville, PA",2022-03,8,-8,0
19426.0,"Collegeville, PA",2022-04,7,-7,0
19426.0,"Collegeville, PA",2022-05,6,-6,0
19426.0,"Collegeville, PA",2022-06,5,-5,0
19426.0,"Collegeville, PA",2022-07,4,-4,0
19426.0,"Collegeville, PA",2022-08,3,-3,0
19426.0,"Collegeville, PA",2022-09,2,-2,0
19426.0,"Collegeville, PA",2022-10,1,-1,0
19426.0,"Collegeville, PA",2022-11,0,0,1
19426.0,"Collegeville, PA",2022-12,-1,1,0
19428.0,"Conshohocken, PA",2022-01,10,-10,0
19428.0,"Conshohocken, PA",2022-02,9,-9,0
19428.0,"Conshohocken, PA",2022-03,8,-8,0
19428.0,"Conshohocken, PA",2022-04,7,-7,0
19428.0,"Conshohocken, PA",2022-05,6,-6,0
19428.0,"Conshohocken, PA",2022-06,5,-5,0
19428.0,"Conshohocken, PA",2022-07,4,-4,0
19428.0,"Conshohocken, PA",2022-08,3,-3,0
19428.0,"Conshohocken, PA",2022-09,2,-2,0
19428.0,"Conshohocken, PA",2022-10,1,-1,0
19428.0,"Conshohocken, PA",2022-11,0,0,1
19428.0,"Conshohocken, PA",2022-12,-1,1,0
19435.0,"Frederick, PA",2022-01,10,-10,0
19435.0,"Frederick, PA",2022-02,9,-9,0
19435.0,"Frederick, PA",2022-03,8,-8,0
19435.0,"Frederick, PA",2022-04,7,-7,0
19435.0,"Frederick, PA",2022-05,6,-6,0
19435.0,"Frederick, PA",2022-06,5,-5,0
19435.0,"Frederick, PA",2022-07,4,-4,0
19435.0,"Frederick, PA",2022-08,3,-3,0
19435.0,"Frederick, PA",2022-09,2,-2,0
19435.0,"Frederick, PA",2022-10,1,-1,0
19435.0,"Frederick, PA",2022-11,0,0,1
19435.0,"Frederick, PA",2022-12,-1,1,0
19436.0,"Gwynedd, PA",2022-01,10,-10,0
19436.0,"Gwynedd, PA",2022-02,9,-9,0
19436.0,"Gwynedd, PA",2022-03,8,-8,0
19436.0,"Gwynedd, PA",2022-04,7,-7,0
19436.0,"Gwynedd, PA",2022-05,6,-6,0
19436.0,"Gwynedd, PA",2022-06,5,-5,0
19436.0,"Gwynedd, PA",2022-07,4,-4,0
19436.0,"Gwynedd, PA",2022-08,3,-3,0
19436.0,"Gwynedd, PA",2022-09,2,-2,0
19436.0,"Gwynedd, PA",2022-10,1,-1,0
19436.0,"Gwynedd, PA",2022-11,0,0,1
19436.0,"Gwynedd, PA",2022-12,-1,1,0
19437.0,"Gwynedd Valley, PA",2022-01,10,-10,0
19437.0,"Gwynedd Valley, PA",2022-02,9,-9,0
19437.0,"Gwynedd Valley, PA",2022-03,8,-8,0
19437.0,"Gwynedd Valley, PA",2022-04,7,-7,0
19437.0,"Gwynedd Valley, PA",2022-05,6,-6,0
19437.0,"Gwynedd Valley, PA",2022-06,5,-5,0
19437.0,"Gwynedd Valley, PA",2022-07,4,-4,0
19437.0,"Gwynedd Valley, PA",2022-08,3,-3,0
19437.0,"Gwynedd Valley, PA",2022-09,2,-2,0
19437.0,"Gwynedd Valley, PA",2022-10,1,-1,0
19437.0,"Gwynedd Valley, PA",2022-11,0,0,1
19437.0,"Gwynedd Valley, PA",2022-12,-1,1,0
19438.0,"Harleysville, PA",2022-01,10,-10,0
19438.0,"Harleysville, PA",2022-02,9,-9,0
19438.0,"Harleysville, PA",2022-03,8,-8,0
19438.0,"Harleysville, PA",2022-04,7,-7,0
19438.0,"Harleysville, PA",2022-05,6,-6,0
19438.0,"Harleysville, PA",2022-06,5,-5,0
19438.0,"Harleysville, PA",2022-07,4,-4,0
19438.0,"Harleysville, PA",2022-08,3,-3,0
19438.0,"Harleysville, PA",2022-09,2,-2,0
19438.0,"Harleysville, PA",2022-10,1,-1,0
19438.0,"Harleysville, PA",2022-11,0,0,1
19438.0,"Harleysville, PA",2022-12,-1,1,0
19440.0,"Hatfield, PA",2022-01,10,-10,0
19440.0,"Hatfield, PA",2022-02,9,-9,0
19440.0,"Hatfield, PA",2022-03,8,-8,0
19440.0,"Hatfield, PA",2022-04,7,-7,0
19440.0,"Hatfield, PA",2022-05,6,-6,0
19440.0,"Hatfield, PA",2022-06,5,-5,0
19440.0,"Hatfield, PA",2022-07,4,-4,0
19440.0,"Hatfield, PA",2022-08,3,-3,0
19440.0,"Hatfield, PA",2022-09,2,-2,0
19440.0,"Hatfield, PA",2022-10,1,-1,0
19440.0,"Hatfield, PA",2022-11,0,0,1
19440.0,"Hatfield, PA",2022-12,-1,1,0
19442.0,"Kimberton, PA",2022-01,10,-10,0
19442.0,"Kimberton, PA",2022-02,9,-9,0
19442.0,"Kimberton, PA",2022-03,8,-8,0
19442.0,"Kimberton, PA",2022-04,7,-7,0
19442.0,"Kimberton, PA",2022-05,6,-6,0
19442.0,"Kimberton, PA",2022-06,5,-5,0
19442.0,"Kimberton, PA",2022-07,4,-4,0
19442.0,"Kimberton, PA",2022-08,3,-3,0
19442.0,"Kimberton, PA",2022-09,2,-2,0
19442.0,"Kimberton, PA",2022-10,1,-1,0
19442.0,"Kimberton, PA",2022-11,0,0,1
19442.0,"Kimberton, PA",2022-12,-1,1,0
19444.0,"Lafayette Hill, PA",2022-01,10,-10,0
19444.0,"Lafayette Hill, PA",2022-02,9,-9,0
19444.0,"Lafayette Hill, PA",2022-03,8,-8,0
19444.0,"Lafayette Hill, PA",2022-04,7,-7,0
19444.0,"Lafayette Hill, PA",2022-05,6,-6,0
19444.0,"Lafayette Hill, PA",2022-06,5,-5,0
19444.0,"Lafayette Hill, PA",2022-07,4,-4,0
19444.0,"Lafayette Hill, PA",2022-08,3,-3,0
19444.0,"Lafayette Hill, PA",2022-09,2,-2,0
19444.0,"Lafayette Hill, PA",2022-10,1,-1,0
19444.0,"Lafayette Hill, PA",2022-11,0,0,1
19444.0,"Lafayette Hill, PA",2022-12,-1,1,0
19446.0,"Lansdale, PA",2022-01,10,-10,0
19446.0,"Lansdale, PA",2022-02,9,-9,0
19446.0,"Lansdale, PA",2022-03,8,-8,0
19446.0,"Lansdale, PA",2022-04,7,-7,0
19446.0,"Lansdale, PA",2022-05,6,-6,0
19446.0,"Lansdale, PA",2022-06,5,-5,0
19446.0,"Lansdale, PA",2022-07,4,-4,0
19446.0,"Lansdale, PA",2022-08,3,-3,0
19446.0,"Lansdale, PA",2022-09,2,-2,0
19446.0,"Lansdale, PA",2022-10,1,-1,0
19446.0,"Lansdale, PA",2022-11,0,0,1
19446.0,"Lansdale, PA",2022-12,-1,1,0
19453.0,"Mont Clare, PA",2022-01,10,-10,0
19453.0,"Mont Clare, PA",2022-02,9,-9,0
19453.0,"Mont Clare, PA",2022-03,8,-8,0
19453.0,"Mont Clare, PA",2022-04,7,-7,0
19453.0,"Mont Clare, PA",2022-05,6,-6,0
19453.0,"Mont Clare, PA",2022-06,5,-5,0
19453.0,"Mont Clare, PA",2022-07,4,-4,0
19453.0,"Mont Clare, PA",2022-08,3,-3,0
19453.0,"Mont Clare, PA",2022-09,2,-2,0
19453.0,"Mont Clare, PA",2022-10,1,-1,0
19453.0,"Mont Clare, PA",2022-11,0,0,1
19453.0,"Mont Clare, PA",2022-12,-1,1,0
19454.0,"North Wales, PA",2022-01,10,-10,0
19454.0,"North Wales, PA",2022-02,9,-9,0
19454.0,"North Wales, PA",2022-03,8,-8,0
19454.0,"North Wales, PA",2022-04,7,-7,0
19454.0,"North Wales, PA",2022-05,6,-6,0
19454.0,"North Wales, PA",2022-06,5,-5,0
19454.0,"North Wales, PA",2022-07,4,-4,0
19454.0,"North Wales, PA",2022-08,3,-3,0
19454.0,"North Wales, PA",2022-09,2,-2,0
19454.0,"North Wales, PA",2022-10,1,-1,0
19454.0,"North Wales, PA",2022-11,0,0,1
19454.0,"North Wales, PA",2022-12,-1,1,0
19456.0,"Oaks, PA",2022-01,10,-10,0
19456.0,"Oaks, PA",2022-02,9,-9,0
19456.0,"Oaks, PA",2022-03,8,-8,0
19456.0,"Oaks, PA",2022-04,7,-7,0
19456.0,"Oaks, PA",2022-05,6,-6,0
19456.0,"Oaks, PA",2022-06,5,-5,0
19456.0,"Oaks, PA",2022-07,4,-4,0
19456.0,"Oaks, PA",2022-08,3,-3,0
19456.0,"Oaks, PA",2022-09,2,-2,0
19456.0,"Oaks, PA",2022-10,1,-1,0
19456.0,"Oaks, PA",2022-11,0,0,1
19456.0,"Oaks, PA",2022-12,-1,1,0
19457.0,"Parker Ford, PA",2022-01,10,-10,0
19457.0,"Parker Ford, PA",2022-02,9,-9,0
19457.0,"Parker Ford, PA",2022-03,8,-8,0
19457.0,"Parker Ford, PA",2022-04,7,-7,0
19457.0,"Parker Ford, PA",2022-05,6,-6,0
19457.0,"Parker Ford, PA",2022-06,5,-5,0
19457.0,"Parker Ford, PA",2022-07,4,-4,0
19457.0,"Parker Ford, PA",2022-08,3,-3,0
19457.0,"Parker Ford, PA",2022-09,2,-2,0
19457.0,"Parker Ford, PA",2022-10,1,-1,0
19457.0,"Parker Ford, PA",2022-11,0,0,1
19457.0,"Parker Ford, PA",2022-12,-1,1,0
19460.0,"Phoenixville, PA",2022-01,10,-10,0
19460.0,"Phoenixville, PA",2022-02,9,-9,0
19460.0,"Phoenixville, PA",2022-03,8,-8,0
19460.0,"Phoenixville, PA",2022-04,7,-7,0
19460.0,"Phoenixville, PA",2022-05,6,-6,0
19460.0,"Phoenixville, PA",2022-06,5,-5,0
19460.0,"Phoenixville, PA",2022-07,4,-4,0
19460.0,"Phoenixville, PA",2022-08,3,-3,0
19460.0,"Phoenixville, PA",2022-09,2,-2,0
19460.0,"Phoenixville, PA",2022-10,1,-1,0
19460.0,"Phoenixville, PA",2022-11,0,0,1
19460.0,"Phoenixville, PA",2022-12,-1,1,0
19462.0,"Plymouth Meeting, PA",2022-01,10,-10,0
19462.0,"Plymouth Meeting, PA",2022-02,9,-9,0
19462.0,"Plymouth Meeting, PA",2022-03,8,-8,0
19462.0,"Plymouth Meeting, PA",2022-04,7,-7,0
19462.0,"Plymouth Meeting, PA",2022-05,6,-6,0
19462.0,"Plymouth Meeting, PA",2022-06,5,-5,0
19462.0,"Plymouth Meeting, PA",2022-07,4,-4,0
19462.0,"Plymouth Meeting, PA",2022-08,3,-3,0
19462.0,"Plymouth Meeting, PA",2022-09,2,-2,0
19462.0,"Plymouth Meeting, PA",2022-10,1,-1,0
19462.0,"Plymouth Meeting, PA",2022-11,0,0,1
19462.0,"Plymouth Meeting, PA",2022-12,-1,1,0
19464.0,"Pottstown, PA",2022-01,10,-10,0
19464.0,"Pottstown, PA",2022-02,9,-9,0
19464.0,"Pottstown, PA",2022-03,8,-8,0
19464.0,"Pottstown, PA",2022-04,7,-7,0
19464.0,"Pottstown, PA",2022-05,6,-6,0
19464.0,"Pottstown, PA",2022-06,5,-5,0
19464.0,"Pottstown, PA",2022-07,4,-4,0
19464.0,"Pottstown, PA",2022-08,3,-3,0
19464.0,"Pottstown, PA",2022-09,2,-2,0
19464.0,"Pottstown, PA",2022-10,1,-1,0
19464.0,"Pottstown, PA",2022-11,0,0,1
19464.0,"Pottstown, PA",2022-12,-1,1,0
19465.0,"Pottstown, PA",2022-01,10,-10,0
19465.0,"Pottstown, PA",2022-02,9,-9,0
19465.0,"Pottstown, PA",2022-03,8,-8,0
19465.0,"Pottstown, PA",2022-04,7,-7,0
19465.0,"Pottstown, PA",2022-05,6,-6,0
19465.0,"Pottstown, PA",2022-06,5,-5,0
19465.0,"Pottstown, PA",2022-07,4,-4,0
19465.0,"Pottstown, PA",2022-08,3,-3,0
19465.0,"Pottstown, PA",2022-09,2,-2,0
19465.0,"Pottstown, PA",2022-10,1,-1,0
19465.0,"Pottstown, PA",2022-11,0,0,1
19465.0,"Pottstown, PA",2022-12,-1,1,0
19468.0,"Royersford, PA",2022-01,10,-10,0
19468.0,"Royersford, PA",2022-02,9,-9,0
19468.0,"Royersford, PA",2022-03,8,-8,0
19468.0,"Royersford, PA",2022-04,7,-7,0
19468.0,"Royersford, PA",2022-05,6,-6,0
19468.0,"Royersford, PA",2022-06,5,-5,0
19468.0,"Royersford, PA",2022-07,4,-4,0
19468.0,"Royersford, PA",2022-08,3,-3,0
19468.0,"Royersford, PA",2022-09,2,-2,0
19468.0,"Royersford, PA",2022-10,1,-1,0
19468.0,"Royersford, PA",2022-11,0,0,1
19468.0,"Royersford, PA",2022-12,-1,1,0
19472.0,"Sassamansville, PA",2022-01,10,-10,0
19472.0,"Sassamansville, PA",2022-02,9,-9,0
19472.0,"Sassamansville, PA",2022-03,8,-8,0
19472.0,"Sassamansville, PA",2022-04,7,-7,0
19472.0,"Sassamansville, PA",2022-05,6,-6,0
19472.0,"Sassamansville, PA",2022-06,5,-5,0
19472.0,"Sassamansville, PA",2022-07,4,-4,0
19472.0,"Sassamansville, PA",2022-08,3,-3,0
19472.0,"Sassamansville, PA",2022-09,2,-2,0
19472.0,"Sassamansville, PA",2022-10,1,-1,0
19472.0,"Sassamansville, PA",2022-11,0,0,1
19472.0,"Sassamansville, PA",2022-12,-1,1,0
19473.0,"Schwenksville, PA",2022-01,10,-10,0
19473.0,"Schwenksville, PA",2022-02,9,-9,0
19473.0,"Schwenksville, PA",2022-03,8,-8,0
19473.0,"Schwenksville, PA",2022-04,7,-7,0
19473.0,"Schwenksville, PA",2022-05,6,-6,0
19473.0,"Schwenksville, PA",2022-06,5,-5,0
19473.0,"Schwenksville, PA",2022-07,4,-4,0
19473.0,"Schwenksville, PA",2022-08,3,-3,0
19473.0,"Schwenksville, PA",2022-09,2,-2,0
19473.0,"Schwenksville, PA",2022-10,1,-1,0
19473.0,"Schwenksville, PA",2022-11,0,0,1
19473.0,"Schwenksville, PA",2022-12,-1,1,0
19474.0,"Skippack, PA",2022-01,10,-10,0
19474.0,"Skippack, PA",2022-02,9,-9,0
19474.0,"Skippack, PA",2022-03,8,-8,0
19474.0,"Skippack, PA",2022-04,7,-7,0
19474.0,"Skippack, PA",2022-05,6,-6,0
19474.0,"Skippack, PA",2022-06,5,-5,0
19474.0,"Skippack, PA",2022-07,4,-4,0
19474.0,"Skippack, PA",2022-08,3,-3,0
19474.0,"Skippack, PA",2022-09,2,-2,0
19474.0,"Skippack, PA",2022-10,1,-1,0
19474.0,"Skippack, PA",2022-11,0,0,1
19474.0,"Skippack, PA",2022-12,-1,1,0
19475.0,"Spring City, PA",2022-01,10,-10,0
19475.0,"Spring City, PA",2022-02,9,-9,0
19475.0,"Spring City, PA",2022-03,8,-8,0
19475.0,"Spring City, PA",2022-04,7,-7,0
19475.0,"Spring City, PA",2022-05,6,-6,0
19475.0,"Spring City, PA",2022-06,5,-5,0
19475.0,"Spring City, PA",2022-07,4,-4,0
19475.0,"Spring City, PA",2022-08,3,-3,0
19475.0,"Spring City, PA",2022-09,2,-2,0
19475.0,"Spring City, PA",2022-10,1,-1,0
19475.0,"Spring City, PA",2022-11,0,0,1
19475.0,"Spring City, PA",2022-12,-1,1,0
19477.0,"Spring House, PA",2022-01,10,-10,0
19477.0,"Spring House, PA",2022-02,9,-9,0
19477.0,"Spring House, PA",2022-03,8,-8,0
19477.0,"Spring House, PA",2022-04,7,-7,0
19477.0,"Spring House, PA",2022-05,6,-6,0
19477.0,"Spring House, PA",2022-06,5,-5,0
19477.0,"Spring House, PA",2022-07,4,-4,0
19477.0,"Spring House, PA",2022-08,3,-3,0
19477.0,"Spring House, PA",2022-09,2,-2,0
19477.0,"Spring House, PA",2022-10,1,-1,0
19477.0,"Spring House, PA",2022-11,0,0,1
19477.0,"Spring House, PA",2022-12,-1,1,0
19490.0,"Worcester, PA",2022-01,10,-10,0
19490.0,"Worcester, PA",2022-02,9,-9,0
19490.0,"Worcester, PA",2022-03,8,-8,0
19490.0,"Worcester, PA",2022-04,7,-7,0
19490.0,"Worcester, PA",2022-05,6,-6,0
19490.0,"Worcester, PA",2022-06,5,-5,0
19490.0,"Worcester, PA",2022-07,4,-4,0
19490.0,"Worcester, PA",2022-08,3,-3,0
19490.0,"Worcester, PA",2022-09,2,-2,0
19490.0,"Worcester, PA",2022-10,1,-1,0
19490.0,"Worcester, PA",2022-11,0,0,1
19490.0,"Worcester, PA",2022-12,-1,1,0
19492.0,"Zieglerville, PA",2022-01,10,-10,0
19492.0,"Zieglerville, PA",2022-02,9,-9,0
19492.0,"Zieglerville, PA",2022-03,8,-8,0
19492.0,"Zieglerville, PA",2022-04,7,-7,0
19492.0,"Zieglerville, PA",2022-05,6,-6,0
19492.0,"Zieglerville, PA",2022-06,5,-5,0
19492.0,"Zieglerville, PA",2022-07,4,-4,0
19492.0,"Zieglerville, PA",2022-08,3,-3,0
19492.0,"Zieglerville, PA",2022-09,2,-2,0
19492.0,"Zieglerville, PA",2022-10,1,-1,0
19492.0,"Zieglerville, PA",2022-11,0,0,1
19492.0,"Zieglerville, PA",2022-12,-1,1,0
19501.0,"Adamstown, PA",2022-01,10,-10,0
19501.0,"Adamstown, PA",2022-02,9,-9,0
19501.0,"Adamstown, PA",2022-03,8,-8,0
19501.0,"Adamstown, PA",2022-04,7,-7,0
19501.0,"Adamstown, PA",2022-05,6,-6,0
19501.0,"Adamstown, PA",2022-06,5,-5,0
19501.0,"Adamstown, PA",2022-07,4,-4,0
19501.0,"Adamstown, PA",2022-08,3,-3,0
19501.0,"Adamstown, PA",2022-09,2,-2,0
19501.0,"Adamstown, PA",2022-10,1,-1,0
19501.0,"Adamstown, PA",2022-11,0,0,1
19501.0,"Adamstown, PA",2022-12,-1,1,0
19503.0,"Bally, PA",2022-01,10,-10,0
19503.0,"Bally, PA",2022-02,9,-9,0
19503.0,"Bally, PA",2022-03,8,-8,0
19503.0,"Bally, PA",2022-04,7,-7,0
19503.0,"Bally, PA",2022-05,6,-6,0
19503.0,"Bally, PA",2022-06,5,-5,0
19503.0,"Bally, PA",2022-07,4,-4,0
19503.0,"Bally, PA",2022-08,3,-3,0
19503.0,"Bally, PA",2022-09,2,-2,0
19503.0,"Bally, PA",2022-10,1,-1,0
19503.0,"Bally, PA",2022-11,0,0,1
19503.0,"Bally, PA",2022-12,-1,1,0
19504.0,"Barto, PA",2022-01,10,-10,0
19504.0,"Barto, PA",2022-02,9,-9,0
19504.0,"Barto, PA",2022-03,8,-8,0
19504.0,"Barto, PA",2022-04,7,-7,0
19504.0,"Barto, PA",2022-05,6,-6,0
19504.0,"Barto, PA",2022-06,5,-5,0
19504.0,"Barto, PA",2022-07,4,-4,0
19504.0,"Barto, PA",2022-08,3,-3,0
19504.0,"Barto, PA",2022-09,2,-2,0
19504.0,"Barto, PA",2022-10,1,-1,0
19504.0,"Barto, PA",2022-11,0,0,1
19504.0,"Barto, PA",2022-12,-1,1,0
19505.0,"Bechtelsville, PA",2022-01,10,-10,0
19505.0,"Bechtelsville, PA",2022-02,9,-9,0
19505.0,"Bechtelsville, PA",2022-03,8,-8,0
19505.0,"Bechtelsville, PA",2022-04,7,-7,0
19505.0,"Bechtelsville, PA",2022-05,6,-6,0
19505.0,"Bechtelsville, PA",2022-06,5,-5,0
19505.0,"Bechtelsville, PA",2022-07,4,-4,0
19505.0,"Bechtelsville, PA",2022-08,3,-3,0
19505.0,"Bechtelsville, PA",2022-09,2,-2,0
19505.0,"Bechtelsville, PA",2022-10,1,-1,0
19505.0,"Bechtelsville, PA",2022-11,0,0,1
19505.0,"Bechtelsville, PA",2022-12,-1,1,0
19506.0,"Bernville, PA",2022-01,10,-10,0
19506.0,"Bernville, PA",2022-02,9,-9,0
19506.0,"Bernville, PA",2022-03,8,-8,0
19506.0,"Bernville, PA",2022-04,7,-7,0
19506.0,"Bernville, PA",2022-05,6,-6,0
19506.0,"Bernville, PA",2022-06,5,-5,0
19506.0,"Bernville, PA",2022-07,4,-4,0
19506.0,"Bernville, PA",2022-08,3,-3,0
19506.0,"Bernville, PA",2022-09,2,-2,0
19506.0,"Bernville, PA",2022-10,1,-1,0
19506.0,"Bernville, PA",2022-11,0,0,1
19506.0,"Bernville, PA",2022-12,-1,1,0
19507.0,"Bethel, PA",2022-01,10,-10,0
19507.0,"Bethel, PA",2022-02,9,-9,0
19507.0,"Bethel, PA",2022-03,8,-8,0
19507.0,"Bethel, PA",2022-04,7,-7,0
19507.0,"Bethel, PA",2022-05,6,-6,0
19507.0,"Bethel, PA",2022-06,5,-5,0
19507.0,"Bethel, PA",2022-07,4,-4,0
19507.0,"Bethel, PA",2022-08,3,-3,0
19507.0,"Bethel, PA",2022-09,2,-2,0
19507.0,"Bethel, PA",2022-10,1,-1,0
19507.0,"Bethel, PA",2022-11,0,0,1
19507.0,"Bethel, PA",2022-12,-1,1,0
19508.0,"Birdsboro, PA",2022-01,10,-10,0
19508.0,"Birdsboro, PA",2022-02,9,-9,0
19508.0,"Birdsboro, PA",2022-03,8,-8,0
19508.0,"Birdsboro, PA",2022-04,7,-7,0
19508.0,"Birdsboro, PA",2022-05,6,-6,0
19508.0,"Birdsboro, PA",2022-06,5,-5,0
19508.0,"Birdsboro, PA",2022-07,4,-4,0
19508.0,"Birdsboro, PA",2022-08,3,-3,0
19508.0,"Birdsboro, PA",2022-09,2,-2,0
19508.0,"Birdsboro, PA",2022-10,1,-1,0
19508.0,"Birdsboro, PA",2022-11,0,0,1
19508.0,"Birdsboro, PA",2022-12,-1,1,0
19510.0,"Blandon, PA",2022-01,10,-10,0
19510.0,"Blandon, PA",2022-02,9,-9,0
19510.0,"Blandon, PA",2022-03,8,-8,0
19510.0,"Blandon, PA",2022-04,7,-7,0
19510.0,"Blandon, PA",2022-05,6,-6,0
19510.0,"Blandon, PA",2022-06,5,-5,0
19510.0,"Blandon, PA",2022-07,4,-4,0
19510.0,"Blandon, PA",2022-08,3,-3,0
19510.0,"Blandon, PA",2022-09,2,-2,0
19510.0,"Blandon, PA",2022-10,1,-1,0
19510.0,"Blandon, PA",2022-11,0,0,1
19510.0,"Blandon, PA",2022-12,-1,1,0
19511.0,"Bowers, PA",2022-01,10,-10,0
19511.0,"Bowers, PA",2022-02,9,-9,0
19511.0,"Bowers, PA",2022-03,8,-8,0
19511.0,"Bowers, PA",2022-04,7,-7,0
19511.0,"Bowers, PA",2022-05,6,-6,0
19511.0,"Bowers, PA",2022-06,5,-5,0
19511.0,"Bowers, PA",2022-07,4,-4,0
19511.0,"Bowers, PA",2022-08,3,-3,0
19511.0,"Bowers, PA",2022-09,2,-2,0
19511.0,"Bowers, PA",2022-10,1,-1,0
19511.0,"Bowers, PA",2022-11,0,0,1
19511.0,"Bowers, PA",2022-12,-1,1,0
19512.0,"Boyertown, PA",2022-01,10,-10,0
19512.0,"Boyertown, PA",2022-02,9,-9,0
19512.0,"Boyertown, PA",2022-03,8,-8,0
19512.0,"Boyertown, PA",2022-04,7,-7,0
19512.0,"Boyertown, PA",2022-05,6,-6,0
19512.0,"Boyertown, PA",2022-06,5,-5,0
19512.0,"Boyertown, PA",2022-07,4,-4,0
19512.0,"Boyertown, PA",2022-08,3,-3,0
19512.0,"Boyertown, PA",2022-09,2,-2,0
19512.0,"Boyertown, PA",2022-10,1,-1,0
19512.0,"Boyertown, PA",2022-11,0,0,1
19512.0,"Boyertown, PA",2022-12,-1,1,0
19516.0,"Centerport, PA",2022-01,10,-10,0
19516.0,"Centerport, PA",2022-02,9,-9,0
19516.0,"Centerport, PA",2022-03,8,-8,0
19516.0,"Centerport, PA",2022-04,7,-7,0
19516.0,"Centerport, PA",2022-05,6,-6,0
19516.0,"Centerport, PA",2022-06,5,-5,0
19516.0,"Centerport, PA",2022-07,4,-4,0
19516.0,"Centerport, PA",2022-08,3,-3,0
19516.0,"Centerport, PA",2022-09,2,-2,0
19516.0,"Centerport, PA",2022-10,1,-1,0
19516.0,"Centerport, PA",2022-11,0,0,1
19516.0,"Centerport, PA",2022-12,-1,1,0
19518.0,"Douglassville, PA",2022-01,10,-10,0
19518.0,"Douglassville, PA",2022-02,9,-9,0
19518.0,"Douglassville, PA",2022-03,8,-8,0
19518.0,"Douglassville, PA",2022-04,7,-7,0
19518.0,"Douglassville, PA",2022-05,6,-6,0
19518.0,"Douglassville, PA",2022-06,5,-5,0
19518.0,"Douglassville, PA",2022-07,4,-4,0
19518.0,"Douglassville, PA",2022-08,3,-3,0
19518.0,"Douglassville, PA",2022-09,2,-2,0
19518.0,"Douglassville, PA",2022-10,1,-1,0
19518.0,"Douglassville, PA",2022-11,0,0,1
19518.0,"Douglassville, PA",2022-12,-1,1,0
19520.0,"Elverson, PA",2022-01,10,-10,0
19520.0,"Elverson, PA",2022-02,9,-9,0
19520.0,"Elverson, PA",2022-03,8,-8,0
19520.0,"Elverson, PA",2022-04,7,-7,0
19520.0,"Elverson, PA",2022-05,6,-6,0
19520.0,"Elverson, PA",2022-06,5,-5,0
19520.0,"Elverson, PA",2022-07,4,-4,0
19520.0,"Elverson, PA",2022-08,3,-3,0
19520.0,"Elverson, PA",2022-09,2,-2,0
19520.0,"Elverson, PA",2022-10,1,-1,0
19520.0,"Elverson, PA",2022-11,0,0,1
19520.0,"Elverson, PA",2022-12,-1,1,0
19522.0,"Fleetwood, PA",2022-01,10,-10,0
19522.0,"Fleetwood, PA",2022-02,9,-9,0
19522.0,"Fleetwood, PA",2022-03,8,-8,0
19522.0,"Fleetwood, PA",2022-04,7,-7,0
19522.0,"Fleetwood, PA",2022-05,6,-6,0
19522.0,"Fleetwood, PA",2022-06,5,-5,0
19522.0,"Fleetwood, PA",2022-07,4,-4,0
19522.0,"Fleetwood, PA",2022-08,3,-3,0
19522.0,"Fleetwood, PA",2022-09,2,-2,0
19522.0,"Fleetwood, PA",2022-10,1,-1,0
19522.0,"Fleetwood, PA",2022-11,0,0,1
19522.0,"Fleetwood, PA",2022-12,-1,1,0
19523.0,"Geigertown, PA",2022-01,10,-10,0
19523.0,"Geigertown, PA",2022-02,9,-9,0
19523.0,"Geigertown, PA",2022-03,8,-8,0
19523.0,"Geigertown, PA",2022-04,7,-7,0
19523.0,"Geigertown, PA",2022-05,6,-6,0
19523.0,"Geigertown, PA",2022-06,5,-5,0
19523.0,"Geigertown, PA",2022-07,4,-4,0
19523.0,"Geigertown, PA",2022-08,3,-3,0
19523.0,"Geigertown, PA",2022-09,2,-2,0
19523.0,"Geigertown, PA",2022-10,1,-1,0
19523.0,"Geigertown, PA",2022-11,0,0,1
19523.0,"Geigertown, PA",2022-12,-1,1,0
19525.0,"Gilbertsville, PA",2022-01,10,-10,0
19525.0,"Gilbertsville, PA",2022-02,9,-9,0
19525.0,"Gilbertsville, PA",2022-03,8,-8,0
19525.0,"Gilbertsville, PA",2022-04,7,-7,0
19525.0,"Gilbertsville, PA",2022-05,6,-6,0
19525.0,"Gilbertsville, PA",2022-06,5,-5,0
19525.0,"Gilbertsville, PA",2022-07,4,-4,0
19525.0,"Gilbertsville, PA",2022-08,3,-3,0
19525.0,"Gilbertsville, PA",2022-09,2,-2,0
19525.0,"Gilbertsville, PA",2022-10,1,-1,0
19525.0,"Gilbertsville, PA",2022-11,0,0,1
19525.0,"Gilbertsville, PA",2022-12,-1,1,0
19526.0,"Hamburg, PA",2022-01,10,-10,0
19526.0,"Hamburg, PA",2022-02,9,-9,0
19526.0,"Hamburg, PA",2022-03,8,-8,0
19526.0,"Hamburg, PA",2022-04,7,-7,0
19526.0,"Hamburg, PA",2022-05,6,-6,0
19526.0,"Hamburg, PA",2022-06,5,-5,0
19526.0,"Hamburg, PA",2022-07,4,-4,0
19526.0,"Hamburg, PA",2022-08,3,-3,0
19526.0,"Hamburg, PA",2022-09,2,-2,0
19526.0,"Hamburg, PA",2022-10,1,-1,0
19526.0,"Hamburg, PA",2022-11,0,0,1
19526.0,"Hamburg, PA",2022-12,-1,1,0
19529.0,"Kempton, PA",2022-01,10,-10,0
19529.0,"Kempton, PA",2022-02,9,-9,0
19529.0,"Kempton, PA",2022-03,8,-8,0
19529.0,"Kempton, PA",2022-04,7,-7,0
19529.0,"Kempton, PA",2022-05,6,-6,0
19529.0,"Kempton, PA",2022-06,5,-5,0
19529.0,"Kempton, PA",2022-07,4,-4,0
19529.0,"Kempton, PA",2022-08,3,-3,0
19529.0,"Kempton, PA",2022-09,2,-2,0
19529.0,"Kempton, PA",2022-10,1,-1,0
19529.0,"Kempton, PA",2022-11,0,0,1
19529.0,"Kempton, PA",2022-12,-1,1,0
19530.0,"Kutztown, PA",2022-01,10,-10,0
19530.0,"Kutztown, PA",2022-02,9,-9,0
19530.0,"Kutztown, PA",2022-03,8,-8,0
19530.0,"Kutztown, PA",2022-04,7,-7,0
19530.0,"Kutztown, PA",2022-05,6,-6,0
19530.0,"Kutztown, PA",2022-06,5,-5,0
19530.0,"Kutztown, PA",2022-07,4,-4,0
19530.0,"Kutztown, PA",2022-08,3,-3,0
19530.0,"Kutztown, PA",2022-09,2,-2,0
19530.0,"Kutztown, PA",2022-10,1,-1,0
19530.0,"Kutztown, PA",2022-11,0,0,1
19530.0,"Kutztown, PA",2022-12,-1,1,0
19533.0,"Leesport, PA",2022-01,10,-10,0
19533.0,"Leesport, PA",2022-02,9,-9,0
19533.0,"Leesport, PA",2022-03,8,-8,0
19533.0,"Leesport, PA",2022-04,7,-7,0
19533.0,"Leesport, PA",2022-05,6,-6,0
19533.0,"Leesport, PA",2022-06,5,-5,0
19533.0,"Leesport, PA",2022-07,4,-4,0
19533.0,"Leesport, PA",2022-08,3,-3,0
19533.0,"Leesport, PA",2022-09,2,-2,0
19533.0,"Leesport, PA",2022-10,1,-1,0
19533.0,"Leesport, PA",2022-11,0,0,1
19533.0,"Leesport, PA",2022-12,-1,1,0
19534.0,"Lenhartsville, PA",2022-01,10,-10,0
19534.0,"Lenhartsville, PA",2022-02,9,-9,0
19534.0,"Lenhartsville, PA",2022-03,8,-8,0
19534.0,"Lenhartsville, PA",2022-04,7,-7,0
19534.0,"Lenhartsville, PA",2022-05,6,-6,0
19534.0,"Lenhartsville, PA",2022-06,5,-5,0
19534.0,"Lenhartsville, PA",2022-07,4,-4,0
19534.0,"Lenhartsville, PA",2022-08,3,-3,0
19534.0,"Lenhartsville, PA",2022-09,2,-2,0
19534.0,"Lenhartsville, PA",2022-10,1,-1,0
19534.0,"Lenhartsville, PA",2022-11,0,0,1
19534.0,"Lenhartsville, PA",2022-12,-1,1,0
19535.0,"Limekiln, PA",2022-01,10,-10,0
19535.0,"Limekiln, PA",2022-02,9,-9,0
19535.0,"Limekiln, PA",2022-03,8,-8,0
19535.0,"Limekiln, PA",2022-04,7,-7,0
19535.0,"Limekiln, PA",2022-05,6,-6,0
19535.0,"Limekiln, PA",2022-06,5,-5,0
19535.0,"Limekiln, PA",2022-07,4,-4,0
19535.0,"Limekiln, PA",2022-08,3,-3,0
19535.0,"Limekiln, PA",2022-09,2,-2,0
19535.0,"Limekiln, PA",2022-10,1,-1,0
19535.0,"Limekiln, PA",2022-11,0,0,1
19535.0,"Limekiln, PA",2022-12,-1,1,0
19536.0,"Lyon Station, PA",2022-01,10,-10,0
19536.0,"Lyon Station, PA",2022-02,9,-9,0
19536.0,"Lyon Station, PA",2022-03,8,-8,0
19536.0,"Lyon Station, PA",2022-04,7,-7,0
19536.0,"Lyon Station, PA",2022-05,6,-6,0
19536.0,"Lyon Station, PA",2022-06,5,-5,0
19536.0,"Lyon Station, PA",2022-07,4,-4,0
19536.0,"Lyon Station, PA",2022-08,3,-3,0
19536.0,"Lyon Station, PA",2022-09,2,-2,0
19536.0,"Lyon Station, PA",2022-10,1,-1,0
19536.0,"Lyon Station, PA",2022-11,0,0,1
19536.0,"Lyon Station, PA",2022-12,-1,1,0
19538.0,"Maxatawny, PA",2022-01,10,-10,0
19538.0,"Maxatawny, PA",2022-02,9,-9,0
19538.0,"Maxatawny, PA",2022-03,8,-8,0
19538.0,"Maxatawny, PA",2022-04,7,-7,0
19538.0,"Maxatawny, PA",2022-05,6,-6,0
19538.0,"Maxatawny, PA",2022-06,5,-5,0
19538.0,"Maxatawny, PA",2022-07,4,-4,0
19538.0,"Maxatawny, PA",2022-08,3,-3,0
19538.0,"Maxatawny, PA",2022-09,2,-2,0
19538.0,"Maxatawny, PA",2022-10,1,-1,0
19538.0,"Maxatawny, PA",2022-11,0,0,1
19538.0,"Maxatawny, PA",2022-12,-1,1,0
19539.0,"Mertztown, PA",2022-01,10,-10,0
19539.0,"Mertztown, PA",2022-02,9,-9,0
19539.0,"Mertztown, PA",2022-03,8,-8,0
19539.0,"Mertztown, PA",2022-04,7,-7,0
19539.0,"Mertztown, PA",2022-05,6,-6,0
19539.0,"Mertztown, PA",2022-06,5,-5,0
19539.0,"Mertztown, PA",2022-07,4,-4,0
19539.0,"Mertztown, PA",2022-08,3,-3,0
19539.0,"Mertztown, PA",2022-09,2,-2,0
19539.0,"Mertztown, PA",2022-10,1,-1,0
19539.0,"Mertztown, PA",2022-11,0,0,1
19539.0,"Mertztown, PA",2022-12,-1,1,0
19540.0,"Mohnton, PA",2022-01,10,-10,0
19540.0,"Mohnton, PA",2022-02,9,-9,0
19540.0,"Mohnton, PA",2022-03,8,-8,0
19540.0,"Mohnton, PA",2022-04,7,-7,0
19540.0,"Mohnton, PA",2022-05,6,-6,0
19540.0,"Mohnton, PA",2022-06,5,-5,0
19540.0,"Mohnton, PA",2022-07,4,-4,0
19540.0,"Mohnton, PA",2022-08,3,-3,0
19540.0,"Mohnton, PA",2022-09,2,-2,0
19540.0,"Mohnton, PA",2022-10,1,-1,0
19540.0,"Mohnton, PA",2022-11,0,0,1
19540.0,"Mohnton, PA",2022-12,-1,1,0
19541.0,"Mohrsville, PA",2022-01,10,-10,0
19541.0,"Mohrsville, PA",2022-02,9,-9,0
19541.0,"Mohrsville, PA",2022-03,8,-8,0
19541.0,"Mohrsville, PA",2022-04,7,-7,0
19541.0,"Mohrsville, PA",2022-05,6,-6,0
19541.0,"Mohrsville, PA",2022-06,5,-5,0
19541.0,"Mohrsville, PA",2022-07,4,-4,0
19541.0,"Mohrsville, PA",2022-08,3,-3,0
19541.0,"Mohrsville, PA",2022-09,2,-2,0
19541.0,"Mohrsville, PA",2022-10,1,-1,0
19541.0,"Mohrsville, PA",2022-11,0,0,1
19541.0,"Mohrsville, PA",2022-12,-1,1,0
19543.0,"Morgantown, PA",2022-01,10,-10,0
19543.0,"Morgantown, PA",2022-02,9,-9,0
19543.0,"Morgantown, PA",2022-03,8,-8,0
19543.0,"Morgantown, PA",2022-04,7,-7,0
19543.0,"Morgantown, PA",2022-05,6,-6,0
19543.0,"Morgantown, PA",2022-06,5,-5,0
19543.0,"Morgantown, PA",2022-07,4,-4,0
19543.0,"Morgantown, PA",2022-08,3,-3,0
19543.0,"Morgantown, PA",2022-09,2,-2,0
19543.0,"Morgantown, PA",2022-10,1,-1,0
19543.0,"Morgantown, PA",2022-11,0,0,1
19543.0,"Morgantown, PA",2022-12,-1,1,0
19544.0,"Mount Aetna, PA",2022-01,10,-10,0
19544.0,"Mount Aetna, PA",2022-02,9,-9,0
19544.0,"Mount Aetna, PA",2022-03,8,-8,0
19544.0,"Mount Aetna, PA",2022-04,7,-7,0
19544.0,"Mount Aetna, PA",2022-05,6,-6,0
19544.0,"Mount Aetna, PA",2022-06,5,-5,0
19544.0,"Mount Aetna, PA",2022-07,4,-4,0
19544.0,"Mount Aetna, PA",2022-08,3,-3,0
19544.0,"Mount Aetna, PA",2022-09,2,-2,0
19544.0,"Mount Aetna, PA",2022-10,1,-1,0
19544.0,"Mount Aetna, PA",2022-11,0,0,1
19544.0,"Mount Aetna, PA",2022-12,-1,1,0
19545.0,"New Berlinville, PA",2022-01,10,-10,0
19545.0,"New Berlinville, PA",2022-02,9,-9,0
19545.0,"New Berlinville, PA",2022-03,8,-8,0
19545.0,"New Berlinville, PA",2022-04,7,-7,0
19545.0,"New Berlinville, PA",2022-05,6,-6,0
19545.0,"New Berlinville, PA",2022-06,5,-5,0
19545.0,"New Berlinville, PA",2022-07,4,-4,0
19545.0,"New Berlinville, PA",2022-08,3,-3,0
19545.0,"New Berlinville, PA",2022-09,2,-2,0
19545.0,"New Berlinville, PA",2022-10,1,-1,0
19545.0,"New Berlinville, PA",2022-11,0,0,1
19545.0,"New Berlinville, PA",2022-12,-1,1,0
19547.0,"Oley, PA",2022-01,10,-10,0
19547.0,"Oley, PA",2022-02,9,-9,0
19547.0,"Oley, PA",2022-03,8,-8,0
19547.0,"Oley, PA",2022-04,7,-7,0
19547.0,"Oley, PA",2022-05,6,-6,0
19547.0,"Oley, PA",2022-06,5,-5,0
19547.0,"Oley, PA",2022-07,4,-4,0
19547.0,"Oley, PA",2022-08,3,-3,0
19547.0,"Oley, PA",2022-09,2,-2,0
19547.0,"Oley, PA",2022-10,1,-1,0
19547.0,"Oley, PA",2022-11,0,0,1
19547.0,"Oley, PA",2022-12,-1,1,0
19549.0,"Port Clinton, PA",2022-01,10,-10,0
19549.0,"Port Clinton, PA",2022-02,9,-9,0
19549.0,"Port Clinton, PA",2022-03,8,-8,0
19549.0,"Port Clinton, PA",2022-04,7,-7,0
19549.0,"Port Clinton, PA",2022-05,6,-6,0
19549.0,"Port Clinton, PA",2022-06,5,-5,0
19549.0,"Port Clinton, PA",2022-07,4,-4,0
19549.0,"Port Clinton, PA",2022-08,3,-3,0
19549.0,"Port Clinton, PA",2022-09,2,-2,0
19549.0,"Port Clinton, PA",2022-10,1,-1,0
19549.0,"Port Clinton, PA",2022-11,0,0,1
19549.0,"Port Clinton, PA",2022-12,-1,1,0
19550.0,"Rehrersburg, PA",2022-01,10,-10,0
19550.0,"Rehrersburg, PA",2022-02,9,-9,0
19550.0,"Rehrersburg, PA",2022-03,8,-8,0
19550.0,"Rehrersburg, PA",2022-04,7,-7,0
19550.0,"Rehrersburg, PA",2022-05,6,-6,0
19550.0,"Rehrersburg, PA",2022-06,5,-5,0
19550.0,"Rehrersburg, PA",2022-07,4,-4,0
19550.0,"Rehrersburg, PA",2022-08,3,-3,0
19550.0,"Rehrersburg, PA",2022-09,2,-2,0
19550.0,"Rehrersburg, PA",2022-10,1,-1,0
19550.0,"Rehrersburg, PA",2022-11,0,0,1
19550.0,"Rehrersburg, PA",2022-12,-1,1,0
19551.0,"Robesonia, PA",2022-01,10,-10,0
19551.0,"Robesonia, PA",2022-02,9,-9,0
19551.0,"Robesonia, PA",2022-03,8,-8,0
19551.0,"Robesonia, PA",2022-04,7,-7,0
19551.0,"Robesonia, PA",2022-05,6,-6,0
19551.0,"Robesonia, PA",2022-06,5,-5,0
19551.0,"Robesonia, PA",2022-07,4,-4,0
19551.0,"Robesonia, PA",2022-08,3,-3,0
19551.0,"Robesonia, PA",2022-09,2,-2,0
19551.0,"Robesonia, PA",2022-10,1,-1,0
19551.0,"Robesonia, PA",2022-11,0,0,1
19551.0,"Robesonia, PA",2022-12,-1,1,0
19554.0,"Shartlesville, PA",2022-01,10,-10,0
19554.0,"Shartlesville, PA",2022-02,9,-9,0
19554.0,"Shartlesville, PA",2022-03,8,-8,0
19554.0,"Shartlesville, PA",2022-04,7,-7,0
19554.0,"Shartlesville, PA",2022-05,6,-6,0
19554.0,"Shartlesville, PA",2022-06,5,-5,0
19554.0,"Shartlesville, PA",2022-07,4,-4,0
19554.0,"Shartlesville, PA",2022-08,3,-3,0
19554.0,"Shartlesville, PA",2022-09,2,-2,0
19554.0,"Shartlesville, PA",2022-10,1,-1,0
19554.0,"Shartlesville, PA",2022-11,0,0,1
19554.0,"Shartlesville, PA",2022-12,-1,1,0
19555.0,"Shoemakersville, PA",2022-01,10,-10,0
19555.0,"Shoemakersville, PA",2022-02,9,-9,0
19555.0,"Shoemakersville, PA",2022-03,8,-8,0
19555.0,"Shoemakersville, PA",2022-04,7,-7,0
19555.0,"Shoemakersville, PA",2022-05,6,-6,0
19555.0,"Shoemakersville, PA",2022-06,5,-5,0
19555.0,"Shoemakersville, PA",2022-07,4,-4,0
19555.0,"Shoemakersville, PA",2022-08,3,-3,0
19555.0,"Shoemakersville, PA",2022-09,2,-2,0
19555.0,"Shoemakersville, PA",2022-10,1,-1,0
19555.0,"Shoemakersville, PA",2022-11,0,0,1
19555.0,"Shoemakersville, PA",2022-12,-1,1,0
19559.0,"Strausstown, PA",2022-01,10,-10,0
19559.0,"Strausstown, PA",2022-02,9,-9,0
19559.0,"Strausstown, PA",2022-03,8,-8,0
19559.0,"Strausstown, PA",2022-04,7,-7,0
19559.0,"Strausstown, PA",2022-05,6,-6,0
19559.0,"Strausstown, PA",2022-06,5,-5,0
19559.0,"Strausstown, PA",2022-07,4,-4,0
19559.0,"Strausstown, PA",2022-08,3,-3,0
19559.0,"Strausstown, PA",2022-09,2,-2,0
19559.0,"Strausstown, PA",2022-10,1,-1,0
19559.0,"Strausstown, PA",2022-11,0,0,1
19559.0,"Strausstown, PA",2022-12,-1,1,0
19560.0,"Temple, PA",2022-01,10,-10,0
19560.0,"Temple, PA",2022-02,9,-9,0
19560.0,"Temple, PA",2022-03,8,-8,0
19560.0,"Temple, PA",2022-04,7,-7,0
19560.0,"Temple, PA",2022-05,6,-6,0
19560.0,"Temple, PA",2022-06,5,-5,0
19560.0,"Temple, PA",2022-07,4,-4,0
19560.0,"Temple, PA",2022-08,3,-3,0
19560.0,"Temple, PA",2022-09,2,-2,0
19560.0,"Temple, PA",2022-10,1,-1,0
19560.0,"Temple, PA",2022-11,0,0,1
19560.0,"Temple, PA",2022-12,-1,1,0
19562.0,"Topton, PA",2022-01,10,-10,0
19562.0,"Topton, PA",2022-02,9,-9,0
19562.0,"Topton, PA",2022-03,8,-8,0
19562.0,"Topton, PA",2022-04,7,-7,0
19562.0,"Topton, PA",2022-05,6,-6,0
19562.0,"Topton, PA",2022-06,5,-5,0
19562.0,"Topton, PA",2022-07,4,-4,0
19562.0,"Topton, PA",2022-08,3,-3,0
19562.0,"Topton, PA",2022-09,2,-2,0
19562.0,"Topton, PA",2022-10,1,-1,0
19562.0,"Topton, PA",2022-11,0,0,1
19562.0,"Topton, PA",2022-12,-1,1,0
19564.0,"Virginville, PA",2022-01,10,-10,0
19564.0,"Virginville, PA",2022-02,9,-9,0
19564.0,"Virginville, PA",2022-03,8,-8,0
19564.0,"Virginville, PA",2022-04,7,-7,0
19564.0,"Virginville, PA",2022-05,6,-6,0
19564.0,"Virginville, PA",2022-06,5,-5,0
19564.0,"Virginville, PA",2022-07,4,-4,0
19564.0,"Virginville, PA",2022-08,3,-3,0
19564.0,"Virginville, PA",2022-09,2,-2,0
19564.0,"Virginville, PA",2022-10,1,-1,0
19564.0,"Virginville, PA",2022-11,0,0,1
19564.0,"Virginville, PA",2022-12,-1,1,0
19565.0,"Wernersville, PA",2022-01,10,-10,0
19565.0,"Wernersville, PA",2022-02,9,-9,0
19565.0,"Wernersville, PA",2022-03,8,-8,0
19565.0,"Wernersville, PA",2022-04,7,-7,0
19565.0,"Wernersville, PA",2022-05,6,-6,0
19565.0,"Wernersville, PA",2022-06,5,-5,0
19565.0,"Wernersville, PA",2022-07,4,-4,0
19565.0,"Wernersville, PA",2022-08,3,-3,0
19565.0,"Wernersville, PA",2022-09,2,-2,0
19565.0,"Wernersville, PA",2022-10,1,-1,0
19565.0,"Wernersville, PA",2022-11,0,0,1
19565.0,"Wernersville, PA",2022-12,-1,1,0
19567.0,"Womelsdorf, PA",2022-01,10,-10,0
19567.0,"Womelsdorf, PA",2022-02,9,-9,0
19567.0,"Womelsdorf, PA",2022-03,8,-8,0
19567.0,"Womelsdorf, PA",2022-04,7,-7,0
19567.0,"Womelsdorf, PA",2022-05,6,-6,0
19567.0,"Womelsdorf, PA",2022-06,5,-5,0
19567.0,"Womelsdorf, PA",2022-07,4,-4,0
19567.0,"Womelsdorf, PA",2022-08,3,-3,0
19567.0,"Womelsdorf, PA",2022-09,2,-2,0
19567.0,"Womelsdorf, PA",2022-10,1,-1,0
19567.0,"Womelsdorf, PA",2022-11,0,0,1
19567.0,"Womelsdorf, PA",2022-12,-1,1,0
19601.0,"Reading, PA",2022-01,10,-10,0
19601.0,"Reading, PA",2022-02,9,-9,0
19601.0,"Reading, PA",2022-03,8,-8,0
19601.0,"Reading, PA",2022-04,7,-7,0
19601.0,"Reading, PA",2022-05,6,-6,0
19601.0,"Reading, PA",2022-06,5,-5,0
19601.0,"Reading, PA",2022-07,4,-4,0
19601.0,"Reading, PA",2022-08,3,-3,0
19601.0,"Reading, PA",2022-09,2,-2,0
19601.0,"Reading, PA",2022-10,1,-1,0
19601.0,"Reading, PA",2022-11,0,0,1
19601.0,"Reading, PA",2022-12,-1,1,0
19602.0,"Reading, PA",2022-01,10,-10,0
19602.0,"Reading, PA",2022-02,9,-9,0
19602.0,"Reading, PA",2022-03,8,-8,0
19602.0,"Reading, PA",2022-04,7,-7,0
19602.0,"Reading, PA",2022-05,6,-6,0
19602.0,"Reading, PA",2022-06,5,-5,0
19602.0,"Reading, PA",2022-07,4,-4,0
19602.0,"Reading, PA",2022-08,3,-3,0
19602.0,"Reading, PA",2022-09,2,-2,0
19602.0,"Reading, PA",2022-10,1,-1,0
19602.0,"Reading, PA",2022-11,0,0,1
19602.0,"Reading, PA",2022-12,-1,1,0
19604.0,"Reading, PA",2022-01,10,-10,0
19604.0,"Reading, PA",2022-02,9,-9,0
19604.0,"Reading, PA",2022-03,8,-8,0
19604.0,"Reading, PA",2022-04,7,-7,0
19604.0,"Reading, PA",2022-05,6,-6,0
19604.0,"Reading, PA",2022-06,5,-5,0
19604.0,"Reading, PA",2022-07,4,-4,0
19604.0,"Reading, PA",2022-08,3,-3,0
19604.0,"Reading, PA",2022-09,2,-2,0
19604.0,"Reading, PA",2022-10,1,-1,0
19604.0,"Reading, PA",2022-11,0,0,1
19604.0,"Reading, PA",2022-12,-1,1,0
19605.0,"Reading, PA",2022-01,10,-10,0
19605.0,"Reading, PA",2022-02,9,-9,0
19605.0,"Reading, PA",2022-03,8,-8,0
19605.0,"Reading, PA",2022-04,7,-7,0
19605.0,"Reading, PA",2022-05,6,-6,0
19605.0,"Reading, PA",2022-06,5,-5,0
19605.0,"Reading, PA",2022-07,4,-4,0
19605.0,"Reading, PA",2022-08,3,-3,0
19605.0,"Reading, PA",2022-09,2,-2,0
19605.0,"Reading, PA",2022-10,1,-1,0
19605.0,"Reading, PA",2022-11,0,0,1
19605.0,"Reading, PA",2022-12,-1,1,0
19606.0,"Reading, PA",2022-01,10,-10,0
19606.0,"Reading, PA",2022-02,9,-9,0
19606.0,"Reading, PA",2022-03,8,-8,0
19606.0,"Reading, PA",2022-04,7,-7,0
19606.0,"Reading, PA",2022-05,6,-6,0
19606.0,"Reading, PA",2022-06,5,-5,0
19606.0,"Reading, PA",2022-07,4,-4,0
19606.0,"Reading, PA",2022-08,3,-3,0
19606.0,"Reading, PA",2022-09,2,-2,0
19606.0,"Reading, PA",2022-10,1,-1,0
19606.0,"Reading, PA",2022-11,0,0,1
19606.0,"Reading, PA",2022-12,-1,1,0
19607.0,"Reading, PA",2022-01,10,-10,0
19607.0,"Reading, PA",2022-02,9,-9,0
19607.0,"Reading, PA",2022-03,8,-8,0
19607.0,"Reading, PA",2022-04,7,-7,0
19607.0,"Reading, PA",2022-05,6,-6,0
19607.0,"Reading, PA",2022-06,5,-5,0
19607.0,"Reading, PA",2022-07,4,-4,0
19607.0,"Reading, PA",2022-08,3,-3,0
19607.0,"Reading, PA",2022-09,2,-2,0
19607.0,"Reading, PA",2022-10,1,-1,0
19607.0,"Reading, PA",2022-11,0,0,1
19607.0,"Reading, PA",2022-12,-1,1,0
19608.0,"Reading, PA",2022-01,10,-10,0
19608.0,"Reading, PA",2022-02,9,-9,0
19608.0,"Reading, PA",2022-03,8,-8,0
19608.0,"Reading, PA",2022-04,7,-7,0
19608.0,"Reading, PA",2022-05,6,-6,0
19608.0,"Reading, PA",2022-06,5,-5,0
19608.0,"Reading, PA",2022-07,4,-4,0
19608.0,"Reading, PA",2022-08,3,-3,0
19608.0,"Reading, PA",2022-09,2,-2,0
19608.0,"Reading, PA",2022-10,1,-1,0
19608.0,"Reading, PA",2022-11,0,0,1
19608.0,"Reading, PA",2022-12,-1,1,0
19609.0,"Reading, PA",2022-01,10,-10,0
19609.0,"Reading, PA",2022-02,9,-9,0
19609.0,"Reading, PA",2022-03,8,-8,0
19609.0,"Reading, PA",2022-04,7,-7,0
19609.0,"Reading, PA",2022-05,6,-6,0
19609.0,"Reading, PA",2022-06,5,-5,0
19609.0,"Reading, PA",2022-07,4,-4,0
19609.0,"Reading, PA",2022-08,3,-3,0
19609.0,"Reading, PA",2022-09,2,-2,0
19609.0,"Reading, PA",2022-10,1,-1,0
19609.0,"Reading, PA",2022-11,0,0,1
19609.0,"Reading, PA",2022-12,-1,1,0
19610.0,"Reading, PA",2022-01,10,-10,0
19610.0,"Reading, PA",2022-02,9,-9,0
19610.0,"Reading, PA",2022-03,8,-8,0
19610.0,"Reading, PA",2022-04,7,-7,0
19610.0,"Reading, PA",2022-05,6,-6,0
19610.0,"Reading, PA",2022-06,5,-5,0
19610.0,"Reading, PA",2022-07,4,-4,0
19610.0,"Reading, PA",2022-08,3,-3,0
19610.0,"Reading, PA",2022-09,2,-2,0
19610.0,"Reading, PA",2022-10,1,-1,0
19610.0,"Reading, PA",2022-11,0,0,1
19610.0,"Reading, PA",2022-12,-1,1,0
19611.0,"Reading, PA",2022-01,10,-10,0
19611.0,"Reading, PA",2022-02,9,-9,0
19611.0,"Reading, PA",2022-03,8,-8,0
19611.0,"Reading, PA",2022-04,7,-7,0
19611.0,"Reading, PA",2022-05,6,-6,0
19611.0,"Reading, PA",2022-06,5,-5,0
19611.0,"Reading, PA",2022-07,4,-4,0
19611.0,"Reading, PA",2022-08,3,-3,0
19611.0,"Reading, PA",2022-09,2,-2,0
19611.0,"Reading, PA",2022-10,1,-1,0
19611.0,"Reading, PA",2022-11,0,0,1
19611.0,"Reading, PA",2022-12,-1,1,0
